timestep,episodic_return
1000,0.0
2001,0.0
3002,13.248558454834889
4003,0.0
5004,3.608443775352498
6005,0.0
7006,0.0
8007,0.0
9008,12.531964768402135
10009,0.0
11010,13.544764098757778
12011,0.0
13012,0.0
14013,0.0
15014,0.0
16015,0.0
17016,0.0
18017,0.0
19018,0.0
20019,13.304746748493677
21020,0.0
22021,0.0
23022,0.0
24023,0.0
25024,0.0
26025,0.0
27026,0.0
28027,4.3291059608505655
29028,0.0
30029,0.0
31030,0.0
32031,0.0
33032,0.0
34033,0.0
35034,0.0
36035,0.0
37036,19.822656041651946
38037,0.0
39038,0.0
40039,6.382368182219137
41040,0.0
42041,0.0
43042,0.0
44043,0.0
45044,0.0
46045,0.0
47046,13.340338929383481
48047,9.87336011806623
49048,0.0
50049,0.0
51050,0.0
52051,0.0
53052,0.0
54053,0.0
55054,0.0
56055,0.0
57056,0.0
58057,0.0
59058,0.0
60059,0.0
61060,0.0
62061,0.0
63062,0.0
64063,0.0
65064,0.0
66065,0.0
67066,0.0
68067,0.0
69068,0.0
70069,0.0
71070,0.0
72071,0.0
73072,0.0
74073,0.0
75074,0.0
76075,0.0
77076,0.0
78077,0.0
79078,13.43739312046351
80079,0.0
81080,0.0
82081,0.0
83082,0.0
84083,0.0
85084,0.0
86085,0.0
87086,11.839280846527268
88087,0.0
89088,0.0
90089,0.0
91090,0.0
92091,0.0
93092,0.0
94093,0.0
95094,0.0
96095,0.0
97096,0.0
98097,10.650547624919579
99098,0.0
100099,0.0
101100,0.0
102101,0.0
103102,0.0
104103,0.0
105104,0.0
106105,0.0
107106,0.0
108107,0.0
109108,0.0
110109,0.0
111110,0.0
112111,0.0
113112,0.0
114113,0.0
115114,0.0
116115,0.0
117116,0.0
118117,0.0
119118,0.0
120119,0.0
121120,0.0
122121,0.0
123122,0.0
124123,0.0
125124,8.017596340147477
126125,0.0
127126,0.0
128127,0.0
129128,0.0
130129,0.0
131130,0.0
132131,0.0
133132,0.0
134133,0.0
135134,0.0
136135,5.340587801498357
137136,0.0
138137,0.0
139138,0.0
140139,0.0
141140,0.0
142141,0.0
143142,0.0
144143,0.0
145144,0.0
146145,0.0
147146,0.0
148147,10.576813305861165
149148,0.0
150149,0.0
151150,0.0
152151,0.0
153152,0.0
154153,0.0
155154,0.0
156155,0.0
157156,0.0
158157,2.7085762630040846
159158,0.0
160159,0.0
161160,0.0
162161,0.0
163162,0.0
164163,0.0
165164,0.0
166165,0.0
167166,0.0
168167,0.0
169168,0.0
170169,0.0
171170,0.0
172171,0.0
173172,5.294734081506603
174173,0.0
175174,0.0
176175,0.0
177176,0.0
178177,0.0
179178,0.0
180179,0.0
181180,0.0
182181,1.925816473033168
183182,0.0
184183,0.0
185184,0.0
186185,7.235477364427635
187186,0.0
188187,0.0
189188,3.5941574293705694
190189,0.0
191190,0.0
192191,0.0
193192,0.0
194193,0.0
195194,0.0
196195,0.0
197196,0.0
198197,0.0
199198,11.875863336252712
200199,0.0
201200,0.0
202201,0.0
203202,0.0
204203,0.0
205204,12.606114657017507
206205,11.72484956609122
207206,0.0
208207,0.0
209208,0.0
210209,0.0
211210,0.0
212211,0.0
213212,0.0
214213,9.825549626424381
215214,0.0
216215,8.028955663777682
217216,0.0
218217,0.0
219218,0.0
220219,11.654835381738147
221220,0.0
222221,0.0
223222,0.0
224223,0.0
225224,0.0
226225,0.0
227226,0.0
228227,0.0
229228,0.0
230229,0.0
231230,0.0
232231,0.0
233232,0.0
234233,0.0
235234,0.0
236235,0.0
237236,0.0
238237,0.0
239238,0.0
240239,0.0
241240,0.0
242241,0.0
243242,0.0
244243,0.0
245244,0.0
246245,0.0
247246,0.0
248247,5.199609908192959
249248,0.0
250249,0.0
251250,0.0
252251,11.782881994767367
253252,6.358630690874361
254253,0.0
255254,0.0
256255,0.0
257256,25.379162895947328
258257,0.0
259258,0.0
260259,13.447139754661649
261260,5.456685159416253
262261,0.0
263262,0.0
264263,12.740877969861423
265264,0.0
266265,0.0
267266,0.0
268267,0.0
269268,8.246271696715892
270269,0.0
271270,0.0
272271,0.0
273272,0.0
274273,0.0
275274,0.0
276275,0.0
277276,0.0
278277,0.0
279278,0.0
280279,3.5313411437911375
281280,0.0
282281,0.0
283282,0.0
284283,0.0
285284,0.0
286285,0.0
287286,0.0
288287,0.0
289288,0.0
290289,0.0
291290,0.0
292291,0.0
293292,0.0
294293,0.0
295294,0.0
296295,0.0
297296,0.0
298297,0.0
299298,0.0
300299,8.127154471381356
301300,0.0
302301,0.0
303302,6.466856851033508
304303,10.987225486199009
305304,0.0
306305,0.0
307306,0.0
308307,0.0
309308,0.0
310309,13.810014227612367
311310,10.546843079374273
312311,0.0
313312,0.0
314313,0.0
315314,0.0
316315,12.614004462695705
317316,0.0
318317,0.0
319318,0.0
320319,0.0
321320,0.0
322321,0.0
323322,0.0
324323,0.0
325324,0.0
326325,0.0
327326,0.0
328327,0.0
329328,0.0
330329,0.0
331330,0.0
332331,27.664342840713143
333332,0.0
334333,0.0
335334,0.0
336335,0.0
337336,0.0
338337,0.0
339338,0.0
340339,0.0
341340,0.0
342341,0.0
343342,0.0
344343,0.0
345344,0.0
346345,0.0
347346,0.0
348347,0.0
349348,16.200071025573646
350349,0.0
351350,0.0
352351,0.0
353352,0.0
354353,8.738064095237897
355354,7.242991088541124
356355,0.0
357356,0.0
358357,0.0
359358,1.734971736199749
360359,8.036946293630951
361360,19.94100218953667
362361,0.0
363362,0.0
364363,0.0
365364,0.0
366365,0.0
367366,0.0
368367,0.0
369368,0.0
370369,0.0
371370,0.0
372371,0.0
373372,25.12020807215333
374373,0.0
375374,0.0
376375,0.0
377376,0.0
378377,0.0
379378,0.0
380379,0.0
381380,0.0
382381,12.574816103859506
383382,0.0
384383,0.0
385384,0.0
386385,0.0
387386,0.0
388387,6.252606546234602
389388,0.0
390389,0.0
391390,0.0
392391,0.0
393392,0.0
394393,0.0
395394,0.0
396395,0.0
397396,0.0
398397,1.7664729993313362
399398,0.0
400399,9.10721204164782
401400,0.0
402401,0.0
403402,0.0
404403,0.0
405404,0.0
406405,0.0
407406,0.0
408407,0.0
409408,0.0
410409,0.0
411410,0.0
412411,0.0
413412,9.8795504703221
414413,0.0
415414,0.0
416415,0.0
417416,0.0
418417,0.0
419418,0.0
420419,0.0
421420,0.0
422421,0.0
423422,0.0
424423,0.0
425424,0.0
426425,7.2626297957577455
427426,0.0
428427,24.372287761519207
429428,10.885531221701394
430429,0.0
431430,0.0
432431,0.0
433432,6.954082707223998
434433,0.0
435434,10.83870845913408
436435,0.0
437436,0.0
438437,0.0
439438,0.0
440439,0.0
441440,0.0
442441,30.80960581157723
443442,0.0
444443,0.0
445444,0.0
446445,0.0
447446,0.0
448447,0.0
449448,0.0
450449,0.0
451450,0.0
452451,0.0
453452,0.0
454453,0.0
455454,0.0
456455,0.0
457456,0.0
458457,0.0
459458,0.0
460459,0.0
461460,0.0
462461,14.580350987369293
463462,0.0
464463,0.0
465464,0.0
466465,0.0
467466,0.0
468467,0.0
469468,0.0
470469,0.0
471470,0.0
472471,0.0
473472,0.0
474473,0.0
475474,0.0
476475,0.0
477476,0.0
478477,0.0
479478,0.0
480479,2.5596883231274745
481480,0.0
482481,0.0
483482,13.615780964666373
484483,0.0
485484,0.0
486485,0.0
487486,0.0
488487,0.0
489488,0.0
490489,6.3580469348563335
491490,6.185874940875982
492491,0.0
493492,0.0
494493,0.0
495494,0.0
496495,0.0
497496,0.0
498497,0.0
499498,0.0
500499,0.0
501500,0.0
502501,0.0
503502,3.5530948338759067
504503,0.0
505504,0.0
506505,0.0
507506,0.0
508507,0.0
509508,16.42528944887098
510509,0.0
511510,0.0
512511,0.0
513512,0.0
514513,0.0
515514,0.0
516515,0.0
517516,0.0
518517,0.0
519518,0.0
520519,0.0
521520,0.0
522521,0.0
523522,0.0
524523,10.03416113706572
525524,0.0
526525,4.2691884089551175
527526,0.0
528527,0.0
529528,0.0
530529,0.0
531530,4.594579999988586
532531,0.0
533532,0.0
534533,0.0
535534,0.0
536535,0.0
537536,0.0
538537,12.526914526798713
539538,0.0
540539,15.575550729802643
541540,0.0
542541,0.0
543542,0.0
544543,0.0
545544,0.0
546545,0.0
547546,0.0
548547,0.0
549548,0.0
550549,7.210930057259797
551550,0.0
552551,0.0
553552,9.061656231317283
554553,9.087507559664814
555554,0.0
556555,0.0
557556,6.234569791537308
558557,0.0
559558,0.0
560559,0.0
561560,0.0
562561,0.0
563562,0.0
564563,7.221944502903947
565564,4.409930624722317
566565,0.0
567566,0.0
568567,8.191350001570077
569568,3.499865792666916
570569,0.0
571570,0.0
572571,0.0
573572,0.0
574573,0.0
575574,9.972361243051607
576575,0.0
577576,0.0
578577,0.0
579578,10.794381372990612
580579,0.0
581580,0.0
582581,0.0
583582,0.0
584583,0.0
585584,21.505458744483306
586585,0.0
587586,0.0
588587,8.285131310894025
589588,5.343069388162428
590589,0.0
591590,0.0
592591,0.0
593592,7.3947175654748625
594593,0.0
595594,1.851141954803241
596595,0.0
597596,0.0
598597,0.0
599598,0.0
600599,0.0
601600,0.0
602601,0.0
603602,0.0
604603,0.0
605604,0.0
606605,0.0
607606,0.0
608607,0.0
609608,0.0
610609,0.0
611610,0.0
612611,0.0
613612,0.0
614613,0.0
615614,18.242477056224043
616615,8.953334739729138
617616,0.0
618617,0.0
619618,0.0
620619,0.0
621620,6.240419228558449
622621,0.0
623622,0.0
624623,0.0
625624,0.0
626625,0.0
627626,0.0
628627,0.0
629628,0.0
630629,0.0
631630,0.0
632631,0.0
633632,0.0
634633,0.0
635634,18.627620227340586
636635,16.212771700152487
637636,11.960336932664527
638637,0.0
639638,0.0
640639,0.0
641640,0.0
642641,0.0
643642,0.0
644643,0.0
645644,0.0
646645,0.0
647646,0.0
648647,0.0
649648,11.025899832805406
650649,8.149013090215051
651650,0.0
652651,0.0
653652,0.0
654653,9.17585401644662
655654,0.0
656655,8.198457963153125
657656,0.0
658657,8.178285927123744
659658,1.8964722115700177
660659,0.0
661660,0.0
662661,0.0
663662,0.0
664663,0.0
665664,0.0
666665,16.394626958119126
667666,0.9198821436640255
668667,0.0
669668,0.0
670669,10.877440845878866
671670,7.114843165558472
672671,5.153992225037492
673672,0.0
674673,0.0
675674,0.0
676675,0.0
677676,0.0
678677,0.0
679678,0.0
680679,0.0
681680,0.0
682681,0.0
683682,0.0
684683,0.0
685684,7.390535082813528
686685,0.0
687686,0.0
688687,8.928535683921954
689688,0.0
690689,0.0
691690,0.0
692691,5.423720807931056
693692,0.0
694693,7.236282801017484
695694,0.0
696695,0.0
697696,0.0
698697,0.0
699698,0.0
700699,0.0
701700,0.0
702701,0.0
703702,0.0
704703,6.35402682754871
705704,13.392023291163284
706705,0.0
707706,0.0
708707,0.0
709708,8.094606605708096
710709,0.0
711710,0.0
712711,0.0
713712,0.0
714713,0.0
715714,0.0
716715,7.437290046312475
717716,0.0
718717,0.0
719718,0.0
720719,0.0
721720,0.0
722721,0.0
723722,0.0
724723,0.0
725724,9.060889118822814
726725,0.0
727726,0.0
728727,0.0
729728,0.0
730729,0.0
731730,6.5239450269726715
732731,0.0
733732,0.0
734733,0.0
735734,0.0
736735,0.0
737736,0.0
738737,6.32400734953852
739738,0.0
740739,0.0
741740,0.0
742741,0.0
743742,0.0
744743,0.0
745744,0.0
746745,8.445563971799324
747746,0.0
748747,8.284948019932445
749748,0.0
750749,0.0
751750,0.0
752751,0.0
753752,6.156210088635851
754753,0.0
755754,0.0
756755,14.45360583776274
757756,0.0
758757,1.7515740982376466
759758,0.0
760759,0.0
761760,0.0
762761,0.0
763762,0.0
764763,0.0
765764,0.0
766765,4.542195718827756
767766,0.0
768767,0.0
769768,1.8591230593908836
770769,0.0
771770,5.480795145540086
772771,0.0
773772,0.0
774773,0.0
775774,0.0
776775,0.0
777776,0.0
778777,0.0
779778,2.776568160605488
780779,0.0
781780,20.021704783487724
782781,0.0
783782,2.7323254693053034
784783,0.0
785784,0.0
786785,1.8039393117380296
787786,7.132528105082743
788787,5.529162135531576
789788,0.0
790789,8.032753683004117
791790,3.5869322879409724
792791,15.489668647165834
793792,0.0
794793,0.0
795794,10.770707512232361
796795,36.95252592554065
797796,0.0
798797,0.0
799798,6.325369703857637
800799,0.0
801800,0.0
802801,0.0
803802,0.0
804803,1.7559166640899995
805804,0.0
806805,0.0
807806,0.0
808807,0.0
809808,0.0
810809,0.0
811810,6.450087916616437
812811,0.0
813812,0.0
814813,0.0
815814,0.0
816815,0.0
817816,0.0
818817,0.0
819818,0.0
820819,0.0
821820,0.0
822821,0.0
823822,4.530717826489557
824823,15.284281468941925
825824,0.0
826825,0.0
827826,0.0
828827,0.0
829828,0.0
830829,13.462457755608352
831830,0.0
832831,0.0
833832,0.0
834833,6.338164618549665
835834,21.771325936097732
836835,0.0
837836,0.0
838837,1.8429475794185843
839838,0.0
840839,0.0
841840,0.0
842841,0.0
843842,14.14690808446117
844843,0.0
845844,0.0
846845,20.07901089523749
847846,0.0
848847,11.88689063149561
849848,0.0
850849,0.0
851850,22.704236910686806
852851,0.0
853852,0.0
854853,0.0
855854,0.0
856855,0.0
857856,0.0
858857,0.0
859858,0.0
860859,0.0
861860,0.0
862861,0.0
863862,13.605822414792
864863,11.640993889621079
865864,0.0
866865,0.0
867866,0.0
868867,0.0
869868,0.0
870869,0.0
871870,0.0
872871,23.533224100192296
873872,0.0
874873,0.0
875874,11.93326341999508
876875,0.0
877876,4.55038663860231
878877,11.030552094230005
879878,4.524583966554095
880879,0.0
881880,0.0
882881,3.5717508147905783
883882,0.0
884883,0.0
885884,0.0
886885,0.0
887886,5.165499720577476
888887,0.0
889888,22.596007171302652
890889,0.0
891890,0.0
892891,0.0
893892,0.0
894893,0.0
895894,0.0
896895,17.928075339743494
897896,0.0
898897,0.0
899898,0.0
900899,0.0
901900,0.0
902901,31.71425844171545
903902,17.50161431977644
904903,0.0
905904,8.955824096366776
906905,9.051066245398419
907906,0.0
908907,0.0
909908,0.0
910909,31.684669772720618
911910,0.0
912911,0.0
913912,24.492428677548514
914913,3.586127586876578
915914,0.0
916915,0.0
917916,0.0
918917,0.0
919918,0.0
920919,10.299816644142924
921920,0.0
922921,0.0
923922,12.915523085786422
924923,14.641100838003297
925924,5.296393801292628
926925,0.0
927926,0.0
928927,0.0
929928,0.0
930929,0.0
931930,0.0
932931,0.0
933932,0.0
934933,0.0
935934,0.0
936935,5.404304142054777
937936,0.0
938937,0.0
939938,0.0
940939,17.15288609350254
941940,0.0
942941,0.0
943942,5.3165078641809185
944943,0.0
945944,7.432850388520053
946945,0.0
947946,0.0
948947,27.62588661341432
949948,27.548429571768132
950949,0.0
951950,0.0
952951,0.0
953952,0.0
954953,0.0
955954,0.0
956955,0.0
957956,3.602961513071962
958957,25.014615922361614
959958,11.728809240008294
960959,22.67398767308047
961960,20.14363108149912
962961,0.0
963962,0.0
964963,0.0
965964,0.0
966965,29.127783743958855
967966,18.32290345147746
968967,0.0
969968,0.0
970969,11.560241259589581
971970,11.478056744845315
972971,0.0
973972,0.0
974973,0.0
975974,0.0
976975,0.0
977976,0.0
978977,0.0
979978,8.851250340663876
980979,0.0
981980,0.0
982981,0.0
983982,0.0
984983,8.924546146248096
985984,0.0
986985,0.0
987986,0.0
988987,0.0
989988,0.0
990989,0.0
991990,0.0
992991,0.0
993992,12.615440418232923
994993,8.26047270116822
995994,7.248350938221841
996995,0.0
997996,8.887446788267575
998997,0.0
999998,0.0
1000999,0.0
1002000,0.0
1003001,0.0
1004002,3.5476803059629836
1005003,0.0
1006004,11.452650249399916
1007005,0.0
1008006,23.57610817937461
1009007,0.0
1010008,6.266518483674109
1011009,12.023971391994241
1012010,16.20332794260307
1013011,0.0
1014012,0.0
1015013,0.0
1016014,0.0
1017015,0.0
1018016,0.0
1019017,6.274650370997091
1020018,0.0
1021019,9.138063517335235
1022020,0.0
1023021,0.0
1024022,0.0
1025023,2.6766086963443816
1026024,0.0
1027025,0.0
1028026,6.339266790861104
1029027,0.0
1030028,0.0
1031029,0.0
1032030,0.0
1033031,24.277450858212852
1034032,0.0
1035033,0.0
1036034,0.0
1037035,0.0
1038036,0.0
1039037,0.0
1040038,0.0
1041039,0.0
1042040,15.390915376897496
1043041,0.0
1044042,44.880467315628124
1045043,0.0
1046044,47.246857583011895
1047045,25.2282672936589
1048046,0.0
1049047,36.16474996683055
1050048,0.0
1051049,0.0
1052050,34.81915125196861
1053051,15.448274226726435
1054052,7.340349561844249
1055053,14.285555210280075
1056054,0.0
1057055,10.522357290232259
1058056,0.0
1059057,0.0
1060058,0.0
1061059,0.0
1062060,1.736655271373138
1063061,8.860974947894997
1064062,0.0
1065063,17.05058499502423
1066064,0.0
1067065,35.199387875638294
1068066,0.0
1069067,0.0
1070068,41.222190097095044
1071069,0.0
1072070,0.0
1073071,0.0
1074072,13.437668214026392
1075073,0.0
1076074,11.797734730174671
1077075,15.0489365879472
1078076,40.99604879803068
1079077,0.0
1080078,0.0
1081079,0.0
1082080,30.317467734397184
1083081,0.0
1084082,0.0
1085083,0.0
1086084,11.462437880204458
1087085,0.0
1088086,0.0
1089087,0.0
1090088,0.0
1091089,14.465774896803985
1092090,11.848669881855358
1093091,0.0
1094092,0.0
1095093,0.0
1096094,0.0
1097095,0.0
1098096,13.06815500382878
1099097,0.0
1100098,0.0
1101099,0.0
1102100,0.0
1103101,0.0
1104102,0.0
1105103,0.0
1106104,17.89802488981832
1107105,15.301045221200646
1108106,10.887514332048443
1109107,0.0
1110108,0.0
1111109,9.65313708188433
1112110,0.0
1113111,9.083226362191596
1114112,0.0
1115113,0.0
1116114,35.267603460996064
1117115,14.80453315751242
1118116,12.814879407474086
1119117,0.0
1120118,20.25122765017377
1121119,0.0
1122120,0.0
1123121,0.0
1124122,25.374381057888197
1125123,21.08969212454153
1126124,0.0
1127125,13.665511661446512
1128126,23.175567117324395
1129127,0.0
1130128,0.0
1131129,22.82233073756013
1132130,0.0
1133131,54.32233878736608
1134132,1.8143368558291901
1135133,39.717978321946134
1136134,12.670440425704872
1137135,19.87496550415576
1138136,0.0
1139137,7.325000194676111
1140138,0.0
1141139,0.0
1142140,36.261033376484136
1143141,0.0
1144142,0.0
1145143,34.08061016633285
1146144,0.0
1147145,15.228555895479927
1148146,7.255859235993337
1149147,13.71244420649267
1150148,8.067640894059437
1151149,0.0
1152150,0.0
1153151,0.0
1154152,0.0
1155153,20.571946962328337
1156154,0.0
1157155,24.5209345188322
1158156,39.011855313126695
1159157,0.0
1160158,0.0
1161159,0.0
1162160,0.0
1163161,0.0
1164162,0.0
1165163,0.0
1166164,0.0
1167165,0.0
1168166,0.0
1169167,0.0
1170168,0.0
1171169,15.223887504993746
1172170,0.0
1173171,0.0
1174172,18.121025618221
1175173,16.70879096820914
1176174,16.336881293525977
1177175,0.0
1178176,0.0
1179177,0.0
1180178,0.0
1181179,6.403011708220038
1182180,0.0
1183181,0.0
1184182,43.3272990590529
1185183,16.08676896959433
1186184,26.518308117757794
1187185,0.0
1188186,0.0
1189187,49.28106475310726
1190188,0.0
1191189,0.0
1192190,0.0
1193191,0.0
1194192,13.515046979738457
1195193,25.615658332932988
1196194,0.0
1197195,0.0
1198196,8.087165475711178
1199197,25.81169805346558
1200198,48.44723619129061
1201199,0.0
1202200,0.0
1203201,0.0
1204202,0.0
1205203,0.0
1206204,46.91911617213731
1207205,27.333681493766044
1208206,16.942695072000543
1209207,0.0
1210208,0.0
1211209,0.0
1212210,0.0
1213211,25.84047244316903
1214212,0.0
1215213,0.0
1216214,28.698227086648075
1217215,0.0
1218216,11.949632211908403
1219217,22.182408248855605
1220218,34.740282618513724
1221219,8.322761812696791
1222220,0.0
1223221,0.0
1224222,0.0
1225223,0.0
1226224,53.46711454485322
1227225,0.0
1228226,0.0
1229227,51.534700994396964
1230228,0.0
1231229,10.928190229146423
1232230,0.0
1233231,0.0
1234232,14.67583643329119
1235233,6.970763194879358
1236234,0.0
1237235,0.0
1238236,12.57119808160555
1239237,0.0
1240238,0.0
1241239,0.0
1242240,0.0
1243241,0.0
1244242,0.0
1245243,0.0
1246244,20.788801292302196
1247245,9.357924980491429
1248246,3.6132832334639913
1249247,0.0
1250248,16.216752815474955
1251249,0.0
1252250,0.0
1253251,12.110680810195639
1254252,12.731164669629607
1255253,21.940502747170438
1256254,14.517760229618068
1257255,25.13468203263007
1258256,24.002786705672598
1259257,0.0
1260258,9.886454921140075
1261259,0.0
1262260,0.0
1263261,0.0
1264262,0.0
1265263,0.0
1266264,0.0
1267265,11.94074335778709
1268266,0.0
1269267,0.0
1270268,0.0
1271269,17.593220769956815
1272270,0.0
1273271,0.0
1274272,4.621653646457647
1275273,0.0
1276274,0.0
1277275,0.0
1278276,22.218807490394855
1279277,0.0
1280278,0.0
1281279,0.0
1282280,0.0
1283281,9.855068219338104
1284282,0.0
1285283,0.0
1286284,0.0
1287285,0.0
1288286,0.0
1289287,0.0
1290288,0.0
1291289,29.426223809983508
1292290,9.134610943962043
1293291,0.0
1294292,15.447305145837863
1295293,35.70635416053683
1296294,0.0
1297295,0.0
1298296,0.0
1299297,44.247484455741365
1300298,0.0
1301299,36.576114030151935
1302300,21.761740254326245
1303301,0.0
1304302,17.315381479899234
1305303,0.0
1306304,0.0
1307305,0.0
1308306,0.0
1309307,9.120514947095044
1310308,0.0
1311309,0.0
1312310,0.0
1313311,0.0
1314312,22.43811161945617
1315313,0.0
1316314,0.0
1317315,7.2247297629041585
1318316,0.0
1319317,0.0
1320318,0.0
1321319,0.0
1322320,0.8775106893714849
1323321,0.0
1324322,0.0
1325323,0.0
1326324,0.0
1327325,31.531885588225553
1328326,0.0
1329327,23.416789876129908
1330328,0.0
1331329,0.0
1332330,0.0
1333331,0.0
1334332,0.0
1335333,0.0
1336334,0.0
1337335,0.0
1338336,0.0
1339337,0.0
1340338,0.0
1341339,0.0
1342340,0.0
1343341,0.0
1344342,0.0
1345343,0.0
1346344,0.0
1347345,11.545597725587228
1348346,0.0
1349347,0.0
1350348,49.37032587926444
1351349,13.305797878916092
1352350,59.11078771896635
1353351,0.0
1354352,47.689405268868384
1355353,11.383966022084088
1356354,0.0
1357355,21.462109156152334
1358356,2.5764824246929448
1359357,0.0
1360358,0.0
1361359,0.0
1362360,23.04767781041594
1363361,9.186604238229812
1364362,0.0
1365363,0.0
1366364,0.0
1367365,0.0
1368366,25.887230162480993
1369367,0.0
1370368,35.90307334492216
1371369,13.717665088880748
1372370,0.0
1373371,0.0
1374372,0.0
1375373,0.0
1376374,13.527894951400103
1377375,13.434943176579672
1378376,0.0
1379377,0.0
1380378,0.0
1381379,0.0
1382380,0.0
1383381,0.0
1384382,0.0
1385383,14.539345205659172
1386384,0.0
1387385,0.0
1388386,0.0
1389387,24.37364081304377
1390388,0.0
1391389,8.926255120463235
1392390,22.15499756490016
1393391,0.0
1394392,0.0
1395393,13.105842943338088
1396394,0.0
1397395,7.824443981315519
1398396,12.44710480183299
1399397,0.8563688570129345
1400398,0.0
1401399,0.0
1402400,0.0
1403401,0.0
1404402,12.927115731134077
1405403,25.662419236842148
1406404,0.0
1407405,0.0
1408406,0.0
1409407,0.0
1410408,0.0
1411409,0.0
1412410,0.0
1413411,16.596263352176067
1414412,0.0
1415413,6.256043233811477
1416414,30.92775967901233
1417415,0.0
1418416,7.917052038544178
1419417,0.0
1420418,0.0
1421419,0.0
1422420,0.0
1423421,14.165772015081576
1424422,29.72722921447174
1425423,0.0
1426424,75.4387790085469
1427425,0.0
1428426,0.0
1429427,7.157516323980878
1430428,0.0
1431429,56.61488063536747
1432430,7.207929513092881
1433431,9.932150328895421
1434432,13.81950767149005
1435433,32.82103205541933
1436434,0.0
1437435,35.00489455161885
1438436,0.0
1439437,90.78575720996947
1440438,0.0
1441439,21.77988038558796
1442440,11.629218507107055
1443441,7.31996252895083
1444442,0.0
1445443,65.89445541269346
1446444,0.0
1447445,0.0
1448446,82.74674918716714
1449447,0.0
1450448,38.9939009887705
1451449,13.996988201239331
1452450,0.0
1453451,0.0
1454452,8.077794400069575
1455453,0.0
1456454,0.0
1457455,0.0
1458456,25.623628431292516
1459457,0.0
1460458,0.0
1461459,6.191010860523842
1462460,20.521856056814723
1463461,0.0
1464462,73.3934114603258
1465463,0.0
1466464,13.689487124913448
1467465,32.06036889654163
1468466,0.0
1469467,99.9641466045191
1470468,84.14374029541172
1471469,0.0
1472470,31.475523882016752
1473471,143.0794910811849
1474472,18.887098435164617
1475473,0.0
1476474,7.885717384371913
1477475,0.0
1478476,0.0
1479477,12.653473582044132
1480478,13.752823406861115
1481479,0.0
1482480,14.974383609165915
1483481,0.0
1484482,0.0
1485483,0.0
1486484,50.441607023327705
1487485,22.299348080286244
1488486,0.0
1489487,0.0
1490488,0.0
1491489,35.159602037723076
1492490,0.0
1493491,0.0
1494492,41.015290658690894
1495493,0.0
1496494,0.0
1497495,88.9471676397583
1498496,0.0
1499497,0.0
1500498,55.28432477517094
1501499,0.0
1502500,33.36308037014608
1503501,121.22633956496706
1504502,0.0
1505503,0.0
1506504,8.737278127948167
1507505,10.766576430955617
1508506,12.00907475774759
1509507,0.0
1510508,16.647745837539414
1511509,17.29730634358151
1512510,16.046764858014985
1513511,0.0
1514512,0.0
1515513,29.35269825601976
1516514,0.0
1517515,10.72277990705317
1518516,15.741687574400913
1519517,0.0
1520518,0.0
1521519,0.0
1522520,0.0
1523521,0.0
1524522,5.34911843725315
1525523,0.0
1526524,0.0
1527525,0.0
1528526,0.0
1529527,0.0
1530528,0.0
1531529,0.0
1532530,0.0
1533531,67.36490482346177
1534532,20.245726788763932
1535533,0.0
1536534,70.3118668308735
1537535,0.0
1538536,0.0
1539537,26.585128393173697
1540538,0.0
1541539,0.0
1542540,33.107090134972864
1543541,0.0
1544542,0.0
1545543,11.83489593854861
1546544,0.0
1547545,0.0
1548546,0.0
1549547,80.06071973400627
1550548,90.77702400598389
1551549,153.02082894240408
1552550,120.21728295019318
1553551,0.0
1554552,0.0
1555553,74.93997675945627
1556554,0.0
1557555,150.86113917774074
1558556,0.0
1559557,27.692583283880975
1560558,18.995644266416463
1561559,20.458595177123993
1562560,0.0
1563561,0.0
1564562,0.0
1565563,7.976813965425281
1566564,49.463770128103526
1567565,31.95166782555726
1568566,0.0
1569567,0.0
1570568,0.0
1571569,0.0
1572570,0.0
1573571,0.0
1574572,0.0
1575573,26.067607927744717
1576574,8.07945065843985
1577575,0.0
1578576,0.0
1579577,0.0
1580578,0.0
1581579,31.815432985576738
1582580,0.0
1583581,0.0
1584582,0.0
1585583,11.919714989485161
1586584,0.0
1587585,88.6400161113586
1588586,0.0
1589587,0.0
1590588,0.0
1591589,22.634081132941333
1592590,0.0
1593591,0.0
1594592,0.0
1595593,0.0
1596594,84.44729707362569
1597595,82.66435486519889
1598596,0.0
1599597,0.0
1600598,0.8251816723385644
1601599,0.0
1602600,0.0
1603601,0.0
1604602,85.78669677290074
1605603,0.0
1606604,0.0
1607605,0.0
1608606,14.17379484364356
1609607,14.31236622776294
1610608,0.0
1611609,0.0
1612610,104.0423121851542
1613611,0.0
1614612,0.0
1615613,0.0
1616614,0.0
1617615,0.0
1618616,114.18671935827872
1619617,0.0
1620618,0.0
1621619,17.716556653339993
1622620,0.0
1623621,0.0
1624622,0.0
1625623,94.05589346864558
1626624,0.0
1627625,16.20669567152568
1628626,0.0
1629627,12.559268063256338
1630628,0.0
1631629,58.40590838965626
1632630,5.365114229285469
1633631,27.305991011649283
1634632,0.0
1635633,19.176777970444068
1636634,0.0
1637635,9.024663066915231
1638636,14.368346563752285
1639637,0.0
1640638,82.24252267128941
1641639,8.996018379784902
1642640,29.216657957240585
1643641,0.0
1644642,0.0
1645643,0.0
1646644,0.0
1647645,0.0
1648646,107.78786273840979
1649647,0.0
1650648,0.0
1651649,60.79048763529727
1652650,10.827449891606648
1653651,0.0
1654652,31.00195078715403
1655653,37.30138320532738
1656654,0.0
1657655,0.0
1658656,62.15427328567777
1659657,0.0
1660658,3.494516733699821
1661659,0.0
1662660,60.1089051537196
1663661,0.0
1664662,0.0
1665663,15.700947392421954
1666664,0.0
1667665,0.0
1668666,19.895529358748373
1669667,0.0
1670668,50.0417574386663
1671669,0.0
1672670,0.0
1673671,0.0
1674672,37.85893045675523
1675673,0.0
1676674,24.95023371093619
1677675,115.35653443618095
1678676,96.96418175780178
1679677,13.426617539826934
1680678,4.4613022489316725
1681679,15.670328850494144
1682680,16.001861801893934
1683681,64.17732247671195
1684682,0.0
1685683,0.0
1686684,0.0
1687685,0.0
1688686,0.0
1689687,94.01942713987516
1690688,0.0
1691689,0.0
1692690,58.42291468418748
1693691,0.0
1694692,0.0
1695693,0.0
1696694,99.76670113688778
1697695,0.0
1698696,0.0
1699697,34.67700311076397
1700698,0.0
1701699,32.012417187262166
1702700,0.0
1703701,0.0
1704702,0.0
1705703,0.0
1706704,26.215247208740884
1707705,19.470972094061263
1708706,0.0
1709707,12.32840616541953
1710708,7.948479791525004
1711709,0.0
1712710,27.837371261098042
1713711,52.983578859276
1714712,0.0
1715713,0.0
1716714,0.0
1717715,0.0
1718716,0.0
1719717,0.0
1720718,0.0
1721719,11.774358026635902
1722720,0.0
1723721,0.0
1724722,0.0
1725723,0.0
1726724,6.147642973724111
1727725,39.459774011947665
1728726,0.0
1729727,0.0
1730728,0.0
1731729,7.285956553803894
1732730,67.19574833472588
1733731,0.0
1734732,0.0
1735733,0.0
1736734,0.0
1737735,12.526342438531701
1738736,0.0
1739737,0.0
1740738,9.610610285251134
1741739,127.74340671006023
1742740,6.293742782553655
1743741,0.0
1744742,0.0
1745743,0.0
1746744,11.532886746968037
1747745,28.442407393458147
1748746,64.31444520145574
1749747,0.0
1750748,0.0
1751749,0.0
1752750,36.554820961242875
1753751,0.0
1754752,58.71068338433474
1755753,0.0
1756754,0.0
1757755,0.0
1758756,0.0
1759757,21.581244850678676
1760758,0.0
1761759,0.0
1762760,11.769530956459445
1763761,91.47203268490237
1764762,0.0
1765763,0.0
1766764,5.181296652154262
1767765,0.0
1768766,6.198746654172834
1769767,0.0
1770768,0.0
1771769,0.0
1772770,0.0
1773771,46.87126392093693
1774772,15.277160825516729
1775773,0.0
1776774,6.377188707568101
1777775,88.24500509472263
1778776,0.0
1779777,0.0
1780778,64.90660834706156
1781779,0.0
1782780,0.0
1783781,0.0
1784782,8.811493789668706
1785783,0.0
1786784,39.57222074963532
1787785,0.0
1788786,0.0
1789787,0.0
1790788,0.0
1791789,0.0
1792790,0.0
1793791,12.48450508899217
1794792,90.0797401331101
1795793,0.0
1796794,0.0
1797795,22.29672324522243
1798796,46.832274578269676
1799797,0.0
1800798,16.702376662741212
1801799,0.0
1802800,0.0
1803801,0.0
1804802,0.0
1805803,37.12330188076703
1806804,0.0
1807805,134.9856796634792
1808806,0.0
1809807,78.5514540134156
1810808,0.0
1811809,0.0
1812810,2.636942415565616
1813811,0.0
1814812,88.86867101696136
1815813,0.0
1816814,0.0
1817815,0.0
1818816,0.0
1819817,50.66503066570356
1820818,0.0
1821819,0.0
1822820,0.0
1823821,0.0
1824822,0.0
1825823,17.43841043070753
1826824,23.075627414114827
1827825,0.0
1828826,0.0
1829827,0.0
1830828,15.486019792726834
1831829,9.9464734788414
1832830,122.06156258469302
1833831,0.0
1834832,0.0
1835833,0.0
1836834,7.251717392694144
1837835,21.47560560235388
1838836,0.0
1839837,0.0
1840838,0.0
1841839,0.0
1842840,0.0
1843841,92.13929036119387
1844842,0.0
1845843,0.0
1846844,0.0
1847845,12.722575062151707
1848846,0.0
1849847,6.420606541187311
1850848,77.71021855027928
1851849,10.42815718279056
1852850,91.5569587594499
1853851,18.38331643011677
1854852,0.0
1855853,0.0
1856854,0.0
1857855,37.66340583910804
1858856,123.7961653191429
1859857,0.0
1860858,0.0
1861859,19.670258144515802
1862860,0.0
1863861,16.530151013396143
1864862,18.819412739503626
1865863,28.39323030892046
1866864,0.0
1867865,125.35013993157844
1868866,0.0
1869867,0.0
1870868,0.0
1871869,0.0
1872870,117.39263129802475
1873871,0.0
1874872,58.09310137609072
1875873,66.37149439688652
1876874,0.0
1877875,134.3764834795232
1878876,0.0
1879877,0.0
1880878,169.29571978346996
1881879,23.523540567522172
1882880,41.45105695797632
1883881,0.0
1884882,0.0
1885883,1.7202935550605623
1886884,5.2316992711779005
1887885,0.0
1888886,121.80979032952963
1889887,78.50807518982307
1890888,3.6396504097037394
1891889,83.94990088711981
1892890,0.0
1893891,0.0
1894892,167.5577289904445
1895893,0.0
1896894,0.0
1897895,0.0
1898896,0.0
1899897,12.416815068751689
1900898,0.0
1901899,0.0
1902900,0.0
1903901,0.0
1904902,119.82591221562917
1905903,0.0
1906904,85.68085443002524
1907905,0.0
1908906,10.777883841318415
1909907,120.50228628622622
1910908,0.0
1911909,0.0
1912910,147.20046452973355
1913911,0.0
1914912,196.89489736689936
1915913,138.16950194055133
1916914,13.380279230886885
1917915,130.41798966883238
1918916,155.11841934989445
1919917,0.0
1920918,0.0
1921919,0.0
1922920,6.273038810878326
1923921,0.0
1924922,0.0
1925923,0.0
1926924,63.76429471175707
1927925,2.7669235175349023
1928926,0.9587045013399331
1929927,114.51121510667244
1930928,112.06608539919534
1931929,0.0
1932930,0.0
1933931,119.33468240535066
1934932,190.9248501579119
1935933,0.0
1936934,119.44353484874021
1937935,0.0
1938936,0.0
1939937,0.0
1940938,155.13972780434264
1941939,12.534419956778814
1942940,143.5088856997283
1943941,18.26404198394052
1944942,162.58064996458845
1945943,149.84257391568633
1946944,0.0
1947945,173.38955911930097
1948946,157.70495606993742
1949947,168.66061768259857
1950948,125.3671194421127
1951949,9.614871954568693
1952950,2.8560192447527726
1953951,0.0
1954952,16.305907590536915
1955953,162.29570697833316
1956954,107.63981345048083
1957955,160.52410662694064
1958956,0.0
1959957,0.0
1960958,0.0
1961959,0.0
1962960,131.8472077078528
1963961,15.033257382147358
1964962,18.191150445116058
1965963,146.24843591667204
1966964,137.7224470338128
1967965,0.0
1968966,0.0
1969967,0.0
1970968,154.31488706875137
1971969,0.0
1972970,12.64198303092496
1973971,141.25250196484043
1974972,0.0
1975973,0.0
1976974,0.0
1977975,0.0
1978976,0.0
1979977,0.0
1980978,0.0
1981979,197.9344069447932
1982980,176.22499850592968
1983981,0.0
1984982,0.0
1985983,0.0
1986984,0.0
1987985,134.21395617595988
1988986,0.0
1989987,144.31494213146817
1990988,0.0
1991989,162.56263193748921
1992990,0.0
1993991,0.0
1994992,0.0
1995993,0.0
1996994,175.22113081913514
1997995,0.0
1998996,0.0
1999997,0.0
2000998,94.9843881258297
2001999,26.951134950375238
2003000,0.0
2004001,0.0
2005002,26.058670659009003
2006003,0.0
2007004,0.0
2008005,14.577097482690695
2009006,0.0
2010007,0.0
2011008,0.0
2012009,123.15239251914605
2013010,0.0
2014011,0.0
2015012,0.0
2016013,14.149611667052291
2017014,0.0
2018015,193.02949381673633
2019016,0.0
2020017,0.0
2021018,117.01426509807638
2022019,174.89875861429218
2023020,0.0
2024021,144.93968643217494
2025022,0.0
2026023,16.30256901176099
2027024,0.0
2028025,0.0
2029026,101.9579778213211
2030027,0.0
2031028,0.0
2032029,0.0
2033030,0.0
2034031,0.0
2035032,18.16822162707379
2036033,0.0
2037034,0.0
2038035,6.204093429040601
2039036,0.0
2040037,0.0
2041038,0.0
2042039,0.0
2043040,0.0
2044041,0.0
2045042,25.194786673505543
2046043,0.0
2047044,0.0
2048045,147.71526750935067
2049046,0.0
2050047,0.0
2051048,18.269078296304833
2052049,29.545323884207523
2053050,7.151623388230847
2054051,0.0
2055052,6.243653960947682
2056053,19.103857942412027
2057054,0.0
2058055,0.0
2059056,0.0
2060057,186.84534431118755
2061058,0.0
2062059,140.3856554352618
2063060,0.0
2064061,0.0
2065062,172.35521814464462
2066063,0.0
2067064,36.676196332336794
2068065,0.0
2069066,0.0
2070067,54.98302539702324
2071068,0.0
2072069,22.155303440086527
2073070,216.53215551679494
2074071,0.0
2075072,42.90738162544605
2076073,180.11799922372234
2077074,177.6713421809286
2078075,0.0
2079076,183.457557301623
2080077,0.0
2081078,0.0
2082079,10.145690376796406
2083080,15.246346656533255
2084081,134.0928682714243
2085082,170.55107522552495
2086083,0.0
2087084,22.08458092619847
2088085,173.37747215102695
2089086,171.69393718511887
2090087,0.0
2091088,0.0
2092089,0.0
2093090,0.0
2094091,21.83519128768693
2095092,0.0
2096093,0.0
2097094,0.0
2098095,154.04183329812227
2099096,144.34159025214092
2100097,0.0
2101098,0.0
2102099,0.0
2103100,200.4225762148535
2104101,0.0
2105102,0.0
2106103,0.0
2107104,0.0
2108105,101.00691626159654
2109106,144.1783776180531
2110107,21.48828158668621
2111108,0.0
2112109,0.0
2113110,0.0
2114111,14.314897132083667
2115112,33.89108425797406
2116113,159.8113567416526
2117114,158.27566543940944
2118115,7.087678377880905
2119116,147.59065307595995
2120117,0.0
2121118,0.0
2122119,196.43105907769427
2123120,0.0
2124121,0.0
2125122,11.90053981276398
2126123,0.0
2127124,0.0
2128125,0.0
2129126,0.0
2130127,142.7032939314863
2131128,0.0
2132129,0.0
2133130,24.343926594621237
2134131,0.0
2135132,0.0
2136133,0.0
2137134,0.0
2138135,0.0
2139136,24.34452243582041
2140137,0.0
2141138,174.01162870828986
2142139,0.0
2143140,0.0
2144141,0.0
2145142,0.0
2146143,0.0
2147144,210.25871471610023
2148145,213.3831402384185
2149146,0.0
2150147,21.09960970835391
2151148,0.0
2152149,174.7558468136179
2153150,0.0
2154151,0.0
2155152,0.0
2156153,180.69719355022693
2157154,0.0
2158155,0.0
2159156,0.0
2160157,0.0
2161158,48.30885451662308
2162159,0.0
2163160,0.0
2164161,0.0
2165162,0.0
2166163,0.0
2167164,23.40910573184051
2168165,173.73357754869016
2169166,0.0
2170167,0.0
2171168,0.0
2172169,0.0
2173170,2.5958916290737992
2174171,0.0
2175172,0.0
2176173,0.0
2177174,190.7671561910088
2178175,0.0
2179176,0.0
2180177,213.8787708922103
2181178,0.0
2182179,154.75598323630115
2183180,0.0
2184181,0.0
2185182,3.7449308616596824
2186183,0.0
2187184,174.22746296090105
2188185,82.39051548489476
2189186,0.0
2190187,0.0
2191188,0.0
2192189,0.0
2193190,0.0
2194191,10.040580265341097
2195192,178.79537886876145
2196193,0.0
2197194,0.0
2198195,208.12890261157327
2199196,0.0
2200197,0.0
2201198,0.0
2202199,217.18840361336038
2203200,0.0
2204201,184.46140755869243
2205202,0.0
2206203,0.0
2207204,178.48295386554358
2208205,12.321529472001252
2209206,187.05577956663262
2210207,188.44530509747582
2211208,0.0
2212209,0.0
2213210,0.0
2214211,0.0
2215212,199.36021584905498
2216213,0.0
2217214,211.52608095954892
2218215,0.0
2219216,206.4709920391271
2220217,0.0
2221218,0.0
2222219,0.0
2223220,0.0
2224221,0.0
2225222,22.758575795567474
2226223,0.0
2227224,212.02754536375983
2228225,0.0
2229226,7.9150765602321425
2230227,17.738906008846573
2231228,0.0
2232229,0.0
2233230,0.0
2234231,0.0
2235232,0.0
2236233,0.0
2237234,159.4878787397455
2238235,0.0
2239236,149.52265559185287
2240237,175.3610661800611
2241238,8.955664419909503
2242239,3.569940564088877
2243240,0.0
2244241,0.0
2245242,0.0
2246243,162.7236194708991
2247244,190.7394345937671
2248245,0.0
2249246,166.64505621377666
2250247,0.0
2251248,0.0
2252249,0.0
2253250,158.48838134880168
2254251,11.51028134246347
2255252,0.0
2256253,175.19937058853478
2257254,177.445199382136
2258255,0.0
2259256,0.0
2260257,167.59032227239032
2261258,0.0
2262259,0.0
2263260,0.0
2264261,0.0
2265262,143.65782559919532
2266263,11.740616009720195
2267264,150.486321047749
2268265,153.3903830728373
2269266,0.0
2270267,166.81756612887062
2271268,10.759960807608428
2272269,0.0
2273270,0.0
2274271,0.0
2275272,0.0
2276273,27.73524039277739
2277274,13.210994730281374
2278275,200.09058077863472
2279276,0.0
2280277,0.0
2281278,24.014416562685945
2282279,0.0
2283280,0.0
2284281,187.96451984246735
2285282,0.0
2286283,202.10293849776136
2287284,122.85467609754417
2288285,176.87097770880493
2289286,0.0
2290287,0.0
2291288,0.0
2292289,0.0
2293290,0.0
2294291,210.6757288606545
2295292,13.38159660148678
2296293,176.71391219879922
2297294,0.0
2298295,0.0
2299296,56.56365626199613
2300297,166.71611583869688
2301298,0.0
2302299,189.19974836350465
2303300,145.7012466020781
2304301,114.81624237290573
2305302,0.0
2306303,0.0
2307304,141.6272954612146
2308305,0.0
2309306,0.0
2310307,204.61518074294383
2311308,172.28785395473707
2312309,0.0
2313310,0.0
2314311,0.0
2315312,178.70153971342816
2316313,0.0
2317314,17.21534321610395
2318315,0.0
2319316,0.0
2320317,194.2892464598965
2321318,28.78144789665177
2322319,0.0
2323320,0.0
2324321,134.25925684723506
2325322,168.91967452420712
2326323,0.0
2327324,11.216900196802742
2328325,0.0
2329326,0.0
2330327,0.0
2331328,11.647270289219833
2332329,0.0
2333330,0.0
2334331,0.0
2335332,208.7274302514828
2336333,0.0
2337334,181.62275933264357
2338335,202.6342570756594
2339336,0.0
2340337,0.0
2341338,0.0
2342339,183.39593949839838
2343340,0.0
2344341,166.7888106504743
2345342,0.0
2346343,185.1135261342654
2347344,0.0
2348345,0.0
2349346,162.01150168241654
2350347,0.0
2351348,0.0
2352349,0.0
2353350,0.0
2354351,0.0
2355352,0.0
2356353,22.64348590777115
2357354,122.0103058835996
2358355,26.001155778184334
2359356,153.6216559111316
2360357,0.0
2361358,0.0
2362359,0.0
2363360,75.5886720580196
2364361,0.0
2365362,151.13890426414378
2366363,6.271819332830886
2367364,0.0
2368365,101.13136330732397
2369366,0.0
2370367,0.0
2371368,0.0
2372369,0.0
2373370,140.95679556822708
2374371,186.33323273390036
2375372,0.0
2376373,156.59027802570483
2377374,0.0
2378375,0.0
2379376,0.0
2380377,0.0
2381378,0.0
2382379,168.77101558044842
2383380,0.0
2384381,170.41918163085242
2385382,0.0
2386383,72.6578573861954
2387384,0.0
2388385,0.0
2389386,0.0
2390387,0.0
2391388,199.013220492505
2392389,0.0
2393390,0.0
2394391,156.92202895551102
2395392,30.897304216729044
2396393,0.0
2397394,0.0
2398395,40.078982830772986
2399396,0.0
2400397,174.84383745784308
2401398,132.8517207269028
2402399,55.916430903770404
2403400,46.3676297920022
2404401,157.31020502160573
2405402,25.876596949519136
2406403,17.94149052894525
2407404,107.41313582986696
2408405,0.0
2409406,0.0
2410407,9.905656491377286
2411408,0.0
2412409,0.0
2413410,0.0
2414411,0.0
2415412,7.285600429993098
2416413,149.27951047686545
2417414,0.0
2418415,0.0
2419416,201.32025757130094
2420417,154.3680286557114
2421418,0.0
2422419,202.56360848667583
2423420,151.7946089756824
2424421,223.76832967340417
2425422,149.16994708702217
2426423,0.0
2427424,0.0
2428425,0.0
2429426,2.702208784424967
2430427,0.0
2431428,194.58815983692529
2432429,111.19398907511686
2433430,0.0
2434431,0.0
2435432,0.0
2436433,58.922821449877
2437434,164.61133230123016
2438435,92.40492345716987
2439436,0.0
2440437,145.02597165022146
2441438,21.44294700867091
2442439,8.199008918922114
2443440,10.086172696921507
2444441,0.0
2445442,0.0
2446443,0.0
2447444,0.0
2448445,23.40354237311407
2449446,0.0
2450447,0.0
2451448,18.89601268432659
2452449,0.0
2453450,0.0
2454451,183.14152279816352
2455452,84.3991372770957
2456453,0.0
2457454,108.9463152821394
2458455,0.0
2459456,0.0
2460457,59.60230280086419
2461458,98.23317916706344
2462459,0.0
2463460,0.0
2464461,0.0
2465462,0.0
2466463,187.1241468174756
2467464,0.0
2468465,22.635799818790282
2469466,0.0
2470467,17.29160555929156
2471468,0.0
2472469,0.0
2473470,0.0
2474471,38.082091003328465
2475472,0.0
2476473,0.0
2477474,11.832148179350133
2478475,0.0
2479476,9.897130449358281
2480477,200.13108097429617
2481478,0.0
2482479,0.0
2483480,75.92869785541443
2484481,25.897639818565683
2485482,0.0
2486483,0.0
2487484,118.92848433759717
2488485,0.0
2489486,20.370352866471986
2490487,13.234896919682084
2491488,0.0
2492489,86.85744999989707
2493490,0.0
2494491,0.0
2495492,0.0
2496493,31.124045678605444
2497494,12.658739027737361
2498495,0.0
2499496,0.0
2500497,0.0
2501498,0.0
2502499,3.5173816435412433
2503500,35.23990539347061
2504501,0.0
2505502,214.46448115475619
2506503,0.0
2507504,0.0
2508505,0.0
2509506,216.44402069111047
2510507,34.82629992853126
2511508,239.41098466523104
2512509,0.0
2513510,9.275982346274176
2514511,163.68848006599376
2515512,0.0
2516513,0.0
2517514,0.0
2518515,201.87801981993198
2519516,20.835400669584484
2520517,238.72652674220106
2521518,13.410628466570316
2522519,15.632638030993547
2523520,29.174661655783694
2524521,34.95256246300014
2525522,0.0
2526523,8.849684782461916
2527524,0.0
2528525,0.0
2529526,0.0
2530527,0.0
2531528,32.87383958313158
2532529,0.0
2533530,0.0
2534531,0.0
2535532,4.416258859165622
2536533,13.410463480255823
2537534,210.88268199799862
2538535,20.054001721480017
2539536,238.11549263516878
2540537,0.0
2541538,0.0
2542539,0.0
2543540,10.86102752620924
2544541,0.0
2545542,0.0
2546543,169.81033900420175
2547544,0.0
2548545,0.0
2549546,241.26643142542258
2550547,141.28085141420928
2551548,0.0
2552549,0.0
2553550,0.0
2554551,202.89456352786732
2555552,0.0
2556553,0.0
2557554,0.0
2558555,18.076197741150125
2559556,224.4629586735905
2560557,0.0
2561558,266.14534178390153
2562559,0.0
2563560,0.0
2564561,0.0
2565562,0.0
2566563,12.555378197019694
2567564,0.0
2568565,0.0
2569566,11.46341847856288
2570567,0.0
2571568,0.0
2572569,0.0
2573570,0.0
2574571,8.914232858690111
2575572,2.7681122321282983
2576573,169.0757240230879
2577574,11.934321171393307
2578575,232.0555048706175
2579576,207.63164492164245
2580577,0.0
2581578,0.0
2582579,0.0
2583580,194.49937080788138
2584581,237.14247658022433
2585582,215.4639510003706
2586583,0.0
2587584,0.0
2588585,15.641930656670729
2589586,249.1370125721216
2590587,0.0
2591588,0.0
2592589,0.0
2593590,0.0
2594591,0.0
2595592,0.0
2596593,0.0
2597594,3.7284028687090967
2598595,216.50811276656754
2599596,0.0
2600597,224.67795630264226
2601598,221.33724591758056
2602599,22.561123029376258
2603600,0.0
2604601,210.34416572273503
2605602,8.859394108354527
2606603,90.38479039848433
2607604,229.95978885560024
2608605,0.0
2609606,0.0
2610607,0.0
2611608,0.0
2612609,165.01315279027602
2613610,21.19596944325171
2614611,0.0
2615612,0.0
2616613,0.0
2617614,238.94007736948697
2618615,0.0
2619616,0.0
2620617,1.8614624770786765
2621618,0.0
2622619,206.16447018406163
2623620,0.0
2624621,0.0
2625622,173.6922080532058
2626623,0.0
2627624,192.11699810039
2628625,0.0
2629626,0.0
2630627,96.78956330523577
2631628,180.23582805214863
2632629,0.0
2633630,140.51500716855662
2634631,259.50582697242703
2635632,10.611620825313896
2636633,24.990671415209945
2637634,0.0
2638635,0.0
2639636,178.60797579762328
2640637,155.89813602041295
2641638,0.0
2642639,0.0
2643640,21.679853290134197
2644641,252.40107335820332
2645642,0.0
2646643,0.0
2647644,0.0
2648645,0.0
2649646,0.0
2650647,0.0
2651648,7.986679566375502
2652649,0.0
2653650,176.47676080119936
2654651,252.57552040295542
2655652,9.576381302013306
2656653,274.06419323749975
2657654,243.4605012531086
2658655,0.0
2659656,253.14136023054786
2660657,0.0
2661658,18.635589689795324
2662659,22.397399016520385
2663660,0.0
2664661,0.0
2665662,0.0
2666663,24.27271085015214
2667664,0.0
2668665,0.0
2669666,0.0
2670667,0.0
2671668,0.0
2672669,6.331324088796366
2673670,0.0
2674671,210.9382970644769
2675672,0.0
2676673,0.0
2677674,254.2948776769825
2678675,0.0
2679676,0.0
2680677,13.713083688030466
2681678,7.950315694696608
2682679,0.0
2683680,240.3996937312882
2684681,227.5446524948766
2685682,0.0
2686683,0.0
2687684,0.0
2688685,258.0348322628091
2689686,39.55564432644438
2690687,0.0
2691688,0.0
2692689,0.0
2693690,0.0
2694691,0.0
2695692,211.73624241389348
2696693,0.0
2697694,251.150973846036
2698695,0.0
2699696,263.70049656252326
2700697,3.6194050783793266
2701698,0.0
2702699,23.635574028727458
2703700,0.0
2704701,0.0
2705702,259.5065108786829
2706703,9.74540265911146
2707704,10.830901412743025
2708705,0.0
2709706,0.0
2710707,0.0
2711708,0.0
2712709,224.4054421460364
2713710,0.0
2714711,0.0
2715712,33.41559128417645
2716713,0.0
2717714,0.0
2718715,0.0
2719716,0.0
2720717,8.734246454600902
2721718,0.0
2722719,0.0
2723720,0.0
2724721,243.1369143099476
2725722,263.36570653691234
2726723,0.0
2727724,0.0
2728725,0.0
2729726,0.0
2730727,269.7859543385893
2731728,0.0
2732729,0.0
2733730,0.0
2734731,0.0
2735732,0.0
2736733,0.0
2737734,0.0
2738735,50.488040468768816
2739736,0.0
2740737,0.0
2741738,0.0
2742739,0.0
2743740,0.0
2744741,0.0
2745742,0.0
2746743,0.0
2747744,0.0
2748745,0.0
2749746,0.0
2750747,0.0
2751748,15.193984739774384
2752749,0.0
2753750,21.70763097268568
2754751,0.0
2755752,0.0
2756753,0.0
2757754,248.89433519317743
2758755,26.042630867525578
2759756,0.0
2760757,0.0
2761758,0.0
2762759,0.0
2763760,0.0
2764761,0.0
2765762,270.7402691985432
2766763,0.0
2767764,0.0
2768765,0.0
2769766,0.0
2770767,0.0
2771768,0.0
2772769,0.0
2773770,0.0
2774771,0.0
2775772,256.60594059792373
2776773,21.271651311768974
2777774,0.0
2778775,0.0
2779776,0.0
2780777,0.0
2781778,0.0
2782779,0.0
2783780,0.0
2784781,0.0
2785782,137.31911991102305
2786783,254.91590916464642
2787784,0.0
2788785,2.870655452434708
2789786,0.0
2790787,27.294532359946334
2791788,23.039520736701032
2792789,0.0
2793790,49.00923685397956
2794791,248.13098627253206
2795792,0.0
2796793,235.23584526959567
2797794,0.0
2798795,7.112535147536245
2799796,0.0
2800797,0.0
2801798,11.556649356772379
2802799,0.0
2803800,26.681193180946952
2804801,37.47298322540134
2805802,235.40587993601753
2806803,0.0
2807804,277.1925916719235
2808805,0.0
2809806,0.0
2810807,11.977838984983617
2811808,10.252315520857985
2812809,14.85799742022664
2813810,0.0
2814811,0.0
2815812,0.0
2816813,227.6144088913714
2817814,6.973213777088307
2818815,247.73985141729446
2819816,15.262571610454359
2820817,252.07863615519355
2821818,0.0
2822819,20.63770057395844
2823820,244.50182354974166
2824821,0.0
2825822,0.0
2826823,272.7179612653061
2827824,0.0
2828825,0.0
2829826,0.0
2830827,272.1561252954757
2831828,0.0
2832829,270.6145789858592
2833830,0.0
2834831,252.87294979543523
2835832,0.0
2836833,0.0
2837834,17.246974991101336
2838835,8.241917431127812
2839836,0.0
2840837,287.20860828448536
2841838,262.896710988888
2842839,0.0
2843840,0.0
2844841,0.0
2845842,0.0
2846843,276.987924841919
2847844,14.655254543715344
2848845,256.02945324814925
2849846,0.0
2850847,78.3277702787781
2851848,0.0
2852849,277.16105331986324
2853850,0.0
2854851,0.0
2855852,272.2944864738275
2856853,0.0
2857854,8.6776231933701
2858855,0.0
2859856,253.8080458319918
2860857,0.0
2861858,234.1629500714931
2862859,0.0
2863860,0.0
2864861,0.0
2865862,0.0
2866863,274.93726589270494
2867864,34.29163123574969
2868865,13.88864447341327
2869866,0.0
2870867,0.0
2871868,7.4228586672428465
2872869,0.0
2873870,192.63649545167112
2874871,21.115540299670148
2875872,0.0
2876873,2.6414631833238316
2877874,292.17557969744274
2878875,0.0
2879876,268.38466851987204
2880877,0.0
2881878,0.0
2882879,0.0
2883880,0.0
2884881,256.90079769616415
2885882,10.560774570189306
2886883,7.0606378120096975
2887884,258.0242099932416
2888885,0.0
2889886,0.0
2890887,289.40194313945346
2891888,19.883223026788585
2892889,26.61196485991891
2893890,0.0
2894891,10.684157414183655
2895892,276.1796435236349
2896893,0.0
2897894,0.0
2898895,68.55332279048243
2899896,0.0
2900897,13.188517774402301
2901898,0.0
2902899,0.0
2903900,6.963429800417914
2904901,0.0
2905902,0.0
2906903,0.0
2907904,18.99754109256504
2908905,0.0
2909906,0.0
2910907,281.6585256390608
2911908,265.75854360673634
2912909,259.70653123554865
2913910,21.18288945079778
2914911,0.0
2915912,0.0
2916913,0.0
2917914,8.124127588076758
2918915,0.0
2919916,234.91359802665946
2920917,0.0
2921918,257.3348181907725
2922919,0.0
2923920,0.0
2924921,0.0
2925922,285.6104115856414
2926923,0.0
2927924,0.0
2928925,0.0
2929926,0.0
2930927,9.41071970819328
2931928,255.04946612607387
2932929,0.0
2933930,9.51744262856431
2934931,0.0
2935932,0.0
2936933,0.0
2937934,258.8203815176781
2938935,303.8951821507964
2939936,0.0
2940937,273.2054416108584
2941938,0.0
2942939,293.49748507647223
2943940,271.7895579554659
2944941,0.0
2945942,273.4245103406906
2946943,18.595922666900506
2947944,270.44694365620654
2948945,0.0
2949946,0.0
2950947,245.50851278980966
2951948,0.0
2952949,22.160093609496766
2953950,0.0
2954951,21.47493756693847
2955952,4.33439878856233
2956953,0.0
2957954,0.0
2958955,0.0
2959956,3.575183513756363
2960957,0.0
2961958,230.12991897120668
2962959,0.0
2963960,0.0
2964961,5.43912450003587
2965962,265.6506974962089
2966963,0.0
2967964,0.0
2968965,0.0
2969966,10.755649582435712
2970967,262.40962924448746
2971968,0.0
2972969,0.0
2973970,270.4239183275914
2974971,290.34682494655186
2975972,0.0
2976973,0.0
2977974,0.0
2978975,0.0
2979976,1.7581872740691395
2980977,303.8017779240741
2981978,7.446399128280959
2982979,0.0
2983980,133.68658520154966
2984981,0.0
2985982,0.0
2986983,0.0
2987984,0.0
2988985,0.0
2989986,0.0
2990987,0.0
2991988,0.0
2992989,0.0
2993990,0.0
2994991,256.61928111999924
2995992,0.0
2996993,304.22429035702316
2997994,302.7481448548512
2998995,295.9731394507066
2999996,259.640186103262
3000997,0.0
3001998,0.0
3002999,0.0
3004000,0.0
3005001,0.0
3006002,0.0
3007003,39.69547635724042
3008004,0.0
3009005,268.83284366616834
3010006,0.0
3011007,17.074455374492775
3012008,0.0
3013009,274.7411230470645
3014010,14.141969825705923
3015011,279.28212462427416
3016012,266.31744529251506
3017013,305.69261394837235
3018014,5.52161433413315
3019015,0.0
3020016,0.0
3021017,0.0
3022018,307.44020511981034
3023019,289.74831852432953
3024020,0.0
3025021,0.0
3026022,0.0
3027023,7.070995178666762
3028024,298.16860418772245
3029025,0.0
3030026,0.0
3031027,0.0
3032028,284.69918827821886
3033029,0.0
3034030,0.0
3035031,0.0
3036032,280.3719722299527
3037033,268.093711688398
3038034,0.0
3039035,0.0
3040036,266.79050131265205
3041037,0.0
3042038,0.0
3043039,0.0
3044040,285.9981395666517
3045041,18.826804090479403
3046042,26.397185873022824
3047043,29.39418936446709
3048044,0.0
3049045,0.0
3050046,0.0
3051047,0.0
3052048,20.7421515895782
3053049,0.0
3054050,291.0462222545798
3055051,0.0
3056052,0.0
3057053,0.0
3058054,0.0
3059055,9.096214191048869
3060056,22.01768255875715
3061057,255.09100016820298
3062058,0.0
3063059,295.51374566275877
3064060,0.0
3065061,0.0
3066062,0.0
3067063,0.0
3068064,293.854477514657
3069065,280.4710188919278
3070066,0.0
3071067,0.0
3072068,0.0
3073069,0.0
3074070,0.0
3075071,12.607493131835128
3076072,0.0
3077073,313.2212821718942
3078074,0.0
3079075,273.0975634712938
3080076,286.26062685981327
3081077,6.291127602018327
3082078,0.0
3083079,252.40018426050327
3084080,0.0
3085081,0.0
3086082,290.2494165008872
3087083,304.408845492638
3088084,221.26457172115894
3089085,0.0
3090086,0.0
3091087,0.0
3092088,0.0
3093089,0.0
3094090,0.0
3095091,327.561783179138
3096092,10.680787585473595
3097093,0.0
3098094,0.0
3099095,28.380490651263752
3100096,0.0
3101097,12.87784854273248
3102098,262.0626737560819
3103099,272.0558229749328
3104100,0.0
3105101,0.0
3106102,288.8295387316995
3107103,0.0
3108104,0.0
3109105,10.865274261986391
3110106,0.0
3111107,22.585607381933837
3112108,0.0
3113109,25.300278538756928
3114110,0.0
3115111,0.0
3116112,0.0
3117113,306.20907817111134
3118114,14.61880520182533
3119115,260.8569096273657
3120116,4.442382271322596
3121117,0.0
3122118,0.0
3123119,275.73683245331614
3124120,7.211479216947066
3125121,284.37273494155454
3126122,245.6656718410676
3127123,0.0
3128124,0.0
3129125,0.0
3130126,0.0
3131127,19.774052728155947
3132128,301.805361227821
3133129,306.3060162069893
3134130,9.277865463871889
3135131,6.985012830452518
3136132,0.0
3137133,0.0
3138134,0.0
3139135,0.0
3140136,0.0
3141137,0.0
3142138,0.0
3143139,0.0
3144140,12.061484883654044
3145141,284.2672629491594
3146142,0.0
3147143,0.0
3148144,0.0
3149145,8.273172319259936
3150146,303.46101891981374
3151147,0.0
3152148,0.0
3153149,0.0
3154150,21.87680250032583
3155151,14.800944556810487
3156152,0.0
3157153,0.0
3158154,0.0
3159155,18.76274325807041
3160156,0.0
3161157,19.704941812789748
3162158,0.0
3163159,0.0
3164160,0.0
3165161,0.0
3166162,0.0
3167163,0.0
3168164,0.0
3169165,0.0
3170166,0.0
3171167,276.71154029625075
3172168,8.01951654264732
3173169,19.346819040704098
3174170,34.284050250099526
3175171,0.0
3176172,20.388442469962683
3177173,0.0
3178174,0.0
3179175,0.0
3180176,305.7109785720262
3181177,0.0
3182178,0.0
3183179,0.0
3184180,0.0
3185181,0.0
3186182,298.5395582674886
3187183,0.0
3188184,0.0
3189185,0.0
3190186,0.0
3191187,24.514870942503666
3192188,0.0
3193189,0.0
3194190,0.0
3195191,0.0
3196192,0.0
3197193,34.48794138306699
3198194,0.0
3199195,0.0
3200196,0.0
3201197,58.759791452894774
3202198,0.0
3203199,0.0
3204200,0.0
3205201,0.0
3206202,0.0
3207203,0.0
3208204,0.0
3209205,0.0
3210206,268.8257112209718
3211207,298.5967571511286
3212208,0.0
3213209,0.0
3214210,14.751379803994062
3215211,0.0
3216212,0.0
3217213,289.8363072074581
3218214,337.2233743664206
3219215,0.0
3220216,11.56187087626679
3221217,359.67963959068487
3222218,0.0
3223219,335.61611807697665
3224220,126.4788996057296
3225221,0.0
3226222,297.57203442485985
3227223,0.0
3228224,4.33267541709369
3229225,22.81110542006187
3230226,0.0
3231227,19.468311776142514
3232228,323.0960340976203
3233229,306.54233672581177
3234230,0.0
3235231,0.0
3236232,0.0
3237233,10.461269247198878
3238234,0.0
3239235,358.85839088280267
3240236,328.8944347218333
3241237,0.0
3242238,351.7622082218745
3243239,0.0
3244240,0.0
3245241,3.5992101780897983
3246242,7.10028217972999
3247243,23.59680736678392
3248244,12.657065134167619
3249245,291.24388813025286
3250246,0.0
3251247,0.0
3252248,0.0
3253249,0.0
3254250,307.04578303058065
3255251,20.87571942666704
3256252,0.0
3257253,0.0
3258254,353.6412002430581
3259255,0.0
3260256,0.0
3261257,0.0
3262258,0.0
3263259,0.0
3264260,0.0
3265261,0.0
3266262,328.1434410912057
3267263,0.0
3268264,0.0
3269265,0.0
3270266,9.19563673257804
3271267,0.0
3272268,0.0
3273269,10.000643973585676
3274270,0.0
3275271,14.416328863163333
3276272,15.044298786753046
3277273,327.43690482032855
3278274,303.33057634617376
3279275,332.605509655656
3280276,0.0
3281277,0.0
3282278,0.0
3283279,0.0
3284280,321.12385937970294
3285281,0.0
3286282,0.0
3287283,14.990566387406474
3288284,3.4954085954379925
3289285,9.098158914173125
3290286,13.031294777921774
3291287,0.0
3292288,0.0
3293289,0.0
3294290,0.0
3295291,255.8253524075429
3296292,0.0
3297293,0.0
3298294,0.0
3299295,0.0
3300296,324.0244723201577
3301297,0.0
3302298,309.5144365818569
3303299,0.0
3304300,0.0
3305301,0.0
3306302,247.00167252948697
3307303,0.0
3308304,0.0
3309305,0.0
3310306,0.0
3311307,0.0
3312308,0.0
3313309,47.335743792266
3314310,221.9526402920959
3315311,10.79325100921371
3316312,0.0
3317313,0.0
3318314,0.0
3319315,0.0
3320316,10.880509027480356
3321317,0.0
3322318,0.0
3323319,0.0
3324320,0.0
3325321,0.0
3326322,0.0
3327323,0.0
3328324,0.0
3329325,0.0
3330326,196.40622064806894
3331327,0.0
3332328,0.0
3333329,0.0
3334330,0.0
3335331,0.0
3336332,27.71930157448674
3337333,332.07331524443697
3338334,315.1829928548197
3339335,15.854033262632159
3340336,0.0
3341337,15.558696556736438
3342338,0.0
3343339,0.0
3344340,8.422997526007624
3345341,238.35343983911247
3346342,0.0
3347343,0.0
3348344,8.802565976742544
3349345,0.0
3350346,0.0
3351347,243.5636369400564
3352348,3.452616751210915
3353349,0.0
3354350,0.0
3355351,0.0
3356352,0.0
3357353,0.0
3358354,8.012658993603331
3359355,0.0
3360356,0.0
3361357,37.987536517960024
3362358,0.0
3363359,0.0
3364360,0.0
3365361,0.0
3366362,0.0
3367363,113.17433245228912
3368364,1.9436486806016027
3369365,1.9403754281850596
3370366,322.2714131573902
3371367,304.2250027828901
3372368,0.0
3373369,0.0
3374370,330.7644437368586
3375371,17.267273454069898
3376372,295.3458666889494
3377373,247.73408357677758
3378374,0.0
3379375,338.88847531642676
3380376,0.0
3381377,0.0
3382378,0.0
3383379,0.0
3384380,5.399444425681795
3385381,8.225609307724511
3386382,326.36000483629806
3387383,0.0
3388384,0.0
3389385,0.0
3390386,343.90831749138385
3391387,0.0
3392388,0.0
3393389,0.0
3394390,1.695010264783714
3395391,8.813752964960424
3396392,0.0
3397393,0.0
3398394,0.0
3399395,0.0
3400396,24.85543176679016
3401397,283.9281769255469
3402398,0.0
3403399,0.0
3404400,0.0
3405401,0.0
3406402,0.0
3407403,4.452563066843702
3408404,0.0
3409405,0.0
3410406,0.0
3411407,0.0
3412408,0.0
3413409,0.0
3414410,0.0
3415411,0.0
3416412,0.0
3417413,365.1041073370481
3418414,0.0
3419415,326.17037663905415
3420416,0.0
3421417,0.0
3422418,20.80434949320513
3423419,0.0
3424420,340.50249810133266
3425421,29.03708162041099
3426422,0.0
3427423,19.004298523299617
3428424,214.2829213828772
3429425,0.0
3430426,0.0
3431427,285.1930822135302
3432428,0.0
3433429,0.0
3434430,0.0
3435431,0.0
3436432,0.0
3437433,0.0
3438434,0.0
3439435,0.0
3440436,0.0
3441437,0.0
3442438,0.0
3443439,0.0
3444440,0.0
3445441,0.0
3446442,0.0
3447443,0.0
3448444,0.0
3449445,330.8019344516918
3450446,0.0
3451447,0.0
3452448,0.0
3453449,0.0
3454450,158.06555073662963
3455451,6.488124046057051
3456452,307.63530733045457
3457453,302.3967533379724
3458454,0.0
3459455,334.5028244964327
3460456,310.6538948700101
3461457,0.0
3462458,26.796063502792293
3463459,0.0
3464460,0.0
3465461,37.095591167883576
3466462,0.0
3467463,20.302501001842813
3468464,0.0
3469465,0.0
3470466,0.0
3471467,0.0
3472468,0.0
3473469,352.90393757754214
3474470,0.0
3475471,0.0
3476472,19.980518310310057
3477473,0.0
3478474,332.67635917955215
3479475,0.0
3480476,0.0
3481477,0.0
3482478,0.0
3483479,0.0
3484480,0.0
3485481,0.0
3486482,0.0
3487483,0.0
3488484,0.0
3489485,0.0
3490486,1.8399717607779822
3491487,366.6535203968385
3492488,11.552395935144684
3493489,0.0
3494490,0.0
3495491,24.512055104808855
3496492,0.0
3497493,0.0
3498494,0.0
3499495,17.75249681971628
3500496,0.0
3501497,0.0
3502498,0.0
3503499,7.946947409389905
3504500,253.95557631023368
3505501,353.39588990284483
3506502,21.895945773368048
3507503,16.133858873833997
3508504,0.0
3509505,0.0
3510506,357.6424781849775
3511507,0.0
3512508,0.0
3513509,0.0
3514510,365.3145694861832
3515511,0.0
3516512,0.0
3517513,0.0
3518514,0.0
3519515,0.0
3520516,0.0
3521517,0.0
3522518,13.120250309337235
3523519,0.0
3524520,0.0
3525521,0.0
3526522,0.0
3527523,0.0
3528524,0.0
3529525,0.0
3530526,0.0
3531527,349.85139064132636
3532528,0.0
3533529,0.0
3534530,0.0
3535531,0.0
3536532,0.0
3537533,25.480305934275634
3538534,227.38779126532444
3539535,0.0
3540536,0.0
3541537,0.0
3542538,0.0
3543539,383.3396543255297
3544540,30.780800714405885
3545541,395.3492667578449
3546542,0.0
3547543,0.0
3548544,0.0
3549545,393.954973260285
3550546,17.75605575528474
3551547,380.3630638913085
3552548,0.0
3553549,0.0
3554550,384.4478853460209
3555551,0.0
3556552,0.0
3557553,0.0
3558554,373.12200887444345
3559555,0.0
3560556,17.34549771653039
3561557,0.0
3562558,373.22434963384444
3563559,0.0
3564560,0.0
3565561,405.0582571058682
3566562,9.94443987297825
3567563,0.0
3568564,0.0
3569565,307.42343616369016
3570566,379.4558837231713
3571567,0.0
3572568,0.0
3573569,390.3314063144001
3574570,0.0
3575571,0.0
3576572,0.0
3577573,417.29105505916596
3578574,56.36013986379721
3579575,0.0
3580576,382.584636290093
3581577,390.1292363020047
3582578,0.0
3583579,58.26456219837888
3584580,370.9558761695852
3585581,405.9152378613091
3586582,355.4409547684152
3587583,0.0
3588584,11.499560937561744
3589585,370.75218153984713
3590586,404.039486467326
3591587,0.0
3592588,0.0
3593589,354.75506128705894
3594590,0.0
3595591,0.0
3596592,0.0
3597593,406.58483268775296
3598594,0.0
3599595,0.0
3600596,12.61609965573654
3601597,0.0
3602598,6.266719647085581
3603599,0.0
3604600,0.0
3605601,0.0
3606602,286.9972035238256
3607603,398.2588055481851
3608604,0.0
3609605,333.56985356718184
3610606,0.0
3611607,0.0
3612608,0.0
3613609,0.0
3614610,0.0
3615611,0.0
3616612,387.4797512990364
3617613,0.0
3618614,59.669070723611696
3619615,0.0
3620616,0.0
3621617,399.0433022009022
3622618,0.0
3623619,390.4657809228949
3624620,14.45434639300366
3625621,386.09573251747514
3626622,0.0
3627623,0.0
3628624,0.0
3629625,0.0
3630626,0.0
3631627,0.0
3632628,0.0
3633629,383.9609769995391
3634630,12.243696851307236
3635631,0.0
3636632,0.0
3637633,0.0
3638634,412.4594237945169
3639635,0.0
3640636,22.74353276031046
3641637,391.22100527822
3642638,0.0
3643639,0.0
3644640,0.0
3645641,0.0
3646642,0.0
3647643,121.12602068296756
3648644,0.0
3649645,17.99954065945068
3650646,0.0
3651647,6.40035670370888
3652648,0.0
3653649,0.0
3654650,0.0
3655651,0.0
3656652,0.0
3657653,0.0
3658654,345.25946281246786
3659655,0.0
3660656,0.0
3661657,10.499516740432158
3662658,367.28556572897645
3663659,18.13623736295539
3664660,375.40718394215946
3665661,387.6105126803359
3666662,52.001355589062825
3667663,0.0
3668664,0.8936644709906337
3669665,0.0
3670666,11.014066337206872
3671667,0.0
3672668,0.0
3673669,0.0
3674670,0.0
3675671,0.0
3676672,348.64235889549644
3677673,0.0
3678674,0.0
3679675,0.0
3680676,0.0
3681677,0.0
3682678,12.154515063133482
3683679,0.0
3684680,371.6975881841007
3685681,357.67390352287083
3686682,6.234822566408946
3687683,0.0
3688684,367.2535604035393
3689685,22.476908628664898
3690686,370.0650659157611
3691687,0.0
3692688,0.0
3693689,0.0
3694690,0.0
3695691,0.0
3696692,0.0
3697693,0.0
3698694,5.483906526347137
3699695,0.0
3700696,0.0
3701697,13.024351055032758
3702698,0.0
3703699,0.0
3704700,18.02364922439747
3705701,306.3872793685743
3706702,0.0
3707703,0.0
3708704,0.0
3709705,0.0
3710706,0.0
3711707,0.0
3712708,0.0
3713709,0.0
3714710,408.8210494816119
3715711,0.0
3716712,0.0
3717713,0.0
3718714,0.0
3719715,0.0
3720716,368.0585445667673
3721717,10.929702824807846
3722718,29.282671182412102
3723719,8.972058896428608
3724720,0.0
3725721,26.767798029052223
3726722,0.0
3727723,0.0
3728724,0.0
3729725,398.64566819962283
3730726,369.8579943126644
3731727,0.0
3732728,0.0
3733729,0.0
3734730,0.0
3735731,371.9133019009177
3736732,386.42795491500897
3737733,16.18591477767662
3738734,344.97130233993704
3739735,401.94608614959816
3740736,361.21090129966456
3741737,9.607477970036705
3742738,5.445858489284708
3743739,383.685842368627
3744740,0.0
3745741,7.268917317608607
3746742,0.0
3747743,378.8151471642119
3748744,382.2688699527246
3749745,20.329450986727892
3750746,0.0
3751747,376.5543688383234
3752748,377.8088022426491
3753749,27.74658654817643
3754750,0.0
3755751,0.0
3756752,0.0
3757753,0.0
3758754,0.0
3759755,0.0
3760756,0.0
3761757,0.0
3762758,19.908796620555584
3763759,0.0
3764760,14.475125794097101
3765761,0.0
3766762,313.48222072083735
3767763,0.0
3768764,0.0
3769765,13.982648307913857
3770766,342.8815105569031
3771767,0.0
3772768,44.691764946757445
3773769,0.0
3774770,3.494853249717075
3775771,417.26115062688046
3776772,0.0
3777773,0.0
3778774,0.0
3779775,0.0
3780776,403.9549333030703
3781777,382.4863212905994
3782778,8.947790508947595
3783779,384.79379416400036
3784780,2.745871417341002
3785781,0.0
3786782,8.922554878650232
3787783,0.0
3788784,0.0
3789785,0.0
3790786,0.0
3791787,1.6813229453993808
3792788,0.0
3793789,0.0
3794790,39.40804377396969
3795791,0.0
3796792,0.0
3797793,0.0
3798794,8.165660118240435
3799795,0.0
3800796,21.37731748136531
3801797,0.0
3802798,0.0
3803799,0.0
3804800,0.0
3805801,408.255423491106
3806802,0.0
3807803,0.0
3808804,0.0
3809805,0.0
3810806,0.0
3811807,0.0
3812808,0.0
3813809,0.0
3814810,0.0
3815811,0.0
3816812,0.0
3817813,22.14279114277423
3818814,0.0
3819815,0.0
3820816,0.0
3821817,0.0
3822818,22.76071282212478
3823819,0.0
3824820,17.285299423833077
3825821,0.0
3826822,5.497936513985754
3827823,361.2878661600596
3828824,20.963510563847922
3829825,0.0
3830826,0.0
3831827,0.0
3832828,355.8460716524222
3833829,0.0
3834830,0.0
3835831,388.5337269705674
3836832,0.0
3837833,327.85569373637287
3838834,13.536889430561562
3839835,0.0
3840836,0.0
3841837,0.0
3842838,0.0
3843839,0.0
3844840,0.0
3845841,0.0
3846842,292.390520953681
3847843,0.0
3848844,0.0
3849845,10.516783701013194
3850846,381.58086330535735
3851847,0.0
3852848,0.0
3853849,314.7278991611736
3854850,0.0
3855851,3.59225625331008
3856852,0.0
3857853,0.0
3858854,0.0
3859855,0.0
3860856,0.0
3861857,58.56965890035655
3862858,0.0
3863859,10.855532104535259
3864860,0.0
3865861,9.824570621752425
3866862,0.0
3867863,0.0
3868864,0.0
3869865,0.0
3870866,378.81132436723755
3871867,9.065864371142679
3872868,394.4189089593607
3873869,0.0
3874870,6.27085835974786
3875871,13.525945466679843
3876872,0.0
3877873,0.0
3878874,14.86347653769182
3879875,0.0
3880876,0.0
3881877,299.72641872191616
3882878,0.0
3883879,0.0
3884880,0.0
3885881,0.0
3886882,0.0
3887883,0.0
3888884,0.0
3889885,393.6692079895575
3890886,0.0
3891887,17.684155874474026
3892888,0.0
3893889,0.0
3894890,380.90060801313746
3895891,0.0
3896892,5.2815418352612875
3897893,0.0
3898894,353.2466301839505
3899895,357.76232725417015
3900896,0.0
3901897,10.5240827351027
3902898,0.0
3903899,346.37333952074556
3904900,0.0
3905901,33.97499085484688
3906902,9.101239454861577
3907903,11.650607098446036
3908904,12.590237205734025
3909905,0.0
3910906,0.0
3911907,0.0
3912908,0.0
3913909,320.95545962969123
3914910,0.0
3915911,339.4713755735402
3916912,0.0
3917913,0.0
3918914,0.0
3919915,0.0
3920916,6.2428671632761095
3921917,0.0
3922918,0.0
3923919,0.0
3924920,20.96268981973193
3925921,0.0
3926922,0.0
3927923,0.0
3928924,0.0
3929925,0.0
3930926,0.0
3931927,0.0
3932928,375.3855166875033
3933929,0.0
3934930,290.5570071264685
3935931,277.680595227415
3936932,0.0
3937933,29.64118255067728
3938934,299.30257865453774
3939935,0.0
3940936,0.0
3941937,0.0
3942938,0.0
3943939,0.0
3944940,0.0
3945941,1.825053858238212
3946942,20.05261076545412
3947943,0.0
3948944,0.0
3949945,16.309074132756365
3950946,0.0
3951947,0.0
3952948,0.0
3953949,6.22420585599861
3954950,308.2408882981757
3955951,0.0
3956952,0.0
3957953,0.0
3958954,0.0
3959955,0.0
3960956,0.0
3961957,0.0
3962958,6.204642082448486
3963959,0.0
3964960,0.0
3965961,0.0
3966962,0.0
3967963,362.1056984798375
3968964,362.25805370989934
3969965,0.0
3970966,0.0
3971967,0.0
3972968,13.171595540128664
3973969,0.0
3974970,0.0
3975971,0.0
3976972,0.0
3977973,402.2264461953609
3978974,0.0
3979975,0.0
3980976,5.413366600323271
3981977,294.7623576951305
3982978,0.0
3983979,0.0
3984980,0.0
3985981,57.83832617490677
3986982,367.27822084391977
3987983,0.0
3988984,9.065949843274074
3989985,0.0
3990986,0.0
3991987,0.0
3992988,3.43635602036857
3993989,0.0
3994990,0.0
3995991,0.0
3996992,0.0
3997993,18.662632035043888
3998994,0.0
3999995,352.9885828006489
4000996,0.0
4001997,0.0
4002998,0.0
4003999,38.35103012582187
4005000,14.751617763138626
4006001,349.109699387805
4007002,0.0
4008003,0.0
4009004,0.0
4010005,363.7176322532388
4011006,29.09952234678247
4012007,0.0
4013008,372.3154176698415
4014009,0.0
4015010,16.5384037190681
4016011,0.0
4017012,0.0
4018013,0.0
4019014,0.0
4020015,399.87339631615396
4021016,411.3188114810488
4022017,0.0
4023018,0.0
4024019,363.1289050025256
4025020,9.206785167044062
4026021,0.0
4027022,0.0
4028023,25.49902464389347
4029024,0.0
4030025,404.0764766635028
4031026,334.9371969270541
4032027,0.0
4033028,0.0
4034029,0.0
4035030,0.0
4036031,0.0
4037032,0.0
4038033,373.26972170819545
4039034,0.0
4040035,0.0
4041036,0.0
4042037,0.0
4043038,9.2458563565956
4044039,0.0
4045040,2.5981036816357377
4046041,0.0
4047042,387.08378788575203
4048043,0.0
4049044,0.0
4050045,387.03541796766115
4051046,0.0
4052047,20.52911862095627
4053048,0.0
4054049,0.0
4055050,0.0
4056051,0.0
4057052,0.0
4058053,24.79907290782226
4059054,367.06977653535984
4060055,0.0
4061056,0.0
4062057,0.0
4063058,323.1463695496521
4064059,0.0
4065060,0.0
4066061,396.8535735732299
4067062,0.0
4068063,0.0
4069064,0.0
4070065,0.0
4071066,22.95298671681527
4072067,0.0
4073068,0.0
4074069,0.0
4075070,41.75871711314179
4076071,56.969987120330835
4077072,0.0
4078073,0.0
4079074,378.71096165144235
4080075,0.0
4081076,386.80086150186213
4082077,0.0
4083078,0.0
4084079,0.0
4085080,0.0
4086081,0.0
4087082,0.0
4088083,40.51950763283263
4089084,11.77937171067397
4090085,0.0
4091086,0.0
4092087,0.0
4093088,0.0
4094089,0.0
4095090,0.0
4096091,0.0
4097092,38.06835900761193
4098093,0.0
4099094,0.0
4100095,23.443107051670882
4101096,11.715900489561559
4102097,291.45036726797605
4103098,338.2231348343807
4104099,309.37309905034795
4105100,0.0
4106101,10.888527772128255
4107102,20.766952511140342
4108103,2.751461139747703
4109104,9.107937047877334
4110105,0.0
4111106,0.0
4112107,0.0
4113108,0.0
4114109,0.0
4115110,0.0
4116111,0.0
4117112,0.0
4118113,0.0
4119114,0.0
4120115,0.0
4121116,0.0
4122117,385.2976875331045
4123118,0.0
4124119,15.079282109555718
4125120,30.555872150252156
4126121,11.500575398128737
4127122,0.0
4128123,357.222143590267
4129124,12.714739784204975
4130125,0.0
4131126,14.081711855504174
4132127,0.0
4133128,379.9876846197835
4134129,0.0
4135130,371.1749514247337
4136131,0.0
4137132,369.20307887292597
4138133,15.761203339948246
4139134,0.0
4140135,26.166850670117807
4141136,0.0
4142137,0.0
4143138,0.0
4144139,379.96906936642716
4145140,0.0
4146141,351.7432635716128
4147142,0.0
4148143,18.54572902759865
4149144,0.0
4150145,0.0
4151146,0.0
4152147,0.0
4153148,0.0
4154149,0.0
4155150,0.0
4156151,0.0
4157152,335.985668328564
4158153,0.0
4159154,386.0574806049071
4160155,0.0
4161156,0.0
4162157,399.7973447306188
4163158,0.0
4164159,378.28386749411936
4165160,396.40940382973247
4166161,34.669115466883554
4167162,0.0
4168163,0.0
4169164,8.78514278990042
4170165,331.5387497288535
4171166,0.0
4172167,0.0
4173168,0.0
4174169,29.16675001890031
4175170,362.1071209188622
4176171,85.7783843317188
4177172,0.0
4178173,8.885168863801104
4179174,0.0
4180175,0.0
4181176,0.0
4182177,0.0
4183178,0.0
4184179,0.0
4185180,0.0
4186181,0.0
4187182,0.0
4188183,0.0
4189184,0.0
4190185,0.0
4191186,0.0
4192187,0.0
4193188,0.0
4194189,0.0
4195190,0.0
4196191,402.9147510926376
4197192,0.0
4198193,44.29044051060312
4199194,0.0
4200195,0.0
4201196,0.0
4202197,0.0
4203198,0.0
4204199,0.0
4205200,27.794968596406097
4206201,4.454527518417862
4207202,0.0
4208203,357.7661818792093
4209204,0.0
4210205,0.0
4211206,0.0
4212207,41.25708844994189
4213208,0.0
4214209,0.0
4215210,0.0
4216211,0.0
4217212,0.0
4218213,9.985836191320768
4219214,373.64707247124454
4220215,20.961178597755136
4221216,275.62953044835206
4222217,309.03437650724163
4223218,0.0
4224219,0.0
4225220,0.0
4226221,0.0
4227222,0.0
4228223,0.0
4229224,360.47394569148673
4230225,343.91817002417605
4231226,45.08453135987051
4232227,0.0
4233228,0.0
4234229,0.0
4235230,0.0
4236231,386.2011713714346
4237232,23.926545245083815
4238233,0.0
4239234,405.2310089993098
4240235,350.4672116743859
4241236,0.0
4242237,344.29029030512737
4243238,0.0
4244239,24.10186358495285
4245240,153.44625417476652
4246241,355.6258355947388
4247242,0.0
4248243,0.0
4249244,0.0
4250245,0.0
4251246,0.0
4252247,22.236839746688958
4253248,0.0
4254249,367.2277852421075
4255250,0.0
4256251,348.96416026605743
4257252,0.0
4258253,14.22385488518925
4259254,0.0
4260255,0.0
4261256,0.0
4262257,386.33186177045167
4263258,0.0
4264259,0.8988673102020114
4265260,16.22452429009104
4266261,356.5395847071317
4267262,7.116326529393691
4268263,0.0
4269264,2.672870357182152
4270265,0.0
4271266,303.86680719221056
4272267,0.0
4273268,382.43115050137516
4274269,370.29473898093
4275270,0.0
4276271,0.0
4277272,0.0
4278273,0.0
4279274,30.557166117806553
4280275,0.0
4281276,0.0
4282277,390.33325581068686
4283278,0.0
4284279,20.51701547101164
4285280,0.0
4286281,0.0
4287282,0.0
4288283,0.0
4289284,404.64486679213076
4290285,0.0
4291286,0.0
4292287,0.0
4293288,0.0
4294289,0.0
4295290,13.226652485858125
4296291,0.0
4297292,0.0
4298293,343.08125748216077
4299294,404.43818052008726
4300295,432.84845681941033
4301296,0.0
4302297,0.0
4303298,0.0
4304299,0.0
4305300,0.0
4306301,0.0
4307302,0.0
4308303,373.60313903962543
4309304,0.0
4310305,0.0
4311306,0.0
4312307,0.0
4313308,0.0
4314309,0.0
4315310,0.0
4316311,0.0
4317312,0.0
4318313,394.76535448548003
4319314,0.0
4320315,0.0
4321316,11.846591944945244
4322317,0.0
4323318,0.0
4324319,347.2695002049308
4325320,0.0
4326321,0.0
4327322,342.9779450131928
4328323,7.091452942905523
4329324,23.560194623133665
4330325,354.31327543697483
4331326,0.0
4332327,0.0
4333328,0.0
4334329,0.0
4335330,0.0
4336331,16.328308549743653
4337332,0.0
4338333,373.8529870850454
4339334,0.0
4340335,0.0
4341336,0.0
4342337,396.32834893571805
4343338,0.0
4344339,0.0
4345340,353.83608485862976
4346341,0.0
4347342,0.0
4348343,0.0
4349344,0.0
4350345,365.77768878913804
4351346,0.0
4352347,0.0
4353348,391.0384474968894
4354349,333.56893564954066
4355350,0.0
4356351,0.0
4357352,14.132293205922657
4358353,0.0
4359354,22.92651020721158
4360355,344.8194379433669
4361356,0.0
4362357,10.075150101231568
4363358,379.02944980434756
4364359,385.81906681623576
4365360,0.0
4366361,0.0
4367362,0.0
4368363,0.0
4369364,0.0
4370365,374.85789886253275
4371366,17.76538767923819
4372367,7.114922957461887
4373368,0.0
4374369,0.0
4375370,383.50600081460965
4376371,336.6315988316862
4377372,0.0
4378373,0.0
4379374,10.754983525446148
4380375,0.0
4381376,0.0
4382377,0.0
4383378,0.0
4384379,16.02052502349065
4385380,10.702102163360873
4386381,162.6649409697774
4387382,0.0
4388383,0.0
4389384,30.979339494788732
4390385,0.0
4391386,0.0
4392387,0.0
4393388,9.234342214182666
4394389,0.0
4395390,0.0
4396391,22.597014198235936
4397392,0.0
4398393,0.0
4399394,12.870632769102322
4400395,2.6883401163313403
4401396,345.50292958449745
4402397,0.0
4403398,8.644941103880168
4404399,366.0136348423255
4405400,0.0
4406401,47.963411290684775
4407402,0.0
4408403,312.93555937945615
4409404,0.0
4410405,0.0
4411406,5.704187323193778
4412407,0.0
4413408,0.0
4414409,0.0
4415410,0.0
4416411,303.9261051402374
4417412,0.0
4418413,0.0
4419414,0.0
4420415,0.0
4421416,19.757164448073713
4422417,341.47551688511624
4423418,374.75457230208934
4424419,0.0
4425420,0.0
4426421,375.6384021120047
4427422,0.0
4428423,381.81922769610577
4429424,364.9871490298549
4430425,0.0
4431426,0.0
4432427,0.0
4433428,345.42939051504504
4434429,13.115375108636892
4435430,0.0
4436431,0.0
4437432,0.0
4438433,0.0
4439434,0.0
4440435,0.0
4441436,4.62785820457054
4442437,0.0
4443438,356.16752933680925
4444439,16.222867326970814
4445440,386.62931377109425
4446441,0.0
4447442,0.0
4448443,0.0
4449444,341.4258016329978
4450445,8.299036355881531
4451446,31.923289873823816
4452447,10.998753028148098
4453448,0.0
4454449,65.57889802468193
4455450,348.47764329773656
4456451,0.0
4457452,0.0
4458453,414.03741955808056
4459454,5.355454158007698
4460455,0.0
4461456,26.39362087918035
4462457,0.0
4463458,0.0
4464459,0.0
4465460,0.0
4466461,0.0
4467462,368.3759775255371
4468463,0.0
4469464,0.0
4470465,0.0
4471466,0.0
4472467,0.0
4473468,0.0
4474469,0.0
4475470,0.0
4476471,0.0
4477472,0.0
4478473,369.68083049004997
4479474,34.59845582288777
4480475,0.0
4481476,0.0
4482477,0.0
4483478,0.0
4484479,0.0
4485480,0.0
4486481,0.0
4487482,0.0
4488483,0.0
4489484,0.0
4490485,0.0
4491486,4.596176764500952
4492487,339.0153432144024
4493488,0.0
4494489,327.7971212125956
4495490,342.30393709760835
4496491,0.0
4497492,0.0
4498493,305.838899494193
4499494,367.6864290337795
4500495,0.0
4501496,0.0
4502497,0.0
4503498,0.0
4504499,385.50363103737817
4505500,0.0
4506501,0.0
4507502,0.0
4508503,15.991098332325969
4509504,0.0
4510505,21.01705045555845
4511506,0.0
4512507,0.0
4513508,396.6860038557601
4514509,306.7094191162189
4515510,0.0
4516511,0.0
4517512,0.0
4518513,0.0
4519514,286.7570294738693
4520515,294.26275162588547
4521516,343.86418477375844
4522517,0.0
4523518,389.2150281170003
4524519,362.1589988693405
4525520,0.0
4526521,0.0
4527522,48.62386379013497
4528523,34.895482029703125
4529524,11.13972395107708
4530525,0.0
4531526,22.293864152604847
4532527,4.593289901900382
4533528,0.0
4534529,0.0
4535530,0.0
4536531,0.0
4537532,0.0
4538533,8.385189765272196
4539534,0.0
4540535,9.10107819014461
4541536,13.326772569091466
4542537,0.0
4543538,393.4249252842855
4544539,398.8993096762907
4545540,0.0
4546541,0.0
4547542,307.3034984298143
4548543,0.0
4549544,0.0
4550545,346.85508179959885
4551546,394.62186176090546
4552547,10.754808299739862
4553548,73.91471231177277
4554549,15.455306492681144
4555550,0.0
4556551,0.0
4557552,0.0
4558553,0.0
4559554,0.0
4560555,369.7775811188976
4561556,369.345623490174
4562557,346.72126553355
4563558,0.0
4564559,33.32499734574473
4565560,0.0
4566561,0.0
4567562,0.0
4568563,0.0
4569564,377.82922412914024
4570565,0.0
4571566,17.105939203120613
4572567,375.7817989281878
4573568,0.0
4574569,326.20582852643497
4575570,379.6949162390769
4576571,0.0
4577572,0.0
4578573,391.73881030333007
4579574,0.0
4580575,3.582853551722649
4581576,344.50990163252175
4582577,0.0
4583578,0.0
4584579,0.0
4585580,0.0
4586581,0.0
4587582,0.0
4588583,371.7103604587779
4589584,351.08107670005154
4590585,0.0
4591586,388.31989973903814
4592587,0.0
4593588,388.33671177963595
4594589,0.0
4595590,0.0
4596591,0.0
4597592,0.0
4598593,0.0
4599594,31.35632111511324
4600595,0.0
4601596,13.629436136203038
4602597,0.0
4603598,0.0
4604599,10.216140887697513
4605600,10.64171426811185
4606601,1.7296363904784051
4607602,0.0
4608603,14.665474294185836
4609604,0.0
4610605,0.0
4611606,0.0
4612607,0.0
4613608,0.0
4614609,0.0
4615610,0.0
4616611,0.0
4617612,366.70890919835495
4618613,11.33266792877544
4619614,0.0
4620615,0.0
4621616,0.0
4622617,0.0
4623618,17.52094810264021
4624619,18.509311107024008
4625620,0.0
4626621,0.0
4627622,359.5052050391878
4628623,0.0
4629624,11.871286383563637
4630625,8.76210883075814
4631626,0.0
4632627,18.758145045579504
4633628,2.6147168733158583
4634629,0.0
4635630,391.5209136779394
4636631,0.0
4637632,371.0460668762728
4638633,0.0
4639634,0.0
4640635,0.0
4641636,377.30213720762896
4642637,322.7334665007447
4643638,0.0
4644639,0.0
4645640,0.0
4646641,382.7215503918661
4647642,0.0
4648643,0.0
4649644,0.0
4650645,19.471770638845936
4651646,0.0
4652647,0.0
4653648,0.0
4654649,365.8813387263811
4655650,0.0
4656651,0.0
4657652,0.0
4658653,0.0
4659654,0.0
4660655,36.06974796080816
4661656,13.267462860931962
4662657,39.565545833756275
4663658,18.516786502301464
4664659,360.21729911404157
4665660,0.0
4666661,0.0
4667662,0.0
4668663,0.0
4669664,391.842192520377
4670665,0.0
4671666,294.83952482795723
4672667,0.0
4673668,0.0
4674669,0.0
4675670,0.0
4676671,0.0
4677672,0.0
4678673,0.0
4679674,369.2115383160788
4680675,12.99779739622174
4681676,18.8171485239189
4682677,0.0
4683678,0.0
4684679,0.0
4685680,0.0
4686681,0.0
4687682,0.0
4688683,0.0
4689684,0.0
4690685,0.0
4691686,8.212039771878072
4692687,0.0
4693688,3.6101409876638044
4694689,0.0
4695690,370.70534440218853
4696691,0.0
4697692,363.2129182086904
4698693,356.54640422522266
4699694,347.8218355571851
4700695,15.137123343266712
4701696,0.0
4702697,346.99159289016194
4703698,0.0
4704699,13.552928059389629
4705700,0.0
4706701,0.0
4707702,0.0
4708703,0.0
4709704,0.0
4710705,0.0
4711706,0.0
4712707,18.08505515409611
4713708,0.0
4714709,18.78149771319958
4715710,383.4240487118212
4716711,4.582037880993703
4717712,321.9602589751863
4718713,0.0
4719714,386.94035764097555
4720715,49.79203157390608
4721716,359.10110655174424
4722717,0.0
4723718,0.0
4724719,0.0
4725720,0.0
4726721,0.0
4727722,0.0
4728723,358.8015342314194
4729724,0.0
4730725,9.870808775727538
4731726,0.0
4732727,0.0
4733728,0.0
4734729,347.07307897720324
4735730,0.0
4736731,209.45097059931373
4737732,0.0
4738733,0.0
4739734,353.8442535534303
4740735,0.0
4741736,0.0
4742737,0.0
4743738,0.0
4744739,367.22420264379974
4745740,0.0
4746741,0.0
4747742,0.0
4748743,18.248442914410198
4749744,12.086148528061885
4750745,0.0
4751746,0.0
4752747,359.07750610714237
4753748,13.345312508515073
4754749,0.0
4755750,352.49561702568246
4756751,374.6330568435786
4757752,0.0
4758753,0.0
4759754,0.0
4760755,0.0
4761756,0.0
4762757,372.48075821281174
4763758,0.0
4764759,0.0
4765760,0.0
4766761,0.0
4767762,0.0
4768763,16.97669126039692
4769764,0.0
4770765,4.298940135027112
4771766,0.0
4772767,0.0
4773768,0.0
4774769,0.0
4775770,329.0110550171529
4776771,0.0
4777772,371.35216168180096
4778773,0.0
4779774,20.792274324625968
4780775,22.971504316689522
4781776,390.1659706828485
4782777,0.0
4783778,357.40673617573026
4784779,359.4672991316475
4785780,0.0
4786781,0.0
4787782,13.060268239600246
4788783,0.0
4789784,5.335571155822734
4790785,0.0
4791786,0.0
4792787,380.02273168254806
4793788,0.0
4794789,340.9930789111158
4795790,375.3462402304936
4796791,0.0
4797792,0.0
4798793,131.07401085662542
4799794,0.0
4800795,0.0
4801796,0.0
4802797,393.07323638373856
4803798,0.0
4804799,10.892705292630907
4805800,373.4356835390849
4806801,9.906405074444613
4807802,372.618072796377
4808803,0.0
4809804,0.0
4810805,0.0
4811806,0.0
4812807,0.0
4813808,0.0
4814809,23.976479032615362
4815810,0.0
4816811,13.89164527613747
4817812,0.0
4818813,0.0
4819814,0.0
4820815,2.8147972294408308
4821816,37.780020639090985
4822817,355.4705837671046
4823818,0.0
4824819,389.6519877807158
4825820,0.0
4826821,0.0
4827822,1.7152189003925624
4828823,6.141541913957746
4829824,26.327058509823708
4830825,316.7881071489266
4831826,0.0
4832827,18.153720060734916
4833828,0.0
4834829,0.0
4835830,0.0
4836831,0.0
4837832,0.0
4838833,0.0
4839834,0.0
4840835,0.0
4841836,0.0
4842837,0.0
4843838,18.64218455277186
4844839,41.290294823994294
4845840,0.0
4846841,0.0
4847842,0.0
4848843,0.0
4849844,17.054730109844648
4850845,0.0
4851846,0.0
4852847,0.0
4853848,0.0
4854849,0.0
4855850,0.0
4856851,0.0
4857852,256.10601059282135
4858853,0.0
4859854,6.183217021322524
4860855,0.0
4861856,25.30796148124384
4862857,11.878264762781473
4863858,294.14459058049033
4864859,17.740629286327923
4865860,0.0
4866861,0.0
4867862,0.0
4868863,0.0
4869864,292.6694732828657
4870865,3.772748842745209
4871866,256.2042715208454
4872867,0.0
4873868,22.546327864064054
4874869,0.0
4875870,301.1770750022787
4876871,8.211011782868642
4877872,0.0
4878873,288.6725547557104
4879874,0.0
4880875,0.0
4881876,0.0
4882877,12.572190220959174
4883878,0.0
4884879,0.0
4885880,0.0
4886881,300.87580380123273
4887882,11.399483598762805
4888883,310.0548760535273
4889884,0.0
4890885,0.0
4891886,324.8053481028521
4892887,0.0
4893888,0.0
4894889,0.0
4895890,0.0
4896891,342.46075381269907
4897892,0.0
4898893,0.0
4899894,16.116322294535237
4900895,323.0642225049257
4901896,0.0
4902897,348.62889845703273
4903898,325.3722452070569
4904899,331.8223736427867
4905900,0.0
4906901,331.0694854095131
4907902,0.0
4908903,0.0
4909904,0.0
4910905,314.0319117137202
4911906,334.38377668516785
4912907,0.0
4913908,0.0
4914909,26.736747736666583
4915910,17.146572190327365
4916911,0.0
4917912,0.0
4918913,102.33093655421274
4919914,0.0
4920915,0.0
4921916,0.0
4922917,0.0
4923918,0.0
4924919,0.0
4925920,0.0
4926921,353.7414940742943
4927922,0.0
4928923,0.0
4929924,0.0
4930925,0.0
4931926,8.06139268209984
4932927,7.210062132613032
4933928,14.803234408002414
4934929,0.0
4935930,0.0
4936931,6.08471606019856
4937932,313.07544941026333
4938933,0.0
4939934,0.0
4940935,313.39861018225923
4941936,0.0
4942937,0.0
4943938,0.0
4944939,0.0
4945940,0.0
4946941,357.23234835083457
4947942,268.06534058297956
4948943,317.3623267428187
4949944,0.0
4950945,0.0
4951946,14.169468440266435
4952947,0.0
4953948,0.0
4954949,0.0
4955950,0.0
4956951,0.0
4957952,0.0
4958953,0.0
4959954,350.8151294327271
4960955,0.0
4961956,0.0
4962957,0.0
4963958,351.7592984485417
4964959,334.14542851728254
4965960,0.0
4966961,307.94283496690616
4967962,0.0
4968963,14.383873792598633
4969964,347.73674550612213
4970965,345.1705353434984
4971966,325.08192181637247
4972967,278.458473426153
4973968,0.0
4974969,0.0
4975970,26.167998340050016
4976971,0.0
4977972,0.0
4978973,0.0
4979974,309.188785083405
4980975,315.15910586359524
4981976,0.0
4982977,337.20998627935444
4983978,0.0
4984979,0.0
4985980,326.08171730535133
4986981,342.47236666947066
4987982,352.7092244165778
4988983,0.0
4989984,0.0
4990985,341.8394364677428
4991986,22.097349681266824
4992987,355.160510165019
4993988,0.0
4994989,0.0
4995990,0.0
4996991,0.0
4997992,0.0
4998993,0.0
4999994,0.0
5000995,366.9405896131472
5001996,0.0
5002997,303.93622072231227
5003998,0.0
5004999,0.0
5006000,20.870805127934467
5007001,347.3878479641181
5008002,0.0
5009003,350.1185605418235
5010004,2.731616823969976
5011005,10.683445078796819
5012006,0.0
5013007,368.4827350480264
5014008,317.27258357532855
5015009,0.0
5016010,311.5655084214619
5017011,0.0
5018012,333.12845327116327
5019013,0.0
5020014,335.7718227927086
5021015,0.0
5022016,0.0
5023017,0.0
5024018,17.747195706075075
5025019,0.0
5026020,0.0
5027021,0.0
5028022,0.0
5029023,0.0
5030024,355.872232314496
5031025,32.192124391134776
5032026,0.0
5033027,0.0
5034028,0.0
5035029,0.0
5036030,0.0
5037031,298.04156138947246
5038032,15.835531726852139
5039033,0.0
5040034,359.4592017402631
5041035,351.54377741433336
5042036,0.0
5043037,0.0
5044038,21.572114716982004
5045039,0.0
5046040,0.0
5047041,0.0
5048042,0.0
5049043,23.813437704514758
5050044,0.0
5051045,0.0
5052046,0.0
5053047,309.396085524422
5054048,0.0
5055049,0.0
5056050,0.0
5057051,253.51273335295235
5058052,0.0
5059053,0.0
5060054,0.0
5061055,337.9081129850931
5062056,0.0
5063057,0.0
5064058,0.0
5065059,10.543749349000299
5066060,0.0
5067061,0.0
5068062,0.0
5069063,335.6785857810944
5070064,0.0
5071065,0.0
5072066,0.0
5073067,0.0
5074068,44.48178312770972
5075069,53.52447368667077
5076070,0.0
5077071,0.0
5078072,11.625794784484892
5079073,0.0
5080074,0.0
5081075,370.33745285035104
5082076,0.0
5083077,304.8370058846038
5084078,0.0
5085079,51.42876501566266
5086080,4.585583439654083
5087081,78.39351220063404
5088082,0.0
5089083,354.60578062507756
5090084,289.16044582993544
5091085,368.2845948676651
5092086,0.0
5093087,375.8450950534606
5094088,0.0
5095089,0.0
5096090,0.0
5097091,0.0
5098092,4.573335729174696
5099093,0.0
5100094,0.0
5101095,0.0
5102096,311.2139115522749
5103097,0.0
5104098,0.0
5105099,0.0
5106100,21.598421815509713
5107101,0.0
5108102,0.0
5109103,0.0
5110104,0.0
5111105,13.463163317776475
5112106,0.0
5113107,397.3881842199858
5114108,0.0
5115109,0.0
5116110,367.6752165256127
5117111,0.0
5118112,0.0
5119113,0.0
5120114,368.22378431170876
5121115,353.6847920370367
5122116,23.09345545352965
5123117,0.0
5124118,9.009233253472049
5125119,0.0
5126120,0.0
5127121,0.0
5128122,344.72739793778544
5129123,0.0
5130124,0.0
5131125,0.0
5132126,0.0
5133127,0.0
5134128,0.0
5135129,0.0
5136130,0.0
5137131,15.628079954275854
5138132,0.0
5139133,0.0
5140134,0.0
5141135,0.0
5142136,11.849986307817062
5143137,24.73839812347204
5144138,9.267922279596203
5145139,0.0
5146140,10.380611404524338
5147141,0.0
5148142,0.0
5149143,0.0
5150144,256.4018527186907
5151145,319.4287040353808
5152146,0.0
5153147,7.432236532481578
5154148,0.0
5155149,20.180376372328368
5156150,0.0
5157151,0.0
5158152,271.2758744600597
5159153,0.0
5160154,0.0
5161155,0.0
5162156,0.0
5163157,0.0
5164158,347.81044553802116
5165159,35.367548526894545
5166160,324.8495272549432
5167161,259.208795221236
5168162,0.0
5169163,0.0
5170164,0.0
5171165,0.0
5172166,0.0
5173167,0.0
5174168,0.0
5175169,347.60713878005373
5176170,0.0
5177171,302.8699399419588
5178172,0.0
5179173,13.446356263010497
5180174,8.916008808258699
5181175,0.0
5182176,351.36076769431475
5183177,287.10079857226276
5184178,0.0
5185179,0.0
5186180,313.78175637933396
5187181,0.0
5188182,0.0
5189183,364.1042553219138
5190184,28.35748088576687
5191185,372.9015189093319
5192186,343.8670011774718
5193187,0.0
5194188,0.0
5195189,7.492609932273056
5196190,276.49829976055963
5197191,0.0
5198192,0.0
5199193,343.9296054253299
5200194,0.0
5201195,332.2682838682906
5202196,0.0
5203197,0.0
5204198,0.0
5205199,285.3495314025198
5206200,18.529943037217272
5207201,251.70079028858189
5208202,0.0
5209203,340.73238414195043
5210204,168.29237376079823
5211205,0.0
5212206,291.1041423097486
5213207,0.0
5214208,20.105290604009976
5215209,0.0
5216210,0.0
5217211,0.0
5218212,10.712464465921064
5219213,0.0
5220214,0.0
5221215,0.0
5222216,6.2866733834277655
5223217,0.0
5224218,0.0
5225219,0.0
5226220,0.0
5227221,318.1957747718126
5228222,0.0
5229223,0.0
5230224,0.0
5231225,0.0
5232226,0.0
5233227,0.0
5234228,0.0
5235229,26.527970200325974
5236230,0.0
5237231,0.0
5238232,364.2663947774252
5239233,0.0
5240234,0.0
5241235,0.0
5242236,0.0
5243237,5.499275050926409
5244238,0.0
5245239,15.841744829815621
5246240,6.601460545968585
5247241,297.8620599934369
5248242,311.0668206979264
5249243,0.0
5250244,0.0
5251245,0.0
5252246,0.0
5253247,0.0
5254248,24.378121664263688
5255249,6.179931295299067
5256250,0.0
5257251,0.0
5258252,0.0
5259253,379.35086816152847
5260254,281.82855507940786
5261255,0.0
5262256,0.0
5263257,17.357358910141592
5264258,0.0
5265259,0.0
5266260,0.0
5267261,0.0
5268262,348.4404690647663
5269263,0.0
5270264,328.90413143320876
5271265,0.0
5272266,0.0
5273267,11.799873928169228
5274268,346.053086415672
5275269,352.2586947110007
5276270,0.0
5277271,0.0
5278272,340.65460777811785
5279273,0.0
5280274,0.0
5281275,28.67568195214917
5282276,0.0
5283277,13.28024132921097
5284278,0.0
5285279,0.0
5286280,0.0
5287281,0.0
5288282,0.0
5289283,0.0
5290284,0.0
5291285,0.0
5292286,0.0
5293287,0.0
5294288,325.5945169709505
5295289,0.0
5296290,0.0
5297291,0.0
5298292,386.07888134180547
5299293,0.0
5300294,0.0
5301295,0.0
5302296,16.451198551400328
5303297,0.0
5304298,0.0
5305299,0.0
5306300,0.0
5307301,0.0
5308302,0.0
5309303,28.121999972873297
5310304,0.0
5311305,14.543843582811597
5312306,0.0
5313307,322.4326191306683
5314308,346.26926800057777
5315309,0.0
5316310,0.0
5317311,0.0
5318312,0.0
5319313,381.3934412516811
5320314,20.013462162490555
5321315,0.0
5322316,0.0
5323317,0.0
5324318,310.0721828493883
5325319,0.0
5326320,379.6553699003039
5327321,3.581162170666154
5328322,0.0
5329323,352.7945964289275
5330324,0.0
5331325,0.0
5332326,11.690033116837077
5333327,0.0
5334328,0.0
5335329,12.444760105331081
5336330,392.22809754847555
5337331,0.0
5338332,363.14104337477767
5339333,361.33037722829283
5340334,0.0
5341335,0.0
5342336,0.0
5343337,0.0
5344338,326.3431309326583
5345339,0.0
5346340,50.542743139344196
5347341,0.0
5348342,352.5361999660521
5349343,0.0
5350344,0.0
5351345,0.0
5352346,36.03097957578669
5353347,0.0
5354348,0.0
5355349,0.0
5356350,348.82152044468563
5357351,0.0
5358352,378.3518955857838
5359353,0.0
5360354,10.334787076083677
5361355,0.0
5362356,398.4098456573923
5363357,16.77554680810256
5364358,0.0
5365359,0.0
5366360,0.0
5367361,0.0
5368362,367.3735314186571
5369363,362.7045087539607
5370364,0.0
5371365,363.48681706714905
5372366,384.95963860905823
5373367,0.0
5374368,0.0
5375369,0.0
5376370,361.27033671917945
5377371,0.0
5378372,0.0
5379373,26.07521114931378
5380374,0.0
5381375,0.0
5382376,0.0
5383377,0.0
5384378,365.90359879027415
5385379,358.0776701327249
5386380,361.3873241339507
5387381,378.9277337877634
5388382,0.0
5389383,0.0
5390384,23.25015248276542
5391385,368.03714203644046
5392386,0.0
5393387,0.0
5394388,0.0
5395389,0.0
5396390,0.0
5397391,361.7969573519804
5398392,0.0
5399393,0.0
5400394,378.44400846929517
5401395,0.0
5402396,377.07840752626856
5403397,11.8092268676854
5404398,391.8040946033864
5405399,0.0
5406400,0.0
5407401,0.0
5408402,0.0
5409403,0.0
5410404,0.0
5411405,378.4644549772745
5412406,364.7343896128987
5413407,13.548527478414133
5414408,0.0
5415409,0.0
5416410,0.0
5417411,0.0
5418412,366.11917967548936
5419413,10.614502824438674
5420414,378.52983095475975
5421415,369.3357780255378
5422416,0.0
5423417,17.66529996062517
5424418,372.26601414038004
5425419,0.0
5426420,7.2183598887392
5427421,0.0
5428422,0.0
5429423,0.0
5430424,0.0
5431425,0.0
5432426,0.0
5433427,365.5193308925338
5434428,0.0
5435429,0.0
5436430,0.0
5437431,3.598156479826823
5438432,0.0
5439433,378.0360668314433
5440434,0.0
5441435,0.0
5442436,0.0
5443437,307.0569463905094
5444438,384.07567237559874
5445439,380.9480782825136
5446440,349.82119223636016
5447441,311.56901276645624
5448442,0.0
5449443,0.0
5450444,0.0
5451445,70.28035127548156
5452446,380.5805603828396
5453447,0.0
5454448,0.0
5455449,0.0
5456450,371.3039111202294
5457451,0.0
5458452,0.0
5459453,0.0
5460454,379.0426729927023
5461455,0.0
5462456,375.13111797081723
5463457,357.48631720584365
5464458,0.0
5465459,14.670791410911862
5466460,0.0
5467461,0.0
5468462,384.1080361934276
5469463,384.83925306132465
5470464,0.0
5471465,0.0
5472466,0.0
5473467,0.0
5474468,1.748150489563468
5475469,386.8261983016503
5476470,0.0
5477471,364.5992376383227
5478472,17.28296749534824
5479473,0.0
5480474,0.0
5481475,0.0
5482476,0.0
5483477,0.0
5484478,0.0
5485479,12.592968002525335
5486480,0.0
5487481,387.3343718834198
5488482,0.0
5489483,238.20586247806352
5490484,369.5848672209308
5491485,10.168959575627635
5492486,0.0
5493487,347.5081046163291
5494488,23.984302530687792
5495489,0.0
5496490,0.0
5497491,365.0847466268857
5498492,370.01748675807147
5499493,0.0
5500494,0.0
5501495,365.65561018328435
5502496,0.0
5503497,391.2824294195051
5504498,0.0
5505499,355.42261960869763
5506500,0.0
5507501,368.3252411417029
5508502,374.1399136626743
5509503,358.0608263761113
5510504,0.0
5511505,6.359694318788276
5512506,0.0
5513507,0.0
5514508,0.0
5515509,0.0
5516510,0.0
5517511,42.435954130197544
5518512,0.0
5519513,0.0
5520514,25.72805564667042
5521515,371.27052725079045
5522516,384.81092649341275
5523517,0.0
5524518,0.8940581171039194
5525519,372.9143820308226
5526520,13.025426789751009
5527521,0.0
5528522,364.94124084096114
5529523,0.0
5530524,0.0
5531525,322.23212457016456
5532526,358.7254556791129
5533527,0.0
5534528,0.0
5535529,0.0
5536530,0.0
5537531,0.0
5538532,371.97445091250955
5539533,0.0
5540534,0.0
5541535,392.1749071984433
5542536,364.6052832381634
5543537,0.0
5544538,0.0
5545539,31.018433691017144
5546540,0.0
5547541,386.36627603103
5548542,0.0
5549543,0.0
5550544,0.0
5551545,0.0
5552546,0.0
5553547,0.0
5554548,0.0
5555549,0.0
5556550,0.0
5557551,335.21578545851366
5558552,0.0
5559553,0.0
5560554,366.6935283526907
5561555,0.0
5562556,0.0
5563557,0.0
5564558,0.0
5565559,0.0
5566560,0.0
5567561,0.0
5568562,377.9327882933939
5569563,353.78849867398816
5570564,367.67226549633097
5571565,327.4496054345981
5572566,348.7658322954969
5573567,0.0
5574568,0.0
5575569,0.0
5576570,0.0
5577571,0.0
5578572,0.0
5579573,0.0
5580574,364.74736617624785
5581575,9.469851610586883
5582576,339.05566947426564
5583577,0.0
5584578,0.0
5585579,0.0
5586580,0.0
5587581,0.0
5588582,9.800661024064926
5589583,0.0
5590584,0.0
5591585,0.0
5592586,0.0
5593587,0.0
5594588,0.0
5595589,0.0
5596590,13.511284662226398
5597591,0.0
5598592,0.946803492352179
5599593,13.754901929457617
5600594,0.0
5601595,381.9783653838739
5602596,0.0
5603597,244.09144257957027
5604598,34.55143904720695
5605599,0.0
5606600,0.0
5607601,0.0
5608602,0.0
5609603,380.4501122970247
5610604,0.0
5611605,331.7589220343588
5612606,371.3167241440835
5613607,20.24984581523534
5614608,0.0
5615609,23.395841304958633
5616610,4.676180255959475
5617611,0.0
5618612,0.0
5619613,0.0
5620614,370.32921794794856
5621615,10.141891301960529
5622616,359.72779462193796
5623617,0.0
5624618,380.394169933538
5625619,0.0
5626620,13.50921341992539
5627621,0.0
5628622,8.038012506364836
5629623,0.0
5630624,309.5413586216741
5631625,0.0
5632626,0.0
5633627,0.0
5634628,0.0
5635629,0.0
5636630,355.51719445885783
5637631,0.0
5638632,6.420992763899185
5639633,0.0
5640634,0.0
5641635,0.0
5642636,399.97325207967697
5643637,8.7987949719133
5644638,0.0
5645639,0.0
5646640,0.0
5647641,346.96966712382016
5648642,354.21701841558075
5649643,0.0
5650644,0.0
5651645,0.0
5652646,0.0
5653647,13.420172949626197
5654648,340.91273088338676
5655649,0.0
5656650,8.23179896210311
5657651,373.4981912675972
5658652,0.0
5659653,357.9846506655546
5660654,345.7539343544647
5661655,0.0
5662656,0.0
5663657,0.0
5664658,0.0
5665659,369.5111774590957
5666660,0.0
5667661,359.1238133703883
5668662,348.59386580019606
5669663,373.49857151601617
5670664,369.8615668340319
5671665,0.0
5672666,0.0
5673667,0.0
5674668,370.276417500792
5675669,381.7031824935575
5676670,0.0
5677671,0.0
5678672,0.0
5679673,0.0
5680674,347.99100067978753
5681675,0.0
5682676,339.1192718100955
5683677,0.0
5684678,0.0
5685679,0.0
5686680,23.1257255627997
5687681,9.254042473870856
5688682,15.482603207064559
5689683,0.0
5690684,0.0
5691685,349.2862567290851
5692686,357.50868184656133
5693687,6.401405559860329
5694688,0.0
5695689,356.6191650117737
5696690,0.0
5697691,375.91920120217264
5698692,374.9277792054059
5699693,0.0
5700694,0.0
5701695,0.0
5702696,0.0
5703697,0.0
5704698,382.77664567527364
5705699,12.766214973467546
5706700,0.0
5707701,0.0
5708702,0.0
5709703,0.0
5710704,0.0
5711705,329.96499131967033
5712706,0.0
5713707,0.0
5714708,389.3293994052856
5715709,0.0
5716710,19.05187419383117
5717711,0.0
5718712,0.0
5719713,368.0521308565413
5720714,0.0
5721715,18.832734289863755
5722716,0.0
5723717,14.514011366597327
5724718,0.0
5725719,0.0
5726720,0.0
5727721,0.0
5728722,0.0
5729723,0.0
5730724,0.0
5731725,7.705787246253216
5732726,0.0
5733727,0.0
5734728,252.05060014060635
5735729,17.186433424767216
5736730,41.64762219461246
5737731,0.0
5738732,18.062602737528486
5739733,45.776911860528266
5740734,0.0
5741735,0.0
5742736,0.0
5743737,0.0
5744738,7.3389689968987675
5745739,13.046482497749134
5746740,25.99044789068119
5747741,0.0
5748742,0.0
5749743,0.0
5750744,0.0
5751745,363.44151571327325
5752746,0.0
5753747,0.0
5754748,12.708726771402283
5755749,357.98904070703384
5756750,0.0
5757751,376.86068724149186
5758752,21.338495331208996
5759753,0.0
5760754,0.0
5761755,18.100308294744377
5762756,0.0
5763757,343.3131243026002
5764758,312.6579310235089
5765759,0.0
5766760,358.90357049618444
5767761,0.0
5768762,0.0
5769763,0.0
5770764,342.42763978961386
5771765,354.0655517436783
5772766,0.0
5773767,293.44076368814996
5774768,0.0
5775769,0.0
5776770,5.252959735948226
5777771,0.8683981902012169
5778772,321.6133980069259
5779773,9.771405206324603
5780774,0.0
5781775,0.0
5782776,0.0
5783777,345.3008098996671
5784778,0.0
5785779,0.0
5786780,0.0
5787781,0.0
5788782,16.993472103199196
5789783,341.95630838404907
5790784,0.0
5791785,0.0
5792786,35.09870539109725
5793787,0.0
5794788,318.7746284589357
5795789,12.547185405121034
5796790,47.95048263777488
5797791,0.0
5798792,0.0
5799793,0.0
5800794,4.492101174290823
5801795,349.18674544215867
5802796,13.587331623739496
5803797,0.0
5804798,0.0
5805799,0.0
5806800,389.8834025411814
5807801,0.0
5808802,256.5054921449651
5809803,0.0
5810804,321.57116855880935
5811805,0.0
5812806,297.4114412913365
5813807,0.0
5814808,0.0
5815809,0.0
5816810,0.0
5817811,0.0
5818812,0.0
5819813,318.9012370772147
5820814,0.0
5821815,0.0
5822816,0.0
5823817,0.0
5824818,0.0
5825819,0.0
5826820,0.0
5827821,0.0
5828822,0.0
5829823,0.0
5830824,0.0
5831825,295.8797174718992
5832826,13.19686859277891
5833827,0.0
5834828,0.0
5835829,0.0
5836830,0.0
5837831,144.4038530260037
5838832,0.0
5839833,4.519511685042442
5840834,0.0
5841835,16.341227419534295
5842836,0.0
5843837,58.28040664395443
5844838,0.0
5845839,356.2698532978136
5846840,359.5733030676203
5847841,0.0
5848842,0.0
5849843,359.4797586704549
5850844,13.391446498421027
5851845,0.0
5852846,0.0
5853847,0.0
5854848,2.733964887795554
5855849,0.0
5856850,0.0
5857851,0.0
5858852,0.0
5859853,0.0
5860854,0.0
5861855,0.0
5862856,0.0
5863857,356.3769968487865
5864858,17.50244694743054
5865859,0.0
5866860,5.415779843013204
5867861,0.0
5868862,0.0
5869863,0.0
5870864,0.0
5871865,11.013149053794505
5872866,357.4209433569912
5873867,0.0
5874868,10.89566330313718
5875869,3.551962564787065
5876870,0.0
5877871,0.0
5878872,20.144621333522775
5879873,0.0
5880874,25.928458473258512
5881875,14.488642926231595
5882876,0.0
5883877,8.748798484320217
5884878,374.1757367636002
5885879,0.0
5886880,30.875828000515362
5887881,17.18399792238472
5888882,5.4957073026329955
5889883,349.7512721021388
5890884,0.0
5891885,0.0
5892886,0.0
5893887,325.38753221213113
5894888,0.0
5895889,0.0
5896890,0.0
5897891,0.0
5898892,0.0
5899893,0.0
5900894,9.246646306752089
5901895,363.6039706792602
5902896,0.0
5903897,9.450879791582077
5904898,0.0
5905899,71.21058381487342
5906900,394.17232947350925
5907901,381.44751101508274
5908902,0.0
5909903,0.0
5910904,0.0
5911905,0.0
5912906,20.72938542900063
5913907,373.4529394104863
5914908,0.0
5915909,0.0
5916910,5.477494674525414
5917911,0.0
5918912,0.0
5919913,0.0
5920914,0.0
5921915,0.0
5922916,380.87601802016667
5923917,0.0
5924918,0.0
5925919,0.0
5926920,0.0
5927921,389.0804383699743
5928922,41.158953859975256
5929923,0.0
5930924,0.0
5931925,373.0308862862821
5932926,0.0
5933927,13.35175456444096
5934928,0.0
5935929,0.0
5936930,0.0
5937931,367.36341447600853
5938932,358.1883995166223
5939933,363.7671866193954
5940934,0.0
5941935,0.0
5942936,0.0
5943937,0.0
5944938,392.1074562171182
5945939,0.0
5946940,0.0
5947941,0.0
5948942,0.0
5949943,0.0
5950944,0.0
5951945,0.0
5952946,0.0
5953947,0.0
5954948,0.0
5955949,380.3888337551749
5956950,0.0
5957951,377.8894160762054
5958952,362.7213738129207
5959953,0.0
5960954,0.0
5961955,0.0
5962956,355.1660840573086
5963957,6.43703850378601
5964958,24.32732810433447
5965959,0.0
5966960,0.0
5967961,0.0
5968962,394.1423277078624
5969963,0.0
5970964,0.0
5971965,24.409592609637777
5972966,0.0
5973967,0.0
5974968,12.08860506314399
5975969,0.0
5976970,0.0
5977971,0.0
5978972,0.0
5979973,22.939394571319525
5980974,16.322711331310536
5981975,0.0
5982976,0.0
5983977,0.0
5984978,0.0
5985979,0.0
5986980,13.431846553619106
5987981,0.0
5988982,0.0
5989983,35.00556127922373
5990984,319.2883331864837
5991985,334.48167174164183
5992986,0.0
5993987,10.665756728299412
5994988,0.0
5995989,2.6253719623010543
5996990,49.80965571451613
5997991,0.0
5998992,5.442430238891098
5999993,0.0
6000994,0.0
6001995,353.94338783844034
6002996,0.0
6003997,0.0
6004998,368.2854354424021
6005999,330.79030933869444
6007000,0.0
6008001,0.0
6009002,0.0
6010003,0.0
6011004,0.0
6012005,373.3326380622561
6013006,0.0
6014007,391.6266329000046
6015008,0.0
6016009,0.0
6017010,0.0
6018011,0.0
6019012,0.0
6020013,0.0
6021014,95.59259489469245
6022015,0.0
6023016,0.0
6024017,240.78963809422459
6025018,0.0
6026019,290.06271137057877
6027020,366.6820522998862
6028021,0.0
6029022,0.0
6030023,0.0
6031024,14.415638189572572
6032025,0.0
6033026,36.540329579469706
6034027,0.0
6035028,0.0
6036029,335.7628230323424
6037030,0.0
6038031,20.803227127794525
6039032,0.0
6040033,306.1941139307507
6041034,0.0
6042035,31.065876912366853
6043036,0.0
6044037,0.0
6045038,370.7547871748389
6046039,0.0
6047040,0.0
6048041,0.0
6049042,347.1668611453352
6050043,360.9504350775814
6051044,0.0
6052045,0.0
6053046,15.252386747688732
6054047,0.0
6055048,388.97395260648716
6056049,0.0
6057050,278.56699069730206
6058051,0.0
6059052,0.0
6060053,0.0
6061054,0.0
6062055,0.0
6063056,361.3669824805304
6064057,5.454250739955823
6065058,0.0
6066059,11.060655109978642
6067060,0.0
6068061,0.0
6069062,0.0
6070063,0.0
6071064,366.3219364051487
6072065,376.75330036123256
6073066,0.0
6074067,374.0635311679156
6075068,0.0
6076069,0.0
6077070,0.0
6078071,0.0
6079072,0.0
6080073,10.667419738678241
6081074,0.0
6082075,361.00444315525334
6083076,0.0
6084077,0.0
6085078,7.42469631413982
6086079,0.0
6087080,0.0
6088081,0.0
6089082,0.0
6090083,347.85792721616565
6091084,0.0
6092085,0.0
6093086,5.4627714513171
6094087,0.0
6095088,280.0987254086415
6096089,325.23486320440355
6097090,0.0
6098091,0.0
6099092,0.0
6100093,335.0041329058496
6101094,0.0
6102095,16.68889840853261
6103096,0.0
6104097,0.0
6105098,0.0
6106099,13.361927398057134
6107100,341.5810063548864
6108101,0.0
6109102,0.0
6110103,0.0
6111104,0.0
6112105,0.0
6113106,359.2157749301622
6114107,17.577147131941327
6115108,313.3363851512926
6116109,0.0
6117110,0.0
6118111,0.0
6119112,0.0
6120113,0.0
6121114,0.0
6122115,350.36578241887315
6123116,0.0
6124117,0.0
6125118,0.0
6126119,0.0
6127120,0.0
6128121,12.780291774682745
6129122,0.0
6130123,0.0
6131124,0.0
6132125,29.89986133731881
6133126,0.0
6134127,15.300274950638116
6135128,0.0
6136129,0.0
6137130,0.0
6138131,294.79945915810987
6139132,0.0
6140133,11.569308284648702
6141134,0.0
6142135,0.0
6143136,13.372460000911254
6144137,290.69548524814047
6145138,0.0
6146139,303.99798475922785
6147140,0.0
6148141,0.0
6149142,12.055598430622718
6150143,0.0
6151144,337.2881693385252
6152145,0.0
6153146,294.84836683646233
6154147,0.0
6155148,289.26247588748265
6156149,0.0
6157150,0.0
6158151,70.24203919729378
6159152,0.0
6160153,13.272937088740075
6161154,0.0
6162155,12.500402036819379
6163156,0.0
6164157,20.951452716890937
6165158,347.66680268500636
6166159,0.0
6167160,332.1683923453929
6168161,15.448314447699003
6169162,0.0
6170163,0.0
6171164,10.930870156440548
6172165,0.0
6173166,0.0
6174167,352.5444752162457
6175168,0.0
6176169,264.23474228918695
6177170,356.7486563653125
6178171,0.0
6179172,0.0
6180173,236.90526323249034
6181174,0.0
6182175,0.0
6183176,360.1001511361961
6184177,349.500415390527
6185178,0.0
6186179,335.84478490614083
6187180,327.50916874866454
6188181,60.91314652187866
6189182,0.0
6190183,0.0
6191184,13.410434669241472
6192185,0.0
6193186,0.0
6194187,0.0
6195188,40.784824207277445
6196189,0.0
6197190,0.0
6198191,87.38832996175192
6199192,0.0
6200193,0.0
6201194,0.0
6202195,301.96121610241875
6203196,0.0
6204197,0.0
6205198,313.5768835577925
6206199,333.05594506704716
6207200,0.0
6208201,0.0
6209202,0.0
6210203,0.0
6211204,386.37968855468586
6212205,344.28694492665556
6213206,0.0
6214207,0.0
6215208,322.1371143555965
6216209,0.0
6217210,381.3370745173445
6218211,0.0
6219212,15.424271244769534
6220213,366.3442579732998
6221214,365.4346062300635
6222215,0.0
6223216,12.978305431055622
6224217,0.0
6225218,316.3283179984097
6226219,0.0
6227220,0.0
6228221,352.45910278097887
6229222,0.0
6230223,13.11401345831228
6231224,7.407944578785513
6232225,0.0
6233226,0.0
6234227,0.0
6235228,11.688445239632328
6236229,18.90718345801092
6237230,0.0
6238231,0.0
6239232,0.0
6240233,0.0
6241234,0.0
6242235,0.0
6243236,0.0
6244237,0.0
6245238,0.0
6246239,0.0
6247240,371.58390612716585
6248241,0.0
6249242,331.7024143058512
6250243,0.0
6251244,0.0
6252245,0.0
6253246,352.56782123640045
6254247,0.0
6255248,363.04610948514676
6256249,310.8385198547827
6257250,0.0
6258251,0.0
6259252,6.408811233885418
6260253,11.313626526109005
6261254,11.152760500626242
6262255,0.0
6263256,333.00651544682853
6264257,0.0
6265258,16.395580577377615
6266259,31.207684662057115
6267260,13.437226289802576
6268261,0.0
6269262,375.76692784544593
6270263,24.09359399074578
6271264,0.0
6272265,242.26694970395096
6273266,0.0
6274267,0.0
6275268,323.57527912613097
6276269,0.0
6277270,8.976085152857943
6278271,0.0
6279272,328.70239303414104
6280273,0.0
6281274,0.0
6282275,38.17829264433829
6283276,0.0
6284277,0.0
6285278,326.3675072605359
6286279,0.0
6287280,0.0
6288281,81.12777470455605
6289282,0.0
6290283,347.31307157103544
6291284,0.0
6292285,0.0
6293286,0.0
6294287,0.0
6295288,2.660787629494398
6296289,0.0
6297290,0.0
6298291,0.0
6299292,0.0
6300293,0.0
6301294,0.0
6302295,0.0
6303296,0.0
6304297,0.0
6305298,360.79789362442943
6306299,0.0
6307300,0.0
6308301,276.69270520993865
6309302,295.10247663773555
6310303,0.0
6311304,6.405495170338434
6312305,0.0
6313306,20.64794538939531
6314307,5.4871640852344985
6315308,54.79473399039572
6316309,0.0
6317310,8.255178150402324
6318311,0.0
6319312,10.174929482525156
6320313,7.579716203248441
6321314,0.0
6322315,0.0
6323316,0.0
6324317,0.0
6325318,0.0
6326319,0.0
6327320,19.948805298795317
6328321,334.80124278990763
6329322,24.311961480403568
6330323,337.3688899835573
6331324,297.4682146419506
6332325,0.0
6333326,336.2166803864172
6334327,0.0
6335328,0.0
6336329,0.0
6337330,266.3465900446193
6338331,323.44622274287025
6339332,0.0
6340333,263.19073299661034
6341334,9.231573270199943
6342335,12.135438698576914
6343336,0.0
6344337,0.0
6345338,38.24015706989586
6346339,8.40452339577974
6347340,0.0
6348341,0.0
6349342,0.0
6350343,0.0
6351344,0.0
6352345,326.4920075477402
6353346,0.0
6354347,10.429509873822925
6355348,0.0
6356349,17.408955065517134
6357350,14.782567050803758
6358351,0.0
6359352,330.996894087244
6360353,234.22699805510294
6361354,0.0
6362355,0.0
6363356,0.0
6364357,2.9075559890891256
6365358,0.0
6366359,333.62656590486716
6367360,0.0
6368361,0.0
6369362,15.608881515768475
6370363,317.46272989693
6371364,0.0
6372365,15.790651585671448
6373366,274.39540465017967
6374367,0.0
6375368,314.2668758375594
6376369,0.0
6377370,0.0
6378371,0.0
6379372,257.5306183634908
6380373,0.0
6381374,0.0
6382375,0.0
6383376,0.0
6384377,0.0
6385378,0.0
6386379,0.0
6387380,17.481958614858424
6388381,301.2204794253913
6389382,281.98015397879084
6390383,14.545661543740648
6391384,318.9196602877325
6392385,355.90176339890496
6393386,272.29293629828913
6394387,0.0
6395388,0.0
6396389,0.0
6397390,0.0
6398391,0.0
6399392,17.4334910723455
6400393,9.47430231459211
6401394,399.42140955930927
6402395,355.73398153206347
6403396,0.0
6404397,0.0
6405398,0.0
6406399,0.0
6407400,0.0
6408401,0.0
6409402,329.0744044117326
6410403,0.0
6411404,0.0
6412405,0.0
6413406,0.0
6414407,0.0
6415408,0.0
6416409,33.1565787216903
6417410,12.818003779056331
6418411,0.0
6419412,37.255294211181464
6420413,7.1875916023546385
6421414,28.73981494823912
6422415,0.0
6423416,0.0
6424417,0.0
6425418,324.0220808964444
6426419,6.361057416781243
6427420,11.130129623975316
6428421,0.0
6429422,0.0
6430423,10.153353585439021
6431424,334.3875599179479
6432425,0.0
6433426,0.0
6434427,0.0
6435428,190.56953369217857
6436429,0.0
6437430,6.474000168960255
6438431,0.0
6439432,0.0
6440433,0.0
6441434,0.0
6442435,0.0
6443436,0.0
6444437,0.0
6445438,4.571111451422136
6446439,0.0
6447440,312.94555114116736
6448441,326.6333874370788
6449442,0.8839542092196165
6450443,0.0
6451444,0.0
6452445,0.0
6453446,309.29783316287774
6454447,349.23070496805036
6455448,0.0
6456449,0.0
6457450,0.0
6458451,7.428007684959463
6459452,367.41502448102864
6460453,0.0
6461454,0.0
6462455,357.17053372273415
6463456,349.46220234647035
6464457,0.0
6465458,374.3152572832261
6466459,20.229015241872332
6467460,0.0
6468461,0.0
6469462,7.992939557366885
6470463,346.8116568325748
6471464,0.0
6472465,312.650641673422
6473466,38.39891193039351
6474467,349.282175299439
6475468,0.0
6476469,0.0
6477470,0.0
6478471,352.6971400400219
6479472,9.978830672290277
6480473,0.0
6481474,0.0
6482475,0.0
6483476,0.0
6484477,0.0
6485478,0.0
6486479,24.97160891847754
6487480,0.0
6488481,0.0
6489482,0.0
6490483,0.0
6491484,0.0
6492485,5.634981605579106
6493486,331.6617880341359
6494487,0.0
6495488,372.9736838881572
6496489,0.0
6497490,314.8002177403842
6498491,0.0
6499492,12.980729051891235
6500493,0.0
6501494,9.471140163759515
6502495,370.6042041152153
6503496,0.0
6504497,0.0
6505498,0.0
6506499,288.5812559122619
6507500,0.0
6508501,353.06389271063426
6509502,19.445783345653012
6510503,357.3444584225869
6511504,0.0
6512505,0.0
6513506,0.0
6514507,0.0
6515508,0.0
6516509,0.0
6517510,310.8641749745216
6518511,0.0
6519512,0.0
6520513,310.43483518269426
6521514,349.3424757445835
6522515,0.0
6523516,333.85636991732525
6524517,21.025798146054832
6525518,0.0
6526519,0.0
6527520,0.0
6528521,0.0
6529522,321.55282155798636
6530523,0.0
6531524,10.304471419483926
6532525,0.0
6533526,17.34945055373756
6534527,301.22431774617667
6535528,0.0
6536529,0.0
6537530,0.0
6538531,3.89221248782288
6539532,13.570906053139764
6540533,0.0
6541534,0.0
6542535,17.404246550484025
6543536,0.0
6544537,0.0
6545538,0.0
6546539,18.316546838195478
6547540,268.9876829848615
6548541,28.147050210916206
6549542,335.2656043676935
6550543,0.0
6551544,353.5764030633387
6552545,14.007514157228602
6553546,0.0
6554547,0.0
6555548,0.0
6556549,0.0
6557550,0.0
6558551,333.78410609962447
6559552,0.0
6560553,324.1021130781326
6561554,228.70648848711622
6562555,0.0
6563556,12.190122340948296
6564557,0.0
6565558,0.0
6566559,319.8800481603659
6567560,16.498913461523
6568561,308.65186471953734
6569562,358.6785321947343
6570563,0.0
6571564,0.0
6572565,0.0
6573566,0.0
6574567,17.359369981577533
6575568,320.32990199872967
6576569,12.100817575878166
6577570,0.0
6578571,0.0
6579572,308.0056794624393
6580573,0.0
6581574,0.0
6582575,0.0
6583576,0.0
6584577,53.819580124240034
6585578,373.3022629021155
6586579,0.0
6587580,0.0
6588581,340.0667639406048
6589582,6.488860199654579
6590583,0.0
6591584,0.0
6592585,9.681591501474669
6593586,360.3246393175482
6594587,0.0
6595588,0.0
6596589,0.0
6597590,8.382285248686856
6598591,0.0
6599592,0.0
6600593,0.0
6601594,30.685228453309918
6602595,0.0
6603596,0.0
6604597,0.0
6605598,0.0
6606599,320.43065536664426
6607600,0.0
6608601,0.0
6609602,2.889883972031236
6610603,278.22193972925453
6611604,0.0
6612605,64.67470201602656
6613606,0.0
6614607,57.737064484966595
6615608,0.0
6616609,0.0
6617610,7.19194421877987
6618611,0.0
6619612,342.2373118467171
6620613,299.38152862166106
6621614,0.0
6622615,326.27421461209
6623616,0.0
6624617,4.414273487192622
6625618,0.0
6626619,4.579839597414302
6627620,27.248881598070472
6628621,0.0
6629622,0.0
6630623,0.0
6631624,0.0
6632625,0.0
6633626,0.0
6634627,5.574272166780488
6635628,0.0
6636629,0.0
6637630,0.0
6638631,0.0
6639632,345.5269757786504
6640633,0.0
6641634,0.0
6642635,212.05001023589793
6643636,0.0
6644637,0.0
6645638,0.0
6646639,0.0
6647640,0.0
6648641,0.0
6649642,0.0
6650643,369.1587153372019
6651644,0.0
6652645,321.9511828381469
6653646,0.0
6654647,0.0
6655648,0.0
6656649,0.0
6657650,0.0
6658651,0.0
6659652,0.0
6660653,0.0
6661654,0.0
6662655,347.29940153170133
6663656,0.0
6664657,0.0
6665658,0.0
6666659,0.0
6667660,335.4152081977117
6668661,0.0
6669662,0.0
6670663,337.3426600913852
6671664,0.0
6672665,0.0
6673666,0.0
6674667,0.0
6675668,0.0
6676669,5.62396305569314
6677670,0.0
6678671,334.3619516421146
6679672,315.97498518444894
6680673,0.0
6681674,348.461545601326
6682675,57.271343242208324
6683676,0.0
6684677,0.0
6685678,328.7498580945056
6686679,278.79653011428263
6687680,12.217340869075235
6688681,0.0
6689682,0.0
6690683,0.0
6691684,326.7063206887344
6692685,0.0
6693686,0.0
6694687,320.9889573980235
6695688,0.0
6696689,0.0
6697690,0.0
6698691,0.0
6699692,52.861993034167085
6700693,0.0
6701694,11.491593455815652
6702695,0.0
6703696,333.9568586108819
6704697,282.91970528206866
6705698,0.0
6706699,0.0
6707700,9.13856143202551
6708701,324.6681728678904
6709702,0.0
6710703,10.373776214604105
6711704,354.4538267521566
6712705,0.0
6713706,0.0
6714707,303.4567815669438
6715708,14.749245172323388
6716709,11.54140958233121
6717710,0.0
6718711,0.0
6719712,5.412712425637437
6720713,318.2748275576301
6721714,0.0
6722715,0.0
6723716,0.0
6724717,0.0
6725718,0.0
6726719,0.0
6727720,9.088032486047398
6728721,0.0
6729722,0.0
6730723,0.0
6731724,358.69032215730135
6732725,293.56651570081425
6733726,0.0
6734727,305.14773031201673
6735728,0.0
6736729,0.0
6737730,0.0
6738731,0.0
6739732,0.0
6740733,15.759907590870903
6741734,0.0
6742735,0.0
6743736,0.0
6744737,355.7726032586561
6745738,382.95318037657904
6746739,11.706883804164045
6747740,321.7555770481352
6748741,341.5991291564687
6749742,0.0
6750743,0.0
6751744,358.85591976109504
6752745,0.0
6753746,0.0
6754747,361.40399134043196
6755748,0.0
6756749,0.0
6757750,323.97330717414246
6758751,0.0
6759752,7.063229454743742
6760753,0.0
6761754,13.24612241463947
6762755,13.507139571785132
6763756,332.28070103086543
6764757,358.9891340702294
6765758,0.0
6766759,0.0
6767760,336.6407080655267
6768761,0.0
6769762,0.0
6770763,0.0
6771764,344.2387613743784
6772765,0.0
6773766,0.0
6774767,0.0
6775768,363.34731961035624
6776769,0.0
6777770,0.0
6778771,23.009491994217253
6779772,0.0
6780773,0.0
6781774,0.0
6782775,0.0
6783776,340.1044734643774
6784777,0.0
6785778,310.63954408390856
6786779,363.4666097658273
6787780,0.0
6788781,0.0
6789782,0.0
6790783,0.0
6791784,0.0
6792785,0.0
6793786,0.0
6794787,12.437949931804967
6795788,0.0
6796789,316.30654643281133
6797790,347.6165236364881
6798791,0.0
6799792,0.0
6800793,10.482439369547402
6801794,0.0
6802795,0.0
6803796,330.54021584471457
6804797,0.0
6805798,299.33668513485367
6806799,0.0
6807800,0.0
6808801,306.63522641711995
6809802,361.5104553774753
6810803,0.0
6811804,0.0
6812805,0.0
6813806,310.79316487224264
6814807,315.91579684546633
6815808,0.0
6816809,0.0
6817810,0.0
6818811,0.0
6819812,322.86494960084156
6820813,0.0
6821814,0.0
6822815,335.11318814301524
6823816,360.7877527623291
6824817,0.0
6825818,0.0
6826819,0.0
6827820,7.562112146182985
6828821,0.0
6829822,0.0
6830823,0.0
6831824,326.2723079422801
6832825,0.0
6833826,11.600560594055224
6834827,0.0
6835828,7.5383623293686846
6836829,0.0
6837830,0.0
6838831,0.0
6839832,0.0
6840833,353.8802416424617
6841834,13.55065398392021
6842835,0.0
6843836,0.0
6844837,0.0
6845838,0.0
6846839,2.7443378744990303
6847840,0.0
6848841,0.0
6849842,0.0
6850843,0.0
6851844,0.0
6852845,0.0
6853846,0.0
6854847,0.0
6855848,377.843293752385
6856849,0.0
6857850,0.0
6858851,9.206083918460921
6859852,325.717885807963
6860853,0.0
6861854,305.4318487437964
6862855,342.65161449930406
6863856,0.0
6864857,0.0
6865858,292.2573683308298
6866859,19.9995807922852
6867860,0.0
6868861,0.0
6869862,0.0
6870863,26.112881220230495
6871864,0.0
6872865,355.2841645624248
6873866,1.9462091435083109
6874867,293.4560590293157
6875868,0.0
6876869,0.0
6877870,311.38319262242743
6878871,11.88246570318814
6879872,0.0
6880873,0.0
6881874,0.0
6882875,0.0
6883876,295.96763292174137
6884877,0.0
6885878,0.0
6886879,20.94610637242627
6887880,0.0
6888881,0.0
6889882,0.0
6890883,0.0
6891884,332.1949035031423
6892885,0.0
6893886,0.0
6894887,5.5989048193138835
6895888,333.7749924143687
6896889,0.0
6897890,0.0
6898891,0.0
6899892,26.30613134585775
6900893,14.539863629700463
6901894,0.0
6902895,1.8533428209799068
6903896,350.04815943660543
6904897,0.0
6905898,0.0
6906899,367.1163430841526
6907900,0.0
6908901,0.0
6909902,330.4312264205407
6910903,0.0
6911904,317.2648717179848
6912905,7.479308113979788
6913906,0.0
6914907,324.05214276500396
6915908,0.0
6916909,0.0
6917910,0.0
6918911,0.0
6919912,248.83519630275555
6920913,0.0
6921914,299.5186644222566
6922915,0.0
6923916,0.0
6924917,341.497049588575
6925918,0.0
6926919,0.0
6927920,348.29280912723874
6928921,344.6119067714092
6929922,0.0
6930923,14.232789544510664
6931924,0.0
6932925,291.42482391685564
6933926,36.37830669192888
6934927,0.0
6935928,0.0
6936929,0.0
6937930,0.0
6938931,18.81768465196701
6939932,0.0
6940933,43.644620010453764
6941934,14.446318146153416
6942935,72.75969104116982
6943936,0.0
6944937,0.0
6945938,0.0
6946939,0.0
6947940,0.0
6948941,0.0
6949942,0.0
6950943,0.0
6951944,284.3309243885367
6952945,0.0
6953946,0.0
6954947,0.0
6955948,365.06043925342186
6956949,0.0
6957950,0.0
6958951,0.0
6959952,28.26907507654365
6960953,0.8434723771264088
6961954,0.0
6962955,0.0
6963956,23.415366039876538
6964957,4.635394121334511
6965958,0.0
6966959,0.0
6967960,0.0
6968961,0.0
6969962,0.0
6970963,0.0
6971964,0.0
6972965,0.0
6973966,0.0
6974967,0.0
6975968,306.19337418653043
6976969,78.43585685513646
6977970,13.346206625418242
6978971,279.1587526598645
6979972,0.0
6980973,0.0
6981974,0.0
6982975,0.0
6983976,354.0325553564469
6984977,0.0
6985978,0.0
6986979,0.0
6987980,0.0
6988981,294.72389953931423
6989982,0.0
6990983,20.156378237575264
6991984,267.1164131931616
6992985,0.0
6993986,10.465970574761167
6994987,0.0
6995988,0.0
6996989,0.0
6997990,312.66166386625315
6998991,0.0
6999992,336.4704805680559
7000993,20.092701037555162
7001994,0.0
7002995,0.0
7003996,0.0
7004997,318.34350967701874
7005998,0.0
7006999,0.0
7008000,306.6162950993782
7009001,0.0
7010002,332.71403057699365
7011003,20.105797827571774
7012004,0.0
7013005,0.0
7014006,0.0
7015007,267.24201175156776
7016008,0.0
7017009,0.0
7018010,12.171718309133132
7019011,0.0
7020012,299.52062756022997
7021013,0.0
7022014,339.32132416740524
7023015,0.0
7024016,0.0
7025017,0.0
7026018,0.0
7027019,303.6015661136245
7028020,16.68955389298199
7029021,0.0
7030022,276.20357013471283
7031023,0.0
7032024,0.0
7033025,9.33083202193188
7034026,364.4092005162534
7035027,0.0
7036028,263.1491018178965
7037029,0.0
7038030,0.0
7039031,0.0
7040032,0.0
7041033,322.41418147766865
7042034,0.0
7043035,0.0
7044036,0.0
7045037,0.0
7046038,15.537148741369947
7047039,0.0
7048040,0.0
7049041,0.0
7050042,323.4079684776369
7051043,290.01360457043046
7052044,0.0
7053045,337.3060735872321
7054046,0.0
7055047,0.0
7056048,0.0
7057049,0.0
7058050,332.429138138667
7059051,0.0
7060052,0.0
7061053,0.0
7062054,0.0
7063055,299.3299873604627
7064056,0.0
7065057,15.87301596112693
7066058,0.0
7067059,371.8505582799288
7068060,5.484805457811732
7069061,0.0
7070062,0.0
7071063,344.4508969729751
7072064,0.0
7073065,15.375927747871849
7074066,0.0
7075067,12.362741935247163
7076068,0.0
7077069,0.0
7078070,0.0
7079071,0.0
7080072,0.0
7081073,0.0
7082074,0.0
7083075,0.0
7084076,0.0
7085077,299.19074823863787
7086078,0.0
7087079,9.878890822350844
7088080,11.151360944987978
7089081,0.0
7090082,0.0
7091083,0.0
7092084,8.048004947531178
7093085,0.0
7094086,0.0
7095087,0.0
7096088,0.0
7097089,306.11621631807077
7098090,0.0
7099091,0.0
7100092,349.6828736144545
7101093,0.0
7102094,0.0
7103095,0.0
7104096,0.0
7105097,0.0
7106098,0.0
7107099,18.153418890282584
7108100,26.868646879324807
7109101,0.0
7110102,0.0
7111103,0.0
7112104,0.0
7113105,0.0
7114106,0.0
7115107,368.52622698471214
7116108,0.0
7117109,10.442258369124927
7118110,0.0
7119111,0.0
7120112,0.0
7121113,291.83594286007724
7122114,303.077549426178
7123115,12.112213823204394
7124116,336.10971685793015
7125117,320.5367129821974
7126118,0.0
7127119,350.0960991711632
7128120,363.37826371096526
7129121,331.1346961823891
7130122,322.36106198263434
7131123,0.0
7132124,0.0
7133125,304.57849740706786
7134126,332.7617419692086
7135127,0.0
7136128,0.0
7137129,0.0
7138130,291.1976448968124
7139131,331.77221268287883
7140132,0.0
7141133,0.0
7142134,0.0
7143135,0.0
7144136,0.0
7145137,0.0
7146138,0.0
7147139,0.0
7148140,17.786021692643033
7149141,0.0
7150142,343.3356464201809
7151143,12.006814267894729
7152144,0.0
7153145,167.6267106069855
7154146,352.31132992363786
7155147,0.0
7156148,345.8050056490099
7157149,0.0
7158150,0.0
7159151,32.82209260118098
7160152,0.0
7161153,321.64211202225823
7162154,0.0
7163155,14.806996815322671
7164156,11.884875111773827
7165157,0.0
7166158,9.44405576993033
7167159,0.0
7168160,361.5130591828816
7169161,0.0
7170162,0.0
7171163,26.122069578426128
7172164,0.0
7173165,0.0
7174166,0.0
7175167,0.0
7176168,0.0
7177169,8.458914049881882
7178170,49.52644204606751
7179171,0.8516319376369944
7180172,331.7102135712261
7181173,0.0
7182174,350.58961258314633
7183175,0.0
7184176,0.0
7185177,243.42781799229454
7186178,23.30026638987386
7187179,0.0
7188180,0.0
7189181,0.0
7190182,328.03998575654634
7191183,0.0
7192184,0.0
7193185,0.0
7194186,0.0
7195187,0.0
7196188,338.59951283663685
7197189,0.0
7198190,0.0
7199191,318.4617829012381
7200192,0.0
7201193,0.0
7202194,0.0
7203195,0.0
7204196,0.0
7205197,0.0
7206198,10.801228101989121
7207199,0.0
7208200,0.0
7209201,0.0
7210202,24.508390286208
7211203,0.0
7212204,0.0
7213205,16.44208299365081
7214206,313.41288164224153
7215207,315.2964671433522
7216208,0.0
7217209,2.736378395257029
7218210,0.0
7219211,10.928160322554737
7220212,0.0
7221213,34.94061140412274
7222214,341.5511824371404
7223215,9.18525602765321
7224216,10.614825855600662
7225217,0.0
7226218,0.0
7227219,0.0
7228220,0.0
7229221,0.0
7230222,0.0
7231223,0.0
7232224,0.0
7233225,321.71685034492054
7234226,0.0
7235227,0.0
7236228,0.0
7237229,280.8997431018631
7238230,351.9039284282326
7239231,351.7567541578294
7240232,0.0
7241233,0.0
7242234,345.593159498464
7243235,12.592320824218065
7244236,0.0
7245237,0.0
7246238,1.9819324014190483
7247239,0.0
7248240,0.0
7249241,314.9044882906572
7250242,281.6145591815304
7251243,0.0
7252244,0.0
7253245,0.0
7254246,0.0
7255247,370.0260400237828
7256248,0.0
7257249,0.0
7258250,0.0
7259251,0.0
7260252,0.0
7261253,308.79582561546584
7262254,0.0
7263255,316.8500914507013
7264256,0.0
7265257,15.357470794245243
7266258,0.0
7267259,0.0
7268260,14.44486387844705
7269261,0.0
7270262,326.5978871637083
7271263,0.0
7272264,0.0
7273265,0.0
7274266,0.0
7275267,0.0
7276268,322.71348319270504
7277269,305.5693718059506
7278270,278.19213554434265
7279271,15.501596643670911
7280272,15.201294595957291
7281273,0.0
7282274,0.0
7283275,10.025411861586331
7284276,0.0
7285277,354.83227052627706
7286278,6.405920961450923
7287279,0.0
7288280,297.6055205226243
7289281,28.263259355844628
7290282,0.0
7291283,10.9992253172394
7292284,337.1673715351773
7293285,0.0
7294286,0.0
7295287,0.0
7296288,0.0
7297289,0.0
7298290,0.0
7299291,0.0
7300292,0.0
7301293,0.0
7302294,0.0
7303295,9.32512846959732
7304296,0.0
7305297,26.137152810305558
7306298,0.0
7307299,9.654534402161847
7308300,0.0
7309301,0.0
7310302,12.90237229701953
7311303,0.0
7312304,5.4782578376961775
7313305,276.9627914342799
7314306,0.0
7315307,0.0
7316308,336.0434391144427
7317309,0.0
7318310,298.0900010249514
7319311,337.58352958091433
7320312,0.0
7321313,0.0
7322314,370.34596901999777
7323315,372.9732166731274
7324316,0.0
7325317,368.79219496320235
7326318,5.39378408992043
7327319,0.0
7328320,0.0
7329321,24.428177582511307
7330322,0.0
7331323,3.5662329950431912
7332324,0.0
7333325,350.48422032068424
7334326,0.0
7335327,0.0
7336328,0.0
7337329,0.0
7338330,331.11296129180636
7339331,0.0
7340332,0.0
7341333,0.0
7342334,307.5924691648983
7343335,22.213220262456353
7344336,15.252759934648793
7345337,0.0
7346338,0.0
7347339,0.0
7348340,5.581953835327024
7349341,0.0
7350342,0.0
7351343,0.0
7352344,338.91268025220006
7353345,21.393038801121705
7354346,0.0
7355347,0.0
7356348,0.0
7357349,0.0
7358350,294.1595953853336
7359351,0.0
7360352,0.0
7361353,329.6068412997921
7362354,372.9254023608773
7363355,0.0
7364356,20.977381908246695
7365357,4.651570765618683
7366358,0.0
7367359,2.724450091934151
7368360,0.0
7369361,317.51644354936286
7370362,0.0
7371363,4.350904969364263
7372364,0.0
7373365,0.0
7374366,299.03102565798696
7375367,37.88733350093422
7376368,5.62225667409077
7377369,0.0
7378370,19.221492597031702
7379371,304.5515039160426
7380372,267.1150073354803
7381373,353.30188207722676
7382374,319.58680491031737
7383375,0.0
7384376,49.52510244714297
7385377,0.0
7386378,0.0
7387379,0.0
7388380,0.0
7389381,0.0
7390382,357.1651557901805
7391383,0.0
7392384,19.33280973669807
7393385,0.0
7394386,0.0
7395387,0.0
7396388,0.0
7397389,0.0
7398390,322.9832775841826
7399391,343.69812754944473
7400392,0.0
7401393,0.0
7402394,0.0
7403395,0.0
7404396,0.0
7405397,0.0
7406398,0.0
7407399,0.0
7408400,0.0
7409401,0.0
7410402,0.0
7411403,0.0
7412404,0.0
7413405,0.0
7414406,0.0
7415407,18.459362794863658
7416408,0.0
7417409,297.5722826633254
7418410,56.1152858276227
7419411,0.8845236765748699
7420412,337.4130378672321
7421413,9.04081994048882
7422414,0.0
7423415,322.0510809742979
7424416,0.0
7425417,361.9041405741297
7426418,0.0
7427419,0.0
7428420,0.0
7429421,0.0
7430422,0.0
7431423,288.6423568417098
7432424,373.429277120029
7433425,0.0
7434426,0.0
7435427,23.309898811217646
7436428,330.5997876341573
7437429,25.969719712200547
7438430,0.0
7439431,0.0
7440432,263.96133273964034
7441433,0.0
7442434,0.0
7443435,326.3758563431373
7444436,0.0
7445437,364.90741040729057
7446438,0.0
7447439,0.0
7448440,0.0
7449441,348.5412055635766
7450442,0.0
7451443,22.13415930434512
7452444,0.0
7453445,0.0
7454446,13.547533755787212
7455447,281.0648912123806
7456448,0.0
7457449,0.0
7458450,0.0
7459451,0.0
7460452,339.00402885324354
7461453,0.0
7462454,348.71674685464995
7463455,0.0
7464456,14.684064020724955
7465457,13.137312698560741
7466458,0.0
7467459,7.531973996459729
7468460,313.35915203228944
7469461,0.0
7470462,285.10877736135666
7471463,315.61587543303574
7472464,0.0
7473465,343.362480028041
7474466,0.0
7475467,0.0
7476468,0.0
7477469,0.0
7478470,0.0
7479471,372.8588459651563
7480472,0.0
7481473,336.6113856233497
7482474,0.0
7483475,0.0
7484476,0.0
7485477,0.0
7486478,0.0
7487479,0.0
7488480,29.653167360927586
7489481,0.0
7490482,0.0
7491483,4.646583631478271
7492484,0.0
7493485,0.0
7494486,23.774793014195392
7495487,337.06006432991086
7496488,0.0
7497489,0.0
7498490,329.06915078789376
7499491,330.59448357847714
7500492,0.0
7501493,0.0
7502494,0.0
7503495,338.1916090748703
7504496,0.0
7505497,12.003268233330338
7506498,0.0
7507499,0.0
7508500,307.21510141253316
7509501,0.0
7510502,0.0
7511503,22.4558202740843
7512504,8.991900415430381
7513505,291.9918143621913
7514506,18.898543437766033
7515507,0.0
7516508,0.0
7517509,0.0
7518510,0.0
7519511,0.0
7520512,0.0
7521513,0.0
7522514,0.0
7523515,0.0
7524516,0.0
7525517,354.69083365216363
7526518,6.366555405039685
7527519,334.4177265997865
7528520,0.0
7529521,0.0
7530522,351.63034278953603
7531523,0.0
7532524,0.0
7533525,294.1822061271508
7534526,0.0
7535527,0.0
7536528,0.0
7537529,0.0
7538530,18.94599529845656
7539531,22.647514690760655
7540532,0.0
7541533,0.0
7542534,368.8922434950324
7543535,0.0
7544536,320.99669886987556
7545537,289.45360739001256
7546538,3.627425201689848
7547539,0.0
7548540,0.0
7549541,0.0
7550542,0.0
7551543,343.7103666325204
7552544,0.0
7553545,285.78905672656845
7554546,0.0
7555547,0.0
7556548,0.0
7557549,140.7323218284447
7558550,368.65340832458935
7559551,249.77788319727333
7560552,284.9473841681666
7561553,386.48177336827047
7562554,0.0
7563555,0.0
7564556,25.919584068786207
7565557,0.0
7566558,26.272759348402065
7567559,253.05398895936395
7568560,346.05894867208673
7569561,0.0
7570562,0.0
7571563,336.81684313623896
7572564,0.0
7573565,0.0
7574566,11.101535032205547
7575567,0.0
7576568,6.4128067450642785
7577569,0.0
7578570,8.248998823301575
7579571,0.0
7580572,0.0
7581573,146.8568559743792
7582574,0.0
7583575,6.658953750797626
7584576,337.5736118721523
7585577,342.03184751836295
7586578,347.8430486417749
7587579,0.0
7588580,0.0
7589581,326.33402413805015
7590582,13.716578679980323
7591583,0.0
7592584,293.72394268583764
7593585,365.69214401222365
7594586,358.738592353708
7595587,0.0
7596588,0.0
7597589,13.401634108598854
7598590,0.0
7599591,0.0
7600592,0.0
7601593,0.0
7602594,0.0
7603595,0.0
7604596,0.0
7605597,0.0
7606598,0.0
7607599,0.0
7608600,2.727964993968466
7609601,15.46399221789006
7610602,181.6000708820351
7611603,16.55759030982917
7612604,0.0
7613605,3.8651054115124075
7614606,28.69832345831227
7615607,284.7481413016042
7616608,345.35649031338284
7617609,357.7694749279038
7618610,0.0
7619611,0.0
7620612,309.07229167101684
7621613,22.180706723410033
7622614,347.72884192993325
7623615,228.12312341278968
7624616,0.0
7625617,0.0
7626618,0.0
7627619,0.0
7628620,0.0
7629621,0.0
7630622,23.869123849953358
7631623,0.0
7632624,362.15934307726536
7633625,0.0
7634626,362.0728793700034
7635627,0.0
7636628,294.39560766285547
7637629,11.643249451424596
7638630,0.0
7639631,0.0
7640632,0.0
7641633,20.7570715271377
7642634,0.0
7643635,372.4678250171004
7644636,0.0
7645637,13.009651939106817
7646638,0.0
7647639,0.0
7648640,47.91974818181452
7649641,361.8993060797131
7650642,0.0
7651643,361.1933583706803
7652644,0.0
7653645,13.463152874410035
7654646,367.50756946330057
7655647,342.80139973124915
7656648,0.0
7657649,0.0
7658650,0.0
7659651,342.4719315747318
7660652,330.7482776399394
7661653,0.0
7662654,0.0
7663655,296.97983932631166
7664656,0.0
7665657,0.0
7666658,0.0
7667659,16.13808135702978
7668660,40.471728189249625
7669661,0.0
7670662,9.258967926030481
7671663,0.0
7672664,329.19805805976466
7673665,0.0
7674666,0.0
7675667,0.0
7676668,7.501198516673098
7677669,1.9242979888121579
7678670,311.6149518133968
7679671,297.2388184184142
7680672,0.0
7681673,0.0
7682674,369.2385384136726
7683675,0.0
7684676,340.0770711600988
7685677,0.0
7686678,0.0
7687679,12.880758912204303
7688680,0.0
7689681,5.608917096260457
7690682,0.0
7691683,10.384481205057671
7692684,20.113382137845758
7693685,306.9610685339044
7694686,0.0
7695687,0.0
7696688,299.60923729734856
7697689,348.8509573737602
7698690,0.0
7699691,235.89065518813862
7700692,0.0
7701693,0.0
7702694,372.1384569374408
7703695,0.0
7704696,3.8128940153765685
7705697,0.0
7706698,0.0
7707699,0.0
7708700,318.8184590040422
7709701,0.0
7710702,0.0
7711703,3.6679535052974606
7712704,333.80849184231226
7713705,0.0
7714706,0.0
7715707,0.0
7716708,0.0
7717709,0.0
7718710,0.0
7719711,0.0
7720712,0.0
7721713,0.0
7722714,345.80589150711194
7723715,0.0
7724716,0.0
7725717,297.30492014743356
7726718,0.0
7727719,1.8194705501912072
7728720,0.0
7729721,0.0
7730722,0.0
7731723,16.435474374472733
7732724,0.0
7733725,301.9081364625963
7734726,327.07557939227087
7735727,0.0
7736728,0.0
7737729,0.0
7738730,0.0
7739731,345.5546938329289
7740732,339.2736612936937
7741733,310.903251097603
7742734,340.21861348219693
7743735,0.0
7744736,0.0
7745737,9.180415674994936
7746738,0.0
7747739,0.0
7748740,0.0
7749741,313.4115277603117
7750742,325.1596407728229
7751743,320.54996957932855
7752744,342.7653593014908
7753745,0.0
7754746,348.7092108789599
7755747,0.0
7756748,315.95065801880594
7757749,17.92297659836764
7758750,16.75576191307818
7759751,0.0
7760752,9.787536676034145
7761753,0.0
7762754,0.0
7763755,0.0
7764756,0.0
7765757,0.0
7766758,0.0
7767759,44.212794404154515
7768760,0.9641782312354501
7769761,344.4478780059021
7770762,0.0
7771763,0.0
7772764,334.586144412219
7773765,0.0
7774766,0.0
7775767,0.0
7776768,364.2780849929147
7777769,0.0
7778770,0.0
7779771,0.0
7780772,327.8393602539161
7781773,0.0
7782774,0.0
7783775,317.51928669567474
7784776,0.0
7785777,0.0
7786778,0.0
7787779,365.10174958695075
7788780,0.0
7789781,0.0
7790782,0.0
7791783,254.66805618573915
7792784,330.8824662930035
7793785,7.375596105940198
7794786,0.0
7795787,309.901104009624
7796788,0.0
7797789,0.0
7798790,0.0
7799791,0.0
7800792,0.0
7801793,0.0
7802794,8.477241501204604
7803795,12.643387188325404
7804796,324.23267499683135
7805797,12.114866806191786
7806798,0.0
7807799,0.0
7808800,0.0
7809801,322.8877828650849
7810802,267.8481112253442
7811803,0.0
7812804,0.0
7813805,32.97520230467578
7814806,13.518765406841892
7815807,0.0
7816808,350.8613181774425
7817809,0.0
7818810,324.75737770588063
7819811,0.0
7820812,321.4508081845685
7821813,0.0
7822814,0.0
7823815,37.953991111480136
7824816,46.44102849841433
7825817,0.0
7826818,20.728258075425302
7827819,7.364115918540508
7828820,0.0
7829821,0.0
7830822,0.0
7831823,0.0
7832824,0.0
7833825,321.5456872892571
7834826,321.1059084048469
7835827,362.75480384758055
7836828,300.83392872101905
7837829,0.0
7838830,0.0
7839831,0.0
7840832,0.0
7841833,0.0
7842834,0.0
7843835,27.263691637627627
7844836,0.0
7845837,0.0
7846838,0.0
7847839,0.0
7848840,0.0
7849841,315.1666926187255
7850842,0.0
7851843,278.6992387905278
7852844,0.0
7853845,0.0
7854846,0.0
7855847,0.0
7856848,0.0
7857849,0.0
7858850,0.0
7859851,0.0
7860852,0.0
7861853,0.0
7862854,0.0
7863855,0.0
7864856,0.0
7865857,330.46731840099227
7866858,0.0
7867859,0.0
7868860,18.37176232580487
7869861,0.0
7870862,0.0
7871863,0.0
7872864,0.0
7873865,0.0
7874866,0.0
7875867,0.0
7876868,0.0
7877869,339.69525809924465
7878870,0.0
7879871,0.0
7880872,368.1254084306954
7881873,321.7888219686092
7882874,0.0
7883875,0.0
7884876,303.49136518638346
7885877,18.780267997774935
7886878,0.0
7887879,0.0
7888880,0.0
7889881,329.96730106413105
7890882,3.6231670964223808
7891883,0.0
7892884,0.0
7893885,358.31115076988846
7894886,345.4358002065896
7895887,0.0
7896888,0.0
7897889,0.0
7898890,0.0
7899891,0.0
7900892,0.0
7901893,0.0
7902894,0.0
7903895,0.0
7904896,0.0
7905897,0.0
7906898,0.0
7907899,14.606959231521817
7908900,0.0
7909901,0.0
7910902,8.357699924003612
7911903,0.0
7912904,353.2805121640584
7913905,0.0
7914906,0.0
7915907,336.6638746297403
7916908,32.142619463953906
7917909,355.23436353174054
7918910,0.0
7919911,0.0
7920912,0.0
7921913,342.67353807483124
7922914,0.0
7923915,13.828475321655661
7924916,24.261771687002852
7925917,0.0
7926918,0.0
7927919,0.0
7928920,303.1385970803416
7929921,0.0
7930922,0.0
7931923,61.67672361588022
7932924,0.0
7933925,0.0
7934926,312.41843383151405
7935927,318.8180830401095
7936928,0.0
7937929,344.6581968379284
7938930,0.0
7939931,330.79457447215157
7940932,353.68504707360086
7941933,0.0
7942934,0.0
7943935,0.0
7944936,11.052376091245602
7945937,309.1851484207531
7946938,0.0
7947939,0.0
7948940,29.250696507754217
7949941,0.0
7950942,0.0
7951943,11.087133106504764
7952944,0.0
7953945,0.0
7954946,0.0
7955947,0.0
7956948,344.8251210323818
7957949,328.42544524959743
7958950,11.827237524825698
7959951,294.873751765668
7960952,359.43565588530373
7961953,0.0
7962954,346.2189496968165
7963955,0.0
7964956,0.0
7965957,10.172518307126591
7966958,287.49529432241906
7967959,0.0
7968960,0.0
7969961,0.0
7970962,0.0
7971963,0.0
7972964,0.0
7973965,285.88543443905667
7974966,339.98531853990164
7975967,0.0
7976968,0.0
7977969,0.0
7978970,363.3134039196664
7979971,0.0
7980972,0.0
7981973,0.0
7982974,0.0
7983975,14.382404497865393
7984976,0.0
7985977,0.0
7986978,0.0
7987979,0.0
7988980,323.33476938256166
7989981,0.0
7990982,0.0
7991983,0.0
7992984,0.0
7993985,0.0
7994986,7.206634640515222
7995987,0.0
7996988,23.81769533438767
7997989,6.1717096581866295
7998990,317.3768272716502
7999991,0.0
8000992,0.0
8001993,0.0
8002994,0.0
8003995,0.0
8004996,308.5163913772796
8005997,0.0
8006998,0.0
8007999,0.0
8009000,0.0
8010001,0.0
8011002,312.05072675939743
8012003,373.2238099529026
8013004,0.0
8014005,0.0
8015006,0.0
8016007,320.8695613134243
8017008,381.38425670852865
8018009,0.0
8019010,61.08593109410513
8020011,0.0
8021012,0.0
8022013,0.0
8023014,7.596593013325357
8024015,0.0
8025016,339.2564841542184
8026017,372.2415642729911
8027018,0.0
8028019,354.5103092223202
8029020,0.0
8030021,327.45846100606485
8031022,0.0
8032023,0.0
8033024,0.0
8034025,0.0
8035026,0.0
8036027,0.0
8037028,349.0827110240357
8038029,0.0
8039030,0.0
8040031,0.0
8041032,10.327166277843682
8042033,0.0
8043034,3.8194633021250337
8044035,0.0
8045036,0.0
8046037,0.0
8047038,245.86960531815222
8048039,0.0
8049040,21.40596259540215
8050041,332.23171986077216
8051042,333.89273823778547
8052043,0.0
8053044,0.0
8054045,13.447408219354706
8055046,335.0513829269526
8056047,0.0
8057048,0.0
8058049,0.0
8059050,0.0
8060051,44.48071077692636
8061052,336.8024198490142
8062053,0.0
8063054,0.0
8064055,0.0
8065056,0.0
8066057,0.0
8067058,308.9111523487047
8068059,0.0
8069060,0.0
8070061,362.98982938252027
8071062,0.0
8072063,0.0
8073064,0.0
8074065,0.0
8075066,0.0
8076067,0.0
8077068,317.0969081045064
8078069,0.0
8079070,15.504798884453475
8080071,0.0
8081072,0.0
8082073,0.0
8083074,0.0
8084075,343.34844001741453
8085076,0.0
8086077,0.0
8087078,0.0
8088079,0.0
8089080,0.0
8090081,339.09351570864413
8091082,337.2701607932992
8092083,324.0001332051184
8093084,21.3052851761492
8094085,19.125644682166957
8095086,0.0
8096087,0.0
8097088,0.0
8098089,0.0
8099090,366.8492276944392
8100091,0.0
8101092,25.498063349670026
8102093,8.787855379074449
8103094,373.64453102537243
8104095,0.0
8105096,0.0
8106097,49.2254086138275
8107098,0.0
8108099,15.26866745517753
8109100,0.0
8110101,0.0
8111102,351.5673790990624
8112103,0.0
8113104,0.0
8114105,0.0
8115106,0.0
8116107,0.0
8117108,0.0
8118109,0.0
8119110,17.25997060877457
8120111,0.0
8121112,0.0
8122113,0.0
8123114,328.7385241163252
8124115,0.0
8125116,0.0
8126117,0.0
8127118,0.0
8128119,0.0
8129120,0.0
8130121,354.7770824766038
8131122,342.5422515045876
8132123,11.268644078033162
8133124,0.0
8134125,9.568429424630201
8135126,383.46239059707796
8136127,0.0
8137128,0.0
8138129,353.02049757257794
8139130,356.859330498496
8140131,0.0
8141132,352.2846979307181
8142133,0.0
8143134,1.9427749324309809
8144135,358.65974403424866
8145136,370.9380684939271
8146137,0.0
8147138,0.0
8148139,0.0
8149140,0.0
8150141,0.0
8151142,0.0
8152143,324.63865216811877
8153144,0.0
8154145,11.804945116536373
8155146,0.0
8156147,7.4820051821274784
8157148,0.0
8158149,0.0
8159150,0.0
8160151,0.0
8161152,0.0
8162153,0.0
8163154,0.0
8164155,43.50911743920517
8165156,0.0
8166157,360.7575825605416
8167158,28.30629334043205
8168159,0.0
8169160,0.0
8170161,347.9898433315895
8171162,0.0
8172163,5.401502832788969
8173164,11.208813194031974
8174165,4.553049083535852
8175166,0.0
8176167,0.0
8177168,12.354532385085871
8178169,0.0
8179170,0.0
8180171,0.0
8181172,361.8000733262697
8182173,0.0
8183174,0.0
8184175,9.878047295980272
8185176,10.438666455117808
8186177,0.0
8187178,0.0
8188179,0.0
8189180,0.0
8190181,13.176863047603812
8191182,0.0
8192183,0.0
8193184,0.0
8194185,0.0
8195186,0.0
8196187,329.80623550487684
8197188,0.0
8198189,9.6021414010071
8199190,0.0
8200191,5.604189797635531
8201192,0.0
8202193,0.0
8203194,377.2469366716878
8204195,2.6891112265188695
8205196,0.0
8206197,349.65690247844276
8207198,0.0
8208199,7.145981206910894
8209200,0.0
8210201,9.065436688005938
8211202,9.669995523942154
8212203,0.0
8213204,347.6854780815797
8214205,8.571818251737852
8215206,353.7888840180975
8216207,0.0
8217208,9.724484568387087
8218209,0.0
8219210,0.0
8220211,0.0
8221212,0.0
8222213,18.196608734138238
8223214,0.0
8224215,0.0
8225216,0.0
8226217,29.02630715571434
8227218,0.0
8228219,0.0
8229220,0.0
8230221,0.0
8231222,0.0
8232223,0.0
8233224,0.0
8234225,19.10803549264994
8235226,0.0
8236227,0.0
8237228,337.609739013455
8238229,0.0
8239230,0.0
8240231,0.0
8241232,0.0
8242233,0.0
8243234,370.243298428817
8244235,0.0
8245236,0.0
8246237,0.0
8247238,0.0
8248239,0.0
8249240,0.0
8250241,12.700747566862681
8251242,0.0
8252243,345.2908327482543
8253244,370.0512830894115
8254245,360.4905198776555
8255246,337.4514770374936
8256247,0.0
8257248,0.0
8258249,0.0
8259250,361.39572780602924
8260251,23.370561887348213
8261252,335.24401506175656
8262253,327.5471724333961
8263254,352.7198568821699
8264255,0.0
8265256,320.2896339408951
8266257,7.3885955696014936
8267258,329.756518916959
8268259,302.9813062323633
8269260,16.254150973825748
8270261,0.0
8271262,328.363421453493
8272263,358.5893921472484
8273264,0.0
8274265,16.608739438581136
8275266,0.0
8276267,0.0
8277268,354.25808807390194
8278269,0.0
8279270,0.0
8280271,368.43084753376206
8281272,354.44700351227846
8282273,0.0
8283274,0.0
8284275,376.0935893340599
8285276,15.668111902797447
8286277,19.378075843199106
8287278,350.0192858071655
8288279,0.0
8289280,0.0
8290281,336.6350419498948
8291282,376.9329604791937
8292283,0.0
8293284,0.0
8294285,364.77917705361494
8295286,345.2485492464214
8296287,384.78933485335125
8297288,4.8254308193538265
8298289,0.0
8299290,357.5923071844858
8300291,367.5266316384235
8301292,0.0
8302293,0.0
8303294,345.30055338200555
8304295,0.0
8305296,0.0
8306297,0.0
8307298,0.0
8308299,0.0
8309300,4.793386275147553
8310301,0.0
8311302,0.0
8312303,0.0
8313304,0.0
8314305,0.0
8315306,356.57710166096655
8316307,0.0
8317308,0.0
8318309,0.0
8319310,0.0
8320311,0.0
8321312,0.0
8322313,0.0
8323314,0.0
8324315,0.0
8325316,7.470114421708202
8326317,5.442678575575352
8327318,372.5083698054006
8328319,0.0
8329320,0.0
8330321,305.5556804928178
8331322,0.0
8332323,0.0
8333324,0.0
8334325,0.0
8335326,368.8871980615406
8336327,0.0
8337328,341.13342227820186
8338329,0.0
8339330,0.0
8340331,0.0
8341332,341.59988515197784
8342333,0.0
8343334,0.0
8344335,0.0
8345336,378.8246716140402
8346337,29.94740596621441
8347338,0.0
8348339,333.83099550889136
8349340,288.5219679396169
8350341,344.4186641923072
8351342,0.0
8352343,0.0
8353344,0.0
8354345,0.0
8355346,0.0
8356347,0.0
8357348,0.0
8358349,340.5933495784079
8359350,0.0
8360351,0.0
8361352,0.0
8362353,2.6919400312653963
8363354,0.0
8364355,0.0
8365356,314.1146271184816
8366357,0.0
8367358,15.042270796516707
8368359,15.789302453439683
8369360,358.55716493386245
8370361,9.316488634998166
8371362,342.0878232483825
8372363,0.0
8373364,345.9743141659124
8374365,0.0
8375366,296.7114463568291
8376367,0.0
8377368,0.0
8378369,0.0
8379370,0.0
8380371,372.1300495873134
8381372,398.42605633045423
8382373,0.0
8383374,0.0
8384375,21.2236821353334
8385376,0.0
8386377,15.525888679108272
8387378,41.12483546459444
8388379,24.326333608307653
8389380,0.0
8390381,0.0
8391382,0.0
8392383,329.5594812582923
8393384,0.0
8394385,343.8154209631613
8395386,16.55080102739869
8396387,0.0
8397388,0.0
8398389,352.80614958559244
8399390,300.4936577797656
8400391,0.0
8401392,329.4519853782619
8402393,0.0
8403394,345.35871916504664
8404395,22.17934770678848
8405396,360.5426247821097
8406397,0.0
8407398,0.0
8408399,24.54704040964377
8409400,0.0
8410401,340.81750714614356
8411402,366.829855711694
8412403,36.88060051337314
8413404,0.0
8414405,0.0
8415406,0.0
8416407,352.99415204864925
8417408,360.20764662091864
8418409,0.0
8419410,0.0
8420411,7.326971433378639
8421412,327.9059780105749
8422413,0.0
8423414,355.76676747339945
8424415,339.1025357186307
8425416,0.0
8426417,21.030896248550285
8427418,0.0
8428419,0.0
8429420,0.0
8430421,0.0
8431422,0.0
8432423,24.62792303108191
8433424,395.4889001729386
8434425,0.0
8435426,0.0
8436427,0.0
8437428,5.691619337201009
8438429,10.374612986575675
8439430,0.0
8440431,0.0
8441432,326.84312953957385
8442433,327.94435005746556
8443434,0.0
8444435,372.6670155369559
8445436,0.0
8446437,368.53009655500034
8447438,0.0
8448439,0.0
8449440,0.0
8450441,9.797225721394694
8451442,0.0
8452443,0.0
8453444,358.54434848369084
8454445,416.60421887889015
8455446,29.7606511677934
8456447,0.0
8457448,370.7393499776187
8458449,12.097837306167609
8459450,381.2827959951982
8460451,0.0
8461452,0.0
8462453,0.0
8463454,333.9447319246809
8464455,340.0674316263072
8465456,0.0
8466457,12.577530213153258
8467458,41.29319775920995
8468459,0.0
8469460,10.3132774296912
8470461,0.0
8471462,14.486314000549235
8472463,8.47940325183546
8473464,0.0
8474465,0.0
8475466,371.9865683794283
8476467,336.6722684508893
8477468,0.0
8478469,0.0
8479470,0.0
8480471,294.40589436600806
8481472,0.0
8482473,0.0
8483474,0.0
8484475,0.0
8485476,0.0
8486477,0.0
8487478,0.0
8488479,0.0
8489480,0.0
8490481,0.0
8491482,0.0
8492483,326.6504969264435
8493484,18.827128051008543
8494485,0.0
8495486,338.412377775497
8496487,0.0
8497488,14.542869410375719
8498489,0.0
8499490,5.432460211683897
8500491,0.0
8501492,0.0
8502493,0.0
8503494,0.0
8504495,0.0
8505496,0.0
8506497,0.0
8507498,0.0
8508499,0.0
8509500,0.0
8510501,0.0
8511502,0.0
8512503,351.0891160739468
8513504,18.951150244505484
8514505,24.29364308841634
8515506,343.56721707357536
8516507,0.0
8517508,363.0714217091431
8518509,0.0
8519510,0.0
8520511,0.0
8521512,0.0
8522513,0.0
8523514,0.0
8524515,353.779592192758
8525516,348.9177019399592
8526517,0.0
8527518,0.0
8528519,7.578854975517653
8529520,0.0
8530521,0.0
8531522,346.16804816134305
8532523,0.0
8533524,0.0
8534525,38.12744939534667
8535526,344.50606553240453
8536527,17.716133583917806
8537528,349.57810424376004
8538529,310.56200711079674
8539530,0.0
8540531,4.754935535358541
8541532,0.0
8542533,364.8040330831314
8543534,0.0
8544535,0.0
8545536,0.0
8546537,0.0
8547538,0.0
8548539,0.0
8549540,376.2787599527338
8550541,369.7612113030779
8551542,0.0
8552543,0.0
8553544,0.0
8554545,0.0
8555546,0.0
8556547,0.0
8557548,0.0
8558549,3.7393078840838334
8559550,10.327760297262829
8560551,0.0
8561552,328.39840666791525
8562553,7.488611483233298
8563554,0.0
8564555,28.177616900988628
8565556,0.0
8566557,0.0
8567558,0.0
8568559,348.74966794332664
8569560,0.0
8570561,0.0
8571562,0.0
8572563,0.0
8573564,6.574988807477636
8574565,381.4115846209929
8575566,0.0
8576567,27.886735556524634
8577568,9.952265776370908
8578569,0.0
8579570,0.0
8580571,0.0
8581572,0.0
8582573,0.0
8583574,0.0
8584575,356.02362263186706
8585576,359.9583479058342
8586577,311.34108230032024
8587578,39.450239372105635
8588579,0.0
8589580,0.0
8590581,290.47739338633505
8591582,0.0
8592583,347.55358359785737
8593584,0.0
8594585,359.1974005433036
8595586,0.0
8596587,0.0
8597588,0.0
8598589,406.23234696455813
8599590,0.0
8600591,360.4806197027605
8601592,0.0
8602593,367.0336422833706
8603594,336.06740012796837
8604595,9.447474068054253
8605596,0.0
8606597,304.5334156962937
8607598,0.0
8608599,0.0
8609600,0.0
8610601,0.0
8611602,0.0
8612603,0.0
8613604,0.0
8614605,360.39734205585916
8615606,0.0
8616607,0.0
8617608,370.4187978912707
8618609,6.469131226919914
8619610,0.0
8620611,0.0
8621612,9.249294107885081
8622613,381.2137123665011
8623614,0.0
8624615,15.882615096135629
8625616,0.0
8626617,0.0
8627618,0.0
8628619,0.0
8629620,0.0
8630621,0.0
8631622,0.0
8632623,0.0
8633624,0.0
8634625,0.0
8635626,0.0
8636627,0.0
8637628,0.0
8638629,345.17621690532917
8639630,343.1237967815222
8640631,0.0
8641632,0.0
8642633,0.0
8643634,0.0
8644635,4.886398149997991
8645636,0.0
8646637,0.0
8647638,0.0
8648639,6.521352310638988
8649640,0.0
8650641,0.0
8651642,0.0
8652643,0.0
8653644,309.62267679972894
8654645,0.0
8655646,0.0
8656647,0.0
8657648,68.69590008595279
8658649,21.98735775639878
8659650,26.272281210018242
8660651,27.617458464181063
8661652,0.0
8662653,0.0
8663654,0.0
8664655,0.0
8665656,362.89243134446315
8666657,357.41730963183744
8667658,0.0
8668659,353.516480610521
8669660,0.0
8670661,0.0
8671662,0.0
8672663,0.0
8673664,346.63123679648663
8674665,0.0
8675666,0.0
8676667,0.0
8677668,0.0
8678669,0.0
8679670,0.0
8680671,0.0
8681672,0.0
8682673,358.0349344848185
8683674,0.0
8684675,0.0
8685676,326.188332172492
8686677,326.6033932176182
8687678,0.0
8688679,0.0
8689680,0.0
8690681,345.0169342984417
8691682,0.0
8692683,0.0
8693684,371.9175088771504
8694685,0.0
8695686,0.0
8696687,0.0
8697688,369.2886748593419
8698689,15.23131845842059
8699690,0.0
8700691,3.6267829609671187
8701692,0.0
8702693,0.0
8703694,0.0
8704695,358.31491303596687
8705696,0.0
8706697,0.0
8707698,0.0
8708699,0.0
8709700,339.9968591227084
8710701,45.79534796954978
8711702,0.0
8712703,0.0
8713704,0.0
8714705,0.0
8715706,333.5362637944649
8716707,0.0
8717708,19.93375678926042
8718709,288.11247554170944
8719710,0.0
8720711,0.0
8721712,0.0
8722713,347.9179017287353
8723714,0.0
8724715,0.0
8725716,355.21348384943934
8726717,355.0623735970276
8727718,0.0
8728719,0.0
8729720,0.0
8730721,359.0402306667811
8731722,0.0
8732723,344.35949210593816
8733724,0.0
8734725,0.0
8735726,347.5467943903073
8736727,0.0
8737728,369.2879048844342
8738729,45.81247070212507
8739730,0.0
8740731,8.387594552966117
8741732,368.41185919768435
8742733,0.0
8743734,0.0
8744735,0.0
8745736,49.98013383541225
8746737,359.93734009104
8747738,0.0
8748739,17.070309855089278
8749740,0.0
8750741,0.0
8751742,18.18596736734361
8752743,0.0
8753744,0.0
8754745,0.0
8755746,17.57357043958859
8756747,0.0
8757748,0.0
8758749,32.619884991160575
8759750,0.0
8760751,328.7958155923281
8761752,25.17225893110862
8762753,0.0
8763754,375.6842652947929
8764755,0.0
8765756,0.0
8766757,0.0
8767758,0.0
8768759,320.67719509195905
8769760,25.674141128186044
8770761,0.0
8771762,329.7515612838898
8772763,285.52243623177424
8773764,0.0
8774765,347.84074118565945
8775766,0.0
8776767,0.0
8777768,351.32702879068387
8778769,0.0
8779770,0.0
8780771,0.0
8781772,0.0
8782773,4.569772598722352
8783774,329.75307558341194
8784775,0.0
8785776,295.38463843786445
8786777,0.0
8787778,0.0
8788779,0.0
8789780,0.0
8790781,344.42597694550943
8791782,8.300208612259834
8792783,0.0
8793784,0.0
8794785,0.0
8795786,0.0
8796787,0.0
8797788,35.18869932352339
8798789,0.0
8799790,0.0
8800791,9.171142493343533
8801792,17.44176112598748
8802793,0.0
8803794,342.83325991201525
8804795,0.0
8805796,30.74120341127561
8806797,0.0
8807798,0.0
8808799,347.3477558639431
8809800,360.4171948812544
8810801,0.0
8811802,0.0
8812803,0.0
8813804,6.63494372706254
8814805,371.26808214745313
8815806,357.352477238552
8816807,0.0
8817808,0.0
8818809,350.0957136007487
8819810,0.0
8820811,357.9700196433468
8821812,0.0
8822813,0.0
8823814,0.0
8824815,354.6319104063753
8825816,378.3698020329487
8826817,0.0
8827818,0.0
8828819,284.22644992629876
8829820,0.0
8830821,0.0
8831822,0.0
8832823,11.098659738813595
8833824,0.0
8834825,364.8157122339457
8835826,356.2335312094316
8836827,0.0
8837828,0.0
8838829,409.8653522352063
8839830,0.0
8840831,0.0
8841832,0.0
8842833,363.9509537715846
8843834,0.0
8844835,18.18098131678889
8845836,0.0
8846837,346.0494821241878
8847838,0.0
8848839,0.0
8849840,0.0
8850841,0.0
8851842,375.2524467736525
8852843,13.313152613000932
8853844,0.0
8854845,0.0
8855846,0.0
8856847,2.682888233332685
8857848,0.0
8858849,0.0
8859850,0.0
8860851,0.0
8861852,313.5597874150668
8862853,10.73115636687904
8863854,5.434652239134378
8864855,0.0
8865856,0.0
8866857,0.0
8867858,329.1575194264299
8868859,0.0
8869860,0.0
8870861,0.0
8871862,0.0
8872863,324.0198855151472
8873864,0.0
8874865,299.67784099740004
8875866,0.0
8876867,0.0
8877868,0.0
8878869,0.0
8879870,0.0
8880871,338.8105281464641
8881872,0.0
8882873,375.68385316606344
8883874,341.0144608816687
8884875,0.0
8885876,0.0
8886877,0.0
8887878,0.0
8888879,0.0
8889880,369.14967418905024
8890881,0.0
8891882,0.0
8892883,353.291976585299
8893884,0.0
8894885,0.0
8895886,0.0
8896887,0.0
8897888,0.0
8898889,0.0
8899890,0.0
8900891,402.9341386809234
8901892,337.93821524376744
8902893,0.0
8903894,0.0
8904895,295.2243564626581
8905896,367.6305230492513
8906897,363.05211137653305
8907898,0.0
8908899,0.0
8909900,0.0
8910901,0.0
8911902,0.0
8912903,0.0
8913904,367.60465741673005
8914905,345.10574556799367
8915906,0.0
8916907,369.4306734318567
8917908,0.0
8918909,0.0
8919910,334.38553643803215
8920911,0.0
8921912,349.00980732423653
8922913,371.73972335245446
8923914,0.0
8924915,0.0
8925916,0.0
8926917,0.0
8927918,12.143218028326716
8928919,354.88675040608985
8929920,4.577698245304019
8930921,0.0
8931922,349.5770074936526
8932923,0.0
8933924,0.0
8934925,340.7655633438905
8935926,12.891332650648355
8936927,338.6654331910908
8937928,0.0
8938929,0.0
8939930,358.98059293663397
8940931,0.0
8941932,0.0
8942933,0.0
8943934,0.0
8944935,0.0
8945936,0.0
8946937,358.3338866218958
8947938,339.3545660323043
8948939,0.0
8949940,0.0
8950941,0.0
8951942,0.0
8952943,0.0
8953944,0.0
8954945,353.5093481127024
8955946,0.0
8956947,0.0
8957948,0.0
8958949,0.0
8959950,337.51981185335154
8960951,8.282190965812273
8961952,0.0
8962953,0.0
8963954,364.7220410498619
8964955,0.0
8965956,8.32089852648469
8966957,0.0
8967958,0.0
8968959,0.0
8969960,0.0
8970961,0.0
8971962,0.0
8972963,347.48671066031085
8973964,0.0
8974965,362.93178334043887
8975966,0.0
8976967,0.0
8977968,0.0
8978969,0.0
8979970,0.0
8980971,0.0
8981972,331.17772213912355
8982973,0.0
8983974,340.1950217997089
8984975,17.464175285223092
8985976,0.0
8986977,0.0
8987978,0.0
8988979,331.95597776023624
8989980,339.5872331707557
8990981,0.0
8991982,0.0
8992983,0.0
8993984,0.0
8994985,0.0
8995986,0.0
8996987,0.0
8997988,0.0
8998989,342.0983631973136
8999990,0.0
9000991,346.19434302787977
9001992,0.0
9002993,0.0
9003994,0.0
9004995,11.377556613868185
9005996,0.0
9006997,349.14723479571444
9007998,0.0
9008999,0.0
9010000,0.0
9011001,0.0
9012002,0.0
9013003,339.40430481636514
9014004,0.0
9015005,0.0
9016006,9.325622937750692
9017007,0.0
9018008,0.0
9019009,367.64719078926777
9020010,103.55486115003416
9021011,357.7653400911125
9022012,0.0
9023013,350.70176003976076
9024014,8.500004019462596
9025015,5.650867062371266
9026016,12.863263951820414
9027017,0.0
9028018,0.0
9029019,0.0
9030020,0.0
9031021,350.24012098736443
9032022,360.93171934586763
9033023,0.0
9034024,0.0
9035025,0.0
9036026,17.688190686112833
9037027,0.0
9038028,3.527835720536029
9039029,0.0
9040030,0.0
9041031,344.56536892094397
9042032,65.27613658983583
9043033,0.0
9044034,11.268931011821751
9045035,8.352552585502993
9046036,7.685275772721547
9047037,323.64122768415007
9048038,333.9766059231146
9049039,0.0
9050040,0.0
9051041,0.0
9052042,0.0
9053043,0.0
9054044,0.0
9055045,2.8740741896242104
9056046,0.0
9057047,0.0
9058048,0.0
9059049,383.1864035110046
9060050,0.0
9061051,0.0
9062052,6.464628465338598
9063053,332.23474941533755
9064054,0.0
9065055,0.0
9066056,14.48799989863051
9067057,0.0
9068058,369.43956256716643
9069059,358.40359262597974
9070060,7.530796554037458
9071061,4.4739245054333106
9072062,0.0
9073063,318.4410507027158
9074064,341.32147653707517
9075065,356.65848534181407
9076066,0.0
9077067,350.9291137510556
9078068,0.0
9079069,0.0
9080070,362.2251230308508
9081071,0.0
9082072,303.2298919269741
9083073,0.0
9084074,350.80890500440023
9085075,0.0
9086076,10.149422357785745
9087077,0.0
9088078,0.0
9089079,0.0
9090080,0.0
9091081,0.0
9092082,37.11506908391489
9093083,0.0
9094084,21.033804603793847
9095085,0.0
9096086,366.54074737200267
9097087,26.1580204136997
9098088,0.0
9099089,0.0
9100090,0.0
9101091,0.0
9102092,0.0
9103093,9.198998922457113
9104094,0.0
9105095,334.0682444231733
9106096,16.804133796380263
9107097,0.0
9108098,324.54712360589286
9109099,0.0
9110100,0.0
9111101,0.8463920771972463
9112102,0.0
9113103,0.0
9114104,0.0
9115105,9.923963666934695
9116106,0.0
9117107,0.0
9118108,0.0
9119109,0.0
9120110,0.0
9121111,10.367500638428902
9122112,0.0
9123113,0.0
9124114,0.0
9125115,336.89369218203535
9126116,0.0
9127117,13.056973773926412
9128118,9.414488465672708
9129119,0.0
9130120,0.0
9131121,0.0
9132122,0.0
9133123,0.0
9134124,334.3091281972122
9135125,306.30793969672095
9136126,333.99909153204885
9137127,29.549170348764644
9138128,0.0
9139129,0.0
9140130,0.0
9141131,10.961046844333875
9142132,362.57973083743565
9143133,0.0
9144134,0.0
9145135,345.47172511865955
9146136,312.4673658094236
9147137,321.8383155935235
9148138,8.089250769719369
9149139,0.0
9150140,13.442672431950488
9151141,362.0523561920377
9152142,0.0
9153143,0.0
9154144,0.0
9155145,355.4870171745359
9156146,11.769941846325954
9157147,15.7027906474632
9158148,15.56662963668679
9159149,355.9455301221641
9160150,331.73060790648327
9161151,7.423477606065468
9162152,9.694936069045609
9163153,0.0
9164154,351.64974832694986
9165155,0.0
9166156,356.81202714711515
9167157,0.0
9168158,0.0
9169159,0.0
9170160,0.0
9171161,0.0
9172162,340.17826565220616
9173163,0.0
9174164,366.4403973909955
9175165,0.0
9176166,0.0
9177167,0.0
9178168,0.0
9179169,0.0
9180170,11.709557463653505
9181171,358.8168354370648
9182172,0.0
9183173,381.45594552538455
9184174,360.18830616668987
9185175,0.0
9186176,0.0
9187177,0.0
9188178,0.0
9189179,393.0962388835186
9190180,326.13243280143666
9191181,343.98476378439193
9192182,0.0
9193183,0.0
9194184,376.59983616257307
9195185,0.0
9196186,0.0
9197187,0.0
9198188,0.0
9199189,11.519351041275725
9200190,0.0
9201191,0.0
9202192,0.0
9203193,0.0
9204194,0.0
9205195,0.0
9206196,0.0
9207197,0.0
9208198,0.0
9209199,338.3537255927097
9210200,0.0
9211201,0.0
9212202,0.0
9213203,24.840156563358942
9214204,0.0
9215205,0.0
9216206,0.0
9217207,8.476781835568998
9218208,355.23323076979864
9219209,0.0
9220210,0.0
9221211,4.4512452079062905
9222212,0.0
9223213,321.7056881662943
9224214,15.750003900578317
9225215,0.0
9226216,321.2035417755161
9227217,379.60110577650516
9228218,0.0
9229219,332.2934728312893
9230220,332.22137398992203
9231221,9.863762203819698
9232222,0.0
9233223,20.832757400120723
9234224,0.0
9235225,345.02220694873836
9236226,340.34827901129927
9237227,0.0
9238228,366.1529837808655
9239229,0.0
9240230,341.1141521513124
9241231,0.0
9242232,5.560036027736021
9243233,0.0
9244234,47.233718412939574
9245235,6.400713455707414
9246236,0.0
9247237,0.0
9248238,377.78306880222345
9249239,0.0
9250240,21.69353467850076
9251241,0.0
9252242,5.690632742311965
9253243,375.65772702556075
9254244,0.0
9255245,362.6162239567053
9256246,0.0
9257247,0.0
9258248,0.0
9259249,0.0
9260250,0.0
9261251,351.55129764883213
9262252,0.0
9263253,356.98179305954255
9264254,0.0
9265255,0.0
9266256,358.57404800893374
9267257,0.0
9268258,0.0
9269259,0.0
9270260,348.39638336942176
9271261,324.1025931285124
9272262,0.0
9273263,0.0
9274264,1.7380803159460627
9275265,0.0
9276266,0.0
9277267,0.0
9278268,0.0
9279269,0.0
9280270,18.565749071923168
9281271,307.6676014887469
9282272,0.0
9283273,0.0
9284274,367.1737675197316
9285275,0.0
9286276,45.3314889847863
9287277,0.0
9288278,0.0
9289279,0.0
9290280,285.08057788961963
9291281,373.2285996663135
9292282,0.0
9293283,0.0
9294284,0.0
9295285,0.0
9296286,0.0
9297287,10.221876791951015
9298288,6.587859663011218
9299289,350.3525235986574
9300290,0.0
9301291,321.5269653148685
9302292,322.2510833966988
9303293,0.0
9304294,0.0
9305295,0.0
9306296,0.0
9307297,355.9274838161064
9308298,366.2918664716185
9309299,0.0
9310300,0.0
9311301,368.0116348318198
9312302,316.7432462006468
9313303,9.858053975999455
9314304,21.60727016539878
9315305,0.0
9316306,0.0
9317307,0.0
9318308,0.0
9319309,353.2361242849583
9320310,370.4082117385093
9321311,357.95546021561154
9322312,351.83471342305467
9323313,286.04064047551697
9324314,366.147548083341
9325315,0.0
9326316,0.0
9327317,336.57598310805275
9328318,0.0
9329319,0.0
9330320,43.31697507900644
9331321,374.7269163731108
9332322,0.0
9333323,0.0
9334324,1.7386430683962986
9335325,0.0
9336326,9.882011648337114
9337327,0.0
9338328,6.5178635220607095
9339329,0.0
9340330,0.0
9341331,15.647650328116486
9342332,345.56635165135634
9343333,0.0
9344334,0.0
9345335,0.0
9346336,358.39572019224494
9347337,0.0
9348338,0.0
9349339,0.0
9350340,0.0
9351341,0.0
9352342,3.65340187189049
9353343,0.0
9354344,29.741971184735586
9355345,0.0
9356346,1.904413187146677
9357347,0.0
9358348,0.0
9359349,0.0
9360350,328.41144009653755
9361351,362.79168979921224
9362352,0.0
9363353,0.0
9364354,9.85031245168629
9365355,352.05220335119304
9366356,0.0
9367357,357.15776845449057
9368358,32.87392143031104
9369359,0.0
9370360,321.1997145245522
9371361,0.0
9372362,5.524448957251318
9373363,0.0
9374364,0.0
9375365,0.0
9376366,0.0
9377367,15.455782778915363
9378368,0.0
9379369,0.0
9380370,0.0
9381371,372.0077815758158
9382372,327.602440642079
9383373,0.0
9384374,391.61017377611216
9385375,0.0
9386376,0.0
9387377,373.7308028588749
9388378,353.4973361120656
9389379,9.385651097479153
9390380,341.4435536750474
9391381,0.0
9392382,363.7304100155234
9393383,0.0
9394384,337.45142510198895
9395385,0.0
9396386,11.686375343741425
9397387,314.04999917347425
9398388,0.0
9399389,0.0
9400390,0.0
9401391,0.0
9402392,2.904617657761899
9403393,10.098572739292104
9404394,0.0
9405395,298.81559522168266
9406396,342.68213980295906
9407397,0.0
9408398,368.18719193797506
9409399,0.0
9410400,0.0
9411401,0.0
9412402,349.69838180871415
9413403,334.6303286331533
9414404,0.0
9415405,0.0
9416406,0.0
9417407,0.0
9418408,0.0
9419409,357.77770104931585
9420410,0.0
9421411,0.0
9422412,0.0
9423413,0.0
9424414,349.46106457112677
9425415,12.076545865401863
9426416,0.0
9427417,0.0
9428418,0.0
9429419,0.0
9430420,0.0
9431421,0.0
9432422,0.0
9433423,19.751969965971362
9434424,9.82966044542434
9435425,0.0
9436426,338.1066623439819
9437427,0.0
9438428,0.0
9439429,15.480881367861949
9440430,20.103430444375253
9441431,0.0
9442432,5.425191268576983
9443433,0.0
9444434,375.73528991048727
9445435,0.0
9446436,0.0
9447437,0.0
9448438,0.0
9449439,0.0
9450440,0.0
9451441,18.247024230696653
9452442,358.05202584607275
9453443,0.0
9454444,0.0
9455445,0.0
9456446,320.43594134815777
9457447,0.0
9458448,376.7750419111482
9459449,0.0
9460450,374.4863569742049
9461451,0.0
9462452,0.0
9463453,0.0
9464454,0.0
9465455,8.956916788365849
9466456,374.91027080363426
9467457,0.0
9468458,0.0
9469459,0.0
9470460,0.0
9471461,0.0
9472462,0.0
9473463,1.7065001287003252
9474464,0.0
9475465,337.47845986153897
9476466,326.6003971287396
9477467,0.0
9478468,0.0
9479469,352.01667275915605
9480470,0.0
9481471,342.64817672620757
9482472,0.0
9483473,356.073195342132
9484474,343.13636583971
9485475,0.0
9486476,0.0
9487477,0.0
9488478,0.0
9489479,0.0
9490480,0.0
9491481,0.0
9492482,316.1548814885187
9493483,345.9783085880408
9494484,362.78154247537697
9495485,367.9957626472333
9496486,311.7800640610882
9497487,0.0
9498488,0.0
9499489,19.50586686419157
9500490,358.1029433020153
9501491,6.49985355089652
9502492,0.0
9503493,0.0
9504494,0.0
9505495,0.0
9506496,6.372729870529986
9507497,11.294302113228968
9508498,0.0
9509499,357.3028749930758
9510500,0.0
9511501,0.0
9512502,0.0
9513503,13.111869166973065
9514504,20.17225797297031
9515505,0.0
9516506,0.0
9517507,0.0
9518508,5.759169895025586
9519509,346.35025463394214
9520510,3.5903896919799116
9521511,23.288614578878345
9522512,9.820845709567015
9523513,0.0
9524514,41.92670066267805
9525515,0.0
9526516,353.77588402466927
9527517,347.1763422641957
9528518,327.62998110782905
9529519,25.135627709549436
9530520,0.0
9531521,0.0
9532522,0.0
9533523,348.42718475936516
9534524,329.3927343918091
9535525,0.0
9536526,0.0
9537527,331.6050450272813
9538528,0.0
9539529,376.61885411683375
9540530,0.0
9541531,0.0
9542532,0.0
9543533,360.37351208954294
9544534,0.0
9545535,0.0
9546536,12.447061279640318
9547537,8.870094355923147
9548538,343.58099353316953
9549539,10.23732585196494
9550540,0.0
9551541,20.90863971018001
9552542,0.0
9553543,0.0
9554544,0.0
9555545,18.07352301191468
9556546,318.8506966640203
9557547,27.026659157188384
9558548,0.0
9559549,0.0
9560550,0.0
9561551,0.0
9562552,0.0
9563553,370.52939285889266
9564554,0.0
9565555,0.0
9566556,0.0
9567557,8.976139043929052
9568558,0.0
9569559,0.0
9570560,0.0
9571561,0.0
9572562,0.0
9573563,0.0
9574564,0.0
9575565,351.792127901363
9576566,0.0
9577567,16.143871143394616
9578568,13.89386168493581
9579569,0.0
9580570,346.4659350797624
9581571,19.14837788103807
9582572,5.670299769464785
9583573,0.0
9584574,4.753748576409727
9585575,0.0
9586576,0.0
9587577,345.3213054275668
9588578,0.0
9589579,0.0
9590580,332.95021358532153
9591581,318.7708465560544
9592582,0.0
9593583,321.47598020424397
9594584,6.189503169210539
9595585,351.2343511913865
9596586,9.25165121965101
9597587,334.4477996775051
9598588,17.436312835857432
9599589,0.0
9600590,0.0
9601591,0.0
9602592,0.0
9603593,0.0
9604594,0.0
9605595,2.842382091879268
9606596,342.9721292960698
9607597,342.3679164214834
9608598,339.51590120688724
9609599,0.0
9610600,0.0
9611601,0.0
9612602,329.5946411740184
9613603,21.962087028849428
9614604,0.0
9615605,0.0
9616606,342.67316150978286
9617607,11.678437529088196
9618608,8.41475471830542
9619609,3.8936757326968605
9620610,0.0
9621611,369.6165345409849
9622612,0.0
9623613,0.0
9624614,5.620967881939873
9625615,0.0
9626616,35.02654185284839
9627617,32.34732849153636
9628618,0.0
9629619,0.0
9630620,0.0
9631621,0.0
9632622,9.779190728150075
9633623,374.89022215705444
9634624,4.518239405445237
9635625,3.6954139021952566
9636626,0.0
9637627,0.0
9638628,305.57183878162743
9639629,30.63550851922991
9640630,0.0
9641631,13.54505658144659
9642632,306.66583676962375
9643633,288.22212630896354
9644634,0.0
9645635,0.0
9646636,0.0
9647637,383.6777865021986
9648638,0.0
9649639,301.89565216839003
9650640,0.0
9651641,302.6174347895332
9652642,0.0
9653643,367.1937827070856
9654644,30.7399697168037
9655645,356.80281442887
9656646,0.0
9657647,344.1791174005715
9658648,0.0
9659649,0.0
9660650,21.32695498577432
9661651,0.0
9662652,0.0
9663653,0.0
9664654,0.0
9665655,376.7190283438581
9666656,314.03141146689364
9667657,354.84951338168923
9668658,0.0
9669659,0.0
9670660,0.0
9671661,0.0
9672662,0.0
9673663,367.87572821130306
9674664,0.0
9675665,0.0
9676666,369.44716225389914
9677667,0.0
9678668,0.0
9679669,0.0
9680670,0.0
9681671,0.0
9682672,0.0
9683673,0.0
9684674,0.0
9685675,332.1605679385003
9686676,0.0
9687677,0.0
9688678,18.35892809861877
9689679,357.3940607181641
9690680,334.2958865147733
9691681,0.0
9692682,0.0
9693683,353.02983292450546
9694684,0.0
9695685,339.7295452202961
9696686,10.075366511677762
9697687,0.0
9698688,311.5427462044602
9699689,0.0
9700690,0.0
9701691,0.0
9702692,337.092686517643
9703693,355.3691044626892
9704694,0.0
9705695,0.0
9706696,52.26929731019455
9707697,9.070595367700587
9708698,364.15292801565005
9709699,353.599921029484
9710700,7.215331552877118
9711701,0.0
9712702,0.0
9713703,346.66452551034916
9714704,0.0
9715705,371.5265593502077
9716706,0.0
9717707,0.0
9718708,0.0
9719709,0.0
9720710,347.21195905386355
9721711,32.598136348381736
9722712,13.692695384950976
9723713,0.0
9724714,380.93377545151037
9725715,14.893716622691212
9726716,10.532939029870573
9727717,0.0
9728718,0.0
9729719,9.521564869105388
9730720,0.0
9731721,346.05904858419393
9732722,363.60518953074444
9733723,18.002975435270013
9734724,0.0
9735725,0.0
9736726,0.0
9737727,0.0
9738728,3.8409256812437653
9739729,338.89113657181866
9740730,0.0
9741731,374.36347041336364
9742732,0.0
9743733,0.0
9744734,6.537835006709715
9745735,348.10539209814914
9746736,0.0
9747737,0.0
9748738,19.898022728476462
9749739,0.0
9750740,0.0
9751741,0.0
9752742,0.0
9753743,0.0
9754744,0.0
9755745,0.0
9756746,0.0
9757747,350.8503602212249
9758748,0.0
9759749,0.0
9760750,7.546426833115631
9761751,0.0
9762752,0.0
9763753,0.0
9764754,345.4000116150529
9765755,0.0
9766756,367.58193107285837
9767757,0.0
9768758,4.606000162711222
9769759,10.05093018816763
9770760,0.0
9771761,2.749360047186909
9772762,8.241480811462967
9773763,0.0
9774764,0.0
9775765,0.0
9776766,0.0
9777767,0.0
9778768,14.119196578958674
9779769,0.0
9780770,0.0
9781771,0.0
9782772,329.4337493891781
9783773,0.0
9784774,0.0
9785775,0.0
9786776,0.0
9787777,342.9130793237837
9788778,0.0
9789779,0.0
9790780,0.0
9791781,4.6065141860846905
9792782,32.6087615165311
9793783,0.0
9794784,0.0
9795785,0.0
9796786,0.0
9797787,0.0
9798788,0.0
9799789,340.8102285259656
9800790,0.0
9801791,0.0
9802792,368.7937385686543
9803793,354.32707557584956
9804794,0.0
9805795,0.0
9806796,0.0
9807797,7.213844476274568
9808798,0.0
9809799,0.0
9810800,369.574631416597
9811801,370.26430933791005
9812802,0.0
9813803,0.0
9814804,0.0
9815805,0.0
9816806,0.0
9817807,352.5489065448016
9818808,345.98419855003056
9819809,351.65136003615794
9820810,0.0
9821811,0.0
9822812,0.0
9823813,0.0
9824814,350.8284243314639
9825815,0.0
9826816,0.0
9827817,0.0
9828818,0.0
9829819,359.94755066347125
9830820,333.3190221323463
9831821,0.0
9832822,0.0
9833823,12.130340575728212
9834824,0.0
9835825,192.50004714952152
9836826,0.0
9837827,0.0
9838828,0.0
9839829,323.9317867685838
9840830,0.0
9841831,0.0
9842832,0.0
9843833,342.4264137992857
9844834,16.26671297802583
9845835,8.582319215534834
9846836,0.0
9847837,0.0
9848838,332.1721606241134
9849839,0.0
9850840,349.70967000448155
9851841,0.0
9852842,0.0
9853843,0.0
9854844,0.0
9855845,11.381586427878673
9856846,14.55694573740772
9857847,0.0
9858848,0.0
9859849,0.0
9860850,0.0
9861851,0.0
9862852,2.8439200972033714
9863853,0.0
9864854,0.0
9865855,355.79838312514744
9866856,3.593641436883946
9867857,350.5943093502119
9868858,6.951509340058559
9869859,0.0
9870860,324.3978365691269
9871861,36.17811102280491
9872862,0.0
9873863,0.0
9874864,0.0
9875865,0.0
9876866,0.0
9877867,13.126649413578633
9878868,0.0
9879869,0.0
9880870,0.0
9881871,0.0
9882872,0.0
9883873,0.0
9884874,347.08523290121946
9885875,13.781876332828936
9886876,12.187563448051172
9887877,0.0
9888878,336.6593235909778
9889879,328.88682526802955
9890880,0.0
9891881,343.4513714065734
9892882,0.0
9893883,0.0
9894884,0.0
9895885,0.0
9896886,0.0
9897887,0.0
9898888,6.496183431967864
9899889,0.0
9900890,346.008796612456
9901891,0.0
9902892,2.670211897920071
9903893,0.0
9904894,0.0
9905895,0.0
9906896,12.918382126310291
9907897,0.0
9908898,0.0
9909899,0.0
9910900,378.7547237552633
9911901,0.0
9912902,0.0
9913903,0.0
9914904,0.0
9915905,332.3549115252714
9916906,0.0
9917907,0.0
9918908,8.857425826691957
9919909,337.647814266252
9920910,0.0
9921911,25.571385491677194
9922912,377.32554630268135
9923913,4.5604240931052376
9924914,0.0
9925915,0.0
9926916,320.60923393481386
9927917,0.0
9928918,0.0
9929919,6.461794215586913
9930920,357.8081218104913
9931921,4.55459567515521
9932922,0.0
9933923,0.0
9934924,0.0
9935925,6.328602199427016
9936926,0.0
9937927,0.0
9938928,0.0
9939929,59.6721242857813
9940930,8.352659979775082
9941931,3.6077790852036005
9942932,0.0
9943933,0.0
9944934,0.0
9945935,0.0
9946936,333.3246601099816
9947937,337.1577918294135
9948938,0.0
9949939,4.717820091582575
9950940,349.6146368353375
9951941,0.0
9952942,5.242659425330602
9953943,0.0
9954944,11.55302347948575
9955945,0.0
9956946,11.142098421026171
9957947,0.0
9958948,0.0
9959949,0.0
9960950,0.0
9961951,349.1439905931526
9962952,0.0
9963953,0.0
9964954,32.058643508682856
9965955,18.165381617117088
9966956,0.0
9967957,12.436825883375322
9968958,0.0
9969959,0.0
9970960,0.0
9971961,0.0
9972962,8.135685105213136
9973963,0.0
9974964,0.0
9975965,0.0
9976966,0.0
9977967,0.0
9978968,0.0
9979969,327.1715521136022
9980970,327.5336288076066
9981971,0.0
9982972,0.0
9983973,0.0
9984974,343.04700158547774
9985975,0.0
9986976,0.0
9987977,35.56134837461372
9988978,0.0
9989979,0.0
9990980,347.6180752527327
9991981,11.585803876520583
9992982,10.833254090476894
9993983,0.0
