timestep,episodic_return
1000,3.2432919590632006
2001,5.457326102924025
3002,4.538788359341119
4003,4.382764146652184
5004,3.7326834197418326
6005,3.5284853805448826
7006,4.119037578355145
8007,2.685280756360666
9008,6.774340986175549
10009,6.577348849986122
11010,4.83699434498056
12011,5.584992481330065
13012,5.062407496641424
14013,5.120208810658716
15014,5.824689512831216
16015,8.40522059834285
17016,12.13156997394562
18017,8.663591375598426
19018,18.545255633944564
20019,8.582508462253898
21020,13.931666935107156
22021,10.748416574086386
23022,6.3975432477340135
24023,14.483254164723364
25024,17.572682576193298
26025,9.642564278102235
27026,23.503705153993597
28027,16.10189593636697
29028,23.372885866058464
30029,15.605897023834661
31030,23.319582452110765
32031,18.43705748922972
33032,15.919074151426814
34033,22.054077889849747
35034,21.421624825756595
36035,21.623044950168513
37036,30.771336948998325
38037,24.917118368220727
39038,35.51323387169683
40039,23.340184915631653
41040,34.594557124178294
42041,35.284535745620595
43042,41.81061891827973
44043,36.85670416482718
45044,30.589681679843014
46045,41.927061732481796
47046,41.04204883853784
48047,49.61557118417678
49048,33.70585913017091
50049,41.80976071293208
51050,57.910848264105795
52051,46.64064448065483
53052,46.86188955151248
54053,55.47748538346509
55054,45.62668716903681
56055,41.79875279946544
57056,44.681223818205126
58057,55.44758441242334
59058,49.31436334075149
60059,56.557654063605575
61060,77.90415910066301
62061,71.83109102400216
63062,69.10748928128514
64063,52.96790096516336
65064,62.67210908576743
66065,66.64320489682997
67066,70.36558672122553
68067,87.53019222376348
69068,95.81937209280225
70069,81.78522881334986
71070,80.90119450722347
72071,91.74963002042664
73072,79.8326734257816
74073,78.54897090946405
75074,110.46178129207554
76075,91.79448788846257
77076,93.77532255058595
78077,78.89658830784727
79078,86.2113471958685
80079,91.72719993691001
81080,39.29337281804079
82081,112.86894327980303
83082,65.58313871207953
84083,86.77829566773
85084,47.632258955211384
86085,84.59144257750759
87086,88.98997210589481
88087,95.92306473839726
89088,100.26570142361594
90089,88.05990481943337
91090,117.64699784807958
92091,89.41865309163177
93092,104.31257385164223
94093,117.56561841101251
95094,94.2211462228681
96095,45.13407648322958
97096,102.92118541108167
98097,131.82756067191704
99098,50.03324103227489
100099,116.77490716147622
101100,117.54303382627207
102101,118.10195263346405
103102,92.50400437867546
104103,110.0216431099549
105104,130.21936474845296
106105,104.03656803521505
107106,109.22403049647745
108107,28.85177909459021
109108,113.68288022750946
110109,125.5490856321645
111110,123.43698581259993
112111,38.01577212562076
113112,107.79094248918788
114113,121.00369817700674
115114,59.889511320746934
116115,116.40280807418047
117116,28.224139501375817
118117,90.03727513516374
119118,86.62763525784177
120119,77.0319036514884
121120,99.41021210580614
122121,19.22653583547055
123122,24.51851751808281
124123,109.1728691947312
125124,41.03737921060202
126125,110.05656218267872
127126,46.13419327339575
128127,130.9116472829717
129128,74.40379940677943
130129,95.65320530109904
131130,131.60005946504236
132131,136.8544798591206
133132,138.79528660311925
134133,33.35840509428215
135134,144.55085478925528
136135,104.32118725285854
137136,120.79549328996538
138137,110.28842661294735
139138,108.71322207785674
140139,117.82393672032968
141140,61.87936425354465
142141,157.36720333411716
143142,36.945312654994
144143,153.82148270022634
145144,30.548714003398572
146145,153.008563582817
147146,99.05034517708728
148147,69.60597205505945
149148,45.558521214971435
150149,156.92801624263774
151150,125.89925545084229
152151,129.77800714042925
153152,139.97676137398034
154153,149.1066217648726
155154,156.75678702593356
156155,63.189006266043975
157156,43.65152635851432
158157,85.41227035563766
159158,162.85604088206514
160159,88.45925787333537
161160,83.37430999807572
162161,76.25784090014353
163162,164.40608289913183
164163,83.21498409196971
165164,94.50405121903836
166165,165.72084472555227
167166,148.69584264347196
168167,180.14565448208208
169168,164.06749523607468
170169,120.95837829712917
171170,115.26854950228622
172171,152.4026038096534
173172,164.89534762131774
174173,116.67173840371412
175174,142.90079045226176
176175,150.55207100893654
177176,145.57334630368644
178177,36.99412688240562
179178,129.36054950886106
180179,72.52537347812907
181180,196.06340345319612
182181,112.23053802784985
183182,162.5422236776684
184183,22.54105434692003
185184,165.08921763389714
186185,147.98636231721645
187186,90.16397348477447
188187,103.67010602334271
189188,177.38181702889372
190189,154.25508887277738
191190,166.15984898778078
192191,173.51183786718943
193192,220.90222541768316
194193,42.9035367707391
195194,38.96828449853513
196195,206.15579163578144
197196,152.48710282251275
198197,125.45337189390808
199198,181.698188204549
200199,88.82528936725036
201200,32.531808364431114
202201,192.39804014660567
203202,231.84390264975994
204203,218.38760797002823
205204,98.09238790842247
206205,40.17728468560469
207206,110.91527368578069
208207,178.38269141012552
209208,180.33547691251061
210209,162.57448774998
211210,130.89522179375402
212211,184.7182829572234
213212,189.37594541833124
214213,191.23121774920665
215214,176.39516274515964
216215,62.533507448382124
217216,218.5016590951511
218217,34.41397479773348
219218,212.2631385111833
220219,205.16580347961195
221220,215.74983166083095
222221,228.92567566378543
223222,166.69971963435174
224223,220.40284744350978
225224,199.24002212771046
226225,220.36317776658646
227226,50.01771929067236
228227,238.30149884092185
229228,77.42359356351987
230229,225.8313282925695
231230,223.4561875444428
232231,251.45033551282762
233232,213.17473744678904
234233,70.67480945809545
235234,37.6097377400056
236235,259.5515991302856
237236,251.070848699057
238237,240.46231611653286
239238,248.15106984041168
240239,238.40318200546375
241240,146.2026937355681
242241,51.840040322068695
243242,215.457057120298
244243,242.66168545071866
245244,27.348874257608173
246245,49.95424639335431
247246,174.5487418307849
248247,233.55539307662877
249248,25.086693667947802
250249,232.44801698792602
251250,232.9252046677262
252251,130.79045969641479
253252,239.30580951457418
254253,270.7840793208182
255254,103.7497602135369
256255,261.22426443760537
257256,249.30631151192722
258257,268.1225825546841
259258,129.7766557594666
260259,283.9519566094859
261260,266.3951366846061
262261,167.4545534906346
263262,271.55693879986774
264263,270.4723620459634
265264,99.21259004556593
266265,58.66399148843455
267266,235.15911222474503
268267,262.85833111008225
269268,268.7192647602844
270269,250.91898293034885
271270,105.02428574745053
272271,255.83741190395074
273272,272.8546773429683
274273,286.6470026594918
275274,136.51647498558168
276275,132.23882171913695
277276,297.88314386711187
278277,257.700791903448
279278,141.40873976607188
280279,279.9246425505944
281280,304.7796631031218
282281,265.4843666370192
283282,330.71777104132093
284283,260.2539622696784
285284,157.0876063946225
286285,124.89588209008706
287286,302.5080919400573
288287,128.95924951552846
289288,269.39196718786695
290289,246.99737303041823
291290,251.42196519072215
292291,264.90107501769745
293292,110.25204284953944
294293,268.8732889133664
295294,300.69129323866576
296295,216.43792908415165
297296,64.05530317452543
298297,289.1389647762869
299298,105.18320274381425
300299,302.43061055578147
301300,183.95145929882165
302301,288.96778118802996
303302,233.57455327203226
304303,118.82668765825782
305304,233.06500784242095
306305,291.4215400032322
307306,291.62665194856925
308307,279.9600751955255
309308,82.63463117070826
310309,282.4571437443398
311310,207.19904335973027
312311,99.08210297575825
313312,302.07600186886805
314313,272.2010759479702
315314,125.26981803226673
316315,291.3877745085174
317316,257.5008408812298
318317,332.2334704962542
319318,304.24896019978354
320319,180.88513311884546
321320,306.00125464170793
322321,219.55409940635914
323322,308.184854259077
324323,305.39456034746956
325324,301.30808172007085
326325,342.72342140810565
327326,284.04258449785925
328327,249.80400385495798
329328,30.931520158900934
330329,292.1126108822547
331330,318.3012406154601
332331,145.91705286986678
333332,337.00432604442557
334333,275.3547450163623
335334,324.2419232086694
336335,338.76384101726165
337336,327.89329835245195
338337,320.0416882712833
339338,236.4801161960934
340339,333.8139536327156
341340,307.72833615615974
342341,327.421462096557
343342,312.9800778269035
344343,137.80716103234147
345344,329.66606819405047
346345,311.59438826112824
347346,158.35267521676948
348347,349.92168900671345
349348,314.64356529879865
350349,327.27380773764844
351350,286.9302823350078
352351,159.75218622645767
353352,342.1788745466235
354353,290.95236392350813
355354,350.876205653816
356355,351.20053187500366
357356,317.10644083287787
358357,282.6722646662757
359358,355.6569749750842
360359,182.14779338708308
361360,88.31641052596665
362361,341.0796885741585
363362,348.00533045135586
364363,287.78828923172046
365364,290.0152340700651
366365,278.3477500516719
367366,327.5362599539521
368367,124.12462068873454
369368,333.3993531451921
370369,327.97432901013843
371370,196.1133906148679
372371,352.7613887147626
373372,331.12494532201106
374373,333.65322544794014
375374,338.2989580692021
376375,375.73865172509403
377376,251.43889197610298
378377,322.99568147846014
379378,383.09143945674373
380379,336.0631605534086
381380,255.7739583840263
382381,295.7916938131482
383382,332.91458561764074
384383,322.390450591986
385384,318.0963314611222
386385,378.1518991588262
387386,106.14624579919217
388387,355.16671208399896
389388,281.7315762998647
390389,363.19527211726324
391390,372.18974775016704
392391,176.61689476573466
393392,378.0462499537733
394393,248.05629358600336
395394,334.9653899536796
396395,345.5439865286806
397396,346.5607207933444
398397,371.36564961731915
399398,355.2068223588519
400399,142.90706373816172
401400,115.43300903594734
402401,151.38841356570953
403402,364.3927847724427
404403,345.5853350431834
405404,399.99748455624393
406405,364.76380782807996
407406,329.5410163836898
408407,376.18808720215236
409408,144.22500772766952
410409,270.82153025770515
411410,413.8069700910853
412411,124.62863224820599
413412,405.87215703231175
414413,385.105685352098
415414,359.9017678348898
416415,297.5837107707135
417416,390.4112480040133
418417,152.74685880626308
419418,402.3556484750505
420419,399.11778207406365
421420,417.90769620511213
422421,379.9676059251921
423422,393.7868971053221
424423,151.32867404991433
425424,293.5754538953818
426425,392.84895227768914
427426,427.921290614593
428427,406.9991950786633
429428,400.6366044130866
430429,354.73769598108754
431430,416.70866909675027
432431,415.80636296779437
433432,399.70816763656734
434433,386.08915243405744
435434,402.94782547719427
436435,432.2892451354758
437436,391.9089068752912
438437,89.79928181148159
439438,393.8782261882895
440439,377.03947269133005
441440,199.88690175976012
442441,123.3940300928323
443442,245.97415365377512
444443,185.08778399397514
445444,405.3942514336038
446445,336.95043312502924
447446,398.9693904251599
448447,368.4720723214144
449448,347.63030488663827
450449,186.393946308189
451450,378.10270766055385
452451,207.49892894862165
453452,88.26201604747342
454453,385.5144071691906
455454,384.7602056016326
456455,380.0724419381231
457456,151.56721189616164
458457,336.7914943625629
459458,413.7068914141904
460459,369.0523953013286
461460,360.7293976338907
462461,400.2536022219972
463462,389.5721362368847
464463,241.41639287096703
465464,353.3790956817855
466465,165.36275587724538
467466,408.2307156217292
468467,404.918498425746
469468,393.076441169047
470469,88.51669398048176
471470,328.5090830729964
472471,393.7979109626991
473472,386.0445434828248
474473,406.98222865147824
475474,399.17501225726613
476475,127.47398532896976
477476,380.96922912690064
478477,414.9732488185616
479478,381.43421866016365
480479,417.50032842867387
481480,378.28205289084747
482481,401.0398321353038
483482,142.90607005342136
484483,434.6263834327666
485484,369.7937073417792
486485,121.87003785662084
487486,368.64632710771383
488487,164.33862246708344
489488,312.1172385572628
490489,342.448428011659
491490,284.104947746104
492491,402.5382025531436
493492,402.5997796232124
494493,366.5450835900724
495494,401.6447067747984
496495,409.31577033688035
497496,389.94311648959984
498497,419.98464176723405
499498,340.0934231533715
500499,345.03613557869454
501500,398.09301917903593
502501,404.82464017069844
503502,347.50456309698626
504503,87.59687081353239
505504,226.9295078164107
506505,392.42628118516035
507506,239.3575569986607
508507,403.9209688159775
509508,385.1780625216528
510509,449.5529205673406
511510,426.123544420826
512511,379.53859967342896
513512,428.4632159906087
514513,234.56547388312063
515514,432.8661881472243
516515,438.3184706626517
517516,430.67479591085555
518517,369.9743498010501
519518,264.97825875671964
520519,367.560647754806
521520,191.26746950834266
522521,383.48973532008824
523522,388.0259128432178
524523,298.12487389739005
525524,419.1001177238541
526525,177.73117301582445
527526,402.16036984846136
528527,297.6667716824156
529528,436.4417113045794
530529,408.3292453186492
531530,160.73395089605623
532531,158.579574276165
533532,425.894307315721
534533,334.78327212573976
535534,445.585217457627
536535,417.99941411953887
537536,407.9664845692921
538537,390.8573728634087
539538,394.5276400291581
540539,451.65230639286506
541540,434.0274689007738
542541,98.25788698494327
543542,132.21943941590277
544543,424.3486040758918
545544,403.0915312405586
546545,428.66915838905874
547546,397.9603527270424
548547,314.38793935482505
549548,385.16425090694537
550549,417.48199639489735
551550,416.423593853967
552551,225.99307315101836
553552,224.76647020907163
554553,420.37980637445423
555554,343.9530793366583
556555,394.10836549965074
557556,410.9608885649438
558557,412.2480694918493
559558,419.5403226888607
560559,438.23976382814226
561560,423.23445474738287
562561,441.9696793349715
563562,432.99657042320416
564563,416.7465899553539
565564,275.60921216034353
566565,423.46284214277364
567566,456.0956976139636
568567,421.18382579216353
569568,391.62226774644625
570569,73.04758862226161
571570,427.64762086285464
572571,399.13017782851927
573572,288.2443769105019
574573,451.55426645986296
575574,433.2822292355559
576575,202.64744720238355
577576,389.8728354293288
578577,328.5279829640554
579578,206.28560356947804
580579,260.31336728209175
581580,448.3174743086935
582581,308.15579259151343
583582,445.29167813686996
584583,413.1278730491464
585584,420.18808920845606
586585,31.48339917521547
587586,473.373133057207
588587,406.8438749753807
589588,194.6364480609754
590589,217.07902175331986
591590,452.4205187022917
592591,383.0170503123582
593592,460.674563901735
594593,450.7444172625239
595594,464.3387973110728
596595,438.17829099071344
597596,449.93273667246547
598597,413.3727188682182
599598,457.9783988920292
600599,452.76985121350725
601600,446.4961107327545
602601,436.8407651544109
603602,293.445160365152
604603,476.4153062829728
605604,386.6783666709808
606605,436.1139983429405
607606,433.55954587020483
608607,434.43223202960735
609608,93.7901129539739
610609,249.61614489094032
611610,446.0051314564178
612611,468.7523065608999
613612,432.13908594868855
614613,418.1626703391438
615614,426.9593567633528
616615,428.04538004063403
617616,433.516288691048
618617,415.1616681159767
619618,421.0829664231225
620619,323.163251994825
621620,429.47299322948567
622621,437.7599439632118
623622,219.04507114088673
624623,487.77665069026443
625624,463.447435802995
626625,410.86323091539424
627626,443.6277205344487
628627,450.16009544804507
629628,484.9553120468002
630629,443.05511048776305
631630,428.2500569780872
632631,464.51247695973154
633632,394.6604554183457
634633,485.8937091493951
635634,427.58438643077596
636635,468.1131806204227
637636,157.9675042720021
638637,461.5027792304624
639638,464.7071883442259
640639,465.93337694788073
641640,400.3305978914514
642641,452.4640212027975
643642,239.5761860047408
644643,433.441035896385
645644,462.45640353624833
646645,448.02016710852
647646,264.88291046350474
648647,454.2057827725628
649648,494.2788928014659
650649,478.57191344214897
651650,451.03832254017067
652651,423.78757912555324
653652,455.96695723213884
654653,475.46957500645846
655654,430.1036402432534
656655,422.2641078883334
657656,427.4363898645628
658657,446.59729596069116
659658,99.9389217557071
660659,76.78227670163673
661660,473.53531572981245
662661,133.1085120050965
663662,467.8046649070296
664663,481.57449990191304
665664,457.20319735863376
666665,450.4157347519939
667666,432.45147173980115
668667,460.2397762034354
669668,425.9028058948903
670669,382.48262658857027
671670,162.4826629134183
672671,437.60863491264627
673672,430.3947399856754
674673,467.22117324852593
675674,393.68612947487657
676675,456.15998066353535
677676,464.2017296645686
678677,446.3374260476492
679678,468.35240366127397
680679,416.9931246971793
681680,474.82852347225224
682681,472.47728763734415
683682,425.5636015664097
684683,466.0652803983077
685684,451.91207841805186
686685,464.5554385146122
687686,410.2889025153605
688687,415.00554457861466
689688,484.8371511137236
690689,478.46010454622797
691690,99.51780746247361
692691,462.111407833703
693692,479.96395701176465
694693,480.2790560010782
695694,444.8113176128998
696695,455.5535661617747
697696,439.4293259738305
698697,204.03938994527118
699698,387.61582357013
700699,428.2779063624388
701700,442.18093299880553
702701,482.76518780928046
703702,440.3332853761321
704703,468.26896586189395
705704,443.992931504343
706705,454.1573711759276
707706,426.9779428115926
708707,240.32966333765287
709708,470.56628899640293
710709,459.9557844818821
711710,206.59152186709133
712711,462.0274399913574
713712,347.5573529992346
714713,429.9375124628716
715714,483.1359846542389
716715,484.81362276794533
717716,233.41304109772125
718717,206.3558218625953
719718,422.7412561277553
720719,500.6385978175904
721720,500.483001577678
722721,491.45426232648964
723722,67.9638955116563
724723,310.3717291989156
725724,464.9955627787958
726725,458.09750561354707
727726,462.3163216544921
728727,453.8610269229234
729728,443.6628661268514
730729,452.2431377532254
731730,333.2625173786357
732731,440.0462209182599
733732,295.77155795985755
734733,136.72218667147257
735734,444.1378677339935
736735,461.46579762308016
737736,245.23704550075468
738737,484.9026069749775
739738,464.32713413246944
740739,175.6663582873772
741740,471.3526849735265
742741,455.1757224147597
743742,478.3168153048315
744743,479.6303442537951
745744,478.0272405491527
746745,493.8170360461624
747746,481.64526458715045
748747,501.86302454288835
749748,451.4625869543084
750749,446.3921329818801
751750,490.7344464731661
752751,463.2198201481982
753752,453.1349845130016
754753,518.0749906817724
755754,142.62734518847307
756755,490.138347426436
757756,488.1961263223935
758757,72.70188888557004
759758,460.61506238445645
760759,321.0938600407941
761760,242.28740955886235
762761,398.60542529370406
763762,445.0672553911113
764763,470.4595147677233
765764,152.16855232742637
766765,474.04223453543244
767766,357.48527609593503
768767,480.7464933276405
769768,466.987625179315
770769,471.7849889519397
771770,506.9613715138578
772771,475.6706916402617
773772,487.5965885371458
774773,446.94274643420135
775774,434.07765331486485
776775,470.4764364410129
777776,474.988562751591
778777,499.33334339512135
779778,492.2089295598903
780779,492.0220515429859
781780,479.19107523662103
782781,489.8946838117186
783782,486.37861407336464
784783,473.0430724886038
785784,451.27939047857194
786785,272.2139530365059
787786,435.660213018681
788787,503.3139438487542
789788,494.77793862426944
790789,476.11771316443907
791790,417.827586421967
792791,410.48501262752535
793792,406.2194746705069
794793,473.54800902975455
795794,491.11581205580427
796795,487.8233177752177
797796,507.45296955194834
798797,452.77207678422826
799798,389.86559693243254
800799,477.9507473776788
801800,444.91342545183767
802801,488.72126713754403
803802,491.5424282614386
804803,519.4528151535998
805804,219.6467699375575
806805,495.6693166631021
807806,226.30496172077576
808807,502.97561689319355
809808,528.7075351445573
810809,487.4811329130156
811810,205.63183846141482
812811,508.22495855016575
813812,483.53261906220524
814813,131.66768183371175
815814,501.46450370377346
816815,275.50313503761276
817816,470.55700761057994
818817,500.5283949080509
819818,498.6063943272577
820819,518.6382814072809
821820,127.07927290710931
822821,475.6166021277611
823822,492.1090391098907
824823,351.2079786315312
825824,514.7525132234379
826825,184.09074349405824
827826,481.6295883757631
828827,175.18263025374017
829828,400.66750029111677
830829,512.9114283598299
831830,138.44628108541625
832831,447.3257515263249
833832,471.80542941945106
834833,484.17036564050386
835834,426.7444577587196
836835,489.15907798416254
837836,455.65723395746124
838837,283.10307174475776
839838,521.0098867086322
840839,537.1233413988911
841840,103.56920960654841
842841,374.2014843228264
843842,480.0322311227003
844843,268.0844362568391
845844,73.85550158727118
846845,137.53814066768408
847846,245.28632996490717
848847,363.4399812496231
849848,464.5834962173341
850849,467.0961989276469
851850,201.22592556335394
852851,363.42158114012926
853852,506.37881407403114
854853,519.4610001414893
855854,403.3536502990307
856855,524.6780384155315
857856,121.57019909064584
858857,424.97318774950514
859858,517.1941254653933
860859,529.6781695086405
861860,411.97313336119345
862861,302.3417280208613
863862,462.9737054118724
864863,495.6379241174923
865864,530.9045951104213
866865,497.1245341734461
867866,483.0993770533598
868867,301.29934074421465
869868,399.5450035792101
870869,521.4868368472754
871870,496.05628310568324
872871,275.2302641977358
873872,470.1477617784733
874873,510.7728167010367
875874,436.7254132393874
876875,479.52195966351405
877876,518.8141445857506
878877,485.71673561444766
879878,234.08632469399373
880879,525.6726460208071
881880,506.3764435400472
882881,524.2728417903825
883882,500.7168839963098
884883,505.61089914517436
885884,517.4326626992911
886885,522.0219931574499
887886,503.9536064382133
888887,76.35433166093756
889888,260.08983949281554
890889,123.20795330617783
891890,502.2423456826301
892891,514.0464068609934
893892,400.767649599735
894893,513.218370548163
895894,501.78539681396177
896895,522.3348238255858
897896,494.1672297811853
898897,498.7030271825667
899898,514.3027370329507
900899,478.9215896265524
901900,509.6460772404793
902901,495.85814837392167
903902,314.2128247449862
904903,515.1086661887455
905904,494.5171327674769
906905,507.5389025978021
907906,519.8059362086855
908907,462.7879196038392
909908,330.48418469079115
910909,531.6996955775853
911910,520.6401665172027
912911,209.89527728389962
913912,354.3501648158462
914913,485.7378118855227
915914,72.83956559978935
916915,513.3844981286181
917916,488.11897253753466
918917,197.5121436414691
919918,492.543516184015
920919,499.0155005541598
921920,523.2473475142019
922921,477.541021059462
923922,86.5481887207883
924923,525.3609890757679
925924,512.2653175581166
926925,503.0793468106273
927926,484.5456743462574
928927,521.431992739743
929928,511.51058179577365
930929,525.4417275743824
931930,500.7163108705358
932931,526.8333745262761
933932,308.8981172849924
934933,527.514401208154
935934,516.4802502891239
936935,485.6440535091748
937936,485.80088171317783
938937,520.3577851697339
939938,490.98443212726994
940939,481.8431698852765
941940,476.934655062707
942941,525.7231056218866
943942,517.4907610513609
944943,512.897668427255
945944,520.5796252579162
946945,479.35569153403253
947946,491.3742515677656
948947,472.7556549334204
949948,188.79913138195022
950949,213.93998377944146
951950,135.35126916106344
952951,522.6244558462515
953952,516.4013267802817
954953,530.693775696655
955954,78.50673053295482
956955,494.95180121837024
957956,228.8537781053412
958957,514.1738096467814
959958,514.5197049018057
960959,511.297438277363
961960,215.85977502940477
962961,529.4675719489411
963962,325.7678958180173
964963,489.3607148339413
965964,509.65510439802216
966965,484.2815811610662
967966,476.9093667934237
968967,540.3319811588765
969968,490.5756941846122
970969,520.3010940098969
971970,516.8568288742257
972971,299.4294797639013
973972,480.1492742350841
974973,249.87600306134271
975974,493.68545007649146
976975,559.3766505250499
977976,474.6184733713416
978977,486.12727131670187
979978,349.08699794340305
980979,522.2219954568341
981980,455.6450082992364
982981,535.364196599634
983982,372.6196743436354
984983,481.4984767005123
985984,529.185990448568
986985,247.8081348484355
987986,203.499323916961
988987,490.0483954982759
989988,533.3184127909125
990989,543.7543224169362
991990,488.28730462002585
992991,511.52855831103665
993992,504.4532100637313
994993,516.3976830016717
995994,514.6533504941441
996995,543.3115319874854
997996,561.2441590868887
998997,72.94492729361569
999998,530.4113048230255
1000999,166.32390790319369
1002000,532.9098360010826
1003001,517.9331992674475
1004002,525.8871622821739
1005003,539.5174086195972
1006004,156.44270473573343
1007005,494.4935601496641
1008006,76.18147367581193
1009007,321.90219612455394
1010008,512.011218269422
1011009,419.92476425965776
1012010,347.9247061473305
1013011,289.3120954815886
1014012,495.0088813276135
1015013,497.1973462585545
1016014,504.0370924341988
1017015,534.3884710337584
1018016,519.508152456066
1019017,458.9254594441079
1020018,502.4125735141508
1021019,482.33528790370343
1022020,200.93031373495805
1023021,495.83977271927404
1024022,446.05386703911444
1025023,509.88970960219314
1026024,526.3131868915559
1027025,481.541251858443
1028026,532.9897551264921
1029027,457.1063512793613
1030028,532.9510229981963
1031029,423.28752511405014
1032030,512.3254897474272
1033031,502.46081100549276
1034032,306.88911166856883
1035033,531.9551288932254
1036034,551.4658337756882
1037035,480.92346168340794
1038036,502.6864853858528
1039037,83.3027045068425
1040038,506.0498422811009
1041039,410.7325377914157
1042040,465.6711821514119
1043041,537.7083501813355
1044042,529.439399656807
1045043,545.3241974993879
1046044,522.545866619493
1047045,516.6446976764092
1048046,523.1474860352492
1049047,426.40464341896455
1050048,538.0593384970748
1051049,511.81936823237146
1052050,542.9434614959919
1053051,70.62151151365875
1054052,261.6821152061172
1055053,487.58866486367555
1056054,552.4419664567021
1057055,548.2788998643402
1058056,518.0483326966355
1059057,478.5460234615044
1060058,484.0275796527584
1061059,478.98727016435174
1062060,520.8819668856172
1063061,115.32290946088723
1064062,498.69146759094735
1065063,140.77905324901286
1066064,551.8421786724917
1067065,482.5008503817218
1068066,366.81366191997034
1069067,387.72650927287947
1070068,491.01659394374514
1071069,543.4285614893037
1072070,528.3641007569779
1073071,502.15964445436896
1074072,473.3133681326734
1075073,514.1654969098214
1076074,509.2698102094144
1077075,484.27224884120255
1078076,492.97287603823304
1079077,521.3675208099719
1080078,474.80355107942387
1081079,472.9420184627313
1082080,504.00594200522954
1083081,509.7648392617584
1084082,537.4561710056868
1085083,501.69722146998674
1086084,510.5444485049041
1087085,502.15599192034125
1088086,489.6101622908082
1089087,295.947684662661
1090088,542.7605294073721
1091089,497.204064255056
1092090,489.82509125132543
1093091,532.3182850321521
1094092,542.0888838884856
1095093,458.05799610426476
1096094,532.9162781950757
1097095,507.212734890589
1098096,525.2708058777006
1099097,521.7284391923343
1100098,471.1608025199008
1101099,480.58346593940666
1102100,486.6251174142071
1103101,503.5257386628126
1104102,246.7207706517621
1105103,512.611210771102
1106104,540.9125150240737
1107105,494.2250528972064
1108106,428.5924448237143
1109107,508.4685359713783
1110108,494.9568839784819
1111109,536.0657838058495
1112110,498.7864917707858
1113111,473.7885523161167
1114112,510.63233095299023
1115113,511.7736961701088
1116114,502.60229218484795
1117115,529.0802056313986
1118116,513.8396217841706
1119117,488.90184557797585
1120118,173.6451258042929
1121119,516.6609286730643
1122120,501.712283071028
1123121,508.18507781718773
1124122,520.8930740108308
1125123,394.47831332623196
1126124,528.4604347875767
1127125,514.4640016097718
1128126,351.6268307100491
1129127,511.56947923701716
1130128,511.66200346509794
1131129,489.8076088890581
1132130,544.753294154405
1133131,132.55663131267883
1134132,483.06780376890583
1135133,258.279515849262
1136134,515.9133067463729
1137135,496.30206289769643
1138136,299.03686055447434
1139137,518.9648571351372
1140138,508.5063039540506
1141139,544.4835323805953
1142140,516.062875261136
1143141,497.8535593320522
1144142,503.77236479675827
1145143,529.3673390924222
1146144,523.4752203147067
1147145,518.7710079757597
1148146,494.5378689613586
1149147,395.42873077770633
1150148,528.5944138440334
1151149,323.005471250946
1152150,514.2675673963978
1153151,518.362016508799
1154152,504.63305777189834
1155153,495.1282944036488
1156154,520.6987983051365
1157155,502.951129698786
1158156,544.4272779814069
1159157,530.1366201030534
1160158,531.3475263453757
1161159,511.5636500552178
1162160,504.3697664991387
1163161,529.2917274216172
1164162,519.8224778880998
1165163,497.17268883865853
1166164,513.5856592201276
1167165,517.6928643057104
1168166,514.1281899000501
1169167,519.4005133919673
1170168,531.1867017597536
1171169,521.6785894877506
1172170,499.9322602426829
1173171,546.9103666853798
1174172,134.01843590258926
1175173,432.133646975951
1176174,533.660498974327
1177175,538.1989630384818
1178176,537.7349513142252
1179177,513.0035367338892
1180178,488.619816694261
1181179,470.5815040026982
1182180,514.2790702081423
1183181,489.0993521365072
1184182,503.74744376356915
1185183,501.358243421739
1186184,536.3113802068523
1187185,506.56200881706275
1188186,101.23074774940999
1189187,518.8916423992632
1190188,536.8189287835202
1191189,520.3064138918522
1192190,510.79242318924975
1193191,501.72334907769084
1194192,524.3644541003354
1195193,505.8225018759327
1196194,538.6211850489865
1197195,532.7301094500054
1198196,275.9448552366957
1199197,545.7488737314202
1200198,533.3077304017257
1201199,549.8387047243103
1202200,516.3628259026005
1203201,491.94732668472506
1204202,547.6739683359614
1205203,491.3618487027167
1206204,543.1345873739169
1207205,108.3019670803697
1208206,221.87081986485023
1209207,538.4181673752544
1210208,538.4676419468902
1211209,516.3035550224681
1212210,296.1222628709363
1213211,537.8079537608896
1214212,503.2341715445142
1215213,540.6100521092771
1216214,538.4743481133723
1217215,541.395797212059
1218216,474.0813482540157
1219217,552.629028665397
1220218,272.7599967016776
1221219,512.0135319994083
1222220,507.6625493068919
1223221,503.49563496813397
1224222,547.9956217697647
1225223,530.504891515131
1226224,292.4742853626884
1227225,389.6163374211126
1228226,540.9714715627315
1229227,21.99078611574182
1230228,483.68159286206395
1231229,507.57958306102876
1232230,504.3571871326384
1233231,535.5882071424461
1234232,226.33979611962334
1235233,550.8978556873299
1236234,518.1328969219435
1237235,440.98371783046485
1238236,81.78004450787742
1239237,89.79543856258306
1240238,90.06767711101301
1241239,379.9989644509639
1242240,492.3815947213707
1243241,501.8539102828725
1244242,517.1685335509952
1245243,547.9129883172495
1246244,421.4350202829948
1247245,429.25149726831285
1248246,334.8902415521597
1249247,520.9370664402226
1250248,88.58785233085504
1251249,549.7321195934736
1252250,90.70160477604348
1253251,522.1998575997088
1254252,539.3335364909743
1255253,537.4475099622573
1256254,345.83012735275867
1257255,101.92699745385103
1258256,554.2241532123306
1259257,538.3549095474583
1260258,104.85117352463683
1261259,229.41332623282426
1262260,473.81096663290907
1263261,502.188735502687
1264262,530.159653875105
1265263,483.77319677039674
1266264,499.6990389130768
1267265,522.9904109641514
1268266,558.735932941953
1269267,556.9515767803433
1270268,242.2833681804021
1271269,521.0943850597846
1272270,538.4774174505178
1273271,286.2329005375197
1274272,563.9930335375453
1275273,556.6435262665941
1276274,561.1786347213903
1277275,565.1042332091454
1278276,198.1758029816597
1279277,458.7273713523272
1280278,93.62434109728068
1281279,530.492901440761
1282280,65.67612786502657
1283281,353.92563173856644
1284282,543.1155315978451
1285283,514.1861096291908
1286284,472.07344158804506
1287285,384.3742624114798
1288286,547.1965246829258
1289287,532.6571380427454
1290288,438.8172291094456
1291289,508.25302234779804
1292290,364.21944828857005
1293291,536.7328603360921
1294292,561.8256575866684
1295293,517.8714202093223
1296294,542.8510429537965
1297295,545.1155418533691
1298296,544.8644386431596
1299297,283.7506955320811
1300298,500.2844648750213
1301299,523.0480429981741
1302300,586.0432684885287
1303301,525.9164008864665
1304302,409.92453365838395
1305303,507.09324565922856
1306304,566.4610433732776
1307305,567.1435764754546
1308306,572.8832441899185
1309307,491.6766120112931
1310308,554.4282745449937
1311309,512.1757406065609
1312310,539.599138443982
1313311,556.2935373076767
1314312,504.9010008007488
1315313,516.4256474508522
1316314,520.1688955847678
1317315,540.6801238328203
1318316,520.0422642080006
1319317,495.23660502088154
1320318,552.7583694127248
1321319,523.5879638856503
1322320,571.6935974560378
1323321,514.7565734707825
1324322,553.9407868553109
1325323,320.5847084317265
1326324,525.3028067565589
1327325,550.23556060272
1328326,538.9592013288162
1329327,558.4899609119587
1330328,547.6278890197922
1331329,547.7069381773471
1332330,548.4404580165694
1333331,534.0176742455798
1334332,517.1723307837821
1335333,576.7496254945094
1336334,550.1611223050721
1337335,517.0766337043043
1338336,534.8941631125538
1339337,549.9519252143143
1340338,89.88887366048428
1341339,568.2995642952127
1342340,540.623074809448
1343341,548.6455612004993
1344342,552.1255079159254
1345343,191.53459419054676
1346344,523.6186619585583
1347345,544.0819173526177
1348346,538.3024801667417
1349347,106.79338059891114
1350348,559.8397456540703
1351349,565.6896745259338
1352350,567.920686822788
1353351,549.3748905939963
1354352,493.44755364432854
1355353,283.0718700543016
1356354,239.766842254277
1357355,554.9894306132412
1358356,535.9373768954567
1359357,90.75616641925293
1360358,567.6443349038312
1361359,498.6497827972005
1362360,532.4532762145552
1363361,557.8676919381058
1364362,516.4092577451363
1365363,539.0759028649888
1366364,84.3627059654176
1367365,543.2074631659931
1368366,402.78380027884646
1369367,487.10792088584316
1370368,543.5468172497153
1371369,297.350050068921
1372370,90.64270850146413
1373371,544.427291468314
1374372,540.1669879093989
1375373,538.0692356043137
1376374,510.57526764579717
1377375,539.3704785576369
1378376,87.46606031294266
1379377,547.6912088682402
1380378,564.8231678720945
1381379,564.6728593031252
1382380,456.1234906471271
1383381,503.6684815793768
1384382,569.3547421401902
1385383,297.8087756897554
1386384,539.1902981254522
1387385,531.1534684237124
1388386,561.133194318432
1389387,553.4268197072646
1390388,580.9381054717653
1391389,547.1480008692573
1392390,552.3779459708009
1393391,558.3321230577742
1394392,535.467105905452
1395393,249.77224347978137
1396394,563.4595649878974
1397395,514.1268946439678
1398396,162.91711494894255
1399397,551.5522073241077
1400398,579.3928247953717
1401399,485.0669214703031
1402400,96.2894464231788
1403401,191.62681149070656
1404402,565.1224422468822
1405403,211.7219709648711
1406404,574.5942480038461
1407405,551.6811168684777
1408406,550.8304964367891
1409407,173.62165597851234
1410408,357.78885407940214
1411409,512.7745437043019
1412410,570.1095639947042
1413411,576.5870248730938
1414412,566.2498319731899
1415413,507.839425425217
1416414,196.58707824028832
1417415,585.0134000538411
1418416,505.065774480414
1419417,537.0174259351181
1420418,525.8945408792865
1421419,527.538570755969
1422420,570.9288358834584
1423421,534.2755069684077
1424422,543.4019204574107
1425423,563.3304970076447
1426424,590.2197435511249
1427425,555.295259251898
1428426,529.1444641378663
1429427,421.5068859409862
1430428,575.1480046915894
1431429,178.43648422117303
1432430,575.5312886409014
1433431,573.2477566079095
1434432,563.0440709372998
1435433,323.42014419736057
1436434,86.44057263993585
1437435,544.7833464367501
1438436,568.2216985201658
1439437,556.6878533478845
1440438,140.94824784944166
1441439,88.98648991257276
1442440,537.3101913246693
1443441,87.29231968825208
1444442,573.2060987402816
1445443,563.4684354727292
1446444,187.62637679787673
1447445,84.51873435618975
1448446,495.55626083483503
1449447,536.4770364551918
1450448,501.93601143415196
1451449,605.0325367140592
1452450,171.0417270970427
1453451,519.9374433727868
1454452,342.601812157051
1455453,557.7400438064327
1456454,595.4477070274562
1457455,519.0761037693197
1458456,92.29664615138499
1459457,237.45715378063227
1460458,411.10452578803836
1461459,581.8917920286384
1462460,494.469977494274
1463461,415.9762967950023
1464462,556.4758548182822
1465463,585.8194575924869
1466464,580.0286293712616
1467465,484.0070378559116
1468466,586.431506565556
1469467,570.8606334642244
1470468,538.5482140127477
1471469,579.4661781907595
1472470,323.39032810700724
1473471,558.422356744331
1474472,538.31293197267
1475473,551.4829055649512
1476474,573.823067997228
1477475,525.2994174404214
1478476,459.98843476252506
1479477,273.24219195539945
1480478,609.0233733599533
1481479,573.966302798608
1482480,552.2716162017348
1483481,534.7890736102373
1484482,595.3432142547608
1485483,554.9829945307984
1486484,165.72062123814965
1487485,591.8458805259958
1488486,275.80583171181775
1489487,566.4814028460577
1490488,566.426148589911
1491489,556.4989991841309
1492490,592.8549769847266
1493491,589.2820730206726
1494492,569.9543832144011
1495493,341.12095227449754
1496494,589.0041250086966
1497495,575.694134424245
1498496,586.3335591469504
1499497,563.521479478887
1500498,538.5699859428414
1501499,546.2213231314779
1502500,542.8062398948566
1503501,586.8540244591003
1504502,572.0488446056105
1505503,591.2500694078776
1506504,550.642074872979
1507505,591.1563422538231
1508506,551.7428736879639
1509507,521.1852021648593
1510508,116.08595640236314
1511509,581.966993458413
1512510,546.6478339657008
1513511,163.11375102501987
1514512,560.0555276252937
1515513,576.9538688803726
1516514,560.1600753315122
1517515,586.429178365004
1518516,600.2551799654237
1519517,565.5499873488458
1520518,541.1182267073947
1521519,582.5345382421589
1522520,86.30247162224396
1523521,82.20849785859332
1524522,545.0336265945667
1525523,605.6510154441185
1526524,503.43342610839363
1527525,480.3503331919944
1528526,475.6756751302917
1529527,74.211502925656
1530528,206.60555485105652
1531529,346.7016116700379
1532530,571.6766557833018
1533531,564.958367302421
1534532,82.58921040170311
1535533,578.7248580556493
1536534,441.0478134087382
1537535,432.77839318741195
1538536,616.2767414797861
1539537,531.4530314629498
1540538,599.892748998914
1541539,563.674941476127
1542540,582.584044252331
1543541,595.3758318149219
1544542,475.31515904852165
1545543,562.4102436257343
1546544,77.91087517824161
1547545,225.69781328506093
1548546,518.4779381947932
1549547,578.0779061464181
1550548,537.9491424803597
1551549,550.8010545425027
1552550,571.3163212040084
1553551,522.8438295342155
1554552,558.2677163206188
1555553,597.1816941018169
1556554,521.4905308675641
1557555,507.95604797103744
1558556,581.5953513834874
1559557,567.5972329135074
1560558,571.9438787708174
1561559,575.6163060192487
1562560,550.9778299070473
1563561,540.8210721563007
1564562,559.4019419254615
1565563,31.104786420167937
1566564,563.7765830735456
1567565,575.1019960978361
1568566,590.3618923400552
1569567,581.1199958930822
1570568,565.5672359497319
1571569,529.2861086981361
1572570,548.7010440040392
1573571,592.4806460975844
1574572,598.3800446748924
1575573,559.5763114177571
1576574,565.8596301950811
1577575,540.3000483933731
1578576,578.9941435786242
1579577,398.02262346407883
1580578,549.7804249575503
1581579,604.685340004785
1582580,588.9291243455286
1583581,556.4085943668036
1584582,567.542246387718
1585583,560.3601802178958
1586584,585.0559098691053
1587585,591.1437355060315
1588586,575.1677454684112
1589587,537.807425709465
1590588,546.3540420059911
1591589,602.8335076343926
1592590,575.8732186810348
1593591,528.3446373945812
1594592,554.7564853631225
1595593,570.6104050493178
1596594,542.9884823915918
1597595,142.5971498061779
1598596,583.0937138504632
1599597,594.8344492962576
1600598,588.1942973800792
1601599,582.3732453039455
1602600,557.4811121723868
1603601,17.708280935301893
1604602,569.0537373246844
1605603,592.6585433487606
1606604,556.149932659947
1607605,383.9777607615574
1608606,122.21883916758414
1609607,553.9658752246029
1610608,572.3471515220086
1611609,555.5139012993478
1612610,565.7437523913667
1613611,551.7607170002537
1614612,568.4749893293013
1615613,592.4235683870105
1616614,531.3359835052643
1617615,571.8643474852529
1618616,530.122446386459
1619617,584.4394891639477
1620618,581.4603718588841
1621619,586.6328819683689
1622620,562.6073014549805
1623621,495.49500605094687
1624622,547.1223234724138
1625623,560.5555259847581
1626624,574.2601920213248
1627625,291.59016370063654
1628626,541.1892005250487
1629627,580.1591323950186
1630628,568.8599141657413
1631629,585.9181876131291
1632630,563.9380506922182
1633631,280.3318773739801
1634632,560.8354439297907
1635633,476.88989039465736
1636634,86.59396897103095
1637635,574.1374917286481
1638636,85.82748234115587
1639637,553.2369061971156
1640638,479.9925427777791
1641639,561.6066391986463
1642640,574.6939350260867
1643641,560.4571044201616
1644642,546.6018977627075
1645643,591.0336774375303
1646644,515.9248516939365
1647645,567.4395034542036
1648646,572.3544309621554
1649647,575.9264543934077
1650648,577.196160416529
1651649,585.1201421485117
1652650,246.11296375983648
1653651,583.2593774152308
1654652,541.4699218220459
1655653,571.3311449127893
1656654,518.2797020925485
1657655,544.5317726170891
1658656,547.1341098864237
1659657,579.031878256959
1660658,511.8562276559836
1661659,560.3877942557289
1662660,564.6758857732709
1663661,595.2786661452861
1664662,585.0959475853895
1665663,553.2905945984577
1666664,539.016932170273
1667665,571.5380803835963
1668666,569.1658831513515
1669667,600.7613541230899
1670668,576.5974744451431
1671669,582.7442600847648
1672670,512.0824887087746
1673671,594.543902224549
1674672,248.97977939167131
1675673,572.8600391212457
1676674,601.7865402479443
1677675,594.6494777095496
1678676,567.5310723481173
1679677,530.9735833673282
1680678,588.0618390736655
1681679,587.3554757138381
1682680,584.0538434927606
1683681,504.65512553084017
1684682,563.4772901758178
1685683,576.9015521410834
1686684,222.59832307563073
1687685,564.9604161847119
1688686,324.02455035908673
1689687,506.37440120429426
1690688,556.5940022812852
1691689,555.205491967987
1692690,80.75961915368738
1693691,429.200757050993
1694692,572.7868570842725
1695693,542.7780254753851
1696694,559.9278721684163
1697695,543.2907249065618
1698696,581.8216255830339
1699697,598.9950374582066
1700698,596.129267209066
1701699,590.613537828433
1702700,533.8209165920622
1703701,594.7925894156647
1704702,596.3786056148506
1705703,581.9375727276068
1706704,599.5426877122841
1707705,550.1675364070397
1708706,537.7459143765499
1709707,542.8924882607897
1710708,575.7281653041167
1711709,528.9847803380352
1712710,568.0558102191906
1713711,507.34259081178885
1714712,569.1235111857426
1715713,579.8000778236946
1716714,498.71725094213457
1717715,557.8223649043354
1718716,593.1194807828605
1719717,550.9652481546933
1720718,576.9832257538154
1721719,81.45009328494221
1722720,578.1484937652403
1723721,557.325033262637
1724722,578.7343474463567
1725723,598.6225661795726
1726724,529.0486448383342
1727725,543.9833562083743
1728726,554.9862367257535
1729727,588.9907452034325
1730728,587.8247411977778
1731729,102.48982739169556
1732730,529.1061720834273
1733731,579.8442387853071
1734732,220.85748161537526
1735733,575.8545175896867
1736734,567.7614051289617
1737735,561.0467763961965
1738736,572.9852809413329
1739737,605.258898999168
1740738,98.44699588653134
1741739,272.7158886554017
1742740,594.9619493084672
1743741,581.7598062341722
1744742,548.6254993741743
1745743,592.194483158822
1746744,579.7634767970746
1747745,587.6387384206795
1748746,602.739487884088
1749747,580.127893045939
1750748,578.7728684714292
1751749,175.6413720323518
1752750,587.436817223038
1753751,536.5311401910876
1754752,350.7251128651314
1755753,568.1053061922021
1756754,486.31675747713547
1757755,525.0045412759889
1758756,549.6786382302798
1759757,569.5234358296402
1760758,577.9631170949746
1761759,309.72153600036364
1762760,135.2446686032408
1763761,555.4010064782285
1764762,556.3387704110911
1765763,587.6791920518464
1766764,164.97918952185935
1767765,542.9269364194678
1768766,595.5305324967323
1769767,596.5953815969737
1770768,567.8928231855901
1771769,532.5273813777094
1772770,587.3675316950587
1773771,586.9238835343975
1774772,420.8907400101577
1775773,562.4582588260519
1776774,71.00455416483945
1777775,565.8323602557523
1778776,569.066039742364
1779777,540.2904741548648
1780778,567.193226816437
1781779,590.2855126381095
1782780,579.4813929003858
1783781,565.2332714792399
1784782,509.45376171030244
1785783,563.5749122217236
1786784,545.543245881804
1787785,550.997386120806
1788786,587.6614879580351
1789787,579.8029181489969
1790788,593.7980398148422
1791789,581.8051883332051
1792790,587.3399539122294
1793791,575.4190948343526
1794792,549.9827946488899
1795793,572.7218227441178
1796794,581.9515158585025
1797795,561.1766969889276
1798796,387.812271500587
1799797,578.6556270240134
1800798,563.4903748312975
1801799,581.4044086826901
1802800,574.7049710222861
1803801,577.8173988455026
1804802,589.9551197814903
1805803,577.9784909054237
1806804,580.6979315370505
1807805,557.8506826526618
1808806,557.2266217073901
1809807,601.9809130341231
1810808,191.38863721720261
1811809,85.90526682829682
1812810,588.5491272674607
1813811,582.5421488680084
1814812,545.1593856533691
1815813,579.300751249977
1816814,246.86201085045911
1817815,591.7569671337183
1818816,543.0824590505391
1819817,514.2154789227202
1820818,502.3233347447697
1821819,539.9687715909802
1822820,566.825641062643
1823821,503.00533517504937
1824822,484.0714226575448
1825823,559.8239908465927
1826824,482.3825685447177
1827825,321.2239277688525
1828826,573.1366364857028
1829827,152.69408637053314
1830828,584.5515161601738
1831829,547.6672543888315
1832830,571.0757293994594
1833831,220.48408488034394
1834832,540.6463398341934
1835833,596.4399671344994
1836834,584.0799903984482
1837835,519.5940495146822
1838836,561.9604288553242
1839837,534.2723652990164
1840838,493.7216210531554
1841839,574.993498189314
1842840,564.2834379421381
1843841,555.803486332832
1844842,307.27608089178636
1845843,591.4768129090378
1846844,550.8917584101133
1847845,551.2309473824292
1848846,582.5252055203606
1849847,589.052783268405
1850848,477.21844686482893
1851849,584.8725359169114
1852850,471.57894333721026
1853851,572.7148066633027
1854852,581.8513023502184
1855853,483.08303245171345
1856854,202.0002984902847
1857855,536.2477881663774
1858856,567.5813640252487
1859857,559.6486746605168
1860858,405.2852861942424
1861859,542.8038557903245
1862860,583.2782497061085
1863861,565.4577902245647
1864862,572.9700532933512
1865863,560.7197599024475
1866864,529.9357428059261
1867865,528.6345813698598
1868866,568.7739278645157
1869867,552.1411382631459
1870868,551.1507114684684
1871869,571.4761964242409
1872870,592.0077627290389
1873871,79.06875887852738
1874872,414.0384664248559
1875873,565.9343576164744
1876874,608.869672347089
1877875,568.3190909379775
1878876,541.8284810460083
1879877,562.7289766461482
1880878,562.2024488673109
1881879,79.99482611345645
1882880,589.9825765047455
1883881,507.2620037621451
1884882,598.6482096825144
1885883,571.6367182154556
1886884,589.3606260617948
1887885,561.2593694070615
1888886,92.20162256246161
1889887,601.6682607754602
1890888,506.9988168152662
1891889,549.5240618237426
1892890,544.6560502184986
1893891,576.7987509480103
1894892,582.2326620125314
1895893,575.0895383739586
1896894,589.7633681787613
1897895,496.29828719376764
1898896,561.8542440730872
1899897,97.86052574612859
1900898,590.8656800526074
1901899,569.4455133750913
1902900,573.5396167871783
1903901,597.1823192639838
1904902,566.0648305472574
1905903,580.7911053692084
1906904,482.50057105477674
1907905,600.1467620603656
1908906,210.63472637905238
1909907,574.0089807847089
1910908,560.3445631056732
1911909,558.8292586445095
1912910,561.6576716878274
1913911,494.6125789450587
1914912,540.1944571547281
1915913,583.4122171077753
1916914,575.6037489473518
1917915,507.80015058914546
1918916,568.4150553083172
1919917,558.5047382197405
1920918,529.995152079843
1921919,551.7791976128074
1922920,582.1590353826448
1923921,569.9138171062899
1924922,580.6683636936643
1925923,544.7556715532182
1926924,530.3140716996099
1927925,575.14141242108
1928926,587.9090955613542
1929927,584.9393543346673
1930928,609.5069467999305
1931929,549.4373420230964
1932930,599.6229924908903
1933931,268.26214303743717
1934932,584.0512464801606
1935933,583.706714282272
1936934,613.5254762374357
1937935,304.3435466756437
1938936,466.7533229377425
1939937,546.0186287835644
1940938,581.1392577408744
1941939,585.3026442538899
1942940,595.1354346797423
1943941,582.4887623896307
1944942,587.5970350051939
1945943,599.1663519548741
1946944,521.8750074400552
1947945,291.642153808319
1948946,576.3728007064447
1949947,225.68330278687523
1950948,511.64048774147506
1951949,510.72883854353813
1952950,576.6428636717714
1953951,595.3955482051445
1954952,68.21525899616856
1955953,582.2310905326099
1956954,549.2948921219096
1957955,542.6737410292934
1958956,173.7844704689523
1959957,603.0687538019804
1960958,605.4379077742194
1961959,530.8105051438007
1962960,586.5811716358955
1963961,564.4803444076017
1964962,520.7668096104076
1965963,537.8325571232906
1966964,599.3594409483759
1967965,574.5197057445979
1968966,124.03593507219264
1969967,551.9466496144834
1970968,542.1609940244664
1971969,90.01787446455654
1972970,603.6084274540924
1973971,595.15119599996
1974972,582.1517326205156
1975973,591.901247213927
1976974,616.5766870487432
1977975,568.2420293430324
1978976,553.0952016102774
1979977,548.1214033978697
1980978,590.6192802039334
1981979,582.2914119484193
1982980,138.9493293185235
1983981,568.6474666765014
1984982,574.1334282758935
1985983,541.9850477007478
1986984,557.5190009007414
1987985,577.2210110488087
1988986,576.1105952046328
1989987,549.493837378312
1990988,530.4021848588385
1991989,341.7101686237615
1992990,579.0865531219177
1993991,594.6620695875329
1994992,583.8660884398296
1995993,562.6865320713673
1996994,568.1162991482304
1997995,556.1495766250955
1998996,579.0769812173991
1999997,578.1161071123037
2000998,565.7504319936188
2001999,593.4208894275268
2003000,245.35503780956788
2004001,429.9828866072822
2005002,574.3189653965204
2006003,561.1150937951346
2007004,68.6797235882677
2008005,505.72642280742025
2009006,604.1491982522952
2010007,86.15137417910691
2011008,156.49474008938517
2012009,573.4816267877097
2013010,355.7736660665017
2014011,602.4272526778904
2015012,595.0542759820357
2016013,420.0262392970913
2017014,64.28592954698934
2018015,583.1605026361889
2019016,370.94997341809847
2020017,567.9320688185004
2021018,339.6984327203867
2022019,556.313332783885
2023020,534.5680892158155
2024021,543.0529972266867
2025022,616.3224563190686
2026023,605.4979795411374
2027024,366.3961661466267
2028025,601.0597167127416
2029026,574.6339957653041
2030027,582.1466896358845
2031028,618.062793557935
2032029,566.5205045330971
2033030,491.1567791069348
2034031,587.7306433276881
2035032,571.827073047692
2036033,542.6320171085749
2037034,532.7521968857845
2038035,503.89574803884614
2039036,575.9020271806157
2040037,549.230713766959
2041038,594.0183682646668
2042039,563.9994660519499
2043040,509.3466480140305
2044041,627.3887417626399
2045042,434.2759804119229
2046043,157.80531026126025
2047044,588.0552488772516
2048045,583.8508404053345
2049046,599.3731220705533
2050047,631.0984181362265
2051048,576.3505241526062
2052049,568.3989214568016
2053050,347.91379670697296
2054051,613.449977985135
2055052,570.0078570041084
2056053,639.6998923007843
2057054,550.3624793827365
2058055,602.5861043795036
2059056,169.66987017040674
2060057,619.9026115581711
2061058,208.6817131900327
2062059,587.5487561718578
2063060,163.15383543129067
2064061,65.365329819699
2065062,53.44436542322656
2066063,589.6224158043664
2067064,472.8448546640528
2068065,626.7896919626453
2069066,609.173092363461
2070067,506.2920931413006
2071068,361.82792327571116
2072069,550.3284023809528
2073070,606.9203234349898
2074071,633.2996721096179
2075072,597.5305463694756
2076073,606.1269075918141
2077074,571.9556739503241
2078075,347.7720067200779
2079076,588.0864847442762
2080077,589.1194323721736
2081078,568.5777531454693
2082079,581.7387537037761
2083080,127.98866595120634
2084081,537.5466259945472
2085082,534.7102959862748
2086083,555.6007504644638
2087084,569.7929384141906
2088085,426.66146676145144
2089086,489.8049293272005
2090087,450.26332122833855
2091088,558.5995716556316
2092089,588.8370270685994
2093090,594.9413999905039
2094091,584.8142992662246
2095092,598.1217250583129
2096093,611.0864498900678
2097094,586.3914363850581
2098095,598.3646313800044
2099096,509.7164998415003
2100097,592.4280477673868
2101098,592.3173860250413
2102099,596.6387925344785
2103100,611.6734325842759
2104101,606.6167134953664
2105102,72.29952301450822
2106103,539.410676434536
2107104,548.3282526806622
2108105,620.4578148388579
2109106,553.064102999244
2110107,422.66476602239976
2111108,608.7522641965203
2112109,576.6756995769528
2113110,236.03122037824687
2114111,601.902259710092
2115112,614.3756294168318
2116113,620.3479010455873
2117114,506.0425969845338
2118115,612.9079142870044
2119116,610.1997803569182
2120117,502.9999959869672
2121118,574.7343256512258
2122119,563.5393196218638
2123120,619.4519512555758
2124121,615.6230718650586
2125122,601.7993037272252
2126123,593.0448964722949
2127124,614.3042982164117
2128125,328.0482270739056
2129126,598.5168359199732
2130127,566.716919453423
2131128,589.6698242147546
2132129,589.6482823071433
2133130,607.6444582952985
2134131,625.2026522422335
2135132,622.6388472494814
2136133,590.4182312677664
2137134,593.4863760094397
2138135,601.1581486913478
2139136,537.4397888441587
2140137,555.8290241074476
2141138,618.1312805611011
2142139,60.930779322468425
2143140,567.19807005893
2144141,599.5163880640065
2145142,614.236923982374
2146143,616.5564500292181
2147144,436.0728324736725
2148145,605.6720087049291
2149146,584.6064561786366
2150147,590.453223435591
2151148,505.5971498822382
2152149,553.1511502501081
2153150,564.7267216153808
2154151,67.31768137744182
2155152,593.2964914688164
2156153,612.5417523503721
2157154,615.220675997069
2158155,547.6932366067279
2159156,51.15332008745846
2160157,623.7126189616093
2161158,13.435455277318155
2162159,593.2029226809093
2163160,562.7764512817714
2164161,606.3413133273468
2165162,619.4749091292483
2166163,567.6898124481811
2167164,590.2015331853025
2168165,591.125448625152
2169166,629.0465561308439
2170167,571.5358149944241
2171168,576.4655125221441
2172169,578.6166370201261
2173170,546.9252233195494
2174171,616.6234192395375
2175172,596.2368002158004
2176173,630.8647439364125
2177174,394.81782394013794
2178175,612.3341805794289
2179176,598.3914363714878
2180177,625.0426204342056
2181178,585.5052084698592
2182179,576.4950639924475
2183180,608.3151306559375
2184181,365.82495610037864
2185182,629.119094854134
2186183,352.1993907517848
2187184,569.7003121558689
2188185,618.3966398140544
2189186,612.9288576743575
2190187,533.1515499191679
2191188,611.2911360311456
2192189,529.2867859096635
2193190,455.7034087980878
2194191,587.9333511216631
2195192,624.1373624003985
2196193,593.5106226475981
2197194,482.67184341209366
2198195,572.3094035412396
2199196,576.6538164164735
2200197,606.4411292806609
2201198,615.0524332080635
2202199,612.1207826794633
2203200,619.168740553354
2204201,515.8493387607385
2205202,594.0036829006252
2206203,599.7518255828853
2207204,593.9786026494087
2208205,165.21170418392788
2209206,546.9632337094047
2210207,621.6212566971086
2211208,619.6522851776093
2212209,589.932139203365
2213210,634.2992169255357
2214211,574.7310563721154
2215212,73.87122698397373
2216213,415.6677426546274
2217214,551.7222125155189
2218215,611.9403708427129
2219216,258.69308853766586
2220217,559.3696007276425
2221218,548.6233857807986
2222219,395.09760019694994
2223220,603.8591283918242
2224221,450.1659362485346
2225222,545.0009335138259
2226223,601.1155361116199
2227224,570.1643343294687
2228225,525.4014210709593
2229226,607.8788093771583
2230227,208.1369284691156
2231228,611.5777892290564
2232229,603.6737765751295
2233230,575.6316686909149
2234231,585.967314615199
2235232,494.52317464309067
2236233,604.1999220964341
2237234,625.9442954257632
2238235,580.2880857527084
2239236,602.762892775875
2240237,593.9410173263666
2241238,382.0278465731721
2242239,566.8957671308773
2243240,576.1607641699561
2244241,610.5193482419147
2245242,193.70228709956274
2246243,594.3442807840768
2247244,606.0222073818445
2248245,229.62904980349893
2249246,205.00755189012392
2250247,556.808301328262
2251248,387.73450670553535
2252249,609.1470529976688
2253250,598.9655642905038
2254251,585.2267027074885
2255252,130.62688495566965
2256253,54.77938931838868
2257254,596.4968284412253
2258255,602.1188991219084
2259256,573.5739051796538
2260257,616.5285034363706
2261258,614.0175655642539
2262259,564.1440001794241
2263260,594.5685368449996
2264261,586.8997954813149
2265262,274.5322296195071
2266263,593.7300818412335
2267264,590.875574177655
2268265,568.319092130252
2269266,625.2217816342863
2270267,586.1154960224386
2271268,612.8627298057257
2272269,18.738981206143713
2273270,610.800015080858
2274271,587.0945468711387
2275272,557.8454653144281
2276273,586.907990130841
2277274,610.5085038351164
2278275,591.5250808683309
2279276,505.55521986751376
2280277,622.6008607567737
2281278,594.9363247353775
2282279,592.5806021964571
2283280,546.7066018468042
2284281,582.4005372997237
2285282,611.9178098117532
2286283,591.0661777845546
2287284,568.4384264587515
2288285,590.4330835711156
2289286,595.7043172533138
2290287,528.5578777311974
2291288,564.3123084398507
2292289,597.8383245027442
2293290,582.0696252756254
2294291,558.936204652886
2295292,578.8119135239477
2296293,568.5198333677554
2297294,59.39975743210873
2298295,592.3692383583442
2299296,603.0543907075479
2300297,571.6035477700971
2301298,603.6822946431193
2302299,564.3085367597022
2303300,587.3936412584395
2304301,21.412873332199528
2305302,528.7180369915988
2306303,599.9185432699837
2307304,558.0923847753917
2308305,607.3493850662378
2309306,371.28632296815493
2310307,609.3632275010472
2311308,579.6956563088443
2312309,588.7305208514572
2313310,611.4137614952177
2314311,596.4486370023404
2315312,584.3798999272693
2316313,575.9757489861115
2317314,595.4244775562337
2318315,565.3726838711902
2319316,591.5392922692088
2320317,605.5136911489448
2321318,566.714716806621
2322319,608.1529121342624
2323320,589.2134609762486
2324321,610.632263303421
2325322,598.305526230696
2326323,577.656151784587
2327324,612.8123600511872
2328325,581.0042783851839
2329326,606.3290461867634
2330327,586.1609412250157
2331328,605.5493754302099
2332329,607.9803432875028
2333330,619.627392393446
2334331,602.0746709998122
2335332,569.8733526641828
2336333,607.2781332566371
2337334,605.6274832487195
2338335,586.7212924440811
2339336,551.2430547530784
2340337,607.9166089534283
2341338,588.2103168607238
2342339,547.3497994484397
2343340,590.524914630988
2344341,590.2446781372547
2345342,612.0869180232173
2346343,586.4623962415822
2347344,559.8106981200201
2348345,621.2374502652881
2349346,590.4718994879958
2350347,587.3206371260193
2351348,554.6183862410131
2352349,523.2725613443799
2353350,277.5078719887492
2354351,50.96808027860824
2355352,608.4156022556992
2356353,594.0514599593022
2357354,616.08826809789
2358355,604.3053198403642
2359356,552.9208108114864
2360357,611.0278436523605
2361358,608.1792069129004
2362359,206.844778132102
2363360,605.032777600629
2364361,598.4759929584841
2365362,565.0554207120697
2366363,575.915121897321
2367364,597.570001626565
2368365,190.31392190842593
2369366,584.5971478376952
2370367,603.3464770761342
2371368,633.7196407834192
2372369,610.1066297791854
2373370,620.1248825858243
2374371,549.3283306542473
2375372,631.747968428664
2376373,588.6705998632009
2377374,596.6102709457343
2378375,604.2591393650777
2379376,578.0693556363144
2380377,598.1932826829482
2381378,580.1286009749239
2382379,595.6640388954928
2383380,609.2764907809797
2384381,618.3238909096704
2385382,616.2926227604277
2386383,630.9674540656215
2387384,635.830973584313
2388385,609.8861943465057
2389386,449.2118464814585
2390387,635.294824249969
2391388,585.0875032321562
2392389,584.5061552376565
2393390,600.9487497976047
2394391,568.0577555712825
2395392,595.1323703635547
2396393,616.7806458236483
2397394,629.1159764534004
2398395,632.0323839747123
2399396,602.3527134663609
2400397,583.3276737864642
2401398,596.8558731243148
2402399,615.4929998077162
2403400,572.5701657110003
2404401,627.4992730501897
2405402,620.5932076320312
2406403,610.3494413259626
2407404,614.6366763467313
2408405,614.8602543194095
2409406,621.5212542259308
2410407,585.2596555410435
2411408,621.0685466570852
2412409,613.0072633732199
2413410,618.0464497096673
2414411,552.6335951447548
2415412,322.65645065119196
2416413,620.1928132649994
2417414,504.67393251945987
2418415,587.1621245533228
2419416,628.8775094289189
2420417,593.689995665909
2421418,619.3311860667247
2422419,597.2435315141316
2423420,67.51833366529532
2424421,607.497228865051
2425422,617.2325968745904
2426423,624.9343562524448
2427424,563.8427567787946
2428425,636.9209273728652
2429426,623.8970220774479
2430427,612.4829352456541
2431428,645.53965658778
2432429,627.5913507781227
2433430,58.81005134847925
2434431,570.4165699004757
2435432,635.3623335880447
2436433,610.8072611904895
2437434,619.406392812094
2438435,625.1966116166574
2439436,629.2082229699295
2440437,627.1972563884004
2441438,640.3368538565217
2442439,599.2459704751158
2443440,627.4161260511097
2444441,584.6044377049654
2445442,591.6455059109895
2446443,643.2335941275057
2447444,607.8334812630313
2448445,284.7261486998491
2449446,602.51966707884
2450447,608.1767096898717
2451448,603.0809260966333
2452449,628.3585802015238
2453450,574.1332129809218
2454451,600.6822681450905
2455452,612.4154135659401
2456453,602.5906734799379
2457454,631.1391738171769
2458455,595.468299615945
2459456,630.9329380039833
2460457,621.0522853404041
2461458,575.4536252807656
2462459,594.4546743385152
2463460,580.1728456285523
2464461,569.4130699409302
2465462,594.4530573946573
2466463,615.5522603239981
2467464,620.1338514050544
2468465,636.464051541535
2469466,213.48164858547145
2470467,598.6708553529064
2471468,574.9063780177189
2472469,627.3944707643986
2473470,597.2423606969833
2474471,621.84191953561
2475472,613.6623798484515
2476473,610.5331129093032
2477474,607.0661348790508
2478475,609.6662213277332
2479476,612.3393117437904
2480477,582.5553057605867
2481478,529.3573389860134
2482479,553.3853433442041
2483480,560.257921529817
2484481,603.9155826400207
2485482,593.885686060219
2486483,595.3508740756597
2487484,624.2655726517996
2488485,633.1054254145484
2489486,618.3925297003423
2490487,604.5362527487458
2491488,621.2271844028037
2492489,637.0951853075605
2493490,596.4331752459722
2494491,639.8328896299433
2495492,594.4698676307397
2496493,598.7257226789891
2497494,603.894458202833
2498495,103.4967248290877
2499496,597.5512209757767
2500497,592.2136305027601
2501498,604.5907908017817
2502499,616.4240393639608
2503500,612.9618047622199
2504501,627.6042664055595
2505502,598.802764825225
2506503,634.059385915253
2507504,633.1690286667501
2508505,161.12633663409196
2509506,511.29183908463204
2510507,56.73556257597477
2511508,597.7826318423746
2512509,626.9654454551036
2513510,626.3160586478557
2514511,593.7109940007344
2515512,574.7949128929257
2516513,615.8814815526359
2517514,559.0188000302094
2518515,603.0654925206277
2519516,278.30672631663697
2520517,637.98012464534
2521518,636.0690402807685
2522519,328.1747639363799
2523520,606.626143115136
2524521,619.9720056745052
2525522,511.4883233166451
2526523,605.2064738369676
2527524,629.5600671135584
2528525,640.1813403143653
2529526,620.394466679155
2530527,617.1298131125893
2531528,624.3720870991413
2532529,610.6226056209028
2533530,620.753063071584
2534531,620.9264330692479
2535532,598.4531287702496
2536533,570.4891445167717
2537534,643.4809835642579
2538535,624.0640577856728
2539536,592.1973018261523
2540537,437.06347857790615
2541538,619.1389911269063
2542539,630.843908360131
2543540,593.7085558067791
2544541,581.2192062370971
2545542,552.15724677896
2546543,183.46675082552036
2547544,601.6764935625035
2548545,622.8740154561051
2549546,582.5761426179073
2550547,628.0838490117789
2551548,618.5397735324465
2552549,335.6287827135714
2553550,596.6712344901681
2554551,610.6558359798464
2555552,597.1875029876949
2556553,613.4438273414477
2557554,628.5855043242568
2558555,592.0571225365306
2559556,633.5233588579816
2560557,616.9777896678318
2561558,608.2510399336786
2562559,589.4768299621197
2563560,630.1686790632115
2564561,588.720554537996
2565562,584.3177778364379
2566563,596.2921908646548
2567564,572.4980357391368
2568565,550.6851936099939
2569566,619.1207384907376
2570567,608.3128950618604
2571568,614.1759557059659
2572569,600.7989318594548
2573570,588.0796459446591
2574571,624.0307354673495
2575572,585.8060926303065
2576573,578.1648447418387
2577574,584.4002918784768
2578575,643.7223489305323
2579576,595.4273612840183
2580577,506.42824778893265
2581578,575.2567086169191
2582579,614.6377170837947
2583580,601.3811775461389
2584581,567.1845463011117
2585582,560.5402747885723
2586583,204.20099292611926
2587584,478.479543273671
2588585,587.104015384776
2589586,624.6036620512431
2590587,616.2634720302084
2591588,624.2101451820497
2592589,610.9206557669266
2593590,637.2286925117445
2594591,273.13520673183564
2595592,604.8746103726019
2596593,84.01361858205694
2597594,56.64239716289952
2598595,605.0774837255364
2599596,606.566259412415
2600597,581.6624446856986
2601598,616.3254757268093
2602599,288.9574424067077
2603600,280.10247579170044
2604601,627.7581384938941
2605602,624.8014633230462
2606603,612.6220935441265
2607604,636.1700251536896
2608605,624.4760497855691
2609606,594.6717196231522
2610607,609.6242938322112
2611608,576.6377244116576
2612609,620.6788084707479
2613610,594.3602215088547
2614611,591.9823758559265
2615612,616.1086928540695
2616613,644.4188624691135
2617614,595.8706610583448
2618615,583.3245269816697
2619616,622.0740094848486
2620617,601.6573327736751
2621618,617.2752367304842
2622619,580.0451552367019
2623620,43.13311988450438
2624621,607.7478747527471
2625622,614.2432165191044
2626623,604.7407036416221
2627624,305.7775040055052
2628625,639.0027700224683
2629626,526.75272227952
2630627,594.59605368449
2631628,636.4006844037588
2632629,497.13416743360534
2633630,460.399333001688
2634631,612.4276121996589
2635632,468.3470514855586
2636633,630.6835286169361
2637634,600.5694033848993
2638635,632.4182066599021
2639636,478.8701182986595
2640637,575.9443144404319
2641638,578.7842499716519
2642639,141.23927225531799
2643640,620.427742294076
2644641,614.1565047992142
2645642,481.1450021204184
2646643,524.067872322919
2647644,326.21450514107437
2648645,313.1108933111846
2649646,618.3507733444059
2650647,77.25577910671105
2651648,614.4880336712502
2652649,610.032731462037
2653650,598.9027454567606
2654651,641.9097894683339
2655652,274.2573040167044
2656653,67.10420980974673
2657654,608.3011185241521
2658655,64.84871486847075
2659656,618.73962389189
2660657,629.9462005464082
2661658,592.7939056610642
2662659,589.6766318053232
2663660,37.31565125944219
2664661,605.3460816882346
2665662,229.54130211100244
2666663,599.7430944073849
2667664,250.67991557696897
2668665,181.08577512653784
2669666,592.6972440903445
2670667,392.448084772467
2671668,557.0281890434604
2672669,636.9575916678106
2673670,261.5572657299943
2674671,189.12645771636514
2675672,554.4384002663196
2676673,603.55367666121
2677674,562.0155959510972
2678675,175.15874786300836
2679676,364.2688391368056
2680677,588.3709212164474
2681678,434.72359997210503
2682679,408.06985272720425
2683680,63.98204951710905
2684681,593.2593831252859
2685682,170.9735703646261
2686683,344.61472781621416
2687684,393.6233473637458
2688685,605.1832224238376
2689686,599.6414197509732
2690687,603.2948755589198
2691688,601.115893482533
2692689,577.9005670699703
2693690,550.9306841322198
2694691,317.33957867802025
2695692,571.9003154940285
2696693,602.7002836145415
2697694,580.1125008624203
2698695,629.698904610464
2699696,418.72506844945923
2700697,580.0875806658981
2701698,258.86449726879295
2702699,608.3212544013537
2703700,522.561412687447
2704701,628.521427739994
2705702,597.7657110309319
2706703,225.15065331617382
2707704,622.804588706805
2708705,606.9845936309536
2709706,587.5490927110575
2710707,366.34946717834214
2711708,470.5822602669508
2712709,183.9245435125604
2713710,620.6371713980884
2714711,585.6766387748354
2715712,528.1279077556151
2716713,592.404015143272
2717714,555.1150241547865
2718715,534.4878719661696
2719716,105.70349393005422
2720717,583.845809976865
2721718,619.6935465063088
2722719,625.065538319358
2723720,250.69812491083405
2724721,574.6186013864427
2725722,160.25696037365364
2726723,451.66050990990857
2727724,630.2495351643652
2728725,563.7767392367871
2729726,591.4340879057634
2730727,595.9691654314257
2731728,572.1987702712481
2732729,596.3338048075813
2733730,631.8610339658495
2734731,61.44346157762376
2735732,615.5288048484093
2736733,592.4387628544137
2737734,431.27173844540505
2738735,569.375538185728
2739736,629.1489398391451
2740737,602.2532473205569
2741738,626.639185857856
2742739,590.3592625180785
2743740,627.2025713558884
2744741,534.1577128004029
2745742,614.3390292231542
2746743,605.6740745648855
2747744,570.9732128037102
2748745,622.6397102584504
2749746,75.18032968707891
2750747,525.0415051580268
2751748,594.1174463882882
2752749,618.066601776134
2753750,601.9095177049454
2754751,591.5099176824988
2755752,571.0945003357817
2756753,482.03357438750345
2757754,583.4896184225236
2758755,597.3927512760002
2759756,627.6854147668117
2760757,493.3734877701546
2761758,589.0374090082001
2762759,606.333139385977
2763760,147.40118156281935
2764761,598.9271134174454
2765762,606.0049841074721
2766763,598.009366490585
2767764,578.8766729832525
2768765,540.5005404980017
2769766,576.335697370298
2770767,629.9933132379214
2771768,600.9735276531368
2772769,619.6989361064229
2773770,566.0395239349313
2774771,511.0997930682393
2775772,607.8502277505914
2776773,627.525700796304
2777774,584.1280095548993
2778775,552.2923801408704
2779776,617.6582677015303
2780777,592.5952836563076
2781778,557.2557272074638
2782779,608.3162944908499
2783780,562.6560724110996
2784781,528.2938487565501
2785782,529.0808369232785
2786783,59.288052558314874
2787784,618.7439952966117
2788785,604.1236148960247
2789786,610.731030083586
2790787,631.3903531722058
2791788,601.0254362583765
2792789,630.3270780313845
2793790,575.4895161473281
2794791,561.1813684500626
2795792,585.980395462418
2796793,625.0070997413286
2797794,631.0142338316803
2798795,616.3288384916211
2799796,549.3491593666614
2800797,600.0465328292255
2801798,597.4166857000318
2802799,618.6148782112218
2803800,575.8814215643912
2804801,599.6565756963179
2805802,616.238764330883
2806803,609.5268751996865
2807804,604.2634948204043
2808805,626.3163763153052
2809806,597.9468807765148
2810807,610.006815017092
2811808,602.281447566597
2812809,617.7780687703657
2813810,607.1722087322722
2814811,616.0229377930308
2815812,593.0678134948439
2816813,581.6867135847004
2817814,619.5373521865246
2818815,595.541668547403
2819816,81.32340713156484
2820817,589.4859651740604
2821818,67.7355192774397
2822819,94.19081550683394
2823820,614.3918965866337
2824821,592.4387028841444
2825822,204.22388585589923
2826823,573.9310984016926
2827824,617.4162828004826
2828825,562.8001302298447
2829826,398.68237873353587
2830827,588.0022582853512
2831828,560.6140668679824
2832829,515.0119515040656
2833830,604.1214745955892
2834831,584.8222644853292
2835832,76.11925166455038
2836833,586.1960816536526
2837834,600.740348387728
2838835,570.9174855555846
2839836,64.4125227132247
2840837,256.43207174805593
2841838,593.9661787314469
2842839,603.6494074151694
2843840,553.3397783239998
2844841,568.9704388642889
2845842,607.2130199115727
2846843,578.1664729239651
2847844,611.346835712523
2848845,595.4812388377634
2849846,77.0905477327559
2850847,565.6318318188964
2851848,198.54712541127788
2852849,581.6968956782946
2853850,581.6271183958874
2854851,604.3677686255112
2855852,617.2875338524012
2856853,623.9560734173257
2857854,529.4420795225061
2858855,566.763569135069
2859856,599.418410659963
2860857,603.4211977497325
2861858,581.5983924466943
2862859,514.015071458587
2863860,606.7483812122879
2864861,583.9921994985928
2865862,586.5457229881606
2866863,479.108337323474
2867864,601.2449689533123
2868865,592.1078838042242
2869866,592.9176828095709
2870867,594.570170045209
2871868,624.6985752186228
2872869,582.4268510920165
2873870,530.7232965099707
2874871,209.47202333431954
2875872,588.8457037285451
2876873,405.0724411177123
2877874,590.0621822246571
2878875,598.2059951007752
2879876,599.1062298286158
2880877,605.9046213047509
2881878,537.8792200926603
2882879,611.2141100837152
2883880,605.2071181414201
2884881,587.9630685876241
2885882,562.2127886133576
2886883,610.1999959949287
2887884,604.0142045859711
2888885,601.5099841753768
2889886,568.5930501494322
2890887,584.7820361964675
2891888,578.7180868186409
2892889,602.5841670797255
2893890,622.8822196996352
2894891,588.7471930726849
2895892,608.3442485851872
2896893,544.0068976416105
2897894,511.3529293209094
2898895,608.2252519055093
2899896,582.4300549706556
2900897,593.2555240738366
2901898,600.97930169978
2902899,565.172772431501
2903900,589.3938433887535
2904901,641.006273790157
2905902,595.3560822317991
2906903,600.4963640295908
2907904,620.6532026600745
2908905,583.9755170668421
2909906,607.7604437287191
2910907,591.9989314083383
2911908,556.1926466212805
2912909,630.6351597211915
2913910,621.4187238523582
2914911,594.9212973611944
2915912,582.0339659697951
2916913,644.6341267981089
2917914,625.8422813228848
2918915,623.4816692466684
2919916,604.846873927293
2920917,595.2482788825968
2921918,590.6676753017865
2922919,620.196677985902
2923920,640.949277451945
2924921,600.4050217319
2925922,630.9347743660036
2926923,578.5246754240667
2927924,607.9278194053143
2928925,620.641446905098
2929926,614.7611012954726
2930927,558.9251247749925
2931928,589.9125972394468
2932929,606.2450907695514
2933930,400.1178939346617
2934931,598.0572264282072
2935932,573.7088504309413
2936933,627.1173368673255
2937934,299.4727092728224
2938935,626.5682119802684
2939936,620.5213754236484
2940937,602.6953048167679
2941938,622.4220497995735
2942939,634.1170880201238
2943940,563.3041655270255
2944941,366.02723033002064
2945942,551.1225196610226
2946943,618.3844398337507
2947944,622.4239894599737
2948945,625.8530004151127
2949946,569.0885708081266
2950947,618.3821903499882
2951948,583.954533200181
2952949,624.4126914409453
2953950,578.3177793263515
2954951,512.5791774555206
2955952,605.7841505739043
2956953,597.2976451456701
2957954,564.2966247734611
2958955,600.6991458839684
2959956,611.8179528296581
2960957,417.6313180719613
2961958,621.8956203389175
2962959,590.6162375493382
2963960,87.35983851407545
2964961,620.5731801690581
2965962,584.7718487967069
2966963,585.5407019610229
2967964,588.0345183141585
2968965,626.699645354545
2969966,623.165246828649
2970967,581.2917200750278
2971968,602.4418044371964
2972969,610.1628241996134
2973970,407.2003238658603
2974971,655.779181257488
2975972,390.5010838028401
2976973,399.80478339858706
2977974,635.1355259180331
2978975,601.5741312859898
2979976,591.6671934958163
2980977,624.7561091890914
2981978,614.9922919687864
2982979,621.4537371980826
2983980,644.2633157680557
2984981,549.9322527136474
2985982,623.8833350308278
2986983,600.2758393741827
2987984,396.2721600396934
2988985,650.143507484477
2989986,622.7761875219556
2990987,616.4688206695208
2991988,294.8672358977923
2992989,547.5139987813752
2993990,368.5069852611646
2994991,642.3320571334306
2995992,609.7399312886575
2996993,562.6460027305487
2997994,618.6797303391701
2998995,605.0965468850839
2999996,185.7020683204153
3000997,630.1254592070268
3001998,617.5662911552902
3002999,601.2216393334953
3004000,475.57801159180605
3005001,601.5637487482961
3006002,401.46625368550394
3007003,81.30650240128122
3008004,603.4707359894766
3009005,288.3311193352177
3010006,637.990858055881
3011007,564.1360149319872
3012008,612.2346530072736
3013009,162.38566959508674
3014010,609.9564739706915
3015011,566.1683127347344
3016012,629.4638556702314
3017013,336.17854017646994
3018014,580.5353629207258
3019015,619.5591877645045
3020016,576.2903490459898
3021017,513.6517339800557
3022018,611.6453769439511
3023019,272.9889876844897
3024020,551.3303962161547
3025021,641.3001596175988
3026022,319.92998480701095
3027023,568.7049983707234
3028024,569.3707530709256
3029025,645.6627029367885
3030026,625.151890581762
3031027,582.0170527874326
3032028,613.3265280235952
3033029,622.6439350981636
3034030,455.1215632247663
3035031,637.7254925450452
3036032,622.2064454592681
3037033,576.1719135257651
3038034,623.408559189481
3039035,606.1933335013504
3040036,571.0151832012497
3041037,556.0246303994853
3042038,589.5384391328007
3043039,652.517557712537
3044040,637.8341303897159
3045041,620.9044314674614
3046042,607.5552997113942
3047043,570.4734153323246
3048044,581.7111784708663
3049045,618.2911269957124
3050046,616.8600403417857
3051047,624.8216083211345
3052048,657.1402692469416
3053049,450.8807539305663
3054050,606.9858292849425
3055051,629.0013559815661
3056052,595.3388512852603
3057053,86.35504021717941
3058054,276.6614887741334
3059055,578.5239222418882
3060056,632.9685103516229
3061057,600.909969085838
3062058,623.5123883145475
3063059,298.9644682821584
3064060,570.5313813362367
3065061,481.66438944768146
3066062,556.7663103443963
3067063,630.0297593316577
3068064,643.5746066531374
3069065,633.8431198031658
3070066,62.13848312637573
3071067,631.5857079237551
3072068,635.6174831100442
3073069,612.2819915980665
3074070,301.423763702483
3075071,588.0095338330182
3076072,606.8613722267013
3077073,611.020539176043
3078074,630.7484975476707
3079075,645.722196229112
3080076,650.5400331832649
3081077,623.3740003788056
3082078,633.4322832225589
3083079,642.1975524077598
3084080,602.454746874308
3085081,615.4381161036565
3086082,593.3756743862201
3087083,636.0441584978819
3088084,602.92141607322
3089085,633.5926909016567
3090086,606.916570055229
3091087,86.2153824904654
3092088,635.8265330844428
3093089,622.1059008015995
3094090,586.4389981414711
3095091,659.5722713204439
3096092,610.8551425620092
3097093,588.5863463410674
3098094,575.1638989753188
3099095,634.3265619340594
3100096,613.7598920863707
3101097,627.8061256276665
3102098,88.70476984416669
3103099,622.5922852787392
3104100,322.8921932570276
3105101,260.0953666383831
3106102,644.4682831881634
3107103,561.3540841707453
3108104,551.0336174675061
3109105,536.9803124574089
3110106,385.5563074887663
3111107,615.7216714740194
3112108,640.0451484635502
3113109,602.610872612772
3114110,602.4552878084897
3115111,620.3099114923249
3116112,624.9971244460172
3117113,637.5920893241558
3118114,626.9314161955886
3119115,567.155381834595
3120116,656.231734049472
3121117,631.438922197962
3122118,625.700669075229
3123119,618.3633046456513
3124120,614.5623409467854
3125121,64.59971829192212
3126122,621.2960920756823
3127123,647.9800509551668
3128124,587.7004240236646
3129125,589.6180275414512
3130126,616.8851436788017
3131127,598.7169512183323
3132128,595.2367962506379
3133129,543.304884189631
3134130,638.8577248797267
3135131,663.3248378131361
3136132,567.5334657968369
3137133,621.2226029287494
3138134,638.0642698411928
3139135,401.386027026869
3140136,587.9301792031634
3141137,648.7943930969774
3142138,521.7279317113309
3143139,618.3329173285155
3144140,640.7802887760033
3145141,636.0415774672676
3146142,590.4378791259774
3147143,622.6149984019825
3148144,634.6975734069374
3149145,630.734249803055
3150146,648.4846811402055
3151147,615.8529223720456
3152148,609.3458273086197
3153149,639.6547952742573
3154150,578.2155428758341
3155151,16.88268295874597
3156152,664.7506144760649
3157153,573.1049215848399
3158154,387.0505258771098
3159155,625.3991020870808
3160156,535.0846026168615
3161157,581.9989701284148
3162158,657.1774160017355
3163159,598.1719329238955
3164160,600.8854360823109
3165161,574.8722981384217
3166162,616.1649509401478
3167163,519.2626588058909
3168164,613.5820238766652
3169165,594.6714862172106
3170166,661.2586451054831
3171167,616.9661949711428
3172168,627.7419514787977
3173169,427.13449594591054
3174170,505.32610966098366
3175171,610.528598974111
3176172,486.8309089375724
3177173,601.0191490022322
3178174,619.0186244175457
3179175,649.5716341888934
3180176,566.328118054664
3181177,572.7997226977863
3182178,626.3440911487016
3183179,490.0961441571438
3184180,267.5667816804069
3185181,587.3148890581375
3186182,636.9934309815836
3187183,569.312041525246
3188184,255.3895711771259
3189185,618.7902971849904
3190186,582.1450933853122
3191187,616.5453650364807
3192188,346.58952125534273
3193189,641.6775222547686
3194190,554.6396846686575
3195191,599.9716399164485
3196192,627.3048449627712
3197193,603.3459187887237
3198194,649.1853126210581
3199195,233.5149078797265
3200196,653.095338949831
3201197,594.1198321780151
3202198,607.7620379991074
3203199,634.4154976410741
3204200,638.0477827832676
3205201,581.2362008826188
3206202,613.8683561876354
3207203,206.38646200854333
3208204,617.0385393562093
3209205,580.205124845613
3210206,646.1990704217528
3211207,621.8808367429469
3212208,639.8645445578127
3213209,651.4839060971548
3214210,633.1969506526794
3215211,637.596897726845
3216212,592.5843654818067
3217213,618.1121181579866
3218214,74.81338738727888
3219215,624.5611359628813
3220216,106.32969989588587
3221217,610.784974860404
3222218,577.2963257422366
3223219,629.3596165432468
3224220,564.1711368993618
3225221,131.90907556847338
3226222,640.4455165701819
3227223,645.5731666194031
3228224,88.23958312006536
3229225,625.3576868500883
3230226,575.0057709417655
3231227,599.2501991588065
3232228,526.8043007306164
3233229,640.5255817309641
3234230,613.4167756100546
3235231,626.1633750723895
3236232,552.2778507169519
3237233,638.9978175419151
3238234,629.0753714390421
3239235,584.9838240607054
3240236,634.2111246257055
3241237,624.8152857994046
3242238,566.0636449544114
3243239,622.6827259275082
3244240,603.3236437716884
3245241,590.0073307079433
3246242,600.4404124945827
3247243,547.4153987940892
3248244,157.6783071427678
3249245,615.3524501648114
3250246,616.3180439687768
3251247,606.4988980054934
3252248,609.8057432450765
3253249,606.2655775144286
3254250,603.9063056584038
3255251,625.5594428232687
3256252,558.5678695697524
3257253,625.6153358440422
3258254,588.6386028865244
3259255,517.1230452647469
3260256,606.7112515244935
3261257,656.0946074338192
3262258,629.1797442627229
3263259,610.7705588791188
3264260,620.5673634567555
3265261,625.4795450307175
3266262,616.6800141558192
3267263,601.4529954742984
3268264,592.6018678727924
3269265,618.0371158238427
3270266,550.9515829634871
3271267,627.5410036173731
3272268,638.9638325985491
3273269,639.4994763209627
3274270,469.1118862654925
3275271,522.6234723556845
3276272,650.7700505105842
3277273,604.0654004795724
3278274,557.6088051487188
3279275,637.0575126307609
3280276,595.3511082275228
3281277,623.261761458215
3282278,645.1405972990303
3283279,16.865035562565986
3284280,647.6884400008063
3285281,587.5570826657771
3286282,353.03603304825555
3287283,255.90719517533245
3288284,622.8546106117201
3289285,614.1284800136403
3290286,646.8249044105108
3291287,656.8800165210154
3292288,101.79183550263468
3293289,555.5595858362983
3294290,613.9043094566275
3295291,405.5027592623696
3296292,657.5583336142872
3297293,604.8023238196214
3298294,579.5509046819203
3299295,646.4197636637701
3300296,657.6088921070939
3301297,640.2593175000212
3302298,622.5886446879848
3303299,626.4939863373296
3304300,110.30298131307421
3305301,90.66922455583617
3306302,91.33412159869118
3307303,78.86824534789503
3308304,279.7396557182236
3309305,338.12203019828985
3310306,628.993588427892
3311307,526.4107818450167
3312308,615.1166195241498
3313309,638.735234671531
3314310,645.3578033438288
3315311,69.46573846256716
3316312,625.8891241486228
3317313,571.3867431727838
3318314,348.37766863205064
3319315,634.0063834384086
3320316,636.1664892502671
3321317,21.576110543149333
3322318,426.66012157464564
3323319,246.58383124332747
3324320,592.3840488717931
3325321,267.24307836624104
3326322,649.1449571561434
3327323,650.2714644279356
3328324,600.8583787680943
3329325,80.26240380515986
3330326,643.0750258117806
3331327,635.0239612648447
3332328,65.89853645481219
3333329,534.4122475668254
3334330,227.27946439578412
3335331,563.3512579331344
3336332,638.6488257378204
3337333,568.1277590741056
3338334,65.67107049896656
3339335,597.1587811605725
3340336,575.125164916033
3341337,613.9673417891586
3342338,677.225342822316
3343339,581.4737385598164
3344340,663.308101241451
3345341,605.3703102720614
3346342,127.57453421537983
3347343,623.302169847812
3348344,629.5560447457711
3349345,639.4249752515304
3350346,624.2768926654142
3351347,561.3075237059511
3352348,654.4870085580588
3353349,619.7927031979586
3354350,583.616545230172
3355351,619.9335380233583
3356352,656.5883086364621
3357353,562.7040680967514
3358354,644.8760578098829
3359355,230.7976707143718
3360356,610.4604662436014
3361357,570.2852302970128
3362358,635.3619280572345
3363359,574.5068389930176
3364360,590.3451052683947
3365361,645.1898252137237
3366362,86.1163613558931
3367363,675.0993250069812
3368364,582.0032237881512
3369365,616.3671426971187
3370366,633.3093411283129
3371367,633.9829296035865
3372368,567.8448844754153
3373369,17.57156523514184
3374370,151.25731473960383
3375371,619.8440289024091
3376372,76.19704907655499
3377373,661.9143402248283
3378374,629.0780677856304
3379375,589.6560587014693
3380376,626.6924010920164
3381377,636.266954599222
3382378,664.1571261950698
3383379,641.6057959352714
3384380,597.0577092442186
3385381,635.1836766328415
3386382,622.8006803093249
3387383,640.7505380120799
3388384,610.2523790200127
3389385,610.8446316533549
3390386,652.4558720123002
3391387,633.5353087006946
3392388,610.7089696964462
3393389,574.2733657643363
3394390,503.16664445933014
3395391,668.1844555341177
3396392,600.9254057036311
3397393,109.21847528733281
3398394,116.81234391178228
3399395,381.085466635408
3400396,622.6043410837563
3401397,585.5420086240136
3402398,637.5613528890597
3403399,634.5813160311616
3404400,600.5224363962393
3405401,631.6915866409103
3406402,583.2438623481636
3407403,595.839259405347
3408404,615.1824662410154
3409405,613.9762549256847
3410406,626.80436758449
3411407,613.7483030109233
3412408,639.346208733874
3413409,618.3505656569596
3414410,598.7474191011208
3415411,610.3745292787071
3416412,651.3336703379613
3417413,593.2585181505739
3418414,626.3834584302648
3419415,625.8259482773915
3420416,599.901973369916
3421417,663.1296653155495
3422418,587.3586201208301
3423419,586.8622000659032
3424420,640.6661580495879
3425421,631.1164016504823
3426422,627.4977782343792
3427423,630.9178013215457
3428424,618.8353867569055
3429425,508.3687110097625
3430426,624.5679427167466
3431427,608.0165122826751
3432428,599.3456979444404
3433429,642.5711515036812
3434430,622.642063048387
3435431,616.4744134999042
3436432,631.541218402162
3437433,22.692182081959817
3438434,668.2072453114963
3439435,637.1530984733139
3440436,580.8959905889959
3441437,622.3157556467876
3442438,520.4298341619548
3443439,606.7981473064665
3444440,627.5246390342742
3445441,523.6583492203017
3446442,670.7840602405535
3447443,639.7373850270369
3448444,210.88258934164745
3449445,631.1407304188978
3450446,634.4390020555268
3451447,633.2834801745469
3452448,655.700181654068
3453449,579.9631960440016
3454450,616.717585541096
3455451,270.9787652099221
3456452,593.0892720489732
3457453,654.6544873437324
3458454,636.7056773273298
3459455,580.2470585164742
3460456,650.2156229305995
3461457,643.4530134394694
3462458,337.5416204715306
3463459,583.9999207507449
3464460,649.4770800443129
3465461,132.40127039749746
3466462,640.990735711968
3467463,567.2749392014679
3468464,615.1454913178881
3469465,608.442958989704
3470466,578.0177226031448
3471467,658.2630412598379
3472468,648.1104497862835
3473469,622.8795727999913
3474470,409.44429904478926
3475471,613.2449610472589
3476472,603.0188474191634
3477473,595.753464576185
3478474,651.1856068033745
3479475,503.7589391888679
3480476,582.9051464546242
3481477,565.6231585541468
3482478,603.4284654578446
3483479,629.2574797319027
3484480,269.93284339469596
3485481,581.4473735936423
3486482,556.1596378791769
3487483,604.5002146120702
3488484,617.4499196987783
3489485,639.9553855077116
3490486,152.32202995663405
3491487,587.9330170544431
3492488,590.3161296637845
3493489,267.2482110860528
3494490,576.2853119964394
3495491,594.1711855053206
3496492,621.4755868088954
3497493,609.8591701587638
3498494,604.7146389057372
3499495,612.9798576709686
3500496,617.2411172601209
3501497,575.3478621110022
3502498,597.4670247255079
3503499,622.352047251787
3504500,567.1724334420204
3505501,594.9076364031009
3506502,536.8025661908868
3507503,534.5862532801827
3508504,636.5948469305807
3509505,530.585874279486
3510506,614.2039758963642
3511507,645.7697127962032
3512508,636.6196060289011
3513509,559.2066343399224
3514510,516.1686260903257
3515511,632.0623457715488
3516512,629.7949845465197
3517513,636.9528924915047
3518514,649.6755291361272
3519515,598.8011647988768
3520516,582.0764280653405
3521517,604.8512079904402
3522518,646.4154361896433
3523519,618.3054811119399
3524520,619.8962063735338
3525521,626.4428123057759
3526522,619.4360487180012
3527523,618.5388876541723
3528524,632.3577709188044
3529525,635.9234929091225
3530526,580.9968508720974
3531527,550.4414924311637
3532528,621.6537465917005
3533529,637.6517185475363
3534530,643.6899165621797
3535531,598.0695786343412
3536532,630.1012235292961
3537533,620.5390247078143
3538534,648.5278627043356
3539535,641.5416427545433
3540536,579.3352950396643
3541537,574.7194424542247
3542538,666.2351855904008
3543539,600.1403170922434
3544540,600.3404819330941
3545541,574.7246872974025
3546542,660.2387372018239
3547543,623.0545737439612
3548544,639.9996681410015
3549545,586.1828651276458
3550546,547.4227828215745
3551547,636.3811940186094
3552548,615.2705410708943
3553549,580.8708369536103
3554550,604.5368902212226
3555551,633.0284335931373
3556552,618.6139333757934
3557553,592.0057211648534
3558554,206.84921450166897
3559555,576.7009344464692
3560556,664.6558308232468
3561557,264.6802231823541
3562558,652.2574234120433
3563559,625.9329633467568
3564560,620.8706741002624
3565561,613.5002065670074
3566562,618.3964199737139
3567563,640.9665140090162
3568564,630.2632999086468
3569565,603.5301784160794
3570566,650.3298386622662
3571567,606.7332525943591
3572568,605.8820981271521
3573569,588.6603529139568
3574570,70.85738325749853
3575571,617.5998099342941
3576572,653.2935998808579
3577573,639.668504376002
3578574,631.6451833729295
3579575,616.1049912795572
3580576,612.5957182821084
3581577,628.8814510064335
3582578,595.4277562652117
3583579,370.708838363778
3584580,415.2511861818808
3585581,394.29553358430275
3586582,651.3984960108247
3587583,632.4777963214684
3588584,603.6484968202512
3589585,586.3708182795011
3590586,603.7735445813659
3591587,622.107320967405
3592588,562.5378018755347
3593589,583.5555371156147
3594590,650.1099333504407
3595591,621.311565836768
3596592,614.1190948960534
3597593,511.2069470062162
3598594,393.63617187331556
3599595,605.7884258695503
3600596,548.3479355579956
3601597,541.3360888014082
3602598,618.4425069122182
3603599,84.72992279052468
3604600,658.3565920869971
3605601,358.09357500142414
3606602,133.2893291107202
3607603,635.909279257218
3608604,610.7147008283051
3609605,564.4252384643804
3610606,556.5716288197334
3611607,638.2872572490824
3612608,582.0550399937816
3613609,618.5323870346097
3614610,557.9986606232987
3615611,580.354625812674
3616612,626.7454934090487
3617613,599.7998995566512
3618614,570.118732358577
3619615,610.475425160703
3620616,574.8887912649367
3621617,241.11074878805331
3622618,624.5507748614986
3623619,618.625881985917
3624620,658.825641756163
3625621,593.8458651906661
3626622,584.8369465963633
3627623,413.0391696217638
3628624,217.4441098900722
3629625,626.8802552226148
3630626,543.5680213275004
3631627,609.8932993366337
3632628,634.8984222639266
3633629,587.1302618178826
3634630,635.7486522554777
3635631,594.1235097690104
3636632,607.4176787896522
3637633,630.0591448040774
3638634,636.1188524558676
3639635,610.9934146984601
3640636,621.2943353254981
3641637,630.1855900267816
3642638,601.9355896048295
3643639,612.5104067483354
3644640,626.3344122947508
3645641,634.3605255159233
3646642,635.6357889933065
3647643,595.4057886720003
3648644,606.2960088486683
3649645,622.244733273887
3650646,615.1299113087326
3651647,574.8766740128664
3652648,324.0612920237694
3653649,643.1671946837873
3654650,583.7978499394352
3655651,101.19821268415191
3656652,642.038711865667
3657653,642.2182840238364
3658654,605.6369964694323
3659655,626.6825428906347
3660656,639.5860785661496
3661657,625.0357419735677
3662658,652.3613118966331
3663659,626.4091581304688
3664660,627.7240886958414
3665661,103.51974828384859
3666662,641.9435050883525
3667663,626.8905581409957
3668664,597.235960309258
3669665,621.0559938540586
3670666,185.17306173535295
3671667,626.4119878161897
3672668,633.6435936151526
3673669,600.5412343931422
3674670,642.1674214539926
3675671,574.3627300129965
3676672,626.7634647361317
3677673,620.2121976621961
3678674,614.2351688360862
3679675,603.5630330069488
3680676,635.9401545174231
3681677,623.9886907256097
3682678,635.9882955154781
3683679,72.3957172084822
3684680,616.4393515629768
3685681,528.8593650795754
3686682,604.7863925803745
3687683,568.5962829734167
3688684,611.4418088441215
3689685,613.1963005083335
3690686,584.4715758534081
3691687,656.2740580329391
3692688,519.51614780908
3693689,633.5762623963285
3694690,641.5401549276268
3695691,596.6328733473431
3696692,576.1082621939539
3697693,622.6855692062668
3698694,510.76317470428023
3699695,477.5136942544123
3700696,608.8217224521565
3701697,588.3674276197588
3702698,624.6023078770651
3703699,592.8870288508627
3704700,633.9816294983458
3705701,588.7672849809825
3706702,615.5761277273044
3707703,622.7417200110308
3708704,605.0852444323878
3709705,616.0409318993118
3710706,582.0539044368024
3711707,598.9722597981738
3712708,601.0937613426383
3713709,583.9593771114701
3714710,579.7516012187978
3715711,646.9891208046666
3716712,649.610645799785
3717713,615.6737215870169
3718714,527.4946353792907
3719715,598.6408133158
3720716,647.9434997900281
3721717,580.6988297260128
3722718,587.7206989790866
3723719,597.0618409041269
3724720,571.3409285651728
3725721,578.5386001070574
3726722,637.2689948174235
3727723,647.1310226475854
3728724,286.51164630098793
3729725,582.5153812776014
3730726,609.7072986992395
3731727,626.4599716145541
3732728,626.5786637508144
3733729,624.1410759143014
3734730,642.6329664299001
3735731,574.0640569896078
3736732,604.2178815871356
3737733,518.8392481399229
3738734,656.8502604291469
3739735,635.654868071339
3740736,641.263038391723
3741737,639.5625624416406
3742738,611.4386891593352
3743739,581.39374330331
3744740,631.3623661191614
3745741,614.7733329524496
3746742,645.9114323948377
3747743,590.3268429049971
3748744,606.6599444069936
3749745,614.376021150795
3750746,591.6734282575768
3751747,611.1725625875877
3752748,550.3769998754934
3753749,582.0976647757573
3754750,599.1919537970914
3755751,400.90439970122856
3756752,643.7714660550035
3757753,651.3344634943676
3758754,643.5844834387655
3759755,621.6308840021894
3760756,632.1512573250126
3761757,593.3934741055245
3762758,655.5364798368353
3763759,648.3604495995993
3764760,620.9045030776233
3765761,637.2541005582807
3766762,625.8401636132643
3767763,600.9364701829556
3768764,607.3367574672985
3769765,633.1013058690639
3770766,622.5217718690117
3771767,598.2725970023986
3772768,412.77619849888015
3773769,566.7786879364662
3774770,585.8107589530757
3775771,641.2345402446807
3776772,545.1382302085102
3777773,628.7838872713309
3778774,203.4684154086908
3779775,574.6214262515705
3780776,593.6171568835152
3781777,630.6530241043116
3782778,579.0939539106098
3783779,371.62088154849675
3784780,621.9970955807951
3785781,601.0505955794271
3786782,575.1513550367716
3787783,618.1953797025249
3788784,604.4740099255536
3789785,69.83279198501681
3790786,551.6556217366169
3791787,624.0111000236778
3792788,572.2925126649975
3793789,590.2595443785546
3794790,616.9490882827295
3795791,578.9597013068532
3796792,625.1844875257551
3797793,641.458870678264
3798794,631.1694399974447
3799795,611.597153133105
3800796,602.1192037100797
3801797,613.1317915253408
3802798,621.9451431176295
3803799,631.2823573290303
3804800,597.1633136677334
3805801,616.3726974163831
3806802,567.3432917805295
3807803,623.7593065034545
3808804,627.2435656162514
3809805,617.2311573515458
3810806,634.5340908939888
3811807,604.8170581343761
3812808,574.8353158748222
3813809,555.2235015956219
3814810,613.3814062282145
3815811,570.5256642596235
3816812,621.9663573896112
3817813,86.97583232176733
3818814,605.2458655038106
3819815,65.13974592058443
3820816,642.688054054276
3821817,556.7297792153024
3822818,626.0077483466381
3823819,636.1774210769191
3824820,613.2510592290866
3825821,376.837094116463
3826822,631.6576886796524
3827823,626.8065258762023
3828824,550.233173236055
3829825,79.849245196571
3830826,572.8954095338706
3831827,634.4545915259162
3832828,411.5643356193033
3833829,630.3192134942815
3834830,635.5099967407713
3835831,640.9478531642079
3836832,628.5748063367367
3837833,631.7151588498957
3838834,650.3161676621424
3839835,628.5378182500538
3840836,634.3770704890267
3841837,612.8868701314635
3842838,262.91854056699486
3843839,604.7952695603591
3844840,590.3553493653754
3845841,110.86655425143813
3846842,620.636266724988
3847843,510.09807255640317
3848844,622.1637959271587
3849845,148.29520041905892
3850846,631.0419827304589
3851847,623.6439075705938
3852848,652.8721740033229
3853849,603.7236120982864
3854850,638.3742129365448
3855851,553.1270742596788
3856852,626.8822793411553
3857853,618.8353537241413
3858854,565.0305450697978
3859855,639.4275163547256
3860856,607.9912015714146
3861857,647.4792569234249
3862858,607.789012775981
3863859,66.77412217584629
3864860,652.6707110465742
3865861,610.2342845411682
3866862,602.6454062226155
3867863,627.8448565164855
3868864,633.2543180582998
3869865,635.3457940823305
3870866,570.1993014107073
3871867,455.52636327593234
3872868,279.4897425331851
3873869,577.6854828782061
3874870,607.0518949430674
3875871,269.2733857997924
3876872,638.524495151924
3877873,630.9045550925358
3878874,602.837723839626
3879875,623.2640233999631
3880876,460.19342152382035
3881877,552.476132196192
3882878,634.841466217246
3883879,368.33379609072375
3884880,597.3688433943621
3885881,568.0704678575088
3886882,630.7592245002071
3887883,221.33779939929337
3888884,607.111057229748
3889885,638.080429901723
3890886,658.564143210975
3891887,618.2049647330308
3892888,583.9557228271734
3893889,622.8646592647494
3894890,650.1518386344826
3895891,641.586469111487
3896892,669.1614413517316
3897893,360.71656901103415
3898894,632.7091966380357
3899895,543.0742846839705
3900896,639.1347105217905
3901897,594.0245747363929
3902898,605.4939480657423
3903899,626.1034799192893
3904900,655.8272471728325
3905901,593.0097277323422
3906902,638.4064421241292
3907903,622.6852421372805
3908904,631.6462757940025
3909905,640.4240349999757
3910906,599.0725554632863
3911907,595.1924000806598
3912908,86.07127992462361
3913909,587.5048819176369
3914910,642.2532108567848
3915911,507.1990010275348
3916912,608.7650833134469
3917913,657.3901556216186
3918914,635.5140695900554
3919915,601.1446646780852
3920916,593.5250550502744
3921917,612.8068569750535
3922918,649.1679267264311
3923919,630.4458862858536
3924920,576.5836055708066
3925921,599.1294443411316
3926922,646.1122717155849
3927923,526.6879992508037
3928924,609.8205873442744
3929925,470.48600863728603
3930926,617.4749235169768
3931927,638.7788334498475
3932928,649.9036139415222
3933929,622.8968486690537
3934930,618.750519093865
3935931,603.1171438535383
3936932,588.3610670254079
3937933,577.183016436762
3938934,628.1978899212203
3939935,618.381404400146
3940936,587.7091653226606
3941937,609.144440142742
3942938,556.4435103085901
3943939,534.2262130482618
3944940,627.3584959393556
3945941,614.5140726277857
3946942,654.2990644160536
3947943,650.8019248035217
3948944,535.8147856664006
3949945,623.6611872852939
3950946,639.4108707242033
3951947,639.0097507646742
3952948,615.902843201743
3953949,493.45652966045844
3954950,646.3189557117187
3955951,660.1570430871699
3956952,630.3580280545378
3957953,539.1229328273656
3958954,646.8627956008216
3959955,639.734352721548
3960956,232.00370843139174
3961957,639.65087440084
3962958,640.6072898852433
3963959,648.3767097370597
3964960,629.65904127734
3965961,650.0916131941501
3966962,571.7959768117252
3967963,82.99167829740917
3968964,569.9691469757424
3969965,597.1444770571011
3970966,105.79711554535939
3971967,615.2775031773732
3972968,634.7772631664907
3973969,523.4819983071218
3974970,612.7801502148791
3975971,649.037136300231
3976972,632.997427605528
3977973,600.0323113869038
3978974,498.6792215725941
3979975,527.323714265366
3980976,481.2999603412678
3981977,581.8025500180615
3982978,626.2127881366739
3983979,587.3190430744133
3984980,543.6878814884285
3985981,626.5830101029202
3986982,641.0035649117152
3987983,508.760451551415
3988984,596.4605375914009
3989985,628.7223125260703
3990986,610.5685545936091
3991987,598.0483552503656
3992988,580.4628309018075
3993989,631.7288844025154
3994990,628.3659691179109
3995991,607.0637362379096
3996992,616.7254863862423
3997993,630.9759070773163
3998994,630.39682199104
3999995,628.013900906607
4000996,587.8027649289942
4001997,636.7744440026709
4002998,623.0834283357268
4003999,582.0027526835053
4005000,194.16369623117725
4006001,626.5165621971715
4007002,539.8677329129699
4008003,272.07149173685974
4009004,599.3363481647662
4010005,611.5037044172009
4011006,648.323488757529
4012007,613.3918416410021
4013008,637.2184753729749
4014009,595.7818615165397
4015010,626.0402963472528
4016011,413.7463587426812
4017012,632.6577072829309
4018013,612.1355387066143
4019014,628.208200454175
4020015,582.2146573743889
4021016,625.8724232331765
4022017,550.6738683953814
4023018,646.8341789003906
4024019,639.5088399366578
4025020,620.566050520613
4026021,635.2629142639624
4027022,634.329987510698
4028023,574.3977088018162
4029024,646.6932492743871
4030025,648.2256520446665
4031026,250.97036242223075
4032027,363.865623548138
4033028,637.9814966167248
4034029,638.6488863185858
4035030,602.2392018316804
4036031,647.5488939258169
4037032,600.23514271116
4038033,541.3545589922162
4039034,623.9233875141668
4040035,641.0887032054683
4041036,614.8717815898733
4042037,612.3426670628235
4043038,594.1340294659929
4044039,630.6939655994233
4045040,647.6835332706623
4046041,604.4526612607053
4047042,624.0782546766111
4048043,631.4655908704644
4049044,657.457784412641
4050045,586.5317223115344
4051046,628.1749930701878
4052047,573.3580740026035
4053048,630.9038293094009
4054049,177.87986509713238
4055050,625.6505533510701
4056051,443.0980376589228
4057052,627.1040438267698
4058053,582.9196742841755
4059054,17.856506981222072
4060055,608.8138892425983
4061056,599.0723573855005
4062057,594.5891259864479
4063058,624.9897134077297
4064059,636.382622625445
4065060,212.1473598597658
4066061,256.06213082712003
4067062,618.6570597301508
4068063,607.413658700318
4069064,621.0997908884159
4070065,605.4731415614181
4071066,590.536590674163
4072067,658.9588629594796
4073068,635.4741084009079
4074069,607.2103400550753
4075070,636.4423386666642
4076071,631.8919981638697
4077072,528.9469419634997
4078073,579.7387475259193
4079074,573.5022010381604
4080075,619.799527617577
4081076,585.2505097543313
4082077,626.6315749914797
4083078,604.7644244849615
4084079,646.5864008310414
4085080,627.3121603367322
4086081,584.4234209279426
4087082,389.7901252272414
4088083,641.1638074743217
4089084,630.3481825620455
4090085,603.1764565591524
4091086,591.678018445638
4092087,616.6718283532007
4093088,630.5290546671321
4094089,659.0166681290837
4095090,621.9635699325595
4096091,646.5959952456348
4097092,645.782760094351
4098093,627.3544142875666
4099094,645.4400766380278
4100095,641.0623802269915
4101096,616.932487015086
4102097,642.4698223131925
4103098,594.9136429934541
4104099,623.4967488356976
4105100,610.2619154626624
4106101,624.5437227598579
4107102,636.6415655053746
4108103,640.12064785194
4109104,639.4815641587084
4110105,604.3100573108541
4111106,477.5243048921993
4112107,641.4674317769793
4113108,652.1934335903331
4114109,647.5540744834584
4115110,649.2730551481937
4116111,50.362852643740474
4117112,627.0989613715528
4118113,630.5139777301436
4119114,655.8369665221031
4120115,635.0841167963786
4121116,573.4084900186336
4122117,558.3972495960523
4123118,632.2954855056448
4124119,645.9596166983576
4125120,603.1207944459239
4126121,625.8204768572471
4127122,657.0943678827263
4128123,576.3254707030045
4129124,644.8980478615817
4130125,535.1953869933657
4131126,616.7806919486231
4132127,192.00181016424867
4133128,622.0587502846154
4134129,641.9821291186176
4135130,632.5733942310609
4136131,628.155298617902
4137132,569.3520572215433
4138133,599.572518184439
4139134,588.5206773540108
4140135,215.45041576896713
4141136,564.3790415848695
4142137,622.6341897347271
4143138,301.632991105544
4144139,590.2789849558505
4145140,646.0387415978157
4146141,656.6710789328483
4147142,590.1736985712927
4148143,633.8616888049949
4149144,649.372519418752
4150145,133.0734847369832
4151146,639.0781510588084
4152147,642.0347834068601
4153148,590.2815661235884
4154149,609.9726600646657
4155150,620.5770335567714
4156151,643.7633261444637
4157152,622.7043472467171
4158153,626.1131474245466
4159154,148.455070871734
4160155,644.4267488249141
4161156,619.215571216639
4162157,640.947748863499
4163158,627.1696944060525
4164159,644.1233092487257
4165160,644.8286010346934
4166161,618.315795487685
4167162,627.8116949276199
4168163,317.9351194061292
4169164,656.8509267025405
4170165,616.5381348335352
4171166,636.1485647613996
4172167,623.8132892338285
4173168,632.8865670360524
4174169,639.0505422450661
4175170,642.4221497377904
4176171,609.2416409855384
4177172,647.7937778569412
4178173,628.2316346155274
4179174,642.3710699650459
4180175,612.4007449769305
4181176,631.575206602876
4182177,648.870602124453
4183178,610.1224238624395
4184179,637.183827758143
4185180,639.7045653330288
4186181,613.31842775877
4187182,649.3090502954749
4188183,563.1851517625357
4189184,631.7058041952029
4190185,624.3601826179801
4191186,614.3523629226264
4192187,564.6008698534104
4193188,625.1266465934324
4194189,382.7290386124551
4195190,642.7305264582037
4196191,551.6558828014854
4197192,630.7971521219456
4198193,623.4398023319956
4199194,498.50222115339113
4200195,634.1351186414702
4201196,622.301661444042
4202197,635.5666356106918
4203198,655.4917788206354
4204199,640.3441704102001
4205200,592.4886607579837
4206201,650.4810098533147
4207202,621.2152992252677
4208203,483.0986811746251
4209204,631.8418342747387
4210205,19.703329809067174
4211206,641.114373485348
4212207,528.0389126069887
4213208,613.2916959744226
4214209,649.4392831118015
4215210,616.6862993747429
4216211,628.7212208233784
4217212,648.8268692300837
4218213,593.8614628632633
4219214,637.8184512013279
4220215,639.7342250160631
4221216,586.7565658870045
4222217,654.9379761026003
4223218,541.2567693968438
4224219,599.7015259838633
4225220,646.6322383769259
4226221,660.6802102545689
4227222,632.0474038537695
4228223,647.7049807668456
4229224,617.610832645276
4230225,656.3620937538942
4231226,642.0538354210762
4232227,380.2663545253379
4233228,647.7119203954869
4234229,625.2421601453749
4235230,631.6041328011227
4236231,590.5975433971176
4237232,641.3865332565332
4238233,663.5173014552806
4239234,651.2966652929982
4240235,643.9014682757831
4241236,630.8824757542587
4242237,661.224262945157
4243238,605.8804108607856
4244239,645.1863515867674
4245240,627.5500453506056
4246241,612.9040963370265
4247242,525.8971020500617
4248243,642.6166657014077
4249244,669.6034080454469
4250245,653.5232528572512
4251246,623.5650239459337
4252247,631.8752755102827
4253248,638.9793934928201
4254249,644.1702043060852
4255250,530.1153883864677
4256251,623.9420472239029
4257252,573.9354305783976
4258253,649.0804776922985
4259254,622.0801009886667
4260255,630.0044607953499
4261256,637.6595647132889
4262257,628.2869975691239
4263258,625.6875915214539
4264259,574.974457630226
4265260,601.9691012003109
4266261,639.9794251214288
4267262,638.5849615618072
4268263,626.8815262291275
4269264,614.1550832356277
4270265,23.160832513205225
4271266,659.9295403016162
4272267,643.2569944209719
4273268,648.6023368210457
4274269,645.1059567003149
4275270,644.355607018846
4276271,628.3277468259705
4277272,640.201268083607
4278273,620.9868388088521
4279274,632.1283614834869
4280275,250.12154705071234
4281276,653.2705819118698
4282277,632.9919204341802
4283278,651.0321133618176
4284279,631.3997570037527
4285280,631.9536712748329
4286281,639.0001032821714
4287282,634.006651638751
4288283,635.2210714881971
4289284,29.2882332351706
4290285,647.6813359704703
4291286,661.8747001564872
4292287,647.4254692860993
4293288,540.8077184984611
4294289,626.976892687169
4295290,637.6060845080101
4296291,660.2620356570362
4297292,639.3814897282757
4298293,641.1952419273995
4299294,637.3737994053828
4300295,616.2910334201131
4301296,559.0014436618465
4302297,638.2537975266922
4303298,186.9813230061321
4304299,653.6095710194007
4305300,649.9213686143279
4306301,636.0635565443797
4307302,619.1840955199477
4308303,33.36567258030004
4309304,563.4489937542919
4310305,63.179714972188926
4311306,636.2914029623258
4312307,653.2369084054739
4313308,640.0167087766874
4314309,607.4925695820781
4315310,529.6864132685927
4316311,562.9626045724248
4317312,563.4505638266229
4318313,596.4423371899351
4319314,652.1652698634299
4320315,640.731742951069
4321316,635.9980424849724
4322317,397.3346995605215
4323318,602.0955043496849
4324319,406.6136852814607
4325320,654.6297445753612
4326321,632.0934961521051
4327322,539.9502962265425
4328323,638.9244952775065
4329324,646.3393421408164
4330325,608.6506022210451
4331326,542.5025862530908
4332327,39.26416422020843
4333328,626.9205256237293
4334329,651.5718187660364
4335330,643.3892627977621
4336331,620.1904316630802
4337332,651.1118431439951
4338333,516.523947737177
4339334,643.2827243849191
4340335,618.7927300059856
4341336,553.4435628285256
4342337,658.0436485329086
4343338,658.2666443918363
4344339,642.7748387410323
4345340,326.0747468893249
4346341,405.6819934289515
4347342,646.2998051099308
4348343,642.0838482884933
4349344,645.7335988220462
4350345,642.5361194182861
4351346,653.2588419656265
4352347,633.7590526714583
4353348,640.186754699934
4354349,651.282040869962
4355350,626.0496268542237
4356351,638.3762914042388
4357352,658.0915369349573
4358353,623.6939334689434
4359354,638.7663870455323
4360355,423.0533977456199
4361356,366.64018280401217
4362357,653.066200026091
4363358,657.4517650565544
4364359,670.6215895149235
4365360,656.9914179498201
4366361,122.58661432107756
4367362,649.9081841693862
4368363,651.1249652118184
4369364,619.0022907485132
4370365,640.9040726910657
4371366,27.022876216780247
4372367,485.4257594347825
4373368,633.1491323451689
4374369,655.0325654349671
4375370,625.8879025332432
4376371,578.4307083836044
4377372,650.8062208649039
4378373,651.8118542019216
4379374,648.9775359764692
4380375,631.9739109703085
4381376,564.6734961070972
4382377,632.2667129138107
4383378,668.4516182856348
4384379,556.1864162738508
4385380,669.9479466947411
4386381,657.2869617034729
4387382,640.2458380193684
4388383,656.2546359319956
4389384,623.2248885943382
4390385,505.0317922241873
4391386,607.7466118715631
4392387,644.0179531331951
4393388,663.1748991890483
4394389,520.7062852984703
4395390,468.20905816629
4396391,652.6700751416004
4397392,645.4028604904522
4398393,640.218607559642
4399394,579.7325543823189
4400395,637.4745896888388
4401396,645.0104266671996
4402397,631.4633969916412
4403398,623.4742632694256
4404399,648.768109411819
4405400,633.4500949569449
4406401,630.8559124010766
4407402,636.6766469174919
4408403,590.1272321702068
4409404,664.9830735557824
4410405,661.0682986695097
4411406,666.4832000236144
4412407,640.0869510821284
4413408,637.6152515303517
4414409,654.4030339007463
4415410,618.8126103873929
4416411,651.2946923229015
4417412,599.5848832125479
4418413,603.268224637338
4419414,658.3504905047453
4420415,626.129174210052
4421416,638.4220122573505
4422417,561.3580303679724
4423418,674.459390049558
4424419,594.8434298077636
4425420,617.3907105169229
4426421,647.4754937400116
4427422,579.4020029306872
4428423,378.6113085796205
4429424,630.21714995625
4430425,572.417491624224
4431426,651.1045900830715
4432427,650.2735656869844
4433428,563.2123128395638
4434429,657.5331198522139
4435430,677.0495446603968
4436431,577.8014527696756
4437432,653.5214693676451
4438433,646.9911075442749
4439434,669.8553801105667
4440435,152.48461851496452
4441436,368.9499849450792
4442437,642.6787417423603
4443438,665.6919448283769
4444439,621.0726197805956
4445440,646.6694435257214
4446441,384.36893511648964
4447442,82.14586719879031
4448443,664.5222849412326
4449444,290.1799721993363
4450445,675.1502684921365
4451446,638.8004774480312
4452447,290.61410720693283
4453448,459.1509984779801
4454449,380.06027169036923
4455450,614.6478074614848
4456451,649.6079219518633
4457452,603.2949867127636
4458453,642.7045478060205
4459454,587.3303913061104
4460455,585.933390503557
4461456,664.2322439357624
4462457,535.9722863068988
4463458,649.0991973077687
4464459,506.56471908939403
4465460,608.2956725990175
4466461,18.934413222998884
4467462,636.4223435737133
4468463,644.5018480918757
4469464,251.63296841049592
4470465,376.21361017246727
4471466,608.9245500607793
4472467,605.3830304453213
4473468,617.7621259942553
4474469,668.6468980901016
4475470,607.7389911341584
4476471,568.4930250252647
4477472,651.8885318951964
4478473,639.7144764130559
4479474,613.2609665485238
4480475,645.8242892969497
4481476,317.598342487603
4482477,631.1997178786529
4483478,648.2774954729302
4484479,641.1611052859877
4485480,506.912165344546
4486481,601.8920921954334
4487482,580.713264254815
4488483,427.3914662441425
4489484,662.3248949911003
4490485,632.9868653244083
4491486,596.4963037186678
4492487,640.927126065081
4493488,583.4404354015088
4494489,644.4517261959498
4495490,555.0500582027502
4496491,571.436459571502
4497492,651.6161471759816
4498493,422.1990104508491
4499494,666.1545508683478
4500495,657.1390930552021
4501496,622.5171680491616
4502497,288.31143766589287
4503498,655.4416681909872
4504499,638.2724811761514
4505500,668.5106633350258
4506501,276.1051515534701
4507502,517.3985278043182
4508503,609.4208470507417
4509504,647.7897963658036
4510505,633.630171290709
4511506,650.5981538128437
4512507,616.9559732938394
4513508,637.0523702953351
4514509,630.8084680756831
4515510,598.7746405262848
4516511,178.66134924731634
4517512,637.2555352730832
4518513,600.3249105801133
4519514,170.53234818286958
4520515,651.7076213041178
4521516,292.3430836414403
4522517,640.5247387693157
4523518,660.6878295372769
4524519,183.965038017726
4525520,609.8337626986159
4526521,194.5915166534051
4527522,657.5213126697481
4528523,617.2270572704341
4529524,641.2004367469616
4530525,198.33354822251493
4531526,593.4800376298051
4532527,651.0970880562846
4533528,407.3468064903951
4534529,529.065128498541
4535530,162.67676727935392
4536531,642.5823641291447
4537532,465.1684854768489
4538533,259.5328824406252
4539534,655.4600713627615
4540535,304.2019874227581
4541536,632.1653904827149
4542537,515.4634268024165
4543538,582.565203090219
4544539,592.4287844897921
4545540,194.6028250760198
4546541,648.4537398847935
4547542,553.2031947413242
4548543,118.41531175594069
4549544,607.7117131187816
4550545,639.534571867912
4551546,358.50129828397075
4552547,639.6596401921789
4553548,645.5186015302887
4554549,398.8934947165664
4555550,609.0953304894587
4556551,659.894248574035
4557552,617.9641243665436
4558553,636.4500185774607
4559554,599.3782686286527
4560555,598.8835582167726
4561556,622.7894061610988
4562557,629.3710553676557
4563558,364.5248407357114
4564559,642.3103248259715
4565560,562.4872118770851
4566561,307.40930350403397
4567562,651.6420140455675
4568563,464.7439595855052
4569564,625.0585486237137
4570565,661.5341407972626
4571566,620.2395105638276
4572567,164.6353104581222
4573568,641.4095300176166
4574569,469.1580821390886
4575570,214.5681215667104
4576571,604.06141632267
4577572,646.3081628310077
4578573,595.2306197902504
4579574,635.8991743161839
4580575,315.274632047618
4581576,636.9485019871743
4582577,606.2907014610525
4583578,257.8100459797322
4584579,645.3117274430417
4585580,665.6053542958131
4586581,596.3513965448067
4587582,576.8550583813297
4588583,125.64170120267757
4589584,570.2866656587056
4590585,234.0947865433074
4591586,607.1730924641005
4592587,253.3348330662708
4593588,641.2566301078039
4594589,667.2946874964198
4595590,614.2230417658855
4596591,546.4423256147277
4597592,632.4004974748941
4598593,660.1198273757266
4599594,577.4830401851534
4600595,296.1008071873643
4601596,648.9904309518149
4602597,638.988408090701
4603598,668.8265026034502
4604599,648.8963317637617
4605600,169.7651513289902
4606601,619.5598869920523
4607602,56.81539314336236
4608603,315.7583057861387
4609604,648.4489958303378
4610605,629.2649386872118
4611606,665.4290043587961
4612607,584.7839279274256
4613608,220.6608611712672
4614609,300.3071771772911
4615610,449.92590780899303
4616611,655.8014372797435
4617612,553.7010268636519
4618613,631.6759482368755
4619614,172.19287787010106
4620615,581.7379420020188
4621616,638.8281739198502
4622617,646.9786968351564
4623618,642.2133830720894
4624619,409.19571490328343
4625620,659.1271422375581
4626621,660.9977902952039
4627622,617.783980066121
4628623,612.6642352673866
4629624,680.4132324688392
4630625,674.8706448808034
4631626,339.88378011073695
4632627,613.8580880390399
4633628,584.4761436220392
4634629,618.0124695251084
4635630,286.9458466326757
4636631,650.0671291328312
4637632,615.7432394528826
4638633,642.385384589386
4639634,664.4158002379124
4640635,348.7004973964612
4641636,633.4390108997518
4642637,606.8279295868966
4643638,675.5696385289576
4644639,659.3089389618872
4645640,283.1219567579061
4646641,618.0513521744642
4647642,564.8318724817483
4648643,637.0058244242559
4649644,543.0478934372883
4650645,597.3986579612431
4651646,630.9831229482102
4652647,200.83193532500692
4653648,281.7827040523865
4654649,276.87195019730893
4655650,649.6003978075354
4656651,596.9910338951798
4657652,151.3209920420846
4658653,651.0637217241945
4659654,630.5641803126949
4660655,605.9397670080792
4661656,655.7236846233903
4662657,657.7039587121025
4663658,656.8064434750048
4664659,608.2533423640658
4665660,613.9076068595792
4666661,686.0962456431561
4667662,627.0715774799716
4668663,558.8402512192098
4669664,495.89568058953955
4670665,645.269022406594
4671666,648.2231933906883
4672667,641.418278868323
4673668,645.5193550846042
4674669,610.9507054691371
4675670,697.463510453812
4676671,606.6671377206281
4677672,685.5747599589627
4678673,285.469584325981
4679674,411.51307950175067
4680675,444.9025207059652
4681676,664.68256119574
4682677,421.5411022059818
4683678,669.7649153605149
4684679,634.8544225617097
4685680,652.1932681102038
4686681,634.5793019829529
4687682,596.5640249297821
4688683,388.51026333589
4689684,647.0097956283528
4690685,692.4866595962396
4691686,616.4445115602008
4692687,637.6175775465497
4693688,433.51396230818807
4694689,250.797852944655
4695690,650.5418930956265
4696691,667.8126127017871
4697692,465.76330076405486
4698693,649.8549799327081
4699694,450.39798971821403
4700695,678.0103156000888
4701696,466.7074450598427
4702697,201.05557052623942
4703698,574.1828180915916
4704699,628.6937047228145
4705700,664.3855023850523
4706701,219.66546604212886
4707702,618.9959768219566
4708703,341.20168255673354
4709704,663.0644489152916
4710705,444.82600040900394
4711706,616.1371420701938
4712707,623.5539608197832
4713708,423.3777421905699
4714709,628.7926029194789
4715710,628.655795514623
4716711,628.2320671059933
4717712,653.942921916501
4718713,639.713542449035
4719714,671.9015478985043
4720715,608.9614198696513
4721716,615.9639258297456
4722717,651.2334973888594
4723718,375.6717391059493
4724719,668.7822350464924
4725720,630.054867437162
4726721,654.0745780527311
4727722,683.7418096209018
4728723,170.03477832167016
4729724,677.0916513310492
4730725,669.5328859311328
4731726,257.43705737068115
4732727,641.6543450449723
4733728,311.5839700076702
4734729,383.7482249576081
4735730,666.915235144599
4736731,636.2068248095252
4737732,683.678611914085
4738733,674.9836220189861
4739734,518.5267453109823
4740735,670.5552910966416
4741736,652.2270997308963
4742737,644.3709776814973
4743738,190.2738523927759
4744739,659.8911684616971
4745740,571.8069792146291
4746741,579.0287705006782
4747742,599.9905750358574
4748743,625.3677403425854
4749744,651.8281973858127
4750745,674.5070886251112
4751746,649.7095406778129
4752747,304.02252873155396
4753748,618.5380509706974
4754749,633.4432759279782
4755750,666.5347905572656
4756751,623.5089445619194
4757752,370.2318415962135
4758753,663.8709387239734
4759754,660.309214152672
4760755,663.6377588650773
4761756,627.1204847199161
4762757,454.07118738102815
4763758,662.7412248838322
4764759,633.1313122620691
4765760,612.0816629057509
4766761,92.51353417541796
4767762,415.9727281459825
4768763,496.36076260088834
4769764,680.7473457566063
4770765,650.0925803964026
4771766,660.9745979348305
4772767,599.9317002094245
4773768,618.2183615955627
4774769,596.539034688391
4775770,672.7837497496481
4776771,318.6360074887806
4777772,368.9687811097859
4778773,388.68772745897587
4779774,423.7511261146166
4780775,667.8543033672461
4781776,666.9069672856887
4782777,607.8484991377427
4783778,367.8658606596016
4784779,645.4517353930524
4785780,633.2869232076943
4786781,689.6197423482599
4787782,668.3546574254032
4788783,653.3893334748041
4789784,242.40674068355648
4790785,642.1223156039025
4791786,637.3571069830512
4792787,633.1012033996486
4793788,668.1828494652541
4794789,588.7135444763745
4795790,687.1866501154301
4796791,706.5462062775566
4797792,581.1138445809448
4798793,629.3732480878069
4799794,639.8974399863426
4800795,674.4609356355561
4801796,662.6097386908278
4802797,662.9678644979795
4803798,288.3824693148968
4804799,664.1695947115741
4805800,505.04753183623717
4806801,585.8297621703366
4807802,543.5674070473918
4808803,660.5231347002696
4809804,696.0271735059121
4810805,583.2778373399459
4811806,588.6960292770067
4812807,661.5496402591817
4813808,269.83182354930807
4814809,602.7270807857924
4815810,501.0289115211065
4816811,641.931327604776
4817812,648.671052331361
4818813,601.9069637071213
4819814,597.883022855626
4820815,616.8151116782335
4821816,658.3044047188666
4822817,264.0632891069498
4823818,704.8803989763121
4824819,522.7673534945109
4825820,664.5399079852548
4826821,655.7592657602361
4827822,601.363810973966
4828823,670.0316346639498
4829824,645.2746205555242
4830825,305.37642653780256
4831826,651.1331029611551
4832827,682.0206954998188
4833828,683.1013327783143
4834829,572.1741761456653
4835830,658.2978554078804
4836831,55.92554548544132
4837832,673.297624269005
4838833,468.0801038122313
4839834,612.3930422842175
4840835,337.17122496414083
4841836,312.3089101745175
4842837,536.8375351088589
4843838,601.6218495820232
4844839,371.94504358650164
4845840,648.2108452588328
4846841,640.0386216226601
4847842,659.5114068708978
4848843,678.6592222554088
4849844,552.3113611201668
4850845,574.7414457453954
4851846,591.5440933187998
4852847,664.2399554362748
4853848,525.7325473641233
4854849,605.0048390137306
4855850,655.9546343345067
4856851,625.8461769671998
4857852,541.0028017395405
4858853,672.0755454953086
4859854,662.3802469918874
4860855,676.4722375354913
4861856,643.4527395174194
4862857,143.3857659391749
4863858,578.1961813582735
4864859,681.6622405434867
4865860,683.4040726224887
4866861,448.11916286628576
4867862,651.6664710453338
4868863,331.3963081794196
4869864,672.3363787540579
4870865,695.8907313714329
4871866,684.8564001178911
4872867,603.5083413578747
4873868,369.53684698044685
4874869,686.1324616450685
4875870,149.95535301867085
4876871,664.6666952774124
4877872,640.9960538379702
4878873,681.2135840845717
4879874,671.7870480447008
4880875,672.8533118455156
4881876,627.2942677066457
4882877,652.4280227184238
4883878,652.2010668452664
4884879,301.97588485634856
4885880,608.1389444006626
4886881,330.3038103635486
4887882,629.3072402321126
4888883,632.200652258088
4889884,656.2790183017131
4890885,641.7980815868351
4891886,674.7840958674635
4892887,642.0368245673094
4893888,664.9261991077667
4894889,648.4636980794052
4895890,655.8841646077486
4896891,615.1772061929496
4897892,632.8931099113233
4898893,670.6488828684786
4899894,664.7612653306253
4900895,681.5260347938545
4901896,647.559011790663
4902897,632.9705508075729
4903898,643.1144734775397
4904899,640.3678764720945
4905900,605.0188404256007
4906901,669.8493011325377
4907902,685.0088488098706
4908903,656.2734013901412
4909904,613.2950795158948
4910905,355.1095373751344
4911906,668.7920172809859
4912907,680.7679233649843
4913908,653.3925021798677
4914909,640.9916659111352
4915910,671.4083518810044
4916911,606.7393602515136
4917912,609.5694907515259
4918913,655.6060658203328
4919914,354.13429424177093
4920915,587.5215665720939
4921916,671.7695240245338
4922917,687.6447165249765
4923918,699.6012194121619
4924919,665.7370030172367
4925920,655.3903836982257
4926921,682.1571467710613
4927922,572.2673813791791
4928923,696.6006711388823
4929924,669.869870517339
4930925,56.23919687263686
4931926,326.40494308264937
4932927,534.4902170793523
4933928,686.4571766940974
4934929,645.3025802971357
4935930,688.5413423531959
4936931,453.6944708816901
4937932,691.1011580663937
4938933,687.208726768832
4939934,623.1184240667643
4940935,691.9555191795823
4941936,394.764711455905
4942937,649.2052683016412
4943938,605.5769116881969
4944939,611.2091030700054
4945940,379.5759331282668
4946941,669.3768281064321
4947942,626.4812434809726
4948943,344.0027490948153
4949944,636.9996095347777
4950945,657.1550287265584
4951946,358.90048126783927
4952947,638.9822211579584
4953948,591.1123124572871
4954949,470.21806231663265
4955950,669.901671639715
4956951,642.8896189491463
4957952,645.8398335128509
4958953,688.2282974949796
4959954,702.4441517401864
4960955,529.2992584011372
4961956,690.6923294927302
4962957,641.8897997030302
4963958,663.7107452725588
4964959,486.34413484723416
4965960,421.0736481790454
4966961,638.4532469189614
4967962,392.39093765631003
4968963,19.422655467186175
4969964,609.4016554611683
4970965,644.7412859322295
4971966,631.7917646639636
4972967,598.9865299084223
4973968,68.07558439639514
4974969,185.0366883841956
4975970,604.7590303617122
4976971,492.290842312692
4977972,643.0248446024497
4978973,478.55704949928037
4979974,607.5216016314092
4980975,632.6409845331223
4981976,635.4878349723073
4982977,697.0835014829925
4983978,653.8937384540759
4984979,670.3955518811032
4985980,677.3782093158924
4986981,602.5051708972874
4987982,565.5421721765827
4988983,481.27068816440413
4989984,278.7709893608561
4990985,688.4889322161405
4991986,639.8012223800853
4992987,694.2724000602561
4993988,590.3685972743403
4994989,697.0176707858025
4995990,263.38115316965707
4996991,467.95453446532986
4997992,665.5278965358759
4998993,607.4696106936395
4999994,635.7683535999481
5000995,642.3766659867027
5001996,248.91938828325226
5002997,599.3072265107542
5003998,676.1589810778429
5004999,663.0403630382617
5006000,686.2903563697255
5007001,717.0103316913529
5008002,696.3520328874974
5009003,298.3473600169129
5010004,672.304726005463
5011005,644.0055508394461
5012006,248.23953716938723
5013007,655.1023742019404
5014008,426.5197705843656
5015009,463.4163764346405
5016010,434.1145648662052
5017011,666.0437589348165
5018012,689.7705569665658
5019013,707.6162460922393
5020014,440.4122628863187
5021015,673.8745976160445
5022016,342.730751041781
5023017,673.5730385003988
5024018,599.4194889204584
5025019,360.24065737431124
5026020,696.3457834818039
5027021,522.3298404203481
5028022,527.5809403094651
5029023,650.6196575054647
5030024,663.3455395460933
5031025,39.66467831462519
5032026,314.3764233907379
5033027,304.4782982226867
5034028,660.685885131273
5035029,635.3306315828013
5036030,347.0456426666266
5037031,621.4749846038236
5038032,60.82912720001506
5039033,692.641343856255
5040034,681.0210880489836
5041035,502.97825046391785
5042036,209.96145317233263
5043037,28.81751301389504
5044038,680.820166448082
5045039,219.6900926454419
5046040,470.0777955954895
5047041,391.057686780572
5048042,46.60196987935056
5049043,603.789697851104
5050044,695.1615754728635
5051045,582.7688894713248
5052046,193.2312062192398
5053047,689.7164296335577
5054048,254.4033144720309
5055049,645.6228126249908
5056050,630.9667840983916
5057051,527.5765058619859
5058052,631.426089449464
5059053,421.5606101396039
5060054,468.837923417365
5061055,622.3518230702166
5062056,467.0598271414451
5063057,274.12568957353085
5064058,648.9315931524883
5065059,683.0794091696348
5066060,364.5066259343129
5067061,648.1559951565739
5068062,592.1677459158988
5069063,634.8534211960551
5070064,410.41119485016435
5071065,697.9462298868964
5072066,680.1015059839251
5073067,618.4867596370893
5074068,686.7638084038996
5075069,634.5734639617319
5076070,457.6100606641579
5077071,661.7179298759784
5078072,509.311357301932
5079073,321.69630936365843
5080074,674.1987263233415
5081075,483.3651169953321
5082076,636.9752694657108
5083077,678.3135411100943
5084078,614.7068540112739
5085079,682.3699490302653
5086080,673.6598496211992
5087081,644.3642948398607
5088082,428.26591531434514
5089083,412.1572296491874
5090084,673.1305566311746
5091085,456.7943522868
5092086,639.6172904026138
5093087,95.60636987039469
5094088,652.9092018431423
5095089,613.1685952613917
5096090,679.4441009062373
5097091,573.7171413956306
5098092,226.64680597382997
5099093,203.32598366699744
5100094,666.2930070325637
5101095,644.2932086310196
5102096,672.5310841937512
5103097,441.777759287213
5104098,243.462113892012
5105099,686.495502802689
5106100,653.5301430171306
5107101,58.19458751105906
5108102,719.9376088631233
5109103,297.31068993726126
5110104,395.06703816695926
5111105,690.7365959373042
5112106,278.23641180410334
5113107,690.1230523859904
5114108,679.2681288914692
5115109,713.3200895649641
5116110,663.64334326683
5117111,189.6574005192274
5118112,484.98853603585206
5119113,630.2288166840868
5120114,295.95263442921083
5121115,641.9577368235458
5122116,487.4191973211715
5123117,448.050117072699
5124118,668.9880447125948
5125119,368.2191998978425
5126120,668.9780480702299
5127121,675.5776069966344
5128122,341.88438952862174
5129123,624.247428209548
5130124,361.78623642210135
5131125,630.5709128623125
5132126,393.2581216829628
5133127,650.5483049727482
5134128,559.7576047633969
5135129,684.257598918835
5136130,648.7087725089834
5137131,701.2737554272774
5138132,664.6814427252034
5139133,684.8941123444835
5140134,673.4813286557669
5141135,645.6616408353663
5142136,538.0448365519982
5143137,692.526636500413
5144138,656.862612196874
5145139,702.3190560772573
5146140,586.6341159801464
5147141,455.9279750094305
5148142,692.3007323971625
5149143,639.5052043997579
5150144,549.857179058786
5151145,630.7284095945838
5152146,585.3604858487352
5153147,267.8787255336989
5154148,247.079871204163
5155149,603.1260937399016
5156150,690.8616863977192
5157151,230.0200609542579
5158152,686.048462652422
5159153,650.8541746109404
5160154,654.1974860176236
5161155,667.9477790355145
5162156,653.3583007360452
5163157,671.2286108530551
5164158,683.0044943415794
5165159,361.4470388128482
5166160,679.5846735162374
5167161,616.2113616161663
5168162,633.653241046742
5169163,691.0923425402175
5170164,657.1142225674835
5171165,665.7398710497307
5172166,454.61604839866686
5173167,694.8779557002931
5174168,67.5330591668898
5175169,631.7065394066557
5176170,688.7459509527114
5177171,274.82195769436544
5178172,633.6760133533586
5179173,301.93290988984194
5180174,668.6090288726936
5181175,691.8300423621884
5182176,339.0187018407568
5183177,677.405446135733
5184178,354.6450034307631
5185179,675.5677230857415
5186180,674.0921206631882
5187181,681.9789393577207
5188182,358.4214093474229
5189183,309.4836466024918
5190184,644.8363061822165
5191185,638.3967584526256
5192186,639.7089172077231
5193187,668.7286555823292
5194188,634.2971062711648
5195189,704.0329727129721
5196190,662.5084589180674
5197191,656.7750621812851
5198192,658.4234381009561
5199193,682.0528439173793
5200194,566.4461269921698
5201195,688.0833553469787
5202196,667.8220653692327
5203197,605.7557722589456
5204198,671.1683991851826
5205199,656.8694714971284
5206200,696.2335445051572
5207201,643.0045605637259
5208202,312.00091863249287
5209203,552.1119909644572
5210204,686.8378937920163
5211205,707.6354767061646
5212206,702.8957984803366
5213207,654.660377840359
5214208,430.1761422712235
5215209,321.5796082344865
5216210,651.1823385639238
5217211,668.3508086134053
5218212,653.5805735174599
5219213,715.7098718190247
5220214,663.7482758774267
5221215,558.3325711600511
5222216,557.2878891741801
5223217,707.7644050338351
5224218,328.4176096215173
5225219,652.2945446367903
5226220,628.2320414454227
5227221,502.20891138409934
5228222,535.7753972627811
5229223,673.4673957459418
5230224,625.5869077660383
5231225,672.591659518379
5232226,677.6249986730312
5233227,675.8742135104062
5234228,657.0768391657115
5235229,613.6775985829843
5236230,525.7471714620978
5237231,644.5147402406049
5238232,630.6684375900916
5239233,681.1025015408505
5240234,576.8425972765307
5241235,618.8498379295542
5242236,671.2820006368896
5243237,672.6167901290461
5244238,603.5919178669992
5245239,515.7016837332436
5246240,683.5417332977219
5247241,692.420186027128
5248242,685.9091307186753
5249243,667.399059720985
5250244,685.2351284425388
5251245,613.8083499345846
5252246,628.1558568669319
5253247,683.2865458498626
5254248,631.1338947254274
5255249,689.377991730439
5256250,653.5081177557518
5257251,663.3595092043188
5258252,273.4105687205386
5259253,639.5949673689244
5260254,690.137760937626
5261255,673.4816994716896
5262256,668.3667300063445
5263257,666.3999946534607
5264258,654.4286639582242
5265259,661.3560169265937
5266260,341.4248680107673
5267261,701.3511753763736
5268262,543.312878436601
5269263,505.1102655788324
5270264,685.3626316655991
5271265,702.9855616869995
5272266,514.3318978037782
5273267,642.3606515188602
5274268,698.4988501531583
5275269,661.6924507224192
5276270,681.6621710734547
5277271,683.4272266075948
5278272,666.609336433509
5279273,352.11407379923224
5280274,663.6652287820947
5281275,679.0541284631422
5282276,665.0274866178307
5283277,693.7609803852902
5284278,589.467389688249
5285279,658.9761657123023
5286280,643.2771709260684
5287281,657.6968512624782
5288282,653.2448837577917
5289283,212.85863427403564
5290284,680.3179650362473
5291285,674.5627373240877
5292286,672.0586924557222
5293287,669.923236079553
5294288,633.9494577668477
5295289,492.7027254239479
5296290,628.4439901521034
5297291,676.6039753219162
5298292,268.86842020405373
5299293,661.7337142740237
5300294,651.2468899924311
5301295,669.3174010002106
5302296,529.6548123500195
5303297,689.7638367805632
5304298,676.0719011470978
5305299,696.2270833000287
5306300,688.4018591150851
5307301,618.3105868756699
5308302,74.16449513148014
5309303,682.2966585640543
5310304,713.5806337936141
5311305,652.8925086755468
5312306,677.0428111419601
5313307,614.6014116918122
5314308,312.68653128274195
5315309,671.3219339302544
5316310,630.0484940294118
5317311,517.2527315875582
5318312,476.61020094906115
5319313,688.3436004101202
5320314,633.0587012843847
5321315,654.0450509083166
5322316,663.9684289508514
5323317,648.0559183387277
5324318,625.5398767309277
5325319,661.0205194525485
5326320,678.9563338148188
5327321,688.556349601975
5328322,577.2991996505699
5329323,684.0260636771922
5330324,665.2359035364966
5331325,660.8147558163051
5332326,655.0212693042365
5333327,683.6798994044315
5334328,671.9922296007351
5335329,706.1347916553269
5336330,677.8907787271718
5337331,690.0979331613415
5338332,660.9571141299252
5339333,691.7662488403985
5340334,692.2303960336259
5341335,688.9829770652974
5342336,686.4350598322058
5343337,486.5143248439288
5344338,648.7012098061082
5345339,644.310078502049
5346340,687.2171654985207
5347341,420.36705799013475
5348342,671.653910457154
5349343,627.5669915524012
5350344,619.0204304459444
5351345,652.559697486027
5352346,669.2302149687661
5353347,648.2628998351327
5354348,648.751086638206
5355349,677.2990673451359
5356350,697.1307389240473
5357351,695.244201169147
5358352,676.4477060383127
5359353,634.3683521262377
5360354,693.4046497812238
5361355,687.8504116022156
5362356,681.4607230567159
5363357,676.9761626667372
5364358,691.2723220472502
5365359,675.6281792477388
5366360,684.9446277358996
5367361,375.2691581142764
5368362,695.396084760924
5369363,690.5922375171657
5370364,550.0515676391148
5371365,628.6168852605199
5372366,701.8921492389532
5373367,713.6046870476652
5374368,693.4536732548297
5375369,648.7842002878249
5376370,705.6973084714464
5377371,668.2767787160282
5378372,678.1825785548311
5379373,700.429320993138
5380374,659.139540818175
5381375,693.9489432471796
5382376,696.0602812725659
5383377,413.07605759644
5384378,691.7196101025941
5385379,705.4758756463428
5386380,689.6959392430069
5387381,674.7320096529814
5388382,666.4648379577944
5389383,690.1404812175467
5390384,484.056964315449
5391385,683.4144112056917
5392386,645.563535962233
5393387,691.3437130728505
5394388,699.352410222112
5395389,385.1297286702549
5396390,683.4284205605611
5397391,664.8509765998581
5398392,684.6808554165738
5399393,688.8871617181467
5400394,687.019389156932
5401395,686.8334061131972
5402396,679.0872743044677
5403397,645.4529205032221
5404398,687.0409629367688
5405399,657.9740022915096
5406400,647.196360508814
5407401,633.1555475327588
5408402,711.4364515236472
5409403,691.1474136136418
5410404,646.1329723939639
5411405,709.6337489174707
5412406,86.56213922062695
5413407,391.6543068993308
5414408,685.0118570698088
5415409,284.36094481745965
5416410,344.3954556908344
5417411,709.0485889904701
5418412,694.0860487433198
5419413,573.5564102784297
5420414,688.6254719230453
5421415,674.24868255267
5422416,673.6528014291328
5423417,686.550946759309
5424418,681.1298671194843
5425419,591.593290410723
5426420,674.6169141048911
5427421,621.9409992000964
5428422,643.0564285430803
5429423,683.6044458389221
5430424,662.9278958752242
5431425,674.992164836968
5432426,627.7930871974602
5433427,695.8285599275282
5434428,693.3400686843379
5435429,687.7796902320474
5436430,691.9605041228449
5437431,689.0083962511843
5438432,656.2367449675384
5439433,667.6390236126051
5440434,687.5222255149813
5441435,644.2124192485356
5442436,662.0364615023038
5443437,702.2311948168611
5444438,670.6760929879073
5445439,601.3618449126232
5446440,347.8358329520377
5447441,692.7256728352032
5448442,656.5528903728393
5449443,696.6937296424103
5450444,685.7174867867787
5451445,683.2289424856017
5452446,369.9491212323805
5453447,686.8617881630623
5454448,703.3960490820843
5455449,699.6395123250629
5456450,687.9112938167449
5457451,658.8487029365366
5458452,653.928319681719
5459453,617.2009482434423
5460454,677.7851467422211
5461455,673.511497565594
5462456,718.2941526460328
5463457,683.4227041476249
5464458,679.3683812533963
5465459,67.36846110698464
5466460,702.2576104352963
5467461,514.1958660075294
5468462,662.3554990284066
5469463,676.1499185686838
5470464,687.8514289839579
5471465,676.7876903252984
5472466,614.6012856798484
5473467,691.2970504178294
5474468,613.1867779826835
5475469,558.9839167144842
5476470,631.6546875394099
5477471,669.7050072330638
5478472,653.0115868283204
5479473,665.943358083835
5480474,663.8680751837098
5481475,660.995435602173
5482476,666.2675234626046
5483477,565.5132775727668
5484478,699.3685822480262
5485479,175.0843930731712
5486480,671.0629470361397
5487481,666.2978485795475
5488482,412.9178871334777
5489483,629.1050343736196
5490484,652.1309336841862
5491485,684.498949024899
5492486,649.8941546234144
5493487,466.21961364861073
5494488,610.9826718469659
5495489,697.9356607022669
5496490,67.7384043961223
5497491,677.336835735817
5498492,588.8138769759813
5499493,250.64361966811154
5500494,609.5672089317136
5501495,616.626458899719
5502496,692.4095933101083
5503497,691.5689899932391
5504498,699.1626309640559
5505499,687.8515829252216
5506500,652.6761999526896
5507501,646.8736740328171
5508502,635.274785549759
5509503,692.1205212968567
5510504,682.0404020809065
5511505,667.5635140808635
5512506,709.6027534972598
5513507,679.0500894260663
5514508,686.9083150473137
5515509,534.8346970769285
5516510,637.832068228504
5517511,186.11701918117407
5518512,378.07351112324386
5519513,707.1133026996774
5520514,707.6317697687268
5521515,654.544085400444
5522516,674.9859813883496
5523517,539.5477533780394
5524518,705.6838844625044
5525519,682.4898379995973
5526520,693.9180723109148
5527521,697.5228608048579
5528522,631.476138102844
5529523,663.3422146436018
5530524,241.8836260517271
5531525,656.5824665520715
5532526,707.9327337309011
5533527,685.6513468591725
5534528,684.781761409435
5535529,680.6305373659741
5536530,405.6478480624695
5537531,668.9582594914797
5538532,567.3681378818757
5539533,684.5067265240127
5540534,687.3106102802743
5541535,630.794885614736
5542536,627.6553045733922
5543537,529.643863975581
5544538,687.0844777612955
5545539,617.2177199385417
5546540,698.7639679367238
5547541,482.44645602103986
5548542,676.3113706182891
5549543,666.8755361509219
5550544,671.4897558152048
5551545,705.2111118147001
5552546,674.6307572598255
5553547,633.1625723866791
5554548,627.5045559436127
5555549,694.6692363531049
5556550,187.27615889789615
5557551,384.409255124942
5558552,597.9534951255555
5559553,669.1091127969202
5560554,604.608539634834
5561555,350.8040754153944
5562556,680.2610724506599
5563557,665.5326901665532
5564558,689.1429740840938
5565559,690.1535195866217
5566560,643.6726204001583
5567561,650.4403749362073
5568562,618.2532207177355
5569563,649.7911136975015
5570564,521.7820044551418
5571565,472.4681305192117
5572566,664.1123163629035
5573567,710.4820007253527
5574568,687.7008974335544
5575569,687.5522032958215
5576570,606.9393763050482
5577571,679.121836756108
5578572,680.5702945470539
5579573,648.9722416342545
5580574,696.2514343203866
5581575,703.9954236114929
5582576,639.482970151368
5583577,415.62186213951156
5584578,665.210684314235
5585579,176.5814633257084
5586580,650.0033964561785
5587581,671.044565776019
5588582,701.74910405585
5589583,693.9549920004418
5590584,564.8009869543139
5591585,646.8878928860177
5592586,703.6178359411359
5593587,652.079917292455
5594588,322.70966284633477
5595589,675.2403894853558
5596590,641.7400951092508
5597591,644.5619217248532
5598592,701.8360523025277
5599593,596.9708041548807
5600594,409.75445298061925
5601595,678.7040544669593
5602596,659.1238157411788
5603597,669.9710652582683
5604598,663.437228683575
5605599,681.3615137094015
5606600,698.186767133385
5607601,697.0848853066447
5608602,678.3370971179952
5609603,677.1992358230129
5610604,682.0743152683315
5611605,677.2545042842369
5612606,668.5571955767118
5613607,680.9143062703523
5614608,694.6538248960653
5615609,668.1033313258278
5616610,646.2533067513677
5617611,682.1819469327144
5618612,662.4965376271348
5619613,705.4529147552722
5620614,648.5897028453079
5621615,670.7098422702762
5622616,701.8896534874832
5623617,681.12466457759
5624618,634.1162973649331
5625619,650.4994578428964
5626620,673.9412057872844
5627621,685.27000022039
5628622,690.0719281590443
5629623,621.8536190297837
5630624,706.9918206008177
5631625,652.3241924550942
5632626,694.208373048566
5633627,682.7675783215618
5634628,693.630696715382
5635629,548.5282609952801
5636630,663.9086785859888
5637631,688.2849879879597
5638632,398.44168404685155
5639633,666.9276670292783
5640634,684.5712001966579
5641635,533.935622239341
5642636,654.9502950156577
5643637,653.2809826864301
5644638,675.565722432877
5645639,641.1636447752126
5646640,681.3037167587003
5647641,686.2628080942826
5648642,676.7789768813819
5649643,676.8748804970877
5650644,681.5733772367997
5651645,671.7284586247422
5652646,683.3027163974485
5653647,696.9680154196936
5654648,694.6146525126284
5655649,685.4613023918989
5656650,393.1825562546149
5657651,470.26221247093076
5658652,408.6909799374896
5659653,661.4580305938805
5660654,544.3288777552909
5661655,692.0605528928108
5662656,631.7608238019939
5663657,228.3307629737111
5664658,656.1572414907495
5665659,676.1472718110506
5666660,679.5251718681608
5667661,367.09627410508017
5668662,670.1979425731694
5669663,635.3318508197771
5670664,693.3182641315119
5671665,686.7970483411874
5672666,693.4686894020291
5673667,699.5278262591326
5674668,541.434367318088
5675669,697.0207709361172
5676670,697.0022293050932
5677671,697.7419481326539
5678672,679.9769030236761
5679673,691.5413931208656
5680674,693.1227818864536
5681675,647.3689681900678
5682676,666.0652165144735
5683677,714.1666334088467
5684678,700.4959750922828
5685679,696.728968805401
5686680,648.5657437822099
5687681,432.6935713207846
5688682,696.0566574944525
5689683,295.02591114857063
5690684,706.2877949870202
5691685,695.2474382350337
5692686,682.9034040853953
5693687,627.2672163941346
5694688,675.7990981020831
5695689,580.2045548036771
5696690,693.2543854689784
5697691,685.752371016495
5698692,694.0454793289605
5699693,696.5750854756611
5700694,602.1905592744209
5701695,690.3009844762562
5702696,675.701602739507
5703697,329.5582448612176
5704698,694.0960749400732
5705699,679.2518698520253
5706700,631.3821305069063
5707701,553.0371460270734
5708702,550.2184706509843
5709703,685.4987546287574
5710704,693.462771238962
5711705,680.1124119299926
5712706,598.7652695776243
5713707,711.6028297249477
5714708,84.64360017638789
5715709,657.0914585286602
5716710,639.4745550009744
5717711,691.1390022187971
5718712,678.5251859786954
5719713,640.7502240314498
5720714,698.346944469557
5721715,672.8478475857632
5722716,643.9538404437211
5723717,667.0783212516352
5724718,685.9901858463611
5725719,365.56914030784964
5726720,636.8733773851318
5727721,488.319895539766
5728722,668.6867774865698
5729723,703.1600140704362
5730724,701.1292420924257
5731725,714.9702706405715
5732726,706.2864487430351
5733727,681.6093430937747
5734728,695.2553552180876
5735729,684.2631075878041
5736730,662.4056708700825
5737731,438.96043330505773
5738732,703.451113091831
5739733,698.2681343008121
5740734,677.4018751029128
5741735,637.3429964456022
5742736,682.0398829456699
5743737,677.924089056004
5744738,714.8515394578033
5745739,685.0470183005173
5746740,695.1049017227738
5747741,632.6741254824035
5748742,697.0048616330146
5749743,674.879586371185
5750744,681.1152031122732
5751745,725.9319242179943
5752746,687.3088274903262
5753747,712.223283645407
5754748,264.6950094847104
5755749,670.3912458593269
5756750,661.3434377759204
5757751,647.510199587854
5758752,713.6162611491994
5759753,713.7152256268556
5760754,675.8327662222628
5761755,701.7286543855291
5762756,696.6577204550173
5763757,676.3788418281772
5764758,692.5377655992237
5765759,684.0400244772142
5766760,677.3122808886387
5767761,690.9422170979199
5768762,661.0132478579976
5769763,716.4715768376124
5770764,674.0736546971818
5771765,694.6171884423421
5772766,696.8822485801242
5773767,725.874849906806
5774768,686.583156080922
5775769,704.2849056116992
5776770,684.5747767137025
5777771,689.55910539249
5778772,670.3566154445655
5779773,678.0449030554413
5780774,706.296386913074
5781775,639.4351005834031
5782776,707.9379033568225
5783777,633.6979653150377
5784778,597.4245263128556
5785779,706.6237033696813
5786780,678.695518926153
5787781,697.8889525283225
5788782,585.3170831962597
5789783,365.9921216672986
5790784,680.9354300942501
5791785,571.8550380938855
5792786,21.28528616506695
5793787,690.1945594984203
5794788,681.689327685022
5795789,569.1185533909731
5796790,674.0272326681936
5797791,702.7758023018447
5798792,415.6005560142712
5799793,662.8119026992312
5800794,610.4581966524391
5801795,697.9095810506013
5802796,691.8004669462154
5803797,631.2080183937219
5804798,684.033979021167
5805799,671.9559173277752
5806800,698.9118008328874
5807801,686.3652073412583
5808802,706.087397783991
5809803,596.689267430904
5810804,687.8840662914861
5811805,697.0158535799455
5812806,665.7322062655064
5813807,642.2208000434555
5814808,701.173693398089
5815809,616.3172290772633
5816810,650.0069941872965
5817811,703.3907683755285
5818812,680.3528907141774
5819813,661.231492957565
5820814,657.8704897961372
5821815,681.2772324488069
5822816,685.8703728603923
5823817,695.3905442072463
5824818,263.3691973498219
5825819,688.461363769242
5826820,635.0471262224659
5827821,123.70096162654595
5828822,636.201908057843
5829823,650.9918917842376
5830824,617.736000010273
5831825,605.6193896958956
5832826,677.6575735449392
5833827,291.35930901792034
5834828,677.5278738996816
5835829,182.44028186362718
5836830,658.7439286717234
5837831,690.883124978236
5838832,699.3697966893418
5839833,594.0293262502277
5840834,558.5609767855741
5841835,705.4509427516301
5842836,648.2103262250919
5843837,699.6797031756134
5844838,679.2875831806202
5845839,476.57916517319154
5846840,663.0932515967202
5847841,410.79669382750063
5848842,589.7008243256809
5849843,708.6936289800716
5850844,258.95963126433287
5851845,652.1662573974279
5852846,697.1452194900023
5853847,700.9009776988596
5854848,684.092410459845
5855849,593.9371518106567
5856850,654.5813965021523
5857851,591.7140247475729
5858852,705.0903796003935
5859853,681.2553752893347
5860854,714.7170618991619
5861855,369.200649823856
5862856,705.4924241441267
5863857,565.5957810792086
5864858,689.488988392692
5865859,256.40727221313006
5866860,684.230939451318
5867861,696.8179958115046
5868862,708.9037839137928
5869863,644.727828483849
5870864,136.36688946293134
5871865,719.982989407519
5872866,701.3176426810439
5873867,669.1406581085027
5874868,371.3973372952397
5875869,367.9551016944726
5876870,660.6433137571437
5877871,680.7886960383648
5878872,709.1843377091794
5879873,61.1051239692264
5880874,689.7405650045827
5881875,650.4321237100702
5882876,718.5988638366496
5883877,692.6204459958037
5884878,697.9923478013033
5885879,612.4845619239966
5886880,384.44466694257125
5887881,684.680644290223
5888882,671.9749689254305
5889883,683.0243217383951
5890884,680.5878716581309
5891885,689.2408998518337
5892886,693.241871026849
5893887,705.8058984183479
5894888,670.6964443765688
5895889,687.9424262028784
5896890,709.2640003581854
5897891,670.4401948597562
5898892,677.137711147376
5899893,672.756993983574
5900894,339.4504985725131
5901895,656.2758526853457
5902896,644.8283153885654
5903897,405.29356423466163
5904898,614.3437527227884
5905899,639.8776805979011
5906900,718.9659202155171
5907901,712.7640053957716
5908902,678.8884793721551
5909903,355.90444778280596
5910904,645.5616686753684
5911905,703.0537051653384
5912906,624.3166789278996
5913907,700.9287259471666
5914908,709.5090282300049
5915909,702.1033929074969
5916910,670.1264469951
5917911,676.2846285078872
5918912,689.582419371814
5919913,637.2029884220624
5920914,292.71654786200014
5921915,651.267413224133
5922916,543.671480918537
5923917,641.1673610464775
5924918,709.5397352284166
5925919,699.1997327868959
5926920,261.6891094345373
5927921,699.4156124437343
5928922,673.828039740601
5929923,675.060628764939
5930924,243.14476306390338
5931925,691.1618506993325
5932926,694.3138584375173
5933927,679.1064564325716
5934928,678.7889616006463
5935929,704.3313538910036
5936930,617.548606856545
5937931,529.7928870591586
5938932,429.1329490151182
5939933,87.8617065006661
5940934,674.3011126751958
5941935,661.8930940149952
5942936,673.1840638595947
5943937,681.3262950605991
5944938,687.5081491934841
5945939,60.888605585168314
5946940,692.896689068381
5947941,445.97039314049357
5948942,715.2237146701083
5949943,716.2627710680041
5950944,265.848617544034
5951945,707.9912591591457
5952946,615.6332142732505
5953947,277.328322953878
5954948,52.35380615856201
5955949,692.8248122048406
5956950,564.0341859810059
5957951,700.1312853024025
5958952,647.5128190136435
5959953,696.4507898526331
5960954,666.2843945573968
5961955,668.0817787694083
5962956,686.6808034078496
5963957,703.505633448032
5964958,703.5014609322993
5965959,467.59916846101004
5966960,668.284245115411
5967961,697.0222138500028
5968962,666.7227350358003
5969963,654.0629772527252
5970964,683.3217546574153
5971965,701.2837520176821
5972966,699.9683717595934
5973967,687.7616439133731
5974968,693.9869980157966
5975969,669.2635284443165
5976970,675.8276424187464
5977971,657.4786340665895
5978972,509.9743632548525
5979973,672.667043328692
5980974,637.2291103012226
5981975,696.6504499555983
5982976,676.7964530276657
5983977,684.89081040977
5984978,701.520379893918
5985979,701.37641796357
5986980,663.1167259309584
5987981,709.0230446882168
5988982,696.8012662508708
5989983,672.8842839222534
5990984,693.0775771394601
5991985,602.7090311451832
5992986,691.8536774274528
5993987,695.7253075686485
5994988,498.84767211678945
5995989,705.5646232768339
5996990,709.0805107948732
5997991,685.7642064711864
5998992,698.3621729854444
5999993,681.7694965355998
6000994,701.9887385622283
6001995,668.9772954463294
6002996,694.4274696061822
6003997,641.611808038639
6004998,682.9340722134913
6005999,623.6892976200046
6007000,690.80148674331
6008001,344.9517810948724
6009002,63.27204660862757
6010003,680.5870229865714
6011004,499.3970706391004
6012005,710.0608839368729
6013006,212.3866130268926
6014007,697.7798947788043
6015008,694.4521736760012
6016009,362.05321837005
6017010,689.3927594669157
6018011,707.8205874720097
6019012,451.9269219731221
6020013,699.4748004993426
6021014,716.9376501644884
6022015,650.8463310974156
6023016,717.1915901674543
6024017,602.6121906204014
6025018,623.1903975625158
6026019,663.3746230263605
6027020,282.0871270082723
6028021,669.9710859616063
6029022,714.8390711244678
6030023,685.8075471568386
6031024,503.0919274999869
6032025,570.6641258612868
6033026,659.7659079224818
6034027,644.5522086165586
6035028,160.10929309048225
6036029,708.533446361508
6037030,684.5191794828706
6038031,704.4641427199209
6039032,707.6868402720983
6040033,725.1426166370389
6041034,675.9443959772112
6042035,689.5311715474616
6043036,694.7949743662746
6044037,700.9737030602522
6045038,685.6916355736764
6046039,424.21045390510625
6047040,671.3790230348045
6048041,308.9607710797713
6049042,745.5021597895563
6050043,687.5375879502125
6051044,709.1392795916482
6052045,365.8559274053731
6053046,618.124433338574
6054047,597.2392596951347
6055048,571.3123295008122
6056049,696.877097442236
6057050,674.7976687490783
6058051,662.7204939208991
6059052,609.9251671788845
6060053,691.1201342692557
6061054,716.5137194777402
6062055,65.2504029185656
6063056,596.6032381147257
6064057,626.181018132721
6065058,715.055143834757
6066059,682.3103748027149
6067060,634.3734486057045
6068061,698.9315053159609
6069062,244.000015737389
6070063,664.5548064467715
6071064,645.7848157264807
6072065,635.8612422165735
6073066,658.407135245674
6074067,705.3175094952046
6075068,672.5213140564579
6076069,617.1063895461417
6077070,675.0226802151301
6078071,696.7646582408091
6079072,709.9583144144634
6080073,527.1487772654592
6081074,697.9039791024301
6082075,645.0269116756547
6083076,680.7555689458427
6084077,707.7109524906249
6085078,661.9612524012795
6086079,715.4436739245912
6087080,681.3599626140036
6088081,669.1142124013603
6089082,611.2922321475226
6090083,719.0849299842189
6091084,693.5547909216373
6092085,661.5745974764812
6093086,670.4991808421933
6094087,684.3794326710956
6095088,283.9409782555947
6096089,697.3719816475293
6097090,633.7174314563069
6098091,536.1070977323607
6099092,706.9931495324704
6100093,314.74576693349826
6101094,706.1539868974178
6102095,686.791741764583
6103096,675.0498091953935
6104097,654.3677749929581
6105098,675.0476063072075
6106099,730.1334906555318
6107100,696.4444057970026
6108101,653.9017745506977
6109102,710.142449180297
6110103,708.2433386554821
6111104,672.5346580235502
6112105,657.9933309647466
6113106,681.9047030827547
6114107,475.1173025269258
6115108,708.7244350112833
6116109,742.104478388508
6117110,669.3646290873573
6118111,270.32766385096596
6119112,142.8672947174223
6120113,698.3257016286341
6121114,696.7441463709429
6122115,518.5007309001421
6123116,52.77017677502862
6124117,435.4953597637497
6125118,688.002192855339
6126119,153.7163051221807
6127120,598.849345804413
6128121,697.190779515537
6129122,659.0926596315813
6130123,635.1844855647546
6131124,670.0822591961586
6132125,688.6400768039568
6133126,729.1096776730204
6134127,696.6697105767169
6135128,442.61999091836213
6136129,697.6132362971807
6137130,697.9146980478795
6138131,612.7088410052726
6139132,715.9916069176617
6140133,702.7293427419748
6141134,701.5573736736737
6142135,681.7955471465124
6143136,630.5831751933182
6144137,664.4959690100347
6145138,552.7068404472886
6146139,442.6899281492748
6147140,681.0463348411286
6148141,709.6648372200309
6149142,637.821633105437
6150143,671.6352713712806
6151144,702.863244260584
6152145,646.241552597807
6153146,631.465301203557
6154147,668.617274457489
6155148,617.8412334777607
6156149,532.1687573646875
6157150,685.3230732004284
6158151,688.3120979035626
6159152,710.2794030351413
6160153,431.8842402588666
6161154,716.5024700087985
6162155,707.1922965481974
6163156,64.72601518642418
6164157,91.05314794226506
6165158,634.6963584837589
6166159,143.30188088026688
6167160,507.3202302439372
6168161,650.1491212662421
6169162,688.4195037780252
6170163,703.196783408372
6171164,714.807557602876
6172165,694.396947089306
6173166,651.8474806946017
6174167,61.00427102157613
6175168,472.9339299086582
6176169,231.90735898084742
6177170,705.0225095227038
6178171,699.4606979120438
6179172,725.0474729797529
6180173,665.7671866526899
6181174,696.6059283125392
6182175,664.0160420110376
6183176,665.7036110314533
6184177,578.7725870657591
6185178,387.026996069485
6186179,690.8482266421014
6187180,693.5884613465748
6188181,705.5225400771519
6189182,272.092391215128
6190183,688.9867727030315
6191184,682.6465721092252
6192185,605.475372062358
6193186,172.22627962608038
6194187,279.9169336040913
6195188,672.6210607070647
6196189,82.2356319482869
6197190,663.2300435613242
6198191,691.8629337368466
6199192,692.2169358887536
6200193,661.1865540772824
6201194,682.1532408201684
6202195,696.476703175505
6203196,664.4445090941098
6204197,693.2718643998928
6205198,648.0014986254333
6206199,731.8956437274295
6207200,239.29920232430592
6208201,297.99977547754185
6209202,677.5773047317796
6210203,703.6086775783433
6211204,719.030205931014
6212205,234.62029946299552
6213206,676.6264555441796
6214207,676.181521943935
6215208,697.1574102203496
6216209,614.190514999943
6217210,608.5870422259903
6218211,675.3490526140044
6219212,639.8966087744303
6220213,707.6597818687184
6221214,626.3959568289042
6222215,191.84652576536104
6223216,341.14288180967554
6224217,186.93992125368973
6225218,714.4894342545132
6226219,463.0285528675494
6227220,541.3011261524485
6228221,702.3100169696397
6229222,705.9584192311052
6230223,683.4777733410104
6231224,687.3306777236853
6232225,648.626625016536
6233226,60.550375456549915
6234227,450.82478905007906
6235228,414.356144325424
6236229,681.7005880378774
6237230,695.8763584606551
6238231,721.8497394868969
6239232,729.4109305783393
6240233,696.629554916837
6241234,685.3638230726312
6242235,706.8475161104315
6243236,584.3221122693395
6244237,653.6087905600688
6245238,690.5164872621602
6246239,727.5952247495317
6247240,719.5477171739282
6248241,675.6126999953772
6249242,663.0881848028765
6250243,663.4831550701665
6251244,678.6774049804303
6252245,695.6455415380258
6253246,699.6370649025753
6254247,672.3634358647511
6255248,694.8503460493064
6256249,735.0995937919417
6257250,623.4723281444495
6258251,236.86508940712284
6259252,580.4448634496962
6260253,696.7303802656872
6261254,681.6421293898982
6262255,698.4865102775759
6263256,681.0155117189549
6264257,680.465046095935
6265258,684.0986818967045
6266259,708.1640429228037
6267260,707.0406940975894
6268261,695.6114835822838
6269262,671.3600757984067
6270263,695.3138290488816
6271264,645.7033285752925
6272265,686.2739320972241
6273266,169.54395577216263
6274267,670.2112352328777
6275268,693.7549528241474
6276269,700.0272022540183
6277270,60.28989636920135
6278271,687.5097597430808
6279272,711.6728778718089
6280273,682.9692415403523
6281274,685.7327318039789
6282275,676.9976411696971
6283276,685.1979826256327
6284277,708.6231777516123
6285278,738.4913898389145
6286279,690.4285449416512
6287280,698.750906921573
6288281,669.3644055501192
6289282,699.8963463164745
6290283,675.5519349890741
6291284,713.2652505244955
6292285,684.9844991663736
6293286,672.5201931253658
6294287,681.9027628663964
6295288,698.7683879860876
6296289,415.94639114098504
6297290,688.0417630627943
6298291,698.6551870907534
6299292,675.6862857518986
6300293,723.0140008147789
6301294,673.4251952691898
6302295,700.2561748531979
6303296,706.3375302955234
6304297,692.8841295786267
6305298,732.6693494630731
6306299,699.4322550576195
6307300,687.3840182133908
6308301,701.5047203048399
6309302,722.4871436536706
6310303,723.456339526811
6311304,603.4547111860085
6312305,695.670271190069
6313306,718.8950381577889
6314307,628.18931574725
6315308,708.9797241824658
6316309,715.3699502910762
6317310,304.9331614902375
6318311,549.7341469506648
6319312,688.5846283031653
6320313,738.404539296744
6321314,373.81944466642057
6322315,728.6712424573897
6323316,183.1187834903456
6324317,196.1689897898158
6325318,469.4179950310923
6326319,564.9245692808909
6327320,679.4044996677176
6328321,711.1311148492802
6329322,238.93476324728584
6330323,696.9602812397596
6331324,675.5901284209771
6332325,737.5067111931885
6333326,705.1133875245396
6334327,512.0255513496176
6335328,320.7737188671187
6336329,714.2144242855825
6337330,632.349180846911
6338331,656.6472957417728
6339332,697.6508989010471
6340333,718.6351695218317
6341334,715.248122962577
6342335,240.58804120878298
6343336,635.5565019353238
6344337,650.1358898795366
6345338,701.2744487732022
6346339,676.3097527505032
6347340,126.54052052329007
6348341,715.101906452033
6349342,139.93248598165266
6350343,719.66048104827
6351344,590.9089129055659
6352345,644.3920419258691
6353346,674.3793713565046
6354347,717.7272777262034
6355348,698.9311840307853
6356349,683.650900240778
6357350,645.3249422713666
6358351,715.4877947247741
6359352,636.1756172818526
6360353,269.1856283541096
6361354,674.7572293962041
6362355,691.9447636588837
6363356,678.3445699443429
6364357,695.2633714269857
6365358,705.100394343846
6366359,691.9530343000745
6367360,709.9033719317276
6368361,666.2589202244719
6369362,262.80176295111744
6370363,513.6866141905491
6371364,697.0349189745078
6372365,121.22414751022484
6373366,691.466547046118
6374367,231.58419225700382
6375368,663.9007241918837
6376369,699.2580725000819
6377370,733.89721399173
6378371,698.8092945200597
6379372,699.6325845072062
6380373,196.59091914283758
6381374,696.3233937265586
6382375,715.8018619533806
6383376,641.4191149568302
6384377,662.2278107972908
6385378,672.8188123673814
6386379,694.083757986322
6387380,673.2246494683905
6388381,696.6237228960905
6389382,294.6593378824816
6390383,724.7881298272338
6391384,702.5703644757335
6392385,709.8499143176714
6393386,707.8480752643363
6394387,688.6338988337862
6395388,677.9394385317216
6396389,708.2497220544842
6397390,301.2926983889517
6398391,511.3525008148709
6399392,682.0182909145434
6400393,631.7413267842252
6401394,723.2374968462676
6402395,693.295512472208
6403396,678.7823042367817
6404397,677.9674838642542
6405398,353.2191807717963
6406399,650.2199678029339
6407400,714.5168789615748
6408401,678.9802716790322
6409402,711.2914594392524
6410403,512.7049236178185
6411404,347.19552039428214
6412405,703.553701672731
6413406,674.7427007699296
6414407,680.7781106084376
6415408,648.760558639589
6416409,729.4670899685593
6417410,455.79461352065994
6418411,637.9231536492904
6419412,702.6144578823836
6420413,716.6877286180046
6421414,726.7155313552321
6422415,638.447515938605
6423416,140.5942027154393
6424417,704.7597159662566
6425418,329.7112279017139
6426419,706.300067755131
6427420,672.3671874196646
6428421,658.7854287914957
6429422,185.464622724217
6430423,595.2228611656935
6431424,664.108252383564
6432425,668.4645121554576
6433426,687.8659207401205
6434427,659.4553911389181
6435428,302.3985446308527
6436429,727.0251298940124
6437430,597.9188785167562
6438431,719.7141357674406
6439432,690.1574076135272
6440433,719.2540951774821
6441434,727.1505317820194
6442435,663.0085390075752
6443436,708.4248923758952
6444437,645.8810138151262
6445438,670.9907815337583
6446439,699.0740104209722
6447440,502.0632765511907
6448441,693.6181277234133
6449442,626.5931677699105
6450443,684.3474251304708
6451444,724.7731904525476
6452445,702.6865529278396
6453446,420.0947745630416
6454447,726.9649022860036
6455448,696.6423437113539
6456449,693.0495036031203
6457450,683.4306843230773
6458451,685.2011968811883
6459452,671.0540478879701
6460453,667.8211872149643
6461454,660.5091066471031
6462455,620.619788898116
6463456,698.6410997556989
6464457,688.9431177965611
6465458,710.4611779647398
6466459,261.8835816622066
6467460,231.7180978450926
6468461,716.3780990295786
6469462,556.4383545883858
6470463,669.328618566884
6471464,690.6260174242846
6472465,653.8976805112767
6473466,646.9433753129572
6474467,240.12232524545144
6475468,658.1304163618196
6476469,420.0645910080804
6477470,720.8851677524758
6478471,678.6025532169618
6479472,622.8755014626632
6480473,691.7766257714534
6481474,347.20110400424915
6482475,626.2346808642205
6483476,690.8925353471694
6484477,717.631695587129
6485478,703.3204887292917
6486479,690.6731750675303
6487480,613.5998726444572
6488481,600.3832947591598
6489482,661.2273791071884
6490483,714.2016556598213
6491484,56.765841510330134
6492485,679.2448687398548
6493486,676.6584427480931
6494487,706.6717778880266
6495488,714.6764514210062
6496489,726.1218616247792
6497490,702.4467577735505
6498491,149.49290171747228
6499492,719.1398098197666
6500493,683.043785158162
6501494,524.7328948035916
6502495,655.047813613834
6503496,706.202605777932
6504497,506.01829774435504
6505498,156.0050327373322
6506499,716.4300267711712
6507500,724.6380239108033
6508501,721.2546055578775
6509502,715.4800823192601
6510503,699.2083931958178
6511504,678.7077369207581
6512505,337.8569277663785
6513506,308.02780618286386
6514507,713.9002226306435
6515508,357.5078674470968
6516509,731.2373613466564
6517510,735.9621339317911
6518511,687.999921254685
6519512,625.8758465473436
6520513,675.4015097934412
6521514,683.3090326478383
6522515,693.1710980956135
6523516,694.1326985802245
6524517,341.568713284457
6525518,383.49432159492517
6526519,528.8964166663555
6527520,173.53442059081567
6528521,709.8442264219408
6529522,330.0096389374217
6530523,695.2697873427538
6531524,726.6125776652171
6532525,704.0693706054083
6533526,553.8948452705474
6534527,440.10751491594027
6535528,692.0130997613942
6536529,700.003079590963
6537530,54.80617344860105
6538531,519.8051556417494
6539532,715.6400610070091
6540533,710.0967426171437
6541534,707.5395406959015
6542535,295.30428253819764
6543536,673.5491714020362
6544537,705.5773829135874
6545538,663.2123960072333
6546539,670.2069045433935
6547540,729.1272649715607
6548541,732.6019294986388
6549542,702.2387747805616
6550543,714.4331782969263
6551544,672.529701148743
6552545,692.8262392002373
6553546,714.1005806491672
6554547,684.1860040950318
6555548,722.010936353787
6556549,722.6269446739745
6557550,537.8760810771361
6558551,90.99697158680227
6559552,702.3432789469247
6560553,632.3930796937539
6561554,720.3232060270659
6562555,677.2322586184237
6563556,465.77400021156495
6564557,704.4391062676209
6565558,703.2209642863489
6566559,714.7394697450658
6567560,273.71067822026396
6568561,730.0941425360479
6569562,690.350768453548
6570563,693.4482845783824
6571564,726.1359693663932
6572565,712.1272225698281
6573566,721.1133315045976
6574567,690.4292323756947
6575568,665.8243342810833
6576569,632.9255877215711
6577570,708.148741006827
6578571,716.072403909139
6579572,188.1740600229255
6580573,684.4351161683203
6581574,730.2788479549185
6582575,733.3068992891679
6583576,437.3406636107466
6584577,746.089015337502
6585578,714.1338472095941
6586579,732.3502858232399
6587580,690.8822646382727
6588581,690.2601116282885
6589582,739.220938054891
6590583,709.1036416879334
6591584,695.0565659011432
6592585,672.8860539057887
6593586,709.516248202149
6594587,612.2717836335322
6595588,684.8244216863425
6596589,706.0276284962115
6597590,450.72889341188363
6598591,134.7947676615768
6599592,623.9939219889396
6600593,738.6010316090506
6601594,719.0448930687833
6602595,420.79095617608215
6603596,718.4025625563785
6604597,675.3630626320011
6605598,651.5374396121501
6606599,687.4905694853975
6607600,314.2124594308058
6608601,698.0156102798143
6609602,717.274631719808
6610603,707.8545377537736
6611604,679.5368595980017
6612605,725.1155743927783
6613606,745.0448790585325
6614607,720.8534211896002
6615608,731.1388280203796
6616609,665.8332428938552
6617610,721.2707258084791
6618611,638.9986253135875
6619612,687.9048792587408
6620613,712.9094703542991
6621614,673.4922220788754
6622615,670.9522617343406
6623616,702.4157276485652
6624617,690.0237529462883
6625618,672.1080286816941
6626619,669.7257106127639
6627620,664.026438060195
6628621,689.394408054186
6629622,684.6048080034296
6630623,704.5942249028695
6631624,727.3740612285161
6632625,722.0010813440325
6633626,708.6206156699479
6634627,632.3885825662305
6635628,710.8617700034828
6636629,711.5877093413233
6637630,737.3869887478362
6638631,683.2710952385249
6639632,682.8968316643912
6640633,710.8546883262285
6641634,704.996727878302
6642635,700.428573765559
6643636,669.9343477947696
6644637,716.7520824198477
6645638,713.9721208811999
6646639,412.27268922759464
6647640,704.5861136131699
6648641,467.4199056283567
6649642,720.1342063688858
6650643,701.0002434046186
6651644,697.3992278107578
6652645,720.9097254444073
6653646,685.9034984275149
6654647,713.9614114162491
6655648,675.855041134663
6656649,709.2581560336857
6657650,468.7730443651957
6658651,714.8383525400938
6659652,656.793245526548
6660653,713.1740087931637
6661654,683.086950717146
6662655,680.8988471715315
6663656,56.787069631156875
6664657,725.4322964464246
6665658,679.4760332193084
6666659,726.7373577234971
6667660,722.3532851840707
6668661,612.0035679663705
6669662,691.2916114285922
6670663,657.2449565435298
6671664,695.0934279780125
6672665,704.8338534680555
6673666,675.1402266877483
6674667,690.5070493123822
6675668,408.7178608066296
6676669,727.4267232054748
6677670,704.5798830439352
6678671,654.9681033096782
6679672,693.0297739893266
6680673,506.2789482306628
6681674,546.4104722121411
6682675,685.7818290179297
6683676,410.58312293820836
6684677,709.1316389080403
6685678,707.0459155008025
6686679,717.5795496065241
6687680,700.7460943394588
6688681,673.8586629461247
6689682,706.7465173558593
6690683,725.9883593338124
6691684,674.5342443768109
6692685,632.7549795752238
6693686,684.9314908367893
6694687,700.7981674601513
6695688,666.6682324085555
6696689,387.894296784638
6697690,717.12669297191
6698691,712.4415999294441
6699692,168.87779869816632
6700693,715.8725674619409
6701694,715.5631316584955
6702695,50.84946147711973
6703696,717.2766522318738
6704697,709.4246508630879
6705698,685.1064628028857
6706699,448.02576883561903
6707700,672.799528306762
6708701,708.5204249455114
6709702,707.2282088728107
6710703,717.9427324608463
6711704,666.4598769581136
6712705,687.444547835789
6713706,690.818804761597
6714707,255.08714639591966
6715708,718.472982125331
6716709,716.1307885622914
6717710,699.1225508121901
6718711,582.6510351960552
6719712,279.60886761076716
6720713,704.8977308745781
6721714,706.8344720230666
6722715,710.1149716337558
6723716,148.6497396219742
6724717,710.0483909071812
6725718,676.9780622204954
6726719,432.9696488359039
6727720,669.3289620962227
6728721,675.2838342957839
6729722,237.07642683241326
6730723,713.7517466864088
6731724,663.9004103041676
6732725,523.820402971249
6733726,471.443763218571
6734727,680.4290389851597
6735728,706.0708592115657
6736729,716.2558070005283
6737730,647.9446313612325
6738731,519.6065820093587
6739732,736.2481895382758
6740733,547.0070327514087
6741734,702.6953650428459
6742735,729.1729328979808
6743736,701.7985353380492
6744737,728.9947196075802
6745738,705.8936768885849
6746739,688.9133055628242
6747740,685.7620569645271
6748741,621.703552489885
6749742,683.2544954311213
6750743,714.017344909145
6751744,716.5324362818209
6752745,667.0460565702593
6753746,713.6791939342224
6754747,645.669024604936
6755748,350.56960684784383
6756749,711.7250485965261
6757750,709.9521742068794
6758751,549.0787896774306
6759752,651.0799315351949
6760753,704.9318037847094
6761754,670.4894177331579
6762755,644.0814442275971
6763756,709.4798184660327
6764757,210.01005470188645
6765758,728.7416260189975
6766759,200.50482044813856
6767760,670.7494201008265
6768761,708.1633811590552
6769762,724.3184911340612
6770763,453.7522744947515
6771764,706.6889914626647
6772765,719.2087729271717
6773766,701.6026488422153
6774767,696.2943159719434
6775768,714.1681796312536
6776769,686.818886139437
6777770,715.9481487691487
6778771,649.9467922178775
6779772,707.6638165462637
6780773,695.3828007255529
6781774,676.0644989850542
6782775,674.8759938541064
6783776,670.263745763392
6784777,291.511295788947
6785778,703.7075622821249
6786779,717.6677511765446
6787780,727.3565161451407
6788781,694.5094296958866
6789782,94.6558804056753
6790783,728.7611882813766
6791784,189.91423953733138
6792785,723.5035559919573
6793786,718.4299029964992
6794787,649.5480660806676
6795788,702.8179126090866
6796789,717.5039860384481
6797790,714.096092560606
6798791,202.35604497331695
6799792,707.5106624122129
6800793,703.4342385734412
6801794,57.60851557056583
6802795,688.5651862886565
6803796,686.595862692419
6804797,711.6825162063853
6805798,119.34397707514478
6806799,712.4696692687818
6807800,721.4546246686173
6808801,624.0289305551131
6809802,676.6494260914524
6810803,726.8959214035737
6811804,706.5107423294595
6812805,367.6641793919645
6813806,718.2935568958059
6814807,682.494156482719
6815808,366.76214301481474
6816809,716.1755803971215
6817810,707.1030647608037
6818811,699.3948717367625
6819812,669.905523543796
6820813,719.2069416557409
6821814,270.10048057710503
6822815,718.2850051471436
6823816,699.3814472953942
6824817,710.4593242482844
6825818,681.5884216173546
6826819,698.5303396680619
6827820,708.536113912881
6828821,702.9295788323623
6829822,709.4371094138944
6830823,410.00470793344607
6831824,701.7712042313914
6832825,525.8428030218723
6833826,427.0120263033445
6834827,690.836126211891
6835828,738.2877994159876
6836829,724.7263016235731
6837830,716.572073077987
6838831,699.9965480771444
6839832,512.538344725093
6840833,471.29292534534835
6841834,260.1203860285775
6842835,539.6320068039174
6843836,691.6113065381559
6844837,738.5703153217114
6845838,682.4360867201897
6846839,689.0483045779002
6847840,723.9334578231345
6848841,677.3476962532886
6849842,568.0006734878951
6850843,706.0351783766556
6851844,690.2299780567337
6852845,709.5610670865823
6853846,722.6277745058449
6854847,677.0157616235545
6855848,678.8679204514212
6856849,259.4878936042632
6857850,667.8627827695284
6858851,120.00459864929421
6859852,694.3860786957912
6860853,701.3753676196596
6861854,440.8352352014294
6862855,727.682403602574
6863856,668.6984486990453
6864857,674.614426062942
6865858,724.641923824779
6866859,680.1760888155635
6867860,743.907637236779
6868861,626.2684959545707
6869862,238.36129710450666
6870863,707.7255930956801
6871864,499.06265273897566
6872865,640.240050942422
6873866,646.6736155889394
6874867,717.0258881455719
6875868,169.03566519478872
6876869,697.2305765766971
6877870,712.64854891848
6878871,87.73831689363928
6879872,687.4849893128884
6880873,369.55123494270805
6881874,123.77920968837167
6882875,667.5899205518963
6883876,676.855615667404
6884877,687.4998819878666
6885878,60.81923750786962
6886879,614.868959369415
6887880,656.8742058538342
6888881,607.6117260842017
6889882,644.4283104202666
6890883,710.1465770037929
6891884,682.9081627557853
6892885,363.0000235427191
6893886,685.4218875514398
6894887,649.4297427645658
6895888,694.5173676306327
6896889,153.91434162079813
6897890,717.8890963735253
6898891,483.6142003964248
6899892,377.88274506865594
6900893,226.79108414376353
6901894,703.6002367087106
6902895,704.6147573264163
6903896,74.00178723809371
6904897,168.32974323199267
6905898,205.6263187640455
6906899,651.8169344752341
6907900,372.9055130044617
6908901,590.6845697921456
6909902,154.8110751716057
6910903,616.7812469280781
6911904,695.8191329982384
6912905,639.971960822478
6913906,671.0807821013294
6914907,686.0827831766053
6915908,662.9707506403929
6916909,696.1688164905232
6917910,711.4036556244874
6918911,420.75498001252015
6919912,627.600387405319
6920913,679.122134614199
6921914,539.9368991825718
6922915,53.81256713922754
6923916,385.843791914213
6924917,640.5882393171058
6925918,697.6454513487213
6926919,376.8066543422668
6927920,673.0214132702266
6928921,673.3373778795221
6929922,727.3367395187621
6930923,581.3987905634483
6931924,714.0467498784456
6932925,573.7176519292366
6933926,725.8887610273595
6934927,680.2879298178693
6935928,724.1678949782498
6936929,223.80792700238416
6937930,707.699649117482
6938931,604.0675806714855
6939932,276.1419153022325
6940933,723.2623659617755
6941934,711.5543339003262
6942935,733.9266248860647
6943936,54.404430374543175
6944937,689.6366485085341
6945938,56.68177566286423
6946939,386.34514138767145
6947940,703.5553437825077
6948941,643.1176287288871
6949942,713.9108036099585
6950943,718.3498385595102
6951944,712.2222355652931
6952945,681.554873659984
6953946,703.8032820262971
6954947,611.374045116395
6955948,709.8630345677138
6956949,659.4086994194596
6957950,707.0026571749254
6958951,683.1788484981739
6959952,283.96496363716244
6960953,685.2525643462595
6961954,629.8232389362695
6962955,684.4111904870556
6963956,705.3779190303775
6964957,642.6405833475868
6965958,184.55917848852363
6966959,52.703061318261
6967960,732.946920762986
6968961,685.9550548392293
6969962,132.45004111864873
6970963,704.1138175330544
6971964,598.8954830903932
6972965,666.4872705529913
6973966,627.3520445094696
6974967,726.6976900835137
6975968,534.3134064031768
6976969,703.5106052932593
6977970,665.1580673955631
6978971,662.1371250990608
6979972,130.4847996088387
6980973,703.3444953300124
6981974,732.8890859104918
6982975,627.998240866817
6983976,693.8430280143666
6984977,692.25509818631
6985978,468.5785828409848
6986979,222.73164642193174
6987980,690.6684899027514
6988981,696.2058949251305
6989982,741.3953284162419
6990983,517.1783487715925
6991984,725.4219178488154
6992985,628.3126813545479
6993986,713.2096713469367
6994987,507.307208027426
6995988,636.9760310844825
6996989,52.18489821722394
6997990,678.9938185760516
6998991,704.6963111223758
6999992,743.3416662834485
7000993,699.7700004139408
7001994,689.11625055067
7002995,427.7538505320074
7003996,707.0959314796713
7004997,701.8681610611563
7005998,693.0303237518369
7006999,268.26190455067655
7008000,57.73955676596386
7009001,605.858296307601
7010002,667.1547354625321
7011003,717.6875867758656
7012004,661.8241413919366
7013005,698.9796796899886
7014006,705.9206917192873
7015007,54.86529205389001
7016008,692.5979430093062
7017009,725.0204630239338
7018010,711.4064866379714
7019011,704.3182437084218
7020012,693.2569757645149
7021013,636.6962594483776
7022014,365.8585129682706
7023015,65.50967368313118
7024016,715.4752040100918
7025017,640.238180819373
7026018,684.6811349025243
7027019,714.1533347541315
7028020,684.8653243867814
7029021,725.770164654783
7030022,714.0927484228662
7031023,597.3289153087022
7032024,668.1232195474176
7033025,711.9014386581507
7034026,700.475009691457
7035027,731.8993774434502
7036028,710.177696209731
7037029,543.396085621026
7038030,697.7557882798393
7039031,606.1634128437664
7040032,715.1916596450354
7041033,710.6001594585126
7042034,682.0092986353859
7043035,699.7198503615177
7044036,703.7951112695382
7045037,676.0099691046855
7046038,722.8213260903324
7047039,703.5778862716996
7048040,685.5621690762631
7049041,725.2429464907879
7050042,754.5518749588383
7051043,756.8107636316146
7052044,722.6728994164481
7053045,704.1927795052262
7054046,460.7242222682537
7055047,703.6749967888026
7056048,344.28821767368044
7057049,723.0622903308563
7058050,730.9846483144718
7059051,566.7145651684585
7060052,137.71151797120905
7061053,716.0560376305086
7062054,536.4815882352498
7063055,719.9202309015432
7064056,694.6640094534433
7065057,675.7242100816301
7066058,667.7276905592075
7067059,723.3532545330773
7068060,715.766662716605
7069061,715.6075796532226
7070062,599.0163863915312
7071063,690.5703133464708
7072064,646.5114716158605
7073065,710.8060805543695
7074066,414.4445588612501
7075067,669.224168370116
7076068,350.73339219414913
7077069,688.9353622927928
7078070,711.9479102965415
7079071,704.1692325163394
7080072,725.4313171368585
7081073,531.205970743422
7082074,733.0297002676684
7083075,684.8748046250072
7084076,724.1256603109703
7085077,725.6749426989472
7086078,439.08841359809935
7087079,731.4201174375262
7088080,634.86246497431
7089081,730.56852836298
7090082,687.0921724614183
7091083,448.58933695995364
7092084,713.5137416094796
7093085,729.1985245725805
7094086,687.4129167763557
7095087,263.1834080197146
7096088,726.4844204090745
7097089,674.1048299960974
7098090,363.9682513626629
7099091,121.46770643572258
7100092,680.2385113288238
7101093,697.3952847917943
7102094,691.125320926772
7103095,607.4255963277747
7104096,694.3794618400663
7105097,709.7443920636891
7106098,720.6266779654046
7107099,700.6953381685507
7108100,691.7369733987786
7109101,744.1543010413512
7110102,720.5378265537082
7111103,700.5421555861915
7112104,715.4427418623195
7113105,627.8189137156858
7114106,646.0132821914551
7115107,723.4099079700322
7116108,718.0159658676668
7117109,172.06297361116495
7118110,705.0686173293966
7119111,669.7494963732597
7120112,696.9395131720084
7121113,716.9199387262175
7122114,639.4714531279756
7123115,694.9103841917895
7124116,699.6255742158168
7125117,689.6254065088996
7126118,720.1404669226037
7127119,703.0383812539376
7128120,398.97709120141724
7129121,705.3453255224354
7130122,726.3092109174075
7131123,688.4050813967722
7132124,709.8986913261255
7133125,707.4268813598949
7134126,726.4972496526666
7135127,716.2314562380902
7136128,372.47982211018984
7137129,708.457739212822
7138130,720.3029041293181
7139131,560.8121438315304
7140132,728.2329493834342
7141133,715.9165327194753
7142134,708.7423466537551
7143135,679.7051500305719
7144136,697.2024967805949
7145137,711.1714941181816
7146138,714.0869278668417
7147139,709.5011469998276
7148140,656.293721816594
7149141,698.1492915756144
7150142,651.5100213486858
7151143,693.3359397797446
7152144,717.3059772071114
7153145,219.52781904490098
7154146,690.8094224455255
7155147,689.6229543940017
7156148,715.9693782305729
7157149,705.2051518642265
7158150,719.0046102135469
7159151,707.6500890881812
7160152,715.326746686818
7161153,702.0153128342362
7162154,713.7202198993817
7163155,721.0043831690103
7164156,701.967745583729
7165157,693.5766615125711
7166158,586.7321309394592
7167159,693.4233097947107
7168160,706.2998949870733
7169161,709.9538241945747
7170162,691.9178578450542
7171163,120.87129123922382
7172164,718.090278404172
7173165,718.8546420482546
7174166,712.1356457237137
7175167,717.3536467643686
7176168,697.6980476068672
7177169,686.5323701769813
7178170,706.6813518256175
7179171,716.9298422991146
7180172,705.3566405231151
7181173,111.75442082362112
7182174,712.8331737184831
7183175,493.1106242572757
7184176,724.116764875149
7185177,696.3063563483296
7186178,699.4605331770914
7187179,719.7663313236328
7188180,681.93489103744
7189181,712.6723874481298
7190182,701.4184150493727
7191183,711.3080309652913
7192184,612.2011222695435
7193185,625.4902679087589
7194186,646.238211805734
7195187,633.9182530158599
7196188,703.0811511631229
7197189,723.9155000597726
7198190,713.7250760936992
7199191,595.3575200125729
7200192,714.5994286161894
7201193,55.50207821739636
7202194,709.7071848034502
7203195,715.2922141661523
7204196,677.0978698184607
7205197,708.2760175744585
7206198,684.333357907431
7207199,717.6121291659949
7208200,665.1311532734964
7209201,660.345678349006
7210202,723.3167908836953
7211203,712.4053342712041
7212204,710.9744639424179
7213205,726.7936174141685
7214206,702.053416564347
7215207,697.3434643956209
7216208,708.1389626437995
7217209,709.0880857450721
7218210,689.8729725686433
7219211,712.8581611524654
7220212,178.2802682895583
7221213,693.5099897664799
7222214,731.8482791897386
7223215,716.1472081778955
7224216,683.9124729827814
7225217,721.4487562549771
7226218,719.6552926208722
7227219,566.7679997058093
7228220,712.5791813773342
7229221,692.9704926919231
7230222,702.4852667193186
7231223,718.0296292104445
7232224,722.4057387565961
7233225,695.2892611595305
7234226,714.7164246473379
7235227,701.233784191565
7236228,705.0818901427527
7237229,719.2163350233594
7238230,720.7322965452464
7239231,701.5656955548654
7240232,60.585227392064255
7241233,677.305569170863
7242234,193.2607558564866
7243235,728.8825941688185
7244236,703.0122359564498
7245237,714.9389166447024
7246238,632.7370405415212
7247239,704.7278573078994
7248240,686.6240704344242
7249241,627.3322968421542
7250242,683.6304101446771
7251243,711.8678171407983
7252244,710.6186999098967
7253245,646.7716165055785
7254246,702.7935897614716
7255247,680.6801314279824
7256248,712.6720342688513
7257249,685.9816436367782
7258250,512.4429724895343
7259251,179.168286556081
7260252,711.2508183971149
7261253,691.1509224833886
7262254,707.5828183149142
7263255,637.6996790131957
7264256,704.1828210301355
7265257,720.7482660238021
7266258,720.2776933195348
7267259,698.7610517215405
7268260,654.5431260401683
7269261,717.7485530403981
7270262,601.5489372881917
7271263,690.4622504020899
7272264,708.0663931433896
7273265,545.3514900574352
7274266,707.5778269466945
7275267,721.0527370901518
7276268,720.2259676523566
7277269,691.0276896683405
7278270,669.871314651541
7279271,454.5945936399096
7280272,686.517969839147
7281273,682.9241044414294
7282274,666.9384425627567
7283275,690.6913785335853
7284276,717.0008172348588
7285277,707.6108037244799
7286278,717.341198403407
7287279,707.7470576787681
7288280,701.2792229940507
7289281,691.2198708061258
7290282,602.2079243593835
7291283,715.4449997615586
7292284,727.0433433510984
7293285,700.1142871209802
7294286,658.8130250238876
7295287,717.2425754918615
7296288,711.02302221101
7297289,722.3466213638671
7298290,694.3392183646512
7299291,678.0514497892906
7300292,711.7040524938633
7301293,255.44125813485985
7302294,711.2501972053713
7303295,720.3503330141654
7304296,683.9109831803216
7305297,712.1192718659579
7306298,570.3608484457823
7307299,701.9208561447078
7308300,605.1306618442736
7309301,706.1974093070542
7310302,701.2612236285835
7311303,688.2356452037632
7312304,708.6085662625976
7313305,698.5664439399806
7314306,452.57752229562624
7315307,638.4111335259282
7316308,416.47705015711887
7317309,677.4589131860796
7318310,422.070297972529
7319311,686.4286124400094
7320312,709.14691478289
7321313,709.9001473121115
7322314,37.8369442977049
7323315,700.3213064158931
7324316,711.5844452101659
7325317,656.4834511080583
7326318,696.615360792997
7327319,707.924966080385
7328320,712.4208031311261
7329321,62.36960180979736
7330322,708.9529404693476
7331323,701.7432925774795
7332324,660.5552297409881
7333325,688.9699941051792
7334326,702.8965207770896
7335327,699.5458212474744
7336328,692.3631751723453
7337329,687.9370793709264
7338330,692.1281058926212
7339331,671.9671356423431
7340332,717.9087929411323
7341333,674.7783159178202
7342334,666.3254721063772
7343335,79.44085607643586
7344336,704.0546292079885
7345337,652.7549016582096
7346338,715.5582064185564
7347339,699.3516093429619
7348340,700.9840670733385
7349341,690.0984056559994
7350342,669.475605605245
7351343,702.8748952504044
7352344,684.8301843554278
7353345,645.5302136429955
7354346,678.129625087275
7355347,679.7896957612335
7356348,713.8627123114964
7357349,686.8600497086375
7358350,693.1702733019116
7359351,630.1440079825533
7360352,690.4138228071696
7361353,706.315200807381
7362354,666.2400587763766
7363355,546.3588481932475
7364356,698.3298147703039
7365357,690.9071078851823
7366358,681.6372660590586
7367359,336.4386579444758
7368360,705.0776560636884
7369361,688.5857591343417
7370362,709.2715402607787
7371363,708.8029481801917
7372364,702.8879195224898
7373365,715.6941975311867
7374366,693.4504403106092
7375367,695.238834652825
7376368,700.1557967525712
7377369,697.4617384083228
7378370,651.7728803833004
7379371,669.4999876152872
7380372,700.4557229525519
7381373,702.8309786528611
7382374,699.0840451315364
7383375,679.0848321910344
7384376,695.173565290897
7385377,702.9129699938487
7386378,679.1885790747142
7387379,711.5380571926299
7388380,684.6774330463066
7389381,651.5511936868555
7390382,704.6138432288924
7391383,704.1326355946355
7392384,273.4240582171308
7393385,667.5056995833044
7394386,695.6953606769936
7395387,712.5074530529737
7396388,704.8293091223289
7397389,659.1046200883286
7398390,695.292850891467
7399391,673.1393444354213
7400392,686.8196582904671
7401393,685.91062391559
7402394,686.2535115264862
7403395,602.7297546375454
7404396,703.1354146905074
7405397,693.6521287917544
7406398,679.777548084272
7407399,703.2982399825967
7408400,624.1866181460573
7409401,700.4283993609016
7410402,711.5359163616716
7411403,702.4899854848534
7412404,669.2986891643741
7413405,710.7089759572947
7414406,710.3803141595921
7415407,144.79986107598526
7416408,682.5213712513083
7417409,710.3762124337176
7418410,652.4917323451699
7419411,688.0527978592314
7420412,489.58705786876794
7421413,387.9507922431209
7422414,694.0738094179861
7423415,689.0687522452026
7424416,679.341752004788
7425417,698.4433790074901
7426418,698.700488799746
7427419,117.07209667678362
7428420,660.7759982327974
7429421,626.9248852428051
7430422,710.4097013527302
7431423,671.7628841896081
7432424,602.9518078200978
7433425,694.5497988332127
7434426,662.6501352580403
7435427,687.2751772031345
7436428,661.6248182504872
7437429,684.5395734862545
7438430,699.3559789141025
7439431,698.7278764605516
7440432,683.4106918048258
7441433,713.0985631411643
7442434,693.6364270972972
7443435,694.0810957555269
7444436,680.181836368559
7445437,706.851541511583
7446438,83.31659984350543
7447439,210.21479193845934
7448440,685.9741961948307
7449441,704.4716872233255
7450442,78.43002037548509
7451443,692.5777631687549
7452444,680.4061208166839
7453445,633.3822103358551
7454446,485.6574036097042
7455447,686.0447911473069
7456448,693.0989189788274
7457449,602.1166571472663
7458450,674.319668112215
7459451,704.6220281334544
7460452,690.2216861051767
7461453,710.6459629155237
7462454,693.4515511747439
7463455,707.0863833882579
7464456,667.025001459079
7465457,710.6154410991394
7466458,711.2457625359531
7467459,690.6290767184998
7468460,480.53888527484895
7469461,685.5465255555519
7470462,697.042606846852
7471463,711.4415280250284
7472464,584.6049626893157
7473465,684.462334444221
7474466,696.0900698254609
7475467,684.5178981446377
7476468,186.3651273193384
7477469,664.4343742817525
7478470,386.45549050064375
7479471,691.9736299882719
7480472,690.2420548453279
7481473,159.7623897515462
7482474,707.561767617386
7483475,670.0307300554283
7484476,678.989467805058
7485477,689.6391265381797
7486478,712.2916481134624
7487479,666.8390703899679
7488480,715.6358672377662
7489481,699.0368180166225
7490482,703.268105910338
7491483,625.1666164178353
7492484,508.48913570575627
7493485,677.5188855283693
7494486,687.3609115226175
7495487,629.8825783921005
7496488,696.3688807122365
7497489,686.4568845232617
7498490,693.3465800340114
7499491,697.8737234645234
7500492,643.0248127559546
7501493,692.459571202499
7502494,487.48453962686375
7503495,673.7536265854283
7504496,687.0246893043766
7505497,672.2466648166508
7506498,133.4063954403654
7507499,455.4311038712673
7508500,652.9374007603363
7509501,683.8909876961139
7510502,698.4091457947881
7511503,591.80203847715
7512504,702.942079808225
7513505,689.7142744981433
7514506,685.3563960913849
7515507,682.2602043098664
7516508,501.77907673694534
7517509,678.8774333000207
7518510,542.2037419254985
7519511,696.0628082419951
7520512,674.9690470941331
7521513,681.9198583817625
7522514,706.7749638515667
7523515,689.131610926662
7524516,685.4344362435312
7525517,689.3763276314755
7526518,700.5288145522619
7527519,704.6860101092083
7528520,676.4893996642055
7529521,583.1163908887345
7530522,684.6011005130442
7531523,689.6525959509438
7532524,701.2661376438441
7533525,678.5265018092251
7534526,669.9004280171557
7535527,693.448021075328
7536528,694.3539933914029
7537529,547.2243235878699
7538530,697.8115757718988
7539531,476.2220717094981
7540532,677.9127273438993
7541533,617.8344345341684
7542534,688.7041206718329
7543535,695.7517584455221
7544536,671.4019782635723
7545537,684.5070234996625
7546538,698.6711251722975
7547539,680.4060272768801
7548540,691.9051914805756
7549541,659.3810998381313
7550542,700.3088923289835
7551543,67.75824272986226
7552544,651.0266255594245
7553545,692.7309769082336
7554546,700.32661524359
7555547,688.0610285886471
7556548,703.5533392980957
7557549,682.0261394570348
7558550,687.4659468354071
7559551,684.6145580354066
7560552,133.19126965860067
7561553,696.9086868716702
7562554,694.8931169791174
7563555,671.1460986430027
7564556,681.8780404477451
7565557,681.7753412788351
7566558,80.06561261045618
7567559,627.9157863567514
7568560,644.7083618328787
7569561,688.16650512553
7570562,685.3807262563729
7571563,675.9305445451621
7572564,668.0946788858053
7573565,59.798331666184936
7574566,169.8721123612723
7575567,694.5894937373474
7576568,692.5821815045815
7577569,684.994693799499
7578570,685.9362258922959
7579571,694.3570569748042
7580572,701.5419605905512
7581573,468.35594630342865
7582574,702.4242787582414
7583575,706.3576060000198
7584576,89.715751305254
7585577,697.9177441230277
7586578,687.9349312996605
7587579,690.5459382779037
7588580,668.6971618515031
7589581,652.105689609945
7590582,587.7159841509576
7591583,688.4838114030214
7592584,653.6774628896677
7593585,671.5348769753684
7594586,690.4790815048776
7595587,593.8411747365451
7596588,676.4599104198508
7597589,698.1738998275754
7598590,670.5004661426195
7599591,691.4318705933782
7600592,673.4271018584182
7601593,685.4723655261724
7602594,693.9635974185143
7603595,365.71068342346973
7604596,691.6824536974416
7605597,690.1454652972287
7606598,703.176858077215
7607599,688.7902841477699
7608600,690.2877622997337
7609601,674.8417369623082
7610602,697.3006849968606
7611603,706.8530278835482
7612604,699.3224946061405
7613605,688.8497090942078
7614606,700.1698865890701
7615607,699.7832435695115
7616608,690.042705299034
7617609,688.3470816559702
7618610,698.7654139937571
7619611,705.2760869030502
7620612,637.3425697540156
7621613,698.3201737746438
7622614,713.4704525985911
7623615,700.7843534610514
7624616,702.8196865400605
7625617,706.4215341036609
7626618,419.15822331643085
7627619,670.2854104741353
7628620,679.2559605077034
7629621,688.1020291584679
7630622,669.8825475342682
7631623,686.9733810496601
7632624,696.5071258755361
7633625,687.4345601194678
7634626,703.7011929697057
7635627,707.9257894870458
7636628,616.9160598836977
7637629,432.33999870885253
7638630,682.1663864365788
7639631,701.9925231630843
7640632,699.3241678840657
7641633,690.8269536426802
7642634,677.7312913484144
7643635,337.8329122423705
7644636,698.2902585305192
7645637,701.8113804233947
7646638,645.9234062271607
7647639,701.4999962057643
7648640,707.9871845592138
7649641,683.5720104004694
7650642,706.6279703301096
7651643,707.5858728775194
7652644,686.2673712534548
7653645,699.1996983915042
7654646,700.494254756354
7655647,704.4294709566954
7656648,701.3448154887558
7657649,695.6779462159462
7658650,707.0114273426667
7659651,691.2759122837454
7660652,704.1724645011608
7661653,720.2556466284335
7662654,680.6654780392643
7663655,697.7778145287919
7664656,696.9699644304304
7665657,56.871679773326555
7666658,691.6620366942102
7667659,701.4905527629377
7668660,686.7439988410056
7669661,655.5608180164649
7670662,705.2260260734023
7671663,678.7268057558932
7672664,697.0923056979672
7673665,51.413299877784475
7674666,690.3140733704151
7675667,699.9505186810015
7676668,706.2320473085524
7677669,601.0336266192746
7678670,690.5828161917082
7679671,705.6239317650912
7680672,711.6651165111575
7681673,701.4767204074329
7682674,692.6826386208992
7683675,707.988006637646
7684676,330.9947617861567
7685677,715.6806206168335
7686678,693.0408725024183
7687679,692.0143812657242
7688680,700.6162956277026
7689681,708.9753507644396
7690682,695.8361030604378
7691683,698.3995859303275
7692684,684.6037632366712
7693685,706.741164633331
7694686,651.4007113819307
7695687,702.8266657486287
7696688,706.068958179763
7697689,700.5887878341402
7698690,708.7147412274771
7699691,657.3777836380198
7700692,688.1325403805405
7701693,603.4764288204589
7702694,715.096363119166
7703695,708.5958995538518
7704696,704.8719418571341
7705697,718.1101229313454
7706698,697.7420388968591
7707699,695.0854186999741
7708700,693.692448732462
7709701,703.8202197810061
7710702,695.8150406683301
7711703,696.4401028857233
7712704,701.4167908369087
7713705,690.9165610326606
7714706,700.9453038703953
7715707,716.9106615339987
7716708,707.1253300897073
7717709,372.1292578374886
7718710,705.6890996709209
7719711,705.2744600703045
7720712,677.499146536148
7721713,664.4024720361863
7722714,700.3410971148488
7723715,685.5183008840063
7724716,640.027897221606
7725717,698.2611378026562
7726718,709.3606799931496
7727719,688.5741335603077
7728720,663.904556897177
7729721,704.8494100819286
7730722,705.7382353511075
7731723,681.7960306290597
7732724,685.4295732578229
7733725,706.536106900764
7734726,704.155717698563
7735727,548.5188598451483
7736728,714.2838361293929
7737729,698.9869616167676
7738730,645.3072800180645
7739731,688.6184363176785
7740732,732.8256910534112
7741733,708.6729245458619
7742734,702.7770215258967
7743735,706.6316698639914
7744736,67.22542292589014
7745737,652.997875408849
7746738,711.174758510601
7747739,696.6026049951647
7748740,555.8793428410077
7749741,712.0617363330108
7750742,699.69677856233
7751743,673.7059145465083
7752744,699.7303617034042
7753745,690.8591646050259
7754746,699.5838940417302
7755747,701.5427424636064
7756748,294.0763627601572
7757749,707.3514464743503
7758750,670.3374059366895
7759751,700.647002172587
7760752,714.67261087769
7761753,701.4888888165378
7762754,678.2347509451382
7763755,709.3023343816396
7764756,673.9140926807914
7765757,315.79840018884636
7766758,709.4671231493984
7767759,61.1980141269421
7768760,696.0623136590149
7769761,721.992558194772
7770762,698.020398097507
7771763,672.1924987025122
7772764,679.7320534858051
7773765,707.1929688045087
7774766,705.4246242452045
7775767,709.1783227600165
7776768,699.8641372925289
7777769,694.8849358997795
7778770,703.7494013254142
7779771,705.4616162957581
7780772,616.3671623013162
7781773,450.3860566016272
7782774,707.9781277432074
7783775,694.2104912661936
7784776,715.243277585465
7785777,637.0004988235264
7786778,713.2453119751866
7787779,702.0507007281152
7788780,671.1917578760552
7789781,717.1126638034726
7790782,703.8583681780144
7791783,698.6309448685515
7792784,698.556059750983
7793785,697.2321759002907
7794786,595.1701948246446
7795787,707.6350693476058
7796788,706.4043366239927
7797789,702.15007694044
7798790,689.9415623240533
7799791,491.8822660505718
7800792,699.9836345530936
7801793,630.9128838734927
7802794,710.9793691467919
7803795,701.739770913253
7804796,672.5679193816194
7805797,720.043885855095
7806798,698.3680099107237
7807799,694.1282262474351
7808800,652.8257097485531
7809801,699.3206904128516
7810802,459.04814300778634
7811803,697.1041465043661
7812804,689.2525895461821
7813805,704.6330222770417
7814806,713.5022746193764
7815807,688.4995882153264
7816808,707.0283507971048
7817809,701.5881859229447
7818810,688.6230008719915
7819811,653.5321201135321
7820812,694.2561569505721
7821813,710.6914951388533
7822814,699.1033043342295
7823815,687.1636084581008
7824816,707.0681035242278
7825817,718.2583269879907
7826818,699.7697637131896
7827819,710.7181139310537
7828820,694.418777876272
7829821,694.5274883349605
7830822,711.0758720457992
7831823,702.8248781835141
7832824,360.565107095856
7833825,718.687930595876
7834826,707.5521840498195
7835827,691.1367654885039
7836828,704.1246749411755
7837829,704.4871861024598
7838830,704.2887705339604
7839831,710.5327631030683
7840832,715.048209546746
7841833,698.1087471614134
7842834,709.2971427165776
7843835,242.18752819310504
7844836,699.228370971866
7845837,712.3579380246495
7846838,692.2139834099171
7847839,710.0803588877033
7848840,685.952154371082
7849841,694.5086858713474
7850842,701.68885853032
7851843,485.16583819505354
7852844,716.3621843114615
7853845,694.3688680779798
7854846,703.2823327546746
7855847,704.5216370697153
7856848,707.8979004972333
7857849,707.9500137847673
7858850,424.0661018047369
7859851,704.0986009334931
7860852,722.128820297371
7861853,705.8923902963286
7862854,712.7916958035371
7863855,708.9733112106514
7864856,692.166222437273
7865857,714.0259644134077
7866858,712.2392933588256
7867859,461.45519482143567
7868860,705.0962635223135
7869861,63.60693845320143
7870862,703.3266337697119
7871863,693.8909650915024
7872864,706.2711760226691
7873865,701.7743020238213
7874866,695.0534600799709
7875867,694.3488647920796
7876868,694.6158076633461
7877869,702.4120742465348
7878870,693.5931181366766
7879871,690.9337068800968
7880872,703.3145913221767
7881873,711.0851845250372
7882874,703.2945351902205
7883875,712.1978328845477
7884876,706.909224987981
7885877,708.5810564362914
7886878,707.8333761114645
7887879,698.7514632615142
7888880,696.222223026221
7889881,706.5027870095444
7890882,703.7876476276936
7891883,709.4815790698906
7892884,711.4243659029489
7893885,705.4999316273002
7894886,699.3905035066392
7895887,710.7809106147113
7896888,684.7060147108704
7897889,709.4108887696806
7898890,715.4304849245437
7899891,722.8795665349506
7900892,716.9678256715187
7901893,712.7646750556452
7902894,724.5202115334912
7903895,697.4983201729434
7904896,679.8656443626252
7905897,706.3060378863978
7906898,697.5000089830962
7907899,710.6463410316445
7908900,709.4894731125387
7909901,721.7375621846112
7910902,712.4740107338195
7911903,640.8303379836151
7912904,706.0998976847832
7913905,714.490156129532
7914906,589.8135834047828
7915907,695.8095412093732
7916908,694.6177340716577
7917909,655.7088063884297
7918910,685.1672022133884
7919911,66.9805909505868
7920912,716.5457463639098
7921913,698.4087390666481
7922914,678.8612490853687
7923915,712.9872414117859
7924916,707.0992333104143
7925917,697.8464091225443
7926918,703.2871531165625
7927919,718.6782837871633
7928920,438.0377576442636
7929921,691.3258183466612
7930922,637.9029461072479
7931923,139.91549969824797
7932924,702.8168657712278
7933925,696.5240905935989
7934926,706.3421766649229
7935927,184.05940322552655
7936928,717.1251644127606
7937929,697.2950774742619
7938930,684.0801668258665
7939931,700.7295531790506
7940932,642.1114168039835
7941933,693.0791053126732
7942934,685.389438721297
7943935,716.049198956781
7944936,719.0811017917946
7945937,710.5473845688726
7946938,714.5067578591747
7947939,327.1761975258545
7948940,699.9838927222539
7949941,704.4423351199883
7950942,56.804544327886894
7951943,727.4352126912919
7952944,688.6572524198783
7953945,733.7075265986012
7954946,704.022536483739
7955947,699.9196922172079
7956948,715.3285427640324
7957949,221.46383991093276
7958950,712.950829361613
7959951,709.688271605805
7960952,699.0781690060155
7961953,715.6600336634846
7962954,721.7269051570343
7963955,703.557099916093
7964956,706.787559791832
7965957,715.3838621417278
7966958,713.7809435117724
7967959,719.0578881041877
7968960,541.7299712982411
7969961,628.7174341034761
7970962,603.9455825578773
7971963,701.8466702955445
7972964,713.6834641216434
7973965,718.7369553293886
7974966,697.6846644121006
7975967,718.2183556918503
7976968,58.296675254990085
7977969,708.9860701278485
7978970,710.7454721448681
7979971,688.601267373758
7980972,698.1133131471746
7981973,721.0161857083243
7982974,721.3895474161707
7983975,708.3579617280768
7984976,725.3243225104102
7985977,699.2215383660365
7986978,663.0297267666323
7987979,695.974447310842
7988980,660.2220554635611
7989981,704.0930386952352
7990982,725.66602837627
7991983,658.4917509959237
7992984,702.0416898352744
7993985,701.1403456524727
7994986,698.7953752316541
7995987,714.1945556566355
7996988,638.4489049092243
7997989,701.2480107362618
7998990,720.8486139273039
7999991,654.5553756196052
8000992,657.7599124340057
8001993,718.8314675878743
8002994,707.5647569964669
8003995,699.8979824083542
8004996,677.4245158604879
8005997,636.1542449965101
8006998,719.9533863719106
8007999,700.8338464542609
8009000,707.989341765189
8010001,705.6939686026282
8011002,704.6613042944725
8012003,711.3117239046965
8013004,719.5416830774659
8014005,699.1618749167096
8015006,731.1877140984195
8016007,709.721065176753
8017008,707.0186292669924
8018009,715.1205024173113
8019010,479.15929823985374
8020011,684.840753812346
8021012,343.3932399880384
8022013,513.6639556075403
8023014,716.8920134045422
8024015,696.1755028270605
8025016,730.0627962852982
8026017,718.740011454552
8027018,710.6799563421489
8028019,636.341732706139
8029020,709.2092796915166
8030021,116.35637670071277
8031022,122.88630314275512
8032023,707.5347635631479
8033024,732.4825070920249
8034025,52.923904695504184
8035026,715.3541075341203
8036027,676.988363506921
8037028,719.4010595940287
8038029,687.9957082517303
8039030,715.8955099911001
8040031,721.6042742972882
8041032,710.3981608265933
8042033,722.2626973646182
8043034,679.6760423358367
8044035,675.0876684906334
8045036,706.8044099751734
8046037,712.0666222274147
8047038,724.3277034044478
8048039,713.7287465084027
8049040,697.0358686931875
8050041,713.5149878388233
8051042,706.496260582502
8052043,690.7773074648617
8053044,733.656386615821
8054045,704.6665899080376
8055046,649.7137029074568
8056047,716.2402144985579
8057048,719.6538456880677
8058049,662.2601660888947
8059050,675.4453496024347
8060051,718.5905391268816
8061052,708.2955332912584
8062053,14.683175851981902
8063054,728.503360969861
8064055,699.4369622744183
8065056,712.7692624497797
8066057,669.7107844373055
8067058,645.8972828469628
8068059,281.43428725996347
8069060,706.2087007339964
8070061,742.5058100233578
8071062,701.1295815702205
8072063,650.2838763036347
8073064,639.0633784388838
8074065,695.8382037045636
8075066,639.1177573900663
8076067,728.9814174610007
8077068,701.5480922712046
8078069,728.0729339165644
8079070,628.770261528035
8080071,691.1374792366814
8081072,708.9843959872311
8082073,663.5610122012284
8083074,532.4611650939913
8084075,721.3342575610601
8085076,716.0645438856949
8086077,700.1369412660047
8087078,701.8482495152361
8088079,715.9936338662085
8089080,700.4739215697807
8090081,702.9637872368635
8091082,728.9735666823428
8092083,665.3704466829635
8093084,714.2930467292423
8094085,675.2565532098033
8095086,726.3438075399728
8096087,363.7200265413107
8097088,713.0332021113987
8098089,723.1714297500862
8099090,720.6118477876627
8100091,729.4462146785002
8101092,683.0298594150049
8102093,671.5399632484681
8103094,721.0494640450303
8104095,178.2379246241523
8105096,720.6707411188361
8106097,685.8731074399053
8107098,718.078996153768
8108099,730.9438069077582
8109100,717.952360582462
8110101,708.6469178925563
8111102,711.6896782025135
8112103,725.2256050484141
8113104,674.6056737039943
8114105,705.7756957975686
8115106,719.9033945266283
8116107,34.462832625928
8117108,704.412417173533
8118109,720.7075789566251
8119110,696.4956477333967
8120111,714.9936338328014
8121112,706.668828334812
8122113,705.2142226927382
8123114,693.3483756914517
8124115,716.1906576444138
8125116,725.6274100937134
8126117,725.8203801004837
8127118,704.6391958962917
8128119,705.0051359378887
8129120,700.6656963453454
8130121,708.2734479246539
8131122,307.4911594783736
8132123,720.7980932005952
8133124,707.4614039607743
8134125,658.1442053417611
8135126,726.9354569608303
8136127,724.3635498636575
8137128,723.0320798099137
8138129,718.5783030875813
8139130,706.8605590617473
8140131,648.804751192023
8141132,722.2348137333269
8142133,707.721877896144
8143134,721.4514502604461
8144135,698.9810349482268
8145136,717.365983118789
8146137,671.5144575018787
8147138,718.803727875926
8148139,702.0560840611328
8149140,707.7244777231398
8150141,721.0593675608433
8151142,715.4106269331268
8152143,676.8465869150009
8153144,461.18028979760743
8154145,711.667420826897
8155146,711.0606025505812
8156147,717.8243606727868
8157148,695.0777438387619
8158149,645.5496978501545
8159150,725.5591724045456
8160151,732.9354649388113
8161152,706.1732840416079
8162153,707.6293036249276
8163154,696.6767710363629
8164155,651.7118828473526
8165156,727.7171959521207
8166157,564.5000264274074
8167158,737.0172238299597
8168159,702.6611768655855
8169160,722.1344664947408
8170161,668.368064345179
8171162,634.4586500257375
8172163,746.2343835221423
8173164,709.5528370567318
8174165,718.851682140386
8175166,716.2883495587319
8176167,716.6086818878973
8177168,181.7105174772419
8178169,730.9934616818455
8179170,497.3074717827466
8180171,720.0419534345773
8181172,720.0154742306479
8182173,723.3284098492355
8183174,731.4029177663296
8184175,635.662196840117
8185176,705.195076645579
8186177,718.0958190929645
8187178,719.7143944028523
8188179,694.7404332760734
8189180,483.33377456705637
8190181,694.8980064501391
8191182,736.4113622877909
8192183,694.357439945388
8193184,672.2485889688824
8194185,695.70018312292
8195186,668.9982224450799
8196187,690.6728392984519
8197188,725.811225644719
8198189,677.7358441130866
8199190,696.1741615944965
8200191,721.1753671889314
8201192,714.8492585079296
8202193,725.7753430311006
8203194,710.8236086521354
8204195,441.93895871019595
8205196,727.9157691685377
8206197,688.0685308895446
8207198,679.7733290247049
8208199,656.6209311553372
8209200,720.5083465413697
8210201,650.1498019999863
8211202,736.4940694884747
8212203,698.2184198038226
8213204,736.927236440174
8214205,466.19975340926294
8215206,42.10618045058782
8216207,700.9902844091329
8217208,682.3484798313436
8218209,666.9464059021799
8219210,737.8238157969411
8220211,720.653669048523
8221212,718.6399892972253
8222213,710.9122980912864
8223214,694.9792101998011
8224215,731.9821185288067
8225216,672.6610918936962
8226217,701.3659687014516
8227218,497.70572424817993
8228219,15.60368371739292
8229220,750.8864331176876
8230221,687.3016563821939
8231222,682.9384554686355
8232223,701.5950380588537
8233224,707.7297775038479
8234225,669.3411972960133
8235226,688.0486320842012
8236227,721.2582777908503
8237228,530.9803732793737
8238229,719.9980100610591
8239230,707.063201853365
8240231,632.9617873281594
8241232,430.6281992733413
8242233,697.0672224263675
8243234,733.6376705778757
8244235,718.2496668271207
8245236,719.9235467408035
8246237,726.8375628735212
8247238,700.8551576418483
8248239,648.9464124420009
8249240,738.9387730517626
8250241,420.57607827596684
8251242,600.6407465517383
8252243,731.5104103301153
8253244,595.5924542437062
8254245,682.7171219458792
8255246,713.4205998840096
8256247,341.01278700180256
8257248,685.271857686484
8258249,718.6935877788882
8259250,689.5736162971352
8260251,535.0538759201486
8261252,712.993902723657
8262253,738.5841955544482
8263254,678.5257286240021
8264255,699.3004733037277
8265256,709.4961077810227
8266257,716.043371244138
8267258,726.1116490713092
8268259,716.1382609950618
8269260,652.29088242663
8270261,684.8842056200972
8271262,665.3201360361527
8272263,530.6345675880343
8273264,630.0996693692291
8274265,282.60075647302165
8275266,732.093909237178
8276267,628.3832506060697
8277268,39.18036131420321
8278269,701.6795977051315
8279270,712.2741525996845
8280271,466.99131188286793
8281272,756.766850835993
8282273,695.6102053143175
8283274,716.2278672741407
8284275,719.9902552075464
8285276,712.9629657263414
8286277,713.1301963300504
8287278,736.9979703699025
8288279,701.015098979057
8289280,676.568723157414
8290281,691.4393470677828
8291282,670.2161625821645
8292283,684.285769630242
8293284,713.4996592849562
8294285,717.0527741169717
8295286,687.0579261033206
8296287,289.9036863025873
8297288,692.0556797365365
8298289,727.1404462639786
8299290,714.362043294135
8300291,677.4925304778453
8301292,683.7572819635917
8302293,735.5220588870939
8303294,728.3188622727508
8304295,741.1497145941005
8305296,647.6129533563081
8306297,724.4012357096137
8307298,721.6782969009117
8308299,651.8158531406136
8309300,720.4119344167733
8310301,730.13428845751
8311302,689.0649478035313
8312303,697.9995790636003
8313304,461.4847094630095
8314305,655.6909837018038
8315306,564.9226608407209
8316307,707.5720858513257
8317308,735.8453463652239
8318309,699.8281406998892
8319310,719.7348898612388
8320311,719.4148214563254
8321312,694.8052903052715
8322313,452.11492840050926
8323314,443.75073337413147
8324315,695.8801963520207
8325316,690.1647935440881
8326317,719.1870969453903
8327318,690.0925263199721
8328319,83.74335102909512
8329320,715.0883883889949
8330321,484.317950846192
8331322,96.13103109759346
8332323,700.7437765046187
8333324,657.1485413375292
8334325,479.1252123937378
8335326,141.1485001369129
8336327,707.6080684701474
8337328,686.1246200255034
8338329,723.048065115983
8339330,702.2851093182803
8340331,702.124325442905
8341332,731.9967917617872
8342333,695.8365759381674
8343334,722.3164530333106
8344335,360.43484556202526
8345336,720.9978189000934
8346337,730.8323887655553
8347338,213.60713688093063
8348339,717.794973357851
8349340,706.2840868485723
8350341,737.6834434691621
8351342,732.293348854594
8352343,731.8976690688253
8353344,717.8341302798158
8354345,723.0451469870493
8355346,695.4811950405684
8356347,693.1469130808895
8357348,673.6627341726673
8358349,731.7232410372376
8359350,708.3074205700484
8360351,679.0167661845204
8361352,671.1636181005931
8362353,626.243996461315
8363354,726.8812734570045
8364355,709.1130839933836
8365356,707.340687788435
8366357,715.3141941484173
8367358,693.5396744805455
8368359,524.8485587571886
8369360,627.9356002436921
8370361,719.6818160580407
8371362,695.6493400603931
8372363,464.80326692252567
8373364,186.90669741526904
8374365,721.1929562530954
8375366,726.1264497218592
8376367,727.7078061468511
8377368,693.4664578887837
8378369,716.5904526922523
8379370,722.6747888669909
8380371,741.5297785657057
8381372,331.40121887689304
8382373,260.48246019894424
8383374,742.3658735023555
8384375,714.5680835948751
8385376,725.2760045401261
8386377,504.1124699348696
8387378,697.4179574678523
8388379,556.4239050491861
8389380,712.3870107074853
8390381,703.007209292141
8391382,698.2592812736253
8392383,703.0928470930263
8393384,642.0974120585773
8394385,740.0067129939192
8395386,723.8692209650526
8396387,716.7607389332883
8397388,678.8721890138215
8398389,704.735886359405
8399390,505.70022110622887
8400391,727.9705664673866
8401392,710.0765073457774
8402393,726.3116195707254
8403394,733.5151918746486
8404395,703.5203968552413
8405396,387.99854054530255
8406397,731.0845821577801
8407398,711.5613538727405
8408399,719.8586609134883
8409400,726.4416799209528
8410401,701.0776446773828
8411402,701.5467346847066
8412403,435.79090756163134
8413404,739.3194726248975
8414405,707.6043314835939
8415406,705.370809406861
8416407,701.6944193727119
8417408,716.0471708770199
8418409,487.9794407378885
8419410,733.7171372976607
8420411,736.0459573890657
8421412,727.8765757873382
8422413,716.0756633762581
8423414,725.1889266206546
8424415,719.2203850176825
8425416,629.6134696028586
8426417,702.8913558714032
8427418,640.7078038362142
8428419,709.9064886975069
8429420,714.6494160437123
8430421,695.6841140148204
8431422,403.6014814626542
8432423,730.9216680528399
8433424,212.36361989205616
8434425,676.6748875341488
8435426,693.3339692113366
8436427,728.429049082981
8437428,729.015939329096
8438429,744.8630220634661
8439430,719.9452063600337
8440431,734.5266103154761
8441432,721.3593748562854
8442433,145.89796507849587
8443434,735.4988573705288
8444435,701.4533054518113
8445436,633.9037842794515
8446437,361.4868723744937
8447438,456.9604047029094
8448439,689.267071992978
8449440,704.3551664989857
8450441,373.71305867589086
8451442,658.9208505370609
8452443,725.033302764341
8453444,719.6594369640043
8454445,699.0013592658227
8455446,715.6102286967389
8456447,577.4197444356906
8457448,718.3093034694001
8458449,490.48424909003654
8459450,711.7153896733558
8460451,624.0568088164163
8461452,687.5742601018173
8462453,693.7621597453425
8463454,291.62903179865964
8464455,279.2846035460391
8465456,743.9224802349364
8466457,728.2659914652614
8467458,690.7617818708394
8468459,719.0211900273566
8469460,622.2012270873481
8470461,693.0974743340803
8471462,738.6988318880699
8472463,288.6588721546419
8473464,717.0998387445285
8474465,703.907832856948
8475466,750.0448719470852
8476467,700.2121281406188
8477468,699.3270988683975
8478469,633.4591862925088
8479470,710.3003156068862
8480471,684.4213416900066
8481472,736.0436676605407
8482473,728.6934379946507
8483474,664.188425159968
8484475,173.00984175704724
8485476,678.0042166655342
8486477,704.3942647530099
8487478,740.9987859877215
8488479,719.6787541810106
8489480,734.0470838944611
8490481,628.5113013660456
8491482,11.44219245419691
8492483,731.1390760784684
8493484,730.4923035162885
8494485,709.2660604910457
8495486,247.89055790193666
8496487,700.4628976142711
8497488,742.4216556353401
8498489,722.8849145552032
8499490,709.8474855275875
8500491,720.7770884006708
8501492,721.233674986669
8502493,670.8893555114495
8503494,698.5880892466638
8504495,723.7685409612748
8505496,733.6724470224195
8506497,718.5615282325757
8507498,97.86861739515548
8508499,707.5668985644893
8509500,724.1523678643125
8510501,628.7867616096972
8511502,744.2644582186329
8512503,690.8042011196369
8513504,501.71635855416343
8514505,717.6349285825918
8515506,697.122282618314
8516507,346.47977329316444
8517508,710.0892561149376
8518509,679.8818351267167
8519510,702.7736742378423
8520511,62.06035095884524
8521512,719.4698020385733
8522513,715.4494732609626
8523514,727.5715543406245
8524515,719.4654788002507
8525516,725.1516804529356
8526517,618.7780871647823
8527518,656.4124279001591
8528519,237.13132454343815
8529520,680.2742162203299
8530521,710.0505179860472
8531522,730.9579419130787
8532523,242.38755694865824
8533524,725.8250000742461
8534525,739.457995074517
8535526,706.623371668236
8536527,747.0680580685691
8537528,710.4718537485785
8538529,704.7644436519007
8539530,671.5483363145206
8540531,700.2752619205799
8541532,718.4371922736252
8542533,715.5235997873859
8543534,725.0779311464311
8544535,346.56689645371176
8545536,398.65668400943184
8546537,727.6957304217033
8547538,402.02501475066737
8548539,736.0480048316555
8549540,700.5054802114298
8550541,731.2529292756481
8551542,133.09285100666406
8552543,346.39782676721916
8553544,731.5015021440117
8554545,499.6465555628088
8555546,94.02459624750328
8556547,717.0997663127481
8557548,746.5191582543301
8558549,722.4780922296214
8559550,715.4852021644958
8560551,719.4768599708813
8561552,739.9089410346619
8562553,724.5217487911103
8563554,635.8693064632033
8564555,664.5478598527326
8565556,485.9277056228812
8566557,730.5709984518472
8567558,718.5971645812933
8568559,659.0451429454632
8569560,675.3352663925485
8570561,731.1565584658812
8571562,638.9157132394
8572563,742.1402383611592
8573564,620.9066995408173
8574565,604.342799630084
8575566,508.9114144155109
8576567,384.3276359598767
8577568,722.656205185626
8578569,678.3280842078177
8579570,740.0547406764518
8580571,716.4067762472299
8581572,389.39688552216325
8582573,727.4799243954184
8583574,692.3271567674319
8584575,705.8706845070254
8585576,708.3217552145865
8586577,141.18388739288406
8587578,146.23223713752515
8588579,707.814220533342
8589580,717.1722106479
8590581,721.9343507824727
8591582,387.0567351186076
8592583,720.2760318493332
8593584,625.6889984072097
8594585,704.4520935227537
8595586,678.4859862709969
8596587,718.5986739577762
8597588,690.2133106289268
8598589,693.0888864349978
8599590,723.7120738878535
8600591,680.0183885941414
8601592,727.8895959880481
8602593,738.1532491108204
8603594,732.1274788628925
8604595,731.3305442151442
8605596,737.622251501784
8606597,619.0247625451454
8607598,699.3646648340264
8608599,720.9936511407763
8609600,740.4195785461447
8610601,717.578078779297
8611602,635.0320063362341
8612603,720.4105599226923
8613604,731.4913928252292
8614605,59.405286467799606
8615606,696.7170892227427
8616607,699.5868763049579
8617608,712.7924690359589
8618609,554.1881679539144
8619610,704.6664277973616
8620611,710.5427482119892
8621612,626.7074277122098
8622613,706.1378037485733
8623614,655.5957854194475
8624615,712.9454603966244
8625616,714.4951961192276
8626617,732.3670198196063
8627618,615.9215813796795
8628619,717.932762656558
8629620,720.0916971059155
8630621,585.7457496223387
8631622,729.7533592037267
8632623,710.2400056749052
8633624,730.0076575157152
8634625,680.8341284608987
8635626,724.7922337366584
8636627,725.9631414532848
8637628,721.889367240706
8638629,716.5424907030346
8639630,741.5874483429643
8640631,585.5019727753365
8641632,699.9556464359656
8642633,740.6434658101743
8643634,715.6765646258497
8644635,714.4573458793872
8645636,724.7540599396401
8646637,714.8103131846001
8647638,754.243744378676
8648639,727.106121349147
8649640,416.24577822840416
8650641,714.9629294942943
8651642,730.8363421102317
8652643,483.7466007915534
8653644,698.9692373881165
8654645,724.4399826150708
8655646,743.2173976949744
8656647,718.305931201061
8657648,120.78850341743372
8658649,688.2134024567364
8659650,726.4033678461876
8660651,718.4358599233767
8661652,669.9746053830437
8662653,702.6571156750895
8663654,682.8663306844229
8664655,704.0131786847221
8665656,711.0674809797835
8666657,727.2328582170916
8667658,749.0555068013607
8668659,716.1068544669308
8669660,723.0762321891177
8670661,684.1683913360384
8671662,724.3248893606951
8672663,696.5251816072937
8673664,644.2124023951936
8674665,715.5850409780919
8675666,725.6261321485734
8676667,714.04689511676
8677668,706.7328725125776
8678669,734.4079825310133
8679670,710.9881160652874
8680671,661.4710360007214
8681672,670.4423458560003
8682673,685.2796701139838
8683674,700.0804691587949
8684675,733.0159535946215
8685676,664.8005899877841
8686677,624.9426253267004
8687678,589.2144211182496
8688679,731.4961269283571
8689680,201.30217009633503
8690681,728.4702034587829
8691682,699.5966355171954
8692683,538.626597363601
8693684,659.188887261455
8694685,698.052172974487
8695686,714.2137527486436
8696687,745.4338530230827
8697688,727.889436832899
8698689,709.8176459218702
8699690,703.509966536634
8700691,734.4822723172514
8701692,719.0608962191578
8702693,697.8924482374769
8703694,715.5489474637075
8704695,508.05388493587355
8705696,635.0580415888742
8706697,723.1463907857344
8707698,271.5574413421045
8708699,699.2815552898135
8709700,703.4567120487923
8710701,700.6521024151007
8711702,687.0482954895459
8712703,730.9865618922104
8713704,731.4093339320522
8714705,727.7178587318954
8715706,692.9770674875639
8716707,710.8098794627382
8717708,724.5595497832766
8718709,719.6346153643188
8719710,755.9765438244381
8720711,731.2351683981303
8721712,158.4616445120602
8722713,712.1690837742674
8723714,246.5086859344974
8724715,512.9507781829267
8725716,55.96536521720862
8726717,743.4622039503578
8727718,701.7715073691718
8728719,699.3503789489657
8729720,739.732226058082
8730721,714.6701933573032
8731722,704.819972684907
8732723,738.6102404902163
8733724,741.5213671783523
8734725,699.2697280036441
8735726,703.9956086223566
8736727,715.3472078843146
8737728,620.076759277433
8738729,695.4366926833196
8739730,722.4648517047483
8740731,730.0810046972689
8741732,710.3229775883021
8742733,710.2436423931158
8743734,719.065598240856
8744735,720.381744527683
8745736,707.9836369449135
8746737,722.6882298388238
8747738,669.4745053127347
8748739,723.5979106997448
8749740,727.495017138809
8750741,716.5003772965478
8751742,732.3927338452331
8752743,717.7215227093612
8753744,725.8845533884745
8754745,729.0136023106493
8755746,712.058373031017
8756747,719.9789403139532
8757748,697.6649728383097
8758749,705.6196383332216
8759750,635.7076786902245
8760751,716.9772414268042
8761752,563.8030551537897
8762753,713.4522763297356
8763754,728.2059290684401
8764755,722.2758526411051
8765756,659.1708260549065
8766757,705.8657202168571
8767758,711.5688565352435
8768759,739.7670191398561
8769760,727.6511544726569
8770761,22.99316765020546
8771762,723.8803148968193
8772763,731.1014722203475
8773764,706.3113169979077
8774765,717.2157497636113
8775766,717.0694711061951
8776767,623.9134625794042
8777768,716.855224045031
8778769,717.3992352486133
8779770,657.9274542303444
8780771,701.2907649806709
8781772,719.2326067094058
8782773,417.02691258561447
8783774,699.0392031192185
8784775,669.2766006563494
8785776,708.6674510112229
8786777,671.1674986067262
8787778,722.8791607741001
8788779,728.1346598375286
8789780,736.533689877363
8790781,721.7358416745752
8791782,614.5483051860083
8792783,619.4485470753834
8793784,736.4599888450092
8794785,732.5581817724757
8795786,722.2732741928446
8796787,724.9927469001217
8797788,546.2092105034077
8798789,740.8854867561801
8799790,58.18710815744582
8800791,721.3533939148905
8801792,427.18721549169265
8802793,739.8521337920293
8803794,718.250590603508
8804795,460.70297418192746
8805796,317.3144294050718
8806797,720.4716280383335
8807798,711.3641845858567
8808799,718.1709762997326
8809800,711.190564936565
8810801,721.0411293743837
8811802,736.818778972784
8812803,731.3727921787338
8813804,710.0248068226558
8814805,368.91440601942725
8815806,633.9857208406409
8816807,725.3100170139323
8817808,718.2643129401655
8818809,612.7031462353739
8819810,728.2974764262243
8820811,720.3166023165548
8821812,661.2574785675919
8822813,708.1400876774243
8823814,743.2944378822053
8824815,694.0982666216321
8825816,738.2724420498334
8826817,731.3455953833351
8827818,728.1239125423848
8828819,745.5736395191294
8829820,723.1996236903549
8830821,725.4063378910671
8831822,729.3177546856565
8832823,719.5678801110236
8833824,107.72111613723673
8834825,254.99752246687848
8835826,738.2518124643557
8836827,722.4587795463127
8837828,735.372204822017
8838829,694.9600201510021
8839830,722.7411266478805
8840831,733.0633688450059
8841832,557.7163581095404
8842833,666.3137416761168
8843834,724.8182954708672
8844835,709.8318039663599
8845836,167.14478708562075
8846837,688.2518753744773
8847838,713.9311392188469
8848839,109.44202006320677
8849840,711.0409486962183
8850841,683.6042735832591
8851842,717.5733011786575
8852843,706.9604137765516
8853844,716.2090364280897
8854845,172.74300333107706
8855846,654.3094599424272
8856847,720.1653405751892
8857848,717.8004609693702
8858849,721.7224396742218
8859850,450.9602534091241
8860851,728.4596405764614
8861852,727.1456897802344
8862853,726.0648168110675
8863854,719.4630724306513
8864855,372.64801633848873
8865856,614.2771590286416
8866857,727.2507740592214
8867858,189.0606050096688
8868859,734.3161978712263
8869860,741.5023630291435
8870861,364.7822779141778
8871862,697.1441936448563
8872863,710.5234356706791
8873864,732.5501739193916
8874865,734.1881533099822
8875866,730.3911863052551
8876867,618.4491371828963
8877868,725.0996762516372
8878869,670.5536589176459
8879870,734.2994903075371
8880871,734.4834260881313
8881872,723.7433642955266
8882873,714.9398863572543
8883874,694.3754450730785
8884875,718.2086284193091
8885876,736.4525410625447
8886877,735.6776683108677
8887878,712.9737984834893
8888879,722.9584400523275
8889880,282.804121744774
8890881,712.5930008600409
8891882,197.01919215756467
8892883,681.0440543026681
8893884,724.4170506626465
8894885,742.4335685623506
8895886,708.2157112047018
8896887,743.615241569778
8897888,747.4981423184042
8898889,750.1481367214772
8899890,729.4490605709844
8900891,716.6964343698093
8901892,736.4349761588669
8902893,473.34330823453416
8903894,651.9585705481801
8904895,719.9390089820082
8905896,656.0864069982198
8906897,277.82095575429815
8907898,721.1171485680735
8908899,399.3771211261484
8909900,530.0814800015178
8910901,732.7346593850443
8911902,732.1323356511834
8912903,731.6735067974703
8913904,706.1592735763833
8914905,460.13563295269955
8915906,729.9795021258965
8916907,707.0088179801797
8917908,703.4670382658213
8918909,736.9280694963451
8919910,469.7193279158614
8920911,706.0585785610756
8921912,702.1675469584361
8922913,731.2592695477013
8923914,159.6407756898005
8924915,720.9821680349056
8925916,734.8721999439995
8926917,319.1885153640192
8927918,726.3576134988696
8928919,731.0097190588555
8929920,716.6038069963096
8930921,722.9564530014374
8931922,164.36729859008219
8932923,740.8934976126806
8933924,675.2284965552636
8934925,381.1286900483945
8935926,80.86383936615411
8936927,703.967184669674
8937928,677.3892880924855
8938929,719.8357514534385
8939930,740.9034631470429
8940931,639.6159509763318
8941932,420.6233565552299
8942933,727.1008022307894
8943934,724.0002343995276
8944935,440.44497291009554
8945936,159.85579961060242
8946937,654.1594379527935
8947938,732.5205331860095
8948939,596.9303416375714
8949940,290.0932793774491
8950941,655.8804867678869
8951942,692.9911936367573
8952943,479.367724238658
8953944,695.553008975437
8954945,652.4767766138086
8955946,717.4443618768504
8956947,735.0966510206958
8957948,738.3034973211329
8958949,283.2787381942966
8959950,729.4388744172619
8960951,289.8729385225866
8961952,715.1202272729394
8962953,710.5257366001515
8963954,720.5452795048245
8964955,699.1974039964255
8965956,714.6460797816768
8966957,718.9159080348392
8967958,736.3608607743453
8968959,726.3740229722337
8969960,728.4488771151298
8970961,687.8903057636394
8971962,728.4093838999919
8972963,735.3372452574675
8973964,683.5409633650279
8974965,686.1193025071627
8975966,30.225244556925585
8976967,741.2832645656398
8977968,685.0285166281897
8978969,713.436967596249
8979970,715.5169498210199
8980971,335.51799494530445
8981972,700.8073660846846
8982973,170.34015252838051
8983974,402.27613965233365
8984975,692.7872350638024
8985976,675.2591465345686
8986977,622.5971926323019
8987978,716.9038809089615
8988979,713.724023428016
8989980,737.9301227469327
8990981,462.37294144893593
8991982,728.1032841703606
8992983,489.4501876739107
8993984,465.6322998997479
8994985,228.85394821073487
8995986,724.3671635286614
8996987,695.06843832779
8997988,654.1234810504338
8998989,719.7219905645826
8999990,716.4886908166404
9000991,730.088918277165
9001992,186.64621985467426
9002993,706.9293120354496
9003994,741.4519641126502
9004995,708.5112009592914
9005996,721.6145005635134
9006997,730.1870251483542
9007998,70.42271289795987
9008999,612.7524762211638
9010000,700.093155066641
9011001,750.7512239747555
9012002,652.69274800785
9013003,753.2155417180632
9014004,702.8227066514545
9015005,711.8761890938786
9016006,737.6050661555281
9017007,743.2469569827562
9018008,716.8681623833352
9019009,64.21688518631494
9020010,725.1337624570652
9021011,275.90569869924855
9022012,370.3296113408628
9023013,637.1796547339898
9024014,718.5503359030536
9025015,696.9047475565582
9026016,693.6085145534848
9027017,47.95116972756519
9028018,731.5849346212963
9029019,637.484723732455
9030020,719.0059251493595
9031021,731.3442509539134
9032022,716.9404789501847
9033023,751.0327840529931
9034024,717.0336092716134
9035025,731.5254190313652
9036026,743.0369185936343
9037027,712.9055964231407
9038028,677.0785013973488
9039029,640.9679848885808
9040030,723.1538162269901
9041031,722.9926837800887
9042032,724.9207771494551
9043033,403.3084439340512
9044034,343.326790911292
9045035,713.6703522728516
9046036,441.59816392136605
9047037,375.4252766705868
9048038,718.4974335322607
9049039,718.1212727458113
9050040,726.6065107062384
9051041,711.4667131359927
9052042,718.8554204847114
9053043,711.0421510765555
9054044,708.4156082381614
9055045,667.1942314335344
9056046,186.8425369152209
9057047,709.0128840502582
9058048,583.338029892534
9059049,558.5804851121992
9060050,724.1307203836692
9061051,388.0809209064042
9062052,731.7448967011148
9063053,711.4256599456793
9064054,56.548942329285886
9065055,728.2368748489787
9066056,614.149966820111
9067057,680.4903334160102
9068058,730.4391263767844
9069059,718.1292124850645
9070060,728.0872439036661
9071061,729.6065235687469
9072062,733.396217387969
9073063,712.4892898880448
9074064,735.4736292858596
9075065,736.3913884796983
9076066,726.337239289058
9077067,685.8187777337549
9078068,28.3401461948604
9079069,723.7994118508309
9080070,724.1895930590897
9081071,72.68215230104454
9082072,723.4472062356645
9083073,730.0613999869831
9084074,729.1546985356199
9085075,744.0113027124794
9086076,667.3633256878026
9087077,502.2910042296016
9088078,564.7028039090457
9089079,709.2245069817026
9090080,194.7735704762635
9091081,724.8743235023862
9092082,701.9485373882934
9093083,654.8511262812233
9094084,733.4045547643867
9095085,712.1054993983964
9096086,626.9399530092362
9097087,729.8594582697581
9098088,711.0206508749628
9099089,733.6890318191388
9100090,708.9813929784599
9101091,175.31723684624754
9102092,717.3310255064127
9103093,485.63445530664023
9104094,315.66339922957894
9105095,701.4357301376718
9106096,724.7302795600316
9107097,381.8348107487613
9108098,727.4546509829489
9109099,724.0926282642625
9110100,702.2396746890889
9111101,731.3860740224459
9112102,713.0739745925373
9113103,692.7772121884391
9114104,696.6348203307801
9115105,744.7618208114295
9116106,685.1739807832842
9117107,706.1302213104044
9118108,735.679350748388
9119109,700.7165684605603
9120110,634.3544186444972
9121111,723.1473321990143
9122112,728.9870899381108
9123113,503.80915208171865
9124114,152.6982208571579
9125115,725.1630683596649
9126116,710.7186818598983
9127117,571.0200142390823
9128118,739.5674359902423
9129119,720.0808509671909
9130120,723.3871485414289
9131121,691.2386496143309
9132122,707.7408864379543
9133123,705.6568446278688
9134124,537.2957662927258
9135125,688.9384919544831
9136126,725.136718654684
9137127,715.2717806578545
9138128,256.24443960646715
9139129,714.590871897665
9140130,143.2899686091479
9141131,706.8617489613908
9142132,709.390837438452
9143133,53.213673763193775
9144134,705.8266689557129
9145135,745.5978367417031
9146136,709.1011819261233
9147137,542.9095735871771
9148138,675.3200280203298
9149139,732.6807367414461
9150140,733.5669961727907
9151141,697.2029667715781
9152142,729.9062542931193
9153143,716.8193233646781
9154144,724.1431612479199
9155145,736.6868451123199
9156146,501.2899208257903
9157147,695.5794027202409
9158148,735.2230013815234
9159149,630.0281705455096
9160150,713.4022049028871
9161151,720.8638363981069
9162152,351.8696999640839
9163153,684.8791178874543
9164154,553.2416037947459
9165155,336.1628818615864
9166156,726.1329133772256
9167157,713.7778814858993
9168158,688.2242523136699
9169159,696.8785922453126
9170160,725.8208482916527
9171161,475.65888203419115
9172162,724.4756140483793
9173163,660.8381765023795
9174164,728.2592922064433
9175165,718.6128213906682
9176166,684.3676528907431
9177167,31.137692837335
9178168,708.7690879961053
9179169,736.3959887035763
9180170,658.01986731579
9181171,706.6071850410009
9182172,717.1783753348217
9183173,721.247252564821
9184174,431.5886858614987
9185175,733.1480784637978
9186176,711.9920241784558
9187177,675.9738430341799
9188178,702.6640011885427
9189179,707.9435587132165
9190180,712.5464685638783
9191181,712.5495364586073
9192182,732.7860227624982
9193183,206.9227679888964
9194184,736.1223016361253
9195185,717.2304358881682
9196186,714.9257016757592
9197187,677.8586525064281
9198188,719.1735924718797
9199189,693.8255237400501
9200190,742.1086051616618
9201191,724.6828567658401
9202192,729.3670402897762
9203193,564.2486874691228
9204194,387.813522822176
9205195,307.27240461115946
9206196,726.3213729120562
9207197,725.2727743640272
9208198,711.2273073749861
9209199,735.7155077862609
9210200,730.714743951219
9211201,726.7524832302624
9212202,359.3678205657195
9213203,656.389321090904
9214204,384.4461941720178
9215205,719.3650578216693
9216206,221.10850887096433
9217207,669.5934118382027
9218208,358.34978789899577
9219209,708.818225055713
9220210,723.336590762531
9221211,732.0587441707196
9222212,710.4557037523883
9223213,500.01183007496564
9224214,736.4867121854188
9225215,676.4580216458104
9226216,675.9721051512739
9227217,558.8786415351985
9228218,695.0199645343162
9229219,660.7696736129675
9230220,731.8460138447907
9231221,638.5713679125997
9232222,735.0642110166408
9233223,736.896214397448
9234224,442.15708777177736
9235225,639.0350769579711
9236226,719.5658401250201
9237227,690.9717699720991
9238228,744.248861191915
9239229,740.417699206996
9240230,402.8829828696334
9241231,444.3222181877707
9242232,705.3031029234045
9243233,727.8001529730456
9244234,724.554841488065
9245235,719.7818116257031
9246236,722.2139769298241
9247237,734.0601751648907
9248238,719.6985379951129
9249239,661.313403687633
9250240,639.7213543645895
9251241,714.7869429071184
9252242,730.6296571247115
9253243,702.0103254156521
9254244,693.5159197944567
9255245,707.8189490886791
9256246,721.378573460958
9257247,698.0536758336059
9258248,19.302309915377666
9259249,511.5536933554792
9260250,706.2365193273068
9261251,730.3757150491302
9262252,723.9980433612293
9263253,698.0908047684766
9264254,696.9826375811939
9265255,481.54901000339316
9266256,697.9696512979465
9267257,693.6851925683223
9268258,740.5499384758497
9269259,718.7854899210719
9270260,679.9504599593517
9271261,699.3675886065565
9272262,726.8544112377823
9273263,732.555302005707
9274264,233.21634123918113
9275265,734.0127994272056
9276266,708.6596716998685
9277267,700.4910815715358
9278268,386.5824242773143
9279269,403.5619231240764
9280270,712.653743509507
9281271,730.0733532129788
9282272,719.9210789387257
9283273,732.8529230020333
9284274,683.2089967374864
9285275,185.1661468686529
9286276,717.9631480218304
9287277,706.7599769311184
9288278,689.4779820619693
9289279,357.9448306240608
9290280,726.3674442809257
9291281,739.0708645328876
9292282,722.3849830605386
9293283,702.6927871467017
9294284,713.548177853516
9295285,674.576665747928
9296286,429.4582095146028
9297287,618.8337353506666
9298288,684.6379052275983
9299289,713.1465993412105
9300290,738.4081163994314
9301291,689.9719440635121
9302292,737.7508779934285
9303293,721.901937117717
9304294,153.86067745242664
9305295,703.0061373885661
9306296,728.7355260855051
9307297,735.2049887417664
9308298,729.4414647574819
9309299,717.6495495147882
9310300,727.4680670496487
9311301,746.0768681595908
9312302,726.9324383150248
9313303,384.3458820462301
9314304,724.0701659994799
9315305,706.0752955240393
9316306,38.458385568927376
9317307,711.1329528835248
9318308,63.90284831965079
9319309,709.9837769817655
9320310,634.206025969111
9321311,710.7149597997386
9322312,697.9082185034611
9323313,720.7179583379838
9324314,726.275544256441
9325315,731.408926866792
9326316,678.945167872567
9327317,671.6391680391529
9328318,62.821556756782684
9329319,721.1318683950113
9330320,715.5032351623759
9331321,344.5029245315088
9332322,713.7773806408705
9333323,650.9095079236934
9334324,667.3566757762477
9335325,701.0521219917621
9336326,714.290390357396
9337327,701.6378011395005
9338328,733.6316008201841
9339329,734.4465532790914
9340330,697.2266572424953
9341331,713.9231358345845
9342332,716.8475083428312
9343333,335.0345497473855
9344334,726.7697946131095
9345335,700.081966231997
9346336,698.8799131584088
9347337,706.2842514066903
9348338,715.3650170964358
9349339,652.0072642269804
9350340,716.5375417562291
9351341,698.2078630916683
9352342,699.0920048728831
9353343,684.5689584662634
9354344,729.317232231974
9355345,727.7261369603747
9356346,714.1480632104809
9357347,731.4445746180108
9358348,717.6875179917591
9359349,698.7754164426744
9360350,716.0206293729642
9361351,736.0858012956852
9362352,692.3138689673111
9363353,66.11456702983456
9364354,738.2435360566799
9365355,717.279022989824
9366356,421.0726383955092
9367357,730.4158923099723
9368358,716.33838777918
9369359,741.3825472364819
9370360,641.0145674084973
9371361,730.8248014968551
9372362,735.4363563008376
9373363,693.3482022133761
9374364,680.6948045858809
9375365,214.98865899970042
9376366,706.7170968603004
9377367,722.8651302932698
9378368,471.1259391936255
9379369,725.3862749711727
9380370,716.6661576351481
9381371,246.82478583744387
9382372,649.019933756564
9383373,720.0570694228699
9384374,63.87352675962713
9385375,686.4415457014426
9386376,723.4071668686222
9387377,691.9772404621799
9388378,737.0527438688102
9389379,712.2020592773281
9390380,715.9583073352826
9391381,704.2295423924483
9392382,703.6136878638227
9393383,366.02556467254783
9394384,733.0701749827799
9395385,720.9964311439853
9396386,641.5003497919369
9397387,736.1798057539474
9398388,711.7777679559686
9399389,732.1331102964715
9400390,704.4990162280511
9401391,503.83652489452703
9402392,699.430513912726
9403393,707.6945356306348
9404394,736.4141674654506
9405395,728.3784518463665
9406396,714.6091244174132
9407397,718.2478681052754
9408398,729.3728506940926
9409399,743.8032606144051
9410400,728.721603697921
9411401,714.7915375779813
9412402,719.0691783936275
9413403,151.33776749669445
9414404,740.7821511637092
9415405,520.3936096287763
9416406,731.3696663435661
9417407,621.246652455509
9418408,716.0206218307721
9419409,740.8159267886481
9420410,736.2369508760365
9421411,591.722588957138
9422412,742.550626414046
9423413,718.9438607932782
9424414,719.240996316058
9425415,719.9156578768068
9426416,680.8115402753211
9427417,707.8320713099913
9428418,680.9144756532676
9429419,314.29630425324683
9430420,674.3635670184872
9431421,720.4291043172558
9432422,701.0859970291498
9433423,562.6758255679603
9434424,707.4529952722907
9435425,725.8229722229979
9436426,732.9107250674509
9437427,710.7601149883499
9438428,734.9484944024277
9439429,706.4377442144222
9440430,718.4551351231337
9441431,706.129023711273
9442432,689.3208041920025
9443433,206.02498960609825
9444434,665.0543046373479
9445435,731.5902390878402
9446436,726.2156035675733
9447437,719.6044877090916
9448438,737.3740559106632
9449439,726.3628267247543
9450440,694.148508293796
9451441,728.5234253540038
9452442,615.6841300210906
9453443,701.2942488194715
9454444,733.4474052070359
9455445,723.1165288581944
9456446,726.0554404392931
9457447,707.1276161320927
9458448,601.4737793271473
9459449,747.013018710674
9460450,291.5936830355111
9461451,709.7397592515775
9462452,706.578920927029
9463453,740.0184189362404
9464454,728.9905970695418
9465455,731.8062643653018
9466456,728.5927370336498
9467457,721.4294252272133
9468458,692.5987228212149
9469459,680.7939929424679
9470460,430.3672418686998
9471461,696.0608512966334
9472462,564.7086459727185
9473463,736.023670724697
9474464,724.1591034903422
9475465,724.2334634841794
9476466,683.2424977097053
9477467,680.7396066788414
9478468,727.7050077351458
9479469,302.5622572933177
9480470,728.5936688224846
9481471,732.1389085064696
9482472,64.86882014403682
9483473,715.1380625628026
9484474,724.3409299375089
9485475,473.23261824841165
9486476,452.23389676600135
9487477,725.523284329075
9488478,709.5933059968095
9489479,706.9040057360959
9490480,718.6289934993646
9491481,209.55119017519974
9492482,722.3797520652503
9493483,713.5271244905479
9494484,734.0515508308416
9495485,560.7500460478108
9496486,725.1105942643258
9497487,674.0449678190699
9498488,711.1232294285966
9499489,717.0649080367725
9500490,730.5638932945384
9501491,716.1299909379454
9502492,719.7939469194492
9503493,681.7346450609587
9504494,718.257500467783
9505495,676.0759344507168
9506496,725.9492405569265
9507497,714.0001028432853
9508498,68.57904128105756
9509499,712.8635288879233
9510500,719.3307182484078
9511501,674.9135554763363
9512502,711.115274828669
9513503,335.0098587751488
9514504,725.138632325356
9515505,720.6601239150991
9516506,547.2481184513862
9517507,709.9474153915937
9518508,703.5713581659147
9519509,718.8933917022995
9520510,378.08870267631306
9521511,708.4108946570911
9522512,725.2378475645289
9523513,66.11695168035857
9524514,564.2935687307069
9525515,669.7619551498063
9526516,659.6363674421738
9527517,715.7205869712773
9528518,713.3938331203277
9529519,715.7700447784626
9530520,730.0250809582358
9531521,723.1631884039471
9532522,447.42638766931634
9533523,724.8967318892888
9534524,725.2711017361701
9535525,510.0859875444286
9536526,658.3500278001079
9537527,718.6085843268307
9538528,691.4519748272344
9539529,739.4101192027326
9540530,722.2438497367232
9541531,486.67418242023496
9542532,716.2093373311739
9543533,723.8953601860162
9544534,715.6669615885945
9545535,668.6574423369041
9546536,732.8249935740686
9547537,705.2525419308772
9548538,696.241434722378
9549539,737.5308150634305
9550540,730.0992662071002
9551541,240.27966340544808
9552542,702.0548446088633
9553543,720.985298892925
9554544,697.0908039790723
9555545,721.1626748026317
9556546,723.4804795313709
9557547,710.4295983258955
9558548,712.346278429632
9559549,97.96503923098831
9560550,646.2769847800779
9561551,734.6822837363651
9562552,713.4926079126884
9563553,665.6165786645514
9564554,85.59491193603941
9565555,353.74395884757547
9566556,729.3810918405651
9567557,705.0109743859184
9568558,719.3162129921699
9569559,68.87545134212299
9570560,314.8752403993856
9571561,709.7775353954555
9572562,733.6913154314985
9573563,709.2305483848288
9574564,682.4263906563077
9575565,702.7154112025244
9576566,723.3348403237015
9577567,729.8502584480999
9578568,730.1908881636801
9579569,658.196042783115
9580570,742.9057777511024
9581571,678.6616846671304
9582572,714.1439750884058
9583573,433.64949312744824
9584574,715.6117360616868
9585575,722.4202767608738
9586576,742.5234462570569
9587577,726.6704290690677
9588578,730.1005743923308
9589579,699.5485016594358
9590580,664.2102755756998
9591581,718.525422040713
9592582,717.0558294414722
9593583,682.6072563313123
9594584,735.4720817951702
9595585,720.403961891338
9596586,725.7144000881237
9597587,628.5696325912284
9598588,732.6265571326032
9599589,695.1807719143782
9600590,389.1895560430477
9601591,699.2274482245565
9602592,730.8528513577504
9603593,696.0856049342099
9604594,714.56955063087
9605595,533.1994684039828
9606596,714.2918406803664
9607597,654.8927217869702
9608598,713.7600408619842
9609599,708.7774972268476
9610600,711.8895672298794
9611601,71.74253688959298
9612602,719.5484349874718
9613603,707.2682971540235
9614604,729.3448814882106
9615605,717.8053773972891
9616606,637.8023522199919
9617607,726.2762025712893
9618608,738.2354441046326
9619609,720.4135627578418
9620610,726.1884152713441
9621611,464.8734508777565
9622612,735.7921271546675
9623613,715.9970394971516
9624614,422.22420804705405
9625615,461.36188438897335
9626616,721.2173944135906
9627617,681.6027079611696
9628618,723.1849522206953
9629619,713.3885652760956
9630620,684.8956637288856
9631621,558.044958131748
9632622,714.9643110696395
9633623,714.5951575734639
9634624,677.9562353149167
9635625,733.5857546955828
9636626,734.8653704388815
9637627,713.1560826364883
9638628,660.5456272938605
9639629,719.9735777691147
9640630,717.8917363170264
9641631,728.4330605014844
9642632,665.7983997898694
9643633,719.6953471244699
9644634,704.6021339422838
9645635,702.9208434080278
9646636,723.6446844832489
9647637,697.1197825298449
9648638,713.5095410279905
9649639,358.92958499667435
9650640,732.2351725005965
9651641,645.5006733686135
9652642,511.9016796239258
9653643,731.0680312006439
9654644,677.9779379673648
9655645,736.672502831873
9656646,723.3449746025153
9657647,732.3784236368836
9658648,700.9716872449793
9659649,733.2144858970381
9660650,695.7502930923148
9661651,717.8115740518098
9662652,728.3133527475427
9663653,684.790790484755
9664654,695.1564919555568
9665655,700.2387332844826
9666656,679.6329611691717
9667657,724.4995679560539
9668658,721.7641378329193
9669659,730.3901483360863
9670660,680.6572434698221
9671661,407.6979810351762
9672662,709.6998552660378
9673663,374.7032296554224
9674664,671.3104573483716
9675665,700.8513826320021
9676666,725.5543135739731
9677667,730.0486908132807
9678668,720.1216322553472
9679669,160.67242132818149
9680670,724.8945305274051
9681671,727.9961815637294
9682672,721.5938989415702
9683673,711.6989338723313
9684674,720.6265508117604
9685675,740.3291695431509
9686676,728.2097751985281
9687677,344.38647623784163
9688678,687.8077850366504
9689679,227.32832145366436
9690680,718.9029961972424
9691681,679.0224654329667
9692682,617.1671554925083
9693683,746.2763893065569
9694684,716.5226789229811
9695685,20.941193057593154
9696686,738.6788540942956
9697687,692.4310668178512
9698688,733.2356600929123
9699689,710.0428858233905
9700690,716.1609846358594
9701691,719.2542325233289
9702692,605.0946892583921
9703693,721.4339790845822
9704694,709.4085521724693
9705695,733.424455811761
9706696,738.2612515369711
9707697,726.1992209984022
9708698,742.2320730026655
9709699,723.3267099362087
9710700,541.5232171836461
9711701,701.2207301302855
9712702,701.3904122160992
9713703,701.4184624154732
9714704,734.424310918969
9715705,23.716442317114357
9716706,709.4669840412922
9717707,755.6241216350248
9718708,725.3009518793565
9719709,728.4714946482205
9720710,180.33318194455563
9721711,725.5844361681591
9722712,725.7717220792214
9723713,265.7351932166407
9724714,714.2074735979301
9725715,720.1996344828207
9726716,682.7376891542875
9727717,735.7750160348567
9728718,701.7600957119166
9729719,744.0029653203943
9730720,730.2833957987089
9731721,720.9737393618476
9732722,728.1138995151324
9733723,730.6621256859221
9734724,720.5997206630972
9735725,671.4340744235614
9736726,724.186671759586
9737727,731.6479856435002
9738728,720.1677271056747
9739729,709.064655877788
9740730,717.835344762496
9741731,717.2288190175194
9742732,61.623920685935595
9743733,682.3853861669309
9744734,733.4204903757734
9745735,699.2890126351548
9746736,61.09157994517209
9747737,740.6362914674584
9748738,685.3505100207718
9749739,530.2443744156623
9750740,493.84597940212683
9751741,724.6394704992981
9752742,739.5443864106384
9753743,724.6134823801469
9754744,729.0629430228283
9755745,696.8404584543596
9756746,710.3589528194915
9757747,728.7617175230679
9758748,728.9187624563324
9759749,723.9919039365025
9760750,664.0329106339385
9761751,717.7808659351424
9762752,738.0698647344915
9763753,716.1705396774454
9764754,728.0581377726269
9765755,394.0069094657247
9766756,694.4498200752608
9767757,704.9212030891048
9768758,714.6011272699891
9769759,581.269700532641
9770760,733.5950552541511
9771761,707.4256854764432
9772762,710.1012442169875
9773763,692.1243958705596
9774764,726.550569512027
9775765,718.851015117949
9776766,715.5163264973341
9777767,467.3292142447381
9778768,711.494960360615
9779769,729.9539447966647
9780770,606.340718443128
9781771,739.9667488434899
9782772,616.1524775607131
9783773,119.07770105808247
9784774,678.5596048261012
9785775,281.10751288986273
9786776,733.7260151951942
9787777,724.9060532866255
9788778,741.0545580117903
9789779,730.2821163098607
9790780,733.7358003858441
9791781,745.977654960313
9792782,715.3066532487348
9793783,732.4431988620124
9794784,670.1680013789459
9795785,713.0711278601899
9796786,723.3909374901472
9797787,721.1860430119589
9798788,501.49108972421624
9799789,732.3990421663566
9800790,732.2138991632486
9801791,728.0233410887399
9802792,685.5182481037572
9803793,709.650284232081
9804794,723.8419444826832
9805795,696.7573808890642
9806796,342.07475410700846
9807797,448.97709202391934
9808798,707.9809553999386
9809799,57.61732274093536
9810800,679.4211746287542
9811801,732.3357995011211
9812802,732.9074327936705
9813803,735.4392386461955
9814804,735.250614207904
9815805,592.2226997314441
9816806,716.0332503445553
9817807,730.0341741184506
9818808,719.5684474929753
9819809,702.9455134903014
9820810,723.8908109214767
9821811,721.6748799818879
9822812,719.4014140019326
9823813,699.0278726699013
9824814,731.235650814548
9825815,731.0251124021026
9826816,349.3276814006339
9827817,229.17379119270697
9828818,718.2398149352553
9829819,704.8709520923787
9830820,697.0713784045053
9831821,723.9237156394195
9832822,707.3076751680215
9833823,733.238516157098
9834824,710.530217836305
9835825,698.8680736775914
9836826,723.2634267469863
9837827,732.6141684285161
9838828,197.03181096694428
9839829,726.0041694862257
9840830,683.6593142061162
9841831,687.7280803701341
9842832,713.7131187703817
9843833,701.6707726114046
9844834,409.21163349300485
9845835,696.3266215439702
9846836,88.51088056171885
9847837,676.7175714163402
9848838,654.8842148780617
9849839,715.4300616767018
9850840,720.2653887639036
9851841,720.2805592303333
9852842,716.286885220861
9853843,717.3469897129931
9854844,731.699822214011
9855845,717.9489493386388
9856846,293.65835605023534
9857847,629.6957437758476
9858848,714.3721904470599
9859849,719.0171552107981
9860850,722.875864669759
9861851,705.4298941162017
9862852,723.6852008231992
9863853,711.4326088527447
9864854,715.6333643122941
9865855,738.6804148082203
9866856,163.3310133060511
9867857,727.4947181179184
9868858,194.54446066169737
9869859,714.295301646237
9870860,725.0051769839918
9871861,319.97897269661024
9872862,295.3779499015148
9873863,310.2148794575846
9874864,722.9620894741995
9875865,616.1970923319574
9876866,707.8157074464403
9877867,689.3751197367563
9878868,730.3442763291775
9879869,228.20912639478763
9880870,713.848435367933
9881871,478.5351570278952
9882872,24.220141023950433
9883873,173.62297278389667
9884874,334.42182912645444
9885875,441.17887791910925
9886876,400.0402917080471
9887877,710.6867294669418
9888878,674.0946956149695
9889879,655.1763600746739
9890880,22.384805503870194
9891881,702.6113705898873
9892882,669.0669069376032
9893883,717.7854374226955
9894884,724.7472281136186
9895885,698.1869088642833
9896886,288.9926344710441
9897887,736.766073837068
9898888,481.03038963047663
9899889,720.3233763658334
9900890,180.30311697820625
9901891,712.5442476003177
9902892,727.729400761947
9903893,698.5454717423107
9904894,688.5050388257994
9905895,725.6610661324872
9906896,725.8996991194958
9907897,725.348462581703
9908898,717.0963826727452
9909899,725.1180517677553
9910900,702.7204370662463
9911901,395.0556125567359
9912902,724.7033462893771
9913903,720.8950457612884
9914904,723.185292184025
9915905,705.9359186074216
9916906,705.9157209459881
9917907,728.5361430214967
9918908,710.5801440596363
9919909,728.0767052282633
9920910,732.7184265429275
9921911,738.9742845611755
9922912,716.4068562295333
9923913,648.1514450439221
9924914,727.4039140517417
9925915,720.2635377394315
9926916,131.07602841894052
9927917,670.0675026752723
9928918,727.9996601027988
9929919,732.0845654233245
9930920,732.7879768020663
9931921,462.49480673324433
9932922,719.3248105309978
9933923,717.2551710167697
9934924,683.9593610188422
9935925,627.9085589966736
9936926,690.9175783713087
9937927,551.5055250862235
9938928,379.1082468455045
9939929,661.0745283442495
9940930,291.5051466770965
9941931,732.2702104142256
9942932,713.7214260688322
9943933,680.7007136032995
9944934,737.5934340385515
9945935,716.0327533535647
9946936,576.6710687424268
9947937,740.2607010539525
9948938,684.9008676026184
9949939,727.6182185141861
9950940,719.5577665944294
9951941,731.5754456631811
9952942,726.7362542501774
9953943,708.4881550802974
9954944,715.7484866877352
9955945,716.7194273800773
9956946,509.4022911946157
9957947,716.5844932295639
9958948,719.3071416602205
9959949,536.5276334630344
9960950,732.6030678360627
9961951,709.4589718312458
9962952,732.4700686918371
9963953,722.8061898595779
9964954,723.4569482971604
9965955,698.8774113996539
9966956,718.0135063222012
9967957,661.1876707461709
9968958,706.7472899550086
9969959,600.1431756161645
9970960,699.8450938794506
9971961,715.7793972204583
9972962,704.229321435171
9973963,742.6181887529659
9974964,715.1698007508929
9975965,737.1812487696127
9976966,726.0874052584356
9977967,711.6743426489367
9978968,716.6316737405051
9979969,668.9686618311504
9980970,421.3174584258943
9981971,641.4429802089119
9982972,720.4932104282608
9983973,669.9642718446266
9984974,747.7958726407185
9985975,605.8910091760137
9986976,706.4865198519592
9987977,704.3067806461659
9988978,617.3276519062136
9989979,309.61589115440717
9990980,711.7571806499748
9991981,98.98193696395357
9992982,744.4205601463802
9993983,668.3475001631441
