timestep,episodic_return
1000,2.0
2001,26.0
3002,0.0
4003,0.0
5004,3.0
6005,21.0
7006,120.0
8007,99.0
9008,159.0
10009,75.0
11010,9.0
12011,18.0
13012,72.0
14013,95.0
15014,84.0
16015,116.0
17016,31.0
18017,0.0
19018,0.0
20019,237.0
21020,31.0
22021,0.0
23022,183.0
24023,15.0
25024,141.0
26025,61.0
27026,32.0
28027,0.0
29028,464.0
30029,0.0
31030,126.0
32031,66.0
33032,346.0
34033,111.0
35034,0.0
36035,0.0
37036,0.0
38037,250.0
39038,351.0
40039,0.0
41040,376.0
42041,0.0
43042,0.0
44043,0.0
45044,0.0
46045,29.0
47046,0.0
48047,243.0
49048,0.0
50049,96.0
51050,51.0
52051,35.0
53052,0.0
54053,128.0
55054,193.0
56055,0.0
57056,263.0
58057,10.0
59058,423.0
60059,219.0
61060,100.0
62061,12.0
63062,82.0
64063,0.0
65064,0.0
66065,346.0
67066,78.0
68067,2.0
69068,139.0
70069,0.0
71070,0.0
72071,162.0
73072,348.0
74073,21.0
75074,965.0
76075,296.0
77076,0.0
78077,0.0
79078,60.0
80079,2.0
81080,426.0
82081,0.0
83082,0.0
84083,433.0
85084,0.0
86085,0.0
87086,904.0
88087,27.0
89088,392.0
90089,842.0
91090,0.0
92091,0.0
93092,86.0
94093,55.0
95094,863.0
96095,800.0
97096,0.0
98097,0.0
99098,903.0
100099,240.0
101100,0.0
102101,0.0
103102,0.0
104103,478.0
105104,0.0
106105,0.0
107106,789.0
108107,929.0
109108,0.0
110109,355.0
111110,135.0
112111,881.0
113112,0.0
114113,0.0
115114,229.0
116115,425.0
117116,2.0
118117,0.0
119118,150.0
120119,852.0
121120,155.0
122121,0.0
123122,956.0
124123,257.0
125124,0.0
126125,770.0
127126,73.0
128127,866.0
129128,290.0
130129,643.0
131130,905.0
132131,959.0
133132,206.0
134133,868.0
135134,225.0
136135,119.0
137136,342.0
138137,979.0
139138,1.0
140139,0.0
141140,986.0
142141,951.0
143142,0.0
144143,151.0
145144,0.0
146145,134.0
147146,468.0
148147,55.0
149148,922.0
150149,861.0
151150,477.0
152151,0.0
153152,781.0
154153,989.0
155154,0.0
156155,954.0
157156,90.0
158157,259.0
159158,829.0
160159,47.0
161160,763.0
162161,82.0
163162,306.0
164163,583.0
165164,76.0
166165,52.0
167166,417.0
168167,899.0
169168,972.0
170169,0.0
171170,293.0
172171,317.0
173172,49.0
174173,126.0
175174,868.0
176175,954.0
177176,0.0
178177,16.0
179178,915.0
180179,938.0
181180,6.0
182181,875.0
183182,31.0
184183,0.0
185184,34.0
186185,0.0
187186,633.0
188187,0.0
189188,17.0
190189,924.0
191190,911.0
192191,922.0
193192,892.0
194193,972.0
195194,229.0
196195,0.0
197196,985.0
198197,111.0
199198,179.0
200199,0.0
201200,896.0
202201,0.0
203202,51.0
204203,123.0
205204,855.0
206205,130.0
207206,925.0
208207,0.0
209208,591.0
210209,961.0
211210,974.0
212211,46.0
213212,0.0
214213,988.0
215214,0.0
216215,979.0
217216,182.0
218217,670.0
219218,154.0
220219,459.0
221220,787.0
222221,0.0
223222,2.0
224223,882.0
225224,0.0
226225,289.0
227226,6.0
228227,856.0
229228,889.0
230229,722.0
231230,943.0
232231,978.0
233232,952.0
234233,763.0
235234,403.0
236235,202.0
237236,756.0
238237,370.0
239238,334.0
240239,930.0
241240,21.0
242241,943.0
243242,0.0
244243,0.0
245244,765.0
246245,12.0
247246,137.0
248247,945.0
249248,680.0
250249,0.0
251250,848.0
252251,0.0
253252,894.0
254253,8.0
255254,81.0
256255,892.0
257256,983.0
258257,961.0
259258,827.0
260259,0.0
261260,926.0
262261,4.0
263262,923.0
264263,0.0
265264,941.0
266265,0.0
267266,0.0
268267,929.0
269268,0.0
270269,733.0
271270,981.0
272271,116.0
273272,637.0
274273,0.0
275274,756.0
276275,287.0
277276,264.0
278277,12.0
279278,881.0
280279,0.0
281280,374.0
282281,912.0
283282,868.0
284283,852.0
285284,0.0
286285,680.0
287286,877.0
288287,149.0
289288,900.0
290289,341.0
291290,924.0
292291,919.0
293292,846.0
294293,959.0
295294,6.0
296295,0.0
297296,901.0
298297,299.0
299298,698.0
300299,857.0
301300,936.0
302301,720.0
303302,936.0
304303,953.0
305304,233.0
306305,919.0
307306,697.0
308307,760.0
309308,932.0
310309,972.0
311310,976.0
312311,916.0
313312,892.0
314313,944.0
315314,867.0
316315,918.0
317316,818.0
318317,916.0
319318,0.0
320319,961.0
321320,294.0
322321,0.0
323322,909.0
324323,0.0
325324,894.0
326325,936.0
327326,973.0
328327,487.0
329328,941.0
330329,426.0
331330,992.0
332331,905.0
333332,953.0
334333,2.0
335334,965.0
336335,0.0
337336,19.0
338337,876.0
339338,750.0
340339,945.0
341340,401.0
342341,826.0
343342,0.0
344343,818.0
345344,679.0
346345,101.0
347346,982.0
348347,618.0
349348,633.0
350349,618.0
351350,977.0
352351,966.0
353352,611.0
354353,893.0
355354,933.0
356355,765.0
357356,962.0
358357,880.0
359358,937.0
360359,965.0
361360,5.0
362361,980.0
363362,968.0
364363,0.0
365364,941.0
366365,983.0
367366,617.0
368367,0.0
369368,980.0
370369,908.0
371370,809.0
372371,899.0
373372,975.0
374373,919.0
375374,935.0
376375,750.0
377376,863.0
378377,973.0
379378,0.0
380379,907.0
381380,0.0
382381,963.0
383382,13.0
384383,833.0
385384,362.0
386385,946.0
387386,0.0
388387,287.0
389388,781.0
390389,0.0
391390,3.0
392391,976.0
393392,975.0
394393,951.0
395394,580.0
396395,938.0
397396,188.0
398397,838.0
399398,957.0
400399,826.0
401400,828.0
402401,955.0
403402,746.0
404403,937.0
405404,516.0
406405,950.0
407406,832.0
408407,240.0
409408,854.0
410409,816.0
411410,0.0
412411,639.0
413412,599.0
414413,818.0
415414,927.0
416415,0.0
417416,923.0
418417,928.0
419418,927.0
420419,899.0
421420,0.0
422421,959.0
423422,66.0
424423,961.0
425424,918.0
426425,924.0
427426,882.0
428427,934.0
429428,898.0
430429,933.0
431430,272.0
432431,987.0
433432,188.0
434433,0.0
435434,950.0
436435,772.0
437436,972.0
438437,926.0
439438,921.0
440439,936.0
441440,850.0
442441,972.0
443442,916.0
444443,936.0
445444,278.0
446445,976.0
447446,945.0
448447,208.0
449448,0.0
450449,963.0
451450,0.0
452451,907.0
453452,944.0
454453,248.0
455454,651.0
456455,882.0
457456,0.0
458457,917.0
459458,943.0
460459,960.0
461460,934.0
462461,13.0
463462,958.0
464463,666.0
465464,781.0
466465,650.0
467466,915.0
468467,621.0
469468,802.0
470469,958.0
471470,971.0
472471,971.0
473472,940.0
474473,797.0
475474,873.0
476475,972.0
477476,77.0
478477,0.0
479478,942.0
480479,204.0
481480,671.0
482481,0.0
483482,794.0
484483,920.0
485484,910.0
486485,912.0
487486,935.0
488487,178.0
489488,0.0
490489,911.0
491490,915.0
492491,926.0
493492,905.0
494493,859.0
495494,993.0
496495,88.0
497496,895.0
498497,718.0
499498,26.0
500499,70.0
501500,954.0
502501,914.0
503502,204.0
504503,974.0
505504,505.0
506505,889.0
507506,0.0
508507,458.0
509508,950.0
510509,983.0
511510,924.0
512511,882.0
513512,915.0
514513,941.0
515514,148.0
516515,969.0
517516,594.0
518517,0.0
519518,712.0
520519,0.0
521520,403.0
522521,927.0
523522,0.0
524523,890.0
525524,952.0
526525,987.0
527526,918.0
528527,850.0
529528,269.0
530529,657.0
531530,935.0
532531,877.0
533532,904.0
534533,932.0
535534,926.0
536535,920.0
537536,776.0
538537,970.0
539538,930.0
540539,909.0
541540,919.0
542541,0.0
543542,955.0
544543,933.0
545544,855.0
546545,650.0
547546,95.0
548547,962.0
549548,317.0
550549,932.0
551550,949.0
552551,92.0
553552,941.0
554553,975.0
555554,899.0
556555,899.0
557556,909.0
558557,850.0
559558,832.0
560559,0.0
561560,998.0
562561,973.0
563562,922.0
564563,927.0
565564,553.0
566565,537.0
567566,971.0
568567,891.0
569568,953.0
570569,952.0
571570,901.0
572571,822.0
573572,0.0
574573,0.0
575574,919.0
576575,420.0
577576,902.0
578577,131.0
579578,957.0
580579,900.0
581580,933.0
582581,641.0
583582,0.0
584583,0.0
585584,978.0
586585,0.0
587586,0.0
588587,902.0
589588,885.0
590589,973.0
591590,788.0
592591,1.0
593592,937.0
594593,975.0
595594,766.0
596595,956.0
597596,0.0
598597,778.0
599598,870.0
600599,934.0
601600,861.0
602601,0.0
603602,912.0
604603,923.0
605604,288.0
606605,836.0
607606,0.0
608607,921.0
609608,791.0
610609,0.0
611610,895.0
612611,590.0
613612,0.0
614613,134.0
615614,960.0
616615,879.0
617616,926.0
618617,457.0
619618,1.0
620619,40.0
621620,25.0
622621,855.0
623622,937.0
624623,431.0
625624,883.0
626625,903.0
627626,338.0
628627,870.0
629628,212.0
630629,1000.0
631630,917.0
632631,981.0
633632,539.0
634633,11.0
635634,0.0
636635,0.0
637636,921.0
638637,911.0
639638,935.0
640639,0.0
641640,852.0
642641,915.0
643642,866.0
644643,543.0
645644,902.0
646645,0.0
647646,953.0
648647,938.0
649648,199.0
650649,870.0
651650,912.0
652651,962.0
653652,5.0
654653,866.0
655654,379.0
656655,0.0
657656,952.0
658657,946.0
659658,537.0
660659,693.0
661660,831.0
662661,583.0
663662,201.0
664663,759.0
665664,904.0
666665,911.0
667666,760.0
668667,780.0
669668,907.0
670669,854.0
671670,870.0
672671,888.0
673672,892.0
674673,447.0
675674,902.0
676675,865.0
677676,857.0
678677,940.0
679678,985.0
680679,920.0
681680,921.0
682681,740.0
683682,881.0
684683,956.0
685684,821.0
686685,848.0
687686,945.0
688687,6.0
689688,935.0
690689,357.0
691690,879.0
692691,929.0
693692,999.0
694693,562.0
695694,916.0
696695,918.0
697696,941.0
698697,15.0
699698,950.0
700699,765.0
701700,3.0
702701,975.0
703702,142.0
704703,0.0
705704,0.0
706705,732.0
707706,868.0
708707,274.0
709708,910.0
710709,905.0
711710,927.0
712711,96.0
713712,950.0
714713,0.0
715714,918.0
716715,918.0
717716,926.0
718717,870.0
719718,821.0
720719,0.0
721720,559.0
722721,911.0
723722,0.0
724723,929.0
725724,379.0
726725,409.0
727726,0.0
728727,971.0
729728,925.0
730729,942.0
731730,947.0
732731,894.0
733732,917.0
734733,938.0
735734,933.0
736735,963.0
737736,430.0
738737,942.0
739738,919.0
740739,938.0
741740,109.0
742741,894.0
743742,769.0
744743,803.0
745744,925.0
746745,340.0
747746,550.0
748747,458.0
749748,496.0
750749,80.0
751750,950.0
752751,546.0
753752,928.0
754753,855.0
755754,0.0
756755,799.0
757756,0.0
758757,0.0
759758,945.0
760759,0.0
761760,965.0
762761,672.0
763762,944.0
764763,135.0
765764,559.0
766765,607.0
767766,950.0
768767,454.0
769768,731.0
770769,1000.0
771770,878.0
772771,897.0
773772,0.0
774773,887.0
775774,0.0
776775,520.0
777776,903.0
778777,806.0
779778,944.0
780779,777.0
781780,387.0
782781,947.0
783782,662.0
784783,622.0
785784,284.0
786785,881.0
787786,899.0
788787,935.0
789788,935.0
790789,607.0
791790,0.0
792791,794.0
793792,960.0
794793,886.0
795794,864.0
796795,406.0
797796,963.0
798797,921.0
799798,896.0
800799,0.0
801800,0.0
802801,757.0
803802,891.0
804803,913.0
805804,511.0
806805,0.0
807806,928.0
808807,896.0
809808,896.0
810809,932.0
811810,422.0
812811,5.0
813812,961.0
814813,653.0
815814,855.0
816815,957.0
817816,851.0
818817,854.0
819818,854.0
820819,946.0
821820,1000.0
822821,966.0
823822,841.0
824823,874.0
825824,945.0
826825,931.0
827826,977.0
828827,686.0
829828,934.0
830829,958.0
831830,975.0
832831,761.0
833832,923.0
834833,942.0
835834,756.0
836835,599.0
837836,904.0
838837,954.0
839838,904.0
840839,930.0
841840,905.0
842841,406.0
843842,914.0
844843,701.0
845844,923.0
846845,880.0
847846,853.0
848847,0.0
849848,253.0
850849,0.0
851850,771.0
852851,606.0
853852,774.0
854853,951.0
855854,942.0
856855,950.0
857856,947.0
858857,805.0
859858,105.0
860859,0.0
861860,927.0
862861,401.0
863862,976.0
864863,906.0
865864,948.0
866865,0.0
867866,627.0
868867,935.0
869868,0.0
870869,440.0
871870,941.0
872871,307.0
873872,566.0
874873,923.0
875874,928.0
876875,825.0
877876,335.0
878877,952.0
879878,961.0
880879,786.0
881880,560.0
882881,19.0
883882,951.0
884883,506.0
885884,983.0
886885,911.0
887886,946.0
888887,966.0
889888,888.0
890889,6.0
891890,7.0
892891,8.0
893892,967.0
894893,17.0
895894,922.0
896895,720.0
897896,417.0
898897,579.0
899898,0.0
900899,922.0
901900,870.0
902901,405.0
903902,548.0
904903,906.0
905904,828.0
906905,393.0
907906,934.0
908907,968.0
909908,942.0
910909,923.0
911910,974.0
912911,0.0
913912,776.0
914913,365.0
915914,4.0
916915,910.0
917916,911.0
918917,0.0
919918,880.0
920919,12.0
921920,541.0
922921,0.0
923922,826.0
924923,261.0
925924,718.0
926925,558.0
927926,964.0
928927,349.0
929928,927.0
930929,210.0
931930,0.0
932931,904.0
933932,865.0
934933,0.0
935934,946.0
936935,962.0
937936,569.0
938937,925.0
939938,520.0
940939,611.0
941940,433.0
942941,0.0
943942,972.0
944943,624.0
945944,964.0
946945,6.0
947946,849.0
948947,925.0
949948,940.0
950949,964.0
951950,852.0
952951,391.0
953952,952.0
954953,249.0
955954,770.0
956955,624.0
957956,996.0
958957,773.0
959958,844.0
960959,649.0
961960,907.0
962961,929.0
963962,594.0
964963,724.0
965964,977.0
966965,304.0
967966,0.0
968967,966.0
969968,925.0
970969,902.0
971970,496.0
972971,801.0
973972,713.0
974973,926.0
975974,746.0
976975,166.0
977976,598.0
978977,984.0
979978,861.0
980979,948.0
981980,466.0
982981,336.0
983982,870.0
984983,961.0
985984,948.0
986985,898.0
987986,699.0
988987,635.0
989988,560.0
990989,907.0
991990,924.0
992991,877.0
993992,989.0
994993,597.0
995994,538.0
996995,932.0
997996,858.0
998997,908.0
999998,201.0
1000999,876.0
1002000,705.0
1003001,144.0
1004002,99.0
1005003,821.0
1006004,949.0
1007005,855.0
1008006,921.0
1009007,490.0
1010008,877.0
1011009,859.0
1012010,960.0
1013011,780.0
1014012,890.0
1015013,658.0
1016014,800.0
1017015,952.0
1018016,880.0
1019017,531.0
1020018,961.0
1021019,824.0
1022020,722.0
1023021,774.0
1024022,722.0
1025023,890.0
1026024,891.0
1027025,963.0
1028026,460.0
1029027,830.0
1030028,741.0
1031029,896.0
1032030,847.0
1033031,830.0
1034032,148.0
1035033,915.0
1036034,892.0
1037035,917.0
1038036,945.0
1039037,776.0
1040038,759.0
1041039,927.0
1042040,974.0
1043041,916.0
1044042,228.0
1045043,914.0
1046044,832.0
1047045,936.0
1048046,991.0
1049047,903.0
1050048,945.0
1051049,990.0
1052050,0.0
1053051,881.0
1054052,968.0
1055053,939.0
1056054,968.0
1057055,982.0
1058056,959.0
1059057,917.0
1060058,935.0
1061059,0.0
1062060,949.0
1063061,686.0
1064062,0.0
1065063,813.0
1066064,961.0
1067065,838.0
1068066,524.0
1069067,947.0
1070068,897.0
1071069,859.0
1072070,825.0
1073071,470.0
1074072,967.0
1075073,946.0
1076074,972.0
1077075,609.0
1078076,853.0
1079077,0.0
1080078,308.0
1081079,954.0
1082080,948.0
1083081,955.0
1084082,881.0
1085083,652.0
1086084,896.0
1087085,912.0
1088086,900.0
1089087,940.0
1090088,957.0
1091089,968.0
1092090,861.0
1093091,534.0
1094092,269.0
1095093,704.0
1096094,941.0
1097095,851.0
1098096,916.0
1099097,965.0
1100098,981.0
1101099,917.0
1102100,998.0
1103101,611.0
1104102,933.0
1105103,276.0
1106104,901.0
1107105,408.0
1108106,0.0
1109107,462.0
1110108,963.0
1111109,805.0
1112110,987.0
1113111,866.0
1114112,965.0
1115113,82.0
1116114,831.0
1117115,904.0
1118116,818.0
1119117,631.0
1120118,0.0
1121119,312.0
1122120,840.0
1123121,957.0
1124122,931.0
1125123,576.0
1126124,967.0
1127125,944.0
1128126,932.0
1129127,0.0
1130128,961.0
1131129,954.0
1132130,887.0
1133131,800.0
1134132,886.0
1135133,0.0
1136134,916.0
1137135,974.0
1138136,632.0
1139137,1000.0
1140138,883.0
1141139,976.0
1142140,950.0
1143141,792.0
1144142,827.0
1145143,856.0
1146144,19.0
1147145,968.0
1148146,964.0
1149147,924.0
1150148,764.0
1151149,849.0
1152150,866.0
1153151,907.0
1154152,957.0
1155153,286.0
1156154,937.0
1157155,600.0
1158156,990.0
1159157,939.0
1160158,982.0
1161159,926.0
1162160,464.0
1163161,941.0
1164162,970.0
1165163,902.0
1166164,949.0
1167165,906.0
1168166,0.0
1169167,851.0
1170168,959.0
1171169,896.0
1172170,846.0
1173171,0.0
1174172,977.0
1175173,907.0
1176174,920.0
1177175,635.0
1178176,836.0
1179177,860.0
1180178,731.0
1181179,913.0
1182180,937.0
1183181,965.0
1184182,882.0
1185183,0.0
1186184,945.0
1187185,944.0
1188186,941.0
1189187,867.0
1190188,934.0
1191189,923.0
1192190,750.0
1193191,968.0
1194192,974.0
1195193,949.0
1196194,477.0
1197195,914.0
1198196,904.0
1199197,936.0
1200198,915.0
1201199,790.0
1202200,894.0
1203201,901.0
1204202,895.0
1205203,658.0
1206204,885.0
1207205,919.0
1208206,1000.0
1209207,935.0
1210208,922.0
1211209,815.0
1212210,730.0
1213211,666.0
1214212,891.0
1215213,731.0
1216214,920.0
1217215,724.0
1218216,925.0
1219217,941.0
1220218,0.0
1221219,777.0
1222220,795.0
1223221,919.0
1224222,891.0
1225223,765.0
1226224,0.0
1227225,940.0
1228226,939.0
1229227,864.0
1230228,0.0
1231229,966.0
1232230,914.0
1233231,891.0
1234232,907.0
1235233,888.0
1236234,902.0
1237235,933.0
1238236,865.0
1239237,938.0
1240238,928.0
1241239,919.0
1242240,979.0
1243241,981.0
1244242,0.0
1245243,0.0
1246244,925.0
1247245,978.0
1248246,789.0
1249247,672.0
1250248,960.0
1251249,788.0
1252250,521.0
1253251,0.0
1254252,541.0
1255253,969.0
1256254,945.0
1257255,558.0
1258256,918.0
1259257,955.0
1260258,930.0
1261259,771.0
1262260,947.0
1263261,925.0
1264262,650.0
1265263,965.0
1266264,914.0
1267265,964.0
1268266,920.0
1269267,930.0
1270268,914.0
1271269,930.0
1272270,954.0
1273271,981.0
1274272,0.0
1275273,677.0
1276274,133.0
1277275,805.0
1278276,933.0
1279277,890.0
1280278,888.0
1281279,556.0
1282280,936.0
1283281,694.0
1284282,724.0
1285283,934.0
1286284,931.0
1287285,0.0
1288286,907.0
1289287,941.0
1290288,865.0
1291289,769.0
1292290,0.0
1293291,984.0
1294292,888.0
1295293,129.0
1296294,932.0
1297295,937.0
1298296,0.0
1299297,976.0
1300298,941.0
1301299,855.0
1302300,814.0
1303301,969.0
1304302,882.0
1305303,682.0
1306304,956.0
1307305,934.0
1308306,964.0
1309307,637.0
1310308,855.0
1311309,948.0
1312310,66.0
1313311,914.0
1314312,919.0
1315313,853.0
1316314,956.0
1317315,558.0
1318316,893.0
1319317,952.0
1320318,394.0
1321319,951.0
1322320,735.0
1323321,975.0
1324322,923.0
1325323,910.0
1326324,923.0
1327325,984.0
1328326,732.0
1329327,975.0
1330328,778.0
1331329,975.0
1332330,0.0
1333331,820.0
1334332,946.0
1335333,955.0
1336334,826.0
1337335,863.0
1338336,940.0
1339337,919.0
1340338,908.0
1341339,718.0
1342340,820.0
1343341,0.0
1344342,100.0
1345343,0.0
1346344,944.0
1347345,982.0
1348346,179.0
1349347,919.0
1350348,933.0
1351349,0.0
1352350,352.0
1353351,874.0
1354352,869.0
1355353,950.0
1356354,937.0
1357355,749.0
1358356,943.0
1359357,964.0
1360358,955.0
1361359,920.0
1362360,943.0
1363361,615.0
1364362,805.0
1365363,922.0
1366364,898.0
1367365,921.0
1368366,919.0
1369367,926.0
1370368,971.0
1371369,0.0
1372370,942.0
1373371,948.0
1374372,962.0
1375373,925.0
1376374,787.0
1377375,297.0
1378376,906.0
1379377,878.0
1380378,969.0
1381379,972.0
1382380,849.0
1383381,967.0
1384382,911.0
1385383,885.0
1386384,918.0
1387385,953.0
1388386,716.0
1389387,958.0
1390388,965.0
1391389,580.0
1392390,924.0
1393391,957.0
1394392,970.0
1395393,937.0
1396394,909.0
1397395,975.0
1398396,956.0
1399397,948.0
1400398,0.0
1401399,453.0
1402400,757.0
1403401,933.0
1404402,831.0
1405403,327.0
1406404,799.0
1407405,908.0
1408406,968.0
1409407,964.0
1410408,0.0
1411409,946.0
1412410,961.0
1413411,932.0
1414412,970.0
1415413,902.0
1416414,910.0
1417415,682.0
1418416,966.0
1419417,934.0
1420418,510.0
1421419,936.0
1422420,720.0
1423421,750.0
1424422,973.0
1425423,872.0
1426424,944.0
1427425,893.0
1428426,914.0
1429427,934.0
1430428,967.0
1431429,932.0
1432430,939.0
1433431,669.0
1434432,956.0
1435433,939.0
1436434,905.0
1437435,905.0
1438436,616.0
1439437,0.0
1440438,934.0
1441439,885.0
1442440,887.0
1443441,948.0
1444442,932.0
1445443,883.0
1446444,0.0
1447445,830.0
1448446,735.0
1449447,915.0
1450448,941.0
1451449,948.0
1452450,0.0
1453451,0.0
1454452,829.0
1455453,904.0
1456454,917.0
1457455,875.0
1458456,280.0
1459457,844.0
1460458,979.0
1461459,998.0
1462460,957.0
1463461,924.0
1464462,0.0
1465463,925.0
1466464,968.0
1467465,921.0
1468466,946.0
1469467,683.0
1470468,934.0
1471469,951.0
1472470,932.0
1473471,942.0
1474472,956.0
1475473,908.0
1476474,788.0
1477475,935.0
1478476,0.0
1479477,899.0
1480478,793.0
1481479,868.0
1482480,963.0
1483481,988.0
1484482,831.0
1485483,211.0
1486484,547.0
1487485,983.0
1488486,81.0
1489487,747.0
1490488,973.0
1491489,0.0
1492490,923.0
1493491,0.0
1494492,880.0
1495493,994.0
1496494,0.0
1497495,927.0
1498496,461.0
1499497,701.0
1500498,828.0
1501499,949.0
1502500,908.0
1503501,53.0
1504502,772.0
1505503,957.0
1506504,461.0
1507505,567.0
1508506,961.0
1509507,793.0
1510508,0.0
1511509,917.0
1512510,756.0
1513511,922.0
1514512,683.0
1515513,991.0
1516514,898.0
1517515,951.0
1518516,903.0
1519517,680.0
1520518,697.0
1521519,956.0
1522520,834.0
1523521,29.0
1524522,896.0
1525523,927.0
1526524,889.0
1527525,943.0
1528526,952.0
1529527,792.0
1530528,898.0
1531529,968.0
1532530,0.0
1533531,974.0
1534532,926.0
1535533,903.0
1536534,0.0
1537535,878.0
1538536,890.0
1539537,947.0
1540538,802.0
1541539,932.0
1542540,693.0
1543541,201.0
1544542,786.0
1545543,906.0
1546544,961.0
1547545,835.0
1548546,0.0
1549547,949.0
1550548,917.0
1551549,839.0
1552550,948.0
1553551,938.0
1554552,932.0
1555553,902.0
1556554,939.0
1557555,913.0
1558556,886.0
1559557,951.0
1560558,916.0
1561559,4.0
1562560,788.0
1563561,0.0
1564562,761.0
1565563,933.0
1566564,932.0
1567565,968.0
1568566,950.0
1569567,936.0
1570568,918.0
1571569,922.0
1572570,985.0
1573571,795.0
1574572,953.0
1575573,978.0
1576574,926.0
1577575,948.0
1578576,25.0
1579577,726.0
1580578,826.0
1581579,435.0
1582580,906.0
1583581,744.0
1584582,964.0
1585583,1000.0
1586584,729.0
1587585,411.0
1588586,853.0
1589587,745.0
1590588,964.0
1591589,946.0
1592590,805.0
1593591,952.0
1594592,0.0
1595593,951.0
1596594,554.0
1597595,953.0
1598596,926.0
1599597,475.0
1600598,965.0
1601599,926.0
1602600,911.0
1603601,443.0
1604602,952.0
1605603,934.0
1606604,309.0
1607605,262.0
1608606,752.0
1609607,680.0
1610608,935.0
1611609,889.0
1612610,949.0
1613611,972.0
1614612,702.0
1615613,944.0
1616614,652.0
1617615,0.0
1618616,580.0
1619617,998.0
1620618,613.0
1621619,718.0
1622620,935.0
1623621,947.0
1624622,955.0
1625623,878.0
1626624,44.0
1627625,886.0
1628626,859.0
1629627,881.0
1630628,916.0
1631629,946.0
1632630,920.0
1633631,612.0
1634632,924.0
1635633,925.0
1636634,982.0
1637635,936.0
1638636,526.0
1639637,969.0
1640638,970.0
1641639,405.0
1642640,853.0
1643641,965.0
1644642,874.0
1645643,942.0
1646644,908.0
1647645,806.0
1648646,963.0
1649647,759.0
1650648,802.0
1651649,847.0
1652650,895.0
1653651,925.0
1654652,949.0
1655653,884.0
1656654,972.0
1657655,795.0
1658656,976.0
1659657,871.0
1660658,889.0
1661659,937.0
1662660,953.0
1663661,938.0
1664662,942.0
1665663,994.0
1666664,373.0
1667665,959.0
1668666,959.0
1669667,894.0
1670668,432.0
1671669,930.0
1672670,837.0
1673671,971.0
1674672,860.0
1675673,929.0
1676674,953.0
1677675,859.0
1678676,943.0
1679677,903.0
1680678,286.0
1681679,949.0
1682680,977.0
1683681,981.0
1684682,953.0
1685683,906.0
1686684,969.0
1687685,350.0
1688686,958.0
1689687,966.0
1690688,974.0
1691689,633.0
1692690,910.0
1693691,965.0
1694692,964.0
1695693,948.0
1696694,443.0
1697695,0.0
1698696,998.0
1699697,892.0
1700698,958.0
1701699,837.0
1702700,739.0
1703701,0.0
1704702,614.0
1705703,941.0
1706704,985.0
1707705,887.0
1708706,989.0
1709707,960.0
1710708,968.0
1711709,967.0
1712710,898.0
1713711,767.0
1714712,260.0
1715713,944.0
1716714,839.0
1717715,1000.0
1718716,929.0
1719717,0.0
1720718,917.0
1721719,940.0
1722720,825.0
1723721,915.0
1724722,746.0
1725723,990.0
1726724,928.0
1727725,971.0
1728726,922.0
1729727,949.0
1730728,966.0
1731729,808.0
1732730,919.0
1733731,390.0
1734732,602.0
1735733,0.0
1736734,791.0
1737735,520.0
1738736,971.0
1739737,983.0
1740738,1000.0
1741739,929.0
1742740,774.0
1743741,949.0
1744742,587.0
1745743,935.0
1746744,0.0
1747745,963.0
1748746,960.0
1749747,981.0
1750748,829.0
1751749,810.0
1752750,961.0
1753751,0.0
1754752,950.0
1755753,851.0
1756754,850.0
1757755,569.0
1758756,980.0
1759757,911.0
1760758,960.0
1761759,0.0
1762760,623.0
1763761,600.0
1764762,937.0
1765763,895.0
1766764,955.0
1767765,208.0
1768766,870.0
1769767,950.0
1770768,795.0
1771769,463.0
1772770,909.0
1773771,537.0
1774772,819.0
1775773,954.0
1776774,944.0
1777775,931.0
1778776,344.0
1779777,894.0
1780778,816.0
1781779,375.0
1782780,949.0
1783781,946.0
1784782,951.0
1785783,944.0
1786784,950.0
1787785,883.0
1788786,914.0
1789787,785.0
1790788,920.0
1791789,952.0
1792790,969.0
1793791,985.0
1794792,919.0
1795793,870.0
1796794,641.0
1797795,913.0
1798796,902.0
1799797,939.0
1800798,946.0
1801799,668.0
1802800,722.0
1803801,924.0
1804802,994.0
1805803,413.0
1806804,865.0
1807805,955.0
1808806,891.0
1809807,966.0
1810808,845.0
1811809,948.0
1812810,0.0
1813811,970.0
1814812,831.0
1815813,938.0
1816814,955.0
1817815,966.0
1818816,956.0
1819817,941.0
1820818,886.0
1821819,928.0
1822820,996.0
1823821,948.0
1824822,955.0
1825823,884.0
1826824,861.0
1827825,792.0
1828826,981.0
1829827,976.0
1830828,980.0
1831829,0.0
1832830,957.0
1833831,920.0
1834832,902.0
1835833,902.0
1836834,907.0
1837835,692.0
1838836,904.0
1839837,820.0
1840838,956.0
1841839,953.0
1842840,845.0
1843841,922.0
1844842,927.0
1845843,0.0
1846844,0.0
1847845,0.0
1848846,682.0
1849847,852.0
1850848,948.0
1851849,962.0
1852850,919.0
1853851,912.0
1854852,984.0
1855853,953.0
1856854,859.0
1857855,860.0
1858856,895.0
1859857,958.0
1860858,587.0
1861859,832.0
1862860,832.0
1863861,853.0
1864862,172.0
1865863,920.0
1866864,965.0
1867865,934.0
1868866,460.0
1869867,970.0
1870868,994.0
1871869,863.0
1872870,965.0
1873871,827.0
1874872,879.0
1875873,963.0
1876874,979.0
1877875,952.0
1878876,891.0
1879877,930.0
1880878,685.0
1881879,930.0
1882880,967.0
1883881,817.0
1884882,880.0
1885883,791.0
1886884,564.0
1887885,917.0
1888886,814.0
1889887,943.0
1890888,947.0
1891889,567.0
1892890,955.0
1893891,37.0
1894892,805.0
1895893,945.0
1896894,791.0
1897895,948.0
1898896,925.0
1899897,870.0
1900898,528.0
1901899,1000.0
1902900,0.0
1903901,464.0
1904902,691.0
1905903,922.0
1906904,932.0
1907905,961.0
1908906,774.0
1909907,931.0
1910908,816.0
1911909,925.0
1912910,937.0
1913911,648.0
1914912,763.0
1915913,664.0
1916914,918.0
1917915,930.0
1918916,892.0
1919917,935.0
1920918,955.0
1921919,796.0
1922920,955.0
1923921,956.0
1924922,943.0
1925923,898.0
1926924,959.0
1927925,921.0
1928926,914.0
1929927,964.0
1930928,814.0
1931929,930.0
1932930,638.0
1933931,948.0
1934932,936.0
1935933,995.0
1936934,937.0
1937935,866.0
1938936,944.0
1939937,893.0
1940938,957.0
1941939,917.0
1942940,943.0
1943941,978.0
1944942,752.0
1945943,993.0
1946944,914.0
1947945,890.0
1948946,987.0
1949947,767.0
1950948,929.0
1951949,861.0
1952950,926.0
1953951,986.0
1954952,781.0
1955953,970.0
1956954,940.0
1957955,0.0
1958956,959.0
1959957,933.0
1960958,883.0
1961959,932.0
1962960,948.0
1963961,929.0
1964962,921.0
1965963,958.0
1966964,0.0
1967965,970.0
1968966,950.0
1969967,941.0
1970968,919.0
1971969,925.0
1972970,864.0
1973971,92.0
1974972,966.0
1975973,917.0
1976974,904.0
1977975,953.0
1978976,913.0
1979977,680.0
1980978,863.0
1981979,6.0
1982980,860.0
1983981,919.0
1984982,914.0
1985983,771.0
1986984,904.0
1987985,908.0
1988986,691.0
1989987,916.0
1990988,410.0
1991989,946.0
1992990,914.0
1993991,783.0
1994992,953.0
1995993,972.0
1996994,826.0
1997995,859.0
1998996,947.0
1999997,311.0
2000998,929.0
2001999,944.0
2003000,449.0
2004001,982.0
2005002,969.0
2006003,952.0
2007004,983.0
2008005,719.0
2009006,951.0
2010007,901.0
2011008,933.0
2012009,969.0
2013010,931.0
2014011,788.0
2015012,904.0
2016013,966.0
2017014,848.0
2018015,890.0
2019016,742.0
2020017,847.0
2021018,0.0
2022019,259.0
2023020,421.0
2024021,962.0
2025022,924.0
2026023,989.0
2027024,951.0
2028025,943.0
2029026,982.0
2030027,957.0
2031028,643.0
2032029,690.0
2033030,832.0
2034031,957.0
2035032,920.0
2036033,0.0
2037034,945.0
2038035,763.0
2039036,899.0
2040037,981.0
2041038,947.0
2042039,936.0
2043040,905.0
2044041,932.0
2045042,911.0
2046043,823.0
2047044,825.0
2048045,925.0
2049046,965.0
2050047,883.0
2051048,925.0
2052049,880.0
2053050,910.0
2054051,0.0
2055052,963.0
2056053,976.0
2057054,656.0
2058055,952.0
2059056,981.0
2060057,981.0
2061058,952.0
2062059,0.0
2063060,973.0
2064061,914.0
2065062,8.0
2066063,811.0
2067064,881.0
2068065,963.0
2069066,938.0
2070067,944.0
2071068,493.0
2072069,942.0
2073070,970.0
2074071,917.0
2075072,971.0
2076073,888.0
2077074,91.0
2078075,347.0
2079076,950.0
2080077,829.0
2081078,922.0
2082079,855.0
2083080,940.0
2084081,963.0
2085082,969.0
2086083,802.0
2087084,978.0
2088085,936.0
2089086,912.0
2090087,964.0
2091088,925.0
2092089,938.0
2093090,929.0
2094091,929.0
2095092,955.0
2096093,348.0
2097094,900.0
2098095,799.0
2099096,912.0
2100097,859.0
2101098,626.0
2102099,409.0
2103100,601.0
2104101,971.0
2105102,909.0
2106103,0.0
2107104,909.0
2108105,900.0
2109106,941.0
2110107,903.0
2111108,923.0
2112109,967.0
2113110,850.0
2114111,862.0
2115112,882.0
2116113,918.0
2117114,945.0
2118115,677.0
2119116,847.0
2120117,27.0
2121118,549.0
2122119,920.0
2123120,982.0
2124121,942.0
2125122,982.0
2126123,893.0
2127124,671.0
2128125,977.0
2129126,800.0
2130127,927.0
2131128,675.0
2132129,971.0
2133130,924.0
2134131,955.0
2135132,497.0
2136133,728.0
2137134,960.0
2138135,865.0
2139136,962.0
2140137,973.0
2141138,971.0
2142139,973.0
2143140,717.0
2144141,972.0
2145142,942.0
2146143,963.0
2147144,957.0
2148145,941.0
2149146,931.0
2150147,898.0
2151148,925.0
2152149,891.0
2153150,913.0
2154151,961.0
2155152,967.0
2156153,952.0
2157154,944.0
2158155,526.0
2159156,948.0
2160157,4.0
2161158,901.0
2162159,870.0
2163160,962.0
2164161,752.0
2165162,923.0
2166163,842.0
2167164,954.0
2168165,995.0
2169166,940.0
2170167,837.0
2171168,985.0
2172169,911.0
2173170,947.0
2174171,953.0
2175172,0.0
2176173,945.0
2177174,957.0
2178175,894.0
2179176,933.0
2180177,938.0
2181178,794.0
2182179,664.0
2183180,963.0
2184181,782.0
2185182,757.0
2186183,476.0
2187184,951.0
2188185,925.0
2189186,460.0
2190187,938.0
2191188,941.0
2192189,967.0
2193190,819.0
2194191,969.0
2195192,899.0
2196193,957.0
2197194,892.0
2198195,852.0
2199196,963.0
2200197,959.0
2201198,943.0
2202199,948.0
2203200,847.0
2204201,701.0
2205202,885.0
2206203,954.0
2207204,196.0
2208205,929.0
2209206,928.0
2210207,835.0
2211208,899.0
2212209,916.0
2213210,941.0
2214211,207.0
2215212,873.0
2216213,960.0
2217214,926.0
2218215,520.0
2219216,976.0
2220217,963.0
2221218,932.0
2222219,932.0
2223220,941.0
2224221,888.0
2225222,966.0
2226223,506.0
2227224,921.0
2228225,893.0
2229226,862.0
2230227,969.0
2231228,957.0
2232229,983.0
2233230,898.0
2234231,957.0
2235232,882.0
2236233,376.0
2237234,970.0
2238235,770.0
2239236,691.0
2240237,930.0
2241238,859.0
2242239,945.0
2243240,4.0
2244241,674.0
2245242,936.0
2246243,848.0
2247244,964.0
2248245,768.0
2249246,933.0
2250247,813.0
2251248,794.0
2252249,0.0
2253250,973.0
2254251,937.0
2255252,855.0
2256253,774.0
2257254,846.0
2258255,930.0
2259256,941.0
2260257,995.0
2261258,863.0
2262259,841.0
2263260,902.0
2264261,862.0
2265262,948.0
2266263,78.0
2267264,919.0
2268265,812.0
2269266,885.0
2270267,937.0
2271268,993.0
2272269,757.0
2273270,969.0
2274271,942.0
2275272,947.0
2276273,946.0
2277274,631.0
2278275,894.0
2279276,948.0
2280277,925.0
2281278,0.0
2282279,940.0
2283280,788.0
2284281,689.0
2285282,598.0
2286283,977.0
2287284,786.0
2288285,404.0
2289286,895.0
2290287,917.0
2291288,670.0
2292289,790.0
2293290,994.0
2294291,825.0
2295292,916.0
2296293,187.0
2297294,886.0
2298295,801.0
2299296,849.0
2300297,851.0
2301298,941.0
2302299,805.0
2303300,707.0
2304301,947.0
2305302,916.0
2306303,922.0
2307304,981.0
2308305,914.0
2309306,859.0
2310307,974.0
2311308,955.0
2312309,945.0
2313310,863.0
2314311,790.0
2315312,964.0
2316313,942.0
2317314,925.0
2318315,956.0
2319316,988.0
2320317,0.0
2321318,963.0
2322319,914.0
2323320,752.0
2324321,219.0
2325322,962.0
2326323,974.0
2327324,916.0
2328325,916.0
2329326,911.0
2330327,947.0
2331328,832.0
2332329,937.0
2333330,876.0
2334331,881.0
2335332,863.0
2336333,944.0
2337334,963.0
2338335,973.0
2339336,0.0
2340337,962.0
2341338,883.0
2342339,834.0
2343340,964.0
2344341,907.0
2345342,456.0
2346343,416.0
2347344,963.0
2348345,926.0
2349346,909.0
2350347,970.0
2351348,948.0
2352349,751.0
2353350,933.0
2354351,937.0
2355352,991.0
2356353,854.0
2357354,765.0
2358355,903.0
2359356,919.0
2360357,917.0
2361358,907.0
2362359,532.0
2363360,978.0
2364361,940.0
2365362,733.0
2366363,939.0
2367364,983.0
2368365,979.0
2369366,935.0
2370367,955.0
2371368,922.0
2372369,427.0
2373370,780.0
2374371,840.0
2375372,988.0
2376373,847.0
2377374,905.0
2378375,950.0
2379376,926.0
2380377,940.0
2381378,934.0
2382379,589.0
2383380,910.0
2384381,504.0
2385382,455.0
2386383,986.0
2387384,0.0
2388385,283.0
2389386,382.0
2390387,928.0
2391388,496.0
2392389,938.0
2393390,887.0
2394391,944.0
2395392,951.0
2396393,977.0
2397394,773.0
2398395,962.0
2399396,874.0
2400397,806.0
2401398,783.0
2402399,910.0
2403400,949.0
2404401,887.0
2405402,919.0
2406403,779.0
2407404,919.0
2408405,916.0
2409406,939.0
2410407,831.0
2411408,953.0
2412409,938.0
2413410,528.0
2414411,936.0
2415412,910.0
2416413,792.0
2417414,915.0
2418415,752.0
2419416,938.0
2420417,969.0
2421418,922.0
2422419,901.0
2423420,361.0
2424421,929.0
2425422,924.0
2426423,971.0
2427424,816.0
2428425,894.0
2429426,914.0
2430427,920.0
2431428,911.0
2432429,913.0
2433430,925.0
2434431,775.0
2435432,568.0
2436433,929.0
2437434,915.0
2438435,1000.0
2439436,939.0
2440437,882.0
2441438,946.0
2442439,970.0
2443440,889.0
2444441,653.0
2445442,966.0
2446443,949.0
2447444,823.0
2448445,942.0
2449446,728.0
2450447,935.0
2451448,979.0
2452449,864.0
2453450,941.0
2454451,791.0
2455452,359.0
2456453,705.0
2457454,829.0
2458455,957.0
2459456,964.0
2460457,947.0
2461458,0.0
2462459,923.0
2463460,904.0
2464461,981.0
2465462,946.0
2466463,975.0
2467464,773.0
2468465,524.0
2469466,949.0
2470467,881.0
2471468,922.0
2472469,904.0
2473470,723.0
2474471,957.0
2475472,336.0
2476473,920.0
2477474,0.0
2478475,915.0
2479476,606.0
2480477,980.0
2481478,927.0
2482479,815.0
2483480,0.0
2484481,969.0
2485482,973.0
2486483,739.0
2487484,945.0
2488485,857.0
2489486,933.0
2490487,938.0
2491488,546.0
2492489,969.0
2493490,962.0
2494491,938.0
2495492,918.0
2496493,0.0
2497494,663.0
2498495,934.0
2499496,52.0
2500497,728.0
2501498,927.0
2502499,905.0
2503500,939.0
2504501,801.0
2505502,536.0
2506503,966.0
2507504,0.0
2508505,844.0
2509506,975.0
2510507,845.0
2511508,904.0
2512509,977.0
2513510,813.0
2514511,922.0
2515512,943.0
2516513,944.0
2517514,959.0
2518515,929.0
2519516,999.0
2520517,940.0
2521518,917.0
2522519,767.0
2523520,927.0
2524521,0.0
2525522,963.0
2526523,943.0
2527524,0.0
2528525,942.0
2529526,921.0
2530527,942.0
2531528,641.0
2532529,956.0
2533530,891.0
2534531,18.0
2535532,964.0
2536533,933.0
2537534,922.0
2538535,0.0
2539536,1000.0
2540537,582.0
2541538,1000.0
2542539,959.0
2543540,933.0
2544541,0.0
2545542,919.0
2546543,761.0
2547544,652.0
2548545,947.0
2549546,952.0
2550547,892.0
2551548,911.0
2552549,887.0
2553550,597.0
2554551,951.0
2555552,924.0
2556553,942.0
2557554,950.0
2558555,953.0
2559556,743.0
2560557,966.0
2561558,778.0
2562559,890.0
2563560,0.0
2564561,954.0
2565562,981.0
2566563,973.0
2567564,13.0
2568565,962.0
2569566,666.0
2570567,950.0
2571568,971.0
2572569,930.0
2573570,974.0
2574571,945.0
2575572,940.0
2576573,500.0
2577574,909.0
2578575,887.0
2579576,577.0
2580577,929.0
2581578,903.0
2582579,932.0
2583580,949.0
2584581,970.0
2585582,41.0
2586583,43.0
2587584,0.0
2588585,635.0
2589586,956.0
2590587,503.0
2591588,0.0
2592589,963.0
2593590,907.0
2594591,934.0
2595592,889.0
2596593,847.0
2597594,794.0
2598595,627.0
2599596,934.0
2600597,992.0
2601598,933.0
2602599,204.0
2603600,908.0
2604601,973.0
2605602,818.0
2606603,945.0
2607604,950.0
2608605,932.0
2609606,991.0
2610607,760.0
2611608,347.0
2612609,828.0
2613610,984.0
2614611,974.0
2615612,906.0
2616613,874.0
2617614,962.0
2618615,926.0
2619616,0.0
2620617,930.0
2621618,776.0
2622619,0.0
2623620,837.0
2624621,932.0
2625622,545.0
2626623,712.0
2627624,0.0
2628625,989.0
2629626,943.0
2630627,954.0
2631628,994.0
2632629,971.0
2633630,954.0
2634631,955.0
2635632,920.0
2636633,974.0
2637634,999.0
2638635,954.0
2639636,973.0
2640637,845.0
2641638,964.0
2642639,905.0
2643640,864.0
2644641,975.0
2645642,828.0
2646643,866.0
2647644,961.0
2648645,889.0
2649646,987.0
2650647,932.0
2651648,109.0
2652649,893.0
2653650,945.0
2654651,947.0
2655652,961.0
2656653,933.0
2657654,917.0
2658655,905.0
2659656,570.0
2660657,727.0
2661658,941.0
2662659,808.0
2663660,908.0
2664661,123.0
2665662,951.0
2666663,899.0
2667664,852.0
2668665,953.0
2669666,948.0
2670667,936.0
2671668,775.0
2672669,986.0
2673670,801.0
2674671,838.0
2675672,724.0
2676673,937.0
2677674,920.0
2678675,927.0
2679676,0.0
2680677,935.0
2681678,928.0
2682679,664.0
2683680,353.0
2684681,955.0
2685682,960.0
2686683,882.0
2687684,926.0
2688685,962.0
2689686,916.0
2690687,905.0
2691688,914.0
2692689,768.0
2693690,923.0
2694691,898.0
2695692,851.0
2696693,0.0
2697694,195.0
2698695,898.0
2699696,923.0
2700697,932.0
2701698,965.0
2702699,897.0
2703700,925.0
2704701,740.0
2705702,947.0
2706703,909.0
2707704,962.0
2708705,578.0
2709706,966.0
2710707,773.0
2711708,922.0
2712709,948.0
2713710,974.0
2714711,956.0
2715712,829.0
2716713,881.0
2717714,876.0
2718715,861.0
2719716,798.0
2720717,973.0
2721718,782.0
2722719,977.0
2723720,903.0
2724721,925.0
2725722,842.0
2726723,895.0
2727724,964.0
2728725,934.0
2729726,682.0
2730727,963.0
2731728,963.0
2732729,954.0
2733730,923.0
2734731,939.0
2735732,880.0
2736733,935.0
2737734,855.0
2738735,906.0
2739736,953.0
2740737,929.0
2741738,945.0
2742739,485.0
2743740,893.0
2744741,947.0
2745742,874.0
2746743,812.0
2747744,920.0
2748745,921.0
2749746,981.0
2750747,958.0
2751748,805.0
2752749,856.0
2753750,820.0
2754751,953.0
2755752,15.0
2756753,852.0
2757754,905.0
2758755,962.0
2759756,0.0
2760757,979.0
2761758,963.0
2762759,937.0
2763760,932.0
2764761,930.0
2765762,972.0
2766763,713.0
2767764,922.0
2768765,995.0
2769766,286.0
2770767,869.0
2771768,915.0
2772769,952.0
2773770,945.0
2774771,959.0
2775772,973.0
2776773,544.0
2777774,962.0
2778775,865.0
2779776,859.0
2780777,912.0
2781778,717.0
2782779,789.0
2783780,993.0
2784781,902.0
2785782,898.0
2786783,794.0
2787784,459.0
2788785,937.0
2789786,926.0
2790787,861.0
2791788,919.0
2792789,909.0
2793790,1000.0
2794791,882.0
2795792,932.0
2796793,865.0
2797794,937.0
2798795,963.0
2799796,588.0
2800797,947.0
2801798,907.0
2802799,877.0
2803800,949.0
2804801,887.0
2805802,955.0
2806803,762.0
2807804,653.0
2808805,886.0
2809806,982.0
2810807,589.0
2811808,836.0
2812809,928.0
2813810,950.0
2814811,940.0
2815812,989.0
2816813,1000.0
2817814,925.0
2818815,0.0
2819816,910.0
2820817,938.0
2821818,1000.0
2822819,936.0
2823820,770.0
2824821,906.0
2825822,977.0
2826823,0.0
2827824,985.0
2828825,955.0
2829826,941.0
2830827,948.0
2831828,571.0
2832829,932.0
2833830,936.0
2834831,960.0
2835832,904.0
2836833,970.0
2837834,804.0
2838835,985.0
2839836,943.0
2840837,990.0
2841838,967.0
2842839,961.0
2843840,966.0
2844841,922.0
2845842,949.0
2846843,0.0
2847844,964.0
2848845,922.0
2849846,959.0
2850847,891.0
2851848,961.0
2852849,714.0
2853850,561.0
2854851,974.0
2855852,974.0
2856853,926.0
2857854,902.0
2858855,558.0
2859856,945.0
2860857,921.0
2861858,958.0
2862859,959.0
2863860,910.0
2864861,945.0
2865862,870.0
2866863,941.0
2867864,976.0
2868865,990.0
2869866,861.0
2870867,826.0
2871868,188.0
2872869,923.0
2873870,977.0
2874871,792.0
2875872,866.0
2876873,883.0
2877874,743.0
2878875,910.0
2879876,891.0
2880877,0.0
2881878,823.0
2882879,912.0
2883880,825.0
2884881,973.0
2885882,762.0
2886883,892.0
2887884,914.0
2888885,819.0
2889886,0.0
2890887,769.0
2891888,860.0
2892889,924.0
2893890,975.0
2894891,914.0
2895892,896.0
2896893,0.0
2897894,867.0
2898895,805.0
2899896,903.0
2900897,871.0
2901898,938.0
2902899,817.0
2903900,0.0
2904901,911.0
2905902,962.0
2906903,926.0
2907904,944.0
2908905,812.0
2909906,948.0
2910907,885.0
2911908,864.0
2912909,821.0
2913910,977.0
2914911,917.0
2915912,934.0
2916913,957.0
2917914,981.0
2918915,668.0
2919916,888.0
2920917,948.0
2921918,943.0
2922919,980.0
2923920,0.0
2924921,507.0
2925922,0.0
2926923,992.0
2927924,968.0
2928925,964.0
2929926,0.0
2930927,932.0
2931928,924.0
2932929,957.0
2933930,876.0
2934931,927.0
2935932,0.0
2936933,915.0
2937934,582.0
2938935,0.0
2939936,973.0
2940937,886.0
2941938,946.0
2942939,896.0
2943940,910.0
2944941,463.0
2945942,950.0
2946943,886.0
2947944,919.0
2948945,887.0
2949946,658.0
2950947,900.0
2951948,890.0
2952949,956.0
2953950,982.0
2954951,949.0
2955952,856.0
2956953,929.0
2957954,949.0
2958955,915.0
2959956,945.0
2960957,953.0
2961958,959.0
2962959,936.0
2963960,788.0
2964961,946.0
2965962,945.0
2966963,972.0
2967964,978.0
2968965,867.0
2969966,919.0
2970967,933.0
2971968,957.0
2972969,832.0
2973970,978.0
2974971,952.0
2975972,946.0
2976973,952.0
2977974,935.0
2978975,950.0
2979976,966.0
2980977,958.0
2981978,890.0
2982979,940.0
2983980,790.0
2984981,935.0
2985982,957.0
2986983,951.0
2987984,956.0
2988985,941.0
2989986,926.0
2990987,22.0
2991988,921.0
2992989,956.0
2993990,981.0
2994991,919.0
2995992,891.0
2996993,858.0
2997994,962.0
2998995,969.0
2999996,902.0
3000997,975.0
3001998,945.0
3002999,895.0
3004000,951.0
3005001,903.0
3006002,951.0
3007003,972.0
3008004,0.0
3009005,955.0
3010006,706.0
3011007,944.0
3012008,857.0
3013009,891.0
3014010,965.0
3015011,947.0
3016012,955.0
3017013,934.0
3018014,667.0
3019015,859.0
3020016,934.0
3021017,955.0
3022018,952.0
3023019,954.0
3024020,972.0
3025021,933.0
3026022,920.0
3027023,950.0
3028024,996.0
3029025,881.0
3030026,397.0
3031027,974.0
3032028,914.0
3033029,968.0
3034030,967.0
3035031,692.0
3036032,937.0
3037033,928.0
3038034,719.0
3039035,916.0
3040036,907.0
3041037,937.0
3042038,116.0
3043039,820.0
3044040,945.0
3045041,952.0
3046042,872.0
3047043,840.0
3048044,892.0
3049045,583.0
3050046,975.0
3051047,950.0
3052048,963.0
3053049,933.0
3054050,962.0
3055051,117.0
3056052,927.0
3057053,940.0
3058054,739.0
3059055,963.0
3060056,898.0
3061057,863.0
3062058,913.0
3063059,962.0
3064060,659.0
3065061,662.0
3066062,937.0
3067063,966.0
3068064,946.0
3069065,977.0
3070066,638.0
3071067,879.0
3072068,953.0
3073069,867.0
3074070,902.0
3075071,930.0
3076072,953.0
3077073,956.0
3078074,889.0
3079075,794.0
3080076,941.0
3081077,957.0
3082078,939.0
3083079,945.0
3084080,976.0
3085081,937.0
3086082,938.0
3087083,994.0
3088084,922.0
3089085,906.0
3090086,864.0
3091087,139.0
3092088,936.0
3093089,911.0
3094090,936.0
3095091,809.0
3096092,926.0
3097093,989.0
3098094,874.0
3099095,959.0
3100096,381.0
3101097,973.0
3102098,946.0
3103099,937.0
3104100,755.0
3105101,944.0
3106102,982.0
3107103,916.0
3108104,972.0
3109105,958.0
3110106,976.0
3111107,953.0
3112108,779.0
3113109,0.0
3114110,819.0
3115111,946.0
3116112,940.0
3117113,943.0
3118114,940.0
3119115,941.0
3120116,916.0
3121117,921.0
3122118,820.0
3123119,789.0
3124120,833.0
3125121,884.0
3126122,738.0
3127123,453.0
3128124,906.0
3129125,904.0
3130126,908.0
3131127,926.0
3132128,941.0
3133129,915.0
3134130,959.0
3135131,298.0
3136132,442.0
3137133,973.0
3138134,938.0
3139135,939.0
3140136,930.0
3141137,851.0
3142138,922.0
3143139,957.0
3144140,973.0
3145141,926.0
3146142,979.0
3147143,934.0
3148144,974.0
3149145,956.0
3150146,942.0
3151147,956.0
3152148,950.0
3153149,860.0
3154150,955.0
3155151,889.0
3156152,931.0
3157153,801.0
3158154,945.0
3159155,983.0
3160156,926.0
3161157,962.0
3162158,958.0
3163159,617.0
3164160,946.0
3165161,813.0
3166162,841.0
3167163,934.0
3168164,774.0
3169165,934.0
3170166,906.0
3171167,812.0
3172168,987.0
3173169,875.0
3174170,0.0
3175171,926.0
3176172,848.0
3177173,942.0
3178174,941.0
3179175,962.0
3180176,950.0
3181177,710.0
3182178,954.0
3183179,842.0
3184180,556.0
3185181,655.0
3186182,934.0
3187183,956.0
3188184,938.0
3189185,902.0
3190186,931.0
3191187,895.0
3192188,901.0
3193189,960.0
3194190,961.0
3195191,954.0
3196192,968.0
3197193,951.0
3198194,949.0
3199195,880.0
3200196,969.0
3201197,0.0
3202198,916.0
3203199,923.0
3204200,927.0
3205201,993.0
3206202,947.0
3207203,869.0
3208204,932.0
3209205,963.0
3210206,947.0
3211207,916.0
3212208,501.0
3213209,0.0
3214210,583.0
3215211,937.0
3216212,898.0
3217213,925.0
3218214,953.0
3219215,861.0
3220216,663.0
3221217,824.0
3222218,939.0
3223219,957.0
3224220,944.0
3225221,899.0
3226222,831.0
3227223,982.0
3228224,11.0
3229225,1000.0
3230226,813.0
3231227,880.0
3232228,940.0
3233229,777.0
3234230,900.0
3235231,640.0
3236232,861.0
3237233,730.0
3238234,945.0
3239235,913.0
3240236,930.0
3241237,935.0
3242238,935.0
3243239,921.0
3244240,318.0
3245241,947.0
3246242,778.0
3247243,940.0
3248244,826.0
3249245,895.0
3250246,902.0
3251247,802.0
3252248,861.0
3253249,669.0
3254250,894.0
3255251,932.0
3256252,958.0
3257253,219.0
3258254,939.0
3259255,746.0
3260256,785.0
3261257,841.0
3262258,847.0
3263259,870.0
3264260,912.0
3265261,925.0
3266262,256.0
3267263,926.0
3268264,900.0
3269265,969.0
3270266,953.0
3271267,925.0
3272268,973.0
3273269,949.0
3274270,901.0
3275271,932.0
3276272,848.0
3277273,941.0
3278274,934.0
3279275,950.0
3280276,841.0
3281277,968.0
3282278,953.0
3283279,836.0
3284280,935.0
3285281,825.0
3286282,0.0
3287283,900.0
3288284,0.0
3289285,973.0
3290286,939.0
3291287,897.0
3292288,893.0
3293289,496.0
3294290,772.0
3295291,961.0
3296292,943.0
3297293,912.0
3298294,954.0
3299295,950.0
3300296,982.0
3301297,962.0
3302298,921.0
3303299,888.0
3304300,930.0
3305301,982.0
3306302,934.0
3307303,986.0
3308304,935.0
3309305,938.0
3310306,965.0
3311307,973.0
3312308,832.0
3313309,932.0
3314310,952.0
3315311,898.0
3316312,941.0
3317313,930.0
3318314,791.0
3319315,954.0
3320316,926.0
3321317,882.0
3322318,981.0
3323319,626.0
3324320,980.0
3325321,930.0
3326322,959.0
3327323,957.0
3328324,959.0
3329325,945.0
3330326,920.0
3331327,119.0
3332328,894.0
3333329,918.0
3334330,973.0
3335331,746.0
3336332,970.0
3337333,948.0
3338334,986.0
3339335,0.0
3340336,841.0
3341337,920.0
3342338,968.0
3343339,944.0
3344340,950.0
3345341,945.0
3346342,715.0
3347343,970.0
3348344,474.0
3349345,933.0
3350346,900.0
3351347,838.0
3352348,956.0
3353349,963.0
3354350,942.0
3355351,964.0
3356352,970.0
3357353,940.0
3358354,882.0
3359355,932.0
3360356,964.0
3361357,973.0
3362358,968.0
3363359,739.0
3364360,948.0
3365361,940.0
3366362,942.0
3367363,938.0
3368364,947.0
3369365,912.0
3370366,968.0
3371367,941.0
3372368,958.0
3373369,957.0
3374370,956.0
3375371,558.0
3376372,961.0
3377373,929.0
3378374,947.0
3379375,945.0
3380376,985.0
3381377,947.0
3382378,960.0
3383379,877.0
3384380,971.0
3385381,941.0
3386382,958.0
3387383,902.0
3388384,832.0
3389385,970.0
3390386,339.0
3391387,795.0
3392388,845.0
3393389,984.0
3394390,815.0
3395391,948.0
3396392,939.0
3397393,926.0
3398394,945.0
3399395,729.0
3400396,934.0
3401397,971.0
3402398,869.0
3403399,206.0
3404400,976.0
3405401,807.0
3406402,970.0
3407403,917.0
3408404,971.0
3409405,979.0
3410406,713.0
3411407,904.0
3412408,0.0
3413409,829.0
3414410,969.0
3415411,915.0
3416412,966.0
3417413,943.0
3418414,684.0
3419415,928.0
3420416,944.0
3421417,971.0
3422418,40.0
3423419,970.0
3424420,724.0
3425421,977.0
3426422,902.0
3427423,733.0
3428424,863.0
3429425,822.0
3430426,985.0
3431427,901.0
3432428,463.0
3433429,976.0
3434430,751.0
3435431,936.0
3436432,956.0
3437433,929.0
3438434,939.0
3439435,870.0
3440436,971.0
3441437,941.0
3442438,631.0
3443439,960.0
3444440,966.0
3445441,231.0
3446442,837.0
3447443,292.0
3448444,899.0
3449445,923.0
3450446,839.0
3451447,996.0
3452448,958.0
3453449,978.0
3454450,831.0
3455451,953.0
3456452,912.0
3457453,952.0
3458454,933.0
3459455,931.0
3460456,823.0
3461457,963.0
3462458,865.0
3463459,821.0
3464460,816.0
3465461,953.0
3466462,973.0
3467463,942.0
3468464,886.0
3469465,944.0
3470466,946.0
3471467,927.0
3472468,972.0
3473469,893.0
3474470,938.0
3475471,967.0
3476472,959.0
3477473,964.0
3478474,0.0
3479475,957.0
3480476,827.0
3481477,943.0
3482478,984.0
3483479,958.0
3484480,910.0
3485481,963.0
3486482,921.0
3487483,962.0
3488484,64.0
3489485,958.0
3490486,7.0
3491487,957.0
3492488,920.0
3493489,946.0
3494490,923.0
3495491,954.0
3496492,664.0
3497493,965.0
3498494,897.0
3499495,841.0
3500496,559.0
3501497,938.0
3502498,945.0
3503499,837.0
3504500,952.0
3505501,931.0
3506502,959.0
3507503,976.0
3508504,623.0
3509505,987.0
3510506,939.0
3511507,982.0
3512508,977.0
3513509,902.0
3514510,921.0
3515511,939.0
3516512,925.0
3517513,974.0
3518514,855.0
3519515,847.0
3520516,869.0
3521517,43.0
3522518,897.0
3523519,962.0
3524520,854.0
3525521,940.0
3526522,962.0
3527523,939.0
3528524,824.0
3529525,977.0
3530526,981.0
3531527,976.0
3532528,987.0
3533529,960.0
3534530,844.0
3535531,0.0
3536532,951.0
3537533,916.0
3538534,977.0
3539535,962.0
3540536,864.0
3541537,329.0
3542538,967.0
3543539,936.0
3544540,969.0
3545541,613.0
3546542,933.0
3547543,923.0
3548544,13.0
3549545,863.0
3550546,937.0
3551547,953.0
3552548,930.0
3553549,933.0
3554550,961.0
3555551,939.0
3556552,827.0
3557553,710.0
3558554,833.0
3559555,976.0
3560556,968.0
3561557,849.0
3562558,931.0
3563559,971.0
3564560,912.0
3565561,944.0
3566562,832.0
3567563,839.0
3568564,852.0
3569565,1000.0
3570566,776.0
3571567,961.0
3572568,946.0
3573569,949.0
3574570,942.0
3575571,960.0
3576572,951.0
3577573,889.0
3578574,949.0
3579575,925.0
3580576,942.0
3581577,996.0
3582578,957.0
3583579,842.0
3584580,916.0
3585581,959.0
3586582,951.0
3587583,914.0
3588584,908.0
3589585,817.0
3590586,0.0
3591587,933.0
3592588,931.0
3593589,918.0
3594590,727.0
3595591,896.0
3596592,938.0
3597593,934.0
3598594,991.0
3599595,961.0
3600596,942.0
3601597,933.0
3602598,859.0
3603599,526.0
3604600,897.0
3605601,157.0
3606602,948.0
3607603,964.0
3608604,954.0
3609605,950.0
3610606,952.0
3611607,911.0
3612608,703.0
3613609,847.0
3614610,726.0
3615611,724.0
3616612,955.0
3617613,963.0
3618614,826.0
3619615,959.0
3620616,904.0
3621617,971.0
3622618,959.0
3623619,977.0
3624620,917.0
3625621,823.0
3626622,946.0
3627623,924.0
3628624,852.0
3629625,858.0
3630626,878.0
3631627,939.0
3632628,948.0
3633629,958.0
3634630,854.0
3635631,974.0
3636632,934.0
3637633,963.0
3638634,966.0
3639635,956.0
3640636,978.0
3641637,536.0
3642638,952.0
3643639,967.0
3644640,960.0
3645641,937.0
3646642,981.0
3647643,988.0
3648644,953.0
3649645,898.0
3650646,969.0
3651647,966.0
3652648,926.0
3653649,1000.0
3654650,629.0
3655651,842.0
3656652,491.0
3657653,958.0
3658654,982.0
3659655,966.0
3660656,951.0
3661657,935.0
3662658,827.0
3663659,940.0
3664660,968.0
3665661,974.0
3666662,946.0
3667663,945.0
3668664,957.0
3669665,974.0
3670666,989.0
3671667,964.0
3672668,949.0
3673669,905.0
3674670,947.0
3675671,914.0
3676672,852.0
3677673,963.0
3678674,948.0
3679675,968.0
3680676,931.0
3681677,909.0
3682678,958.0
3683679,894.0
3684680,943.0
3685681,953.0
3686682,1000.0
3687683,961.0
3688684,929.0
3689685,934.0
3690686,855.0
3691687,964.0
3692688,964.0
3693689,981.0
3694690,946.0
3695691,948.0
3696692,892.0
3697693,961.0
3698694,973.0
3699695,958.0
3700696,940.0
3701697,830.0
3702698,945.0
3703699,967.0
3704700,919.0
3705701,943.0
3706702,993.0
3707703,986.0
3708704,994.0
3709705,858.0
3710706,960.0
3711707,947.0
3712708,951.0
3713709,968.0
3714710,951.0
3715711,381.0
3716712,950.0
3717713,939.0
3718714,354.0
3719715,992.0
3720716,865.0
3721717,848.0
3722718,962.0
3723719,935.0
3724720,325.0
3725721,940.0
3726722,947.0
3727723,951.0
3728724,988.0
3729725,943.0
3730726,965.0
3731727,933.0
3732728,817.0
3733729,840.0
3734730,918.0
3735731,952.0
3736732,894.0
3737733,911.0
3738734,947.0
3739735,961.0
3740736,923.0
3741737,840.0
3742738,940.0
3743739,975.0
3744740,834.0
3745741,915.0
3746742,741.0
3747743,930.0
3748744,807.0
3749745,971.0
3750746,919.0
3751747,969.0
3752748,908.0
3753749,810.0
3754750,822.0
3755751,967.0
3756752,935.0
3757753,672.0
3758754,960.0
3759755,916.0
3760756,960.0
3761757,976.0
3762758,964.0
3763759,928.0
3764760,727.0
3765761,995.0
3766762,928.0
3767763,949.0
3768764,946.0
3769765,721.0
3770766,961.0
3771767,757.0
3772768,941.0
3773769,958.0
3774770,978.0
3775771,908.0
3776772,944.0
3777773,955.0
3778774,979.0
3779775,941.0
3780776,930.0
3781777,937.0
3782778,857.0
3783779,972.0
3784780,853.0
3785781,966.0
3786782,915.0
3787783,945.0
3788784,994.0
3789785,971.0
3790786,907.0
3791787,971.0
3792788,938.0
3793789,954.0
3794790,910.0
3795791,934.0
3796792,955.0
3797793,946.0
3798794,936.0
3799795,927.0
3800796,668.0
3801797,954.0
3802798,942.0
3803799,702.0
3804800,937.0
3805801,944.0
3806802,932.0
3807803,938.0
3808804,954.0
3809805,991.0
3810806,950.0
3811807,937.0
3812808,936.0
3813809,972.0
3814810,919.0
3815811,945.0
3816812,924.0
3817813,924.0
3818814,626.0
3819815,750.0
3820816,866.0
3821817,988.0
3822818,713.0
3823819,933.0
3824820,950.0
3825821,882.0
3826822,888.0
3827823,918.0
3828824,959.0
3829825,945.0
3830826,842.0
3831827,959.0
3832828,912.0
3833829,954.0
3834830,881.0
3835831,817.0
3836832,949.0
3837833,1000.0
3838834,541.0
3839835,978.0
3840836,987.0
3841837,887.0
3842838,944.0
3843839,955.0
3844840,774.0
3845841,975.0
3846842,855.0
3847843,927.0
3848844,854.0
3849845,867.0
3850846,967.0
3851847,983.0
3852848,957.0
3853849,549.0
3854850,961.0
3855851,956.0
3856852,977.0
3857853,989.0
3858854,867.0
3859855,928.0
3860856,957.0
3861857,902.0
3862858,955.0
3863859,892.0
3864860,945.0
3865861,939.0
3866862,943.0
3867863,953.0
3868864,935.0
3869865,940.0
3870866,988.0
3871867,924.0
3872868,963.0
3873869,962.0
3874870,925.0
3875871,923.0
3876872,946.0
3877873,946.0
3878874,953.0
3879875,993.0
3880876,814.0
3881877,934.0
3882878,945.0
3883879,853.0
3884880,941.0
3885881,941.0
3886882,639.0
3887883,980.0
3888884,973.0
3889885,956.0
3890886,982.0
3891887,962.0
3892888,656.0
3893889,994.0
3894890,955.0
3895891,986.0
3896892,922.0
3897893,928.0
3898894,950.0
3899895,997.0
3900896,964.0
3901897,835.0
3902898,423.0
3903899,256.0
3904900,912.0
3905901,987.0
3906902,948.0
3907903,953.0
3908904,959.0
3909905,968.0
3910906,953.0
3911907,939.0
3912908,679.0
3913909,945.0
3914910,938.0
3915911,939.0
3916912,990.0
3917913,917.0
3918914,947.0
3919915,930.0
3920916,899.0
3921917,961.0
3922918,821.0
3923919,758.0
3924920,926.0
3925921,451.0
3926922,947.0
3927923,978.0
3928924,881.0
3929925,886.0
3930926,958.0
3931927,951.0
3932928,986.0
3933929,958.0
3934930,553.0
3935931,845.0
3936932,0.0
3937933,885.0
3938934,946.0
3939935,929.0
3940936,965.0
3941937,914.0
3942938,940.0
3943939,937.0
3944940,880.0
3945941,964.0
3946942,826.0
3947943,938.0
3948944,914.0
3949945,912.0
3950946,823.0
3951947,937.0
3952948,926.0
3953949,939.0
3954950,954.0
3955951,962.0
3956952,843.0
3957953,960.0
3958954,898.0
3959955,860.0
3960956,954.0
3961957,848.0
3962958,989.0
3963959,948.0
3964960,531.0
3965961,982.0
3966962,942.0
3967963,929.0
3968964,972.0
3969965,987.0
3970966,891.0
3971967,607.0
3972968,1000.0
3973969,960.0
3974970,964.0
3975971,957.0
3976972,953.0
3977973,944.0
3978974,833.0
3979975,978.0
3980976,928.0
3981977,941.0
3982978,993.0
3983979,869.0
3984980,892.0
3985981,955.0
3986982,1000.0
3987983,946.0
3988984,970.0
3989985,893.0
3990986,975.0
3991987,115.0
3992988,0.0
3993989,956.0
3994990,0.0
3995991,952.0
3996992,923.0
3997993,967.0
3998994,976.0
3999995,781.0
4000996,984.0
4001997,0.0
4002998,988.0
4003999,952.0
4005000,956.0
4006001,982.0
4007002,914.0
4008003,952.0
4009004,948.0
4010005,951.0
4011006,966.0
4012007,975.0
4013008,989.0
4014009,972.0
4015010,883.0
4016011,949.0
4017012,911.0
4018013,965.0
4019014,923.0
4020015,971.0
4021016,956.0
4022017,876.0
4023018,941.0
4024019,668.0
4025020,901.0
4026021,973.0
4027022,942.0
4028023,963.0
4029024,947.0
4030025,988.0
4031026,999.0
4032027,965.0
4033028,709.0
4034029,689.0
4035030,932.0
4036031,937.0
4037032,871.0
4038033,0.0
4039034,981.0
4040035,980.0
4041036,861.0
4042037,948.0
4043038,977.0
4044039,966.0
4045040,814.0
4046041,956.0
4047042,969.0
4048043,941.0
4049044,940.0
4050045,958.0
4051046,971.0
4052047,973.0
4053048,964.0
4054049,819.0
4055050,961.0
4056051,913.0
4057052,925.0
4058053,841.0
4059054,837.0
4060055,958.0
4061056,907.0
4062057,953.0
4063058,939.0
4064059,0.0
4065060,964.0
4066061,952.0
4067062,947.0
4068063,996.0
4069064,0.0
4070065,871.0
4071066,772.0
4072067,940.0
4073068,946.0
4074069,935.0
4075070,944.0
4076071,970.0
4077072,978.0
4078073,955.0
4079074,1000.0
4080075,878.0
4081076,977.0
4082077,780.0
4083078,954.0
4084079,887.0
4085080,966.0
4086081,901.0
4087082,982.0
4088083,971.0
4089084,927.0
4090085,962.0
4091086,936.0
4092087,365.0
4093088,964.0
4094089,899.0
4095090,954.0
4096091,830.0
4097092,734.0
4098093,947.0
4099094,987.0
4100095,959.0
4101096,825.0
4102097,929.0
4103098,986.0
4104099,936.0
4105100,965.0
4106101,938.0
4107102,976.0
4108103,964.0
4109104,958.0
4110105,691.0
4111106,945.0
4112107,698.0
4113108,901.0
4114109,882.0
4115110,967.0
4116111,968.0
4117112,946.0
4118113,879.0
4119114,935.0
4120115,990.0
4121116,901.0
4122117,913.0
4123118,830.0
4124119,441.0
4125120,890.0
4126121,938.0
4127122,946.0
4128123,919.0
4129124,953.0
4130125,917.0
4131126,933.0
4132127,960.0
4133128,979.0
4134129,986.0
4135130,972.0
4136131,956.0
4137132,955.0
4138133,917.0
4139134,245.0
4140135,589.0
4141136,954.0
4142137,980.0
4143138,984.0
4144139,965.0
4145140,969.0
4146141,913.0
4147142,378.0
4148143,937.0
4149144,725.0
4150145,929.0
4151146,928.0
4152147,929.0
4153148,948.0
4154149,956.0
4155150,823.0
4156151,683.0
4157152,974.0
4158153,954.0
4159154,965.0
4160155,925.0
4161156,344.0
4162157,911.0
4163158,931.0
4164159,964.0
4165160,969.0
4166161,942.0
4167162,951.0
4168163,924.0
4169164,947.0
4170165,982.0
4171166,982.0
4172167,969.0
4173168,887.0
4174169,929.0
4175170,957.0
4176171,974.0
4177172,966.0
4178173,1000.0
4179174,1000.0
4180175,982.0
4181176,955.0
4182177,760.0
4183178,944.0
4184179,922.0
4185180,848.0
4186181,930.0
4187182,956.0
4188183,932.0
4189184,961.0
4190185,867.0
4191186,967.0
4192187,786.0
4193188,929.0
4194189,944.0
4195190,930.0
4196191,863.0
4197192,976.0
4198193,976.0
4199194,952.0
4200195,975.0
4201196,979.0
4202197,962.0
4203198,982.0
4204199,0.0
4205200,931.0
4206201,942.0
4207202,950.0
4208203,814.0
4209204,937.0
4210205,954.0
4211206,994.0
4212207,974.0
4213208,604.0
4214209,936.0
4215210,951.0
4216211,998.0
4217212,959.0
4218213,981.0
4219214,961.0
4220215,950.0
4221216,0.0
4222217,966.0
4223218,938.0
4224219,915.0
4225220,671.0
4226221,982.0
4227222,967.0
4228223,922.0
4229224,848.0
4230225,887.0
4231226,947.0
4232227,928.0
4233228,830.0
4234229,948.0
4235230,972.0
4236231,969.0
4237232,841.0
4238233,921.0
4239234,963.0
4240235,868.0
4241236,993.0
4242237,1000.0
4243238,953.0
4244239,924.0
4245240,0.0
4246241,960.0
4247242,862.0
4248243,955.0
4249244,970.0
4250245,934.0
4251246,962.0
4252247,932.0
4253248,1000.0
4254249,412.0
4255250,886.0
4256251,964.0
4257252,949.0
4258253,869.0
4259254,944.0
4260255,949.0
4261256,940.0
4262257,920.0
4263258,946.0
4264259,965.0
4265260,907.0
4266261,928.0
4267262,1000.0
4268263,961.0
4269264,948.0
4270265,783.0
4271266,942.0
4272267,958.0
4273268,955.0
4274269,826.0
4275270,841.0
4276271,920.0
4277272,974.0
4278273,960.0
4279274,936.0
4280275,868.0
4281276,850.0
4282277,958.0
4283278,952.0
4284279,969.0
4285280,926.0
4286281,825.0
4287282,958.0
4288283,628.0
4289284,951.0
4290285,939.0
4291286,946.0
4292287,813.0
4293288,974.0
4294289,909.0
4295290,959.0
4296291,954.0
4297292,928.0
4298293,927.0
4299294,0.0
4300295,746.0
4301296,962.0
4302297,868.0
4303298,925.0
4304299,851.0
4305300,552.0
4306301,942.0
4307302,933.0
4308303,993.0
4309304,616.0
4310305,944.0
4311306,957.0
4312307,946.0
4313308,983.0
4314309,931.0
4315310,960.0
4316311,236.0
4317312,965.0
4318313,928.0
4319314,939.0
4320315,960.0
4321316,879.0
4322317,944.0
4323318,981.0
4324319,959.0
4325320,959.0
4326321,937.0
4327322,877.0
4328323,976.0
4329324,926.0
4330325,903.0
4331326,957.0
4332327,924.0
4333328,892.0
4334329,985.0
4335330,775.0
4336331,954.0
4337332,911.0
4338333,973.0
4339334,982.0
4340335,886.0
4341336,965.0
4342337,937.0
4343338,979.0
4344339,813.0
4345340,958.0
4346341,992.0
4347342,973.0
4348343,828.0
4349344,954.0
4350345,946.0
4351346,868.0
4352347,969.0
4353348,935.0
4354349,985.0
4355350,206.0
4356351,491.0
4357352,970.0
4358353,910.0
4359354,993.0
4360355,854.0
4361356,933.0
4362357,912.0
4363358,934.0
4364359,989.0
4365360,936.0
4366361,940.0
4367362,950.0
4368363,950.0
4369364,944.0
4370365,941.0
4371366,956.0
4372367,945.0
4373368,993.0
4374369,954.0
4375370,903.0
4376371,484.0
4377372,962.0
4378373,544.0
4379374,971.0
4380375,954.0
4381376,951.0
4382377,458.0
4383378,706.0
4384379,607.0
4385380,910.0
4386381,967.0
4387382,957.0
4388383,957.0
4389384,957.0
4390385,585.0
4391386,931.0
4392387,974.0
4393388,787.0
4394389,971.0
4395390,966.0
4396391,968.0
4397392,960.0
4398393,976.0
4399394,970.0
4400395,969.0
4401396,926.0
4402397,755.0
4403398,909.0
4404399,945.0
4405400,987.0
4406401,960.0
4407402,943.0
4408403,967.0
4409404,964.0
4410405,592.0
4411406,945.0
4412407,866.0
4413408,863.0
4414409,0.0
4415410,947.0
4416411,939.0
4417412,955.0
4418413,782.0
4419414,894.0
4420415,769.0
4421416,940.0
4422417,959.0
4423418,946.0
4424419,994.0
4425420,972.0
4426421,959.0
4427422,661.0
4428423,976.0
4429424,949.0
4430425,922.0
4431426,1.0
4432427,819.0
4433428,823.0
4434429,919.0
4435430,959.0
4436431,819.0
4437432,866.0
4438433,984.0
4439434,951.0
4440435,973.0
4441436,861.0
4442437,911.0
4443438,32.0
4444439,837.0
4445440,962.0
4446441,979.0
4447442,966.0
4448443,904.0
4449444,868.0
4450445,905.0
4451446,731.0
4452447,951.0
4453448,928.0
4454449,981.0
4455450,902.0
4456451,950.0
4457452,975.0
4458453,388.0
4459454,877.0
4460455,956.0
4461456,941.0
4462457,954.0
4463458,947.0
4464459,556.0
4465460,977.0
4466461,967.0
4467462,945.0
4468463,780.0
4469464,954.0
4470465,979.0
4471466,976.0
4472467,952.0
4473468,911.0
4474469,993.0
4475470,961.0
4476471,934.0
4477472,963.0
4478473,972.0
4479474,863.0
4480475,987.0
4481476,939.0
4482477,639.0
4483478,999.0
4484479,850.0
4485480,956.0
4486481,960.0
4487482,935.0
4488483,931.0
4489484,951.0
4490485,948.0
4491486,965.0
4492487,856.0
4493488,872.0
4494489,952.0
4495490,962.0
4496491,629.0
4497492,961.0
4498493,925.0
4499494,940.0
4500495,878.0
4501496,933.0
4502497,945.0
4503498,954.0
4504499,949.0
4505500,964.0
4506501,992.0
4507502,952.0
4508503,931.0
4509504,990.0
4510505,888.0
4511506,922.0
4512507,850.0
4513508,889.0
4514509,970.0
4515510,957.0
4516511,959.0
4517512,141.0
4518513,956.0
4519514,897.0
4520515,937.0
4521516,952.0
4522517,949.0
4523518,125.0
4524519,930.0
4525520,309.0
4526521,928.0
4527522,958.0
4528523,967.0
4529524,782.0
4530525,936.0
4531526,980.0
4532527,995.0
4533528,953.0
4534529,831.0
4535530,935.0
4536531,937.0
4537532,975.0
4538533,964.0
4539534,950.0
4540535,955.0
4541536,974.0
4542537,960.0
4543538,983.0
4544539,894.0
4545540,900.0
4546541,989.0
4547542,582.0
4548543,955.0
4549544,926.0
4550545,946.0
4551546,884.0
4552547,993.0
4553548,960.0
4554549,977.0
4555550,792.0
4556551,931.0
4557552,969.0
4558553,949.0
4559554,986.0
4560555,892.0
4561556,855.0
4562557,799.0
4563558,959.0
4564559,957.0
4565560,839.0
4566561,944.0
4567562,963.0
4568563,981.0
4569564,951.0
4570565,955.0
4571566,956.0
4572567,971.0
4573568,885.0
4574569,934.0
4575570,957.0
4576571,953.0
4577572,982.0
4578573,716.0
4579574,932.0
4580575,929.0
4581576,920.0
4582577,1000.0
4583578,922.0
4584579,948.0
4585580,972.0
4586581,970.0
4587582,916.0
4588583,922.0
4589584,969.0
4590585,572.0
4591586,837.0
4592587,961.0
4593588,959.0
4594589,945.0
4595590,930.0
4596591,976.0
4597592,836.0
4598593,957.0
4599594,970.0
4600595,972.0
4601596,945.0
4602597,932.0
4603598,948.0
4604599,740.0
4605600,977.0
4606601,952.0
4607602,986.0
4608603,723.0
4609604,415.0
4610605,941.0
4611606,973.0
4612607,951.0
4613608,981.0
4614609,212.0
4615610,960.0
4616611,966.0
4617612,927.0
4618613,960.0
4619614,856.0
4620615,967.0
4621616,947.0
4622617,970.0
4623618,555.0
4624619,936.0
4625620,959.0
4626621,664.0
4627622,955.0
4628623,625.0
4629624,971.0
4630625,957.0
4631626,987.0
4632627,951.0
4633628,914.0
4634629,968.0
4635630,837.0
4636631,981.0
4637632,977.0
4638633,977.0
4639634,973.0
4640635,863.0
4641636,818.0
4642637,956.0
4643638,992.0
4644639,988.0
4645640,654.0
4646641,940.0
4647642,909.0
4648643,968.0
4649644,954.0
4650645,968.0
4651646,996.0
4652647,944.0
4653648,803.0
4654649,943.0
4655650,792.0
4656651,939.0
4657652,723.0
4658653,974.0
4659654,166.0
4660655,861.0
4661656,988.0
4662657,974.0
4663658,943.0
4664659,895.0
4665660,860.0
4666661,588.0
4667662,936.0
4668663,966.0
4669664,987.0
4670665,975.0
4671666,874.0
4672667,945.0
4673668,562.0
4674669,955.0
4675670,910.0
4676671,882.0
4677672,956.0
4678673,934.0
4679674,385.0
4680675,864.0
4681676,967.0
4682677,977.0
4683678,902.0
4684679,518.0
4685680,973.0
4686681,984.0
4687682,947.0
4688683,839.0
4689684,939.0
4690685,857.0
4691686,944.0
4692687,954.0
4693688,956.0
4694689,964.0
4695690,918.0
4696691,966.0
4697692,932.0
4698693,940.0
4699694,811.0
4700695,828.0
4701696,965.0
4702697,947.0
4703698,0.0
4704699,728.0
4705700,965.0
4706701,964.0
4707702,960.0
4708703,976.0
4709704,945.0
4710705,925.0
4711706,739.0
4712707,672.0
4713708,971.0
4714709,860.0
4715710,948.0
4716711,933.0
4717712,930.0
4718713,941.0
4719714,958.0
4720715,995.0
4721716,937.0
4722717,965.0
4723718,964.0
4724719,845.0
4725720,953.0
4726721,739.0
4727722,734.0
4728723,971.0
4729724,981.0
4730725,835.0
4731726,997.0
4732727,959.0
4733728,944.0
4734729,909.0
4735730,943.0
4736731,986.0
4737732,862.0
4738733,796.0
4739734,929.0
4740735,946.0
4741736,955.0
4742737,830.0
4743738,957.0
4744739,661.0
4745740,929.0
4746741,941.0
4747742,890.0
4748743,952.0
4749744,794.0
4750745,921.0
4751746,940.0
4752747,967.0
4753748,964.0
4754749,933.0
4755750,943.0
4756751,765.0
4757752,952.0
4758753,887.0
4759754,839.0
4760755,982.0
4761756,951.0
4762757,952.0
4763758,877.0
4764759,623.0
4765760,952.0
4766761,808.0
4767762,969.0
4768763,969.0
4769764,534.0
4770765,996.0
4771766,954.0
4772767,577.0
4773768,947.0
4774769,945.0
4775770,917.0
4776771,945.0
4777772,920.0
4778773,982.0
4779774,0.0
4780775,957.0
4781776,970.0
4782777,959.0
4783778,933.0
4784779,933.0
4785780,943.0
4786781,954.0
4787782,983.0
4788783,929.0
4789784,888.0
4790785,959.0
4791786,825.0
4792787,499.0
4793788,903.0
4794789,937.0
4795790,755.0
4796791,981.0
4797792,931.0
4798793,958.0
4799794,0.0
4800795,939.0
4801796,984.0
4802797,976.0
4803798,952.0
4804799,956.0
4805800,993.0
4806801,926.0
4807802,923.0
4808803,939.0
4809804,964.0
4810805,12.0
4811806,947.0
4812807,951.0
4813808,943.0
4814809,231.0
4815810,974.0
4816811,969.0
4817812,988.0
4818813,946.0
4819814,909.0
4820815,943.0
4821816,936.0
4822817,945.0
4823818,837.0
4824819,772.0
4825820,953.0
4826821,934.0
4827822,779.0
4828823,912.0
4829824,977.0
4830825,1000.0
4831826,938.0
4832827,921.0
4833828,938.0
4834829,816.0
4835830,926.0
4836831,574.0
4837832,993.0
4838833,961.0
4839834,913.0
4840835,961.0
4841836,957.0
4842837,971.0
4843838,958.0
4844839,884.0
4845840,979.0
4846841,905.0
4847842,837.0
4848843,920.0
4849844,978.0
4850845,997.0
4851846,951.0
4852847,972.0
4853848,968.0
4854849,919.0
4855850,960.0
4856851,978.0
4857852,936.0
4858853,964.0
4859854,972.0
4860855,854.0
4861856,973.0
4862857,852.0
4863858,941.0
4864859,926.0
4865860,961.0
4866861,970.0
4867862,955.0
4868863,965.0
4869864,988.0
4870865,950.0
4871866,887.0
4872867,960.0
4873868,943.0
4874869,922.0
4875870,818.0
4876871,789.0
4877872,965.0
4878873,956.0
4879874,948.0
4880875,968.0
4881876,662.0
4882877,965.0
4883878,955.0
4884879,793.0
4885880,929.0
4886881,958.0
4887882,599.0
4888883,623.0
4889884,977.0
4890885,963.0
4891886,973.0
4892887,928.0
4893888,924.0
4894889,0.0
4895890,894.0
4896891,757.0
4897892,759.0
4898893,946.0
4899894,983.0
4900895,972.0
4901896,961.0
4902897,768.0
4903898,927.0
4904899,636.0
4905900,979.0
4906901,947.0
4907902,958.0
4908903,938.0
4909904,950.0
4910905,813.0
4911906,651.0
4912907,945.0
4913908,920.0
4914909,945.0
4915910,955.0
4916911,910.0
4917912,949.0
4918913,823.0
4919914,660.0
4920915,0.0
4921916,987.0
4922917,997.0
4923918,987.0
4924919,954.0
4925920,963.0
4926921,845.0
4927922,845.0
4928923,0.0
4929924,959.0
4930925,892.0
4931926,941.0
4932927,943.0
4933928,962.0
4934929,867.0
4935930,972.0
4936931,959.0
4937932,929.0
4938933,809.0
4939934,932.0
4940935,950.0
4941936,970.0
4942937,964.0
4943938,742.0
4944939,955.0
4945940,868.0
4946941,970.0
4947942,927.0
4948943,983.0
4949944,748.0
4950945,982.0
4951946,926.0
4952947,785.0
4953948,973.0
4954949,955.0
4955950,958.0
4956951,978.0
4957952,724.0
4958953,931.0
4959954,2.0
4960955,914.0
4961956,856.0
4962957,979.0
4963958,950.0
4964959,962.0
4965960,790.0
4966961,958.0
4967962,952.0
4968963,962.0
4969964,943.0
4970965,823.0
4971966,959.0
4972967,891.0
4973968,796.0
4974969,940.0
4975970,543.0
4976971,643.0
4977972,955.0
4978973,978.0
4979974,711.0
4980975,464.0
4981976,672.0
4982977,952.0
4983978,857.0
4984979,680.0
4985980,946.0
4986981,876.0
4987982,835.0
4988983,778.0
4989984,924.0
4990985,975.0
4991986,888.0
4992987,954.0
4993988,999.0
4994989,875.0
4995990,985.0
4996991,955.0
4997992,940.0
4998993,966.0
4999994,903.0
5000995,935.0
5001996,938.0
5002997,962.0
5003998,972.0
5004999,971.0
5006000,1000.0
5007001,853.0
5008002,942.0
5009003,774.0
5010004,933.0
5011005,953.0
5012006,967.0
5013007,984.0
5014008,934.0
5015009,942.0
5016010,853.0
5017011,863.0
5018012,937.0
5019013,977.0
5020014,942.0
5021015,929.0
5022016,918.0
5023017,895.0
5024018,976.0
5025019,964.0
5026020,921.0
5027021,869.0
5028022,944.0
5029023,954.0
5030024,945.0
5031025,824.0
5032026,955.0
5033027,944.0
5034028,878.0
5035029,950.0
5036030,702.0
5037031,949.0
5038032,917.0
5039033,987.0
5040034,951.0
5041035,788.0
5042036,969.0
5043037,854.0
5044038,961.0
5045039,963.0
5046040,967.0
5047041,919.0
5048042,931.0
5049043,979.0
5050044,942.0
5051045,954.0
5052046,798.0
5053047,913.0
5054048,936.0
5055049,979.0
5056050,631.0
5057051,849.0
5058052,969.0
5059053,965.0
5060054,947.0
5061055,774.0
5062056,973.0
5063057,969.0
5064058,945.0
5065059,904.0
5066060,693.0
5067061,888.0
5068062,959.0
5069063,968.0
5070064,933.0
5071065,951.0
5072066,962.0
5073067,851.0
5074068,27.0
5075069,938.0
5076070,959.0
5077071,697.0
5078072,974.0
5079073,974.0
5080074,886.0
5081075,936.0
5082076,853.0
5083077,993.0
5084078,834.0
5085079,673.0
5086080,861.0
5087081,915.0
5088082,918.0
5089083,1000.0
5090084,920.0
5091085,852.0
5092086,959.0
5093087,952.0
5094088,933.0
5095089,723.0
5096090,974.0
5097091,957.0
5098092,683.0
5099093,948.0
5100094,952.0
5101095,942.0
5102096,972.0
5103097,956.0
5104098,365.0
5105099,948.0
5106100,957.0
5107101,936.0
5108102,962.0
5109103,945.0
5110104,954.0
5111105,981.0
5112106,961.0
5113107,981.0
5114108,974.0
5115109,937.0
5116110,926.0
5117111,950.0
5118112,918.0
5119113,899.0
5120114,806.0
5121115,979.0
5122116,920.0
5123117,989.0
5124118,984.0
5125119,954.0
5126120,933.0
5127121,859.0
5128122,839.0
5129123,992.0
5130124,958.0
5131125,954.0
5132126,776.0
5133127,938.0
5134128,843.0
5135129,952.0
5136130,918.0
5137131,967.0
5138132,929.0
5139133,952.0
5140134,982.0
5141135,964.0
5142136,978.0
5143137,950.0
5144138,872.0
5145139,955.0
5146140,945.0
5147141,917.0
5148142,953.0
5149143,943.0
5150144,844.0
5151145,943.0
5152146,955.0
5153147,873.0
5154148,986.0
5155149,858.0
5156150,985.0
5157151,957.0
5158152,932.0
5159153,946.0
5160154,934.0
5161155,815.0
5162156,948.0
5163157,919.0
5164158,868.0
5165159,951.0
5166160,975.0
5167161,946.0
5168162,955.0
5169163,804.0
5170164,943.0
5171165,928.0
5172166,904.0
5173167,941.0
5174168,201.0
5175169,908.0
5176170,387.0
5177171,966.0
5178172,961.0
5179173,984.0
5180174,974.0
5181175,815.0
5182176,982.0
5183177,953.0
5184178,868.0
5185179,964.0
5186180,980.0
5187181,950.0
5188182,308.0
5189183,954.0
5190184,952.0
5191185,948.0
5192186,919.0
5193187,964.0
5194188,984.0
5195189,986.0
5196190,942.0
5197191,939.0
5198192,947.0
5199193,766.0
5200194,888.0
5201195,945.0
5202196,961.0
5203197,41.0
5204198,965.0
5205199,994.0
5206200,787.0
5207201,944.0
5208202,937.0
5209203,879.0
5210204,906.0
5211205,957.0
5212206,966.0
5213207,959.0
5214208,917.0
5215209,960.0
5216210,1000.0
5217211,983.0
5218212,922.0
5219213,905.0
5220214,970.0
5221215,983.0
5222216,942.0
5223217,948.0
5224218,781.0
5225219,997.0
5226220,890.0
5227221,901.0
5228222,916.0
5229223,966.0
5230224,967.0
5231225,942.0
5232226,973.0
5233227,864.0
5234228,821.0
5235229,953.0
5236230,889.0
5237231,947.0
5238232,937.0
5239233,944.0
5240234,863.0
5241235,767.0
5242236,941.0
5243237,993.0
5244238,927.0
5245239,961.0
5246240,976.0
5247241,967.0
5248242,867.0
5249243,911.0
5250244,988.0
5251245,944.0
5252246,957.0
5253247,950.0
5254248,957.0
5255249,996.0
5256250,941.0
5257251,960.0
5258252,949.0
5259253,989.0
5260254,960.0
5261255,971.0
5262256,941.0
5263257,945.0
5264258,880.0
5265259,938.0
5266260,967.0
5267261,938.0
5268262,938.0
5269263,945.0
5270264,868.0
5271265,969.0
5272266,849.0
5273267,996.0
5274268,890.0
5275269,969.0
5276270,963.0
5277271,992.0
5278272,713.0
5279273,961.0
5280274,858.0
5281275,483.0
5282276,959.0
5283277,962.0
5284278,945.0
5285279,943.0
5286280,961.0
5287281,965.0
5288282,932.0
5289283,569.0
5290284,856.0
5291285,937.0
5292286,887.0
5293287,923.0
5294288,849.0
5295289,979.0
5296290,959.0
5297291,996.0
5298292,939.0
5299293,839.0
5300294,951.0
5301295,987.0
5302296,845.0
5303297,997.0
5304298,926.0
5305299,947.0
5306300,968.0
5307301,945.0
5308302,888.0
5309303,984.0
5310304,918.0
5311305,958.0
5312306,956.0
5313307,914.0
5314308,914.0
5315309,912.0
5316310,960.0
5317311,939.0
5318312,995.0
5319313,973.0
5320314,924.0
5321315,850.0
5322316,955.0
5323317,895.0
5324318,943.0
5325319,962.0
5326320,844.0
5327321,1000.0
5328322,984.0
5329323,913.0
5330324,998.0
5331325,958.0
5332326,952.0
5333327,996.0
5334328,936.0
5335329,764.0
5336330,971.0
5337331,0.0
5338332,864.0
5339333,953.0
5340334,977.0
5341335,985.0
5342336,971.0
5343337,939.0
5344338,669.0
5345339,520.0
5346340,940.0
5347341,943.0
5348342,1000.0
5349343,963.0
5350344,289.0
5351345,975.0
5352346,935.0
5353347,858.0
5354348,981.0
5355349,948.0
5356350,948.0
5357351,1000.0
5358352,976.0
5359353,954.0
5360354,939.0
5361355,965.0
5362356,970.0
5363357,933.0
5364358,904.0
5365359,835.0
5366360,939.0
5367361,986.0
5368362,954.0
5369363,936.0
5370364,959.0
5371365,867.0
5372366,982.0
5373367,954.0
5374368,0.0
5375369,960.0
5376370,936.0
5377371,973.0
5378372,986.0
5379373,940.0
5380374,964.0
5381375,985.0
5382376,169.0
5383377,985.0
5384378,778.0
5385379,919.0
5386380,940.0
5387381,747.0
5388382,943.0
5389383,841.0
5390384,665.0
5391385,952.0
5392386,955.0
5393387,843.0
5394388,934.0
5395389,927.0
5396390,968.0
5397391,976.0
5398392,601.0
5399393,937.0
5400394,910.0
5401395,926.0
5402396,848.0
5403397,939.0
5404398,969.0
5405399,973.0
5406400,959.0
5407401,952.0
5408402,975.0
5409403,936.0
5410404,978.0
5411405,916.0
5412406,937.0
5413407,942.0
5414408,917.0
5415409,950.0
5416410,970.0
5417411,966.0
5418412,963.0
5419413,466.0
5420414,940.0
5421415,983.0
5422416,946.0
5423417,756.0
5424418,166.0
5425419,945.0
5426420,934.0
5427421,846.0
5428422,974.0
5429423,996.0
5430424,962.0
5431425,973.0
5432426,744.0
5433427,951.0
5434428,951.0
5435429,939.0
5436430,913.0
5437431,986.0
5438432,882.0
5439433,986.0
5440434,945.0
5441435,598.0
5442436,766.0
5443437,961.0
5444438,967.0
5445439,715.0
5446440,941.0
5447441,963.0
5448442,957.0
5449443,951.0
5450444,962.0
5451445,887.0
5452446,969.0
5453447,978.0
5454448,979.0
5455449,907.0
5456450,933.0
5457451,958.0
5458452,918.0
5459453,958.0
5460454,952.0
5461455,950.0
5462456,914.0
5463457,984.0
5464458,827.0
5465459,958.0
5466460,908.0
5467461,899.0
5468462,915.0
5469463,963.0
5470464,938.0
5471465,912.0
5472466,965.0
5473467,954.0
5474468,939.0
5475469,938.0
5476470,478.0
5477471,940.0
5478472,956.0
5479473,963.0
5480474,956.0
5481475,975.0
5482476,902.0
5483477,853.0
5484478,848.0
5485479,926.0
5486480,952.0
5487481,923.0
5488482,924.0
5489483,915.0
5490484,981.0
5491485,972.0
5492486,773.0
5493487,835.0
5494488,990.0
5495489,933.0
5496490,76.0
5497491,986.0
5498492,914.0
5499493,913.0
5500494,924.0
5501495,898.0
5502496,966.0
5503497,948.0
5504498,915.0
5505499,959.0
5506500,926.0
5507501,975.0
5508502,906.0
5509503,960.0
5510504,960.0
5511505,928.0
5512506,964.0
5513507,962.0
5514508,854.0
5515509,917.0
5516510,936.0
5517511,939.0
5518512,927.0
5519513,369.0
5520514,742.0
5521515,977.0
5522516,941.0
5523517,880.0
5524518,929.0
5525519,368.0
5526520,865.0
5527521,986.0
5528522,869.0
5529523,950.0
5530524,951.0
5531525,947.0
5532526,947.0
5533527,993.0
5534528,939.0
5535529,953.0
5536530,948.0
5537531,0.0
5538532,957.0
5539533,960.0
5540534,998.0
5541535,948.0
5542536,979.0
5543537,959.0
5544538,973.0
5545539,941.0
5546540,833.0
5547541,934.0
5548542,984.0
5549543,976.0
5550544,855.0
5551545,949.0
5552546,941.0
5553547,940.0
5554548,964.0
5555549,967.0
5556550,975.0
5557551,917.0
5558552,992.0
5559553,938.0
5560554,590.0
5561555,917.0
5562556,967.0
5563557,922.0
5564558,1000.0
5565559,945.0
5566560,982.0
5567561,966.0
5568562,980.0
5569563,929.0
5570564,971.0
5571565,140.0
5572566,933.0
5573567,949.0
5574568,931.0
5575569,937.0
5576570,950.0
5577571,971.0
5578572,949.0
5579573,862.0
5580574,925.0
5581575,968.0
5582576,960.0
5583577,914.0
5584578,967.0
5585579,838.0
5586580,279.0
5587581,954.0
5588582,933.0
5589583,957.0
5590584,962.0
5591585,899.0
5592586,900.0
5593587,855.0
5594588,948.0
5595589,991.0
5596590,922.0
5597591,954.0
5598592,914.0
5599593,929.0
5600594,998.0
5601595,998.0
5602596,966.0
5603597,954.0
5604598,919.0
5605599,901.0
5606600,950.0
5607601,973.0
5608602,945.0
5609603,969.0
5610604,979.0
5611605,810.0
5612606,985.0
5613607,949.0
5614608,985.0
5615609,959.0
5616610,971.0
5617611,768.0
5618612,937.0
5619613,956.0
5620614,927.0
5621615,290.0
5622616,939.0
5623617,940.0
5624618,939.0
5625619,981.0
5626620,938.0
5627621,741.0
5628622,949.0
5629623,974.0
5630624,947.0
5631625,938.0
5632626,948.0
5633627,953.0
5634628,946.0
5635629,959.0
5636630,946.0
5637631,908.0
5638632,772.0
5639633,954.0
5640634,921.0
5641635,785.0
5642636,796.0
5643637,953.0
5644638,968.0
5645639,923.0
5646640,954.0
5647641,951.0
5648642,958.0
5649643,988.0
5650644,968.0
5651645,9.0
5652646,965.0
5653647,907.0
5654648,921.0
5655649,962.0
5656650,693.0
5657651,955.0
5658652,793.0
5659653,967.0
5660654,835.0
5661655,951.0
5662656,868.0
5663657,959.0
5664658,658.0
5665659,927.0
5666660,937.0
5667661,956.0
5668662,948.0
5669663,919.0
5670664,932.0
5671665,953.0
5672666,480.0
5673667,949.0
5674668,1000.0
5675669,964.0
5676670,924.0
5677671,923.0
5678672,939.0
5679673,945.0
5680674,928.0
5681675,962.0
5682676,928.0
5683677,919.0
5684678,855.0
5685679,984.0
5686680,871.0
5687681,950.0
5688682,919.0
5689683,964.0
5690684,919.0
5691685,870.0
5692686,795.0
5693687,661.0
5694688,853.0
5695689,734.0
5696690,898.0
5697691,973.0
5698692,996.0
5699693,964.0
5700694,590.0
5701695,429.0
5702696,991.0
5703697,945.0
5704698,956.0
5705699,921.0
5706700,938.0
5707701,924.0
5708702,914.0
5709703,921.0
5710704,951.0
5711705,894.0
5712706,821.0
5713707,910.0
5714708,998.0
5715709,880.0
5716710,930.0
5717711,951.0
5718712,919.0
5719713,698.0
5720714,777.0
5721715,924.0
5722716,929.0
5723717,934.0
5724718,903.0
5725719,902.0
5726720,987.0
5727721,356.0
5728722,981.0
5729723,933.0
5730724,939.0
5731725,986.0
5732726,733.0
5733727,907.0
5734728,965.0
5735729,958.0
5736730,905.0
5737731,937.0
5738732,948.0
5739733,976.0
5740734,949.0
5741735,927.0
5742736,865.0
5743737,976.0
5744738,987.0
5745739,953.0
5746740,917.0
5747741,993.0
5748742,923.0
5749743,947.0
5750744,960.0
5751745,892.0
5752746,953.0
5753747,977.0
5754748,780.0
5755749,588.0
5756750,990.0
5757751,911.0
5758752,613.0
5759753,943.0
5760754,921.0
5761755,959.0
5762756,695.0
5763757,970.0
5764758,750.0
5765759,961.0
5766760,893.0
5767761,893.0
5768762,930.0
5769763,971.0
5770764,995.0
5771765,951.0
5772766,923.0
5773767,852.0
5774768,951.0
5775769,946.0
5776770,903.0
5777771,932.0
5778772,958.0
5779773,810.0
5780774,993.0
5781775,976.0
5782776,949.0
5783777,909.0
5784778,648.0
5785779,809.0
5786780,877.0
5787781,878.0
5788782,979.0
5789783,939.0
5790784,981.0
5791785,880.0
5792786,929.0
5793787,924.0
5794788,914.0
5795789,899.0
5796790,949.0
5797791,972.0
5798792,960.0
5799793,936.0
5800794,827.0
5801795,883.0
5802796,940.0
5803797,946.0
5804798,955.0
5805799,906.0
5806800,906.0
5807801,719.0
5808802,714.0
5809803,972.0
5810804,903.0
5811805,971.0
5812806,953.0
5813807,965.0
5814808,918.0
5815809,892.0
5816810,866.0
5817811,943.0
5818812,949.0
5819813,932.0
5820814,938.0
5821815,956.0
5822816,954.0
5823817,944.0
5824818,944.0
5825819,975.0
5826820,912.0
5827821,954.0
5828822,0.0
5829823,941.0
5830824,938.0
5831825,909.0
5832826,0.0
5833827,942.0
5834828,970.0
5835829,564.0
5836830,974.0
5837831,966.0
5838832,900.0
5839833,972.0
5840834,944.0
5841835,906.0
5842836,414.0
5843837,935.0
5844838,976.0
5845839,920.0
5846840,212.0
5847841,925.0
5848842,865.0
5849843,937.0
5850844,925.0
5851845,911.0
5852846,924.0
5853847,895.0
5854848,838.0
5855849,909.0
5856850,963.0
5857851,992.0
5858852,803.0
5859853,960.0
5860854,987.0
5861855,776.0
5862856,894.0
5863857,970.0
5864858,978.0
5865859,810.0
5866860,982.0
5867861,918.0
5868862,953.0
5869863,953.0
5870864,964.0
5871865,802.0
5872866,957.0
5873867,971.0
5874868,953.0
5875869,950.0
5876870,989.0
5877871,943.0
5878872,972.0
5879873,980.0
5880874,999.0
5881875,623.0
5882876,936.0
5883877,960.0
5884878,962.0
5885879,931.0
5886880,821.0
5887881,1000.0
5888882,927.0
5889883,948.0
5890884,826.0
5891885,701.0
5892886,946.0
5893887,974.0
5894888,829.0
5895889,956.0
5896890,913.0
5897891,983.0
5898892,939.0
5899893,862.0
5900894,921.0
5901895,965.0
5902896,892.0
5903897,989.0
5904898,980.0
5905899,950.0
5906900,919.0
5907901,952.0
5908902,948.0
5909903,974.0
5910904,965.0
5911905,954.0
5912906,838.0
5913907,1000.0
5914908,851.0
5915909,928.0
5916910,835.0
5917911,517.0
5918912,964.0
5919913,915.0
5920914,857.0
5921915,940.0
5922916,994.0
5923917,969.0
5924918,849.0
5925919,946.0
5926920,969.0
5927921,920.0
5928922,858.0
5929923,963.0
5930924,926.0
5931925,906.0
5932926,944.0
5933927,929.0
5934928,978.0
5935929,952.0
5936930,954.0
5937931,957.0
5938932,911.0
5939933,696.0
5940934,947.0
5941935,895.0
5942936,921.0
5943937,970.0
5944938,852.0
5945939,844.0
5946940,904.0
5947941,808.0
5948942,965.0
5949943,945.0
5950944,885.0
5951945,830.0
5952946,3.0
5953947,912.0
5954948,957.0
5955949,963.0
5956950,982.0
5957951,738.0
5958952,992.0
5959953,855.0
5960954,927.0
5961955,900.0
5962956,914.0
5963957,891.0
5964958,900.0
5965959,933.0
5966960,937.0
5967961,928.0
5968962,929.0
5969963,816.0
5970964,908.0
5971965,973.0
5972966,981.0
5973967,936.0
5974968,958.0
5975969,964.0
5976970,947.0
5977971,633.0
5978972,917.0
5979973,898.0
5980974,840.0
5981975,935.0
5982976,803.0
5983977,950.0
5984978,948.0
5985979,964.0
5986980,957.0
5987981,967.0
5988982,871.0
5989983,938.0
5990984,935.0
5991985,940.0
5992986,865.0
5993987,908.0
5994988,962.0
5995989,927.0
5996990,874.0
5997991,961.0
5998992,858.0
5999993,906.0
6000994,936.0
6001995,923.0
6002996,894.0
6003997,714.0
6004998,994.0
6005999,988.0
6007000,971.0
6008001,932.0
6009002,917.0
6010003,851.0
6011004,751.0
6012005,740.0
6013006,890.0
6014007,951.0
6015008,974.0
6016009,941.0
6017010,974.0
6018011,985.0
6019012,856.0
6020013,908.0
6021014,938.0
6022015,901.0
6023016,862.0
6024017,907.0
6025018,915.0
6026019,916.0
6027020,960.0
6028021,916.0
6029022,869.0
6030023,526.0
6031024,937.0
6032025,939.0
6033026,902.0
6034027,963.0
6035028,504.0
6036029,990.0
6037030,950.0
6038031,624.0
6039032,978.0
6040033,943.0
6041034,915.0
6042035,971.0
6043036,980.0
6044037,951.0
6045038,930.0
6046039,970.0
6047040,932.0
6048041,980.0
6049042,698.0
6050043,845.0
6051044,997.0
6052045,976.0
6053046,854.0
6054047,9.0
6055048,951.0
6056049,972.0
6057050,941.0
6058051,976.0
6059052,935.0
6060053,854.0
6061054,908.0
6062055,928.0
6063056,940.0
6064057,924.0
6065058,988.0
6066059,861.0
6067060,997.0
6068061,974.0
6069062,826.0
6070063,949.0
6071064,966.0
6072065,945.0
6073066,930.0
6074067,989.0
6075068,974.0
6076069,944.0
6077070,939.0
6078071,928.0
6079072,946.0
6080073,967.0
6081074,898.0
6082075,868.0
6083076,994.0
6084077,859.0
6085078,714.0
6086079,761.0
6087080,965.0
6088081,876.0
6089082,979.0
6090083,958.0
6091084,984.0
6092085,924.0
6093086,928.0
6094087,957.0
6095088,970.0
6096089,942.0
6097090,967.0
6098091,926.0
6099092,920.0
6100093,664.0
6101094,477.0
6102095,910.0
6103096,950.0
6104097,923.0
6105098,927.0
6106099,939.0
6107100,961.0
6108101,934.0
6109102,951.0
6110103,919.0
6111104,993.0
6112105,921.0
6113106,940.0
6114107,976.0
6115108,946.0
6116109,912.0
6117110,810.0
6118111,857.0
6119112,937.0
6120113,991.0
6121114,934.0
6122115,955.0
6123116,902.0
6124117,963.0
6125118,927.0
6126119,937.0
6127120,0.0
6128121,918.0
6129122,915.0
6130123,932.0
6131124,945.0
6132125,961.0
6133126,813.0
6134127,960.0
6135128,742.0
6136129,914.0
6137130,977.0
6138131,921.0
6139132,951.0
6140133,936.0
6141134,934.0
6142135,988.0
6143136,969.0
6144137,970.0
6145138,0.0
6146139,952.0
6147140,947.0
6148141,875.0
6149142,915.0
6150143,660.0
6151144,926.0
6152145,907.0
6153146,921.0
6154147,950.0
6155148,809.0
6156149,938.0
6157150,950.0
6158151,969.0
6159152,929.0
6160153,965.0
6161154,972.0
6162155,959.0
6163156,978.0
6164157,938.0
6165158,942.0
6166159,903.0
6167160,976.0
6168161,959.0
6169162,948.0
6170163,929.0
6171164,955.0
6172165,938.0
6173166,973.0
6174167,975.0
6175168,945.0
6176169,898.0
6177170,935.0
6178171,937.0
6179172,967.0
6180173,950.0
6181174,0.0
6182175,979.0
6183176,969.0
6184177,595.0
6185178,942.0
6186179,920.0
6187180,971.0
6188181,939.0
6189182,958.0
6190183,977.0
6191184,906.0
6192185,843.0
6193186,902.0
6194187,962.0
6195188,984.0
6196189,932.0
6197190,935.0
6198191,917.0
6199192,933.0
6200193,891.0
6201194,767.0
6202195,966.0
6203196,977.0
6204197,0.0
6205198,889.0
6206199,983.0
6207200,963.0
6208201,889.0
6209202,971.0
6210203,911.0
6211204,869.0
6212205,948.0
6213206,995.0
6214207,953.0
6215208,984.0
6216209,927.0
6217210,978.0
6218211,963.0
6219212,958.0
6220213,948.0
6221214,949.0
6222215,945.0
6223216,904.0
6224217,969.0
6225218,981.0
6226219,966.0
6227220,950.0
6228221,832.0
6229222,929.0
6230223,891.0
6231224,923.0
6232225,963.0
6233226,958.0
6234227,849.0
6235228,970.0
6236229,937.0
6237230,928.0
6238231,883.0
6239232,957.0
6240233,952.0
6241234,941.0
6242235,902.0
6243236,946.0
6244237,935.0
6245238,922.0
6246239,898.0
6247240,943.0
6248241,968.0
6249242,964.0
6250243,795.0
6251244,921.0
6252245,899.0
6253246,995.0
6254247,898.0
6255248,941.0
6256249,935.0
6257250,851.0
6258251,765.0
6259252,918.0
6260253,983.0
6261254,865.0
6262255,924.0
6263256,906.0
6264257,906.0
6265258,483.0
6266259,937.0
6267260,796.0
6268261,945.0
6269262,943.0
6270263,903.0
6271264,936.0
6272265,937.0
6273266,697.0
6274267,915.0
6275268,930.0
6276269,758.0
6277270,968.0
6278271,943.0
6279272,942.0
6280273,941.0
6281274,913.0
6282275,959.0
6283276,914.0
6284277,742.0
6285278,986.0
6286279,977.0
6287280,965.0
6288281,981.0
6289282,1000.0
6290283,940.0
6291284,944.0
6292285,947.0
6293286,921.0
6294287,95.0
6295288,978.0
6296289,940.0
6297290,946.0
6298291,933.0
6299292,942.0
6300293,924.0
6301294,969.0
6302295,948.0
6303296,952.0
6304297,897.0
6305298,919.0
6306299,944.0
6307300,975.0
6308301,901.0
6309302,903.0
6310303,948.0
6311304,925.0
6312305,918.0
6313306,937.0
6314307,954.0
6315308,918.0
6316309,981.0
6317310,913.0
6318311,982.0
6319312,960.0
6320313,952.0
6321314,968.0
6322315,905.0
6323316,971.0
6324317,980.0
6325318,969.0
6326319,974.0
6327320,945.0
6328321,935.0
6329322,917.0
6330323,975.0
6331324,923.0
6332325,890.0
6333326,490.0
6334327,966.0
6335328,959.0
6336329,979.0
6337330,870.0
6338331,962.0
6339332,1000.0
6340333,900.0
6341334,867.0
6342335,832.0
6343336,901.0
6344337,972.0
6345338,933.0
6346339,978.0
6347340,930.0
6348341,913.0
6349342,920.0
6350343,981.0
6351344,979.0
6352345,962.0
6353346,1000.0
6354347,927.0
6355348,935.0
6356349,942.0
6357350,656.0
6358351,961.0
6359352,985.0
6360353,0.0
6361354,954.0
6362355,896.0
6363356,960.0
6364357,930.0
6365358,950.0
6366359,943.0
6367360,867.0
6368361,952.0
6369362,940.0
6370363,967.0
6371364,981.0
6372365,691.0
6373366,939.0
6374367,978.0
6375368,915.0
6376369,943.0
6377370,815.0
6378371,927.0
6379372,761.0
6380373,920.0
6381374,965.0
6382375,923.0
6383376,977.0
6384377,414.0
6385378,950.0
6386379,916.0
6387380,967.0
6388381,951.0
6389382,773.0
6390383,611.0
6391384,908.0
6392385,966.0
6393386,980.0
6394387,162.0
6395388,970.0
6396389,968.0
6397390,922.0
6398391,925.0
6399392,939.0
6400393,920.0
6401394,931.0
6402395,986.0
6403396,908.0
6404397,995.0
6405398,821.0
6406399,920.0
6407400,921.0
6408401,962.0
6409402,943.0
6410403,945.0
6411404,948.0
6412405,923.0
6413406,869.0
6414407,979.0
6415408,984.0
6416409,979.0
6417410,928.0
6418411,946.0
6419412,928.0
6420413,744.0
6421414,914.0
6422415,910.0
6423416,947.0
6424417,896.0
6425418,961.0
6426419,915.0
6427420,957.0
6428421,879.0
6429422,978.0
6430423,930.0
6431424,962.0
6432425,885.0
6433426,960.0
6434427,890.0
6435428,922.0
6436429,931.0
6437430,905.0
6438431,626.0
6439432,912.0
6440433,458.0
6441434,974.0
6442435,939.0
6443436,937.0
6444437,979.0
6445438,948.0
6446439,853.0
6447440,956.0
6448441,968.0
6449442,877.0
6450443,938.0
6451444,945.0
6452445,915.0
6453446,883.0
6454447,928.0
6455448,933.0
6456449,847.0
6457450,912.0
6458451,967.0
6459452,910.0
6460453,647.0
6461454,993.0
6462455,914.0
6463456,962.0
6464457,955.0
6465458,907.0
6466459,957.0
6467460,1000.0
6468461,927.0
6469462,942.0
6470463,934.0
6471464,847.0
6472465,971.0
6473466,914.0
6474467,775.0
6475468,923.0
6476469,989.0
6477470,932.0
6478471,15.0
6479472,974.0
6480473,975.0
6481474,632.0
6482475,986.0
6483476,937.0
6484477,920.0
6485478,955.0
6486479,962.0
6487480,506.0
6488481,939.0
6489482,909.0
6490483,968.0
6491484,927.0
6492485,971.0
6493486,923.0
6494487,945.0
6495488,952.0
6496489,821.0
6497490,989.0
6498491,951.0
6499492,873.0
6500493,970.0
6501494,752.0
6502495,840.0
6503496,686.0
6504497,978.0
6505498,931.0
6506499,965.0
6507500,970.0
6508501,918.0
6509502,348.0
6510503,969.0
6511504,973.0
6512505,992.0
6513506,958.0
6514507,980.0
6515508,936.0
6516509,944.0
6517510,982.0
6518511,952.0
6519512,407.0
6520513,1000.0
6521514,985.0
6522515,918.0
6523516,965.0
6524517,943.0
6525518,898.0
6526519,949.0
6527520,971.0
6528521,929.0
6529522,928.0
6530523,965.0
6531524,714.0
6532525,953.0
6533526,845.0
6534527,978.0
6535528,938.0
6536529,948.0
6537530,915.0
6538531,955.0
6539532,898.0
6540533,957.0
6541534,938.0
6542535,913.0
6543536,963.0
6544537,966.0
6545538,929.0
6546539,959.0
6547540,940.0
6548541,933.0
6549542,979.0
6550543,946.0
6551544,806.0
6552545,956.0
6553546,935.0
6554547,970.0
6555548,936.0
6556549,905.0
6557550,957.0
6558551,875.0
6559552,948.0
6560553,929.0
6561554,949.0
6562555,902.0
6563556,945.0
6564557,900.0
6565558,942.0
6566559,936.0
6567560,654.0
6568561,925.0
6569562,801.0
6570563,956.0
6571564,917.0
6572565,991.0
6573566,952.0
6574567,966.0
6575568,963.0
6576569,939.0
6577570,913.0
6578571,902.0
6579572,864.0
6580573,952.0
6581574,962.0
6582575,900.0
6583576,978.0
6584577,911.0
6585578,924.0
6586579,951.0
6587580,979.0
6588581,927.0
6589582,969.0
6590583,928.0
6591584,943.0
6592585,942.0
6593586,904.0
6594587,995.0
6595588,929.0
6596589,955.0
6597590,960.0
6598591,955.0
6599592,0.0
6600593,982.0
6601594,865.0
6602595,760.0
6603596,937.0
6604597,886.0
6605598,425.0
6606599,965.0
6607600,955.0
6608601,900.0
6609602,928.0
6610603,0.0
6611604,977.0
6612605,957.0
6613606,939.0
6614607,938.0
6615608,968.0
6616609,923.0
6617610,953.0
6618611,696.0
6619612,945.0
6620613,908.0
6621614,913.0
6622615,824.0
6623616,965.0
6624617,977.0
6625618,906.0
6626619,952.0
6627620,975.0
6628621,987.0
6629622,998.0
6630623,982.0
6631624,842.0
6632625,864.0
6633626,924.0
6634627,987.0
6635628,909.0
6636629,978.0
6637630,889.0
6638631,930.0
6639632,942.0
6640633,947.0
6641634,965.0
6642635,540.0
6643636,926.0
6644637,862.0
6645638,959.0
6646639,938.0
6647640,1000.0
6648641,685.0
6649642,893.0
6650643,946.0
6651644,945.0
6652645,982.0
6653646,930.0
6654647,962.0
6655648,972.0
6656649,697.0
6657650,962.0
6658651,962.0
6659652,947.0
6660653,922.0
6661654,944.0
6662655,952.0
6663656,937.0
6664657,943.0
6665658,946.0
6666659,973.0
6667660,979.0
6668661,868.0
6669662,967.0
6670663,944.0
6671664,947.0
6672665,967.0
6673666,827.0
6674667,963.0
6675668,946.0
6676669,974.0
6677670,948.0
6678671,898.0
6679672,954.0
6680673,961.0
6681674,972.0
6682675,933.0
6683676,949.0
6684677,896.0
6685678,979.0
6686679,889.0
6687680,944.0
6688681,968.0
6689682,976.0
6690683,944.0
6691684,958.0
6692685,957.0
6693686,977.0
6694687,959.0
6695688,906.0
6696689,972.0
6697690,724.0
6698691,912.0
6699692,949.0
6700693,998.0
6701694,962.0
6702695,864.0
6703696,974.0
6704697,955.0
6705698,989.0
6706699,953.0
6707700,954.0
6708701,832.0
6709702,926.0
6710703,976.0
6711704,973.0
6712705,940.0
6713706,992.0
6714707,957.0
6715708,694.0
6716709,945.0
6717710,969.0
6718711,941.0
6719712,964.0
6720713,976.0
6721714,949.0
6722715,966.0
6723716,914.0
6724717,950.0
6725718,938.0
6726719,930.0
6727720,724.0
6728721,986.0
6729722,953.0
6730723,903.0
6731724,972.0
6732725,958.0
6733726,932.0
6734727,946.0
6735728,915.0
6736729,921.0
6737730,929.0
6738731,983.0
6739732,802.0
6740733,907.0
6741734,977.0
6742735,913.0
6743736,969.0
6744737,958.0
6745738,941.0
6746739,1000.0
6747740,805.0
6748741,960.0
6749742,673.0
6750743,967.0
6751744,948.0
6752745,925.0
6753746,959.0
6754747,934.0
6755748,860.0
6756749,862.0
6757750,915.0
6758751,976.0
6759752,859.0
6760753,977.0
6761754,922.0
6762755,785.0
6763756,963.0
6764757,969.0
6765758,957.0
6766759,903.0
6767760,969.0
6768761,973.0
6769762,925.0
6770763,957.0
6771764,869.0
6772765,990.0
6773766,1000.0
6774767,961.0
6775768,962.0
6776769,913.0
6777770,451.0
6778771,986.0
6779772,605.0
6780773,985.0
6781774,879.0
6782775,948.0
6783776,952.0
6784777,859.0
6785778,261.0
6786779,954.0
6787780,960.0
6788781,984.0
6789782,912.0
6790783,918.0
6791784,948.0
6792785,974.0
6793786,953.0
6794787,956.0
6795788,969.0
6796789,944.0
6797790,944.0
6798791,2.0
6799792,978.0
6800793,974.0
6801794,667.0
6802795,761.0
6803796,971.0
6804797,950.0
6805798,981.0
6806799,992.0
6807800,905.0
6808801,915.0
6809802,906.0
6810803,986.0
6811804,914.0
6812805,932.0
6813806,939.0
6814807,966.0
6815808,847.0
6816809,958.0
6817810,950.0
6818811,1000.0
6819812,724.0
6820813,931.0
6821814,981.0
6822815,955.0
6823816,938.0
6824817,999.0
6825818,966.0
6826819,788.0
6827820,984.0
6828821,972.0
6829822,952.0
6830823,975.0
6831824,931.0
6832825,844.0
6833826,966.0
6834827,979.0
6835828,911.0
6836829,951.0
6837830,855.0
6838831,939.0
6839832,869.0
6840833,986.0
6841834,928.0
6842835,960.0
6843836,922.0
6844837,833.0
6845838,975.0
6846839,977.0
6847840,570.0
6848841,711.0
6849842,920.0
6850843,994.0
6851844,928.0
6852845,909.0
6853846,975.0
6854847,875.0
6855848,939.0
6856849,943.0
6857850,1000.0
6858851,295.0
6859852,919.0
6860853,965.0
6861854,928.0
6862855,953.0
6863856,956.0
6864857,966.0
6865858,896.0
6866859,909.0
6867860,950.0
6868861,987.0
6869862,942.0
6870863,942.0
6871864,965.0
6872865,855.0
6873866,966.0
6874867,920.0
6875868,978.0
6876869,886.0
6877870,951.0
6878871,983.0
6879872,472.0
6880873,925.0
6881874,819.0
6882875,907.0
6883876,992.0
6884877,974.0
6885878,970.0
6886879,882.0
6887880,836.0
6888881,988.0
6889882,950.0
6890883,970.0
6891884,967.0
6892885,856.0
6893886,939.0
6894887,779.0
6895888,956.0
6896889,947.0
6897890,985.0
6898891,973.0
6899892,806.0
6900893,947.0
6901894,813.0
6902895,952.0
6903896,909.0
6904897,981.0
6905898,901.0
6906899,963.0
6907900,960.0
6908901,970.0
6909902,1000.0
6910903,832.0
6911904,930.0
6912905,720.0
6913906,943.0
6914907,989.0
6915908,990.0
6916909,877.0
6917910,966.0
6918911,778.0
6919912,936.0
6920913,813.0
6921914,914.0
6922915,977.0
6923916,967.0
6924917,912.0
6925918,814.0
6926919,965.0
6927920,965.0
6928921,938.0
6929922,934.0
6930923,881.0
6931924,963.0
6932925,969.0
6933926,935.0
6934927,487.0
6935928,542.0
6936929,721.0
6937930,929.0
6938931,854.0
6939932,965.0
6940933,952.0
6941934,961.0
6942935,919.0
6943936,0.0
6944937,877.0
6945938,980.0
6946939,868.0
6947940,943.0
6948941,900.0
6949942,995.0
6950943,776.0
6951944,958.0
6952945,928.0
6953946,920.0
6954947,922.0
6955948,967.0
6956949,954.0
6957950,800.0
6958951,918.0
6959952,993.0
6960953,895.0
6961954,976.0
6962955,937.0
6963956,970.0
6964957,850.0
6965958,948.0
6966959,385.0
6967960,979.0
6968961,917.0
6969962,976.0
6970963,806.0
6971964,939.0
6972965,162.0
6973966,945.0
6974967,963.0
6975968,930.0
6976969,970.0
6977970,0.0
6978971,980.0
6979972,955.0
6980973,973.0
6981974,931.0
6982975,973.0
6983976,959.0
6984977,962.0
6985978,884.0
6986979,914.0
6987980,949.0
6988981,952.0
6989982,966.0
6990983,895.0
6991984,977.0
6992985,938.0
6993986,954.0
6994987,928.0
6995988,490.0
6996989,956.0
6997990,909.0
6998991,741.0
6999992,963.0
7000993,963.0
7001994,879.0
7002995,972.0
7003996,970.0
7004997,958.0
7005998,883.0
7006999,927.0
7008000,804.0
7009001,995.0
7010002,909.0
7011003,919.0
7012004,917.0
7013005,923.0
7014006,818.0
7015007,911.0
7016008,949.0
7017009,966.0
7018010,970.0
7019011,802.0
7020012,979.0
7021013,952.0
7022014,979.0
7023015,768.0
7024016,937.0
7025017,934.0
7026018,877.0
7027019,973.0
7028020,964.0
7029021,968.0
7030022,899.0
7031023,976.0
7032024,946.0
7033025,921.0
7034026,957.0
7035027,961.0
7036028,971.0
7037029,997.0
7038030,900.0
7039031,990.0
7040032,970.0
7041033,972.0
7042034,684.0
7043035,934.0
7044036,971.0
7045037,750.0
7046038,975.0
7047039,948.0
7048040,959.0
7049041,935.0
7050042,948.0
7051043,978.0
7052044,802.0
7053045,864.0
7054046,971.0
7055047,576.0
7056048,617.0
7057049,962.0
7058050,985.0
7059051,763.0
7060052,960.0
7061053,966.0
7062054,950.0
7063055,930.0
7064056,857.0
7065057,963.0
7066058,957.0
7067059,944.0
7068060,988.0
7069061,890.0
7070062,936.0
7071063,934.0
7072064,667.0
7073065,952.0
7074066,866.0
7075067,955.0
7076068,932.0
7077069,968.0
7078070,955.0
7079071,941.0
7080072,964.0
7081073,964.0
7082074,898.0
7083075,994.0
7084076,893.0
7085077,938.0
7086078,967.0
7087079,799.0
7088080,970.0
7089081,912.0
7090082,900.0
7091083,960.0
7092084,910.0
7093085,930.0
7094086,969.0
7095087,968.0
7096088,966.0
7097089,944.0
7098090,971.0
7099091,981.0
7100092,956.0
7101093,905.0
7102094,951.0
7103095,849.0
7104096,924.0
7105097,959.0
7106098,888.0
7107099,977.0
7108100,932.0
7109101,912.0
7110102,972.0
7111103,984.0
7112104,940.0
7113105,924.0
7114106,910.0
7115107,989.0
7116108,0.0
7117109,947.0
7118110,956.0
7119111,919.0
7120112,958.0
7121113,457.0
7122114,791.0
7123115,936.0
7124116,966.0
7125117,950.0
7126118,643.0
7127119,951.0
7128120,11.0
7129121,807.0
7130122,933.0
7131123,994.0
7132124,958.0
7133125,933.0
7134126,946.0
7135127,931.0
7136128,935.0
7137129,966.0
7138130,617.0
7139131,969.0
7140132,887.0
7141133,932.0
7142134,949.0
7143135,968.0
7144136,942.0
7145137,942.0
7146138,910.0
7147139,962.0
7148140,672.0
7149141,948.0
7150142,924.0
7151143,943.0
7152144,908.0
7153145,947.0
7154146,1000.0
7155147,0.0
7156148,926.0
7157149,969.0
7158150,990.0
7159151,949.0
7160152,940.0
7161153,948.0
7162154,911.0
7163155,328.0
7164156,983.0
7165157,836.0
7166158,952.0
7167159,522.0
7168160,982.0
7169161,947.0
7170162,849.0
7171163,1000.0
7172164,872.0
7173165,811.0
7174166,961.0
7175167,970.0
7176168,956.0
7177169,929.0
7178170,911.0
7179171,979.0
7180172,921.0
7181173,936.0
7182174,950.0
7183175,905.0
7184176,875.0
7185177,942.0
7186178,966.0
7187179,419.0
7188180,972.0
7189181,917.0
7190182,949.0
7191183,741.0
7192184,986.0
7193185,969.0
7194186,981.0
7195187,973.0
7196188,979.0
7197189,993.0
7198190,565.0
7199191,958.0
7200192,959.0
7201193,744.0
7202194,923.0
7203195,933.0
7204196,931.0
7205197,952.0
7206198,902.0
7207199,959.0
7208200,875.0
7209201,946.0
7210202,964.0
7211203,969.0
7212204,939.0
7213205,931.0
7214206,959.0
7215207,994.0
7216208,947.0
7217209,964.0
7218210,954.0
7219211,915.0
7220212,948.0
7221213,896.0
7222214,949.0
7223215,886.0
7224216,982.0
7225217,734.0
7226218,903.0
7227219,970.0
7228220,884.0
7229221,955.0
7230222,882.0
7231223,1000.0
7232224,760.0
7233225,963.0
7234226,912.0
7235227,917.0
7236228,964.0
7237229,948.0
7238230,945.0
7239231,955.0
7240232,877.0
7241233,935.0
7242234,958.0
7243235,929.0
7244236,867.0
7245237,936.0
7246238,931.0
7247239,901.0
7248240,949.0
7249241,987.0
7250242,936.0
7251243,976.0
7252244,965.0
7253245,922.0
7254246,954.0
7255247,907.0
7256248,0.0
7257249,985.0
7258250,969.0
7259251,949.0
7260252,925.0
7261253,812.0
7262254,723.0
7263255,960.0
7264256,936.0
7265257,816.0
7266258,977.0
7267259,960.0
7268260,946.0
7269261,954.0
7270262,948.0
7271263,960.0
7272264,941.0
7273265,968.0
7274266,959.0
7275267,924.0
7276268,943.0
7277269,936.0
7278270,977.0
7279271,900.0
7280272,941.0
7281273,694.0
7282274,976.0
7283275,786.0
7284276,936.0
7285277,936.0
7286278,990.0
7287279,915.0
7288280,955.0
7289281,909.0
7290282,916.0
7291283,937.0
7292284,958.0
7293285,931.0
7294286,724.0
7295287,886.0
7296288,972.0
7297289,609.0
7298290,911.0
7299291,978.0
7300292,966.0
7301293,918.0
7302294,919.0
7303295,883.0
7304296,939.0
7305297,919.0
7306298,939.0
7307299,955.0
7308300,963.0
7309301,947.0
7310302,960.0
7311303,933.0
7312304,954.0
7313305,944.0
7314306,941.0
7315307,940.0
7316308,925.0
7317309,721.0
7318310,945.0
7319311,966.0
7320312,975.0
7321313,940.0
7322314,951.0
7323315,901.0
7324316,941.0
7325317,634.0
7326318,662.0
7327319,955.0
7328320,992.0
7329321,946.0
7330322,898.0
7331323,954.0
7332324,945.0
7333325,623.0
7334326,958.0
7335327,958.0
7336328,964.0
7337329,961.0
7338330,837.0
7339331,972.0
7340332,959.0
7341333,994.0
7342334,958.0
7343335,872.0
7344336,977.0
7345337,923.0
7346338,974.0
7347339,791.0
7348340,910.0
7349341,997.0
7350342,608.0
7351343,981.0
7352344,970.0
7353345,898.0
7354346,917.0
7355347,938.0
7356348,953.0
7357349,949.0
7358350,946.0
7359351,985.0
7360352,899.0
7361353,911.0
7362354,635.0
7363355,955.0
7364356,945.0
7365357,981.0
7366358,911.0
7367359,942.0
7368360,959.0
7369361,559.0
7370362,662.0
7371363,932.0
7372364,831.0
7373365,933.0
7374366,973.0
7375367,814.0
7376368,931.0
7377369,966.0
7378370,947.0
7379371,909.0
7380372,942.0
7381373,947.0
7382374,961.0
7383375,437.0
7384376,972.0
7385377,967.0
7386378,921.0
7387379,977.0
7388380,967.0
7389381,878.0
7390382,906.0
7391383,929.0
7392384,912.0
7393385,856.0
7394386,918.0
7395387,966.0
7396388,909.0
7397389,954.0
7398390,857.0
7399391,785.0
7400392,939.0
7401393,904.0
7402394,963.0
7403395,751.0
7404396,887.0
7405397,978.0
7406398,971.0
7407399,904.0
7408400,924.0
7409401,733.0
7410402,937.0
7411403,966.0
7412404,529.0
7413405,892.0
7414406,955.0
7415407,965.0
7416408,993.0
7417409,960.0
7418410,784.0
7419411,938.0
7420412,848.0
7421413,953.0
7422414,984.0
7423415,960.0
7424416,788.0
7425417,970.0
7426418,880.0
7427419,983.0
7428420,973.0
7429421,588.0
7430422,895.0
7431423,955.0
7432424,939.0
7433425,807.0
7434426,933.0
7435427,962.0
7436428,974.0
7437429,906.0
7438430,917.0
7439431,909.0
7440432,978.0
7441433,923.0
7442434,961.0
7443435,938.0
7444436,994.0
7445437,963.0
7446438,957.0
7447439,961.0
7448440,955.0
7449441,944.0
7450442,942.0
7451443,804.0
7452444,987.0
7453445,820.0
7454446,931.0
7455447,949.0
7456448,983.0
7457449,991.0
7458450,925.0
7459451,952.0
7460452,828.0
7461453,926.0
7462454,941.0
7463455,971.0
7464456,970.0
7465457,814.0
7466458,966.0
7467459,954.0
7468460,958.0
7469461,891.0
7470462,965.0
7471463,928.0
7472464,900.0
7473465,486.0
7474466,959.0
7475467,995.0
7476468,938.0
7477469,852.0
7478470,899.0
7479471,962.0
7480472,933.0
7481473,895.0
7482474,978.0
7483475,941.0
7484476,935.0
7485477,880.0
7486478,877.0
7487479,966.0
7488480,674.0
7489481,942.0
7490482,936.0
7491483,929.0
7492484,936.0
7493485,977.0
7494486,980.0
7495487,977.0
7496488,931.0
7497489,968.0
7498490,967.0
7499491,931.0
7500492,974.0
7501493,969.0
7502494,971.0
7503495,983.0
7504496,966.0
7505497,948.0
7506498,982.0
7507499,831.0
7508500,896.0
7509501,964.0
7510502,949.0
7511503,799.0
7512504,759.0
7513505,981.0
7514506,728.0
7515507,964.0
7516508,966.0
7517509,949.0
7518510,984.0
7519511,919.0
7520512,521.0
7521513,882.0
7522514,962.0
7523515,802.0
7524516,963.0
7525517,928.0
7526518,942.0
7527519,953.0
7528520,946.0
7529521,903.0
7530522,618.0
7531523,979.0
7532524,939.0
7533525,937.0
7534526,907.0
7535527,843.0
7536528,935.0
7537529,957.0
7538530,914.0
7539531,977.0
7540532,945.0
7541533,945.0
7542534,810.0
7543535,944.0
7544536,898.0
7545537,921.0
7546538,862.0
7547539,986.0
7548540,940.0
7549541,805.0
7550542,902.0
7551543,954.0
7552544,707.0
7553545,987.0
7554546,964.0
7555547,717.0
7556548,920.0
7557549,839.0
7558550,860.0
7559551,944.0
7560552,857.0
7561553,949.0
7562554,982.0
7563555,949.0
7564556,976.0
7565557,960.0
7566558,926.0
7567559,776.0
7568560,940.0
7569561,949.0
7570562,951.0
7571563,916.0
7572564,960.0
7573565,950.0
7574566,968.0
7575567,707.0
7576568,913.0
7577569,806.0
7578570,841.0
7579571,813.0
7580572,871.0
7581573,917.0
7582574,941.0
7583575,956.0
7584576,972.0
7585577,954.0
7586578,911.0
7587579,776.0
7588580,856.0
7589581,934.0
7590582,929.0
7591583,910.0
7592584,927.0
7593585,959.0
7594586,966.0
7595587,962.0
7596588,967.0
7597589,996.0
7598590,881.0
7599591,971.0
7600592,951.0
7601593,947.0
7602594,933.0
7603595,844.0
7604596,924.0
7605597,896.0
7606598,940.0
7607599,977.0
7608600,964.0
7609601,731.0
7610602,782.0
7611603,936.0
7612604,958.0
7613605,696.0
7614606,978.0
7615607,994.0
7616608,945.0
7617609,981.0
7618610,943.0
7619611,981.0
7620612,963.0
7621613,941.0
7622614,947.0
7623615,984.0
7624616,895.0
7625617,948.0
7626618,969.0
7627619,834.0
7628620,960.0
7629621,933.0
7630622,951.0
7631623,965.0
7632624,953.0
7633625,0.0
7634626,949.0
7635627,951.0
7636628,947.0
7637629,956.0
7638630,859.0
7639631,905.0
7640632,889.0
7641633,728.0
7642634,962.0
7643635,969.0
7644636,925.0
7645637,948.0
7646638,864.0
7647639,599.0
7648640,985.0
7649641,845.0
7650642,950.0
7651643,955.0
7652644,932.0
7653645,861.0
7654646,933.0
7655647,949.0
7656648,976.0
7657649,918.0
7658650,962.0
7659651,975.0
7660652,949.0
7661653,956.0
7662654,781.0
7663655,873.0
7664656,922.0
7665657,910.0
7666658,899.0
7667659,884.0
7668660,959.0
7669661,988.0
7670662,922.0
7671663,933.0
7672664,966.0
7673665,933.0
7674666,957.0
7675667,610.0
7676668,985.0
7677669,929.0
7678670,919.0
7679671,913.0
7680672,937.0
7681673,921.0
7682674,990.0
7683675,965.0
7684676,919.0
7685677,956.0
7686678,942.0
7687679,937.0
7688680,962.0
7689681,979.0
7690682,897.0
7691683,924.0
7692684,918.0
7693685,937.0
7694686,967.0
7695687,927.0
7696688,890.0
7697689,964.0
7698690,941.0
7699691,972.0
7700692,736.0
7701693,951.0
7702694,987.0
7703695,1000.0
7704696,947.0
7705697,674.0
7706698,736.0
7707699,895.0
7708700,970.0
7709701,954.0
7710702,971.0
7711703,975.0
7712704,962.0
7713705,897.0
7714706,974.0
7715707,953.0
7716708,973.0
7717709,988.0
7718710,850.0
7719711,373.0
7720712,940.0
7721713,944.0
7722714,942.0
7723715,967.0
7724716,744.0
7725717,916.0
7726718,965.0
7727719,955.0
7728720,930.0
7729721,800.0
7730722,942.0
7731723,941.0
7732724,839.0
7733725,889.0
7734726,913.0
7735727,441.0
7736728,961.0
7737729,968.0
7738730,928.0
7739731,943.0
7740732,970.0
7741733,951.0
7742734,897.0
7743735,150.0
7744736,932.0
7745737,975.0
7746738,849.0
7747739,980.0
7748740,969.0
7749741,988.0
7750742,948.0
7751743,934.0
7752744,947.0
7753745,795.0
7754746,935.0
7755747,981.0
7756748,953.0
7757749,975.0
7758750,1000.0
7759751,985.0
7760752,222.0
7761753,443.0
7762754,914.0
7763755,987.0
7764756,949.0
7765757,948.0
7766758,980.0
7767759,688.0
7768760,946.0
7769761,929.0
7770762,960.0
7771763,868.0
7772764,679.0
7773765,967.0
7774766,914.0
7775767,946.0
7776768,952.0
7777769,978.0
7778770,857.0
7779771,825.0
7780772,916.0
7781773,953.0
7782774,969.0
7783775,953.0
7784776,760.0
7785777,923.0
7786778,969.0
7787779,910.0
7788780,975.0
7789781,980.0
7790782,828.0
7791783,929.0
7792784,945.0
7793785,875.0
7794786,906.0
7795787,559.0
7796788,919.0
7797789,952.0
7798790,963.0
7799791,952.0
7800792,923.0
7801793,969.0
7802794,893.0
7803795,976.0
7804796,970.0
7805797,969.0
7806798,983.0
7807799,946.0
7808800,960.0
7809801,957.0
7810802,957.0
7811803,771.0
7812804,996.0
7813805,894.0
7814806,939.0
7815807,901.0
7816808,759.0
7817809,951.0
7818810,805.0
7819811,984.0
7820812,834.0
7821813,941.0
7822814,966.0
7823815,941.0
7824816,841.0
7825817,898.0
7826818,960.0
7827819,926.0
7828820,579.0
7829821,962.0
7830822,978.0
7831823,953.0
7832824,932.0
7833825,805.0
7834826,971.0
7835827,939.0
7836828,938.0
7837829,924.0
7838830,768.0
7839831,934.0
7840832,928.0
7841833,964.0
7842834,954.0
7843835,915.0
7844836,975.0
7845837,776.0
7846838,949.0
7847839,950.0
7848840,926.0
7849841,956.0
7850842,928.0
7851843,957.0
7852844,991.0
7853845,955.0
7854846,849.0
7855847,950.0
7856848,950.0
7857849,999.0
7858850,905.0
7859851,916.0
7860852,959.0
7861853,942.0
7862854,149.0
7863855,638.0
7864856,960.0
7865857,954.0
7866858,961.0
7867859,961.0
7868860,936.0
7869861,977.0
7870862,940.0
7871863,913.0
7872864,847.0
7873865,916.0
7874866,862.0
7875867,824.0
7876868,898.0
7877869,933.0
7878870,941.0
7879871,978.0
7880872,981.0
7881873,963.0
7882874,492.0
7883875,970.0
7884876,0.0
7885877,944.0
7886878,921.0
7887879,968.0
7888880,966.0
7889881,941.0
7890882,959.0
7891883,839.0
7892884,932.0
7893885,918.0
7894886,956.0
7895887,924.0
7896888,955.0
7897889,975.0
7898890,891.0
7899891,953.0
7900892,957.0
7901893,980.0
7902894,977.0
7903895,907.0
7904896,912.0
7905897,950.0
7906898,601.0
7907899,922.0
7908900,958.0
7909901,967.0
7910902,933.0
7911903,953.0
7912904,794.0
7913905,937.0
7914906,958.0
7915907,964.0
7916908,974.0
7917909,938.0
7918910,460.0
7919911,901.0
7920912,978.0
7921913,925.0
7922914,963.0
7923915,894.0
7924916,834.0
7925917,959.0
7926918,951.0
7927919,946.0
7928920,117.0
7929921,950.0
7930922,908.0
7931923,962.0
7932924,969.0
7933925,966.0
7934926,934.0
7935927,948.0
7936928,947.0
7937929,946.0
7938930,979.0
7939931,901.0
7940932,975.0
7941933,942.0
7942934,0.0
7943935,938.0
7944936,961.0
7945937,749.0
7946938,947.0
7947939,948.0
7948940,843.0
7949941,887.0
7950942,855.0
7951943,996.0
7952944,959.0
7953945,978.0
7954946,975.0
7955947,956.0
7956948,881.0
7957949,951.0
7958950,954.0
7959951,928.0
7960952,830.0
7961953,943.0
7962954,847.0
7963955,25.0
7964956,878.0
7965957,515.0
7966958,883.0
7967959,859.0
7968960,933.0
7969961,965.0
7970962,905.0
7971963,935.0
7972964,938.0
7973965,942.0
7974966,948.0
7975967,846.0
7976968,923.0
7977969,1000.0
7978970,943.0
7979971,977.0
7980972,938.0
7981973,952.0
7982974,982.0
7983975,966.0
7984976,773.0
7985977,961.0
7986978,812.0
7987979,944.0
7988980,949.0
7989981,803.0
7990982,974.0
7991983,815.0
7992984,921.0
7993985,917.0
7994986,954.0
7995987,950.0
7996988,961.0
7997989,828.0
7998990,957.0
7999991,966.0
8000992,935.0
8001993,912.0
8002994,882.0
8003995,926.0
8004996,916.0
8005997,940.0
8006998,0.0
8007999,933.0
8009000,938.0
8010001,947.0
8011002,918.0
8012003,965.0
8013004,938.0
8014005,921.0
8015006,951.0
8016007,959.0
8017008,941.0
8018009,944.0
8019010,964.0
8020011,918.0
8021012,956.0
8022013,911.0
8023014,928.0
8024015,806.0
8025016,682.0
8026017,944.0
8027018,936.0
8028019,984.0
8029020,0.0
8030021,477.0
8031022,919.0
8032023,970.0
8033024,939.0
8034025,224.0
8035026,763.0
8036027,918.0
8037028,919.0
8038029,801.0
8039030,980.0
8040031,882.0
8041032,801.0
8042033,912.0
8043034,916.0
8044035,936.0
8045036,903.0
8046037,784.0
8047038,770.0
8048039,961.0
8049040,840.0
8050041,941.0
8051042,891.0
8052043,940.0
8053044,971.0
8054045,856.0
8055046,961.0
8056047,926.0
8057048,790.0
8058049,764.0
8059050,930.0
8060051,949.0
8061052,305.0
8062053,910.0
8063054,963.0
8064055,815.0
8065056,942.0
8066057,948.0
8067058,806.0
8068059,941.0
8069060,948.0
8070061,992.0
8071062,968.0
8072063,986.0
8073064,984.0
8074065,917.0
8075066,955.0
8076067,866.0
8077068,938.0
8078069,982.0
8079070,910.0
8080071,970.0
8081072,999.0
8082073,929.0
8083074,898.0
8084075,1000.0
8085076,943.0
8086077,936.0
8087078,930.0
8088079,823.0
8089080,971.0
8090081,948.0
8091082,916.0
8092083,903.0
8093084,962.0
8094085,876.0
8095086,708.0
8096087,970.0
8097088,880.0
8098089,844.0
8099090,941.0
8100091,736.0
8101092,945.0
8102093,937.0
8103094,955.0
8104095,884.0
8105096,977.0
8106097,834.0
8107098,449.0
8108099,956.0
8109100,0.0
8110101,924.0
8111102,975.0
8112103,951.0
8113104,1000.0
8114105,977.0
8115106,937.0
8116107,934.0
8117108,957.0
8118109,953.0
8119110,913.0
8120111,916.0
8121112,935.0
8122113,936.0
8123114,970.0
8124115,0.0
8125116,743.0
8126117,936.0
8127118,951.0
8128119,956.0
8129120,861.0
8130121,956.0
8131122,972.0
8132123,926.0
8133124,938.0
8134125,957.0
8135126,780.0
8136127,950.0
8137128,998.0
8138129,706.0
8139130,957.0
8140131,920.0
8141132,912.0
8142133,1000.0
8143134,943.0
8144135,970.0
8145136,928.0
8146137,791.0
8147138,904.0
8148139,887.0
8149140,957.0
8150141,898.0
8151142,941.0
8152143,938.0
8153144,955.0
8154145,952.0
8155146,948.0
8156147,0.0
8157148,905.0
8158149,989.0
8159150,897.0
8160151,691.0
8161152,956.0
8162153,986.0
8163154,986.0
8164155,979.0
8165156,826.0
8166157,941.0
8167158,952.0
8168159,918.0
8169160,975.0
8170161,930.0
8171162,961.0
8172163,962.0
8173164,680.0
8174165,909.0
8175166,944.0
8176167,945.0
8177168,931.0
8178169,944.0
8179170,964.0
8180171,854.0
8181172,639.0
8182173,911.0
8183174,957.0
8184175,982.0
8185176,941.0
8186177,863.0
8187178,917.0
8188179,950.0
8189180,953.0
8190181,689.0
8191182,678.0
8192183,910.0
8193184,954.0
8194185,938.0
8195186,979.0
8196187,922.0
8197188,904.0
8198189,930.0
8199190,924.0
8200191,724.0
8201192,951.0
8202193,853.0
8203194,966.0
8204195,921.0
8205196,936.0
8206197,950.0
8207198,953.0
8208199,976.0
8209200,972.0
8210201,947.0
8211202,969.0
8212203,530.0
8213204,945.0
8214205,779.0
8215206,994.0
8216207,748.0
8217208,983.0
8218209,931.0
8219210,853.0
8220211,974.0
8221212,960.0
8222213,845.0
8223214,928.0
8224215,945.0
8225216,954.0
8226217,977.0
8227218,846.0
8228219,981.0
8229220,982.0
8230221,950.0
8231222,561.0
8232223,910.0
8233224,941.0
8234225,921.0
8235226,958.0
8236227,825.0
8237228,947.0
8238229,976.0
8239230,990.0
8240231,988.0
8241232,919.0
8242233,904.0
8243234,956.0
8244235,942.0
8245236,958.0
8246237,924.0
8247238,995.0
8248239,933.0
8249240,840.0
8250241,957.0
8251242,925.0
8252243,492.0
8253244,945.0
8254245,967.0
8255246,957.0
8256247,982.0
8257248,976.0
8258249,931.0
8259250,933.0
8260251,943.0
8261252,969.0
8262253,975.0
8263254,915.0
8264255,505.0
8265256,963.0
8266257,967.0
8267258,954.0
8268259,978.0
8269260,972.0
8270261,961.0
8271262,955.0
8272263,914.0
8273264,962.0
8274265,924.0
8275266,955.0
8276267,924.0
8277268,943.0
8278269,958.0
8279270,958.0
8280271,908.0
8281272,861.0
8282273,935.0
8283274,964.0
8284275,963.0
8285276,963.0
8286277,989.0
8287278,923.0
8288279,968.0
8289280,930.0
8290281,665.0
8291282,963.0
8292283,875.0
8293284,921.0
8294285,1000.0
8295286,790.0
8296287,972.0
8297288,944.0
8298289,947.0
8299290,909.0
8300291,979.0
8301292,765.0
8302293,949.0
8303294,917.0
8304295,984.0
8305296,962.0
8306297,816.0
8307298,931.0
8308299,871.0
8309300,932.0
8310301,943.0
8311302,957.0
8312303,846.0
8313304,856.0
8314305,966.0
8315306,958.0
8316307,969.0
8317308,844.0
8318309,952.0
8319310,960.0
8320311,945.0
8321312,938.0
8322313,952.0
8323314,957.0
8324315,921.0
8325316,992.0
8326317,981.0
8327318,945.0
8328319,976.0
8329320,947.0
8330321,952.0
8331322,983.0
8332323,940.0
8333324,980.0
8334325,935.0
8335326,855.0
8336327,949.0
8337328,938.0
8338329,964.0
8339330,762.0
8340331,870.0
8341332,942.0
8342333,992.0
8343334,919.0
8344335,862.0
8345336,954.0
8346337,942.0
8347338,700.0
8348339,862.0
8349340,951.0
8350341,891.0
8351342,854.0
8352343,916.0
8353344,959.0
8354345,918.0
8355346,955.0
8356347,942.0
8357348,855.0
8358349,920.0
8359350,809.0
8360351,998.0
8361352,979.0
8362353,957.0
8363354,791.0
8364355,965.0
8365356,941.0
8366357,948.0
8367358,831.0
8368359,940.0
8369360,930.0
8370361,965.0
8371362,926.0
8372363,950.0
8373364,979.0
8374365,154.0
8375366,935.0
8376367,936.0
8377368,966.0
8378369,901.0
8379370,925.0
8380371,953.0
8381372,952.0
8382373,937.0
8383374,660.0
8384375,967.0
8385376,977.0
8386377,963.0
8387378,851.0
8388379,966.0
8389380,981.0
8390381,844.0
8391382,967.0
8392383,927.0
8393384,947.0
8394385,843.0
8395386,948.0
8396387,944.0
8397388,989.0
8398389,949.0
8399390,968.0
8400391,980.0
8401392,667.0
8402393,905.0
8403394,966.0
8404395,976.0
8405396,892.0
8406397,903.0
8407398,926.0
8408399,941.0
8409400,905.0
8410401,963.0
8411402,995.0
8412403,560.0
8413404,912.0
8414405,988.0
8415406,963.0
8416407,856.0
8417408,943.0
8418409,478.0
8419410,0.0
8420411,930.0
8421412,964.0
8422413,951.0
8423414,1000.0
8424415,888.0
8425416,916.0
8426417,978.0
8427418,777.0
8428419,971.0
8429420,992.0
8430421,947.0
8431422,926.0
8432423,946.0
8433424,860.0
8434425,923.0
8435426,960.0
8436427,995.0
8437428,990.0
8438429,885.0
8439430,935.0
8440431,292.0
8441432,809.0
8442433,879.0
8443434,972.0
8444435,994.0
8445436,656.0
8446437,0.0
8447438,925.0
8448439,881.0
8449440,952.0
8450441,962.0
8451442,959.0
8452443,973.0
8453444,947.0
8454445,932.0
8455446,982.0
8456447,1000.0
8457448,808.0
8458449,936.0
8459450,953.0
8460451,858.0
8461452,876.0
8462453,968.0
8463454,991.0
8464455,832.0
8465456,954.0
8466457,961.0
8467458,978.0
8468459,914.0
8469460,971.0
8470461,984.0
8471462,960.0
8472463,944.0
8473464,1000.0
8474465,944.0
8475466,962.0
8476467,966.0
8477468,977.0
8478469,937.0
8479470,977.0
8480471,936.0
8481472,872.0
8482473,943.0
8483474,954.0
8484475,877.0
8485476,966.0
8486477,910.0
8487478,934.0
8488479,945.0
8489480,975.0
8490481,971.0
8491482,985.0
8492483,954.0
8493484,972.0
8494485,998.0
8495486,987.0
8496487,910.0
8497488,969.0
8498489,906.0
8499490,962.0
8500491,950.0
8501492,936.0
8502493,967.0
8503494,302.0
8504495,732.0
8505496,885.0
8506497,991.0
8507498,983.0
8508499,933.0
8509500,825.0
8510501,796.0
8511502,935.0
8512503,929.0
8513504,940.0
8514505,891.0
8515506,949.0
8516507,959.0
8517508,884.0
8518509,913.0
8519510,177.0
8520511,981.0
8521512,824.0
8522513,420.0
8523514,852.0
8524515,916.0
8525516,944.0
8526517,976.0
8527518,946.0
8528519,976.0
8529520,893.0
8530521,954.0
8531522,941.0
8532523,975.0
8533524,977.0
8534525,942.0
8535526,939.0
8536527,987.0
8537528,769.0
8538529,934.0
8539530,959.0
8540531,973.0
8541532,957.0
8542533,683.0
8543534,945.0
8544535,905.0
8545536,676.0
8546537,945.0
8547538,959.0
8548539,936.0
8549540,950.0
8550541,334.0
8551542,834.0
8552543,985.0
8553544,942.0
8554545,877.0
8555546,980.0
8556547,954.0
8557548,974.0
8558549,961.0
8559550,0.0
8560551,720.0
8561552,919.0
8562553,961.0
8563554,890.0
8564555,892.0
8565556,951.0
8566557,934.0
8567558,924.0
8568559,728.0
8569560,956.0
8570561,930.0
8571562,957.0
8572563,903.0
8573564,986.0
8574565,925.0
8575566,881.0
8576567,888.0
8577568,926.0
8578569,944.0
8579570,934.0
8580571,867.0
8581572,875.0
8582573,778.0
8583574,893.0
8584575,623.0
8585576,977.0
8586577,941.0
8587578,1000.0
8588579,933.0
8589580,966.0
8590581,911.0
8591582,966.0
8592583,768.0
8593584,859.0
8594585,939.0
8595586,775.0
8596587,797.0
8597588,975.0
8598589,966.0
8599590,762.0
8600591,960.0
8601592,945.0
8602593,848.0
8603594,660.0
8604595,648.0
8605596,949.0
8606597,928.0
8607598,803.0
8608599,910.0
8609600,917.0
8610601,949.0
8611602,918.0
8612603,920.0
8613604,934.0
8614605,786.0
8615606,954.0
8616607,958.0
8617608,955.0
8618609,978.0
8619610,940.0
8620611,918.0
8621612,797.0
8622613,943.0
8623614,984.0
8624615,903.0
8625616,922.0
8626617,943.0
8627618,952.0
8628619,955.0
8629620,941.0
8630621,928.0
8631622,981.0
8632623,959.0
8633624,935.0
8634625,919.0
8635626,961.0
8636627,928.0
8637628,927.0
8638629,950.0
8639630,899.0
8640631,956.0
8641632,958.0
8642633,927.0
8643634,948.0
8644635,953.0
8645636,881.0
8646637,942.0
8647638,790.0
8648639,729.0
8649640,954.0
8650641,887.0
8651642,953.0
8652643,926.0
8653644,896.0
8654645,986.0
8655646,941.0
8656647,765.0
8657648,934.0
8658649,962.0
8659650,858.0
8660651,734.0
8661652,946.0
8662653,978.0
8663654,950.0
8664655,942.0
8665656,837.0
8666657,845.0
8667658,870.0
8668659,954.0
8669660,976.0
8670661,956.0
8671662,928.0
8672663,798.0
8673664,947.0
8674665,936.0
8675666,906.0
8676667,885.0
8677668,952.0
8678669,918.0
8679670,918.0
8680671,876.0
8681672,389.0
8682673,733.0
8683674,981.0
8684675,892.0
8685676,982.0
8686677,975.0
8687678,959.0
8688679,945.0
8689680,914.0
8690681,989.0
8691682,904.0
8692683,937.0
8693684,956.0
8694685,950.0
8695686,735.0
8696687,955.0
8697688,846.0
8698689,957.0
8699690,932.0
8700691,951.0
8701692,917.0
8702693,953.0
8703694,880.0
8704695,890.0
8705696,981.0
8706697,933.0
8707698,970.0
8708699,934.0
8709700,968.0
8710701,927.0
8711702,1000.0
8712703,909.0
8713704,946.0
8714705,841.0
8715706,892.0
8716707,881.0
8717708,937.0
8718709,937.0
8719710,948.0
8720711,927.0
8721712,928.0
8722713,928.0
8723714,976.0
8724715,916.0
8725716,866.0
8726717,966.0
8727718,979.0
8728719,55.0
8729720,970.0
8730721,919.0
8731722,964.0
8732723,951.0
8733724,965.0
8734725,883.0
8735726,886.0
8736727,937.0
8737728,931.0
8738729,941.0
8739730,788.0
8740731,929.0
8741732,926.0
8742733,954.0
8743734,849.0
8744735,882.0
8745736,956.0
8746737,933.0
8747738,954.0
8748739,960.0
8749740,870.0
8750741,915.0
8751742,918.0
8752743,8.0
8753744,972.0
8754745,604.0
8755746,943.0
8756747,936.0
8757748,941.0
8758749,938.0
8759750,944.0
8760751,939.0
8761752,869.0
8762753,982.0
8763754,938.0
8764755,935.0
8765756,935.0
8766757,916.0
8767758,664.0
8768759,908.0
8769760,936.0
8770761,973.0
8771762,928.0
8772763,858.0
8773764,968.0
8774765,852.0
8775766,913.0
8776767,958.0
8777768,975.0
8778769,934.0
8779770,950.0
8780771,942.0
8781772,965.0
8782773,921.0
8783774,921.0
8784775,895.0
8785776,933.0
8786777,892.0
8787778,957.0
8788779,938.0
8789780,991.0
8790781,976.0
8791782,703.0
8792783,938.0
8793784,918.0
8794785,918.0
8795786,837.0
8796787,953.0
8797788,925.0
8798789,842.0
8799790,956.0
8800791,929.0
8801792,961.0
8802793,948.0
8803794,936.0
8804795,993.0
8805796,951.0
8806797,969.0
8807798,992.0
8808799,647.0
8809800,899.0
8810801,976.0
8811802,932.0
8812803,903.0
8813804,964.0
8814805,925.0
8815806,958.0
8816807,854.0
8817808,875.0
8818809,935.0
8819810,987.0
8820811,936.0
8821812,964.0
8822813,976.0
8823814,943.0
8824815,920.0
8825816,0.0
8826817,918.0
8827818,938.0
8828819,949.0
8829820,962.0
8830821,950.0
8831822,832.0
8832823,945.0
8833824,914.0
8834825,928.0
8835826,993.0
8836827,944.0
8837828,990.0
8838829,934.0
8839830,952.0
8840831,967.0
8841832,931.0
8842833,942.0
8843834,951.0
8844835,944.0
8845836,872.0
8846837,667.0
8847838,962.0
8848839,910.0
8849840,994.0
8850841,967.0
8851842,964.0
8852843,938.0
8853844,877.0
8854845,886.0
8855846,933.0
8856847,937.0
8857848,974.0
8858849,836.0
8859850,840.0
8860851,924.0
8861852,938.0
8862853,858.0
8863854,902.0
8864855,991.0
8865856,977.0
8866857,942.0
8867858,943.0
8868859,921.0
8869860,931.0
8870861,915.0
8871862,985.0
8872863,674.0
8873864,983.0
8874865,881.0
8875866,991.0
8876867,952.0
8877868,663.0
8878869,650.0
8879870,914.0
8880871,871.0
8881872,948.0
8882873,965.0
8883874,924.0
8884875,949.0
8885876,941.0
8886877,950.0
8887878,648.0
8888879,977.0
8889880,944.0
8890881,950.0
8891882,914.0
8892883,980.0
8893884,984.0
8894885,845.0
8895886,889.0
8896887,1000.0
8897888,936.0
8898889,980.0
8899890,959.0
8900891,972.0
8901892,966.0
8902893,937.0
8903894,963.0
8904895,791.0
8905896,939.0
8906897,969.0
8907898,823.0
8908899,903.0
8909900,991.0
8910901,955.0
8911902,926.0
8912903,921.0
8913904,849.0
8914905,951.0
8915906,899.0
8916907,781.0
8917908,544.0
8918909,866.0
8919910,436.0
8920911,820.0
8921912,923.0
8922913,726.0
8923914,937.0
8924915,407.0
8925916,928.0
8926917,975.0
8927918,984.0
8928919,836.0
8929920,952.0
8930921,907.0
8931922,938.0
8932923,938.0
8933924,960.0
8934925,935.0
8935926,911.0
8936927,906.0
8937928,973.0
8938929,924.0
8939930,926.0
8940931,946.0
8941932,964.0
8942933,873.0
8943934,947.0
8944935,943.0
8945936,969.0
8946937,954.0
8947938,931.0
8948939,945.0
8949940,917.0
8950941,969.0
8951942,968.0
8952943,933.0
8953944,919.0
8954945,819.0
8955946,913.0
8956947,841.0
8957948,930.0
8958949,929.0
8959950,931.0
8960951,959.0
8961952,909.0
8962953,942.0
8963954,474.0
8964955,0.0
8965956,936.0
8966957,820.0
8967958,949.0
8968959,972.0
8969960,584.0
8970961,953.0
8971962,923.0
8972963,912.0
8973964,993.0
8974965,968.0
8975966,938.0
8976967,958.0
8977968,952.0
8978969,983.0
8979970,960.0
8980971,982.0
8981972,945.0
8982973,1000.0
8983974,923.0
8984975,948.0
8985976,971.0
8986977,925.0
8987978,790.0
8988979,946.0
8989980,848.0
8990981,961.0
8991982,930.0
8992983,975.0
8993984,976.0
8994985,874.0
8995986,943.0
8996987,766.0
8997988,929.0
8998989,852.0
8999990,917.0
9000991,950.0
9001992,947.0
9002993,912.0
9003994,965.0
9004995,962.0
9005996,907.0
9006997,938.0
9007998,957.0
9008999,924.0
9010000,961.0
9011001,5.0
9012002,960.0
9013003,937.0
9014004,961.0
9015005,917.0
9016006,944.0
9017007,984.0
9018008,678.0
9019009,942.0
9020010,901.0
9021011,972.0
9022012,953.0
9023013,955.0
9024014,989.0
9025015,926.0
9026016,979.0
9027017,990.0
9028018,836.0
9029019,972.0
9030020,990.0
9031021,969.0
9032022,929.0
9033023,862.0
9034024,928.0
9035025,725.0
9036026,979.0
9037027,931.0
9038028,939.0
9039029,966.0
9040030,940.0
9041031,991.0
9042032,850.0
9043033,949.0
9044034,942.0
9045035,919.0
9046036,970.0
9047037,0.0
9048038,862.0
9049039,980.0
9050040,931.0
9051041,889.0
9052042,934.0
9053043,916.0
9054044,969.0
9055045,966.0
9056046,969.0
9057047,903.0
9058048,962.0
9059049,978.0
9060050,976.0
9061051,947.0
9062052,946.0
9063053,947.0
9064054,938.0
9065055,950.0
9066056,972.0
9067057,908.0
9068058,295.0
9069059,846.0
9070060,841.0
9071061,888.0
9072062,962.0
9073063,941.0
9074064,615.0
9075065,762.0
9076066,963.0
9077067,961.0
9078068,927.0
9079069,858.0
9080070,935.0
9081071,906.0
9082072,974.0
9083073,625.0
9084074,920.0
9085075,907.0
9086076,820.0
9087077,979.0
9088078,941.0
9089079,915.0
9090080,932.0
9091081,964.0
9092082,901.0
9093083,687.0
9094084,911.0
9095085,962.0
9096086,946.0
9097087,940.0
9098088,928.0
9099089,881.0
9100090,986.0
9101091,967.0
9102092,953.0
9103093,954.0
9104094,899.0
9105095,901.0
9106096,719.0
9107097,867.0
9108098,964.0
9109099,859.0
9110100,968.0
9111101,904.0
9112102,901.0
9113103,956.0
9114104,951.0
9115105,837.0
9116106,900.0
9117107,936.0
9118108,975.0
9119109,945.0
9120110,968.0
9121111,922.0
9122112,858.0
9123113,917.0
9124114,965.0
9125115,943.0
9126116,958.0
9127117,1000.0
9128118,985.0
9129119,700.0
9130120,983.0
9131121,911.0
9132122,955.0
9133123,906.0
9134124,921.0
9135125,965.0
9136126,958.0
9137127,859.0
9138128,975.0
9139129,958.0
9140130,627.0
9141131,914.0
9142132,828.0
9143133,943.0
9144134,892.0
9145135,897.0
9146136,966.0
9147137,937.0
9148138,956.0
9149139,836.0
9150140,814.0
9151141,883.0
9152142,941.0
9153143,810.0
9154144,807.0
9155145,975.0
9156146,906.0
9157147,868.0
9158148,939.0
9159149,940.0
9160150,955.0
9161151,792.0
9162152,924.0
9163153,911.0
9164154,939.0
9165155,912.0
9166156,1000.0
9167157,828.0
9168158,918.0
9169159,943.0
9170160,934.0
9171161,1000.0
9172162,963.0
9173163,888.0
9174164,955.0
9175165,790.0
9176166,796.0
9177167,943.0
9178168,931.0
9179169,930.0
9180170,957.0
9181171,966.0
9182172,921.0
9183173,825.0
9184174,979.0
9185175,921.0
9186176,901.0
9187177,474.0
9188178,946.0
9189179,896.0
9190180,921.0
9191181,1000.0
9192182,977.0
9193183,970.0
9194184,940.0
9195185,889.0
9196186,926.0
9197187,921.0
9198188,948.0
9199189,811.0
9200190,1000.0
9201191,883.0
9202192,942.0
9203193,948.0
9204194,972.0
9205195,950.0
9206196,927.0
9207197,897.0
9208198,845.0
9209199,714.0
9210200,953.0
9211201,971.0
9212202,963.0
9213203,890.0
9214204,928.0
9215205,925.0
9216206,971.0
9217207,857.0
9218208,1000.0
9219209,967.0
9220210,959.0
9221211,952.0
9222212,957.0
9223213,940.0
9224214,900.0
9225215,953.0
9226216,963.0
9227217,991.0
9228218,834.0
9229219,966.0
9230220,947.0
9231221,950.0
9232222,955.0
9233223,967.0
9234224,848.0
9235225,932.0
9236226,861.0
9237227,981.0
9238228,974.0
9239229,950.0
9240230,954.0
9241231,926.0
9242232,956.0
9243233,932.0
9244234,946.0
9245235,868.0
9246236,994.0
9247237,973.0
9248238,804.0
9249239,938.0
9250240,938.0
9251241,951.0
9252242,942.0
9253243,912.0
9254244,945.0
9255245,299.0
9256246,936.0
9257247,968.0
9258248,917.0
9259249,946.0
9260250,972.0
9261251,928.0
9262252,961.0
9263253,815.0
9264254,974.0
9265255,968.0
9266256,958.0
9267257,955.0
9268258,912.0
9269259,956.0
9270260,848.0
9271261,910.0
9272262,804.0
9273263,920.0
9274264,968.0
9275265,939.0
9276266,979.0
9277267,920.0
9278268,953.0
9279269,926.0
9280270,936.0
9281271,797.0
9282272,969.0
9283273,979.0
9284274,954.0
9285275,998.0
9286276,970.0
9287277,782.0
9288278,972.0
9289279,977.0
9290280,998.0
9291281,946.0
9292282,969.0
9293283,950.0
9294284,953.0
9295285,913.0
9296286,964.0
9297287,982.0
9298288,897.0
9299289,930.0
9300290,933.0
9301291,966.0
9302292,956.0
9303293,972.0
9304294,708.0
9305295,944.0
9306296,798.0
9307297,934.0
9308298,953.0
9309299,1000.0
9310300,992.0
9311301,928.0
9312302,936.0
9313303,909.0
9314304,894.0
9315305,941.0
9316306,946.0
9317307,960.0
9318308,765.0
9319309,960.0
9320310,935.0
9321311,965.0
9322312,913.0
9323313,895.0
9324314,943.0
9325315,944.0
9326316,937.0
9327317,951.0
9328318,938.0
9329319,930.0
9330320,952.0
9331321,950.0
9332322,957.0
9333323,966.0
9334324,917.0
9335325,970.0
9336326,954.0
9337327,810.0
9338328,925.0
9339329,888.0
9340330,724.0
9341331,965.0
9342332,953.0
9343333,817.0
9344334,958.0
9345335,951.0
9346336,915.0
9347337,953.0
9348338,941.0
9349339,963.0
9350340,919.0
9351341,977.0
9352342,940.0
9353343,930.0
9354344,963.0
9355345,951.0
9356346,931.0
9357347,910.0
9358348,939.0
9359349,933.0
9360350,984.0
9361351,784.0
9362352,916.0
9363353,943.0
9364354,850.0
9365355,938.0
9366356,918.0
9367357,973.0
9368358,923.0
9369359,965.0
9370360,903.0
9371361,914.0
9372362,896.0
9373363,986.0
9374364,980.0
9375365,839.0
9376366,933.0
9377367,943.0
9378368,935.0
9379369,957.0
9380370,977.0
9381371,891.0
9382372,981.0
9383373,911.0
9384374,950.0
9385375,994.0
9386376,832.0
9387377,938.0
9388378,918.0
9389379,925.0
9390380,916.0
9391381,929.0
9392382,941.0
9393383,931.0
9394384,908.0
9395385,682.0
9396386,925.0
9397387,937.0
9398388,869.0
9399389,965.0
9400390,979.0
9401391,971.0
9402392,979.0
9403393,931.0
9404394,949.0
9405395,951.0
9406396,989.0
9407397,856.0
9408398,796.0
9409399,806.0
9410400,958.0
9411401,984.0
9412402,945.0
9413403,953.0
9414404,958.0
9415405,945.0
9416406,866.0
9417407,974.0
9418408,1000.0
9419409,949.0
9420410,967.0
9421411,998.0
9422412,975.0
9423413,901.0
9424414,942.0
9425415,962.0
9426416,950.0
9427417,847.0
9428418,968.0
9429419,947.0
9430420,991.0
9431421,981.0
9432422,942.0
9433423,892.0
9434424,957.0
9435425,913.0
9436426,944.0
9437427,957.0
9438428,932.0
9439429,944.0
9440430,881.0
9441431,928.0
9442432,925.0
9443433,983.0
9444434,990.0
9445435,939.0
9446436,973.0
9447437,983.0
9448438,660.0
9449439,977.0
9450440,988.0
9451441,905.0
9452442,950.0
9453443,933.0
9454444,942.0
9455445,966.0
9456446,942.0
9457447,949.0
9458448,936.0
9459449,598.0
9460450,930.0
9461451,968.0
9462452,950.0
9463453,959.0
9464454,941.0
9465455,964.0
9466456,944.0
9467457,966.0
9468458,958.0
9469459,813.0
9470460,961.0
9471461,953.0
9472462,974.0
9473463,919.0
9474464,972.0
9475465,968.0
9476466,942.0
9477467,931.0
9478468,951.0
9479469,927.0
9480470,906.0
9481471,963.0
9482472,945.0
9483473,931.0
9484474,856.0
9485475,955.0
9486476,972.0
9487477,941.0
9488478,951.0
9489479,946.0
9490480,854.0
9491481,957.0
9492482,899.0
9493483,956.0
9494484,826.0
9495485,961.0
9496486,927.0
9497487,925.0
9498488,986.0
9499489,958.0
9500490,958.0
9501491,861.0
9502492,903.0
9503493,967.0
9504494,1000.0
9505495,834.0
9506496,944.0
9507497,963.0
9508498,940.0
9509499,949.0
9510500,907.0
9511501,907.0
9512502,807.0
9513503,987.0
9514504,946.0
9515505,949.0
9516506,956.0
9517507,924.0
9518508,958.0
9519509,974.0
9520510,933.0
9521511,933.0
9522512,969.0
9523513,987.0
9524514,826.0
9525515,955.0
9526516,892.0
9527517,976.0
9528518,864.0
9529519,932.0
9530520,946.0
9531521,657.0
9532522,993.0
9533523,948.0
9534524,817.0
9535525,804.0
9536526,932.0
9537527,970.0
9538528,928.0
9539529,911.0
9540530,980.0
9541531,952.0
9542532,953.0
9543533,948.0
9544534,977.0
9545535,948.0
9546536,968.0
9547537,891.0
9548538,820.0
9549539,885.0
9550540,946.0
9551541,932.0
9552542,980.0
9553543,965.0
9554544,637.0
9555545,952.0
9556546,955.0
9557547,940.0
9558548,915.0
9559549,952.0
9560550,938.0
9561551,987.0
9562552,933.0
9563553,927.0
9564554,738.0
9565555,926.0
9566556,978.0
9567557,855.0
9568558,946.0
9569559,918.0
9570560,979.0
9571561,972.0
9572562,915.0
9573563,908.0
9574564,939.0
9575565,968.0
9576566,933.0
9577567,958.0
9578568,950.0
9579569,922.0
9580570,744.0
9581571,982.0
9582572,943.0
9583573,968.0
9584574,971.0
9585575,1000.0
9586576,935.0
9587577,967.0
9588578,980.0
9589579,959.0
9590580,963.0
9591581,957.0
9592582,978.0
9593583,839.0
9594584,974.0
9595585,658.0
9596586,739.0
9597587,933.0
9598588,970.0
9599589,911.0
9600590,961.0
9601591,983.0
9602592,799.0
9603593,934.0
9604594,953.0
9605595,924.0
9606596,952.0
9607597,969.0
9608598,860.0
9609599,922.0
9610600,909.0
9611601,911.0
9612602,936.0
9613603,956.0
9614604,961.0
9615605,950.0
9616606,938.0
9617607,920.0
9618608,982.0
9619609,958.0
9620610,858.0
9621611,932.0
9622612,926.0
9623613,986.0
9624614,940.0
9625615,964.0
9626616,978.0
9627617,986.0
9628618,942.0
9629619,953.0
9630620,962.0
9631621,958.0
9632622,998.0
9633623,908.0
9634624,953.0
9635625,908.0
9636626,909.0
9637627,972.0
9638628,978.0
9639629,945.0
9640630,980.0
9641631,956.0
9642632,856.0
9643633,968.0
9644634,966.0
9645635,958.0
9646636,933.0
9647637,956.0
9648638,841.0
9649639,831.0
9650640,972.0
9651641,955.0
9652642,954.0
9653643,989.0
9654644,942.0
9655645,920.0
9656646,790.0
9657647,946.0
9658648,933.0
9659649,967.0
9660650,969.0
9661651,841.0
9662652,966.0
9663653,968.0
9664654,941.0
9665655,946.0
9666656,890.0
9667657,956.0
9668658,949.0
9669659,864.0
9670660,936.0
9671661,944.0
9672662,981.0
9673663,931.0
9674664,945.0
9675665,970.0
9676666,927.0
9677667,929.0
9678668,955.0
9679669,889.0
9680670,952.0
9681671,728.0
9682672,947.0
9683673,986.0
9684674,926.0
9685675,957.0
9686676,971.0
9687677,976.0
9688678,915.0
9689679,991.0
9690680,940.0
9691681,887.0
9692682,977.0
9693683,788.0
9694684,976.0
9695685,862.0
9696686,960.0
9697687,954.0
9698688,977.0
9699689,966.0
9700690,865.0
9701691,963.0
9702692,940.0
9703693,975.0
9704694,991.0
9705695,950.0
9706696,939.0
9707697,941.0
9708698,767.0
9709699,786.0
9710700,941.0
9711701,910.0
9712702,875.0
9713703,921.0
9714704,0.0
9715705,940.0
9716706,954.0
9717707,816.0
9718708,957.0
9719709,989.0
9720710,934.0
9721711,923.0
9722712,925.0
9723713,1000.0
9724714,977.0
9725715,937.0
9726716,92.0
9727717,965.0
9728718,799.0
9729719,998.0
9730720,952.0
9731721,954.0
9732722,870.0
9733723,976.0
9734724,967.0
9735725,797.0
9736726,980.0
9737727,967.0
9738728,913.0
9739729,960.0
9740730,931.0
9741731,862.0
9742732,889.0
9743733,928.0
9744734,1000.0
9745735,899.0
9746736,984.0
9747737,923.0
9748738,952.0
9749739,934.0
9750740,986.0
9751741,915.0
9752742,927.0
9753743,830.0
9754744,966.0
9755745,936.0
9756746,960.0
9757747,928.0
9758748,950.0
9759749,948.0
9760750,956.0
9761751,920.0
9762752,938.0
9763753,943.0
9764754,583.0
9765755,972.0
9766756,924.0
9767757,992.0
9768758,965.0
9769759,925.0
9770760,930.0
9771761,913.0
9772762,898.0
9773763,958.0
9774764,938.0
9775765,985.0
9776766,953.0
9777767,823.0
9778768,870.0
9779769,1000.0
9780770,959.0
9781771,977.0
9782772,953.0
9783773,956.0
9784774,978.0
9785775,831.0
9786776,929.0
9787777,813.0
9788778,980.0
9789779,940.0
9790780,954.0
9791781,996.0
9792782,932.0
9793783,964.0
9794784,846.0
9795785,891.0
9796786,969.0
9797787,981.0
9798788,938.0
9799789,938.0
9800790,939.0
9801791,986.0
9802792,929.0
9803793,967.0
9804794,739.0
9805795,829.0
9806796,919.0
9807797,972.0
9808798,982.0
9809799,908.0
9810800,955.0
9811801,650.0
9812802,991.0
9813803,982.0
9814804,922.0
9815805,961.0
9816806,966.0
9817807,898.0
9818808,967.0
9819809,941.0
9820810,888.0
9821811,523.0
9822812,979.0
9823813,954.0
9824814,963.0
9825815,963.0
9826816,937.0
9827817,495.0
9828818,892.0
9829819,974.0
9830820,957.0
9831821,915.0
9832822,804.0
9833823,979.0
9834824,913.0
9835825,934.0
9836826,923.0
9837827,939.0
9838828,919.0
9839829,930.0
9840830,897.0
9841831,923.0
9842832,946.0
9843833,757.0
9844834,747.0
9845835,908.0
9846836,905.0
9847837,936.0
9848838,937.0
9849839,936.0
9850840,963.0
9851841,940.0
9852842,882.0
9853843,964.0
9854844,924.0
9855845,971.0
9856846,965.0
9857847,895.0
9858848,1000.0
9859849,1000.0
9860850,928.0
9861851,721.0
9862852,866.0
9863853,952.0
9864854,880.0
9865855,986.0
9866856,937.0
9867857,977.0
9868858,904.0
9869859,948.0
9870860,895.0
9871861,921.0
9872862,977.0
9873863,981.0
9874864,972.0
9875865,943.0
9876866,860.0
9877867,948.0
9878868,942.0
9879869,990.0
9880870,895.0
9881871,996.0
9882872,970.0
9883873,954.0
9884874,963.0
9885875,871.0
9886876,925.0
9887877,977.0
9888878,839.0
9889879,941.0
9890880,967.0
9891881,941.0
9892882,915.0
9893883,977.0
9894884,959.0
9895885,927.0
9896886,946.0
9897887,972.0
9898888,994.0
9899889,970.0
9900890,910.0
9901891,930.0
9902892,949.0
9903893,914.0
9904894,952.0
9905895,836.0
9906896,901.0
9907897,952.0
9908898,921.0
9909899,939.0
9910900,920.0
9911901,974.0
9912902,979.0
9913903,795.0
9914904,931.0
9915905,983.0
9916906,917.0
9917907,957.0
9918908,910.0
9919909,922.0
9920910,996.0
9921911,988.0
9922912,833.0
9923913,948.0
9924914,944.0
9925915,964.0
9926916,959.0
9927917,891.0
9928918,801.0
9929919,931.0
9930920,909.0
9931921,803.0
9932922,979.0
9933923,715.0
9934924,953.0
9935925,981.0
9936926,975.0
9937927,999.0
9938928,840.0
9939929,990.0
9940930,944.0
9941931,927.0
9942932,922.0
9943933,913.0
9944934,952.0
9945935,954.0
9946936,932.0
9947937,929.0
9948938,842.0
9949939,936.0
9950940,965.0
9951941,909.0
9952942,926.0
9953943,989.0
9954944,963.0
9955945,507.0
9956946,928.0
9957947,943.0
9958948,950.0
9959949,580.0
9960950,950.0
9961951,909.0
9962952,849.0
9963953,912.0
9964954,979.0
9965955,923.0
9966956,941.0
9967957,966.0
9968958,922.0
9969959,967.0
9970960,971.0
9971961,946.0
9972962,972.0
9973963,914.0
9974964,942.0
9975965,930.0
9976966,930.0
9977967,963.0
9978968,952.0
9979969,971.0
9980970,918.0
9981971,976.0
9982972,959.0
9983973,945.0
9984974,943.0
9985975,982.0
9986976,974.0
9987977,954.0
9988978,981.0
9989979,969.0
9990980,906.0
9991981,991.0
9992982,948.0
9993983,925.0
