timestep,episodic_return
1000,10.718314837229078
2001,0.0
3002,0.0
4003,0.0
5004,0.0
6005,0.0
7006,0.0
8007,0.0
9008,0.0
10009,0.0
11010,0.0
12011,12.302346913853562
13012,0.0
14013,9.6944453951935
15014,0.0
16015,8.145789808546466
17016,0.0
18017,0.0
19018,0.0
20019,0.0
21020,0.0
22021,0.0
23022,0.0
24023,0.0
25024,0.0
26025,0.0
27026,0.0
28027,0.0
29028,7.310494124590204
30029,0.0
31030,0.0
32031,0.0
33032,0.0
34033,0.0
35034,0.0
36035,0.0
37036,0.0
38037,5.312440992600013
39038,0.0
40039,0.0
41040,3.631518534698203
42041,0.0
43042,0.0
44043,0.0
45044,0.0
46045,0.0
47046,0.0
48047,0.0
49048,0.0
50049,0.0
51050,1.7510133752623336
52051,7.107923422308832
53052,0.0
54053,0.0
55054,0.0
56055,0.0
57056,8.704796821864646
58057,0.0
59058,0.0
60059,0.0
61060,0.0
62061,0.0
63062,0.0
64063,0.0
65064,0.0
66065,0.0
67066,18.883147638738343
68067,0.0
69068,0.0
70069,15.853845911313426
71070,0.0
72071,0.0
73072,0.0
74073,0.0
75074,0.0
76075,0.0
77076,0.0
78077,0.0
79078,0.0
80079,0.0
81080,10.971719524683397
82081,0.0
83082,0.0
84083,0.0
85084,0.0
86085,0.0
87086,0.0
88087,0.0
89088,0.0
90089,12.421147927058122
91090,3.6137634201889712
92091,0.0
93092,0.0
94093,0.0
95094,0.0
96095,0.0
97096,1.8483284010872083
98097,0.0
99098,0.0
100099,20.83000794803963
101100,0.0
102101,14.350579327814193
103102,0.0
104103,9.904526235520926
105104,0.0
106105,0.0
107106,13.436168739629275
108107,0.0
109108,0.0
110109,0.0
111110,0.0
112111,0.0
113112,0.0
114113,0.0
115114,0.0
116115,0.0
117116,0.0
118117,0.0
119118,0.0
120119,0.0
121120,0.0
122121,0.0
123122,27.363817838286792
124123,0.0
125124,0.0
126125,0.0
127126,0.0
128127,0.0
129128,12.814154639205293
130129,0.0
131130,0.0
132131,18.741189616092463
133132,8.109756854982873
134133,0.0
135134,10.500776320925954
136135,0.0
137136,23.22441683454489
138137,0.0
139138,0.0
140139,0.0
141140,0.0
142141,0.0
143142,0.0
144143,0.0
145144,21.363733880516143
146145,0.0
147146,0.0
148147,0.0
149148,0.0
150149,0.0
151150,0.0
152151,4.536471980506802
153152,13.558335139182256
154153,0.0
155154,17.737535402680972
156155,0.0
157156,0.0
158157,20.656405076201903
159158,0.0
160159,0.0
161160,0.0
162161,0.0
163162,7.262149850440496
164163,0.0
165164,0.0
166165,0.0
167166,0.0
168167,0.0
169168,14.368658167085973
170169,0.0
171170,14.42576195474305
172171,0.0
173172,14.271506878895106
174173,0.0
175174,0.0
176175,0.0
177176,0.0
178177,10.653514127708727
179178,0.0
180179,16.316916601182303
181180,7.974939283877834
182181,0.0
183182,0.0
184183,0.0
185184,0.0
186185,29.81188675906827
187186,0.0
188187,0.0
189188,0.0
190189,8.263501380767796
191190,0.0
192191,0.0
193192,10.51494208692067
194193,0.0
195194,0.0
196195,0.0
197196,19.77163133608941
198197,17.707968773166524
199198,0.0
200199,29.12002451856778
201200,0.0
202201,9.137998007272778
203202,26.09245367203819
204203,0.0
205204,13.554775886895737
206205,0.0
207206,0.0
208207,0.0
209208,0.0
210209,0.0
211210,0.0
212211,4.4546402776596095
213212,0.0
214213,0.0
215214,0.0
216215,0.0
217216,0.0
218217,0.0
219218,0.0
220219,22.9477143920857
221220,0.0
222221,13.540934525101065
223222,0.0
224223,0.0
225224,0.0
226225,0.0
227226,0.0
228227,1.901884643560164
229228,0.0
230229,14.41936120640474
231230,0.0
232231,0.0
233232,14.287863152814035
234233,0.0
235234,0.0
236235,0.0
237236,0.0
238237,0.0
239238,5.2495230322498365
240239,0.0
241240,0.0
242241,4.441862399891497
243242,0.0
244243,0.0
245244,0.0
246245,0.0
247246,0.0
248247,0.0
249248,0.0
250249,0.0
251250,0.0
252251,0.0
253252,0.0
254253,0.0
255254,0.0
256255,0.0
257256,0.0
258257,0.0
259258,18.08252916278058
260259,10.533025477309522
261260,0.0
262261,4.516524714864032
263262,0.0
264263,0.0
265264,15.166708857671388
266265,0.0
267266,0.8233887353573636
268267,14.523626380353967
269268,0.0
270269,0.0
271270,0.0
272271,0.0
273272,0.0
274273,0.0
275274,8.157163866590011
276275,8.201497093455874
277276,0.0
278277,0.0
279278,0.0
280279,0.0
281280,0.0
282281,0.0
283282,0.0
284283,0.0
285284,0.0
286285,0.0
287286,13.451390908888037
288287,0.0
289288,0.0
290289,17.100935764419873
291290,0.0
292291,0.0
293292,0.0
294293,0.0
295294,0.0
296295,0.0
297296,0.0
298297,11.684216842497047
299298,0.0
300299,0.0
301300,0.0
302301,0.0
303302,0.0
304303,0.0
305304,0.0
306305,3.695487735894039
307306,0.0
308307,0.0
309308,0.0
310309,0.0
311310,15.897538102463477
312311,0.0
313312,0.0
314313,13.313096693492133
315314,16.879047856434607
316315,0.0
317316,0.0
318317,0.0
319318,0.0
320319,0.0
321320,3.7112192586147397
322321,19.04263672697979
323322,2.6300667077455167
324323,0.0
325324,0.0
326325,0.0
327326,13.443249663645972
328327,0.0
329328,22.58567545050515
330329,0.0
331330,11.092862844611439
332331,0.0
333332,0.0
334333,24.533378903593608
335334,12.366955203913472
336335,0.0
337336,0.0
338337,0.0
339338,0.0
340339,0.0
341340,0.0
342341,3.6693793373788814
343342,0.0
344343,0.0
345344,0.0
346345,0.0
347346,0.0
348347,0.0
349348,16.599003704097164
350349,0.0
351350,0.0
352351,0.0
353352,0.0
354353,0.0
355354,0.0
356355,33.648367315560634
357356,0.0
358357,12.767799862741597
359358,0.0
360359,14.329019980155564
361360,0.0
362361,12.572714789025047
363362,0.0
364363,0.0
365364,19.980002794055476
366365,23.838481827902022
367366,18.686020343792457
368367,0.0
369368,0.0
370369,25.392692957268956
371370,0.0
372371,0.0
373372,0.0
374373,11.592933217873458
375374,13.46536594091948
376375,0.0
377376,0.0
378377,0.0
379378,0.0
380379,0.0
381380,23.380337840569723
382381,31.280718015887
383382,0.0
384383,0.0
385384,0.0
386385,0.0
387386,0.0
388387,0.0
389388,0.0
390389,0.0
391390,18.83221729747797
392391,0.0
393392,0.0
394393,0.0
395394,0.0
396395,0.0
397396,0.0
398397,0.0
399398,0.0
400399,0.0
401400,0.0
402401,45.37457121293528
403402,0.0
404403,6.314704937856058
405404,0.0
406405,0.0
407406,12.67040371686314
408407,18.976006345300267
409408,0.0
410409,0.0
411410,0.0
412411,0.0
413412,0.0
414413,0.0
415414,0.0
416415,0.0
417416,0.0
418417,0.0
419418,0.0
420419,0.0
421420,0.0
422421,0.0
423422,0.0
424423,0.0
425424,0.0
426425,16.023127008462158
427426,0.0
428427,0.0
429428,0.0
430429,14.218942735633215
431430,0.0
432431,29.37800882112974
433432,16.98923906661772
434433,0.0
435434,0.0
436435,26.700554119001662
437436,0.0
438437,0.0
439438,10.041024179963296
440439,17.90826423885078
441440,0.0
442441,0.0
443442,0.0
444443,0.0
445444,0.0
446445,0.0
447446,0.0
448447,0.0
449448,0.0
450449,0.0
451450,0.0
452451,0.0
453452,0.0
454453,0.0
455454,0.0
456455,17.173930256884667
457456,0.0
458457,0.0
459458,0.0
460459,0.0
461460,0.0
462461,12.757799930989588
463462,0.0
464463,7.235747174280009
465464,0.0
466465,2.872486609905038
467466,0.0
468467,0.0
469468,12.552215643065633
470469,17.0353020125796
471470,0.0
472471,0.0
473472,0.0
474473,0.0
475474,14.19655903270586
476475,0.0
477476,0.0
478477,5.547205633777139
479478,0.0
480479,9.908790997936888
481480,0.0
482481,0.0
483482,5.597694351938929
484483,0.0
485484,13.451824004312126
486485,0.0
487486,0.0
488487,0.0
489488,0.0
490489,24.023704057221266
491490,34.26824391887487
492491,0.0
493492,0.0
494493,0.0
495494,0.0
496495,6.308310613159995
497496,0.0
498497,0.0
499498,0.0
500499,22.572306208253696
501500,0.0
502501,0.0
503502,0.0
504503,0.0
505504,5.517242875339766
506505,0.0
507506,0.0
508507,2.7142626463502575
509508,0.0
510509,0.0
511510,0.0
512511,0.0
513512,0.0
514513,0.0
515514,1.9508535014439152
516515,0.0
517516,2.7500775514846287
518517,0.0
519518,23.44111040531303
520519,0.0
521520,0.0
522521,0.0
523522,0.0
524523,18.900148493462613
525524,0.0
526525,0.0
527526,18.738092298333722
528527,0.0
529528,0.0
530529,7.313320717761531
531530,0.0
532531,0.0
533532,0.0
534533,0.0
535534,18.815106452155376
536535,0.0
537536,0.0
538537,0.0
539538,0.0
540539,0.0
541540,0.0
542541,0.0
543542,0.0
544543,0.0
545544,0.0
546545,19.041177711253138
547546,0.0
548547,0.0
549548,0.0
550549,0.0
551550,11.65079588956394
552551,0.0
553552,0.0
554553,0.0
555554,7.219641622894541
556555,0.0
557556,0.0
558557,0.0
559558,0.0
560559,0.0
561560,0.0
562561,0.0
563562,12.687976712435429
564563,0.0
565564,0.0
566565,0.0
567566,0.0
568567,13.282749839702912
569568,34.95401215591029
570569,0.0
571570,0.0
572571,0.0
573572,0.0
574573,58.588675976580575
575574,24.641377904122045
576575,0.0
577576,0.0
578577,19.455144154388815
579578,0.0
580579,0.0
581580,0.0
582581,0.0
583582,14.345238829497454
584583,0.0
585584,0.0
586585,0.0
587586,0.0
588587,0.0
589588,0.0
590589,0.0
591590,0.0
592591,6.2760800973768625
593592,0.0
594593,0.0
595594,11.6120377991599
596595,0.0
597596,0.0
598597,22.617253626937217
599598,0.0
600599,18.73750327430422
601600,0.0
602601,0.0
603602,0.0
604603,0.0
605604,0.0
606605,49.519336711571114
607606,26.89220451275921
608607,0.0
609608,0.0
610609,19.861600502484023
611610,0.0
612611,24.620285448931554
613612,0.0
614613,3.644692510059288
615614,0.0
616615,0.0
617616,0.0
618617,35.06998355987445
619618,30.786773172219245
620619,0.0
621620,0.0
622621,0.0
623622,31.08856463987766
624623,8.151037089433329
625624,0.0
626625,11.276468786478672
627626,0.0
628627,0.0
629628,0.0
630629,0.0
631630,0.0
632631,13.192308984831113
633632,0.0
634633,0.0
635634,0.0
636635,0.0
637636,0.0
638637,22.814367932751306
639638,0.0
640639,14.177324619723244
641640,0.0
642641,0.0
643642,0.0
644643,25.022326531715137
645644,0.0
646645,0.0
647646,0.0
648647,0.0
649648,9.388581306537331
650649,0.0
651650,0.0
652651,0.0
653652,0.0
654653,31.30567327657062
655654,0.0
656655,0.0
657656,42.21027617101342
658657,0.0
659658,0.0
660659,0.0
661660,0.0
662661,0.0
663662,29.11664277074668
664663,0.0
665664,0.0
666665,0.0
667666,0.0
668667,0.0
669668,0.0
670669,39.26967794513067
671670,0.0
672671,0.0
673672,0.0
674673,0.0
675674,0.0
676675,0.0
677676,0.0
678677,0.0
679678,0.0
680679,0.0
681680,0.0
682681,29.53725447780228
683682,0.0
684683,31.061097543058057
685684,0.0
686685,0.0
687686,0.0
688687,0.0
689688,0.0
690689,0.0
691690,0.0
692691,0.0
693692,0.0
694693,0.0
695694,0.0
696695,20.632255582210327
697696,0.0
698697,22.462675054217318
699698,13.435736638152544
700699,22.947321555535684
701700,21.572437618792648
702701,19.797772483919456
703702,0.0
704703,15.523651376235565
705704,17.643365392553218
706705,0.0
707706,0.0
708707,25.843784627054074
709708,0.0
710709,0.0
711710,31.77648069893982
712711,39.30034689184453
713712,17.722955142137906
714713,0.0
715714,0.0
716715,0.0
717716,24.13505889136809
718717,0.0
719718,0.0
720719,0.0
721720,0.0
722721,0.0
723722,0.0
724723,11.105213854226196
725724,0.0
726725,0.0
727726,0.0
728727,0.0
729728,0.0
730729,12.611225513209096
731730,20.508788955403684
732731,0.0
733732,18.74666497397384
734733,0.0
735734,39.355001562766425
736735,0.0
737736,0.0
738737,0.0
739738,31.890359156330426
740739,0.0
741740,0.0
742741,0.0
743742,0.0
744743,0.0
745744,35.72416337771092
746745,0.0
747746,0.0
748747,21.591113826063545
749748,0.0
750749,0.0
751750,0.0
752751,0.0
753752,0.0
754753,14.173575943240227
755754,0.0
756755,0.0
757756,0.0
758757,6.384495825153294
759758,0.0
760759,11.076052291790681
761760,0.0
762761,15.92661793533683
763762,7.035850840930472
764763,0.0
765764,16.70563119235876
766765,0.0
767766,20.63835946566098
768767,0.0
769768,0.0
770769,0.0
771770,0.0
772771,0.0
773772,12.30645365865934
774773,0.0
775774,0.0
776775,0.0
777776,0.0
778777,0.0
779778,0.0
780779,21.389795234542245
781780,0.0
782781,15.003571329490532
783782,16.692995114077256
784783,16.899852015828362
785784,0.0
786785,0.0
787786,7.206209468054201
788787,0.0
789788,15.114339386660399
790789,0.0
791790,0.0
792791,0.0
793792,0.0
794793,0.0
795794,28.183631556321682
796795,0.0
797796,0.0
798797,14.883463404459897
799798,0.0
800799,0.0
801800,0.0
802801,0.0
803802,0.0
804803,0.0
805804,10.94131483134519
806805,0.0
807806,0.0
808807,34.93567562373756
809808,0.0
810809,0.0
811810,0.0
812811,0.0
813812,12.278701333668808
814813,0.0
815814,0.0
816815,0.0
817816,0.0
818817,0.0
819818,0.0
820819,0.0
821820,0.0
822821,13.254034456697829
823822,3.7127057753392236
824823,0.0
825824,0.0
826825,0.0
827826,13.209693105651937
828827,0.0
829828,0.0
830829,0.0
831830,0.0
832831,0.0
833832,0.0
834833,0.0
835834,0.0
836835,8.069959325953132
837836,0.0
838837,0.0
839838,0.0
840839,15.254139871734
841840,18.92729981139114
842841,0.0
843842,0.0
844843,0.0
845844,0.0
846845,0.0
847846,22.0170075106538
848847,0.0
849848,0.0
850849,0.0
851850,0.0
852851,0.0
853852,0.0
854853,14.300057726914776
855854,0.0
856855,2.743291534170009
857856,0.0
858857,0.0
859858,0.0
860859,0.0
861860,0.0
862861,25.6780274657873
863862,19.064764817850957
864863,16.0209264616423
865864,0.0
866865,0.0
867866,0.0
868867,0.0
869868,0.0
870869,0.0
871870,33.643029091731286
872871,17.05871108868207
873872,0.0
874873,9.808259899078456
875874,0.0
876875,13.23488792515285
877876,0.0
878877,0.0
879878,0.0
880879,0.0
881880,0.0
882881,0.0
883882,0.0
884883,0.0
885884,20.532574521752064
886885,22.47546264702524
887886,0.0
888887,0.0
889888,10.787521238843262
890889,3.6980824276554616
891890,0.0
892891,16.29025937992841
893892,0.0
894893,0.0
895894,0.0
896895,0.0
897896,21.446375000030503
898897,0.0
899898,7.3486721668559465
900899,0.0
901900,0.0
902901,3.841740781625972
903902,0.0
904903,11.75191056829004
905904,0.0
906905,0.0
907906,37.1164792738425
908907,0.0
909908,0.0
910909,0.0
911910,0.0
912911,0.0
913912,0.0
914913,0.0
915914,0.0
916915,0.0
917916,0.0
918917,0.0
919918,15.06496830871146
920919,0.0
921920,0.0
922921,0.0
923922,0.0
924923,0.0
925924,0.0
926925,14.776088214606785
927926,0.0
928927,0.0
929928,0.0
930929,12.31279356743957
931930,0.0
932931,0.0
933932,0.0
934933,6.392707920998559
935934,0.0
936935,0.0
937936,21.37765896371459
938937,25.47738636549981
939938,18.975554564058644
940939,0.0
941940,0.0
942941,0.0
943942,12.6593650569179
944943,0.0
945944,19.832730570758148
946945,0.0
947946,21.60952361882166
948947,0.0
949948,0.0
950949,0.0
951950,0.0
952951,0.0
953952,0.0
954953,0.0
955954,17.25625292264242
956955,0.0
957956,21.15289767804703
958957,30.388485221806405
959958,0.0
960959,0.0
961960,19.967818107240387
962961,6.354796308949932
963962,0.0
964963,0.0
965964,1.9019028604889596
966965,0.0
967966,0.0
968967,9.681704727240081
969968,0.0
970969,0.0
971970,6.583306552232547
972971,0.0
973972,0.0
974973,7.229843305262157
975974,0.0
976975,0.0
977976,0.0
978977,0.0
979978,55.66106545258226
980979,0.0
981980,0.0
982981,0.0
983982,17.070148364894383
984983,0.0
985984,0.0
986985,0.0
987986,0.0
988987,0.0
989988,6.389917014995412
990989,0.0
991990,0.0
992991,0.0
993992,0.0
994993,10.870856497858153
995994,0.0
996995,20.13170125817398
997996,16.137983935975733
998997,0.0
999998,22.66309132441468
1000999,0.0
1002000,0.0
1003001,7.2142319605530805
1004002,11.039125057165926
1005003,0.0
1006004,0.0
1007005,0.0
1008006,0.0
1009007,0.0
1010008,0.0
1011009,0.0
1012010,0.0
1013011,0.0
1014012,0.0
1015013,0.0
1016014,0.0
1017015,0.0
1018016,0.0
1019017,0.0
1020018,0.0
1021019,0.0
1022020,0.0
1023021,22.37724032822181
1024022,0.0
1025023,26.76626947701362
1026024,0.0
1027025,0.0
1028026,0.0
1029027,0.0
1030028,0.0
1031029,27.743909746061238
1032030,0.0
1033031,15.113685387103358
1034032,0.0
1035033,0.0
1036034,13.421470541382545
1037035,28.631260290033257
1038036,0.0
1039037,0.0
1040038,0.0
1041039,0.0
1042040,8.903310688800712
1043041,0.0
1044042,0.0
1045043,0.0
1046044,2.8078444999845247
1047045,0.0
1048046,0.0
1049047,0.0
1050048,0.0
1051049,0.0
1052050,0.0
1053051,0.0
1054052,0.0
1055053,0.0
1056054,0.0
1057055,0.0
1058056,0.0
1059057,0.0
1060058,0.0
1061059,0.0
1062060,0.0
1063061,0.0
1064062,17.136986546300047
1065063,13.748369078406583
1066064,0.0
1067065,16.666887344336214
1068066,0.0
1069067,0.0
1070068,0.0
1071069,18.920082770321983
1072070,4.570462243462894
1073071,0.0
1074072,0.0
1075073,0.0
1076074,0.0
1077075,0.0
1078076,0.0
1079077,0.0
1080078,34.219076888920405
1081079,12.824369846462886
1082080,0.0
1083081,0.0
1084082,25.45467007553917
1085083,0.0
1086084,0.0
1087085,0.0
1088086,0.0
1089087,0.0
1090088,0.0
1091089,0.0
1092090,0.0
1093091,0.0
1094092,0.0
1095093,0.0
1096094,0.0
1097095,0.0
1098096,12.391279758832532
1099097,0.0
1100098,0.0
1101099,0.0
1102100,0.0
1103101,0.0
1104102,0.0
1105103,0.0
1106104,0.0
1107105,0.0
1108106,0.0
1109107,33.87644127637786
1110108,22.60258086602878
1111109,0.9449032646120694
1112110,0.0
1113111,0.0
1114112,16.247390069717987
1115113,0.0
1116114,0.0
1117115,0.0
1118116,0.0
1119117,0.0
1120118,0.0
1121119,0.0
1122120,0.0
1123121,0.0
1124122,35.532874135047656
1125123,0.0
1126124,12.608582687640393
1127125,0.0
1128126,0.0
1129127,0.0
1130128,13.320733354268288
1131129,0.0
1132130,5.264506124518529
1133131,16.205308838094176
1134132,12.694125354031234
1135133,15.540756067964267
1136134,0.0
1137135,0.0
1138136,1.8653942656345008
1139137,0.0
1140138,0.0
1141139,0.0
1142140,17.399220950291806
1143141,0.0
1144142,0.0
1145143,0.0
1146144,0.0
1147145,0.0
1148146,0.0
1149147,0.0
1150148,0.0
1151149,0.0
1152150,0.0
1153151,0.0
1154152,0.0
1155153,11.663439037858298
1156154,0.0
1157155,0.0
1158156,0.0
1159157,0.0
1160158,0.0
1161159,0.0
1162160,0.0
1163161,0.0
1164162,5.291214697785543
1165163,0.0
1166164,0.0
1167165,0.0
1168166,0.0
1169167,0.0
1170168,0.0
1171169,0.0
1172170,0.0
1173171,0.0
1174172,13.901171854036644
1175173,0.0
1176174,17.822769103350403
1177175,0.0
1178176,0.0
1179177,26.17217982633501
1180178,0.0
1181179,0.0
1182180,0.0
1183181,0.0
1184182,0.0
1185183,0.0
1186184,0.0
1187185,0.0
1188186,0.0
1189187,0.0
1190188,0.0
1191189,0.0
1192190,0.0
1193191,0.0
1194192,0.0
1195193,0.0
1196194,12.430877810811271
1197195,11.430956224721376
1198196,0.0
1199197,20.76975785575119
1200198,0.0
1201199,0.0
1202200,0.0
1203201,29.84582715953915
1204202,0.0
1205203,0.0
1206204,0.0
1207205,0.0
1208206,12.631200659139576
1209207,0.0
1210208,0.0
1211209,0.0
1212210,0.0
1213211,15.381322859223845
1214212,0.0
1215213,0.0
1216214,0.0
1217215,0.0
1218216,0.0
1219217,0.0
1220218,0.0
1221219,36.64962145725346
1222220,0.0
1223221,0.0
1224222,20.647304120577243
1225223,0.0
1226224,0.0
1227225,0.0
1228226,0.0
1229227,0.0
1230228,0.0
1231229,0.0
1232230,10.925791895012829
1233231,0.0
1234232,0.0
1235233,12.743948404035741
1236234,55.90104862144584
1237235,0.0
1238236,6.2496085916937565
1239237,0.0
1240238,0.0
1241239,0.0
1242240,2.843651495720239
1243241,0.0
1244242,0.0
1245243,0.0
1246244,0.0
1247245,11.584569880023729
1248246,0.0
1249247,0.0
1250248,0.0
1251249,21.471390145252705
1252250,26.479226256353844
1253251,18.82580839303824
1254252,0.0
1255253,0.0
1256254,0.0
1257255,0.0
1258256,21.571674680406005
1259257,0.0
1260258,37.45164863951517
1261259,0.0
1262260,19.474643296162718
1263261,0.0
1264262,42.2568251642553
1265263,0.0
1266264,0.0
1267265,0.0
1268266,0.0
1269267,35.82785643642516
1270268,0.0
1271269,0.0
1272270,0.0
1273271,0.0
1274272,20.668333147974465
1275273,0.0
1276274,0.0
1277275,0.0
1278276,7.268701801650462
1279277,31.85711958564917
1280278,0.0
1281279,0.0
1282280,12.656654350359549
1283281,0.0
1284282,0.0
1285283,0.0
1286284,0.0
1287285,0.0
1288286,7.29819017343206
1289287,0.0
1290288,0.0
1291289,12.340031402774425
1292290,0.0
1293291,0.0
1294292,29.85986595594576
1295293,0.0
1296294,0.0
1297295,0.0
1298296,0.0
1299297,0.0
1300298,21.354882439618244
1301299,0.0
1302300,0.0
1303301,0.0
1304302,0.0
1305303,0.0
1306304,0.0
1307305,0.0
1308306,18.555301813253806
1309307,0.0
1310308,43.997972377006434
1311309,22.520439295791352
1312310,0.0
1313311,0.0
1314312,0.0
1315313,0.0
1316314,13.77072505809226
1317315,0.0
1318316,22.51178125778713
1319317,9.324885025813881
1320318,0.0
1321319,0.0
1322320,0.0
1323321,0.0
1324322,21.773639478922803
1325323,0.0
1326324,0.0
1327325,0.0
1328326,0.0
1329327,9.868135510456053
1330328,0.0
1331329,0.0
1332330,0.0
1333331,0.0
1334332,0.0
1335333,28.79226614125897
1336334,0.0
1337335,0.0
1338336,4.6669959446573275
1339337,0.0
1340338,0.0
1341339,0.0
1342340,4.777716393934306
1343341,0.0
1344342,0.0
1345343,21.981470553636065
1346344,21.89300371116397
1347345,0.0
1348346,16.591617231679596
1349347,0.0
1350348,0.0
1351349,0.0
1352350,0.0
1353351,0.0
1354352,49.13492144919962
1355353,0.0
1356354,10.020142329926218
1357355,0.0
1358356,0.0
1359357,0.0
1360358,15.600273500028575
1361359,0.0
1362360,0.0
1363361,0.0
1364362,1.6702817384541158
1365363,46.86694337341805
1366364,4.547466877502375
1367365,1.8640322002783825
1368366,0.0
1369367,0.0
1370368,0.0
1371369,19.0200658886995
1372370,100.18979313211541
1373371,0.0
1374372,0.0
1375373,0.0
1376374,0.0
1377375,0.0
1378376,0.0
1379377,15.459381475608224
1380378,0.0
1381379,0.0
1382380,23.805862854257025
1383381,0.0
1384382,0.0
1385383,0.0
1386384,7.283331025576063
1387385,17.18387025319633
1388386,12.173650852356529
1389387,0.0
1390388,0.0
1391389,0.0
1392390,0.0
1393391,0.0
1394392,0.0
1395393,16.321373853067865
1396394,35.53308224131532
1397395,0.0
1398396,0.0
1399397,10.076281876471569
1400398,0.0
1401399,0.0
1402400,22.642666085082066
1403401,0.0
1404402,0.0
1405403,0.0
1406404,0.0
1407405,20.429630644111814
1408406,8.319905959418799
1409407,0.0
1410408,0.0
1411409,0.0
1412410,17.15176349722393
1413411,0.0
1414412,13.370150627837615
1415413,0.0
1416414,14.398432688452148
1417415,4.702917282026889
1418416,0.0
1419417,0.0
1420418,23.92635089882823
1421419,18.02531594421841
1422420,0.0
1423421,12.699881500102544
1424422,22.984163801423172
1425423,0.0
1426424,0.0
1427425,0.0
1428426,10.801205473774033
1429427,0.0
1430428,0.0
1431429,19.964407680860784
1432430,0.0
1433431,0.0
1434432,0.0
1435433,0.0
1436434,0.0
1437435,0.0
1438436,15.301249438612572
1439437,0.0
1440438,29.88256165449153
1441439,0.0
1442440,0.0
1443441,0.0
1444442,21.218582665979504
1445443,0.0
1446444,0.0
1447445,9.971871491157804
1448446,48.86491264105959
1449447,16.967172883299007
1450448,0.0
1451449,27.31122283290393
1452450,4.597490155350095
1453451,0.0
1454452,0.0
1455453,0.0
1456454,17.197393427809537
1457455,26.3164999372171
1458456,0.0
1459457,0.0
1460458,0.0
1461459,0.0
1462460,0.0
1463461,8.92667514501065
1464462,5.511250883734295
1465463,0.0
1466464,11.680723967560938
1467465,0.0
1468466,0.0
1469467,0.0
1470468,17.022249354129098
1471469,0.0
1472470,0.0
1473471,0.0
1474472,0.0
1475473,0.0
1476474,0.0
1477475,0.0
1478476,0.0
1479477,12.91995874204531
1480478,0.0
1481479,0.0
1482480,0.0
1483481,0.0
1484482,7.3245416746024565
1485483,0.0
1486484,110.64765024552104
1487485,0.0
1488486,0.0
1489487,0.0
1490488,6.4878066634977944
1491489,0.0
1492490,12.328777201149315
1493491,0.0
1494492,0.0
1495493,30.194278232470772
1496494,0.0
1497495,0.0
1498496,11.650167748975313
1499497,0.0
1500498,0.933138421335233
1501499,7.282570243174157
1502500,0.0
1503501,0.0
1504502,0.0
1505503,0.0
1506504,0.0
1507505,0.0
1508506,0.0
1509507,0.0
1510508,0.0
1511509,0.0
1512510,0.0
1513511,0.0
1514512,0.0
1515513,0.0
1516514,15.704074644500002
1517515,0.0
1518516,12.557159546680747
1519517,0.0
1520518,20.822331899227176
1521519,0.0
1522520,10.916083650625533
1523521,0.0
1524522,0.0
1525523,0.0
1526524,0.0
1527525,0.0
1528526,0.0
1529527,0.0
1530528,0.0
1531529,0.0
1532530,0.0
1533531,0.0
1534532,0.0
1535533,28.25266751465941
1536534,0.0
1537535,32.15078687331566
1538536,18.822588505240567
1539537,18.49439002409022
1540538,0.0
1541539,29.42222969310857
1542540,0.950099199911968
1543541,0.0
1544542,0.0
1545543,0.0
1546544,10.023928141459287
1547545,12.881852398764867
1548546,35.23241959617543
1549547,20.484620989284426
1550548,0.0
1551549,11.645261899075152
1552550,24.184456905534038
1553551,0.0
1554552,0.0
1555553,0.0
1556554,0.0
1557555,17.798984862513215
1558556,0.0
1559557,24.705899083612003
1560558,20.40585210234398
1561559,0.0
1562560,0.0
1563561,0.0
1564562,0.0
1565563,0.0
1566564,0.0
1567565,0.0
1568566,0.0
1569567,0.0
1570568,0.0
1571569,0.0
1572570,0.0
1573571,0.0
1574572,5.346924145851981
1575573,0.0
1576574,0.0
1577575,0.0
1578576,0.0
1579577,0.0
1580578,0.0
1581579,0.0
1582580,0.0
1583581,23.864309915617735
1584582,3.6820506354003495
1585583,11.060058422245465
1586584,0.0
1587585,0.0
1588586,0.0
1589587,0.0
1590588,0.0
1591589,26.22452052115797
1592590,34.90853481284063
1593591,0.0
1594592,0.0
1595593,0.0
1596594,0.0
1597595,0.0
1598596,26.606756629086753
1599597,18.10207361219717
1600598,0.0
1601599,0.0
1602600,0.0
1603601,0.0
1604602,11.005930137582931
1605603,0.0
1606604,9.655500630825841
1607605,18.12459398135399
1608606,0.0
1609607,21.76449951741871
1610608,0.0
1611609,0.0
1612610,0.0
1613611,10.79619586829439
1614612,0.0
1615613,0.0
1616614,0.0
1617615,0.0
1618616,0.0
1619617,4.683341994558923
1620618,0.0
1621619,10.654101507564922
1622620,0.0
1623621,0.0
1624622,0.0
1625623,0.0
1626624,0.0
1627625,0.0
1628626,0.0
1629627,0.0
1630628,0.0
1631629,13.219856468830459
1632630,0.0
1633631,0.0
1634632,11.159158886022295
1635633,38.910737807029385
1636634,40.08751847304273
1637635,0.0
1638636,0.0
1639637,0.0
1640638,0.0
1641639,7.322306684192349
1642640,13.95147062624715
1643641,0.0
1644642,20.57721001500011
1645643,44.47150491984425
1646644,0.0
1647645,18.480043431411744
1648646,0.0
1649647,47.20818576652273
1650648,0.0
1651649,0.0
1652650,24.159437202143106
1653651,0.0
1654652,0.0
1655653,9.044216584919182
1656654,19.283808122623164
1657655,24.67177642283547
1658656,26.87295646086038
1659657,0.0
1660658,0.0
1661659,47.79023296261599
1662660,14.584431706240135
1663661,8.355444131123303
1664662,0.0
1665663,0.0
1666664,0.0
1667665,0.0
1668666,30.968769343979066
1669667,0.0
1670668,0.0
1671669,0.0
1672670,0.0
1673671,0.0
1674672,0.0
1675673,0.0
1676674,0.0
1677675,8.230530592438685
1678676,40.67985737205819
1679677,0.0
1680678,0.0
1681679,0.0
1682680,0.0
1683681,0.0
1684682,0.0
1685683,0.0
1686684,0.0
1687685,12.959330579330956
1688686,0.0
1689687,18.985408580026427
1690688,0.0
1691689,0.0
1692690,0.0
1693691,0.0
1694692,0.0
1695693,21.883356011149292
1696694,0.0
1697695,13.840582923171855
1698696,0.0
1699697,0.0
1700698,0.0
1701699,0.0
1702700,15.894116997756305
1703701,0.0
1704702,0.0
1705703,0.0
1706704,0.0
1707705,0.0
1708706,3.597457230397743
1709707,5.261838635349095
1710708,0.0
1711709,0.0
1712710,0.0
1713711,0.0
1714712,46.19642976775013
1715713,0.0
1716714,0.0
1717715,16.60476966302315
1718716,24.874687587055732
1719717,26.233562603350478
1720718,0.0
1721719,0.0
1722720,23.12041668324944
1723721,0.0
1724722,0.0
1725723,0.0
1726724,0.0
1727725,0.0
1728726,69.379770857675
1729727,0.0
1730728,0.0
1731729,0.0
1732730,18.10847421568683
1733731,19.60636249825956
1734732,0.0
1735733,0.0
1736734,11.460705373076953
1737735,0.0
1738736,0.0
1739737,10.684276575045168
1740738,0.0
1741739,2.589881697921621
1742740,0.0
1743741,0.0
1744742,0.0
1745743,0.0
1746744,5.337006372774251
1747745,0.0
1748746,28.46687944589671
1749747,0.0
1750748,18.161386930948378
1751749,0.0
1752750,0.0
1753751,0.0
1754752,0.0
1755753,0.0
1756754,0.0
1757755,0.0
1758756,0.0
1759757,10.353455859719345
1760758,6.357997436118964
1761759,0.0
1762760,0.8923586948032833
1763761,0.0
1764762,9.569596781114306
1765763,0.0
1766764,0.0
1767765,0.0
1768766,0.0
1769767,13.929630466187529
1770768,0.0
1771769,0.0
1772770,0.0
1773771,0.0
1774772,17.33168291932233
1775773,60.23499469345939
1776774,0.0
1777775,5.328826535146133
1778776,0.0
1779777,0.0
1780778,0.0
1781779,0.0
1782780,0.0
1783781,0.0
1784782,0.0
1785783,0.0
1786784,0.0
1787785,0.0
1788786,0.0
1789787,25.241029705251457
1790788,5.464693859184026
1791789,18.82888069098355
1792790,8.268877969109674
1793791,0.0
1794792,0.0
1795793,0.0
1796794,0.0
1797795,0.0
1798796,0.0
1799797,0.0
1800798,0.0
1801799,0.0
1802800,21.557004037460214
1803801,0.0
1804802,3.627650290396512
1805803,23.85733959183204
1806804,6.1981238355143295
1807805,0.0
1808806,0.0
1809807,0.0
1810808,0.0
1811809,0.0
1812810,0.0
1813811,0.0
1814812,0.0
1815813,0.0
1816814,21.270406550782155
1817815,0.0
1818816,0.0
1819817,19.735692928682575
1820818,0.0
1821819,11.463431346440574
1822820,7.107951279997214
1823821,0.0
1824822,10.920903425481006
1825823,8.841743698476472
1826824,0.0
1827825,0.0
1828826,42.93380214159099
1829827,0.0
1830828,21.01057766256576
1831829,5.410088400400426
1832830,0.0
1833831,0.0
1834832,40.5409173647713
1835833,61.32832721473352
1836834,0.0
1837835,0.0
1838836,0.0
1839837,0.0
1840838,0.0
1841839,0.0
1842840,0.0
1843841,22.77525112933457
1844842,0.0
1845843,7.246155079785106
1846844,0.0
1847845,0.0
1848846,0.0
1849847,0.0
1850848,0.0
1851849,11.089091471778321
1852850,0.0
1853851,0.0
1854852,0.0
1855853,0.0
1856854,0.0
1857855,29.018089584851612
1858856,22.73298353279677
1859857,0.0
1860858,0.0
1861859,0.0
1862860,21.610637366640848
1863861,0.0
1864862,8.33278999756597
1865863,0.0
1866864,0.0
1867865,6.339425480923369
1868866,0.0
1869867,0.0
1870868,12.521298349049257
1871869,0.0
1872870,0.0
1873871,0.0
1874872,10.521105187095337
1875873,0.0
1876874,0.0
1877875,17.27599547199212
1878876,0.0
1879877,0.0
1880878,0.0
1881879,0.0
1882880,0.0
1883881,0.0
1884882,0.0
1885883,0.0
1886884,1.9030896070440502
1887885,0.0
1888886,0.0
1889887,0.0
1890888,0.0
1891889,0.0
1892890,0.0
1893891,0.0
1894892,39.33150450447825
1895893,64.68637637041098
1896894,0.0
1897895,0.0
1898896,0.0
1899897,0.0
1900898,4.664489475126249
1901899,0.0
1902900,0.0
1903901,0.0
1904902,0.0
1905903,0.0
1906904,0.0
1907905,12.360410520812003
1908906,26.820191777696728
1909907,0.0
1910908,0.0
1911909,0.0
1912910,0.0
1913911,22.627556281761056
1914912,0.0
1915913,0.0
1916914,0.0
1917915,0.0
1918916,0.0
1919917,0.0
1920918,0.0
1921919,9.77286055385997
1922920,0.0
1923921,0.0
1924922,0.9703266300928852
1925923,0.0
1926924,0.0
1927925,0.0
1928926,26.43981413825452
1929927,0.0
1930928,4.4163698907301105
1931929,0.0
1932930,0.0
1933931,0.0
1934932,25.42415347363727
1935933,0.0
1936934,0.0
1937935,0.0
1938936,0.0
1939937,0.0
1940938,0.0
1941939,0.0
1942940,31.88040845676191
1943941,0.0
1944942,0.0
1945943,0.0
1946944,0.0
1947945,8.20804160684811
1948946,0.0
1949947,0.0
1950948,0.0
1951949,0.0
1952950,0.0
1953951,0.0
1954952,29.211296807486967
1955953,0.0
1956954,26.222103443575055
1957955,0.0
1958956,0.0
1959957,0.0
1960958,0.0
1961959,0.0
1962960,0.0
1963961,10.262051050122349
1964962,0.0
1965963,22.731161817646182
1966964,0.0
1967965,0.0
1968966,0.0
1969967,0.0
1970968,17.61323013018672
1971969,25.974487283092806
1972970,0.0
1973971,0.0
1974972,0.0
1975973,0.0
1976974,0.0
1977975,0.0
1978976,0.0
1979977,0.0
1980978,0.0
1981979,31.052089134422555
1982980,0.0
1983981,0.0
1984982,20.759632371169495
1985983,0.0
1986984,0.0
1987985,0.0
1988986,0.0
1989987,0.0
1990988,0.0
1991989,0.0
1992990,0.0
1993991,0.0
1994992,0.0
1995993,7.27715659268925
1996994,0.0
1997995,0.0
1998996,0.0
1999997,0.0
2000998,0.0
2001999,40.357369813381474
2003000,30.784877421690222
2004001,0.0
2005002,0.0
2006003,0.0
2007004,0.0
2008005,25.584946897362908
2009006,0.0
2010007,0.0
2011008,24.19809613847794
2012009,24.43594033955391
2013010,0.0
2014011,25.23675855883951
2015012,0.0
2016013,0.0
2017014,25.08329721006833
2018015,34.49455346914567
2019016,0.0
2020017,19.173280093964664
2021018,20.444599572050777
2022019,0.0
2023020,14.245694895632035
2024021,14.161899459470327
2025022,67.49548821653535
2026023,0.0
2027024,0.0
2028025,0.0
2029026,0.0
2030027,16.137472663678448
2031028,7.52463169988781
2032029,0.0
2033030,0.0
2034031,0.0
2035032,0.0
2036033,11.001500039364199
2037034,0.0
2038035,18.942016922494265
2039036,0.0
2040037,0.0
2041038,0.0
2042039,0.0
2043040,0.0
2044041,12.943291024646259
2045042,0.0
2046043,0.0
2047044,59.45214361957816
2048045,90.94650488209298
2049046,4.452949644212792
2050047,0.0
2051048,0.0
2052049,0.0
2053050,0.0
2054051,0.0
2055052,0.0
2056053,0.0
2057054,0.0
2058055,0.0
2059056,0.0
2060057,0.0
2061058,0.0
2062059,0.0
2063060,11.379244574476498
2064061,0.0
2065062,0.0
2066063,0.0
2067064,0.0
2068065,29.471766364347694
2069066,0.0
2070067,14.021990938966299
2071068,0.0
2072069,0.0
2073070,22.871677924037783
2074071,17.086709651329706
2075072,0.0
2076073,0.0
2077074,0.0
2078075,0.0
2079076,0.0
2080077,0.0
2081078,0.0
2082079,0.0
2083080,0.0
2084081,0.0
2085082,0.0
2086083,0.0
2087084,0.0
2088085,0.0
2089086,17.74912354511683
2090087,0.0
2091088,0.0
2092089,16.137037946587398
2093090,27.816153956545502
2094091,16.80866994801763
2095092,0.0
2096093,0.0
2097094,0.0
2098095,0.0
2099096,0.0
2100097,56.55021526662145
2101098,0.0
2102099,0.0
2103100,63.06440777442764
2104101,0.0
2105102,0.0
2106103,0.0
2107104,16.151440292459693
2108105,0.0
2109106,8.986691193551366
2110107,0.0
2111108,0.0
2112109,0.0
2113110,18.29855278702353
2114111,0.0
2115112,7.674410366828038
2116113,50.261917767059174
2117114,0.0
2118115,75.4977413415438
2119116,0.0
2120117,17.24507958303325
2121118,0.0
2122119,19.140333164296642
2123120,27.160621945523506
2124121,56.679947405501764
2125122,0.0
2126123,0.0
2127124,5.347073001200519
2128125,0.0
2129126,0.0
2130127,0.0
2131128,0.0
2132129,0.0
2133130,0.0
2134131,0.0
2135132,0.0
2136133,0.0
2137134,0.0
2138135,0.0
2139136,0.0
2140137,0.0
2141138,0.0
2142139,40.24940927926384
2143140,0.0
2144141,0.0
2145142,15.36119256789017
2146143,0.0
2147144,12.395157638438825
2148145,14.412619105445467
2149146,12.690835678435535
2150147,0.0
2151148,14.426032990626766
2152149,0.0
2153150,0.0
2154151,0.0
2155152,0.0
2156153,0.0
2157154,18.559818034450302
2158155,0.0
2159156,0.0
2160157,12.409468605837928
2161158,0.0
2162159,0.0
2163160,11.619834964205989
2164161,17.95739834689336
2165162,22.698043401100954
2166163,0.0
2167164,0.0
2168165,0.0
2169166,17.543884521270204
2170167,0.0
2171168,0.0
2172169,0.0
2173170,0.0
2174171,0.0
2175172,0.0
2176173,0.0
2177174,0.0
2178175,0.0
2179176,0.0
2180177,0.0
2181178,0.0
2182179,0.0
2183180,0.0
2184181,0.0
2185182,0.0
2186183,0.0
2187184,0.0
2188185,10.578691961426577
2189186,0.0
2190187,27.813668229779285
2191188,0.0
2192189,0.0
2193190,40.039821748878154
2194191,0.0
2195192,0.0
2196193,0.0
2197194,19.098587051432077
2198195,0.0
2199196,0.0
2200197,0.0
2201198,20.368350337023816
2202199,115.15402882756382
2203200,0.0
2204201,0.0
2205202,0.0
2206203,10.49921784509239
2207204,0.0
2208205,0.0
2209206,0.0
2210207,0.0
2211208,0.0
2212209,0.0
2213210,0.0
2214211,0.0
2215212,0.0
2216213,0.0
2217214,0.0
2218215,0.0
2219216,15.272353652989661
2220217,23.48273260099283
2221218,0.0
2222219,0.0
2223220,0.0
2224221,0.0
2225222,0.0
2226223,13.166738904120548
2227224,0.0
2228225,0.0
2229226,8.30849639920892
2230227,0.0
2231228,0.0
2232229,6.2712901777315
2233230,22.20436556950735
2234231,40.4094934257097
2235232,0.0
2236233,0.0
2237234,0.0
2238235,0.0
2239236,0.0
2240237,0.0
2241238,5.354166383645408
2242239,0.0
2243240,0.0
2244241,17.7343181573742
2245242,0.0
2246243,0.0
2247244,0.0
2248245,0.0
2249246,0.0
2250247,17.916709663002575
2251248,24.575702885348793
2252249,0.0
2253250,0.0
2254251,0.0
2255252,0.0
2256253,0.0
2257254,0.0
2258255,0.0
2259256,0.0
2260257,0.0
2261258,0.0
2262259,12.894231377673355
2263260,0.0
2264261,0.0
2265262,15.65086565487601
2266263,10.196229743865803
2267264,0.0
2268265,0.0
2269266,0.0
2270267,0.0
2271268,0.0
2272269,23.483707771251716
2273270,0.0
2274271,0.0
2275272,0.0
2276273,0.0
2277274,0.0
2278275,0.0
2279276,0.0
2280277,0.0
2281278,0.8770934389179705
2282279,33.589574067219665
2283280,0.0
2284281,0.0
2285282,0.0
2286283,14.455937371088076
2287284,27.773814792621547
2288285,0.0
2289286,0.0
2290287,0.0
2291288,0.0
2292289,0.0
2293290,4.459064568545811
2294291,0.0
2295292,0.0
2296293,0.0
2297294,0.0
2298295,0.0
2299296,0.0
2300297,0.0
2301298,0.0
2302299,36.51696020618044
2303300,0.0
2304301,0.0
2305302,0.0
2306303,0.0
2307304,0.0
2308305,12.403264395855095
2309306,0.0
2310307,0.0
2311308,12.51720770151109
2312309,113.0034379804959
2313310,0.0
2314311,0.0
2315312,0.0
2316313,0.0
2317314,0.0
2318315,0.0
2319316,0.0
2320317,0.0
2321318,0.0
2322319,0.0
2323320,0.0
2324321,0.0
2325322,0.0
2326323,0.0
2327324,0.0
2328325,7.973969034768264
2329326,5.337822868628287
2330327,18.42769666176968
2331328,0.0
2332329,0.0
2333330,0.0
2334331,0.0
2335332,8.899526285536108
2336333,23.415461625459024
2337334,0.0
2338335,0.0
2339336,0.0
2340337,24.210203961307357
2341338,0.0
2342339,0.0
2343340,0.0
2344341,0.0
2345342,0.0
2346343,8.913581291859522
2347344,0.0
2348345,32.84147551868554
2349346,0.0
2350347,0.0
2351348,22.24702688224484
2352349,0.0
2353350,0.0
2354351,0.0
2355352,0.0
2356353,0.0
2357354,0.0
2358355,0.0
2359356,0.0
2360357,0.0
2361358,0.0
2362359,0.0
2363360,0.0
2364361,0.0
2365362,0.0
2366363,0.0
2367364,0.0
2368365,0.0
2369366,48.43706006108088
2370367,0.0
2371368,8.736769775448556
2372369,0.0
2373370,0.0
2374371,0.0
2375372,0.0
2376373,0.0
2377374,21.62424594277613
2378375,0.0
2379376,0.0
2380377,0.0
2381378,0.0
2382379,0.0
2383380,0.0
2384381,0.0
2385382,0.0
2386383,0.0
2387384,0.0
2388385,0.0
2389386,0.0
2390387,17.99926826688433
2391388,0.0
2392389,0.0
2393390,0.0
2394391,0.0
2395392,22.783467615852004
2396393,0.0
2397394,24.4986488220283
2398395,0.0
2399396,0.0
2400397,0.0
2401398,0.0
2402399,0.0
2403400,0.0
2404401,19.56759991798977
2405402,0.0
2406403,65.33696225177755
2407404,0.0
2408405,8.172752400637028
2409406,0.0
2410407,33.46992521361573
2411408,0.0
2412409,0.0
2413410,0.0
2414411,0.0
2415412,0.0
2416413,0.0
2417414,0.0
2418415,0.0
2419416,41.48748632763883
2420417,0.0
2421418,0.0
2422419,0.0
2423420,0.0
2424421,0.0
2425422,0.0
2426423,0.0
2427424,0.0
2428425,0.0
2429426,0.0
2430427,33.10069668191546
2431428,14.465857363352539
2432429,0.0
2433430,0.0
2434431,0.0
2435432,0.0
2436433,11.177400883514181
2437434,35.47268555511716
2438435,0.0
2439436,0.0
2440437,0.0
2441438,0.0
2442439,0.0
2443440,6.475583908915177
2444441,0.0
2445442,0.0
2446443,0.0
2447444,11.821882224800113
2448445,0.0
2449446,0.0
2450447,0.0
2451448,0.0
2452449,0.0
2453450,0.0
2454451,0.0
2455452,0.0
2456453,0.0
2457454,0.0
2458455,0.0
2459456,0.0
2460457,0.0
2461458,0.0
2462459,0.0
2463460,0.0
2464461,0.0
2465462,0.0
2466463,0.0
2467464,17.576320994611812
2468465,10.835631814452793
2469466,0.0
2470467,0.0
2471468,0.0
2472469,0.0
2473470,0.0
2474471,0.0
2475472,41.685288949061984
2476473,0.0
2477474,8.892559117219466
2478475,15.063857213277313
2479476,11.630147974911178
2480477,0.0
2481478,0.0
2482479,0.0
2483480,18.86539526871814
2484481,0.0
2485482,0.0
2486483,39.077504548731284
2487484,38.38033959731376
2488485,0.0
2489486,33.16385809255696
2490487,0.0
2491488,0.0
2492489,0.0
2493490,0.0
2494491,12.94213130539255
2495492,0.0
2496493,0.0
2497494,0.0
2498495,0.0
2499496,14.251140334791817
2500497,13.880366334754466
2501498,16.292680213624497
2502499,0.0
2503500,0.0
2504501,24.003456795566176
2505502,8.244729172771335
2506503,0.0
2507504,36.85347328347278
2508505,0.0
2509506,6.193382068805766
2510507,0.0
2511508,10.190524979891672
2512509,0.0
2513510,0.0
2514511,47.97477979935777
2515512,3.791296713560588
2516513,0.0
2517514,35.225597237668
2518515,0.0
2519516,0.0
2520517,0.0
2521518,0.0
2522519,0.0
2523520,0.0
2524521,0.0
2525522,21.310552804153463
2526523,0.0
2527524,18.47337785995173
2528525,0.0
2529526,0.0
2530527,0.0
2531528,87.43309904018838
2532529,0.0
2533530,14.40009539046075
2534531,0.0
2535532,12.284463273998462
2536533,22.63600014220104
2537534,17.955566312349898
2538535,0.0
2539536,0.0
2540537,0.0
2541538,0.0
2542539,0.0
2543540,0.0
2544541,0.0
2545542,17.355133014097138
2546543,30.463684293386688
2547544,0.0
2548545,0.0
2549546,0.0
2550547,16.717936194626517
2551548,20.91231010448027
2552549,0.0
2553550,0.0
2554551,7.26409645394861
2555552,0.0
2556553,17.16438852543685
2557554,0.0
2558555,67.3528463606791
2559556,0.0
2560557,0.0
2561558,20.53980922214381
2562559,0.0
2563560,16.076500014851714
2564561,0.0
2565562,0.0
2566563,0.0
2567564,0.0
2568565,0.0
2569566,0.0
2570567,0.0
2571568,0.0
2572569,0.0
2573570,0.0
2574571,0.0
2575572,0.0
2576573,0.0
2577574,0.0
2578575,0.0
2579576,0.0
2580577,14.137411380832825
2581578,0.0
2582579,0.0
2583580,0.0
2584581,27.226695412071855
2585582,0.0
2586583,0.0
2587584,0.0
2588585,9.193065836647065
2589586,0.0
2590587,0.0
2591588,0.0
2592589,26.002826016920867
2593590,0.0
2594591,0.0
2595592,0.0
2596593,31.05446045150294
2597594,3.6904059082537604
2598595,0.0
2599596,0.0
2600597,0.0
2601598,0.0
2602599,0.0
2603600,0.0
2604601,0.0
2605602,17.225924777730278
2606603,0.0
2607604,0.0
2608605,0.0
2609606,20.781709254442177
2610607,0.0
2611608,7.354287612543302
2612609,0.0
2613610,18.482225661440868
2614611,0.0
2615612,0.0
2616613,0.0
2617614,0.0
2618615,0.0
2619616,0.0
2620617,0.0
2621618,0.0
2622619,0.0
2623620,0.0
2624621,9.249830428181347
2625622,0.0
2626623,0.0
2627624,0.0
2628625,0.0
2629626,0.0
2630627,0.0
2631628,0.0
2632629,0.0
2633630,0.0
2634631,0.0
2635632,0.0
2636633,20.003402706502204
2637634,35.311453177819736
2638635,0.0
2639636,0.0
2640637,0.0
2641638,0.0
2642639,0.0
2643640,0.0
2644641,0.0
2645642,0.0
2646643,0.0
2647644,23.811687515779933
2648645,0.0
2649646,113.04157682247919
2650647,0.0
2651648,18.309585047080827
2652649,4.44177575814106
2653650,0.0
2654651,0.0
2655652,0.0
2656653,0.0
2657654,47.74244342351912
2658655,8.36242407545743
2659656,0.0
2660657,0.0
2661658,0.0
2662659,0.0
2663660,0.0
2664661,14.635042612969645
2665662,8.303513287915916
2666663,0.0
2667664,0.0
2668665,2.676398146548023
2669666,0.0
2670667,0.0
2671668,15.139456761325986
2672669,0.0
2673670,0.0
2674671,0.0
2675672,0.0
2676673,0.0
2677674,0.0
2678675,0.0
2679676,0.0
2680677,0.0
2681678,12.53700870290794
2682679,21.018099393873754
2683680,0.0
2684681,0.0
2685682,0.0
2686683,0.0
2687684,21.967033998063968
2688685,0.0
2689686,0.0
2690687,13.82375705248727
2691688,0.0
2692689,0.0
2693690,0.0
2694691,0.0
2695692,0.0
2696693,0.0
2697694,0.0
2698695,24.442516648485753
2699696,0.0
2700697,0.0
2701698,11.937628484110453
2702699,14.371799300202547
2703700,3.707307067663093
2704701,26.629197807722054
2705702,0.0
2706703,7.835052667201025
2707704,0.0
2708705,0.0
2709706,0.0
2710707,0.0
2711708,0.0
2712709,44.312032263635615
2713710,0.0
2714711,42.13531889842281
2715712,0.0
2716713,37.244363127881456
2717714,0.0
2718715,0.0
2719716,0.0
2720717,0.0
2721718,0.0
2722719,0.0
2723720,23.84826872911225
2724721,0.0
2725722,8.31920748593931
2726723,15.11749031537938
2727724,0.0
2728725,0.0
2729726,0.0
2730727,14.306226912623144
2731728,0.0
2732729,0.0
2733730,14.186156910934923
2734731,0.0
2735732,43.03938813893379
2736733,0.0
2737734,0.0
2738735,0.0
2739736,6.326250236766202
2740737,0.0
2741738,0.0
2742739,0.0
2743740,0.0
2744741,0.0
2745742,0.0
2746743,0.0
2747744,0.0
2748745,0.0
2749746,11.497136616512316
2750747,0.0
2751748,0.0
2752749,0.0
2753750,0.0
2754751,0.0
2755752,0.0
2756753,0.0
2757754,33.704833493135666
2758755,13.346402799015213
2759756,0.0
2760757,0.0
2761758,0.0
2762759,51.531757590008354
2763760,0.0
2764761,19.690112309436024
2765762,0.0
2766763,0.0
2767764,0.0
2768765,0.0
2769766,0.0
2770767,12.459083013543884
2771768,0.0
2772769,0.0
2773770,0.0
2774771,0.0
2775772,36.648756729035334
2776773,0.0
2777774,0.0
2778775,25.897963919212735
2779776,0.0
2780777,0.0
2781778,0.0
2782779,15.25118371123836
2783780,19.855999860009987
2784781,0.0
2785782,0.0
2786783,0.0
2787784,14.381947999887455
2788785,14.768314871868277
2789786,12.514425138714554
2790787,0.0
2791788,0.0
2792789,0.0
2793790,0.0
2794791,16.13897016529524
2795792,0.0
2796793,0.0
2797794,0.0
2798795,0.0
2799796,36.771502229476575
2800797,24.42984741850624
2801798,0.0
2802799,0.0
2803800,0.0
2804801,0.0
2805802,0.0
2806803,0.0
2807804,44.00818011477326
2808805,0.0
2809806,0.0
2810807,4.464845325132245
2811808,16.00986838881819
2812809,0.0
2813810,0.0
2814811,32.188735689832264
2815812,0.0
2816813,0.0
2817814,13.715729961371185
2818815,0.0
2819816,0.0
2820817,24.178009644733375
2821818,0.0
2822819,0.0
2823820,0.0
2824821,0.0
2825822,0.0
2826823,0.0
2827824,0.0
2828825,59.72617447332852
2829826,0.0
2830827,0.0
2831828,0.0
2832829,0.0
2833830,0.0
2834831,0.0
2835832,0.0
2836833,12.846082132269812
2837834,0.0
2838835,0.0
2839836,0.0
2840837,0.0
2841838,9.134325216802774
2842839,0.0
2843840,0.0
2844841,5.397815229832228
2845842,0.0
2846843,17.207647263363302
2847844,0.0
2848845,0.0
2849846,0.0
2850847,15.027039634340264
2851848,0.0
2852849,0.0
2853850,11.821344246126312
2854851,0.0
2855852,17.14212912389317
2856853,0.0
2857854,0.0
2858855,0.0
2859856,0.0
2860857,13.329453957397293
2861858,0.0
2862859,0.0
2863860,0.0
2864861,16.619957337665156
2865862,0.0
2866863,0.0
2867864,0.0
2868865,0.0
2869866,0.0
2870867,0.0
2871868,19.045271619566858
2872869,0.0
2873870,0.0
2874871,16.321027624949277
2875872,0.0
2876873,0.0
2877874,0.0
2878875,0.0
2879876,0.0
2880877,0.0
2881878,0.0
2882879,14.07852203113237
2883880,0.0
2884881,7.884303087466512
2885882,52.1707280861751
2886883,8.971517693954212
2887884,0.0
2888885,23.12679057965223
2889886,38.23125523325461
2890887,0.0
2891888,0.0
2892889,0.0
2893890,0.0
2894891,0.0
2895892,2.656307793397964
2896893,0.0
2897894,0.0
2898895,0.0
2899896,0.0
2900897,0.0
2901898,0.0
2902899,28.80142855319305
2903900,0.0
2904901,0.0
2905902,0.0
2906903,41.61159216314259
2907904,4.566276065604091
2908905,0.0
2909906,0.9099713068427487
2910907,16.417901734454986
2911908,0.0
2912909,0.0
2913910,32.71923507711962
2914911,2.730724221663571
2915912,16.211036946199265
2916913,0.0
2917914,28.806268614543335
2918915,0.0
2919916,70.81768132195947
2920917,0.0
2921918,0.0
2922919,0.0
2923920,0.0
2924921,0.0
2925922,0.0
2926923,0.0
2927924,12.546279616694772
2928925,12.014225063836085
2929926,0.0
2930927,29.082440067309847
2931928,0.0
2932929,23.0018076584582
2933930,0.0
2934931,0.0
2935932,0.0
2936933,0.0
2937934,36.25642642700461
2938935,0.0
2939936,16.46972939039463
2940937,14.44716826460369
2941938,10.936321737044219
2942939,0.0
2943940,6.253396334130932
2944941,0.0
2945942,0.0
2946943,0.0
2947944,0.0
2948945,0.0
2949946,7.2515859577210255
2950947,0.0
2951948,0.0
2952949,63.86032381923553
2953950,0.0
2954951,0.0
2955952,0.0
2956953,9.94330419713024
2957954,0.0
2958955,0.0
2959956,0.0
2960957,0.0
2961958,0.0
2962959,16.298705150746034
2963960,0.0
2964961,0.0
2965962,0.0
2966963,0.0
2967964,0.0
2968965,10.214029827101962
2969966,0.0
2970967,0.0
2971968,0.0
2972969,19.368024068368427
2973970,8.126217766080606
2974971,0.0
2975972,0.0
2976973,0.0
2977974,0.0
2978975,0.0
2979976,0.0
2980977,16.209178783673558
2981978,0.0
2982979,0.0
2983980,18.054231820713454
2984981,0.0
2985982,2.7775576077601647
2986983,0.0
2987984,8.198487215535819
2988985,10.313341517394718
2989986,0.0
2990987,0.0
2991988,9.121259276489639
2992989,3.8009404934369218
2993990,0.0
2994991,13.39244472370125
2995992,14.80701563884001
2996993,0.0
2997994,0.0
2998995,0.0
2999996,0.0
3000997,0.0
3001998,0.0
3002999,0.0
3004000,0.0
3005001,0.0
3006002,66.15523823726623
3007003,0.0
3008004,27.386644062409278
3009005,19.8136931527516
3010006,0.0
3011007,29.032690227477776
3012008,0.0
3013009,0.0
3014010,0.0
3015011,0.0
3016012,0.0
3017013,0.0
3018014,18.329924224988442
3019015,0.0
3020016,0.0
3021017,7.892291278813761
3022018,0.0
3023019,0.0
3024020,0.0
3025021,109.19751340857171
3026022,0.0
3027023,0.0
3028024,0.0
3029025,0.0
3030026,6.3682300356498756
3031027,43.387982217958125
3032028,0.0
3033029,0.0
3034030,0.0
3035031,0.0
3036032,0.0
3037033,0.0
3038034,0.0
3039035,96.83651270846678
3040036,0.0
3041037,0.0
3042038,0.0
3043039,0.0
3044040,6.310945857907521
3045041,0.0
3046042,0.0
3047043,0.0
3048044,0.0
3049045,0.0
3050046,0.0
3051047,0.0
3052048,0.0
3053049,49.83689153409132
3054050,0.0
3055051,0.0
3056052,0.0
3057053,0.0
3058054,23.881061247448898
3059055,11.033084946946131
3060056,0.0
3061057,0.0
3062058,0.0
3063059,16.976153926225273
3064060,0.0
3065061,0.0
3066062,0.0
3067063,0.0
3068064,111.47295893662422
3069065,0.0
3070066,0.0
3071067,0.0
3072068,0.0
3073069,0.0
3074070,15.964502383370442
3075071,0.0
3076072,0.0
3077073,0.0
3078074,17.777579626709123
3079075,0.0
3080076,13.120806553777248
3081077,0.0
3082078,0.0
3083079,0.0
3084080,0.0
3085081,0.0
3086082,0.0
3087083,0.0
3088084,0.0
3089085,0.0
3090086,0.0
3091087,0.0
3092088,0.0
3093089,14.086982000807815
3094090,0.0
3095091,19.93019108858179
3096092,0.0
3097093,0.0
3098094,0.0
3099095,0.0
3100096,0.0
3101097,13.667239568958504
3102098,0.0
3103099,0.0
3104100,0.0
3105101,0.0
3106102,0.0
3107103,0.0
3108104,0.0
3109105,7.179918255029758
3110106,33.86515182070211
3111107,0.0
3112108,0.0
3113109,19.932141638185765
3114110,17.43693927420395
3115111,0.0
3116112,0.0
3117113,0.0
3118114,122.31302972471926
3119115,0.0
3120116,0.0
3121117,0.0
3122118,20.66804335248058
3123119,19.405190221286535
3124120,19.035501872457836
3125121,0.0
3126122,2.844327360846219
3127123,0.0
3128124,0.0
3129125,47.69653445932455
3130126,25.802230636709318
3131127,6.429706346689989
3132128,12.891665254464824
3133129,0.0
3134130,0.0
3135131,0.0
3136132,0.0
3137133,53.54790860400498
3138134,0.0
3139135,0.0
3140136,0.0
3141137,0.0
3142138,31.761636897637715
3143139,0.0
3144140,114.02022169193098
3145141,0.0
3146142,0.0
3147143,0.0
3148144,0.0
3149145,0.0
3150146,0.0
3151147,0.0
3152148,3.5460519237198667
3153149,0.0
3154150,7.278076479913875
3155151,6.519043304536284
3156152,0.0
3157153,0.0
3158154,37.74712050854673
3159155,36.49542199643753
3160156,0.0
3161157,0.0
3162158,0.0
3163159,0.0
3164160,0.0
3165161,0.0
3166162,0.0
3167163,0.0
3168164,21.20691773015128
3169165,0.0
3170166,0.0
3171167,0.0
3172168,38.49793815392065
3173169,11.56713631751154
3174170,9.821205383190161
3175171,35.499715611519264
3176172,0.0
3177173,0.0
3178174,19.71356872653444
3179175,18.156256777342087
3180176,0.0
3181177,8.224116592215651
3182178,0.0
3183179,0.0
3184180,0.0
3185181,0.0
3186182,0.0
3187183,0.0
3188184,0.0
3189185,0.0
3190186,25.824935067625933
3191187,0.0
3192188,0.0
3193189,0.0
3194190,0.0
3195191,0.0
3196192,0.0
3197193,7.2569124700869745
3198194,0.0
3199195,0.0
3200196,0.0
3201197,0.0
3202198,0.0
3203199,17.556536360263035
3204200,0.0
3205201,17.326296074834158
3206202,0.0
3207203,31.086257252931166
3208204,0.0
3209205,0.0
3210206,11.99422755803597
3211207,0.0
3212208,0.0
3213209,0.0
3214210,0.0
3215211,0.0
3216212,0.0
3217213,0.0
3218214,0.0
3219215,0.0
3220216,20.731213760598827
3221217,0.0
3222218,0.0
3223219,0.0
3224220,13.736142400368658
3225221,47.37789014313102
3226222,0.0
3227223,0.0
3228224,0.0
3229225,0.0
3230226,0.0
3231227,0.0
3232228,0.0
3233229,0.0
3234230,0.0
3235231,0.0
3236232,29.847855686574032
3237233,0.0
3238234,0.0
3239235,14.432578693189155
3240236,0.0
3241237,1.8572684948727498
3242238,0.0
3243239,6.380577704316997
3244240,0.0
3245241,0.0
3246242,0.0
3247243,0.0
3248244,45.63721178437272
3249245,0.0
3250246,0.0
3251247,0.0
3252248,0.0
3253249,0.0
3254250,0.0
3255251,38.1716828350895
3256252,20.215648609410856
3257253,0.0
3258254,0.0
3259255,0.0
3260256,0.0
3261257,0.0
3262258,0.0
3263259,0.0
3264260,0.0
3265261,0.0
3266262,0.0
3267263,0.0
3268264,0.0
3269265,18.982346030825777
3270266,0.0
3271267,0.0
3272268,15.963522817450075
3273269,0.0
3274270,0.0
3275271,0.0
3276272,0.0
3277273,0.0
3278274,0.0
3279275,43.89234740504244
3280276,0.0
3281277,14.230565987633547
3282278,0.0
3283279,61.92103492239749
3284280,0.0
3285281,0.0
3286282,0.0
3287283,0.0
3288284,0.0
3289285,0.9670955827607678
3290286,23.509234644279005
3291287,0.0
3292288,57.778592033303894
3293289,0.0
3294290,0.0
3295291,0.0
3296292,0.0
3297293,0.0
3298294,9.217922497767367
3299295,0.0
3300296,0.0
3301297,0.0
3302298,0.0
3303299,0.0
3304300,0.0
3305301,0.0
3306302,13.300384819738236
3307303,2.733457115042982
3308304,15.556147300461152
3309305,21.140704431533486
3310306,17.638451195976607
3311307,0.0
3312308,0.0
3313309,0.0
3314310,0.0
3315311,0.0
3316312,0.0
3317313,35.88096209843464
3318314,0.0
3319315,43.86004482237686
3320316,7.426276783023865
3321317,0.0
3322318,0.0
3323319,24.9195869548246
3324320,0.0
3325321,60.979305218817906
3326322,11.795314827623656
3327323,0.0
3328324,0.0
3329325,0.0
3330326,0.0
3331327,0.0
3332328,0.0
3333329,18.044670901991687
3334330,0.0
3335331,0.0
3336332,46.324784154237875
3337333,0.0
3338334,0.0
3339335,0.0
3340336,11.56572701742741
3341337,19.995647083871987
3342338,0.0
3343339,0.0
3344340,0.8712497441773207
3345341,0.0
3346342,2.7889078766794073
3347343,0.0
3348344,0.0
3349345,13.296373604630299
3350346,44.53582321309817
3351347,14.463621399516267
3352348,16.010334771328047
3353349,0.0
3354350,0.0
3355351,0.0
3356352,0.0
3357353,15.509778989698614
3358354,0.0
3359355,20.227627654220864
3360356,0.0
3361357,0.0
3362358,0.0
3363359,0.0
3364360,0.0
3365361,0.0
3366362,19.507006889357104
3367363,0.0
3368364,41.27660108913893
3369365,0.0
3370366,0.0
3371367,0.0
3372368,48.98388069785411
3373369,0.0
3374370,0.0
3375371,0.0
3376372,0.0
3377373,0.0
3378374,0.0
3379375,0.0
3380376,0.0
3381377,0.0
3382378,0.0
3383379,0.0
3384380,5.248821571744609
3385381,0.0
3386382,24.66678109101664
3387383,0.0
3388384,0.0
3389385,11.245589273808013
3390386,33.650654773297525
3391387,0.0
3392388,0.0
3393389,0.0
3394390,0.0
3395391,0.9369712334977814
3396392,0.0
3397393,0.0
3398394,0.0
3399395,10.965498532420286
3400396,0.0
3401397,0.0
3402398,0.0
3403399,0.0
3404400,8.330278401399308
3405401,0.0
3406402,13.528926018718032
3407403,0.0
3408404,11.364036956410224
3409405,13.621345864943521
3410406,21.57556071554385
3411407,0.0
3412408,0.0
3413409,0.0
3414410,0.0
3415411,12.242721460420258
3416412,0.0
3417413,31.811637418295618
3418414,0.0
3419415,0.0
3420416,0.0
3421417,0.0
3422418,34.808726702013004
3423419,0.9482940923459514
3424420,0.0
3425421,0.0
3426422,0.0
3427423,0.0
3428424,0.0
3429425,0.0
3430426,0.0
3431427,35.941943240650275
3432428,0.0
3433429,0.0
3434430,4.542265583244696
3435431,19.715691439104887
3436432,12.067865696761087
3437433,0.0
3438434,0.0
3439435,0.0
3440436,0.0
3441437,0.0
3442438,5.395658136986787
3443439,0.0
3444440,0.0
3445441,0.0
3446442,35.37519546343248
3447443,10.031900257324853
3448444,0.0
3449445,0.0
3450446,0.0
3451447,0.0
3452448,0.0
3453449,0.0
3454450,0.0
3455451,0.0
3456452,0.0
3457453,37.64650961345127
3458454,0.0
3459455,0.0
3460456,0.0
3461457,0.0
3462458,14.207391441432568
3463459,0.0
3464460,0.0
3465461,0.0
3466462,2.684828672321564
3467463,29.953596922077157
3468464,0.0
3469465,0.0
3470466,0.0
3471467,0.0
3472468,0.0
3473469,0.0
3474470,0.0
3475471,0.0
3476472,0.0
3477473,0.0
3478474,68.05338003527146
3479475,9.043030226218471
3480476,22.830192503142015
3481477,20.03503408582925
3482478,0.0
3483479,0.0
3484480,0.0
3485481,12.768072822641628
3486482,0.0
3487483,0.0
3488484,0.0
3489485,0.0
3490486,0.0
3491487,0.0
3492488,33.03681381268853
3493489,16.87505721545625
3494490,0.0
3495491,7.404537277963135
3496492,10.199649212072476
3497493,25.80808169172798
3498494,0.0
3499495,0.0
3500496,0.0
3501497,0.0
3502498,0.0
3503499,25.69250875615726
3504500,0.0
3505501,0.0
3506502,0.0
3507503,0.0
3508504,0.0
3509505,0.0
3510506,7.5589656098672
3511507,5.403499554957274
3512508,0.0
3513509,0.0
3514510,0.0
3515511,0.0
3516512,0.0
3517513,0.0
3518514,31.429523875860806
3519515,39.979992660067914
3520516,15.638479148221704
3521517,0.0
3522518,0.0
3523519,0.0
3524520,0.0
3525521,38.21147008148336
3526522,17.57540720449788
3527523,0.0
3528524,0.0
3529525,0.0
3530526,0.0
3531527,0.0
3532528,21.68678208739447
3533529,0.0
3534530,0.0
3535531,52.84035763069726
3536532,0.0
3537533,40.99149410188103
3538534,0.0
3539535,0.0
3540536,0.0
3541537,0.0
3542538,0.0
3543539,0.0
3544540,0.0
3545541,0.0
3546542,16.10391223447631
3547543,0.0
3548544,3.580902720964904
3549545,14.42756754711859
3550546,20.65808179359335
3551547,9.139114016737171
3552548,0.0
3553549,8.896401810716885
3554550,13.977811252153776
3555551,0.0
3556552,0.0
3557553,0.0
3558554,0.0
3559555,29.633916851007214
3560556,0.0
3561557,10.152112270107612
3562558,0.0
3563559,0.0
3564560,46.268546067266364
3565561,26.048968395339354
3566562,34.28871946415991
3567563,0.0
3568564,0.0
3569565,0.0
3570566,0.0
3571567,15.950220101376857
3572568,0.0
3573569,0.0
3574570,0.0
3575571,0.0
3576572,0.0
3577573,13.359175358528438
3578574,0.0
3579575,0.0
3580576,5.584810122800065
3581577,20.295589546059272
3582578,0.0
3583579,8.246213892362737
3584580,0.0
3585581,0.0
3586582,0.0
3587583,0.0
3588584,0.0
3589585,0.0
3590586,12.137038042767468
3591587,0.0
3592588,0.0
3593589,8.324461982422777
3594590,0.0
3595591,0.0
3596592,65.04228197165966
3597593,0.0
3598594,0.0
3599595,0.0
3600596,0.0
3601597,0.0
3602598,0.0
3603599,0.0
3604600,22.964264536392484
3605601,0.0
3606602,0.0
3607603,54.1699944800851
3608604,9.204214623420908
3609605,9.687809869841407
3610606,0.0
3611607,0.0
3612608,0.0
3613609,0.0
3614610,0.0
3615611,0.0
3616612,0.0
3617613,18.50949055632806
3618614,0.0
3619615,0.0
3620616,0.0
3621617,0.0
3622618,0.0
3623619,0.0
3624620,36.510016192100906
3625621,0.0
3626622,22.93064492419328
3627623,0.0
3628624,0.0
3629625,0.0
3630626,0.0
3631627,13.58064643745871
3632628,0.0
3633629,11.369762098245136
3634630,0.0
3635631,55.28694885615832
3636632,15.145301406330555
3637633,0.0
3638634,0.0
3639635,0.0
3640636,0.0
3641637,0.0
3642638,17.51061013140287
3643639,6.565348587440983
3644640,0.0
3645641,0.0
3646642,0.0
3647643,0.0
3648644,0.0
3649645,0.0
3650646,0.0
3651647,10.22880872218115
3652648,0.0
3653649,0.0
3654650,0.0
3655651,0.0
3656652,0.0
3657653,0.0
3658654,0.0
3659655,0.0
3660656,27.908024607933193
3661657,0.0
3662658,0.0
3663659,18.381362256770355
3664660,8.44776229088928
3665661,0.0
3666662,4.7081440264177035
3667663,0.0
3668664,0.0
3669665,0.0
3670666,0.0
3671667,0.0
3672668,23.55443874053114
3673669,30.37863299493516
3674670,0.0
3675671,0.0
3676672,0.0
3677673,0.0
3678674,13.579570471509616
3679675,1.8067932269585676
3680676,0.0
3681677,0.0
3682678,0.0
3683679,15.255463796270316
3684680,0.0
3685681,0.0
3686682,0.0
3687683,20.56611498065707
3688684,7.336361498121211
3689685,14.567020742942175
3690686,36.579353402318134
3691687,0.0
3692688,0.0
3693689,0.0
3694690,0.0
3695691,43.623658175542396
3696692,10.338945411427492
3697693,0.0
3698694,0.0
3699695,0.0
3700696,0.0
3701697,0.0
3702698,0.0
3703699,0.0
3704700,0.0
3705701,0.0
3706702,36.28120340719242
3707703,0.0
3708704,0.0
3709705,0.0
3710706,0.0
3711707,0.0
3712708,0.0
3713709,0.0
3714710,19.60330577100991
3715711,21.519305774227405
3716712,9.993271457634354
3717713,0.0
3718714,0.0
3719715,59.72471492196252
3720716,0.0
3721717,23.728868365838547
3722718,9.774482286900444
3723719,0.0
3724720,0.0
3725721,0.0
3726722,0.0
3727723,12.488947550304571
3728724,0.0
3729725,0.0
3730726,0.0
3731727,0.0
3732728,0.0
3733729,0.0
3734730,0.0
3735731,0.0
3736732,15.291264091898793
3737733,0.0
3738734,0.0
3739735,0.0
3740736,0.0
3741737,23.893210504635544
3742738,0.0
3743739,0.0
3744740,0.0
3745741,57.42910551192679
3746742,0.0
3747743,0.0
3748744,0.0
3749745,17.196139336687843
3750746,12.79779667654612
3751747,0.0
3752748,0.0
3753749,0.0
3754750,0.0
3755751,18.247636060333566
3756752,0.0
3757753,0.0
3758754,0.0
3759755,6.510245433667491
3760756,0.0
3761757,0.0
3762758,0.0
3763759,41.626247231671115
3764760,0.0
3765761,0.0
3766762,11.952184120248933
3767763,0.0
3768764,0.0
3769765,0.0
3770766,0.0
3771767,0.0
3772768,0.0
3773769,16.42417244792965
3774770,0.0
3775771,0.0
3776772,0.0
3777773,0.0
3778774,0.0
3779775,25.87029243732961
3780776,0.0
3781777,0.0
3782778,0.0
3783779,0.0
3784780,0.0
3785781,0.0
3786782,51.39209757517398
3787783,0.0
3788784,0.0
3789785,9.191461374030148
3790786,0.0
3791787,0.0
3792788,0.0
3793789,0.0
3794790,0.0
3795791,0.0
3796792,0.0
3797793,0.0
3798794,0.0
3799795,0.0
3800796,23.994924908243956
3801797,26.27315360449971
3802798,0.0
3803799,0.0
3804800,13.72903781377914
3805801,21.92861417420294
3806802,0.0
3807803,0.0
3808804,0.0
3809805,0.0
3810806,0.0
3811807,0.0
3812808,35.996311335317856
3813809,0.0
3814810,0.0
3815811,0.0
3816812,0.0
3817813,0.0
3818814,0.0
3819815,0.0
3820816,0.0
3821817,0.0
3822818,0.0
3823819,0.0
3824820,11.374064627611643
3825821,0.0
3826822,0.0
3827823,15.661901474963761
3828824,0.0
3829825,23.00143724366588
3830826,2.6394208949925737
3831827,0.0
3832828,0.0
3833829,10.226211042441323
3834830,0.0
3835831,0.0
3836832,0.0
3837833,0.0
3838834,0.0
3839835,0.0
3840836,11.706328495963087
3841837,113.43482631696781
3842838,15.561466146779527
3843839,0.0
3844840,0.0
3845841,0.0
3846842,0.0
3847843,45.27570778493216
3848844,20.707524100064497
3849845,10.026186802933944
3850846,13.336748522827092
3851847,0.0
3852848,0.0
3853849,0.0
3854850,25.070121870281273
3855851,0.0
3856852,55.89557744368992
3857853,0.0
3858854,0.0
3859855,0.0
3860856,0.0
3861857,0.0
3862858,11.219284634270707
3863859,0.0
3864860,0.0
3865861,0.0
3866862,30.785762424288855
3867863,0.0
3868864,0.0
3869865,0.0
3870866,12.403858182904338
3871867,0.0
3872868,14.763580296588879
3873869,0.0
3874870,74.64899870952839
3875871,0.0
3876872,24.224180781756942
3877873,0.0
3878874,0.0
3879875,0.0
3880876,0.0
3881877,48.39684492839164
3882878,0.0
3883879,0.0
3884880,0.0
3885881,0.0
3886882,0.0
3887883,0.0
3888884,0.0
3889885,0.0
3890886,0.0
3891887,2.593073179182573
3892888,0.0
3893889,0.0
3894890,0.0
3895891,0.0
3896892,0.0
3897893,0.0
3898894,0.0
3899895,0.0
3900896,11.24455301681765
3901897,0.0
3902898,0.0
3903899,23.990425429876844
3904900,0.0
3905901,0.0
3906902,0.0
3907903,5.42051438686944
3908904,0.0
3909905,0.0
3910906,0.0
3911907,17.207499233774403
3912908,0.0
3913909,0.0
3914910,10.337221402930783
3915911,0.0
3916912,0.0
3917913,0.0
3918914,0.0
3919915,17.13834532899179
3920916,0.0
3921917,0.0
3922918,0.0
3923919,0.0
3924920,0.0
3925921,0.0
3926922,7.512692291111719
3927923,0.0
3928924,31.439418742135068
3929925,11.228279633040609
3930926,0.0
3931927,0.0
3932928,0.0
3933929,0.0
3934930,14.647151974337849
3935931,0.0
3936932,27.27839358722941
3937933,0.0
3938934,0.0
3939935,0.0
3940936,0.0
3941937,0.0
3942938,0.0
3943939,0.0
3944940,13.687081481615568
3945941,0.0
3946942,0.0
3947943,0.0
3948944,0.0
3949945,17.71448169288338
3950946,0.0
3951947,0.0
3952948,0.0
3953949,0.0
3954950,0.0
3955951,0.0
3956952,0.0
3957953,0.0
3958954,0.0
3959955,0.0
3960956,0.0
3961957,11.246890609575171
3962958,11.457266693434288
3963959,0.0
3964960,0.0
3965961,0.0
3966962,0.0
3967963,7.565430653100506
3968964,0.0
3969965,0.0
3970966,0.0
3971967,0.0
3972968,0.0
3973969,0.0
3974970,0.0
3975971,0.0
3976972,0.0
3977973,0.0
3978974,0.0
3979975,0.0
3980976,22.84084183823744
3981977,0.0
3982978,0.0
3983979,0.0
3984980,0.0
3985981,0.0
3986982,0.0
3987983,0.0
3988984,0.0
3989985,24.879259362415862
3990986,17.842654500843736
3991987,24.63518007730951
3992988,0.0
3993989,0.0
3994990,0.0
3995991,0.0
3996992,0.0
3997993,0.0
3998994,0.0
3999995,0.0
4000996,10.053590052282782
4001997,0.0
4002998,9.575358694776748
4003999,0.0
4005000,0.0
4006001,0.0
4007002,0.0
4008003,0.0
4009004,36.81978346292432
4010005,17.815688340247466
4011006,0.0
4012007,0.0
4013008,0.0
4014009,0.0
4015010,0.0
4016011,16.325919756785037
4017012,17.954021311155184
4018013,0.0
4019014,0.0
4020015,0.0
4021016,0.0
4022017,0.0
4023018,0.0
4024019,0.0
4025020,17.810965030792428
4026021,0.0
4027022,0.0
4028023,0.0
4029024,16.26377099437205
4030025,46.890054270606136
4031026,0.0
4032027,0.0
4033028,15.890775036580191
4034029,0.0
4035030,0.0
4036031,0.0
4037032,0.0
4038033,0.0
4039034,0.0
4040035,0.0
4041036,0.0
4042037,0.0
4043038,0.0
4044039,0.0
4045040,0.0
4046041,18.733886174775737
4047042,0.0
4048043,0.0
4049044,19.522883125598376
4050045,0.0
4051046,19.323213038144445
4052047,1.7158689881175013
4053048,0.0
4054049,0.0
4055050,52.05344193544326
4056051,0.0
4057052,0.0
4058053,0.0
4059054,22.785927922748144
4060055,16.545354879555987
4061056,0.0
4062057,21.842358031332154
4063058,20.69925601853162
4064059,0.0
4065060,0.0
4066061,0.0
4067062,11.622399200162977
4068063,18.32858741972109
4069064,22.91302265821362
4070065,0.0
4071066,0.0
4072067,0.0
4073068,0.0
4074069,6.530026862567772
4075070,43.45308317243523
4076071,48.803934047036506
4077072,0.0
4078073,0.0
4079074,19.406345852797305
4080075,11.589151183484772
4081076,0.0
4082077,0.0
4083078,18.50348960483524
4084079,0.0
4085080,23.465398029472574
4086081,0.0
4087082,0.0
4088083,0.0
4089084,12.61206709979914
4090085,33.28234124390792
4091086,0.0
4092087,0.0
4093088,25.56708686786384
4094089,0.0
4095090,30.9919822280842
4096091,0.0
4097092,44.62919148847012
4098093,3.6186440665654587
4099094,0.0
4100095,60.27151750998956
4101096,0.0
4102097,0.0
4103098,0.0
4104099,28.2756661568927
4105100,0.0
4106101,7.344815119065552
4107102,0.0
4108103,0.0
4109104,0.0
4110105,0.0
4111106,6.60240520955012
4112107,17.586855152630203
4113108,0.0
4114109,0.0
4115110,0.0
4116111,0.0
4117112,0.0
4118113,29.056301065489382
4119114,24.520448307321228
4120115,0.0
4121116,24.180288885476894
4122117,0.0
4123118,70.50312066228119
4124119,0.0
4125120,0.0
4126121,0.0
4127122,0.0
4128123,0.0
4129124,0.0
4130125,0.0
4131126,0.0
4132127,2.831367169659234
4133128,0.0
4134129,0.0
4135130,0.0
4136131,0.0
4137132,8.854743618817372
4138133,0.0
4139134,0.0
4140135,14.607070454588854
4141136,0.0
4142137,0.0
4143138,0.0
4144139,0.0
4145140,0.0
4146141,0.0
4147142,0.0
4148143,13.66469465813842
4149144,0.0
4150145,0.0
4151146,0.0
4152147,0.0
4153148,0.0
4154149,0.0
4155150,0.0
4156151,0.0
4157152,0.0
4158153,0.0
4159154,1.7679107006340364
4160155,0.0
4161156,20.289427545660693
4162157,0.0
4163158,0.0
4164159,0.0
4165160,0.0
4166161,7.407827679519415
4167162,0.0
4168163,0.0
4169164,0.0
4170165,0.0
4171166,0.0
4172167,0.0
4173168,0.0
4174169,0.0
4175170,0.0
4176171,0.0
4177172,0.0
4178173,16.430152852997505
4179174,7.408665282997408
4180175,0.0
4181176,0.0
4182177,31.91535195037964
4183178,0.0
4184179,0.0
4185180,19.26286920795393
4186181,0.0
4187182,0.0
4188183,0.0
4189184,19.974108710266943
4190185,0.0
4191186,0.0
4192187,0.0
4193188,0.0
4194189,0.0
4195190,0.0
4196191,0.0
4197192,0.0
4198193,43.07157902057058
4199194,0.0
4200195,0.0
4201196,36.51390087025844
4202197,0.0
4203198,0.0
4204199,0.0
4205200,0.0
4206201,0.0
4207202,38.84012820858326
4208203,10.161721480750895
4209204,15.160939307319587
4210205,0.0
4211206,8.201473551009764
4212207,0.0
4213208,17.13797770584239
4214209,29.738381617857588
4215210,0.0
4216211,13.988903573681574
4217212,0.0
4218213,0.0
4219214,0.0
4220215,12.14931427053096
4221216,0.0
4222217,0.0
4223218,0.0
4224219,0.0
4225220,0.0
4226221,0.0
4227222,0.0
4228223,0.0
4229224,0.0
4230225,8.424002316119271
4231226,0.0
4232227,0.0
4233228,0.0
4234229,0.0
4235230,18.861531244059584
4236231,0.0
4237232,0.0
4238233,0.0
4239234,0.0
4240235,0.0
4241236,0.0
4242237,0.0
4243238,0.0
4244239,0.0
4245240,0.0
4246241,0.0
4247242,0.0
4248243,0.0
4249244,32.81596043176158
4250245,0.0
4251246,0.0
4252247,0.0
4253248,0.0
4254249,7.401182605777813
4255250,0.0
4256251,4.546734164092017
4257252,0.0
4258253,0.0
4259254,0.0
4260255,16.22618741009292
4261256,0.0
4262257,12.491277352819562
4263258,59.587138794360335
4264259,0.0
4265260,33.247025210900404
4266261,0.0
4267262,0.0
4268263,0.0
4269264,14.604426550201042
4270265,0.0
4271266,13.65275339464278
4272267,6.980595244043446
4273268,0.0
4274269,10.24199019886141
4275270,0.0
4276271,0.0
4277272,0.0
4278273,0.0
4279274,0.0
4280275,0.0
4281276,16.57504329262336
4282277,13.781267952121071
4283278,0.0
4284279,0.0
4285280,0.0
4286281,0.0
4287282,19.14151541969901
4288283,63.01137736181274
4289284,46.20111808006726
4290285,0.0
4291286,0.0
4292287,0.0
4293288,0.0
4294289,0.0
4295290,0.0
4296291,0.0
4297292,0.0
4298293,7.189689759100258
4299294,0.0
4300295,19.682662142227986
4301296,0.0
4302297,0.0
4303298,6.586216972073371
4304299,0.0
4305300,0.0
4306301,0.0
4307302,0.0
4308303,0.0
4309304,0.0
4310305,29.356213210990582
4311306,0.0
4312307,26.01084102560399
4313308,0.0
4314309,0.0
4315310,18.777033315519013
4316311,0.0
4317312,0.0
4318313,0.9737888058424765
4319314,0.0
4320315,0.0
4321316,0.0
4322317,0.0
4323318,0.0
4324319,7.229588072759197
4325320,0.0
4326321,0.0
4327322,26.66390977176753
4328323,0.0
4329324,96.86735163778272
4330325,9.005385881913291
4331326,0.0
4332327,0.0
4333328,0.0
4334329,38.56327593342734
4335330,17.989912387022397
4336331,0.0
4337332,0.0
4338333,14.684231499214578
4339334,0.0
4340335,0.0
4341336,60.179217117873016
4342337,33.06816515090371
4343338,0.0
4344339,0.0
4345340,0.0
4346341,0.0
4347342,0.0
4348343,0.0
4349344,0.0
4350345,0.0
4351346,0.0
4352347,0.0
4353348,0.0
4354349,14.49651172288936
4355350,18.510510174319215
4356351,0.0
4357352,0.0
4358353,3.716857943062612
4359354,28.77068244629313
4360355,0.0
4361356,0.0
4362357,0.0
4363358,0.0
4364359,12.672405740490214
4365360,0.0
4366361,0.0
4367362,0.0
4368363,0.0
4369364,28.005310672479094
4370365,0.0
4371366,33.318360017314525
4372367,16.746945071153117
4373368,10.163900529594132
4374369,0.0
4375370,0.0
4376371,0.8168077121985942
4377372,0.0
4378373,0.0
4379374,21.19694958568095
4380375,0.0
4381376,0.0
4382377,0.0
4383378,0.0
4384379,16.70270449032249
4385380,4.549630797984065
4386381,11.906704019755932
4387382,11.87854735793247
4388383,0.0
4389384,0.0
4390385,45.307767587508216
4391386,0.0
4392387,0.0
4393388,0.0
4394389,1.923479050146061
4395390,66.58326676333547
4396391,21.20009730429416
4397392,34.68480306243124
4398393,11.868120481319703
4399394,0.0
4400395,3.6952955760345754
4401396,0.0
4402397,0.0
4403398,46.840681652384994
4404399,22.93830314257229
4405400,0.0
4406401,0.0
4407402,12.040231631247762
4408403,0.0
4409404,0.0
4410405,8.308987394315974
4411406,0.0
4412407,28.669623562560297
4413408,0.0
4414409,0.0
4415410,0.0
4416411,0.0
4417412,0.0
4418413,0.0
4419414,12.062809828434103
4420415,50.60572333213166
4421416,0.0
4422417,0.0
4423418,15.480107849220252
4424419,0.0
4425420,18.942280320040812
4426421,0.0
4427422,0.0
4428423,0.0
4429424,0.0
4430425,0.0
4431426,0.0
4432427,0.0
4433428,0.0
4434429,0.0
4435430,6.438590065256898
4436431,0.0
4437432,0.0
4438433,7.356277854710514
4439434,0.0
4440435,0.0
4441436,0.0
4442437,7.300500106265221
4443438,0.0
4444439,0.0
4445440,21.24590958970755
4446441,0.0
4447442,3.4946452914335437
4448443,0.0
4449444,0.0
4450445,0.0
4451446,42.11085012699646
4452447,0.0
4453448,5.648729239388339
4454449,0.0
4455450,5.875812004201079
4456451,0.0
4457452,0.0
4458453,0.0
4459454,0.0
4460455,0.0
4461456,14.684418273913641
4462457,0.0
4463458,0.0
4464459,0.0
4465460,0.0
4466461,28.810463366669683
4467462,0.0
4468463,0.0
4469464,0.0
4470465,0.0
4471466,0.0
4472467,0.0
4473468,16.882693761608557
4474469,0.0
4475470,34.36730638204626
4476471,0.0
4477472,9.058680590483831
4478473,0.0
4479474,0.0
4480475,0.0
4481476,6.29369594691469
4482477,12.883707310094614
4483478,0.0
4484479,0.0
4485480,0.0
4486481,0.0
4487482,10.278790803273942
4488483,0.0
4489484,12.676648664467677
4490485,18.419414013300802
4491486,15.57362583005455
4492487,0.0
4493488,0.0
4494489,0.0
4495490,32.41888785739882
4496491,0.0
4497492,0.0
4498493,0.0
4499494,0.0
4500495,19.688441039467673
4501496,16.145194030118855
4502497,9.961868761134308
4503498,52.3119297818442
4504499,0.0
4505500,0.0
4506501,0.0
4507502,6.191377287296597
4508503,31.61625232454436
4509504,7.520982456596217
4510505,0.0
4511506,0.0
4512507,0.0
4513508,0.0
4514509,0.0
4515510,0.0
4516511,0.0
4517512,0.0
4518513,0.0
4519514,0.0
4520515,23.172767544113274
4521516,0.0
4522517,7.3413640616606815
4523518,0.0
4524519,0.0
4525520,0.0
4526521,0.0
4527522,0.0
4528523,0.0
4529524,0.0
4530525,0.0
4531526,0.0
4532527,0.0
4533528,0.0
4534529,0.0
4535530,0.0
4536531,26.752607431698497
4537532,0.0
4538533,40.40725266446426
4539534,0.0
4540535,0.0
4541536,0.0
4542537,30.439219426051462
4543538,0.0
4544539,0.0
4545540,0.0
4546541,6.152313591632055
4547542,32.653009128952476
4548543,0.0
4549544,0.0
4550545,0.0
4551546,10.89135834471831
4552547,0.0
4553548,0.0
4554549,0.0
4555550,0.0
4556551,0.0
4557552,6.374948862346343
4558553,0.0
4559554,0.0
4560555,0.0
4561556,0.0
4562557,0.0
4563558,26.854305520088435
4564559,8.599856187907923
4565560,19.450870053893926
4566561,4.682809373852837
4567562,0.0
4568563,0.0
4569564,0.0
4570565,8.940512120124554
4571566,12.859332292277571
4572567,13.030805426970682
4573568,23.258702647283663
4574569,23.65226770974942
4575570,0.0
4576571,30.028771714534788
4577572,5.515828452201759
4578573,7.210063849323944
4579574,0.0
4580575,0.0
4581576,0.0
4582577,0.0
4583578,0.0
4584579,0.0
4585580,0.0
4586581,15.669534490005402
4587582,0.0
4588583,0.0
4589584,21.305024520260083
4590585,0.0
4591586,0.0
4592587,0.0
4593588,0.0
4594589,0.0
4595590,0.0
4596591,0.0
4597592,0.0
4598593,0.0
4599594,10.127581014833693
4600595,0.0
4601596,0.0
4602597,11.744071813268757
4603598,0.0
4604599,0.0
4605600,0.0
4606601,14.459980004022597
4607602,0.0
4608603,0.0
4609604,0.0
4610605,0.0
4611606,0.0
4612607,0.0
4613608,0.0
4614609,0.0
4615610,0.0
4616611,0.0
4617612,0.0
4618613,3.5377959597689506
4619614,0.0
4620615,0.0
4621616,0.0
4622617,0.0
4623618,0.0
4624619,0.0
4625620,0.0
4626621,11.87153463583888
4627622,20.42008237061695
4628623,15.776485778454836
4629624,0.0
4630625,14.09214283623339
4631626,0.0
4632627,7.49378631809222
4633628,4.667188885851594
4634629,21.54827106422609
4635630,9.876542516931302
4636631,0.0
4637632,0.0
4638633,0.0
4639634,0.8869608942271598
4640635,0.0
4641636,26.6027523148633
4642637,0.0
4643638,102.92138415572397
4644639,0.0
4645640,0.0
4646641,0.0
4647642,0.0
4648643,0.0
4649644,1.8688995316021249
4650645,0.0
4651646,0.0
4652647,0.0
4653648,0.0
4654649,0.0
4655650,16.090517783408963
4656651,0.0
4657652,0.0
4658653,0.0
4659654,0.0
4660655,0.0
4661656,12.505423633674745
4662657,0.0
4663658,0.0
4664659,0.0
4665660,0.0
4666661,16.34415717460709
4667662,1.8199275274558375
4668663,0.0
4669664,0.0
4670665,0.0
4671666,0.0
4672667,0.0
4673668,0.0
4674669,0.0
4675670,5.587152395549418
4676671,0.0
4677672,0.0
4678673,0.0
4679674,0.0
4680675,0.0
4681676,0.0
4682677,0.0
4683678,0.0
4684679,0.0
4685680,25.813864250831532
4686681,0.0
4687682,0.0
4688683,0.0
4689684,0.0
4690685,0.0
4691686,0.0
4692687,19.542674402942588
4693688,0.0
4694689,19.74763102208776
4695690,81.25536702609527
4696691,0.0
4697692,0.0
4698693,0.0
4699694,0.0
4700695,0.0
4701696,0.0
4702697,13.99840416275211
4703698,0.0
4704699,0.0
4705700,0.0
4706701,0.0
4707702,16.312455109469916
4708703,0.0
4709704,7.182361926124275
4710705,0.0
4711706,0.0
4712707,0.0
4713708,0.0
4714709,0.0
4715710,11.661439826619405
4716711,0.0
4717712,0.0
4718713,0.0
4719714,0.0
4720715,0.0
4721716,13.55312502988726
4722717,0.0
4723718,0.0
4724719,0.0
4725720,0.0
4726721,0.0
4727722,0.0
4728723,0.0
4729724,14.222436019788146
4730725,0.0
4731726,0.0
4732727,0.0
4733728,0.0
4734729,0.0
4735730,0.0
4736731,0.0
4737732,0.0
4738733,0.0
4739734,10.920030697617651
4740735,0.0
4741736,1.6924644147926744
4742737,11.713885439394561
4743738,46.66914978102556
4744739,15.122658068570647
4745740,16.76412173781894
4746741,0.0
4747742,0.0
4748743,0.0
4749744,0.0
4750745,11.505361249160021
4751746,0.0
4752747,0.0
4753748,0.0
4754749,0.0
4755750,0.0
4756751,0.0
4757752,0.0
4758753,0.0
4759754,0.0
4760755,0.0
4761756,0.0
4762757,34.20319081335778
4763758,0.0
4764759,0.0
4765760,18.294820857866487
4766761,0.0
4767762,0.0
4768763,0.0
4769764,0.0
4770765,15.226320844002156
4771766,63.75345964777237
4772767,0.0
4773768,0.0
4774769,0.0
4775770,0.0
4776771,0.0
4777772,0.0
4778773,0.0
4779774,0.0
4780775,40.862656426863886
4781776,0.0
4782777,0.0
4783778,0.0
4784779,0.0
4785780,34.752192887692914
4786781,0.0
4787782,0.0
4788783,0.0
4789784,0.0
4790785,0.0
4791786,0.0
4792787,18.048741781309825
4793788,0.0
4794789,0.0
4795790,0.0
4796791,0.0
4797792,13.726355837714443
4798793,0.0
4799794,0.0
4800795,0.0
4801796,0.0
4802797,0.0
4803798,45.19920146340479
4804799,0.0
4805800,19.954012001687403
4806801,0.0
4807802,0.0
4808803,0.0
4809804,0.0
4810805,27.919973299497144
4811806,0.0
4812807,0.0
4813808,0.0
4814809,12.710835158319142
4815810,26.52242988780089
4816811,0.0
4817812,15.541768070301963
4818813,27.575115139181
4819814,0.0
4820815,0.0
4821816,0.0
4822817,16.10448025315912
4823818,0.0
4824819,0.0
4825820,0.0
4826821,16.41386265058682
4827822,0.0
4828823,0.0
4829824,0.0
4830825,34.48567397354027
4831826,0.0
4832827,0.0
4833828,0.0
4834829,7.498513085292265
4835830,0.0
4836831,0.0
4837832,0.0
4838833,28.02918507575518
4839834,0.0
4840835,0.0
4841836,40.38738634523346
4842837,0.0
4843838,0.0
4844839,0.0
4845840,0.0
4846841,0.0
4847842,0.0
4848843,0.0
4849844,0.0
4850845,0.0
4851846,0.0
4852847,0.0
4853848,17.397008596516542
4854849,0.0
4855850,25.972448511067434
4856851,0.0
4857852,0.0
4858853,0.0
4859854,5.549828609001298
4860855,0.0
4861856,0.0
4862857,8.667479632782626
4863858,0.0
4864859,0.0
4865860,30.338096607656613
4866861,10.83405585219216
4867862,0.0
4868863,0.0
4869864,0.0
4870865,0.0
4871866,0.0
4872867,0.0
4873868,0.0
4874869,16.423744934803235
4875870,0.0
4876871,82.98707923584854
4877872,15.460340459655134
4878873,0.0
4879874,0.0
4880875,0.0
4881876,0.0
4882877,0.0
4883878,0.0
4884879,0.0
4885880,0.0
4886881,0.0
4887882,21.976812769735986
4888883,0.0
4889884,0.0
4890885,0.0
4891886,0.0
4892887,0.0
4893888,0.0
4894889,0.0
4895890,13.555445347153626
4896891,43.174300154846804
4897892,0.0
4898893,17.275023688950604
4899894,0.0
4900895,0.0
4901896,0.0
4902897,0.0
4903898,0.0
4904899,11.069768741237823
4905900,0.0
4906901,0.0
4907902,0.0
4908903,30.216781015886347
4909904,0.0
4910905,0.0
4911906,0.0
4912907,13.643794854737612
4913908,23.378766374334923
4914909,0.0
4915910,0.0
4916911,0.0
4917912,0.0
4918913,0.0
4919914,0.0
4920915,0.0
4921916,0.0
4922917,0.0
4923918,36.927339883663194
4924919,0.0
4925920,10.053208654323052
4926921,0.0
4927922,0.0
4928923,0.0
4929924,0.0
4930925,0.0
4931926,0.0
4932927,0.0
4933928,0.0
4934929,0.0
4935930,15.612156892028407
4936931,25.50251748562323
4937932,0.0
4938933,16.304843787826925
4939934,0.0
4940935,0.0
4941936,0.0
4942937,0.0
4943938,0.0
4944939,25.966217812062332
4945940,0.0
4946941,0.0
4947942,0.0
4948943,0.0
4949944,5.540228332293504
4950945,0.0
4951946,0.0
4952947,0.0
4953948,0.0
4954949,1.9724206906703152
4955950,40.00403695180501
4956951,0.0
4957952,0.0
4958953,0.0
4959954,0.0
4960955,0.0
4961956,9.222193949419704
4962957,0.0
4963958,0.0
4964959,0.0
4965960,0.0
4966961,11.601916310921874
4967962,0.0
4968963,0.0
4969964,5.475238911677031
4970965,22.056962584685817
4971966,26.63783608358092
4972967,0.0
4973968,0.0
4974969,0.0
4975970,0.0
4976971,0.0
4977972,12.753171006484084
4978973,0.0
4979974,0.0
4980975,0.0
4981976,13.633371992078725
4982977,0.0
4983978,12.77835567956449
4984979,0.0
4985980,5.75964650896598
4986981,0.0
4987982,0.0
4988983,69.23674885506439
4989984,0.0
4990985,0.0
4991986,0.0
4992987,0.0
4993988,0.0
4994989,0.0
4995990,0.0
4996991,10.692747972502174
4997992,0.0
4998993,0.0
4999994,0.0
5000995,0.0
5001996,21.264691004518962
5002997,0.0
5003998,24.091175254670482
5004999,0.0
5006000,0.0
5007001,0.0
5008002,0.0
5009003,0.0
5010004,17.72054101254172
5011005,0.0
5012006,0.0
5013007,0.0
5014008,11.838497133785001
5015009,0.0
5016010,0.0
5017011,0.0
5018012,32.01420336328901
5019013,0.0
5020014,0.0
5021015,0.0
5022016,0.0
5023017,9.276631651736292
5024018,0.0
5025019,0.0
5026020,0.0
5027021,31.411114731804634
5028022,0.0
5029023,0.0
5030024,0.0
5031025,35.60142303818549
5032026,0.0
5033027,0.0
5034028,16.619280053801475
5035029,10.21837733119223
5036030,16.878978622569765
5037031,0.0
5038032,0.0
5039033,0.0
5040034,0.0
5041035,8.827889759500904
5042036,0.0
5043037,46.48417165681578
5044038,0.0
5045039,28.418989195279103
5046040,0.0
5047041,12.382605660209032
5048042,20.658652013787066
5049043,0.0
5050044,0.0
5051045,0.0
5052046,0.0
5053047,2.589385074221794
5054048,0.0
5055049,15.669891278149976
5056050,14.416950043838481
5057051,0.0
5058052,0.0
5059053,0.0
5060054,1.7311528461305674
5061055,0.0
5062056,0.0
5063057,0.0
5064058,0.0
5065059,0.0
5066060,0.0
5067061,0.0
5068062,0.0
5069063,0.0
5070064,0.0
5071065,0.0
5072066,0.0
5073067,8.415529806012296
5074068,0.0
5075069,0.0
5076070,0.0
5077071,0.0
5078072,11.82207115897782
5079073,0.0
5080074,0.0
5081075,0.0
5082076,0.0
5083077,0.0
5084078,0.0
5085079,0.0
5086080,0.0
5087081,6.534920977136379
5088082,66.6857694284469
5089083,0.0
5090084,0.0
5091085,0.0
5092086,0.0
5093087,0.0
5094088,27.070525039230365
5095089,5.5407527421866805
5096090,15.249578452215978
5097091,0.0
5098092,0.0
5099093,0.0
5100094,0.0
5101095,15.742514937730064
5102096,0.0
5103097,0.0
5104098,0.0
5105099,0.0
5106100,15.629083861583286
5107101,0.0
5108102,2.6929612829029272
5109103,19.149263722147147
5110104,5.403223593746247
5111105,12.85272575895182
5112106,0.0
5113107,0.0
5114108,37.7358219538248
5115109,15.324041155960566
5116110,0.0
5117111,39.37015495408031
5118112,0.0
5119113,0.0
5120114,0.0
5121115,16.76286304708258
5122116,0.0
5123117,0.0
5124118,0.0
5125119,0.0
5126120,20.120093993458028
5127121,0.0
5128122,0.0
5129123,17.647918932544673
5130124,0.0
5131125,0.0
5132126,0.0
5133127,45.55064468139682
5134128,0.0
5135129,30.230383614344646
5136130,0.0
5137131,0.0
5138132,9.079746080460929
5139133,0.0
5140134,6.554624950462953
5141135,0.0
5142136,0.0
5143137,42.9451822571447
5144138,0.0
5145139,0.0
5146140,0.0
5147141,0.0
5148142,0.0
5149143,0.0
5150144,8.278430292732384
5151145,0.0
5152146,0.0
5153147,0.0
5154148,0.0
5155149,0.0
5156150,0.0
5157151,0.0
5158152,0.0
5159153,18.900144940332396
5160154,0.0
5161155,0.0
5162156,0.0
5163157,11.431472471465288
5164158,14.558789866092251
5165159,0.0
5166160,0.0
5167161,0.0
5168162,0.0
5169163,0.0
5170164,0.0
5171165,0.0
5172166,18.45778832166908
5173167,0.0
5174168,0.0
5175169,0.0
5176170,0.0
5177171,28.40713457265363
5178172,0.0
5179173,0.0
5180174,0.0
5181175,0.0
5182176,17.161123887671813
5183177,0.0
5184178,14.24491352623817
5185179,0.0
5186180,24.72869824909042
5187181,0.0
5188182,0.0
5189183,26.443799177427426
5190184,0.0
5191185,19.659304825478795
5192186,22.553988591840884
5193187,0.0
5194188,0.0
5195189,8.253172974865112
5196190,53.685995815381325
5197191,0.0
5198192,0.0
5199193,0.0
5200194,0.0
5201195,0.0
5202196,0.0
5203197,0.0
5204198,0.0
5205199,0.0
5206200,0.0
5207201,0.0
5208202,0.0
5209203,0.0
5210204,0.0
5211205,0.0
5212206,2.5568945322681045
5213207,0.0
5214208,0.0
5215209,24.82063657654466
5216210,0.0
5217211,11.03724042492778
5218212,0.0
5219213,10.236042292713638
5220214,0.0
5221215,0.0
5222216,0.0
5223217,12.443738218510102
5224218,30.862751491237773
5225219,9.245250591366252
5226220,0.0
5227221,0.0
5228222,0.0
5229223,0.0
5230224,0.0
5231225,0.0
5232226,0.0
5233227,0.0
5234228,0.0
5235229,31.64783500863297
5236230,0.0
5237231,0.0
5238232,42.1158512130385
5239233,0.0
5240234,0.0
5241235,0.0
5242236,0.0
5243237,0.0
5244238,0.0
5245239,0.0
5246240,0.0
5247241,0.0
5248242,0.0
5249243,18.152631301658964
5250244,0.0
5251245,0.0
5252246,31.493835835807392
5253247,0.0
5254248,0.0
5255249,47.60160758412064
5256250,0.0
5257251,32.33119998417918
5258252,18.169752376253406
5259253,1.9143142154494373
5260254,24.52290086964771
5261255,0.0
5262256,0.0
5263257,0.0
5264258,0.0
5265259,2.783082671557287
5266260,0.0
5267261,8.561568659899262
5268262,0.0
5269263,12.676213726614481
5270264,0.0
5271265,17.425453110288387
5272266,0.0
5273267,0.0
5274268,0.0
5275269,0.0
5276270,0.0
5277271,36.87133559483367
5278272,13.16312550586356
5279273,0.0
5280274,0.0
5281275,9.876589939364248
5282276,0.0
5283277,0.0
5284278,41.816521502646914
5285279,13.483766861903415
5286280,0.0
5287281,0.0
5288282,0.0
5289283,0.0
5290284,25.90481251182667
5291285,0.0
5292286,0.0
5293287,0.0
5294288,13.515694644044855
5295289,0.0
5296290,19.521116950067412
5297291,53.24893354573615
5298292,0.0
5299293,0.0
5300294,0.0
5301295,4.919830587052507
5302296,47.40541880700206
5303297,0.0
5304298,0.0
5305299,26.24997244250951
5306300,0.0
5307301,0.0
5308302,0.0
5309303,0.0
5310304,0.0
5311305,17.06244362555989
5312306,0.0
5313307,13.458836375256388
5314308,49.440292699680015
5315309,0.0
5316310,16.67491554364139
5317311,72.78050679403358
5318312,0.0
5319313,0.0
5320314,14.418517143263445
5321315,0.0
5322316,0.0
5323317,47.156167056306636
5324318,0.0
5325319,0.0
5326320,0.0
5327321,0.0
5328322,17.727104214784816
5329323,0.0
5330324,0.0
5331325,39.01718285437427
5332326,18.320492046135694
5333327,0.0
5334328,0.0
5335329,0.0
5336330,0.0
5337331,12.94157711921905
5338332,0.0
5339333,0.0
5340334,0.0
5341335,0.0
5342336,0.0
5343337,0.0
5344338,0.0
5345339,0.0
5346340,0.0
5347341,8.261024193743326
5348342,0.0
5349343,0.0
5350344,0.0
5351345,0.0
5352346,0.0
5353347,0.0
5354348,0.0
5355349,0.0
5356350,0.0
5357351,0.0
5358352,0.0
5359353,0.0
5360354,8.227861331324107
5361355,0.0
5362356,15.596296929500044
5363357,0.0
5364358,6.685313722632821
5365359,0.0
5366360,10.894211528332209
5367361,56.173975828487734
5368362,0.0
5369363,0.0
5370364,0.0
5371365,0.0
5372366,25.10844978327199
5373367,0.0
5374368,0.0
5375369,0.0
5376370,12.894989718749262
5377371,15.666176903797533
5378372,0.0
5379373,5.697225405430236
5380374,0.0
5381375,0.0
5382376,0.0
5383377,0.0
5384378,0.0
5385379,0.0
5386380,0.0
5387381,0.0
5388382,0.0
5389383,0.0
5390384,23.886716317103506
5391385,0.0
5392386,0.0
5393387,0.0
5394388,0.0
5395389,0.0
5396390,0.0
5397391,0.0
5398392,0.0
5399393,9.786487546355124
5400394,0.0
5401395,0.0
5402396,0.0
5403397,13.019006047524059
5404398,16.956157515694485
5405399,0.0
5406400,0.0
5407401,0.0
5408402,0.0
5409403,0.0
5410404,51.72471177638357
5411405,29.02896485052189
5412406,23.802505500087047
5413407,0.0
5414408,13.24476739687976
5415409,0.0
5416410,17.31859893109549
5417411,9.947638165597054
5418412,0.0
5419413,2.592860623066329
5420414,0.0
5421415,0.0
5422416,0.0
5423417,0.0
5424418,16.161441304380617
5425419,0.0
5426420,0.0
5427421,0.0
5428422,0.0
5429423,0.0
5430424,0.0
5431425,0.0
5432426,63.49376251046498
5433427,10.935039153315321
5434428,0.0
5435429,0.0
5436430,0.0
5437431,0.0
5438432,0.0
5439433,0.0
5440434,0.0
5441435,0.0
5442436,0.0
5443437,14.735416896871126
5444438,0.0
5445439,0.0
5446440,12.463885010379416
5447441,0.0
5448442,0.0
5449443,0.0
5450444,32.717126545197566
5451445,12.752899717073642
5452446,0.0
5453447,17.193681841346127
5454448,0.0
5455449,0.0
5456450,0.0
5457451,8.171172973897388
5458452,0.0
5459453,0.0
5460454,0.0
5461455,14.530334879863549
5462456,15.539404067196058
5463457,28.509615596906652
5464458,0.0
5465459,0.0
5466460,0.0
5467461,17.093298037372143
5468462,0.0
5469463,10.616528513552844
5470464,0.0
5471465,0.0
5472466,0.0
5473467,13.168675332616221
5474468,14.342148780074583
5475469,0.0
5476470,12.594128554529718
5477471,0.0
5478472,0.0
5479473,12.756299980076564
5480474,0.0
5481475,0.0
5482476,0.0
5483477,0.0
5484478,9.836605399215987
5485479,9.227161310059554
5486480,39.594177749384194
5487481,0.0
5488482,0.0
5489483,27.344040971588136
5490484,13.83649309833525
5491485,0.0
5492486,0.0
5493487,31.36282551744357
5494488,54.417852040700055
5495489,0.0
5496490,0.0
5497491,0.0
5498492,0.0
5499493,0.0
5500494,0.0
5501495,27.477559400336286
5502496,0.0
5503497,0.0
5504498,0.0
5505499,0.0
5506500,0.0
5507501,0.0
5508502,0.0
5509503,0.0
5510504,0.0
5511505,0.0
5512506,0.0
5513507,0.0
5514508,0.0
5515509,0.0
5516510,0.0
5517511,0.0
5518512,0.0
5519513,0.0
5520514,0.0
5521515,11.8820388147319
5522516,0.0
5523517,0.0
5524518,0.0
5525519,0.0
5526520,0.0
5527521,0.0
5528522,4.56654822881346
5529523,12.499689732521876
5530524,0.0
5531525,73.3560519307621
5532526,0.0
5533527,0.0
5534528,0.0
5535529,0.0
5536530,0.0
5537531,0.0
5538532,0.0
5539533,0.0
5540534,0.0
5541535,0.0
5542536,0.0
5543537,0.0
5544538,0.0
5545539,28.59246921513091
5546540,0.0
5547541,0.0
5548542,4.810144514979744
5549543,0.0
5550544,0.0
5551545,0.0
5552546,0.0
5553547,0.0
5554548,0.0
5555549,11.33298106316539
5556550,21.01470737884194
5557551,0.0
5558552,0.0
5559553,0.0
5560554,15.548370898190383
5561555,0.0
5562556,0.0
5563557,0.0
5564558,0.0
5565559,0.0
5566560,16.540816683434556
5567561,0.0
5568562,0.0
5569563,0.0
5570564,0.0
5571565,0.0
5572566,0.0
5573567,0.0
5574568,0.0
5575569,0.0
5576570,12.715059422628016
5577571,0.0
5578572,0.0
5579573,0.0
5580574,0.0
5581575,0.0
5582576,0.0
5583577,0.0
5584578,0.0
5585579,0.0
5586580,28.88825360623337
5587581,0.0
5588582,23.514766324756184
5589583,0.0
5590584,0.0
5591585,0.0
5592586,0.0
5593587,0.0
5594588,0.0
5595589,0.0
5596590,0.0
5597591,0.0
5598592,29.414767498643553
5599593,42.13596178179752
5600594,0.0
5601595,0.0
5602596,0.0
5603597,22.516428414548177
5604598,2.822857052972405
5605599,0.0
5606600,12.823592420177201
5607601,23.84591778624122
5608602,11.491357876791271
5609603,12.790645176854287
5610604,0.0
5611605,11.869743472419508
5612606,0.0
5613607,0.0
5614608,20.723532780624723
5615609,0.0
5616610,0.0
5617611,0.0
5618612,0.0
5619613,16.925398571526493
5620614,0.0
5621615,0.0
5622616,86.54181096613881
5623617,0.0
5624618,0.0
5625619,23.157096859283037
5626620,0.0
5627621,7.44614819041441
5628622,0.0
5629623,15.449203624311437
5630624,18.78994172879309
5631625,0.0
5632626,2.656941950626143
5633627,23.63323329653583
5634628,0.0
5635629,0.0
5636630,0.0
5637631,18.087871521615423
5638632,0.0
5639633,0.0
5640634,0.0
5641635,0.0
5642636,0.0
5643637,17.559069486677227
5644638,12.401871472856223
5645639,0.0
5646640,20.083077871202946
5647641,11.831484492475013
5648642,10.513826461453112
5649643,0.0
5650644,0.0
5651645,0.0
5652646,0.0
5653647,0.0
5654648,0.0
5655649,0.0
5656650,0.0
5657651,15.715823950915228
5658652,0.0
5659653,0.0
5660654,0.0
5661655,16.410932826263505
5662656,0.0
5663657,0.0
5664658,0.0
5665659,0.0
5666660,13.625599229796212
5667661,13.727354721700154
5668662,0.0
5669663,0.0
5670664,0.0
5671665,0.0
5672666,44.56700558444565
5673667,0.0
5674668,0.0
5675669,0.0
5676670,0.0
5677671,0.0
5678672,0.0
5679673,0.0
5680674,0.0
5681675,0.0
5682676,0.0
5683677,0.0
5684678,41.902735836885356
5685679,0.0
5686680,0.0
5687681,0.0
5688682,0.0
5689683,29.44972410780341
5690684,0.0
5691685,0.0
5692686,0.0
5693687,0.0
5694688,0.0
5695689,0.0
5696690,0.0
5697691,0.0
5698692,0.0
5699693,0.0
5700694,0.0
5701695,0.0
5702696,0.0
5703697,0.0
5704698,33.160673784750614
5705699,19.282052321811168
5706700,20.255216022516702
5707701,47.39659505599365
5708702,0.0
5709703,0.0
5710704,0.0
5711705,20.840012834220143
5712706,6.396896212433852
5713707,0.0
5714708,0.0
5715709,0.0
5716710,0.0
5717711,0.0
5718712,9.200895703149863
5719713,0.0
5720714,0.0
5721715,0.0
5722716,0.0
5723717,15.450717901103399
5724718,0.0
5725719,0.0
5726720,13.556398652608314
5727721,0.0
5728722,0.0
5729723,0.0
5730724,0.0
5731725,0.0
5732726,0.0
5733727,0.0
5734728,11.757996668484422
5735729,0.0
5736730,0.0
5737731,41.15482706858214
5738732,0.0
5739733,16.254880397171206
5740734,32.786267834407546
5741735,0.0
5742736,0.0
5743737,9.146932777353797
5744738,0.0
5745739,16.723519954785374
5746740,0.0
5747741,0.0
5748742,29.517552769184782
5749743,0.0
5750744,47.057011174528114
5751745,0.0
5752746,17.459722984709423
5753747,17.436953418957096
5754748,0.0
5755749,17.09997974322279
5756750,0.0
5757751,0.0
5758752,0.0
5759753,0.0
5760754,0.0
5761755,0.0
5762756,0.0
5763757,0.0
5764758,0.0
5765759,0.0
5766760,0.0
5767761,0.0
5768762,0.0
5769763,0.0
5770764,0.0
5771765,0.0
5772766,7.147116184199635
5773767,17.785913977946503
5774768,0.0
5775769,6.438151343144054
5776770,0.0
5777771,0.0
5778772,0.0
5779773,0.0
5780774,0.0
5781775,0.0
5782776,0.0
5783777,0.0
5784778,19.777422175475504
5785779,0.0
5786780,0.0
5787781,18.560217488274144
5788782,0.0
5789783,0.0
5790784,10.037440506788869
5791785,15.491468067371336
5792786,0.0
5793787,50.22863881133149
5794788,0.0
5795789,71.51247115765442
5796790,0.0
5797791,20.336005987241858
5798792,0.0
5799793,0.0
5800794,41.68269260942183
5801795,9.602298251865527
5802796,0.0
5803797,0.0
5804798,5.596838938914313
5805799,0.0
5806800,0.0
5807801,13.014279088665782
5808802,23.661286602848982
5809803,0.0
5810804,0.0
5811805,0.0
5812806,0.0
5813807,0.0
5814808,16.2684952232891
5815809,0.0
5816810,0.0
5817811,0.0
5818812,0.0
5819813,24.94699088417767
5820814,16.62809986152601
5821815,0.0
5822816,0.0
5823817,0.0
5824818,0.0
5825819,0.0
5826820,0.8007792154274483
5827821,34.177536749502096
5828822,16.246049160296618
5829823,0.0
5830824,0.0
5831825,0.0
5832826,0.0
5833827,0.0
5834828,0.0
5835829,21.424116201138368
5836830,26.428615487178792
5837831,0.0
5838832,11.196724256012866
5839833,0.0
5840834,7.168464186301279
5841835,0.0
5842836,0.0
5843837,0.0
5844838,0.0
5845839,0.0
5846840,0.0
5847841,13.057907817172309
5848842,1.9377826937469873
5849843,0.0
5850844,0.0
5851845,0.0
5852846,0.0
5853847,0.0
5854848,0.0
5855849,0.0
5856850,12.251485024440052
5857851,0.0
5858852,18.42746514374172
5859853,13.259195691127118
5860854,0.0
5861855,0.0
5862856,0.0
5863857,0.0
5864858,0.0
5865859,0.0
5866860,0.0
5867861,3.782109021765492
5868862,0.0
5869863,0.0
5870864,0.0
5871865,36.193068008568346
5872866,31.734370690602407
5873867,16.0041873393634
5874868,0.0
5875869,0.0
5876870,0.0
5877871,0.0
5878872,0.0
5879873,0.0
5880874,0.0
5881875,12.087987250324375
5882876,0.0
5883877,0.0
5884878,0.0
5885879,10.263177363003035
5886880,0.0
5887881,0.0
5888882,0.0
5889883,0.0
5890884,0.0
5891885,0.0
5892886,0.0
5893887,15.524988601737473
5894888,0.0
5895889,13.615615082059653
5896890,0.0
5897891,0.0
5898892,27.91177146227499
5899893,0.0
5900894,0.0
5901895,0.0
5902896,0.0
5903897,0.0
5904898,0.0
5905899,0.0
5906900,35.418000829638736
5907901,0.0
5908902,12.21303139290812
5909903,7.357467986734426
5910904,0.0
5911905,0.0
5912906,20.017349991637467
5913907,18.463435998793898
5914908,0.0
5915909,0.0
5916910,0.0
5917911,37.583098297640284
5918912,0.0
5919913,0.0
5920914,0.0
5921915,0.0
5922916,0.0
5923917,0.0
5924918,0.0
5925919,0.0
5926920,101.01771084096305
5927921,0.0
5928922,11.998585218883788
5929923,0.0
5930924,0.0
5931925,0.0
5932926,0.0
5933927,0.0
5934928,9.219095915825308
5935929,0.0
5936930,13.407742412880992
5937931,0.0
5938932,0.0
5939933,0.0
5940934,3.62732904046093
5941935,0.0
5942936,0.0
5943937,0.0
5944938,16.83788108898149
5945939,0.0
5946940,0.0
5947941,0.0
5948942,13.908163397845827
5949943,0.0
5950944,0.0
5951945,19.07161103353254
5952946,7.581459972802954
5953947,0.0
5954948,0.0
5955949,25.052026155718014
5956950,0.0
5957951,13.807069467953067
5958952,0.0
5959953,0.0
5960954,0.0
5961955,0.0
5962956,0.0
5963957,0.0
5964958,0.0
5965959,0.0
5966960,0.0
5967961,0.0
5968962,29.089140220260774
5969963,0.0
5970964,0.0
5971965,0.0
5972966,0.0
5973967,0.0
5974968,0.0
5975969,0.0
5976970,0.0
5977971,0.0
5978972,9.072703804557399
5979973,0.0
5980974,0.0
5981975,0.0
5982976,13.730685038801026
5983977,14.792253475873624
5984978,0.0
5985979,0.0
5986980,0.0
5987981,7.368542770310733
5988982,0.0
5989983,0.0
5990984,23.465753923303975
5991985,44.78900415794853
5992986,0.0
5993987,9.4056889954163
5994988,0.0
5995989,16.321417128602924
5996990,0.0
5997991,0.0
5998992,0.0
5999993,0.0
6000994,54.66351630929314
6001995,0.0
6002996,0.0
6003997,0.0
6004998,0.0
6005999,0.0
6007000,0.0
6008001,0.0
6009002,0.0
6010003,24.05630680711511
6011004,12.86052764301352
6012005,0.0
6013006,7.476119022166893
6014007,0.0
6015008,0.0
6016009,8.717118146689874
6017010,9.097896131135226
6018011,0.0
6019012,0.0
6020013,0.0
6021014,0.0
6022015,0.0
6023016,0.0
6024017,1.9107614469488166
6025018,0.0
6026019,0.0
6027020,0.0
6028021,0.0
6029022,0.0
6030023,0.0
6031024,0.0
6032025,0.0
6033026,0.0
6034027,0.0
6035028,0.0
6036029,25.430427441103998
6037030,0.0
6038031,0.0
6039032,0.9074391140607535
6040033,0.0
6041034,8.99995096967567
6042035,0.0
6043036,0.0
6044037,0.0
6045038,20.553907270950326
6046039,0.0
6047040,0.0
6048041,0.0
6049042,0.0
6050043,0.0
6051044,26.118821057493758
6052045,0.0
6053046,0.0
6054047,7.340280312005958
6055048,0.0
6056049,0.0
6057050,0.0
6058051,0.0
6059052,0.0
6060053,0.0
6061054,22.267546140906205
6062055,32.95981574887083
6063056,0.0
6064057,8.348866074972149
6065058,0.0
6066059,0.0
6067060,0.0
6068061,0.0
6069062,0.0
6070063,14.695761163767566
6071064,0.0
6072065,0.0
6073066,0.0
6074067,9.805050799963105
6075068,8.332416108903768
6076069,0.0
6077070,13.71013106339869
6078071,54.39484108095649
6079072,0.0
6080073,0.0
6081074,0.0
6082075,25.460842525862667
6083076,0.0
6084077,16.1247117686482
6085078,12.330824171227345
6086079,0.0
6087080,6.340767379638608
6088081,0.0
6089082,0.0
6090083,0.0
6091084,0.0
6092085,11.79185524328771
6093086,7.416166140241528
6094087,0.0
6095088,0.0
6096089,0.0
6097090,0.0
6098091,0.0
6099092,0.0
6100093,0.0
6101094,0.0
6102095,0.0
6103096,0.0
6104097,0.0
6105098,0.0
6106099,0.0
6107100,0.0
6108101,0.0
6109102,0.0
6110103,0.0
6111104,0.0
6112105,0.0
6113106,8.251451544587134
6114107,0.0
6115108,14.399044136807264
6116109,8.708355255932933
6117110,0.0
6118111,0.0
6119112,0.0
6120113,0.0
6121114,0.0
6122115,9.220152475567591
6123116,0.0
6124117,0.0
6125118,5.516547733478735
6126119,0.0
6127120,0.0
6128121,0.0
6129122,0.0
6130123,15.15086117740589
6131124,0.0
6132125,0.0
6133126,0.0
6134127,0.0
6135128,26.952154173245905
6136129,46.62906327223374
6137130,25.58540293730226
6138131,0.9410646697532318
6139132,0.0
6140133,28.48003356283452
6141134,11.009095200535322
6142135,0.0
6143136,0.0
6144137,0.0
6145138,0.0
6146139,19.481363543329763
6147140,0.0
6148141,0.0
6149142,22.115119659300603
6150143,0.0
6151144,79.58219731975193
6152145,52.92391974943871
6153146,56.316944889614575
6154147,0.0
6155148,0.0
6156149,5.407797365198441
6157150,12.656623022723348
6158151,0.0
6159152,0.0
6160153,0.0
6161154,0.0
6162155,4.64505497257057
6163156,0.0
6164157,0.0
6165158,0.0
6166159,0.0
6167160,0.0
6168161,16.1441567820216
6169162,0.0
6170163,0.0
6171164,0.0
6172165,39.753955038331696
6173166,2.796175523482087
6174167,0.0
6175168,9.477535600561076
6176169,12.14469482123955
6177170,15.190716076353931
6178171,0.0
6179172,41.608050810336415
6180173,0.0
6181174,0.0
6182175,0.0
6183176,0.0
6184177,0.0
6185178,0.0
6186179,0.0
6187180,0.0
6188181,0.0
6189182,0.0
6190183,8.02713354029427
6191184,0.0
6192185,0.0
6193186,0.0
6194187,38.14967377045289
6195188,30.250877374339172
6196189,0.0
6197190,16.63069567912143
6198191,15.493952059430708
6199192,23.648807385855996
6200193,0.0
6201194,1.7688352726347514
6202195,0.0
6203196,23.345860100120724
6204197,9.104523256229099
6205198,0.0
6206199,15.616118675437441
6207200,0.0
6208201,16.241215348321752
6209202,0.0
6210203,16.18095997612593
6211204,0.0
6212205,35.41117613857659
6213206,0.0
6214207,0.0
6215208,0.0
6216209,21.37463975879958
6217210,0.0
6218211,0.0
6219212,0.0
6220213,0.0
6221214,0.0
6222215,0.0
6223216,0.0
6224217,0.0
6225218,15.646937858534667
6226219,0.0
6227220,0.0
6228221,0.0
6229222,0.0
6230223,0.0
6231224,0.0
6232225,18.202620844981897
6233226,11.745647458838476
6234227,0.0
6235228,0.0
6236229,0.0
6237230,0.0
6238231,0.0
6239232,0.0
6240233,0.0
6241234,0.0
6242235,0.0
6243236,0.0
6244237,6.711613799049824
6245238,14.360281293272083
6246239,0.0
6247240,22.963389154804368
6248241,0.0
6249242,43.04183967175863
6250243,0.0
6251244,13.768883255424166
6252245,8.144536706533613
6253246,0.0
6254247,0.0
6255248,0.0
6256249,0.0
6257250,23.456375401425724
6258251,13.60960483660049
6259252,0.0
6260253,0.0
6261254,0.0
6262255,0.0
6263256,0.0
6264257,0.0
6265258,0.0
6266259,0.0
6267260,20.358756130798263
6268261,0.0
6269262,0.0
6270263,0.0
6271264,0.0
6272265,0.0
6273266,0.0
6274267,0.0
6275268,0.0
6276269,0.0
6277270,0.0
6278271,0.0
6279272,0.0
6280273,0.0
6281274,7.611338115681008
6282275,0.0
6283276,13.74715319134753
6284277,19.03826893337547
6285278,0.0
6286279,0.0
6287280,0.0
6288281,0.0
6289282,0.0
6290283,0.0
6291284,0.0
6292285,35.2981060666597
6293286,0.0
6294287,21.78869889141993
6295288,0.0
6296289,0.0
6297290,18.610961469296285
6298291,0.0
6299292,0.0
6300293,0.0
6301294,8.186356585158201
6302295,0.0
6303296,0.0
6304297,0.0
6305298,0.0
6306299,0.0
6307300,0.0
6308301,15.850455334705728
6309302,0.0
6310303,0.0
6311304,0.0
6312305,0.0
6313306,0.0
6314307,1.8622782873010593
6315308,24.79597567811316
6316309,0.0
6317310,1.8654073213074258
6318311,0.0
6319312,0.0
6320313,4.487659169589664
6321314,0.0
6322315,0.0
6323316,0.0
6324317,14.389875037495079
6325318,0.0
6326319,0.0
6327320,0.0
6328321,0.0
6329322,0.0
6330323,0.0
6331324,18.868184003893916
6332325,0.0
6333326,0.0
6334327,0.0
6335328,0.0
6336329,17.211106562527487
6337330,0.0
6338331,0.0
6339332,0.0
6340333,0.0
6341334,0.0
6342335,0.0
6343336,0.0
6344337,0.0
6345338,10.145873288130872
6346339,0.0
6347340,26.8970330727554
6348341,0.0
6349342,0.0
6350343,0.0
6351344,23.013778773077675
6352345,0.0
6353346,0.0
6354347,4.607784761911953
6355348,0.0
6356349,0.0
6357350,0.0
6358351,0.0
6359352,0.0
6360353,0.0
6361354,0.0
6362355,0.0
6363356,0.0
6364357,0.0
6365358,0.0
6366359,0.0
6367360,10.684776187440127
6368361,0.0
6369362,0.0
6370363,24.29942892411163
6371364,0.0
6372365,0.0
6373366,0.0
6374367,0.0
6375368,0.0
6376369,0.0
6377370,0.0
6378371,0.0
6379372,0.0
6380373,0.0
6381374,0.0
6382375,0.0
6383376,0.0
6384377,0.0
6385378,0.0
6386379,16.918584741715428
6387380,0.0
6388381,0.0
6389382,0.0
6390383,0.0
6391384,0.0
6392385,13.535094111524387
6393386,11.0167850729329
6394387,18.98354823853142
6395388,0.0
6396389,0.0
6397390,28.455049807729274
6398391,12.14518267583618
6399392,0.0
6400393,17.9762666694977
6401394,14.465704467109292
6402395,0.0
6403396,0.0
6404397,0.0
6405398,0.0
6406399,0.0
6407400,55.855659904887
6408401,17.366711809368663
6409402,0.0
6410403,0.0
6411404,0.0
6412405,0.0
6413406,0.0
6414407,0.0
6415408,0.0
6416409,0.0
6417410,0.0
6418411,0.0
6419412,0.0
6420413,0.0
6421414,0.0
6422415,0.0
6423416,0.0
6424417,0.0
6425418,0.0
6426419,0.0
6427420,0.0
6428421,0.0
6429422,0.0
6430423,0.0
6431424,0.0
6432425,0.0
6433426,14.804493087075004
6434427,48.190134691291036
6435428,0.0
6436429,0.0
6437430,0.0
6438431,0.0
6439432,4.431186283634428
6440433,0.0
6441434,0.0
6442435,0.0
6443436,0.0
6444437,0.0
6445438,0.0
6446439,0.0
6447440,0.0
6448441,0.0
6449442,15.389181890438485
6450443,0.0
6451444,0.0
6452445,8.987861605989174
6453446,16.905763014255072
6454447,23.44942146696464
6455448,0.0
6456449,16.456479048475384
6457450,0.0
6458451,12.179898447091306
6459452,0.0
6460453,0.0
6461454,0.0
6462455,0.0
6463456,0.0
6464457,0.0
6465458,0.0
6466459,0.0
6467460,21.19409914941635
6468461,0.0
6469462,0.0
6470463,0.0
6471464,0.0
6472465,0.0
6473466,0.0
6474467,0.0
6475468,0.0
6476469,0.0
6477470,0.0
6478471,41.573668305850305
6479472,0.0
6480473,0.0
6481474,13.855357899135297
6482475,0.0
6483476,0.0
6484477,0.0
6485478,0.0
6486479,0.0
6487480,0.0
6488481,0.0
6489482,0.0
6490483,0.0
6491484,0.0
6492485,15.011956236618516
6493486,0.0
6494487,16.997373866310664
6495488,0.0
6496489,0.0
6497490,16.853353843468025
6498491,15.344963713564395
6499492,0.0
6500493,0.0
6501494,0.0
6502495,0.0
6503496,0.0
6504497,10.869059291415072
6505498,25.0594608043138
6506499,0.0
6507500,13.70544792156379
6508501,6.324779645247652
6509502,0.0
6510503,0.0
6511504,0.0
6512505,0.0
6513506,12.046313544624631
6514507,4.466327685434339
6515508,0.0
6516509,0.0
6517510,0.0
6518511,105.25541280099105
6519512,0.0
6520513,0.0
6521514,0.0
6522515,0.0
6523516,0.0
6524517,0.0
6525518,9.411592932194727
6526519,0.0
6527520,7.349069862149021
6528521,0.0
6529522,22.35633400119196
6530523,0.0
6531524,13.717089027561995
6532525,12.802221417218346
6533526,0.0
6534527,20.381122511161696
6535528,0.0
6536529,17.412601910724966
6537530,29.64761138153449
6538531,0.0
6539532,8.979607562298469
6540533,0.0
6541534,13.50906824130596
6542535,0.0
6543536,0.0
6544537,0.0
6545538,0.0
6546539,0.0
6547540,0.0
6548541,0.0
6549542,0.0
6550543,0.0
6551544,11.585635236244977
6552545,0.0
6553546,5.269858647204477
6554547,0.0
6555548,0.0
6556549,0.0
6557550,0.0
6558551,23.37845395272453
6559552,15.67903106864499
6560553,0.0
6561554,142.3476843893019
6562555,0.0
6563556,40.88448787473533
6564557,15.180750666976365
6565558,6.510133262073586
6566559,6.509547318332693
6567560,0.0
6568561,17.518091265219315
6569562,41.32680748834385
6570563,16.59563928740937
6571564,0.0
6572565,0.0
6573566,15.240270493633453
6574567,0.0
6575568,10.222392209014656
6576569,0.0
6577570,0.0
6578571,0.0
6579572,0.0
6580573,0.0
6581574,0.0
6582575,0.0
6583576,0.0
6584577,0.0
6585578,0.0
6586579,0.0
6587580,0.0
6588581,10.447916833411277
6589582,0.0
6590583,0.0
6591584,0.0
6592585,0.0
6593586,0.0
6594587,94.59033976405085
6595588,0.0
6596589,0.0
6597590,0.0
6598591,0.0
6599592,0.0
6600593,9.255180182460684
6601594,0.0
6602595,0.0
6603596,0.0
6604597,0.0
6605598,19.485265821239196
6606599,0.0
6607600,0.0
6608601,0.0
6609602,0.0
6610603,0.0
6611604,0.0
6612605,0.0
6613606,0.0
6614607,0.0
6615608,0.0
6616609,18.330452015723907
6617610,13.85919130113262
6618611,0.0
6619612,0.0
6620613,10.194282907580696
6621614,0.0
6622615,0.0
6623616,0.0
6624617,0.0
6625618,16.52496971618506
6626619,0.0
6627620,0.0
6628621,0.0
6629622,0.0
6630623,46.17027575810942
6631624,0.0
6632625,0.0
6633626,0.0
6634627,0.0
6635628,0.0
6636629,0.0
6637630,0.0
6638631,18.5143337039876
6639632,0.0
6640633,0.0
6641634,0.0
6642635,0.0
6643636,0.0
6644637,0.0
6645638,0.0
6646639,0.0
6647640,15.789492508647946
6648641,0.0
6649642,0.0
6650643,16.646104451202202
6651644,23.16281734525516
6652645,0.0
6653646,0.0
6654647,0.0
6655648,9.01904790090757
6656649,8.041101082197272
6657650,6.108196066999561
6658651,0.0
6659652,21.691467475064307
6660653,6.436259106631453
6661654,0.0
6662655,0.0
6663656,0.0
6664657,0.0
6665658,28.60326651531033
6666659,31.216340928625552
6667660,0.0
6668661,0.0
6669662,0.0
6670663,0.0
6671664,0.0
6672665,0.0
6673666,0.0
6674667,0.0
6675668,0.0
6676669,0.0
6677670,0.0
6678671,11.651206208639147
6679672,0.0
6680673,0.0
6681674,0.0
6682675,0.0
6683676,0.0
6684677,0.0
6685678,21.285865147960198
6686679,16.114996466024614
6687680,0.0
6688681,0.0
6689682,0.0
6690683,0.0
6691684,0.0
6692685,0.0
6693686,0.0
6694687,0.0
6695688,0.0
6696689,21.584054532470997
6697690,0.0
6698691,10.136844670214074
6699692,17.529418633530703
6700693,22.06597793835591
6701694,0.0
6702695,0.0
6703696,34.57100416376315
6704697,0.0
6705698,0.0
6706699,0.0
6707700,0.0
6708701,29.025602454077823
6709702,0.0
6710703,9.190879639945047
6711704,0.0
6712705,0.0
6713706,3.818032063853191
6714707,0.0
6715708,0.0
6716709,12.883075176665182
6717710,0.0
6718711,0.0
6719712,0.0
6720713,11.91420472333331
6721714,0.0
6722715,0.0
6723716,0.0
6724717,0.0
6725718,0.0
6726719,11.399401590058162
6727720,0.0
6728721,0.0
6729722,0.0
6730723,17.494003974784658
6731724,0.0
6732725,0.0
6733726,0.0
6734727,25.678251132815692
6735728,0.0
6736729,0.0
6737730,0.0
6738731,0.0
6739732,0.0
6740733,0.0
6741734,0.0
6742735,23.817184264376507
6743736,0.0
6744737,0.0
6745738,0.0
6746739,0.0
6747740,15.62458543891091
6748741,17.428181516211236
6749742,0.0
6750743,0.0
6751744,0.0
6752745,14.503938021698055
6753746,0.0
6754747,0.0
6755748,5.6957608949809995
6756749,0.0
6757750,0.0
6758751,0.0
6759752,10.107964558685225
6760753,0.0
6761754,0.0
6762755,0.0
6763756,0.0
6764757,0.0
6765758,0.0
6766759,8.722186722375708
6767760,19.245678393097137
6768761,17.01364387889052
6769762,0.0
6770763,0.0
6771764,0.0
6772765,22.039729362154983
6773766,0.0
6774767,0.0
6775768,0.0
6776769,23.490017735066143
6777770,0.0
6778771,0.0
6779772,0.0
6780773,0.0
6781774,0.0
6782775,0.0
6783776,0.0
6784777,0.0
6785778,109.68689195587064
6786779,15.86640377617088
6787780,0.0
6788781,25.225661619402665
6789782,9.931137063706807
6790783,10.476666132753326
6791784,0.0
6792785,0.0
6793786,13.589410502208022
6794787,19.352430959923677
6795788,0.0
6796789,0.0
6797790,12.781441215229922
6798791,7.990573192517321
6799792,0.0
6800793,16.55825069619876
6801794,0.0
6802795,0.0
6803796,0.0
6804797,0.0
6805798,0.0
6806799,0.0
6807800,0.0
6808801,0.0
6809802,0.0
6810803,27.503868823435536
6811804,0.0
6812805,0.0
6813806,0.0
6814807,0.0
6815808,0.0
6816809,0.0
6817810,12.725266389626427
6818811,0.0
6819812,0.0
6820813,11.764141850902604
6821814,0.0
6822815,0.0
6823816,0.0
6824817,0.0
6825818,0.0
6826819,51.04711403811268
6827820,0.0
6828821,0.0
6829822,0.0
6830823,16.80188101115499
6831824,4.505676331542092
6832825,1.9455503010679867
6833826,0.0
6834827,0.0
6835828,0.0
6836829,0.0
6837830,6.44310627619858
6838831,0.0
6839832,0.0
6840833,0.0
6841834,0.0
6842835,0.0
6843836,14.708272600835862
6844837,0.0
6845838,0.0
6846839,0.0
6847840,0.0
6848841,0.0
6849842,0.0
6850843,0.0
6851844,5.779368048990965
6852845,0.0
6853846,0.0
6854847,6.613031205300483
6855848,0.0
6856849,21.553536588055678
6857850,0.0
6858851,0.0
6859852,0.0
6860853,0.0
6861854,32.716791707787664
6862855,0.0
6863856,0.0
6864857,60.85715088533327
6865858,9.365626149657405
6866859,0.0
6867860,20.9136451799705
6868861,0.0
6869862,0.0
6870863,0.0
6871864,18.29443897930124
6872865,0.0
6873866,0.0
6874867,16.986330980381794
6875868,0.0
6876869,0.0
6877870,0.0
6878871,0.0
6879872,0.0
6880873,0.0
6881874,0.0
6882875,0.0
6883876,12.022984961743612
6884877,0.0
6885878,10.291593481725572
6886879,0.0
6887880,0.0
6888881,0.0
6889882,0.0
6890883,0.0
6891884,0.0
6892885,0.0
6893886,0.0
6894887,0.0
6895888,0.0
6896889,0.0
6897890,0.0
6898891,36.958786871827115
6899892,0.0
6900893,0.0
6901894,0.0
6902895,3.618463477010307
6903896,0.0
6904897,8.146427422761443
6905898,0.0
6906899,0.0
6907900,0.0
6908901,17.46335680175122
6909902,0.0
6910903,15.195077420760306
6911904,0.0
6912905,0.0
6913906,0.0
6914907,0.0
6915908,0.0
6916909,11.16713601426963
6917910,9.41873212222197
6918911,0.0
6919912,0.0
6920913,6.458197446036308
6921914,0.0
6922915,0.0
6923916,0.0
6924917,0.0
6925918,0.0
6926919,0.0
6927920,16.28801095651429
6928921,9.37269064522355
6929922,0.0
6930923,0.0
6931924,0.0
6932925,0.0
6933926,6.39078812381728
6934927,0.0
6935928,28.472234177871105
6936929,0.0
6937930,0.0
6938931,0.0
6939932,0.0
6940933,0.0
6941934,0.0
6942935,26.19597860414286
6943936,0.0
6944937,0.0
6945938,0.0
6946939,0.0
6947940,0.0
6948941,0.0
6949942,0.0
6950943,0.0
6951944,0.0
6952945,0.0
6953946,62.753750172306866
6954947,16.50811095107737
6955948,0.0
6956949,0.0
6957950,0.0
6958951,123.49181702279785
6959952,0.0
6960953,0.0
6961954,0.0
6962955,0.0
6963956,0.0
6964957,0.0
6965958,18.674488098009103
6966959,0.0
6967960,9.353953918651051
6968961,0.0
6969962,11.972558544478842
6970963,0.0
6971964,0.0
6972965,0.0
6973966,14.602075066046384
6974967,0.0
6975968,8.91371323849214
6976969,21.460442122199826
6977970,0.0
6978971,0.0
6979972,0.0
6980973,0.0
6981974,0.0
6982975,5.3708213970744145
6983976,0.0
6984977,17.173214568679082
6985978,13.965494974607905
6986979,0.0
6987980,17.515748137038734
6988981,0.0
6989982,38.32948645879914
6990983,0.0
6991984,0.0
6992985,13.9192326324364
6993986,10.21189814778255
6994987,0.0
6995988,0.0
6996989,0.0
6997990,0.0
6998991,12.867176192360773
6999992,33.88081434611404
7000993,0.0
7001994,0.0
7002995,0.0
7003996,4.670085661320135
7004997,23.720131765428793
7005998,17.25229586704049
7006999,0.0
7008000,0.0
7009001,0.0
7010002,0.0
7011003,0.0
7012004,0.0
7013005,36.07167705976751
7014006,0.0
7015007,0.0
7016008,0.0
7017009,0.0
7018010,35.42098868259375
7019011,6.323583514843119
7020012,7.5168729865961845
7021013,0.0
7022014,34.09293592099726
7023015,14.695566877858203
7024016,0.0
7025017,0.0
7026018,0.0
7027019,0.0
7028020,0.0
7029021,0.0
7030022,0.0
7031023,0.0
7032024,11.553590409545732
7033025,0.0
7034026,0.0
7035027,0.0
7036028,0.0
7037029,0.0
7038030,0.0
7039031,0.0
7040032,1.7408442243469735
7041033,0.0
7042034,9.337172349882204
7043035,0.0
7044036,0.0
7045037,0.0
7046038,0.0
7047039,0.0
7048040,0.0
7049041,0.0
7050042,0.0
7051043,0.0
7052044,0.0
7053045,13.74415556735138
7054046,12.543186340367512
7055047,0.0
7056048,0.0
7057049,0.0
7058050,0.0
7059051,32.91706388116209
7060052,0.0
7061053,14.783317176632673
7062054,0.0
7063055,0.0
7064056,0.0
7065057,18.263844220460687
7066058,0.0
7067059,0.0
7068060,0.0
7069061,0.0
7070062,0.0
7071063,2.8281185784770653
7072064,16.41410994030048
7073065,62.98904779688381
7074066,6.400525583904158
7075067,0.0
7076068,0.0
7077069,0.0
7078070,0.0
7079071,0.0
7080072,0.0
7081073,22.84706650736519
7082074,32.72768857168469
7083075,15.389227219614297
7084076,0.0
7085077,0.0
7086078,0.0
7087079,0.0
7088080,0.0
7089081,12.138497550065152
7090082,0.0
7091083,0.0
7092084,0.0
7093085,0.0
7094086,0.0
7095087,0.0
7096088,0.0
7097089,17.425795657568326
7098090,0.0
7099091,0.0
7100092,0.0
7101093,0.0
7102094,0.0
7103095,0.0
7104096,0.0
7105097,10.255201908715398
7106098,0.0
7107099,17.54956522572642
7108100,0.0
7109101,0.0
7110102,0.0
7111103,0.0
7112104,19.880732016477612
7113105,0.0
7114106,0.0
7115107,0.0
7116108,0.0
7117109,0.0
7118110,12.830433792192938
7119111,0.0
7120112,0.0
7121113,11.052789744726715
7122114,23.311058308313758
7123115,0.0
7124116,3.7211699407832435
7125117,0.0
7126118,0.0
7127119,17.40960355356676
7128120,0.0
7129121,0.0
7130122,6.35175519889774
7131123,0.0
7132124,10.030040619105346
7133125,19.548645161976957
7134126,0.0
7135127,0.0
7136128,6.487291175729833
7137129,0.0
7138130,0.0
7139131,48.76842765330099
7140132,0.0
7141133,0.0
7142134,16.304814575678
7143135,14.415929048384214
7144136,0.0
7145137,0.0
7146138,0.0
7147139,0.0
7148140,12.206894424731033
7149141,0.0
7150142,0.0
7151143,13.97690787008732
7152144,0.0
7153145,0.0
7154146,20.405164904960813
7155147,14.90952483010296
7156148,0.0
7157149,0.0
7158150,13.400654612288603
7159151,0.0
7160152,0.0
7161153,0.0
7162154,18.91273144660537
7163155,0.0
7164156,0.0
7165157,36.59942737279997
7166158,95.19543878218563
7167159,14.036966307144374
7168160,16.31502530944045
7169161,0.0
7170162,0.0
7171163,0.0
7172164,0.0
7173165,0.0
7174166,0.0
7175167,0.0
7176168,0.0
7177169,0.0
7178170,0.0
7179171,0.0
7180172,0.0
7181173,0.0
7182174,0.0
7183175,0.0
7184176,22.231082197699703
7185177,0.0
7186178,24.704949492707534
7187179,0.0
7188180,57.22265627341237
7189181,0.0
7190182,19.916582138747955
7191183,0.0
7192184,0.0
7193185,0.0
7194186,0.0
7195187,0.0
7196188,12.988046555473343
7197189,0.0
7198190,11.159589894669454
7199191,13.592593519862842
7200192,21.564422898526853
7201193,0.0
7202194,0.0
7203195,0.0
7204196,0.0
7205197,0.0
7206198,0.0
7207199,16.340985421898132
7208200,0.0
7209201,0.0
7210202,0.0
7211203,0.0
7212204,0.0
7213205,36.904267709409105
7214206,0.0
7215207,0.0
7216208,0.0
7217209,0.0
7218210,0.0
7219211,4.732474802388235
7220212,0.0
7221213,0.0
7222214,0.0
7223215,0.0
7224216,0.0
7225217,0.0
7226218,0.0
7227219,2.7059774113684956
7228220,0.0
7229221,59.18553455724252
7230222,0.0
7231223,15.593024391330355
7232224,0.0
7233225,0.0
7234226,0.0
7235227,0.0
7236228,28.503830631615415
7237229,38.10793930441198
7238230,12.932724554187637
7239231,0.0
7240232,0.0
7241233,0.0
7242234,0.0
7243235,0.0
7244236,0.0
7245237,33.90482275347587
7246238,0.0
7247239,0.0
7248240,0.0
7249241,28.453402151695457
7250242,0.0
7251243,0.0
7252244,0.0
7253245,0.0
7254246,0.0
7255247,7.2945237398544505
7256248,0.0
7257249,13.827456361443824
7258250,0.0
7259251,16.25823436906947
7260252,14.561742568672297
7261253,0.0
7262254,0.0
7263255,0.0
7264256,0.0
7265257,70.35426971496503
7266258,0.0
7267259,0.0
7268260,0.0
7269261,0.0
7270262,0.0
7271263,0.0
7272264,0.0
7273265,23.520281319305578
7274266,0.0
7275267,24.650633525115484
7276268,0.0
7277269,0.0
7278270,28.327527936633928
7279271,0.0
7280272,0.0
7281273,10.835787330120507
7282274,22.414010566256106
7283275,0.0
7284276,0.0
7285277,0.0
7286278,21.24837625996452
7287279,12.890815096647767
7288280,0.0
7289281,0.0
7290282,0.0
7291283,0.0
7292284,0.0
7293285,43.441096272898605
7294286,0.0
7295287,17.138206809607723
7296288,0.0
7297289,0.0
7298290,0.0
7299291,0.0
7300292,0.0
7301293,0.0
7302294,0.0
7303295,0.0
7304296,0.0
7305297,0.0
7306298,5.473706586676959
7307299,0.0
7308300,0.0
7309301,0.0
7310302,0.0
7311303,0.0
7312304,0.0
7313305,0.0
7314306,0.0
7315307,0.0
7316308,13.024021985647508
7317309,25.04258303753197
7318310,0.0
7319311,0.0
7320312,43.820530787871775
7321313,0.0
7322314,0.0
7323315,0.0
7324316,0.0
7325317,0.0
7326318,0.0
7327319,17.295503825545296
7328320,13.653210748664941
7329321,16.547268740097838
7330322,22.772740155435056
7331323,0.0
7332324,37.36578572893724
7333325,0.0
7334326,17.779067543568082
7335327,7.618705739569725
7336328,0.0
7337329,0.0
7338330,8.119576801938463
7339331,0.0
7340332,0.0
7341333,11.670134373824919
7342334,0.0
7343335,0.0
7344336,35.0891127012222
7345337,0.0
7346338,0.0
7347339,0.0
7348340,16.842249418785627
7349341,0.0
7350342,0.0
7351343,0.0
7352344,13.670575993800655
7353345,0.0
7354346,3.6894262070233927
7355347,27.28174236558537
7356348,0.0
7357349,0.0
7358350,0.0
7359351,0.0
7360352,0.0
7361353,0.0
7362354,0.0
7363355,0.0
7364356,0.0
7365357,20.043819404494766
7366358,0.0
7367359,0.0
7368360,0.0
7369361,0.0
7370362,14.50359659169186
7371363,0.0
7372364,17.21612771569113
7373365,0.0
7374366,0.0
7375367,0.0
7376368,0.0
7377369,0.0
7378370,0.0
7379371,0.0
7380372,0.0
7381373,0.0
7382374,0.0
7383375,0.0
7384376,0.0
7385377,0.0
7386378,15.49708807085316
7387379,0.0
7388380,0.0
7389381,0.0
7390382,0.0
7391383,0.0
7392384,0.0
7393385,18.04097413810635
7394386,0.0
7395387,1.9025306094207193
7396388,0.0
7397389,0.0
7398390,0.0
7399391,29.864268979201444
7400392,0.0
7401393,0.0
7402394,29.93591881057816
7403395,0.0
7404396,0.0
7405397,0.0
7406398,0.0
7407399,13.888826827383866
7408400,0.0
7409401,32.055723540488025
7410402,24.205418972786035
7411403,0.0
7412404,0.0
7413405,0.0
7414406,25.206106511304448
7415407,11.707886901841677
7416408,0.0
7417409,0.0
7418410,0.0
7419411,0.0
7420412,0.0
7421413,0.0
7422414,0.0
7423415,0.0
7424416,14.428001707399257
7425417,0.0
7426418,0.0
7427419,0.0
7428420,29.40337057546387
7429421,11.948582492143101
7430422,9.960287880249986
7431423,0.0
7432424,0.0
7433425,0.0
7434426,0.0
7435427,0.0
7436428,0.0
7437429,0.0
7438430,0.0
7439431,0.0
7440432,0.0
7441433,9.201239613672932
7442434,0.0
7443435,0.0
7444436,0.0
7445437,0.0
7446438,6.51178336872782
7447439,0.0
7448440,0.0
7449441,0.0
7450442,0.0
7451443,0.0
7452444,0.0
7453445,9.718500179508936
7454446,14.612063858037331
7455447,0.0
7456448,0.0
7457449,0.0
7458450,0.0
7459451,58.11727278279179
7460452,0.0
7461453,0.0
7462454,0.0
7463455,0.0
7464456,0.0
7465457,0.0
7466458,0.0
7467459,0.0
7468460,13.845185376444205
7469461,0.0
7470462,25.885104598632076
7471463,0.0
7472464,20.95706477935649
7473465,0.0
7474466,0.0
7475467,0.0
7476468,0.0
7477469,11.108640026589516
7478470,10.111492560402409
7479471,0.0
7480472,0.0
7481473,26.1280575646114
7482474,7.403456318846191
7483475,0.0
7484476,0.0
7485477,22.149621061669293
7486478,0.0
7487479,0.0
7488480,10.163833598227853
7489481,34.80206953005454
7490482,14.642250447112843
7491483,16.836323374945593
7492484,0.0
7493485,0.0
7494486,0.0
7495487,13.057690335552884
7496488,0.0
7497489,0.0
7498490,0.0
7499491,0.0
7500492,0.0
7501493,0.0
7502494,0.0
7503495,0.0
7504496,0.0
7505497,0.0
7506498,0.0
7507499,0.0
7508500,0.0
7509501,0.0
7510502,0.0
7511503,0.0
7512504,0.0
7513505,0.0
7514506,0.0
7515507,21.056455422084543
7516508,18.907887148030444
7517509,0.0
7518510,13.829728977274918
7519511,0.0
7520512,10.945641630268746
7521513,0.0
7522514,0.0
7523515,0.0
7524516,0.0
7525517,0.0
7526518,11.114807609029587
7527519,0.0
7528520,0.0
7529521,10.4830436423205
7530522,0.0
7531523,0.0
7532524,0.0
7533525,0.0
7534526,0.0
7535527,0.0
7536528,0.0
7537529,0.0
7538530,11.852961300260436
7539531,0.0
7540532,0.0
7541533,4.716374099408714
7542534,0.0
7543535,0.0
7544536,0.0
7545537,0.0
7546538,16.248871272534995
7547539,0.0
7548540,0.0
7549541,0.0
7550542,0.0
7551543,0.0
7552544,7.201455217773007
7553545,0.0
7554546,0.0
7555547,0.0
7556548,0.0
7557549,17.557176862398656
7558550,0.0
7559551,0.0
7560552,0.0
7561553,0.0
7562554,0.0
7563555,0.0
7564556,0.0
7565557,42.26711816174743
7566558,0.0
7567559,0.0
7568560,0.0
7569561,0.0
7570562,0.0
7571563,0.0
7572564,0.0
7573565,0.0
7574566,0.0
7575567,0.0
7576568,0.0
7577569,0.0
7578570,0.0
7579571,0.0
7580572,6.292845952168049
7581573,19.69034430493562
7582574,0.0
7583575,23.809604793106313
7584576,0.0
7585577,19.441457579065485
7586578,0.0
7587579,0.0
7588580,0.0
7589581,0.0
7590582,0.0
7591583,0.0
7592584,0.0
7593585,0.0
7594586,15.519479789431292
7595587,0.0
7596588,0.0
7597589,17.585915919041273
7598590,0.0
7599591,0.0
7600592,17.145576612316155
7601593,20.64583367533596
7602594,31.566360592942328
7603595,0.0
7604596,0.0
7605597,19.58579422133258
7606598,13.412550153879067
7607599,1.9330336574818636
7608600,0.0
7609601,7.433110412119168
7610602,19.060845087029772
7611603,0.0
7612604,0.0
7613605,0.0
7614606,0.0
7615607,0.0
7616608,0.0
7617609,0.0
7618610,21.728244750829056
7619611,0.0
7620612,0.0
7621613,0.0
7622614,0.0
7623615,0.0
7624616,0.0
7625617,0.0
7626618,10.762253487559416
7627619,0.0
7628620,0.0
7629621,0.0
7630622,0.0
7631623,0.0
7632624,0.0
7633625,0.0
7634626,28.50144839638266
7635627,0.0
7636628,14.770720876072714
7637629,0.0
7638630,0.0
7639631,0.0
7640632,0.0
7641633,19.960479964604737
7642634,15.266331882912496
7643635,0.0
7644636,41.498627711502465
7645637,0.0
7646638,0.0
7647639,0.0
7648640,0.0
7649641,0.0
7650642,3.760507888268878
7651643,8.41174949190084
7652644,0.0
7653645,10.882512874895902
7654646,0.0
7655647,14.50672932768779
7656648,6.823821452515962
7657649,0.0
7658650,0.0
7659651,0.0
7660652,0.0
7661653,0.0
7662654,0.0
7663655,0.0
7664656,0.0
7665657,12.81390567822581
7666658,0.0
7667659,0.0
7668660,12.59398832085771
7669661,38.88679620984203
7670662,2.842324543365221
7671663,0.0
7672664,0.0
7673665,0.0
7674666,0.0
7675667,0.0
7676668,0.0
7677669,0.0
7678670,0.0
7679671,0.0
7680672,0.0
7681673,0.0
7682674,0.0
7683675,0.0
7684676,0.0
7685677,0.0
7686678,11.705853936510717
7687679,0.0
7688680,0.0
7689681,0.0
7690682,0.0
7691683,0.0
7692684,0.0
7693685,20.547551848262774
7694686,0.0
7695687,0.0
7696688,0.0
7697689,12.695395178697199
7698690,43.56546093000036
7699691,0.0
7700692,0.0
7701693,4.757613347929206
7702694,0.0
7703695,0.0
7704696,3.663680001120148
7705697,0.0
7706698,0.0
7707699,0.0
7708700,13.903197042281809
7709701,0.0
7710702,3.4848304655951967
7711703,0.0
7712704,0.0
7713705,4.668810490090034
7714706,0.0
7715707,12.048375324375089
7716708,0.0
7717709,19.524175277057918
7718710,0.0
7719711,0.0
7720712,0.0
7721713,54.27791428053465
7722714,0.0
7723715,0.0
7724716,0.0
7725717,0.0
7726718,0.0
7727719,5.295610435639193
7728720,21.337990999582665
7729721,28.47053216718204
7730722,46.586067515809994
7731723,0.0
7732724,19.414335233995168
7733725,0.0
7734726,0.0
7735727,14.907413987790083
7736728,16.491448823208913
7737729,0.0
7738730,0.0
7739731,0.0
7740732,0.0
7741733,15.590311175699771
7742734,0.0
7743735,0.0
7744736,7.8930491670820455
7745737,12.692575574243989
7746738,0.0
7747739,45.133681654136204
7748740,0.0
7749741,18.01971951249481
7750742,0.0
7751743,0.0
7752744,0.0
7753745,0.0
7754746,37.70572148175885
7755747,0.0
7756748,0.0
7757749,0.0
7758750,0.0
7759751,0.0
7760752,0.0
7761753,0.0
7762754,20.92989787366345
7763755,0.0
7764756,0.0
7765757,0.0
7766758,31.314046493531723
7767759,10.36535503206609
7768760,0.0
7769761,0.0
7770762,0.0
7771763,8.58692149643745
7772764,0.0
7773765,0.0
7774766,18.438322176451326
7775767,0.0
7776768,0.0
7777769,23.34550283192926
7778770,0.0
7779771,0.0
7780772,22.037354602033414
7781773,0.0
7782774,10.088189944030828
7783775,0.0
7784776,17.96064064656161
7785777,0.0
7786778,0.0
7787779,15.760244687630282
7788780,0.0
7789781,31.30953331377567
7790782,2.65211426429169
7791783,16.682091917060028
7792784,0.0
7793785,0.0
7794786,13.448140006288924
7795787,38.121792020404136
7796788,0.0
7797789,0.0
7798790,0.0
7799791,0.0
7800792,0.0
7801793,0.0
7802794,0.0
7803795,0.0
7804796,19.961451684864034
7805797,19.60959938253651
7806798,0.0
7807799,16.621610914389475
7808800,0.0
7809801,0.0
7810802,0.0
7811803,0.0
7812804,20.19185756291128
7813805,0.0
7814806,0.0
7815807,0.0
7816808,0.0
7817809,11.288579130927516
7818810,0.0
7819811,24.548758095757787
7820812,14.86910793089259
7821813,20.343912390288853
7822814,0.0
7823815,20.08766477427855
7824816,0.0
7825817,0.0
7826818,0.0
7827819,0.0
7828820,0.0
7829821,14.762188129379886
7830822,0.0
7831823,4.682426479567305
7832824,16.67179469613636
7833825,19.81824364647939
7834826,0.0
7835827,0.0
7836828,0.0
7837829,0.0
7838830,0.0
7839831,17.47639448443553
7840832,12.96537287506496
7841833,3.581516018483769
7842834,0.0
7843835,0.0
7844836,0.0
7845837,47.395490585141516
7846838,0.0
7847839,0.0
7848840,23.01081525588739
7849841,0.0
7850842,0.0
7851843,0.0
7852844,45.27368845158608
7853845,0.0
7854846,0.0
7855847,19.501092779619793
7856848,299.18540369454007
7857849,0.0
7858850,0.0
7859851,8.476776964031359
7860852,8.134369147163365
7861853,18.213101714801866
7862854,0.0
7863855,0.0
7864856,0.0
7865857,12.713040827160205
7866858,11.73062129388373
7867859,9.164165016383167
7868860,10.319070963505851
7869861,0.0
7870862,12.02539683422317
7871863,20.477564122491298
7872864,0.0
7873865,11.045382258703933
7874866,0.0
7875867,13.476872701969747
7876868,0.0
7877869,0.0
7878870,0.0
7879871,12.066654011444179
7880872,18.016812190901327
7881873,12.813776887758028
7882874,8.444396819286633
7883875,0.0
7884876,0.0
7885877,52.01067009173491
7886878,0.0
7887879,0.0
7888880,33.310434493443026
7889881,17.89690719463099
7890882,0.0
7891883,0.0
7892884,0.0
7893885,0.0
7894886,40.701545316241166
7895887,0.0
7896888,0.0
7897889,0.0
7898890,24.8188515142641
7899891,0.0
7900892,0.0
7901893,0.0
7902894,0.0
7903895,14.901192009579335
7904896,22.61185616778723
7905897,0.0
7906898,8.941621939871093
7907899,0.0
7908900,0.0
7909901,20.480029873167567
7910902,12.008987315366669
7911903,0.0
7912904,0.0
7913905,0.0
7914906,0.0
7915907,0.0
7916908,0.0
7917909,0.0
7918910,0.0
7919911,0.0
7920912,12.630926701730129
7921913,0.0
7922914,43.430806102298654
7923915,0.0
7924916,0.0
7925917,0.0
7926918,0.0
7927919,0.0
7928920,0.0
7929921,1.9158941302341306
7930922,0.0
7931923,0.0
7932924,13.629358050977618
7933925,22.863399784162954
7934926,1.8458904122402382
7935927,10.045422437092173
7936928,0.0
7937929,0.0
7938930,0.0
7939931,0.0
7940932,0.0
7941933,0.0
7942934,0.0
7943935,0.0
7944936,0.0
7945937,0.0
7946938,0.0
7947939,0.0
7948940,0.0
7949941,0.0
7950942,0.0
7951943,0.0
7952944,0.0
7953945,0.0
7954946,8.371212403246615
7955947,0.0
7956948,0.0
7957949,0.0
7958950,0.0
7959951,0.0
7960952,0.0
7961953,0.0
7962954,37.53379646636067
7963955,0.0
7964956,17.13065537129151
7965957,0.0
7966958,0.0
7967959,0.0
7968960,13.200481239535419
7969961,0.0
7970962,17.041213473248735
7971963,0.0
7972964,0.0
7973965,22.06800160356439
7974966,8.955951257216997
7975967,0.0
7976968,0.0
7977969,0.0
7978970,0.0
7979971,0.0
7980972,0.0
7981973,7.340679725880699
7982974,0.0
7983975,0.0
7984976,0.0
7985977,16.483415230682386
7986978,16.52594657004303
7987979,0.0
7988980,0.0
7989981,8.400274594179324
7990982,40.975913694931215
7991983,0.0
7992984,0.0
7993985,25.98820466925176
7994986,26.103720694770384
7995987,0.0
7996988,0.0
7997989,0.0
7998990,12.607472223847855
7999991,0.0
8000992,0.0
8001993,0.0
8002994,107.23741987923002
8003995,0.0
8004996,0.0
8005997,0.0
8006998,0.0
8007999,0.0
8009000,30.19235128589596
8010001,0.0
8011002,0.0
8012003,0.0
8013004,0.0
8014005,18.81450922419823
8015006,33.140829795120894
8016007,0.0
8017008,0.0
8018009,5.5570422939585296
8019010,0.0
8020011,0.0
8021012,19.559573764653955
8022013,0.0
8023014,0.0
8024015,0.0
8025016,0.0
8026017,0.0
8027018,0.0
8028019,24.329055928134597
8029020,0.0
8030021,0.0
8031022,0.0
8032023,16.504404739772056
8033024,31.03712380812075
8034025,0.0
8035026,0.0
8036027,0.0
8037028,0.0
8038029,20.97863993005909
8039030,0.0
8040031,0.0
8041032,39.3668660998319
8042033,0.0
8043034,0.0
8044035,0.0
8045036,0.0
8046037,13.943749060293396
8047038,0.0
8048039,0.0
8049040,30.271107962879487
8050041,111.83174260815302
8051042,0.0
8052043,22.82859915520486
8053044,0.0
8054045,0.0
8055046,0.0
8056047,28.29078006958509
8057048,13.791582355978626
8058049,0.0
8059050,0.0
8060051,0.0
8061052,0.9621699023920298
8062053,0.0
8063054,0.0
8064055,0.0
8065056,0.0
8066057,0.0
8067058,0.0
8068059,0.0
8069060,13.956758371685073
8070061,0.0
8071062,5.642717460909279
8072063,0.0
8073064,0.0
8074065,0.0
8075066,0.0
8076067,0.0
8077068,0.0
8078069,12.49755465461719
8079070,0.0
8080071,0.0
8081072,0.0
8082073,3.7167067283097084
8083074,0.0
8084075,23.6609007654519
8085076,18.523795586720667
8086077,8.986875040056843
8087078,17.756584463288895
8088079,0.0
8089080,28.993808340307673
8090081,19.060998178328898
8091082,0.0
8092083,0.0
8093084,0.0
8094085,0.0
8095086,0.0
8096087,0.0
8097088,0.0
8098089,29.087451389948445
8099090,0.0
8100091,33.61565290927343
8101092,0.0
8102093,0.0
8103094,44.21270114782181
8104095,0.0
8105096,8.523855553992812
8106097,0.0
8107098,0.0
8108099,0.0
8109100,0.0
8110101,0.0
8111102,0.0
8112103,0.0
8113104,13.815949656102076
8114105,0.0
8115106,0.0
8116107,0.0
8117108,0.0
8118109,0.0
8119110,5.718475470152371
8120111,0.0
8121112,0.0
8122113,0.0
8123114,0.0
8124115,0.0
8125116,0.0
8126117,0.0
8127118,0.0
8128119,3.4234058219042804
8129120,10.536098312373872
8130121,0.0
8131122,0.0
8132123,0.0
8133124,0.0
8134125,0.0
8135126,0.0
8136127,0.0
8137128,0.0
8138129,0.0
8139130,0.0
8140131,0.0
8141132,0.0
8142133,0.0
8143134,0.0
8144135,0.0
8145136,0.0
8146137,13.256216428228065
8147138,0.0
8148139,17.32263367454883
8149140,21.21518588344465
8150141,0.0
8151142,0.0
8152143,62.9011893035579
8153144,0.0
8154145,25.055475070860425
8155146,10.893680627874955
8156147,0.0
8157148,0.0
8158149,15.362192845239223
8159150,0.0
8160151,0.0
8161152,0.0
8162153,0.0
8163154,34.52532610451829
8164155,0.0
8165156,4.735736086748179
8166157,0.0
8167158,0.0
8168159,0.0
8169160,0.0
8170161,68.87977793602282
8171162,0.0
8172163,0.0
8173164,0.0
8174165,8.100430166652886
8175166,0.0
8176167,0.0
8177168,0.0
8178169,0.0
8179170,0.0
8180171,0.0
8181172,0.0
8182173,0.0
8183174,0.0
8184175,0.0
8185176,16.174107149450002
8186177,0.0
8187178,0.0
8188179,1.904728611374002
8189180,0.0
8190181,0.0
8191182,12.935718522202459
8192183,23.426729098426115
8193184,0.0
8194185,0.0
8195186,0.0
8196187,0.0
8197188,25.146437837423818
8198189,3.8202076108696588
8199190,0.0
8200191,0.0
8201192,0.0
8202193,0.0
8203194,0.0
8204195,0.0
8205196,0.0
8206197,0.0
8207198,27.898377251971986
8208199,49.68163312297761
8209200,0.0
8210201,19.09032466825835
8211202,0.0
8212203,0.0
8213204,0.0
8214205,12.715447907882695
8215206,15.152943089578544
8216207,13.232008475224513
8217208,0.0
8218209,15.457193872963888
8219210,0.0
8220211,15.58910460137459
8221212,12.506984175020605
8222213,0.0
8223214,0.0
8224215,0.0
8225216,0.0
8226217,20.76159980781034
8227218,0.0
8228219,0.0
8229220,0.0
8230221,0.0
8231222,5.530514308202459
8232223,11.606310683404985
8233224,0.0
8234225,0.0
8235226,11.94345269093676
8236227,0.0
8237228,11.935224374170256
8238229,0.0
8239230,0.0
8240231,1.8858958424014327
8241232,0.0
8242233,0.0
8243234,0.0
8244235,12.962152286743434
8245236,0.0
8246237,0.0
8247238,26.099597887936504
8248239,0.0
8249240,0.0
8250241,0.0
8251242,0.0
8252243,11.04423997909864
8253244,0.0
8254245,0.0
8255246,0.0
8256247,0.0
8257248,0.0
8258249,0.0
8259250,30.741142573479035
8260251,0.0
8261252,0.0
8262253,24.92860050936954
8263254,1.793003354293265
8264255,0.0
8265256,0.0
8266257,0.0
8267258,6.333933709360141
8268259,0.0
8269260,0.0
8270261,0.0
8271262,0.0
8272263,2.8630496946305777
8273264,0.0
8274265,0.0
8275266,0.0
8276267,0.0
8277268,13.745445219588138
8278269,19.793412201801363
8279270,0.0
8280271,204.34197851610367
8281272,0.0
8282273,0.0
8283274,17.85121055980511
8284275,0.0
8285276,21.762394620501407
8286277,0.0
8287278,0.0
8288279,0.0
8289280,0.0
8290281,0.0
8291282,0.0
8292283,0.0
8293284,0.0
8294285,1.8031430257295913
8295286,0.0
8296287,0.0
8297288,0.0
8298289,0.0
8299290,0.0
8300291,0.0
8301292,0.0
8302293,4.570778140931276
8303294,0.0
8304295,0.0
8305296,0.0
8306297,0.0
8307298,0.0
8308299,0.0
8309300,0.0
8310301,0.0
8311302,0.0
8312303,0.0
8313304,0.0
8314305,0.0
8315306,0.0
8316307,49.68986164828996
8317308,0.0
8318309,15.144800126605723
8319310,0.0
8320311,0.0
8321312,0.0
8322313,22.277680528332873
8323314,16.215930752888422
8324315,0.0
8325316,0.0
8326317,5.445219101259532
8327318,12.507809719099077
8328319,9.30842686897423
8329320,0.0
8330321,0.0
8331322,30.804422561393363
8332323,53.61765449126525
8333324,0.0
8334325,0.0
8335326,0.0
8336327,14.509495770676535
8337328,0.0
8338329,0.0
8339330,9.107596993831429
8340331,0.0
8341332,0.0
8342333,0.0
8343334,0.0
8344335,0.0
8345336,0.0
8346337,0.0
8347338,0.0
8348339,0.0
8349340,0.0
8350341,0.0
8351342,0.0
8352343,0.0
8353344,0.0
8354345,0.0
8355346,0.0
8356347,0.0
8357348,0.0
8358349,0.0
8359350,0.0
8360351,0.0
8361352,0.0
8362353,0.0
8363354,0.0
8364355,0.0
8365356,0.0
8366357,11.9082986547416
8367358,0.0
8368359,39.56344578178269
8369360,71.41625012983343
8370361,0.0
8371362,0.0
8372363,0.0
8373364,0.0
8374365,17.503684240026253
8375366,20.1869012517868
8376367,56.83769239480968
8377368,0.0
8378369,0.0
8379370,0.0
8380371,12.661234323098085
8381372,14.349173042800313
8382373,44.24282158212083
8383374,0.0
8384375,0.0
8385376,0.0
8386377,0.0
8387378,0.0
8388379,0.0
8389380,0.0
8390381,0.0
8391382,0.0
8392383,47.66102211581141
8393384,0.0
8394385,31.914094672174503
8395386,0.0
8396387,0.0
8397388,0.0
8398389,0.0
8399390,0.0
8400391,0.0
8401392,0.0
8402393,0.0
8403394,0.0
8404395,18.105880750943488
8405396,0.0
8406397,13.87419957768263
8407398,0.0
8408399,20.628016624391964
8409400,0.0
8410401,0.0
8411402,15.57897273026002
8412403,0.0
8413404,0.0
8414405,0.0
8415406,0.0
8416407,0.0
8417408,0.0
8418409,11.843780241462358
8419410,19.147775445665776
8420411,0.0
8421412,5.522541274117942
8422413,0.0
8423414,0.0
8424415,14.720281928969019
8425416,0.0
8426417,0.0
8427418,19.20397457249403
8428419,0.0
8429420,14.018361336757017
8430421,0.0
8431422,0.0
8432423,38.585296520066066
8433424,19.279038126520767
8434425,0.0
8435426,0.0
8436427,0.0
8437428,0.0
8438429,34.308320930892755
8439430,11.70309763308606
8440431,0.0
8441432,0.0
8442433,0.0
8443434,0.0
8444435,32.59132619541356
8445436,0.0
8446437,0.0
8447438,0.0
8448439,11.819228161510772
8449440,0.0
8450441,0.0
8451442,0.0
8452443,0.0
8453444,13.708970105451062
8454445,0.0
8455446,0.0
8456447,13.462408546721306
8457448,0.0
8458449,0.0
8459450,0.0
8460451,0.0
8461452,0.0
8462453,1.7821181419126537
8463454,0.0
8464455,0.0
8465456,0.0
8466457,0.0
8467458,0.0
8468459,0.0
8469460,0.0
8470461,0.0
8471462,0.0
8472463,0.0
8473464,0.0
8474465,17.034231198735988
8475466,0.0
8476467,0.0
8477468,21.038451976814535
8478469,0.0
8479470,0.0
8480471,0.0
8481472,0.0
8482473,0.0
8483474,0.0
8484475,0.0
8485476,0.0
8486477,0.0
8487478,2.623945892682132
8488479,8.499984818404176
8489480,59.946644566076536
8490481,0.0
8491482,0.0
8492483,0.0
8493484,0.0
8494485,0.0
8495486,0.0
8496487,0.0
8497488,0.0
8498489,0.0
8499490,0.0
8500491,0.0
8501492,0.0
8502493,0.0
8503494,11.31167809465473
8504495,0.0
8505496,0.0
8506497,0.0
8507498,0.0
8508499,20.72070485786217
8509500,0.0
8510501,22.94934767006832
8511502,0.0
8512503,0.0
8513504,5.432536496161462
8514505,0.0
8515506,0.0
8516507,0.0
8517508,0.0
8518509,0.0
8519510,0.0
8520511,0.0
8521512,0.0
8522513,0.0
8523514,0.0
8524515,0.0
8525516,0.0
8526517,0.0
8527518,0.0
8528519,0.0
8529520,10.840357765315906
8530521,6.312838217064284
8531522,0.9523463725868486
8532523,0.0
8533524,0.0
8534525,0.0
8535526,0.0
8536527,18.075112494885733
8537528,0.0
8538529,0.0
8539530,0.0
8540531,0.0
8541532,12.805551064627078
8542533,0.0
8543534,0.0
8544535,0.0
8545536,0.0
8546537,0.0
8547538,31.460847014057244
8548539,0.0
8549540,0.0
8550541,0.0
8551542,0.0
8552543,0.0
8553544,0.0
8554545,0.0
8555546,12.71504736425626
8556547,17.843651717381018
8557548,0.0
8558549,0.0
8559550,0.0
8560551,0.0
8561552,0.0
8562553,0.0
8563554,20.54423225523371
8564555,12.824296928653347
8565556,0.0
8566557,0.0
8567558,0.0
8568559,0.0
8569560,0.0
8570561,0.0
8571562,0.0
8572563,11.80183585758971
8573564,15.461656913316993
8574565,0.0
8575566,12.380126734708057
8576567,23.952929102342587
8577568,0.0
8578569,0.0
8579570,0.0
8580571,0.0
8581572,0.0
8582573,0.0
8583574,0.0
8584575,0.0
8585576,0.0
8586577,20.23530593356729
8587578,0.0
8588579,24.104566507944508
8589580,21.322995769159707
8590581,0.0
8591582,0.0
8592583,14.288915645517031
8593584,0.0
8594585,0.0
8595586,0.0
8596587,0.0
8597588,0.0
8598589,19.11197611625
8599590,0.0
8600591,13.807467082803052
8601592,0.0
8602593,0.0
8603594,34.04019321222182
8604595,0.0
8605596,70.66879616637516
8606597,0.0
8607598,0.0
8608599,0.0
8609600,0.0
8610601,0.0
8611602,0.0
8612603,0.0
8613604,0.0
8614605,0.0
8615606,5.243697242340271
8616607,16.632591071071342
8617608,0.0
8618609,0.0
8619610,27.63173738738842
8620611,0.0
8621612,0.0
8622613,0.0
8623614,7.391336044879892
8624615,0.0
8625616,0.0
8626617,0.0
8627618,0.0
8628619,30.436902795564972
8629620,10.544768344177989
8630621,11.517648828349081
8631622,0.0
8632623,0.0
8633624,0.0
8634625,0.0
8635626,0.0
8636627,0.0
8637628,0.0
8638629,0.0
8639630,0.0
8640631,0.0
8641632,0.0
8642633,0.0
8643634,21.35730823506081
8644635,0.0
8645636,0.0
8646637,0.0
8647638,0.0
8648639,39.233024709927506
8649640,5.444646049307993
8650641,0.0
8651642,0.0
8652643,0.0
8653644,0.0
8654645,0.0
8655646,21.102051187271567
8656647,0.0
8657648,0.0
8658649,0.0
8659650,0.0
8660651,25.468541557400567
8661652,0.0
8662653,0.0
8663654,12.722431251697481
8664655,12.13328436963291
8665656,16.084134627008474
8666657,0.0
8667658,0.0
8668659,0.0
8669660,0.0
8670661,0.0
8671662,15.899161937905738
8672663,0.0
8673664,0.0
8674665,2.803512842544339
8675666,0.0
8676667,0.0
8677668,0.0
8678669,0.0
8679670,0.8678767096057056
8680671,0.0
8681672,0.0
8682673,0.0
8683674,0.0
8684675,9.358450422123948
8685676,0.0
8686677,0.0
8687678,0.0
8688679,0.0
8689680,0.0
8690681,0.0
8691682,51.11241930471253
8692683,25.09500459565543
8693684,15.794746973865571
8694685,0.0
8695686,0.0
8696687,0.0
8697688,0.0
8698689,0.0
8699690,0.0
8700691,0.0
8701692,0.0
8702693,18.366831174825236
8703694,0.0
8704695,0.0
8705696,0.0
8706697,10.087375304805164
8707698,0.0
8708699,0.0
8709700,0.0
8710701,17.56900835853404
8711702,0.0
8712703,0.0
8713704,0.0
8714705,0.0
8715706,0.0
8716707,14.444816025626498
8717708,0.0
8718709,0.0
8719710,66.36730815916762
8720711,16.30245188894424
8721712,0.0
8722713,11.815622274859194
8723714,0.0
8724715,0.0
8725716,0.0
8726717,0.0
8727718,0.0
8728719,0.0
8729720,10.410848530509956
8730721,0.0
8731722,0.0
8732723,21.89214142774041
8733724,17.149364778306033
8734725,0.0
8735726,0.0
8736727,0.0
8737728,0.0
8738729,9.118759721291289
8739730,0.0
8740731,1.7574670648807669
8741732,9.966035639941705
8742733,0.0
8743734,0.0
8744735,0.0
8745736,0.0
8746737,91.49186486444316
8747738,0.0
8748739,0.0
8749740,0.0
8750741,0.0
8751742,14.329749967039643
8752743,0.0
8753744,0.0
8754745,0.0
8755746,18.431766736150315
8756747,95.12885650581892
8757748,0.0
8758749,0.0
8759750,0.0
8760751,9.82759087441315
8761752,0.0
8762753,0.0
8763754,0.0
8764755,0.0
8765756,0.0
8766757,0.0
8767758,0.0
8768759,0.0
8769760,0.0
8770761,0.0
8771762,16.622227339798176
8772763,0.0
8773764,38.479980665572505
8774765,29.02685661904376
8775766,0.0
8776767,0.0
8777768,0.0
8778769,19.99282717520747
8779770,0.0
8780771,10.007884064600926
8781772,39.365322158836655
8782773,18.926350553573794
8783774,11.140326723089688
8784775,10.908946994903273
8785776,0.0
8786777,13.45489972749419
8787778,0.0
8788779,13.817314438694197
8789780,19.27444200695476
8790781,0.0
8791782,0.0
8792783,0.0
8793784,0.0
8794785,3.7573697069507332
8795786,0.0
8796787,0.0
8797788,0.0
8798789,0.0
8799790,0.0
8800791,0.0
8801792,14.802819964436667
8802793,0.0
8803794,0.0
8804795,0.0
8805796,0.0
8806797,0.0
8807798,0.0
8808799,31.025010878334463
8809800,0.0
8810801,10.676198755829455
8811802,0.0
8812803,0.0
8813804,0.0
8814805,0.0
8815806,0.0
8816807,0.0
8817808,0.0
8818809,0.0
8819810,1.9278318198594582
8820811,0.0
8821812,19.668650684911352
8822813,0.0
8823814,0.0
8824815,0.0
8825816,17.972691739848337
8826817,5.8809916084420095
8827818,0.0
8828819,35.228434733012385
8829820,0.0
8830821,0.0
8831822,17.447580241606243
8832823,0.0
8833824,20.125256922292717
8834825,0.0
8835826,12.68873685518019
8836827,8.193289858546526
8837828,0.0
8838829,0.0
8839830,0.0
8840831,15.143837174393635
8841832,13.731747710571732
8842833,58.23197503159947
8843834,0.0
8844835,34.07000662573976
8845836,0.0
8846837,0.0
8847838,0.0
8848839,19.705500718848533
8849840,0.8227423794670911
8850841,7.407268703025134
8851842,25.44542658695741
8852843,31.004266903405366
8853844,0.0
8854845,0.0
8855846,0.0
8856847,0.0
8857848,12.742325877531892
8858849,15.619034072960144
8859850,0.0
8860851,0.0
8861852,0.0
8862853,0.0
8863854,0.0
8864855,0.0
8865856,0.0
8866857,21.958493258571423
8867858,0.0
8868859,0.0
8869860,0.0
8870861,0.0
8871862,0.0
8872863,0.0
8873864,75.11573744935241
8874865,0.0
8875866,0.0
8876867,0.0
8877868,0.0
8878869,19.345450608332186
8879870,0.0
8880871,0.0
8881872,5.244866451316896
8882873,0.0
8883874,12.849042111276933
8884875,0.0
8885876,0.0
8886877,0.0
8887878,12.814417190305779
8888879,25.555609399503872
8889880,0.0
8890881,0.0
8891882,0.0
8892883,19.52517969773177
8893884,0.0
8894885,0.0
8895886,0.0
8896887,0.0
8897888,0.0
8898889,0.0
8899890,0.0
8900891,0.0
8901892,0.0
8902893,0.0
8903894,0.0
8904895,0.0
8905896,0.0
8906897,0.0
8907898,0.0
8908899,0.0
8909900,0.0
8910901,0.0
8911902,0.0
8912903,35.61372431690307
8913904,0.0
8914905,0.0
8915906,0.0
8916907,0.0
8917908,0.0
8918909,0.0
8919910,0.0
8920911,0.0
8921912,0.0
8922913,0.0
8923914,0.0
8924915,0.0
8925916,13.856001009993069
8926917,0.0
8927918,15.199089130687767
8928919,0.0
8929920,0.0
8930921,13.641199784474228
8931922,0.0
8932923,0.0
8933924,0.0
8934925,9.4551616647953
8935926,14.462360945005047
8936927,0.0
8937928,0.0
8938929,0.0
8939930,0.0
8940931,0.0
8941932,0.0
8942933,5.327492601207469
8943934,0.0
8944935,0.0
8945936,24.00633181984958
8946937,21.8664559481193
8947938,0.0
8948939,0.0
8949940,0.0
8950941,39.89029020784697
8951942,16.136213112673268
8952943,0.0
8953944,13.943128099354466
8954945,0.0
8955946,0.0
8956947,0.0
8957948,0.0
8958949,0.0
8959950,0.0
8960951,28.863393550313543
8961952,0.0
8962953,8.219049036769526
8963954,0.0
8964955,33.260063209189724
8965956,20.416318502299262
8966957,0.0
8967958,0.0
8968959,0.0
8969960,12.936291526849471
8970961,0.0
8971962,35.55498743517721
8972963,0.0
8973964,0.0
8974965,27.666271171874463
8975966,0.0
8976967,0.0
8977968,33.67996005043699
8978969,3.5033671257033903
8979970,0.0
8980971,0.0
8981972,0.0
8982973,0.0
8983974,0.0
8984975,0.0
8985976,0.0
8986977,0.0
8987978,327.7607250379438
8988979,0.0
8989980,25.344958478158738
8990981,23.890808202317245
8991982,36.22425320838897
8992983,0.0
8993984,9.234757297760986
8994985,0.0
8995986,0.0
8996987,15.737119372562166
8997988,15.396264888144685
8998989,0.0
8999990,0.0
9000991,0.0
9001992,32.88377693576382
9002993,13.87877675971292
9003994,0.0
9004995,0.0
9005996,0.0
9006997,46.5708401347497
9007998,0.0
9008999,29.585398099017986
9010000,0.0
9011001,0.0
9012002,18.118465553187534
9013003,57.449003004464004
9014004,0.0
9015005,13.666125050481266
9016006,14.599973224968945
9017007,0.0
9018008,0.0
9019009,0.0
9020010,0.0
9021011,13.516189270363746
9022012,0.0
9023013,22.05372596868579
9024014,0.0
9025015,16.225307958407917
9026016,0.0
9027017,19.972924999578744
9028018,25.306493105029283
9029019,0.0
9030020,0.0
9031021,0.0
9032022,0.0
9033023,0.0
9034024,0.0
9035025,0.0
9036026,24.84536744753627
9037027,0.0
9038028,0.0
9039029,0.0
9040030,14.905322521814783
9041031,0.0
9042032,0.0
9043033,0.0
9044034,0.0
9045035,0.0
9046036,0.0
9047037,11.141904302735195
9048038,0.0
9049039,44.677067091478925
9050040,0.0
9051041,0.0
9052042,0.0
9053043,0.0
9054044,68.20649570160549
9055045,0.0
9056046,0.0
9057047,0.0
9058048,0.0
9059049,15.679867020069473
9060050,0.0
9061051,0.0
9062052,0.0
9063053,0.0
9064054,44.35676402873889
9065055,16.60459988331302
9066056,0.0
9067057,33.213205878730605
9068058,0.0
9069059,0.0
9070060,0.0
9071061,0.8980916245295016
9072062,0.0
9073063,1.876366411718481
9074064,0.0
9075065,0.0
9076066,0.0
9077067,12.02844522203904
9078068,25.179746413429246
9079069,0.0
9080070,56.29508068242262
9081071,0.9437956430178854
9082072,0.0
9083073,0.0
9084074,0.0
9085075,0.0
9086076,0.0
9087077,0.0
9088078,0.0
9089079,0.0
9090080,0.0
9091081,0.0
9092082,0.0
9093083,37.57949424884154
9094084,0.0
9095085,5.635400376040759
9096086,0.0
9097087,0.0
9098088,0.0
9099089,12.370455389814095
9100090,0.0
9101091,0.0
9102092,0.0
9103093,0.0
9104094,0.0
9105095,0.0
9106096,0.0
9107097,0.0
9108098,9.876597640120076
9109099,0.0
9110100,0.0
9111101,21.265539332643737
9112102,24.388100767075578
9113103,0.0
9114104,0.0
9115105,0.0
9116106,0.0
9117107,19.804859651808815
9118108,14.725560131805317
9119109,10.382051193927891
9120110,0.0
9121111,0.0
9122112,15.596600586026732
9123113,6.5863078297835616
9124114,0.0
9125115,0.0
9126116,0.0
9127117,0.0
9128118,0.0
9129119,0.0
9130120,0.0
9131121,0.0
9132122,0.0
9133123,0.0
9134124,16.547307923709116
9135125,0.0
9136126,0.0
9137127,0.0
9138128,0.0
9139129,0.0
9140130,0.0
9141131,24.80961915105269
9142132,0.0
9143133,0.0
9144134,0.0
9145135,10.241295100749413
9146136,0.0
9147137,18.76503331286774
9148138,0.0
9149139,32.721301835537155
9150140,0.0
9151141,28.071531917001042
9152142,10.042057104102561
9153143,0.0
9154144,0.0
9155145,0.0
9156146,12.408472275977749
9157147,0.0
9158148,10.138642638605821
9159149,0.0
9160150,0.0
9161151,0.0
9162152,0.0
9163153,0.0
9164154,0.0
9165155,0.0
9166156,0.0
9167157,0.0
9168158,335.96920596901174
9169159,31.579175783117098
9170160,17.423579878537577
9171161,0.0
9172162,10.971756626849897
9173163,0.0
9174164,83.13844630898838
9175165,0.0
9176166,19.95783455324178
9177167,14.473864949411485
9178168,0.0
9179169,0.0
9180170,0.0
9181171,44.907645508478105
9182172,0.0
9183173,0.0
9184174,6.5923080508882625
9185175,0.0
9186176,0.0
9187177,55.05577923824635
9188178,0.0
9189179,0.0
9190180,0.0
9191181,0.0
9192182,8.36027535642152
9193183,15.983150032174326
9194184,0.0
9195185,0.0
9196186,0.0
9197187,0.0
9198188,19.44828843409553
9199189,0.0
9200190,0.0
9201191,0.0
9202192,6.51889245401839
9203193,0.0
9204194,0.0
9205195,34.35347215645477
9206196,10.743414428904677
9207197,4.585295751219287
9208198,25.825009291229456
9209199,0.0
9210200,0.0
9211201,0.0
9212202,0.0
9213203,13.204087787473108
9214204,0.0
9215205,0.0
9216206,23.35107625342792
9217207,19.386415988588737
9218208,0.0
9219209,0.0
9220210,0.0
9221211,18.041119329901758
9222212,18.27191834157177
9223213,38.92503836913253
9224214,24.987057374005058
9225215,0.0
9226216,0.0
9227217,0.0
9228218,0.0
9229219,0.0
9230220,67.06013474580311
9231221,0.0
9232222,0.0
9233223,5.654455205478715
9234224,0.0
9235225,0.0
9236226,26.95248185459853
9237227,0.0
9238228,30.615576945550576
9239229,40.11349365724054
9240230,0.0
9241231,0.0
9242232,0.0
9243233,16.623427484675613
9244234,0.0
9245235,0.0
9246236,34.80516844385381
9247237,0.0
9248238,0.0
9249239,9.319811665789869
9250240,0.0
9251241,0.0
9252242,0.0
9253243,0.0
9254244,0.0
9255245,0.0
9256246,0.0
9257247,0.0
9258248,0.0
9259249,0.0
9260250,0.0
9261251,21.891274606079648
9262252,0.0
9263253,20.59830877682425
9264254,0.0
9265255,0.0
9266256,23.901264139190424
9267257,0.0
9268258,56.50350215423221
9269259,0.0
9270260,12.91077178944098
9271261,9.119618683833018
9272262,14.87912350996403
9273263,0.0
9274264,0.0
9275265,0.0
9276266,0.0
9277267,0.0
9278268,9.489501607240706
9279269,39.16206873012422
9280270,0.0
9281271,0.0
9282272,0.0
9283273,0.0
9284274,0.0
9285275,0.0
9286276,0.0
9287277,0.0
9288278,0.0
9289279,0.0
9290280,11.281804752696283
9291281,0.0
9292282,15.427929956794623
9293283,0.0
9294284,15.477625243312431
9295285,0.0
9296286,0.0
9297287,0.0
9298288,19.625878797285374
9299289,0.0
9300290,11.076327354723674
9301291,0.0
9302292,0.0
9303293,0.0
9304294,24.434768228645197
9305295,4.233082020314131
9306296,0.0
9307297,6.554062668934685
9308298,15.372480285860126
9309299,0.0
9310300,19.30745261576783
9311301,0.0
9312302,0.0
9313303,0.0
9314304,0.0
9315305,22.256704698708752
9316306,15.758354994551679
9317307,0.0
9318308,0.0
9319309,34.71678940012584
9320310,0.0
9321311,0.0
9322312,14.98369239470019
9323313,0.0
9324314,0.0
9325315,0.0
9326316,0.0
9327317,0.0
9328318,0.0
9329319,14.620626640429855
9330320,0.0
9331321,0.0
9332322,0.0
9333323,0.0
9334324,0.0
9335325,0.0
9336326,25.506307408483302
9337327,0.0
9338328,0.0
9339329,0.0
9340330,0.0
9341331,9.925598116073012
9342332,0.0
9343333,33.64957809013821
9344334,7.352271158101302
9345335,0.0
9346336,0.0
9347337,48.0052811205278
9348338,0.0
9349339,0.0
9350340,15.345608922755483
9351341,0.0
9352342,0.0
9353343,0.0
9354344,13.849273710318565
9355345,0.0
9356346,0.0
9357347,0.0
9358348,0.0
9359349,0.0
9360350,17.3387612716187
9361351,18.79248423061023
9362352,16.965440088642545
9363353,15.349683933670732
9364354,0.0
9365355,0.0
9366356,25.774027922954687
9367357,0.0
9368358,0.0
9369359,0.0
9370360,0.0
9371361,20.306766093081528
9372362,26.876020096117145
9373363,0.0
9374364,0.0
9375365,0.0
9376366,6.223267795102606
9377367,0.0
9378368,0.0
9379369,0.0
9380370,17.330431539493947
9381371,0.0
9382372,0.0
9383373,0.0
9384374,0.0
9385375,32.098422083796734
9386376,0.0
9387377,54.50266439759871
9388378,0.0
9389379,0.0
9390380,0.0
9391381,0.0
9392382,0.0
9393383,25.23857775251134
9394384,0.0
9395385,0.0
9396386,0.0
9397387,6.441812113718572
9398388,0.0
9399389,14.268207250604984
9400390,7.482137452102167
9401391,0.0
9402392,0.0
9403393,0.0
9404394,0.0
9405395,27.42085162933878
9406396,3.5116009576990055
9407397,186.57036530908138
9408398,0.0
9409399,0.0
9410400,15.689882254197991
9411401,7.452527959733036
9412402,0.0
9413403,0.0
9414404,0.0
9415405,0.0
9416406,0.0
9417407,0.0
9418408,0.0
9419409,0.0
9420410,0.0
9421411,0.0
9422412,0.0
9423413,23.80899365002132
9424414,0.0
9425415,0.8
9426416,53.54973413462358
9427417,0.0
9428418,0.0
9429419,0.0
9430420,0.0
9431421,0.0
9432422,0.0
9433423,0.0
9434424,0.0
9435425,0.0
9436426,19.01666559043495
9437427,0.0
9438428,0.0
9439429,15.529518955827072
9440430,13.58445987130108
9441431,0.0
9442432,11.820657691946005
9443433,33.988222044151144
9444434,16.299232956556825
9445435,15.109554941605907
9446436,0.0
9447437,0.0
9448438,0.0
9449439,13.115233525863442
9450440,0.0
9451441,0.0
9452442,0.0
9453443,0.0
9454444,103.33652320153304
9455445,0.0
9456446,0.9554708662704154
9457447,0.0
9458448,26.877152228580883
9459449,0.0
9460450,0.0
9461451,0.0
9462452,6.34246576158265
9463453,0.0
9464454,0.0
9465455,0.0
9466456,0.0
9467457,82.99150960780332
9468458,0.0
9469459,56.522650963694204
9470460,22.205539905394566
9471461,0.0
9472462,0.0
9473463,0.0
9474464,0.0
9475465,0.0
9476466,0.0
9477467,0.0
9478468,4.795290150466458
9479469,0.0
9480470,46.24211790537582
9481471,0.0
9482472,0.0
9483473,0.0
9484474,0.0
9485475,0.0
9486476,0.0
9487477,4.538466337807848
9488478,0.0
9489479,0.0
9490480,0.0
9491481,0.0
9492482,10.124893645381862
9493483,0.0
9494484,0.0
9495485,0.0
9496486,0.0
9497487,12.96075650705611
9498488,0.0
9499489,0.0
9500490,0.0
9501491,8.367268746680251
9502492,0.0
9503493,0.0
9504494,0.0
9505495,11.07830780935287
9506496,0.0
9507497,0.0
9508498,0.0
9509499,38.55038095671082
9510500,0.0
9511501,0.0
9512502,0.0
9513503,0.0
9514504,0.0
9515505,0.0
9516506,0.0
9517507,6.381944763588224
9518508,48.72583114742848
9519509,32.634980942401384
9520510,0.0
9521511,0.0
9522512,0.0
9523513,0.0
9524514,0.0
9525515,8.284387966954142
9526516,0.0
9527517,0.0
9528518,0.0
9529519,18.587657288247232
9530520,0.0
9531521,0.0
9532522,0.0
9533523,0.0
9534524,0.0
9535525,0.0
9536526,13.81668819303913
9537527,0.0
9538528,0.0
9539529,0.0
9540530,0.0
9541531,0.0
9542532,0.0
9543533,0.0
9544534,0.0
9545535,15.806939705522538
9546536,11.895781573929433
9547537,0.0
9548538,0.0
9549539,0.0
9550540,0.0
9551541,21.52644187280093
9552542,0.0
9553543,0.0
9554544,0.0
9555545,7.277715074438468
9556546,41.15542663944781
9557547,82.11385518107085
9558548,0.0
9559549,0.0
9560550,0.0
9561551,0.0
9562552,0.0
9563553,0.0
9564554,0.0
9565555,0.0
9566556,0.0
9567557,0.0
9568558,12.444242135421975
9569559,0.0
9570560,6.522142458248445
9571561,20.372015621155942
9572562,0.0
9573563,0.0
9574564,0.0
9575565,0.0
9576566,0.0
9577567,16.810885985391494
9578568,0.0
9579569,611.0044345277386
9580570,0.0
9581571,0.0
9582572,0.0
9583573,0.0
9584574,0.0
9585575,35.39153533677416
9586576,0.0
9587577,0.0
9588578,5.501416486787087
9589579,0.0
9590580,0.0
9591581,0.0
9592582,0.0
9593583,31.636878944153036
9594584,0.0
9595585,0.0
9596586,0.0
9597587,0.0
9598588,4.617097560878474
9599589,0.0
9600590,28.94652958828631
9601591,14.518293626131998
9602592,0.0
9603593,9.14153119442338
9604594,0.0
9605595,0.0
9606596,11.137701393982443
9607597,0.0
9608598,0.0
9609599,0.0
9610600,0.0
9611601,4.663847558062226
9612602,7.316673013982828
9613603,0.0
9614604,0.0
9615605,0.0
9616606,18.513846582804206
9617607,0.0
9618608,0.0
9619609,0.0
9620610,0.0
9621611,15.270683527065204
9622612,4.642608193782482
9623613,0.0
9624614,0.0
9625615,0.0
9626616,0.0
9627617,9.112291744997394
9628618,0.0
9629619,0.0
9630620,0.0
9631621,0.0
9632622,0.0
9633623,0.0
9634624,0.0
9635625,0.0
9636626,0.0
9637627,0.0
9638628,0.0
9639629,0.0
9640630,0.0
9641631,0.0
9642632,0.0
9643633,0.0
9644634,0.0
9645635,0.0
9646636,0.0
9647637,0.0
9648638,0.0
9649639,0.0
9650640,0.0
9651641,0.0
9652642,63.10436749387596
9653643,11.743912575922288
9654644,0.0
9655645,0.0
9656646,0.0
9657647,0.0
9658648,21.08650460473172
9659649,0.0
9660650,0.0
9661651,0.0
9662652,28.543247259938646
9663653,0.0
9664654,0.0
9665655,0.0
9666656,0.0
9667657,20.064817183690103
9668658,0.0
9669659,0.0
9670660,0.0
9671661,0.0
9672662,10.341163006236465
9673663,0.0
9674664,0.0
9675665,36.906812074018454
9676666,0.0
9677667,12.333067705142321
9678668,14.551533767411163
9679669,0.0
9680670,0.0
9681671,4.598878500594744
9682672,0.0
9683673,0.0
9684674,0.0
9685675,0.0
9686676,0.0
9687677,0.0
9688678,0.0
9689679,0.0
9690680,0.0
9691681,0.0
9692682,0.0
9693683,0.0
9694684,0.0
9695685,0.0
9696686,0.0
9697687,0.0
9698688,0.0
9699689,0.0
9700690,0.0
9701691,0.0
9702692,0.0
9703693,0.0
9704694,0.0
9705695,0.0
9706696,10.816832715371849
9707697,0.0
9708698,11.082456313902002
9709699,0.0
9710700,0.0
9711701,0.0
9712702,0.0
9713703,0.0
9714704,0.0
9715705,10.86579221742771
9716706,0.0
9717707,0.0
9718708,0.0
9719709,0.0
9720710,0.0
9721711,0.0
9722712,0.0
9723713,0.0
9724714,0.0
9725715,14.356821248954505
9726716,0.0
9727717,41.80014348272739
9728718,0.0
9729719,0.0
9730720,0.0
9731721,0.0
9732722,0.0
9733723,0.0
9734724,0.0
9735725,0.0
9736726,0.0
9737727,23.31747339962248
9738728,11.57834128594533
9739729,16.200170018872328
9740730,14.11502238777201
9741731,0.0
9742732,0.0
9743733,0.0
9744734,0.0
9745735,3.747479925252432
9746736,0.0
9747737,16.175005466777456
9748738,0.0
9749739,0.0
9750740,0.0
9751741,20.051484883796917
9752742,20.16991231178151
9753743,0.0
9754744,0.0
9755745,29.82434940926474
9756746,0.0
9757747,0.0
9758748,0.0
9759749,0.0
9760750,0.0
9761751,0.0
9762752,0.0
9763753,0.0
9764754,0.0
9765755,0.0
9766756,15.40587725735704
9767757,0.0
9768758,17.52981238579106
9769759,0.0
9770760,0.0
9771761,0.0
9772762,0.0
9773763,15.563107338787573
9774764,0.0
9775765,23.491496661059823
9776766,0.0
9777767,0.0
9778768,0.0
9779769,0.0
9780770,0.0
9781771,7.585876696935058
9782772,0.0
9783773,16.45763333401341
9784774,0.0
9785775,0.0
9786776,0.0
9787777,0.0
9788778,0.0
9789779,0.0
9790780,15.65009619178115
9791781,0.0
9792782,0.0
9793783,15.290206375085114
9794784,0.0
9795785,0.0
9796786,0.0
9797787,0.0
9798788,0.0
9799789,20.076191352633938
9800790,0.0
9801791,0.0
9802792,0.0
9803793,0.0
9804794,11.834166955931687
9805795,0.0
9806796,0.0
9807797,0.0
9808798,0.0
9809799,0.0
9810800,0.0
9811801,0.0
9812802,18.297394607101673
9813803,13.651996238931785
9814804,63.1171120256449
9815805,0.0
9816806,0.0
9817807,0.0
9818808,0.0
9819809,15.047149652127223
9820810,0.0
9821811,19.911087163008972
9822812,0.0
9823813,0.0
9824814,0.0
9825815,0.0
9826816,13.004477426277868
9827817,0.0
9828818,0.0
9829819,0.0
9830820,0.0
9831821,0.0
9832822,0.0
9833823,0.0
9834824,0.0
9835825,0.0
9836826,0.0
9837827,0.0
9838828,0.0
9839829,0.0
9840830,0.0
9841831,0.0
9842832,19.73586509926824
9843833,20.30255550031684
9844834,11.757837925941052
9845835,31.4105894003182
9846836,0.0
9847837,0.0
9848838,0.0
9849839,0.0
9850840,6.528891878796467
9851841,0.0
9852842,0.0
9853843,24.875948480500636
9854844,0.0
9855845,10.917152461021193
9856846,0.0
9857847,0.0
9858848,0.0
9859849,0.0
9860850,13.952458662574932
9861851,31.11422002509748
9862852,0.0
9863853,0.0
9864854,0.0
9865855,0.0
9866856,16.499993880487644
9867857,0.0
9868858,5.650355470453021
9869859,0.0
9870860,21.879971794327197
9871861,0.0
9872862,0.0
9873863,0.0
9874864,0.0
9875865,0.0
9876866,0.0
9877867,18.31726763385478
9878868,19.646797013528005
9879869,0.0
9880870,0.0
9881871,0.0
9882872,13.038967602017319
9883873,0.0
9884874,85.47088668877545
9885875,6.408858320212092
9886876,0.0
9887877,25.456204859414548
9888878,6.446237972592457
9889879,0.0
9890880,18.097919928817575
9891881,0.0
9892882,17.81693672359838
9893883,0.0
9894884,0.0
9895885,0.0
9896886,0.0
9897887,0.0
9898888,10.125269368813276
9899889,0.0
9900890,0.0
9901891,0.0
9902892,0.0
9903893,0.0
9904894,0.0
9905895,0.0
9906896,0.0
9907897,19.662637376564774
9908898,0.0
9909899,0.0
9910900,0.0
9911901,0.0
9912902,0.0
9913903,0.0
9914904,17.71213962483954
9915905,0.0
9916906,0.0
9917907,0.0
9918908,0.0
9919909,0.0
9920910,0.0
9921911,0.0
9922912,0.0
9923913,0.0
9924914,7.310378681076087
9925915,31.515398505769927
9926916,0.0
9927917,13.72351810789201
9928918,11.892223569693153
9929919,0.0
9930920,16.990359997203544
9931921,36.05487354165349
9932922,0.0
9933923,0.0
9934924,0.0
9935925,0.0
9936926,0.0
9937927,0.0
9938928,8.168947638472066
9939929,0.0
9940930,0.0
9941931,17.692707107429055
9942932,0.0
9943933,0.0
9944934,0.0
9945935,0.0
9946936,0.0
9947937,0.0
9948938,0.0
9949939,13.776832259506703
9950940,0.0
9951941,18.416752476077008
9952942,0.0
9953943,0.0
9954944,0.0
9955945,0.0
9956946,13.67781455920163
9957947,0.0
9958948,0.0
9959949,20.928446927701884
9960950,0.0
9961951,0.0
9962952,0.0
9963953,0.0
9964954,21.072814736016966
9965955,0.0
9966956,27.830585749604673
9967957,19.527799510902582
9968958,0.0
9969959,11.987802320995991
9970960,0.0
9971961,0.0
9972962,0.0
9973963,40.615507950247384
9974964,0.0
9975965,31.159826788990717
9976966,0.0
9977967,0.0
9978968,0.0
9979969,0.0
9980970,0.0
9981971,0.0
9982972,0.0
9983973,0.0
9984974,0.0
9985975,33.66688412372266
9986976,13.382520184880578
9987977,0.0
9988978,0.0
9989979,0.0
9990980,0.0
9991981,15.355525339356232
9992982,0.0
9993983,19.334538098656058
