timestep,episodic_return
1000,25.05881546369056
2001,9.852680834140205
3002,0.0
4003,0.0
5004,0.0
6005,0.0
7006,11.622256903214563
8007,0.0
9008,0.0
10009,0.0
11010,0.0
12011,0.0
13012,0.0
14013,0.0
15014,0.0
16015,0.0
17016,11.656615123182796
18017,17.77189906635604
19018,0.0
20019,0.0
21020,0.0
22021,0.0
23022,0.0
24023,0.0
25024,0.0
26025,0.0
27026,0.0
28027,0.0
29028,0.0
30029,5.397904054293271
31030,0.0
32031,0.0
33032,0.0
34033,0.0
35034,2.618373107225215
36035,23.361685551808545
37036,0.0
38037,0.0
39038,0.0
40039,0.0
41040,0.0
42041,0.0
43042,0.0
44043,0.0
45044,0.0
46045,8.959194951199029
47046,7.855792101661108
48047,0.0
49048,0.0
50049,0.0
51050,15.180071968471323
52051,4.540776649529954
53052,0.0
54053,0.0
55054,0.0
56055,0.0
57056,0.0
58057,0.0
59058,19.029753790093704
60059,0.0
61060,0.0
62061,0.0
63062,0.0
64063,0.0
65064,0.0
66065,0.0
67066,6.322276887448797
68067,0.0
69068,5.558750612715931
70069,0.0
71070,0.0
72071,0.0
73072,11.848970664180381
74073,0.0
75074,0.0
76075,0.0
77076,5.25508719038697
78077,0.0
79078,4.4400284501009555
80079,0.0
81080,0.0
82081,0.0
83082,0.0
84083,0.0
85084,0.0
86085,0.0
87086,0.0
88087,0.0
89088,0.0
90089,0.0
91090,0.0
92091,0.0
93092,16.07458663881461
94093,0.0
95094,19.253069741496926
96095,6.373483961447439
97096,0.0
98097,0.0
99098,0.0
100099,12.600840115296824
101100,15.603091952784242
102101,0.0
103102,0.0
104103,0.0
105104,0.0
106105,0.0
107106,0.0
108107,0.0
109108,0.0
110109,0.0
111110,0.0
112111,15.468631904860723
113112,0.0
114113,0.0
115114,0.0
116115,0.0
117116,0.0
118117,0.0
119118,0.0
120119,0.0
121120,0.0
122121,0.0
123122,17.83817258093468
124123,0.0
125124,0.0
126125,0.0
127126,60.97491179842252
128127,14.478302695739867
129128,0.0
130129,0.0
131130,0.0
132131,0.0
133132,0.0
134133,0.0
135134,0.0
136135,0.0
137136,9.879898266964888
138137,2.713256267050775
139138,0.0
140139,0.0
141140,0.0
142141,0.0
143142,0.0
144143,0.0
145144,0.0
146145,0.0
147146,0.0
148147,0.0
149148,0.8728459259417501
150149,0.0
151150,0.0
152151,0.0
153152,3.520424598229709
154153,0.0
155154,0.0
156155,0.0
157156,22.538052694496802
158157,0.0
159158,0.0
160159,0.0
161160,0.0
162161,0.0
163162,9.083075968884016
164163,0.0
165164,0.0
166165,0.0
167166,0.0
168167,0.0
169168,11.68296668809381
170169,0.0
171170,0.0
172171,0.0
173172,0.0
174173,16.020601867359588
175174,0.0
176175,0.0
177176,33.11808056091718
178177,23.382796856413464
179178,4.607846903271228
180179,13.41784440349376
181180,0.0
182181,10.107336222153796
183182,12.56182556304219
184183,0.0
185184,0.0
186185,0.0
187186,10.058426772092158
188187,0.0
189188,0.0
190189,16.191845118258545
191190,0.0
192191,20.63787526534152
193192,0.0
194193,0.0
195194,1.806135551445474
196195,0.0
197196,0.0
198197,0.0
199198,21.4474400732224
200199,0.0
201200,0.0
202201,0.0
203202,0.0
204203,72.52218217657321
205204,0.0
206205,0.0
207206,0.0
208207,0.0
209208,0.0
210209,0.0
211210,0.0
212211,0.0
213212,0.0
214213,0.0
215214,0.0
216215,0.0
217216,0.0
218217,7.1614162412300475
219218,0.0
220219,0.0
221220,0.0
222221,0.0
223222,0.0
224223,0.0
225224,0.0
226225,0.0
227226,0.0
228227,0.0
229228,0.0
230229,0.0
231230,0.0
232231,0.0
233232,0.0
234233,6.450100674404005
235234,0.0
236235,0.0
237236,0.0
238237,0.0
239238,0.0
240239,11.59904528869519
241240,0.0
242241,0.0
243242,0.0
244243,0.0
245244,0.0
246245,8.193658788847712
247246,1.7572226881920952
248247,0.0
249248,0.0
250249,0.0
251250,14.155354694826228
252251,0.0
253252,0.0
254253,0.0
255254,0.0
256255,7.3128899337033735
257256,0.0
258257,0.0
259258,0.0
260259,0.0
261260,0.0
262261,0.0
263262,0.0
264263,0.0
265264,0.0
266265,0.0
267266,0.0
268267,0.0
269268,0.0
270269,0.0
271270,0.0
272271,0.0
273272,0.0
274273,0.0
275274,0.0
276275,0.0
277276,0.0
278277,5.4030380004085385
279278,0.0
280279,0.0
281280,0.0
282281,0.0
283282,0.0
284283,0.0
285284,0.0
286285,0.0
287286,0.0
288287,0.0
289288,0.0
290289,0.0
291290,0.0
292291,0.0
293292,13.409969312350135
294293,0.0
295294,0.0
296295,0.0
297296,0.0
298297,0.0
299298,0.0
300299,10.759159059865395
301300,0.0
302301,0.0
303302,0.0
304303,0.0
305304,0.0
306305,0.0
307306,0.0
308307,0.0
309308,0.0
310309,0.0
311310,5.388481684562418
312311,0.0
313312,0.0
314313,0.0
315314,0.0
316315,0.0
317316,0.0
318317,0.0
319318,0.0
320319,0.0
321320,10.88664232800957
322321,0.0
323322,2.6509755536192636
324323,8.796712182213414
325324,0.0
326325,22.40155179567319
327326,10.164881783184573
328327,0.0
329328,0.0
330329,0.0
331330,0.0
332331,0.0
333332,0.0
334333,0.0
335334,0.0
336335,0.0
337336,0.0
338337,0.0
339338,0.0
340339,0.0
341340,0.0
342341,0.0
343342,7.143723072296167
344343,13.129059023239787
345344,0.0
346345,0.0
347346,7.172419811104877
348347,0.0
349348,0.0
350349,0.0
351350,0.0
352351,0.0
353352,3.7226499170843663
354353,0.0
355354,0.0
356355,0.0
357356,0.0
358357,15.373752889723072
359358,0.0
360359,0.0
361360,12.45853208657807
362361,0.0
363362,0.0
364363,0.0
365364,0.0
366365,0.0
367366,0.0
368367,0.0
369368,0.0
370369,2.6872945235808756
371370,58.08484611352628
372371,0.0
373372,0.0
374373,0.0
375374,0.0
376375,3.529698143314641
377376,0.0
378377,0.0
379378,0.0
380379,0.0
381380,0.0
382381,0.0
383382,0.0
384383,14.30122498460638
385384,0.0
386385,0.0
387386,0.0
388387,0.0
389388,8.74651601112681
390389,0.0
391390,0.0
392391,0.0
393392,0.0
394393,0.0
395394,30.952168626643314
396395,0.0
397396,0.0
398397,0.0
399398,0.0
400399,5.320638050198694
401400,8.078066150198966
402401,0.0
403402,0.0
404403,0.0
405404,0.0
406405,0.0
407406,0.0
408407,0.0
409408,0.0
410409,0.0
411410,0.0
412411,0.0
413412,0.0
414413,0.0
415414,0.0
416415,0.0
417416,0.0
418417,0.0
419418,0.0
420419,0.0
421420,0.0
422421,41.726831265189254
423422,0.0
424423,0.0
425424,0.0
426425,0.0
427426,0.0
428427,16.13351608515665
429428,0.0
430429,0.0
431430,0.0
432431,5.395743750540688
433432,0.0
434433,0.0
435434,0.0
436435,0.0
437436,0.0
438437,0.0
439438,0.0
440439,0.0
441440,0.0
442441,0.0
443442,0.0
444443,0.0
445444,0.0
446445,0.0
447446,0.0
448447,21.595962785039593
449448,0.0
450449,0.0
451450,0.0
452451,0.8907116828125557
453452,0.0
454453,0.0
455454,0.0
456455,4.454962099161845
457456,0.0
458457,0.0
459458,0.0
460459,15.866638394625255
461460,0.0
462461,11.557320534243011
463462,0.0
464463,0.0
465464,0.0
466465,0.0
467466,0.0
468467,9.152851495639592
469468,0.0
470469,0.0
471470,9.900126528306567
472471,0.0
473472,0.0
474473,0.0
475474,0.0
476475,0.0
477476,0.0
478477,0.0
479478,0.0
480479,10.533837113292472
481480,55.09901599853794
482481,40.03461197628623
483482,0.0
484483,0.0
485484,0.0
486485,0.0
487486,0.0
488487,33.098928024597335
489488,8.796401910543771
490489,0.0
491490,0.0
492491,0.0
493492,0.0
494493,17.145694113598477
495494,0.0
496495,37.100285129069334
497496,0.0
498497,0.0
499498,0.0
500499,0.0
501500,0.0
502501,8.9208057963337
503502,18.881712988653906
504503,9.721309177781205
505504,0.0
506505,0.0
507506,6.136714150420968
508507,15.961101513709542
509508,15.359506096186333
510509,0.0
511510,14.938439744027994
512511,0.0
513512,0.0
514513,0.0
515514,0.0
516515,0.0
517516,0.0
518517,0.0
519518,28.254509002583234
520519,0.0
521520,0.0
522521,0.0
523522,0.0
524523,0.0
525524,0.0
526525,0.0
527526,0.0
528527,44.25753129833928
529528,0.0
530529,0.0
531530,0.0
532531,0.0
533532,7.1470120891804605
534533,23.63610561641077
535534,0.0
536535,0.0
537536,0.0
538537,27.945581936924736
539538,15.548107688840641
540539,0.0
541540,0.0
542541,3.6697802755881788
543542,0.0
544543,0.0
545544,0.0
546545,0.0
547546,0.0
548547,21.528962058545865
549548,0.0
550549,26.162571752074204
551550,0.0
552551,11.384611469399974
553552,0.0
554553,0.0
555554,0.0
556555,19.916764637816122
557556,9.947921855143464
558557,0.0
559558,0.0
560559,0.0
561560,0.0
562561,13.50444580860287
563562,0.0
564563,0.0
565564,0.0
566565,15.999786980709795
567566,0.0
568567,0.0
569568,0.0
570569,0.0
571570,0.0
572571,0.0
573572,0.0
574573,0.0
575574,0.0
576575,0.0
577576,0.0
578577,0.0
579578,14.93594937882281
580579,0.0
581580,0.0
582581,0.0
583582,0.0
584583,0.0
585584,0.0
586585,0.0
587586,19.091836942418666
588587,0.0
589588,0.0
590589,0.0
591590,0.0
592591,0.0
593592,0.0
594593,0.0
595594,22.309105847844187
596595,13.866961098816
597596,25.032492153834195
598597,16.11988359597063
599598,0.0
600599,0.0
601600,0.0
602601,0.0
603602,0.0
604603,0.0
605604,0.0
606605,47.21513936647016
607606,0.0
608607,21.50612253762759
609608,0.0
610609,0.0
611610,0.0
612611,0.0
613612,0.0
614613,0.0
615614,0.0
616615,21.303263211676377
617616,0.0
618617,0.0
619618,0.0
620619,0.0
621620,24.15720269950066
622621,27.37962487526848
623622,0.0
624623,0.0
625624,0.0
626625,0.0
627626,0.0
628627,6.3969991294153505
629628,0.0
630629,10.857173543172884
631630,16.237773673688814
632631,0.0
633632,14.361768599056342
634633,0.0
635634,18.68818590554364
636635,0.0
637636,15.475233958303933
638637,0.0
639638,0.0
640639,24.99687048517699
641640,0.0
642641,0.0
643642,0.0
644643,0.0
645644,70.20035201323297
646645,0.0
647646,0.0
648647,0.0
649648,0.0
650649,0.0
651650,6.328066635728447
652651,0.0
653652,0.0
654653,0.0
655654,30.27288233940315
656655,0.0
657656,0.0
658657,12.570393140538073
659658,0.0
660659,8.221439870584016
661660,0.0
662661,0.0
663662,0.0
664663,0.0
665664,0.0
666665,0.0
667666,0.0
668667,0.0
669668,0.0
670669,0.0
671670,0.0
672671,0.0
673672,0.0
674673,0.0
675674,0.0
676675,19.93765610609739
677676,0.0
678677,0.0
679678,6.41558705609775
680679,30.351203884284367
681680,0.0
682681,0.0
683682,0.0
684683,0.0
685684,4.609891104362057
686685,0.0
687686,7.171256360922495
688687,0.0
689688,0.0
690689,0.0
691690,0.0
692691,0.0
693692,23.238786665857713
694693,0.0
695694,0.0
696695,0.0
697696,11.9746540166559
698697,8.295677664273946
699698,0.0
700699,16.982459455015242
701700,13.36301888044917
702701,0.0
703702,0.0
704703,0.0
705704,14.151198680101373
706705,6.312403578359623
707706,28.667039557078787
708707,0.0
709708,15.346504376904305
710709,0.0
711710,0.0
712711,0.0
713712,26.291072100112494
714713,0.0
715714,6.395274013110827
716715,0.0
717716,0.0
718717,22.61223669833689
719718,2.772795419617101
720719,21.555678320742317
721720,0.0
722721,0.0
723722,19.84065945105507
724723,0.0
725724,0.0
726725,0.0
727726,0.0
728727,0.0
729728,28.13002071035615
730729,33.62749587109172
731730,11.471200646589889
732731,0.0
733732,0.0
734733,0.0
735734,7.45701411604995
736735,21.312270104197363
737736,11.75766704212132
738737,0.0
739738,0.0
740739,0.0
741740,0.0
742741,38.26568928759576
743742,0.0
744743,0.0
745744,0.0
746745,0.0
747746,24.739087659873526
748747,0.0
749748,0.0
750749,0.0
751750,10.00806813541704
752751,0.0
753752,30.25821389387243
754753,0.0
755754,114.9183892114023
756755,0.0
757756,0.0
758757,0.0
759758,0.0
760759,10.088184272937776
761760,0.0
762761,0.0
763762,0.0
764763,69.43398858590125
765764,0.0
766765,0.0
767766,23.081270015521767
768767,27.895085074430433
769768,0.0
770769,0.0
771770,0.0
772771,0.0
773772,0.0
774773,0.0
775774,0.0
776775,35.188417278060705
777776,0.0
778777,10.172223345832224
779778,36.784170309309125
780779,14.100992814590024
781780,0.0
782781,0.0
783782,69.1729006436595
784783,0.0
785784,0.0
786785,0.0
787786,0.0
788787,0.0
789788,0.0
790789,0.0
791790,15.229916937436544
792791,0.0
793792,0.0
794793,0.0
795794,0.0
796795,0.0
797796,0.0
798797,16.93983432132608
799798,0.0
800799,0.0
801800,0.0
802801,0.0
803802,0.0
804803,0.0
805804,5.334543511972904
806805,0.0
807806,0.0
808807,0.0
809808,17.897929243252925
810809,0.0
811810,20.716344292993487
812811,0.0
813812,0.0
814813,0.0
815814,0.0
816815,13.552791605629336
817816,0.8793541868394378
818817,17.157589122999962
819818,17.994756520261845
820819,0.0
821820,0.0
822821,0.0
823822,14.41884672500649
824823,0.0
825824,0.0
826825,24.965825581777597
827826,0.0
828827,0.0
829828,0.0
830829,0.0
831830,0.0
832831,0.0
833832,0.0
834833,0.0
835834,0.0
836835,9.042441292180495
837836,0.0
838837,0.0
839838,0.0
840839,0.0
841840,0.0
842841,8.177886014030102
843842,0.0
844843,0.0
845844,0.0
846845,15.235045173651978
847846,0.0
848847,0.0
849848,26.263488126299897
850849,0.0
851850,0.0
852851,0.0
853852,0.0
854853,16.93110475600956
855854,0.0
856855,0.0
857856,0.0
858857,10.700482676362574
859858,14.236610786778211
860859,0.0
861860,0.0
862861,0.0
863862,0.0
864863,0.0
865864,0.0
866865,0.0
867866,40.405377736224075
868867,0.0
869868,0.0
870869,0.0
871870,0.0
872871,0.0
873872,0.0
874873,0.0
875874,0.0
876875,0.0
877876,0.0
878877,0.8805261958446271
879878,0.0
880879,0.0
881880,1.8463639476890936
882881,0.0
883882,0.0
884883,0.0
885884,0.0
886885,14.074502844850581
887886,0.0
888887,0.0
889888,0.0
890889,0.0
891890,0.0
892891,0.0
893892,0.0
894893,0.0
895894,0.0
896895,0.0
897896,0.0
898897,0.0
899898,0.0
900899,0.0
901900,0.0
902901,0.0
903902,44.77404126485525
904903,0.0
905904,0.0
906905,0.0
907906,0.0
908907,0.0
909908,10.97489025132707
910909,0.0
911910,0.0
912911,0.0
913912,0.0
914913,0.0
915914,0.0
916915,18.62048876481868
917916,0.0
918917,5.493006200414304
919918,0.0
920919,0.0
921920,0.0
922921,0.0
923922,0.0
924923,0.0
925924,0.0
926925,0.0
927926,0.0
928927,0.0
929928,0.0
930929,0.0
931930,16.942858947456482
932931,11.813491045575184
933932,0.0
934933,0.0
935934,18.95242516311698
936935,0.0
937936,22.430822172125712
938937,0.0
939938,0.0
940939,2.643118584415449
941940,0.0
942941,44.77590596401202
943942,0.0
944943,0.0
945944,0.0
946945,0.0
947946,0.0
948947,22.572614712693884
949948,0.0
950949,33.410117631442816
951950,34.92176858346075
952951,0.0
953952,0.0
954953,0.0
955954,0.0
956955,0.0
957956,0.0
958957,13.276878598892008
959958,0.0
960959,0.0
961960,0.0
962961,10.303652409167377
963962,19.68493780833808
964963,0.0
965964,0.0
966965,11.820419734330414
967966,21.569362390313046
968967,0.0
969968,26.940973649340158
970969,0.0
971970,0.0
972971,0.0
973972,12.384053951968392
974973,13.131279815908366
975974,0.0
976975,0.0
977976,0.0
978977,11.563405780874586
979978,45.97553599388349
980979,0.0
981980,16.792843583130992
982981,0.0
983982,0.0
984983,0.0
985984,0.0
986985,12.72950213090752
987986,0.0
988987,34.5205053592546
989988,0.0
990989,0.0
991990,0.0
992991,0.0
993992,0.0
994993,0.0
995994,0.0
996995,26.69082844590615
997996,0.0
998997,14.942236105384556
999998,0.0
1000999,26.516478369869603
1002000,0.0
1003001,14.026988222644595
1004002,0.0
1005003,0.0
1006004,0.0
1007005,0.0
1008006,12.20855539892908
1009007,0.0
1010008,0.0
1011009,0.0
1012010,0.0
1013011,0.0
1014012,0.0
1015013,42.5905605077152
1016014,11.656020027714675
1017015,0.0
1018016,0.0
1019017,0.0
1020018,0.0
1021019,0.0
1022020,0.0
1023021,0.0
1024022,0.0
1025023,0.0
1026024,0.0
1027025,13.554197284430993
1028026,0.0
1029027,0.0
1030028,0.0
1031029,0.0
1032030,24.950188455405385
1033031,13.405097041186034
1034032,0.0
1035033,0.0
1036034,0.0
1037035,104.52879649782834
1038036,0.0
1039037,0.0
1040038,0.0
1041039,0.0
1042040,22.78327723011478
1043041,0.0
1044042,0.0
1045043,0.0
1046044,0.0
1047045,0.0
1048046,0.0
1049047,0.0
1050048,7.106787156711165
1051049,0.0
1052050,0.0
1053051,18.57658933327048
1054052,0.0
1055053,38.41969354542827
1056054,0.0
1057055,34.05704360631818
1058056,0.0
1059057,0.0
1060058,0.0
1061059,16.485904383561916
1062060,0.0
1063061,0.0
1064062,0.0
1065063,0.0
1066064,7.165882446797005
1067065,0.0
1068066,1.8520454021307722
1069067,0.0
1070068,0.0
1071069,0.0
1072070,0.0
1073071,0.0
1074072,0.0
1075073,11.516782265151793
1076074,0.0
1077075,0.0
1078076,0.0
1079077,0.0
1080078,0.0
1081079,0.0
1082080,0.0
1083081,0.0
1084082,0.0
1085083,0.0
1086084,0.0
1087085,0.0
1088086,0.0
1089087,25.244102928758174
1090088,0.0
1091089,13.518712777016235
1092090,0.0
1093091,0.0
1094092,0.0
1095093,0.0
1096094,0.0
1097095,0.0
1098096,0.0
1099097,0.0
1100098,0.0
1101099,0.0
1102100,0.0
1103101,27.78416052414541
1104102,0.0
1105103,0.0
1106104,0.0
1107105,33.14293451633241
1108106,0.0
1109107,16.929808288391026
1110108,0.0
1111109,28.225026134471243
1112110,0.0
1113111,0.0
1114112,0.0
1115113,0.0
1116114,26.01873025258107
1117115,0.0
1118116,0.0
1119117,19.015336040102866
1120118,0.0
1121119,0.0
1122120,0.0
1123121,0.0
1124122,0.0
1125123,0.0
1126124,0.0
1127125,0.0
1128126,0.0
1129127,0.0
1130128,32.55761019480785
1131129,6.981525742259741
1132130,1.8552007623176798
1133131,0.0
1134132,0.0
1135133,4.564120136629015
1136134,0.0
1137135,0.0
1138136,0.0
1139137,0.0
1140138,0.0
1141139,0.0
1142140,0.0
1143141,10.923317227026494
1144142,0.0
1145143,6.5086535865542
1146144,0.0
1147145,12.865631161392628
1148146,5.5213500837087555
1149147,11.83635731420724
1150148,0.0
1151149,0.0
1152150,0.0
1153151,0.0
1154152,0.0
1155153,8.176153386184303
1156154,5.272865485078972
1157155,5.464126372051193
1158156,0.0
1159157,0.0
1160158,0.0
1161159,14.071213944088024
1162160,0.0
1163161,0.0
1164162,0.0
1165163,0.0
1166164,0.0
1167165,0.0
1168166,17.222088627957113
1169167,0.0
1170168,0.0
1171169,0.0
1172170,0.0
1173171,0.0
1174172,0.0
1175173,0.0
1176174,0.0
1177175,0.0
1178176,58.80855739158541
1179177,0.0
1180178,0.0
1181179,0.0
1182180,0.0
1183181,0.0
1184182,0.0
1185183,0.0
1186184,21.09242456016372
1187185,0.0
1188186,0.0
1189187,0.0
1190188,0.0
1191189,0.0
1192190,0.0
1193191,0.0
1194192,0.0
1195193,30.79217674380004
1196194,0.0
1197195,33.828790694100306
1198196,0.0
1199197,0.0
1200198,22.412378125360796
1201199,0.0
1202200,0.0
1203201,0.0
1204202,13.529462577099089
1205203,0.0
1206204,0.0
1207205,16.94299475573136
1208206,0.0
1209207,9.176895713588081
1210208,0.0
1211209,0.0
1212210,0.0
1213211,0.0
1214212,43.148799653600385
1215213,0.0
1216214,0.0
1217215,0.0
1218216,23.49153085514181
1219217,24.432020084088258
1220218,0.0
1221219,0.0
1222220,17.89733123552339
1223221,30.32936636444674
1224222,0.0
1225223,9.19614047236136
1226224,0.0
1227225,0.0
1228226,24.736216607496054
1229227,0.0
1230228,0.0
1231229,0.0
1232230,0.0
1233231,0.0
1234232,0.0
1235233,0.0
1236234,17.86407658076679
1237235,20.61682238651829
1238236,0.0
1239237,0.0
1240238,0.0
1241239,0.0
1242240,0.0
1243241,8.260701956717737
1244242,0.0
1245243,0.0
1246244,0.0
1247245,0.0
1248246,0.0
1249247,26.89423598162788
1250248,0.0
1251249,0.0
1252250,0.0
1253251,19.27398334771785
1254252,21.442586191467566
1255253,0.0
1256254,22.585170518379474
1257255,0.0
1258256,0.0
1259257,0.0
1260258,11.681132003332799
1261259,0.0
1262260,0.0
1263261,0.0
1264262,34.848526642477445
1265263,0.0
1266264,13.792890392985617
1267265,11.730165474976364
1268266,0.0
1269267,0.0
1270268,0.0
1271269,0.0
1272270,7.348097114051453
1273271,17.208513222158196
1274272,0.0
1275273,0.0
1276274,0.0
1277275,0.0
1278276,0.0
1279277,0.0
1280278,0.0
1281279,0.0
1282280,0.0
1283281,0.0
1284282,0.0
1285283,30.06888779088696
1286284,0.0
1287285,0.0
1288286,0.0
1289287,0.0
1290288,0.0
1291289,0.0
1292290,21.652247638112467
1293291,0.0
1294292,0.0
1295293,0.0
1296294,0.0
1297295,0.0
1298296,0.0
1299297,28.5272603895972
1300298,0.0
1301299,0.0
1302300,0.0
1303301,19.10192113348558
1304302,17.20633259609251
1305303,0.0
1306304,13.84737569951036
1307305,9.858269207815049
1308306,0.0
1309307,0.0
1310308,0.0
1311309,0.0
1312310,0.0
1313311,54.44031066313616
1314312,0.0
1315313,0.0
1316314,9.919662204217799
1317315,0.0
1318316,0.0
1319317,1.8114066380271525
1320318,0.0
1321319,0.0
1322320,6.236875030371811
1323321,0.0
1324322,0.0
1325323,0.0
1326324,0.0
1327325,15.37453651675822
1328326,0.0
1329327,0.0
1330328,24.59458229029936
1331329,1.8924786630227934
1332330,0.0
1333331,0.0
1334332,0.0
1335333,0.0
1336334,0.0
1337335,25.053653023479427
1338336,31.087272536152916
1339337,17.360585139191386
1340338,0.0
1341339,0.0
1342340,0.0
1343341,0.0
1344342,0.0
1345343,0.0
1346344,0.0
1347345,0.0
1348346,0.0
1349347,0.0
1350348,19.90518023751255
1351349,0.0
1352350,0.0
1353351,0.0
1354352,0.0
1355353,0.0
1356354,0.0
1357355,20.893929067589536
1358356,0.0
1359357,0.0
1360358,0.0
1361359,0.0
1362360,11.461286211367833
1363361,18.930982096789425
1364362,0.0
1365363,0.0
1366364,19.444298374755657
1367365,0.0
1368366,59.11802868155911
1369367,0.0
1370368,54.667962503022935
1371369,0.0
1372370,0.0
1373371,0.0
1374372,0.0
1375373,0.0
1376374,0.0
1377375,0.0
1378376,0.0
1379377,10.142897366059811
1380378,0.0
1381379,24.82894955007405
1382380,0.0
1383381,0.0
1384382,0.0
1385383,19.905247456578877
1386384,4.5520812460076945
1387385,0.0
1388386,9.371313265508864
1389387,0.0
1390388,0.0
1391389,0.0
1392390,22.620730314302953
1393391,9.014777741319799
1394392,0.0
1395393,16.17002701152954
1396394,0.0
1397395,0.0
1398396,28.20862936836385
1399397,0.0
1400398,0.0
1401399,0.0
1402400,0.0
1403401,0.0
1404402,0.0
1405403,0.0
1406404,0.0
1407405,0.0
1408406,0.0
1409407,16.44739125510265
1410408,38.26778462913784
1411409,0.0
1412410,0.0
1413411,0.0
1414412,0.0
1415413,40.370891453914176
1416414,0.0
1417415,0.0
1418416,0.0
1419417,0.0
1420418,29.62331315309816
1421419,0.0
1422420,0.0
1423421,38.83894948651629
1424422,0.0
1425423,0.0
1426424,0.0
1427425,22.06693120633853
1428426,0.0
1429427,0.0
1430428,0.0
1431429,0.0
1432430,0.0
1433431,0.0
1434432,10.183453959570507
1435433,15.448464679477398
1436434,50.35795891600175
1437435,0.0
1438436,0.0
1439437,0.0
1440438,61.5651690520916
1441439,0.0
1442440,0.0
1443441,22.806219927865882
1444442,0.0
1445443,0.0
1446444,0.0
1447445,16.310254989989595
1448446,0.0
1449447,4.532178482448096
1450448,7.281979164523885
1451449,0.0
1452450,0.0
1453451,0.0
1454452,0.0
1455453,0.0
1456454,23.206632217833654
1457455,0.0
1458456,0.0
1459457,0.0
1460458,22.83718783120032
1461459,0.0
1462460,17.935705331165288
1463461,0.0
1464462,0.0
1465463,0.0
1466464,0.0
1467465,0.0
1468466,0.0
1469467,23.48667306523043
1470468,0.0
1471469,63.486021674444906
1472470,36.418494590620696
1473471,0.0
1474472,0.0
1475473,0.0
1476474,0.0
1477475,0.0
1478476,0.0
1479477,26.947785633617137
1480478,8.395194893014379
1481479,0.0
1482480,0.0
1483481,0.0
1484482,13.794846821639956
1485483,0.0
1486484,0.0
1487485,0.0
1488486,0.0
1489487,12.707468590711352
1490488,22.80171099292466
1491489,0.0
1492490,0.0
1493491,29.221289220597136
1494492,0.0
1495493,13.430032527065302
1496494,0.0
1497495,33.23862414746801
1498496,0.0
1499497,0.0
1500498,0.0
1501499,0.0
1502500,0.0
1503501,0.0
1504502,0.0
1505503,0.0
1506504,11.87205774778145
1507505,0.0
1508506,0.0
1509507,0.0
1510508,19.975700690726555
1511509,0.0
1512510,0.0
1513511,13.452955133082218
1514512,0.0
1515513,0.0
1516514,0.0
1517515,0.0
1518516,0.0
1519517,0.0
1520518,94.34795481457144
1521519,0.0
1522520,0.0
1523521,19.087374620003317
1524522,0.0
1525523,0.0
1526524,0.0
1527525,0.0
1528526,0.0
1529527,0.0
1530528,0.0
1531529,13.502014387584248
1532530,0.0
1533531,0.0
1534532,0.0
1535533,18.048702475838322
1536534,9.196903747999528
1537535,0.0
1538536,0.0
1539537,0.0
1540538,0.0
1541539,0.0
1542540,0.0
1543541,0.0
1544542,0.0
1545543,0.0
1546544,0.0
1547545,0.0
1548546,0.0
1549547,0.0
1550548,0.0
1551549,0.0
1552550,0.0
1553551,0.0
1554552,0.0
1555553,0.0
1556554,0.0
1557555,27.331218788746437
1558556,0.0
1559557,0.0
1560558,0.0
1561559,16.438747855584676
1562560,0.0
1563561,0.0
1564562,0.0
1565563,14.355541662113744
1566564,0.0
1567565,0.0
1568566,23.573259255681922
1569567,0.0
1570568,0.0
1571569,0.0
1572570,0.0
1573571,0.0
1574572,0.0
1575573,0.0
1576574,0.0
1577575,0.0
1578576,2.711833942420399
1579577,22.513387785168025
1580578,0.0
1581579,0.0
1582580,0.0
1583581,0.0
1584582,0.0
1585583,0.0
1586584,24.24440488645056
1587585,0.0
1588586,0.0
1589587,30.97086680150315
1590588,0.0
1591589,0.0
1592590,0.0
1593591,0.0
1594592,7.420844696253576
1595593,0.0
1596594,0.0
1597595,41.590179238888645
1598596,0.0
1599597,25.74605525975501
1600598,0.0
1601599,51.94726988055834
1602600,0.0
1603601,0.0
1604602,0.0
1605603,0.0
1606604,0.0
1607605,2.880268060023353
1608606,0.0
1609607,0.0
1610608,0.0
1611609,0.0
1612610,0.0
1613611,0.0
1614612,0.0
1615613,19.952783606265317
1616614,25.317564660679157
1617615,0.0
1618616,0.0
1619617,0.0
1620618,37.535436257675755
1621619,21.090600775796393
1622620,0.0
1623621,0.0
1624622,0.0
1625623,0.0
1626624,1.8835200690233536
1627625,0.0
1628626,0.0
1629627,0.0
1630628,0.0
1631629,0.0
1632630,0.0
1633631,0.0
1634632,31.765577351431087
1635633,0.0
1636634,0.0
1637635,0.0
1638636,0.0
1639637,0.0
1640638,0.0
1641639,3.6790322101510684
1642640,0.0
1643641,6.518903320912979
1644642,0.0
1645643,0.0
1646644,54.52190984402135
1647645,0.0
1648646,0.0
1649647,0.0
1650648,0.0
1651649,25.27519841386353
1652650,0.0
1653651,9.117626906400021
1654652,16.509987089903976
1655653,0.0
1656654,0.0
1657655,0.0
1658656,0.0
1659657,29.018760180198427
1660658,29.269219216689315
1661659,0.9629570412130658
1662660,0.0
1663661,0.0
1664662,16.514202289592106
1665663,0.0
1666664,0.0
1667665,0.0
1668666,0.0
1669667,0.0
1670668,0.0
1671669,0.0
1672670,0.0
1673671,0.0
1674672,0.0
1675673,0.0
1676674,8.416117543857467
1677675,0.0
1678676,0.0
1679677,0.0
1680678,26.495160819890035
1681679,0.0
1682680,0.0
1683681,0.0
1684682,0.0
1685683,0.0
1686684,26.315736132880367
1687685,0.0
1688686,1.7566571643646176
1689687,0.0
1690688,12.739625215578293
1691689,0.0
1692690,0.0
1693691,0.0
1694692,39.60584750549975
1695693,0.0
1696694,4.507516865089436
1697695,0.0
1698696,0.0
1699697,0.0
1700698,0.0
1701699,0.0
1702700,6.577654849309419
1703701,0.0
1704702,0.0
1705703,0.0
1706704,7.650911940680812
1707705,0.0
1708706,0.0
1709707,63.86375708094303
1710708,0.0
1711709,0.0
1712710,31.231568654724153
1713711,0.0
1714712,0.0
1715713,0.0
1716714,0.0
1717715,0.0
1718716,0.0
1719717,0.0
1720718,30.330615142735866
1721719,12.717517396102314
1722720,0.0
1723721,27.497156808300144
1724722,0.9421527700887449
1725723,0.0
1726724,41.98373939919165
1727725,0.0
1728726,0.0
1729727,0.0
1730728,26.51634610486755
1731729,0.0
1732730,55.85997690898521
1733731,15.737306981910628
1734732,0.0
1735733,15.263047821224546
1736734,0.0
1737735,0.0
1738736,0.0
1739737,20.68004023733378
1740738,0.0
1741739,0.0
1742740,0.0
1743741,0.0
1744742,35.292324348499776
1745743,0.0
1746744,0.0
1747745,0.0
1748746,14.933787808464487
1749747,0.0
1750748,22.49663435659871
1751749,0.0
1752750,0.0
1753751,19.013148331546095
1754752,8.37297941053818
1755753,0.0
1756754,0.0
1757755,0.0
1758756,0.0
1759757,0.0
1760758,0.0
1761759,0.0
1762760,0.0
1763761,0.0
1764762,0.0
1765763,0.0
1766764,0.0
1767765,9.068237766362486
1768766,0.0
1769767,0.0
1770768,0.0
1771769,18.39421484185199
1772770,0.0
1773771,0.0
1774772,40.45320401926959
1775773,0.0
1776774,0.0
1777775,17.617808095813157
1778776,0.0
1779777,2.679090431966719
1780778,0.0
1781779,16.553838568787725
1782780,0.0
1783781,0.0
1784782,0.0
1785783,0.0
1786784,0.0
1787785,0.0
1788786,0.0
1789787,0.0
1790788,0.0
1791789,64.74359030367711
1792790,0.0
1793791,0.0
1794792,0.0
1795793,50.97650926276183
1796794,59.34196369148805
1797795,35.502204797927725
1798796,0.0
1799797,0.0
1800798,0.0
1801799,0.0
1802800,10.76693447766919
1803801,10.004429109299293
1804802,0.0
1805803,0.0
1806804,0.0
1807805,0.0
1808806,0.0
1809807,0.0
1810808,0.0
1811809,0.0
1812810,0.0
1813811,85.48743980765362
1814812,0.0
1815813,0.0
1816814,0.0
1817815,0.0
1818816,0.0
1819817,18.710291303770493
1820818,0.0
1821819,0.0
1822820,9.248688754344656
1823821,0.0
1824822,0.0
1825823,0.0
1826824,0.0
1827825,9.114922595190304
1828826,0.0
1829827,0.0
1830828,11.20954483885074
1831829,0.0
1832830,37.82779581557818
1833831,0.0
1834832,28.17519501183213
1835833,11.230936088879917
1836834,0.0
1837835,3.7287291170951145
1838836,0.0
1839837,0.0
1840838,24.786511512899537
1841839,21.471297738053963
1842840,0.0
1843841,6.697842299275984
1844842,0.0
1845843,0.0
1846844,0.0
1847845,0.0
1848846,0.0
1849847,0.0
1850848,0.0
1851849,0.0
1852850,0.0
1853851,0.0
1854852,0.0
1855853,16.635970681219117
1856854,0.0
1857855,27.11415124405381
1858856,0.0
1859857,0.0
1860858,0.0
1861859,0.0
1862860,25.381165951205364
1863861,0.0
1864862,21.933642445653927
1865863,28.694056368303162
1866864,0.0
1867865,67.16752801684676
1868866,33.740174752046116
1869867,0.0
1870868,0.0
1871869,0.0
1872870,0.9618635263760279
1873871,19.08608823571318
1874872,0.0
1875873,0.0
1876874,0.0
1877875,3.7389833328904416
1878876,19.224235510023657
1879877,0.0
1880878,6.384407991172666
1881879,0.0
1882880,0.0
1883881,0.0
1884882,0.0
1885883,36.32272046941455
1886884,0.0
1887885,51.00664972371233
1888886,0.0
1889887,0.0
1890888,0.0
1891889,0.0
1892890,0.0
1893891,0.0
1894892,0.0
1895893,0.0
1896894,0.0
1897895,0.0
1898896,0.0
1899897,0.0
1900898,0.0
1901899,7.3163689883636875
1902900,0.0
1903901,0.0
1904902,0.0
1905903,0.0
1906904,0.0
1907905,0.0
1908906,11.503416932445974
1909907,0.0
1910908,29.60456227320203
1911909,0.0
1912910,0.0
1913911,1.8527727846029292
1914912,0.0
1915913,29.885124608316335
1916914,0.0
1917915,0.0
1918916,0.0
1919917,18.77231883941911
1920918,0.0
1921919,0.0
1922920,19.402182310886655
1923921,3.5871232744308696
1924922,0.0
1925923,21.75006814907111
1926924,10.870699385079304
1927925,0.0
1928926,11.18004240726667
1929927,0.0
1930928,0.0
1931929,2.858518782850539
1932930,45.01185444069996
1933931,17.686745733422264
1934932,0.0
1935933,18.35645729336361
1936934,17.07161939560397
1937935,0.0
1938936,0.0
1939937,0.0
1940938,0.0
1941939,17.60640189607554
1942940,14.312120963435571
1943941,0.0
1944942,0.0
1945943,0.0
1946944,0.0
1947945,19.052191848937728
1948946,0.0
1949947,17.49431203223312
1950948,0.0
1951949,0.0
1952950,0.0
1953951,0.0
1954952,0.0
1955953,0.0
1956954,0.0
1957955,0.0
1958956,0.0
1959957,0.0
1960958,0.0
1961959,0.0
1962960,43.69029019434261
1963961,0.0
1964962,0.0
1965963,0.0
1966964,11.10026597696461
1967965,23.521424272376738
1968966,0.0
1969967,0.0
1970968,0.0
1971969,0.0
1972970,0.0
1973971,0.0
1974972,0.0
1975973,0.0
1976974,0.0
1977975,0.0
1978976,0.0
1979977,0.0
1980978,0.0
1981979,0.0
1982980,0.0
1983981,0.0
1984982,0.0
1985983,38.85195861480025
1986984,0.0
1987985,0.0
1988986,0.0
1989987,0.0
1990988,35.195093699145964
1991989,0.0
1992990,26.17463124315848
1993991,0.0
1994992,0.0
1995993,0.0
1996994,0.0
1997995,14.529137598007162
1998996,0.0
1999997,0.0
2000998,0.0
2001999,0.0
2003000,0.0
2004001,18.332015870387863
2005002,0.0
2006003,14.685375791174254
2007004,0.0
2008005,0.0
2009006,0.0
2010007,0.0
2011008,0.0
2012009,0.0
2013010,0.0
2014011,0.0
2015012,0.0
2016013,0.0
2017014,0.0
2018015,0.0
2019016,0.0
2020017,0.0
2021018,0.0
2022019,13.844471205226037
2023020,0.0
2024021,19.430843022319085
2025022,0.0
2026023,0.0
2027024,32.04371630211457
2028025,0.0
2029026,0.0
2030027,0.0
2031028,21.886147165325045
2032029,0.0
2033030,10.253355121855071
2034031,0.0
2035032,0.0
2036033,0.0
2037034,41.52188183737908
2038035,0.0
2039036,0.0
2040037,0.0
2041038,0.0
2042039,0.0
2043040,0.0
2044041,0.0
2045042,0.0
2046043,0.0
2047044,0.0
2048045,18.66395459082105
2049046,46.739451361756274
2050047,0.0
2051048,0.0
2052049,0.0
2053050,0.0
2054051,11.071669350326866
2055052,0.0
2056053,0.0
2057054,0.0
2058055,0.0
2059056,0.0
2060057,0.0
2061058,0.0
2062059,0.0
2063060,0.0
2064061,0.0
2065062,0.0
2066063,0.0
2067064,0.0
2068065,0.0
2069066,0.0
2070067,0.0
2071068,0.0
2072069,0.0
2073070,0.0
2074071,0.0
2075072,0.0
2076073,30.90409184484425
2077074,0.0
2078075,0.0
2079076,0.0
2080077,0.0
2081078,28.983915459022356
2082079,0.0
2083080,0.0
2084081,0.0
2085082,0.0
2086083,0.0
2087084,3.80677409647659
2088085,0.0
2089086,0.0
2090087,0.0
2091088,24.65251313324778
2092089,0.0
2093090,0.0
2094091,0.0
2095092,0.0
2096093,0.0
2097094,0.0
2098095,0.0
2099096,0.0
2100097,0.0
2101098,0.0
2102099,0.0
2103100,18.56497986860289
2104101,0.0
2105102,0.0
2106103,19.412937700758807
2107104,0.0
2108105,0.0
2109106,0.0
2110107,24.848792198571815
2111108,0.0
2112109,0.0
2113110,0.0
2114111,0.0
2115112,0.0
2116113,0.0
2117114,0.0
2118115,0.0
2119116,2.7231824645958973
2120117,0.0
2121118,0.0
2122119,0.0
2123120,0.0
2124121,0.0
2125122,28.890256768615878
2126123,0.0
2127124,0.0
2128125,0.0
2129126,11.591209686852906
2130127,0.0
2131128,0.0
2132129,17.461087843855438
2133130,0.0
2134131,0.0
2135132,0.0
2136133,45.56998221900567
2137134,30.837120477347824
2138135,0.0
2139136,0.0
2140137,0.0
2141138,0.0
2142139,6.649811389192568
2143140,0.0
2144141,17.454612450269643
2145142,0.0
2146143,0.0
2147144,13.025363218517466
2148145,0.0
2149146,0.0
2150147,0.0
2151148,0.0
2152149,24.72922118578274
2153150,0.0
2154151,0.0
2155152,8.63149183068562
2156153,14.094757108209562
2157154,26.415662040075812
2158155,0.0
2159156,0.0
2160157,0.0
2161158,0.0
2162159,0.0
2163160,0.0
2164161,0.0
2165162,0.0
2166163,0.0
2167164,0.0
2168165,7.562617595518045
2169166,0.0
2170167,0.0
2171168,11.282472828157063
2172169,0.0
2173170,0.0
2174171,0.0
2175172,0.0
2176173,0.0
2177174,0.0
2178175,0.0
2179176,0.0
2180177,0.0
2181178,0.0
2182179,0.0
2183180,0.0
2184181,24.287867842195663
2185182,20.068518454983668
2186183,0.0
2187184,0.0
2188185,0.0
2189186,46.53579967665161
2190187,0.0
2191188,0.0
2192189,0.0
2193190,0.0
2194191,0.0
2195192,0.0
2196193,16.154534475731843
2197194,0.0
2198195,0.0
2199196,16.72589307921566
2200197,11.776683378720241
2201198,0.0
2202199,45.4667961768517
2203200,0.0
2204201,0.0
2205202,14.69761153055504
2206203,0.0
2207204,0.0
2208205,0.0
2209206,0.0
2210207,0.0
2211208,7.429822168368001
2212209,0.0
2213210,16.84398732522553
2214211,0.0
2215212,0.0
2216213,0.0
2217214,0.0
2218215,0.0
2219216,28.475406644151345
2220217,0.0
2221218,19.925562602742687
2222219,0.0
2223220,0.0
2224221,0.0
2225222,0.0
2226223,0.0
2227224,9.437533372804369
2228225,0.0
2229226,28.166174832333827
2230227,8.347070027766783
2231228,0.0
2232229,0.0
2233230,6.502059179516186
2234231,4.536946518946843
2235232,0.0
2236233,25.22961929192898
2237234,0.0
2238235,0.0
2239236,0.0
2240237,0.0
2241238,0.0
2242239,12.652537179003083
2243240,0.0
2244241,0.0
2245242,0.0
2246243,0.0
2247244,0.0
2248245,4.666623518832415
2249246,20.34497647058323
2250247,10.764551349120953
2251248,14.810636387000153
2252249,0.0
2253250,0.0
2254251,0.0
2255252,0.0
2256253,0.0
2257254,17.487027093797142
2258255,0.0
2259256,0.0
2260257,0.0
2261258,0.0
2262259,0.0
2263260,0.0
2264261,0.0
2265262,15.555468684746685
2266263,13.67453272910177
2267264,0.0
2268265,0.0
2269266,0.0
2270267,0.0
2271268,0.0
2272269,10.42657015371897
2273270,0.0
2274271,0.0
2275272,0.0
2276273,12.021657058848003
2277274,0.0
2278275,0.0
2279276,0.0
2280277,0.0
2281278,0.0
2282279,0.0
2283280,0.0
2284281,0.0
2285282,0.0
2286283,39.018250033874786
2287284,5.594839830058292
2288285,0.0
2289286,23.78854202421676
2290287,0.0
2291288,0.0
2292289,0.0
2293290,0.0
2294291,0.0
2295292,0.0
2296293,0.0
2297294,0.0
2298295,0.0
2299296,8.51469335524576
2300297,1.8129683356771058
2301298,0.0
2302299,70.86588658383882
2303300,0.0
2304301,0.0
2305302,29.640522391851615
2306303,0.0
2307304,0.0
2308305,0.0
2309306,0.0
2310307,3.7698212639846496
2311308,0.0
2312309,1.908750930583246
2313310,13.865913924438484
2314311,25.717032632730486
2315312,0.0
2316313,0.0
2317314,16.2116305778574
2318315,0.0
2319316,21.076585670308923
2320317,0.0
2321318,0.0
2322319,0.0
2323320,0.0
2324321,0.0
2325322,37.91503481047741
2326323,0.0
2327324,0.0
2328325,0.0
2329326,39.377041441746606
2330327,0.0
2331328,14.194349817166968
2332329,0.0
2333330,0.0
2334331,14.383247456824359
2335332,0.0
2336333,0.0
2337334,0.0
2338335,0.0
2339336,7.383295726760208
2340337,0.0
2341338,17.696502943890877
2342339,0.0
2343340,21.163801736295994
2344341,0.0
2345342,0.0
2346343,0.0
2347344,0.0
2348345,0.0
2349346,0.0
2350347,0.0
2351348,0.0
2352349,0.0
2353350,0.0
2354351,0.0
2355352,0.0
2356353,0.0
2357354,0.0
2358355,20.04893195960978
2359356,0.0
2360357,0.0
2361358,0.0
2362359,0.0
2363360,0.0
2364361,0.0
2365362,59.83861910117926
2366363,0.0
2367364,147.89806459510768
2368365,55.95060514511653
2369366,0.0
2370367,0.0
2371368,0.0
2372369,0.0
2373370,0.0
2374371,50.661575249286514
2375372,0.0
2376373,0.0
2377374,0.0
2378375,0.0
2379376,5.666316528873309
2380377,0.0
2381378,0.0
2382379,15.362511062760532
2383380,4.656095503006896
2384381,2.833832094063747
2385382,0.0
2386383,0.0
2387384,0.0
2388385,0.0
2389386,0.0
2390387,0.0
2391388,33.800911281437166
2392389,18.423559920774554
2393390,0.0
2394391,0.0
2395392,0.0
2396393,0.0
2397394,0.0
2398395,15.753274721091085
2399396,0.0
2400397,0.0
2401398,0.0
2402399,19.45333086104034
2403400,0.0
2404401,0.0
2405402,14.739984289636505
2406403,0.0
2407404,8.107786554933107
2408405,34.79034335248621
2409406,0.0
2410407,35.295148719666756
2411408,0.0
2412409,0.0
2413410,0.0
2414411,0.0
2415412,0.0
2416413,0.0
2417414,0.0
2418415,0.0
2419416,0.0
2420417,0.0
2421418,0.0
2422419,0.0
2423420,0.0
2424421,0.0
2425422,0.0
2426423,0.0
2427424,18.88750590879181
2428425,3.7454144787197077
2429426,0.0
2430427,13.844161797634577
2431428,0.0
2432429,33.97063062610974
2433430,5.705335620609518
2434431,0.0
2435432,16.754760293718704
2436433,0.0
2437434,0.0
2438435,0.0
2439436,0.0
2440437,0.0
2441438,0.0
2442439,7.465625375514161
2443440,0.0
2444441,17.790014790003028
2445442,0.0
2446443,0.0
2447444,16.901717439450398
2448445,0.0
2449446,0.0
2450447,0.0
2451448,0.0
2452449,0.0
2453450,0.0
2454451,29.364480682198618
2455452,0.0
2456453,0.0
2457454,1.9013985874445964
2458455,25.897476328699955
2459456,0.0
2460457,0.0
2461458,0.0
2462459,17.574614389586092
2463460,4.605507830725082
2464461,0.0
2465462,0.0
2466463,0.0
2467464,0.0
2468465,21.101685688970562
2469466,23.959874123047214
2470467,0.0
2471468,14.471528647790846
2472469,0.0
2473470,0.0
2474471,0.0
2475472,8.383408110403415
2476473,0.0
2477474,0.0
2478475,0.0
2479476,0.0
2480477,0.0
2481478,0.0
2482479,0.0
2483480,73.73064729147096
2484481,0.0
2485482,20.504648260667874
2486483,0.0
2487484,0.0
2488485,4.422286711978135
2489486,0.9733542508513265
2490487,8.470772669922791
2491488,0.0
2492489,14.82890998334283
2493490,0.0
2494491,1.9154358858514486
2495492,28.13939094009369
2496493,0.0
2497494,0.0
2498495,7.442778870566642
2499496,23.764226748928888
2500497,0.0
2501498,0.0
2502499,0.0
2503500,28.89713217316151
2504501,0.0
2505502,0.0
2506503,0.0
2507504,0.0
2508505,20.517989902556344
2509506,0.0
2510507,17.690665377152488
2511508,0.0
2512509,0.0
2513510,75.29823523967589
2514511,0.0
2515512,0.0
2516513,0.0
2517514,0.0
2518515,0.0
2519516,0.0
2520517,0.0
2521518,0.0
2522519,0.0
2523520,0.0
2524521,0.0
2525522,40.418307822550204
2526523,0.0
2527524,0.0
2528525,0.0
2529526,0.0
2530527,0.0
2531528,0.0
2532529,10.29811665170195
2533530,0.0
2534531,0.0
2535532,0.0
2536533,16.372712529706366
2537534,0.0
2538535,0.0
2539536,0.0
2540537,43.91030352628979
2541538,0.0
2542539,0.0
2543540,0.0
2544541,0.0
2545542,0.0
2546543,0.0
2547544,0.0
2548545,0.0
2549546,0.0
2550547,108.46537759014595
2551548,0.0
2552549,12.539677864062128
2553550,0.0
2554551,15.346179812330462
2555552,0.0
2556553,0.0
2557554,14.01540272250987
2558555,0.0
2559556,57.1147695190541
2560557,0.0
2561558,0.0
2562559,0.0
2563560,0.0
2564561,29.382503473819668
2565562,0.0
2566563,0.0
2567564,14.80182294567623
2568565,0.0
2569566,0.0
2570567,11.214326305553415
2571568,46.571065582334626
2572569,0.0
2573570,0.0
2574571,0.0
2575572,1.9130867996629815
2576573,0.0
2577574,0.0
2578575,4.70470392352552
2579576,17.678383159887623
2580577,0.0
2581578,4.713679401019678
2582579,0.0
2583580,0.0
2584581,0.0
2585582,0.0
2586583,0.0
2587584,0.0
2588585,0.0
2589586,0.0
2590587,0.0
2591588,0.0
2592589,0.0
2593590,0.0
2594591,0.0
2595592,0.0
2596593,0.0
2597594,0.0
2598595,0.0
2599596,10.23408415541934
2600597,0.0
2601598,0.0
2602599,0.0
2603600,0.0
2604601,0.0
2605602,0.0
2606603,0.0
2607604,0.0
2608605,16.72402596849051
2609606,0.0
2610607,0.0
2611608,0.0
2612609,0.0
2613610,0.0
2614611,16.534984077982184
2615612,0.0
2616613,34.29668872135328
2617614,0.0
2618615,0.0
2619616,0.0
2620617,0.0
2621618,0.0
2622619,0.0
2623620,0.0
2624621,0.0
2625622,0.0
2626623,0.0
2627624,84.2489833628486
2628625,0.0
2629626,0.0
2630627,0.0
2631628,45.659634029828176
2632629,0.0
2633630,0.0
2634631,10.312042917794885
2635632,8.232206512324858
2636633,0.0
2637634,43.84872181705596
2638635,0.0
2639636,28.711977525485043
2640637,0.0
2641638,12.71556942719102
2642639,0.0
2643640,0.0
2644641,0.0
2645642,0.0
2646643,0.0
2647644,0.0
2648645,0.0
2649646,0.0
2650647,0.0
2651648,17.45961400302022
2652649,0.0
2653650,0.0
2654651,0.0
2655652,0.0
2656653,14.884260084878965
2657654,0.0
2658655,0.0
2659656,26.2067674950267
2660657,0.0
2661658,0.0
2662659,31.220537165755648
2663660,0.0
2664661,20.46305892841166
2665662,0.0
2666663,0.0
2667664,19.473853360806036
2668665,0.0
2669666,0.0
2670667,0.0
2671668,0.0
2672669,0.0
2673670,0.0
2674671,0.0
2675672,0.0
2676673,0.0
2677674,0.0
2678675,0.0
2679676,0.0
2680677,0.0
2681678,0.0
2682679,31.364533905739624
2683680,0.0
2684681,0.0
2685682,0.0
2686683,0.0
2687684,0.0
2688685,0.0
2689686,0.0
2690687,0.0
2691688,29.475959747903396
2692689,0.0
2693690,0.0
2694691,0.0
2695692,0.0
2696693,0.0
2697694,24.805057661833843
2698695,37.54171715675375
2699696,19.206450833488123
2700697,46.54172153656276
2701698,0.0
2702699,12.577911493272179
2703700,18.66691315594354
2704701,0.0
2705702,19.268903174510207
2706703,0.0
2707704,0.0
2708705,22.855854372070812
2709706,0.0
2710707,32.259311730257714
2711708,11.933052936737978
2712709,0.0
2713710,18.66054404584092
2714711,0.0
2715712,0.0
2716713,0.0
2717714,26.761481004938844
2718715,0.0
2719716,96.04106663222392
2720717,27.60020176885945
2721718,0.0
2722719,0.0
2723720,0.0
2724721,0.0
2725722,0.0
2726723,15.879132061182737
2727724,13.886118664875493
2728725,0.0
2729726,51.62393079091552
2730727,0.0
2731728,0.0
2732729,0.0
2733730,0.0
2734731,0.0
2735732,0.0
2736733,0.0
2737734,0.0
2738735,17.39735899868227
2739736,0.0
2740737,9.244264849228607
2741738,0.0
2742739,0.0
2743740,0.0
2744741,0.0
2745742,0.0
2746743,0.0
2747744,0.0
2748745,27.78194804664417
2749746,0.0
2750747,5.761258569047141
2751748,12.872824995659906
2752749,6.439560977904321
2753750,0.0
2754751,0.0
2755752,0.0
2756753,0.0
2757754,0.0
2758755,0.0
2759756,0.0
2760757,0.0
2761758,3.653975864109886
2762759,13.642046070446165
2763760,0.0
2764761,0.0
2765762,0.0
2766763,4.596713727135436
2767764,0.0
2768765,0.0
2769766,0.0
2770767,0.0
2771768,10.943804383118087
2772769,0.0
2773770,0.0
2774771,0.0
2775772,0.0
2776773,0.0
2777774,0.0
2778775,0.0
2779776,0.0
2780777,0.0
2781778,0.0
2782779,0.0
2783780,0.0
2784781,0.0
2785782,0.0
2786783,0.0
2787784,0.0
2788785,0.0
2789786,0.0
2790787,0.0
2791788,0.0
2792789,22.7487810188518
2793790,0.0
2794791,0.0
2795792,0.0
2796793,0.0
2797794,0.0
2798795,0.0
2799796,0.0
2800797,17.371577826564717
2801798,0.0
2802799,0.0
2803800,0.0
2804801,0.0
2805802,0.0
2806803,0.0
2807804,0.0
2808805,0.0
2809806,4.6100200528208335
2810807,15.347096345648763
2811808,0.0
2812809,9.962890246231543
2813810,15.127112239712462
2814811,0.0
2815812,9.188283199548177
2816813,0.0
2817814,0.0
2818815,0.0
2819816,0.0
2820817,7.527755060902148
2821818,0.0
2822819,0.0
2823820,0.0
2824821,0.0
2825822,0.0
2826823,0.0
2827824,43.82762813774412
2828825,0.0
2829826,0.0
2830827,0.0
2831828,0.0
2832829,0.0
2833830,0.0
2834831,0.0
2835832,0.0
2836833,1.8940955472663177
2837834,0.0
2838835,0.0
2839836,0.0
2840837,19.235390593384125
2841838,5.552480969687319
2842839,0.0
2843840,0.0
2844841,14.645390411366396
2845842,0.0
2846843,0.0
2847844,0.0
2848845,0.0
2849846,0.0
2850847,0.0
2851848,0.0
2852849,0.0
2853850,9.363336311263643
2854851,0.0
2855852,16.624480813884706
2856853,0.0
2857854,0.0
2858855,0.0
2859856,0.0
2860857,0.0
2861858,0.0
2862859,18.464133251421767
2863860,0.0
2864861,0.0
2865862,0.0
2866863,0.0
2867864,29.40866404906857
2868865,0.0
2869866,0.0
2870867,0.0
2871868,0.0
2872869,0.0
2873870,0.0
2874871,0.0
2875872,0.0
2876873,0.0
2877874,10.908408160804028
2878875,11.55276278546201
2879876,0.0
2880877,83.05888201207472
2881878,0.0
2882879,0.0
2883880,0.0
2884881,0.0
2885882,0.0
2886883,19.854319636659724
2887884,0.0
2888885,0.0
2889886,0.0
2890887,0.0
2891888,1.9004876941446
2892889,0.0
2893890,0.0
2894891,0.0
2895892,6.590159428803688
2896893,0.0
2897894,0.0
2898895,0.0
2899896,49.453628273169194
2900897,0.0
2901898,0.0
2902899,0.0
2903900,0.0
2904901,30.243171087979135
2905902,22.110902217778637
2906903,0.0
2907904,0.0
2908905,9.11373894442344
2909906,0.0
2910907,44.50550986075427
2911908,0.0
2912909,4.776347297362401
2913910,0.0
2914911,0.0
2915912,0.0
2916913,0.0
2917914,5.6159364140357475
2918915,0.0
2919916,0.0
2920917,0.0
2921918,0.0
2922919,0.0
2923920,0.0
2924921,0.0
2925922,0.0
2926923,0.0
2927924,8.463763555608075
2928925,0.0
2929926,42.46419076316025
2930927,0.0
2931928,0.0
2932929,5.664840750163727
2933930,0.0
2934931,0.0
2935932,0.0
2936933,0.0
2937934,18.425122298956186
2938935,27.47689225203685
2939936,0.0
2940937,16.900491754435457
2941938,0.0
2942939,58.940017343576365
2943940,0.0
2944941,20.050968832141873
2945942,0.0
2946943,17.22201167819238
2947944,0.0
2948945,15.166112209931123
2949946,0.0
2950947,3.8455710743232197
2951948,0.0
2952949,0.0
2953950,0.0
2954951,0.0
2955952,1.8603847653539813
2956953,0.0
2957954,0.0
2958955,0.0
2959956,0.0
2960957,0.0
2961958,0.0
2962959,0.0
2963960,0.0
2964961,0.0
2965962,0.0
2966963,17.037009565276016
2967964,0.0
2968965,16.626004598684993
2969966,0.0
2970967,0.0
2971968,0.0
2972969,0.0
2973970,0.0
2974971,0.0
2975972,0.0
2976973,0.0
2977974,0.0
2978975,0.0
2979976,0.0
2980977,0.0
2981978,0.0
2982979,0.0
2983980,0.0
2984981,0.0
2985982,13.99359489434123
2986983,0.0
2987984,0.0
2988985,0.0
2989986,8.532415972377809
2990987,0.0
2991988,40.17190981508752
2992989,0.0
2993990,0.0
2994991,35.74177665544388
2995992,0.0
2996993,0.0
2997994,14.78671820757229
2998995,2.801512031450218
2999996,29.097129704041084
3000997,0.0
3001998,0.0
3002999,0.0
3004000,0.0
3005001,0.0
3006002,0.0
3007003,18.33684663049478
3008004,2.814656154406653
3009005,29.07789243417267
3010006,0.0
3011007,0.0
3012008,0.0
3013009,0.0
3014010,0.0
3015011,10.121147727019864
3016012,0.0
3017013,0.0
3018014,0.0
3019015,0.0
3020016,0.0
3021017,0.0
3022018,22.71192916068965
3023019,6.415651953856068
3024020,21.084807737499304
3025021,6.471016795212277
3026022,110.52239917996579
3027023,0.0
3028024,8.413355474279554
3029025,20.111029354041456
3030026,17.49038021782593
3031027,0.0
3032028,0.0
3033029,11.00518831691658
3034030,0.0
3035031,0.0
3036032,37.76058340717777
3037033,52.964117416723006
3038034,0.0
3039035,0.0
3040036,28.889836097283695
3041037,0.0
3042038,0.0
3043039,0.0
3044040,0.0
3045041,0.0
3046042,0.0
3047043,27.974124941954926
3048044,24.901756323297246
3049045,0.0
3050046,0.0
3051047,0.0
3052048,0.0
3053049,0.0
3054050,0.0
3055051,0.0
3056052,0.0
3057053,0.0
3058054,0.0
3059055,0.0
3060056,40.64816645785305
3061057,0.0
3062058,0.0
3063059,0.0
3064060,0.0
3065061,19.866338730640862
3066062,1.8589062881937222
3067063,0.0
3068064,13.980971714518743
3069065,0.0
3070066,0.0
3071067,0.0
3072068,0.0
3073069,0.0
3074070,0.0
3075071,0.0
3076072,0.0
3077073,0.0
3078074,0.0
3079075,0.0
3080076,0.0
3081077,0.0
3082078,0.0
3083079,0.0
3084080,36.71532245596067
3085081,20.942476234957976
3086082,0.0
3087083,0.0
3088084,0.0
3089085,4.838549235263569
3090086,31.898969044250034
3091087,0.0
3092088,0.0
3093089,0.0
3094090,0.0
3095091,25.41927616960759
3096092,0.0
3097093,0.0
3098094,0.0
3099095,37.58518613248987
3100096,0.0
3101097,0.0
3102098,0.0
3103099,0.0
3104100,0.0
3105101,0.0
3106102,10.419134724674148
3107103,6.725640465122589
3108104,21.90520120767882
3109105,0.0
3110106,0.0
3111107,0.0
3112108,0.0
3113109,24.702807700945666
3114110,28.538253716686054
3115111,25.146736530728404
3116112,45.11667350126533
3117113,0.0
3118114,0.0
3119115,0.0
3120116,0.0
3121117,0.0
3122118,35.83949245825734
3123119,0.0
3124120,0.0
3125121,0.0
3126122,0.0
3127123,0.0
3128124,0.0
3129125,0.0
3130126,0.0
3131127,5.4785340494220565
3132128,0.0
3133129,11.487600845698005
3134130,0.0
3135131,0.0
3136132,0.0
3137133,0.0
3138134,0.0
3139135,0.0
3140136,19.29352225783939
3141137,0.0
3142138,23.29148427035496
3143139,0.0
3144140,0.0
3145141,0.0
3146142,0.0
3147143,0.0
3148144,0.0
3149145,2.8498162627129853
3150146,0.0
3151147,0.0
3152148,19.520954783518388
3153149,0.0
3154150,0.0
3155151,0.0
3156152,0.0
3157153,0.0
3158154,0.0
3159155,11.144297766368835
3160156,0.0
3161157,0.0
3162158,54.12341566374591
3163159,0.0
3164160,0.0
3165161,0.0
3166162,0.0
3167163,0.0
3168164,0.0
3169165,0.0
3170166,0.0
3171167,0.0
3172168,0.0
3173169,0.0
3174170,0.0
3175171,0.0
3176172,0.0
3177173,16.272566338854695
3178174,0.0
3179175,0.0
3180176,0.0
3181177,0.0
3182178,20.372878331721825
3183179,0.0
3184180,12.288645227987923
3185181,0.0
3186182,0.0
3187183,16.585870735443052
3188184,0.0
3189185,0.0
3190186,16.860781153303623
3191187,0.0
3192188,0.0
3193189,0.0
3194190,0.0
3195191,0.0
3196192,0.0
3197193,0.0
3198194,0.0
3199195,0.0
3200196,0.0
3201197,0.0
3202198,0.0
3203199,0.0
3204200,0.0
3205201,0.0
3206202,7.474855561027625
3207203,0.0
3208204,0.0
3209205,0.0
3210206,0.0
3211207,0.0
3212208,0.0
3213209,0.0
3214210,24.540326279131687
3215211,0.0
3216212,0.0
3217213,0.0
3218214,0.0
3219215,0.0
3220216,0.0
3221217,0.0
3222218,0.0
3223219,0.0
3224220,0.0
3225221,7.654691342792251
3226222,38.92223392982856
3227223,0.0
3228224,0.0
3229225,0.935956927761797
3230226,15.665912873716149
3231227,0.0
3232228,0.0
3233229,13.932377038957382
3234230,0.0
3235231,0.0
3236232,9.368556954318532
3237233,5.546059920001165
3238234,0.0
3239235,0.0
3240236,0.0
3241237,0.0
3242238,0.0
3243239,0.0
3244240,0.0
3245241,0.0
3246242,0.0
3247243,0.0
3248244,0.0
3249245,0.0
3250246,10.348988179796628
3251247,51.538167136366845
3252248,0.0
3253249,11.804056110272473
3254250,0.0
3255251,0.0
3256252,0.0
3257253,0.0
3258254,16.935845333018648
3259255,0.0
3260256,0.0
3261257,0.0
3262258,0.0
3263259,0.0
3264260,0.0
3265261,0.0
3266262,0.0
3267263,0.0
3268264,0.0
3269265,6.451730888470727
3270266,0.0
3271267,0.0
3272268,0.0
3273269,99.80053534974857
3274270,19.156686709317597
3275271,24.307410156335024
3276272,0.0
3277273,26.72954864835576
3278274,36.86646286362048
3279275,0.0
3280276,0.0
3281277,0.0
3282278,0.0
3283279,0.0
3284280,0.0
3285281,15.50965066520494
3286282,4.636455063155314
3287283,0.0
3288284,0.0
3289285,0.0
3290286,0.0
3291287,0.0
3292288,0.0
3293289,16.245824052277346
3294290,0.0
3295291,0.0
3296292,45.94944205222668
3297293,0.0
3298294,0.0
3299295,23.82024490503352
3300296,0.0
3301297,0.9286506495532066
3302298,0.0
3303299,0.0
3304300,0.0
3305301,0.0
3306302,1.906654398433445
3307303,7.331051161708898
3308304,0.0
3309305,0.0
3310306,0.0
3311307,0.0
3312308,44.73091346038663
3313309,0.0
3314310,27.860617895119628
3315311,0.0
3316312,9.500117290820608
3317313,0.0
3318314,0.0
3319315,4.46553668713778
3320316,0.0
3321317,18.28502600008732
3322318,0.0
3323319,0.0
3324320,0.0
3325321,6.468570891598277
3326322,0.0
3327323,19.96847527427989
3328324,32.32514874673475
3329325,0.0
3330326,3.8483696916578127
3331327,28.116769586096364
3332328,33.53864558483563
3333329,0.0
3334330,0.0
3335331,0.0
3336332,0.0
3337333,0.0
3338334,0.0
3339335,5.655019018990864
3340336,0.0
3341337,0.0
3342338,0.0
3343339,0.0
3344340,0.0
3345341,27.050080418079496
3346342,27.151038474036067
3347343,8.586321037955557
3348344,0.0
3349345,0.0
3350346,0.0
3351347,0.0
3352348,0.0
3353349,0.0
3354350,0.0
3355351,0.0
3356352,0.0
3357353,13.031284714351134
3358354,0.0
3359355,0.0
3360356,18.373809528828502
3361357,0.0
3362358,0.0
3363359,0.0
3364360,0.0
3365361,0.0
3366362,4.735525808715576
3367363,0.0
3368364,0.0
3369365,0.0
3370366,0.0
3371367,0.0
3372368,18.87483756552159
3373369,2.740653557154507
3374370,16.056602836423323
3375371,0.0
3376372,0.0
3377373,0.0
3378374,0.0
3379375,4.7000100179507145
3380376,0.0
3381377,9.683931596914976
3382378,0.0
3383379,0.0
3384380,0.0
3385381,0.0
3386382,7.457777168600234
3387383,0.0
3388384,0.0
3389385,0.0
3390386,0.0
3391387,0.0
3392388,0.0
3393389,0.0
3394390,39.14183781974046
3395391,0.0
3396392,41.77763050709057
3397393,46.01589891855836
3398394,61.46010604925302
3399395,0.0
3400396,0.0
3401397,54.72883332331974
3402398,0.0
3403399,0.0
3404400,0.0
3405401,0.0
3406402,0.0
3407403,0.0
3408404,19.682761692738076
3409405,19.68616663023149
3410406,0.0
3411407,12.605726461369262
3412408,0.0
3413409,50.912217550415654
3414410,0.0
3415411,0.0
3416412,0.0
3417413,0.0
3418414,0.0
3419415,0.0
3420416,0.0
3421417,0.0
3422418,0.0
3423419,0.0
3424420,0.0
3425421,10.355095486134427
3426422,0.0
3427423,35.55130462685058
3428424,0.0
3429425,26.957433293403188
3430426,0.0
3431427,0.0
3432428,22.722887445999213
3433429,36.09596554649729
3434430,0.0
3435431,0.0
3436432,16.535560885109884
3437433,0.0
3438434,14.437015860329534
3439435,0.0
3440436,0.0
3441437,0.0
3442438,46.764052236271006
3443439,0.0
3444440,0.0
3445441,8.60475450358403
3446442,0.0
3447443,0.0
3448444,0.0
3449445,0.0
3450446,0.0
3451447,0.0
3452448,0.0
3453449,26.808167510898606
3454450,0.0
3455451,21.09572038543569
3456452,0.0
3457453,0.0
3458454,0.0
3459455,0.0
3460456,43.22465002605582
3461457,0.0
3462458,0.0
3463459,0.0
3464460,0.0
3465461,0.0
3466462,0.0
3467463,0.0
3468464,0.0
3469465,0.0
3470466,0.0
3471467,23.915966217769103
3472468,0.0
3473469,0.0
3474470,0.0
3475471,0.0
3476472,0.0
3477473,0.0
3478474,0.0
3479475,0.0
3480476,43.32931100359441
3481477,0.0
3482478,0.0
3483479,0.0
3484480,0.0
3485481,3.8687769120030167
3486482,0.0
3487483,0.0
3488484,0.0
3489485,17.513907561279538
3490486,0.0
3491487,59.953239695388866
3492488,17.80073050819216
3493489,0.0
3494490,0.0
3495491,0.0
3496492,0.0
3497493,21.340883769203508
3498494,0.0
3499495,0.0
3500496,0.0
3501497,0.0
3502498,21.5191930693544
3503499,0.0
3504500,53.118383007333776
3505501,0.0
3506502,0.0
3507503,75.4602539476691
3508504,0.0
3509505,0.0
3510506,6.4706237390273955
3511507,0.0
3512508,0.0
3513509,0.0
3514510,0.0
3515511,0.0
3516512,0.0
3517513,24.38379340786048
3518514,0.0
3519515,0.0
3520516,0.0
3521517,0.0
3522518,0.0
3523519,0.0
3524520,20.459928575389334
3525521,0.0
3526522,0.0
3527523,0.0
3528524,0.0
3529525,0.0
3530526,0.0
3531527,0.0
3532528,3.857332281628724
3533529,0.0
3534530,0.0
3535531,12.97227684981047
3536532,0.0
3537533,42.902219894753095
3538534,0.0
3539535,0.0
3540536,0.0
3541537,28.72385983189818
3542538,6.713808958788506
3543539,44.2429810846566
3544540,29.91113598563484
3545541,0.0
3546542,0.0
3547543,0.0
3548544,0.0
3549545,0.0
3550546,33.13090439971673
3551547,0.0
3552548,0.0
3553549,0.0
3554550,0.0
3555551,0.0
3556552,20.58746606672672
3557553,5.613995630779557
3558554,0.0
3559555,18.265217126794184
3560556,0.0
3561557,0.0
3562558,28.48823295958769
3563559,19.13623876638326
3564560,0.0
3565561,6.736473642764457
3566562,0.0
3567563,0.0
3568564,0.0
3569565,0.0
3570566,12.74663696098693
3571567,0.0
3572568,22.483106743184
3573569,0.0
3574570,0.0
3575571,0.0
3576572,0.0
3577573,11.240331477935536
3578574,0.0
3579575,0.0
3580576,17.697516475453046
3581577,0.0
3582578,0.0
3583579,0.0
3584580,0.0
3585581,0.0
3586582,16.4476286318972
3587583,0.0
3588584,0.0
3589585,0.0
3590586,0.0
3591587,0.0
3592588,5.840855096362709
3593589,0.0
3594590,0.0
3595591,52.78899005706355
3596592,9.314305870720514
3597593,0.0
3598594,0.0
3599595,0.0
3600596,0.0
3601597,0.0
3602598,0.0
3603599,0.0
3604600,0.0
3605601,0.0
3606602,0.0
3607603,0.0
3608604,0.0
3609605,0.0
3610606,38.49202436559214
3611607,23.794936041217753
3612608,0.0
3613609,0.0
3614610,0.0
3615611,0.0
3616612,0.0
3617613,0.0
3618614,0.0
3619615,6.5585559052820175
3620616,0.0
3621617,0.0
3622618,0.0
3623619,0.0
3624620,0.0
3625621,0.0
3626622,0.0
3627623,25.169675391313994
3628624,0.0
3629625,15.632549208617728
3630626,0.0
3631627,0.0
3632628,0.0
3633629,0.0
3634630,0.0
3635631,0.0
3636632,0.0
3637633,0.0
3638634,0.0
3639635,0.0
3640636,0.0
3641637,0.0
3642638,14.613581180261962
3643639,0.0
3644640,0.0
3645641,0.0
3646642,34.161881053279046
3647643,0.0
3648644,0.0
3649645,0.0
3650646,0.0
3651647,0.0
3652648,0.0
3653649,1.9336457004781094
3654650,0.0
3655651,0.0
3656652,0.0
3657653,0.0
3658654,0.0
3659655,0.0
3660656,0.0
3661657,0.0
3662658,69.91657488736624
3663659,0.0
3664660,0.0
3665661,0.0
3666662,0.0
3667663,0.0
3668664,0.0
3669665,17.785569418177037
3670666,0.0
3671667,0.0
3672668,0.0
3673669,0.0
3674670,15.172435473153334
3675671,0.0
3676672,0.0
3677673,40.89614500524271
3678674,0.0
3679675,0.0
3680676,0.0
3681677,0.0
3682678,0.0
3683679,0.0
3684680,0.0
3685681,0.0
3686682,0.0
3687683,0.0
3688684,0.0
3689685,0.0
3690686,0.0
3691687,0.0
3692688,0.0
3693689,0.0
3694690,0.0
3695691,0.0
3696692,0.0
3697693,0.0
3698694,0.0
3699695,0.0
3700696,0.0
3701697,0.0
3702698,13.154603895762142
3703699,0.0
3704700,8.64721418974969
3705701,0.0
3706702,0.0
3707703,0.0
3708704,0.0
3709705,0.0
3710706,13.681122870983966
3711707,0.0
3712708,0.0
3713709,23.172252315808876
3714710,16.346384561719034
3715711,0.0
3716712,0.0
3717713,0.0
3718714,0.0
3719715,26.04799055859191
3720716,0.0
3721717,0.0
3722718,0.0
3723719,0.0
3724720,0.0
3725721,0.0
3726722,0.0
3727723,0.0
3728724,0.0
3729725,0.0
3730726,0.0
3731727,23.21743164969952
3732728,0.0
3733729,22.121085172271314
3734730,0.0
3735731,0.0
3736732,0.0
3737733,0.0
3738734,21.875267248412005
3739735,0.0
3740736,37.243639276932974
3741737,0.0
3742738,0.0
3743739,0.0
3744740,0.0
3745741,0.0
3746742,0.0
3747743,17.929209619555845
3748744,0.0
3749745,0.0
3750746,0.0
3751747,0.0
3752748,0.0
3753749,0.0
3754750,0.0
3755751,24.792713517519502
3756752,12.434322092475064
3757753,25.27505153171545
3758754,0.0
3759755,15.898429493528084
3760756,26.216974645325447
3761757,0.0
3762758,0.0
3763759,47.377380761238314
3764760,43.54117639383989
3765761,0.0
3766762,0.0
3767763,6.435653672904655
3768764,0.0
3769765,21.353917189164303
3770766,38.33499872475615
3771767,0.0
3772768,0.0
3773769,0.0
3774770,0.0
3775771,41.0696697035852
3776772,0.0
3777773,44.92245559051565
3778774,0.0
3779775,0.0
3780776,0.0
3781777,0.0
3782778,0.0
3783779,0.0
3784780,0.0
3785781,33.71889143334152
3786782,8.324936851098233
3787783,0.0
3788784,9.485804001755376
3789785,0.0
3790786,0.0
3791787,29.436440715889432
3792788,0.0
3793789,0.0
3794790,0.0
3795791,0.0
3796792,0.0
3797793,0.0
3798794,12.35155055131027
3799795,0.0
3800796,0.0
3801797,0.0
3802798,0.0
3803799,0.0
3804800,0.0
3805801,0.0
3806802,0.0
3807803,0.0
3808804,27.82410100276339
3809805,0.0
3810806,0.0
3811807,16.706042272102064
3812808,18.792830417459133
3813809,25.753369881635926
3814810,0.0
3815811,0.0
3816812,0.0
3817813,27.175661843444885
3818814,0.0
3819815,0.0
3820816,0.0
3821817,3.7568758449599002
3822818,0.0
3823819,0.0
3824820,0.0
3825821,0.0
3826822,8.514528540686948
3827823,0.0
3828824,0.0
3829825,0.0
3830826,10.07589011585182
3831827,0.0
3832828,0.9054703915855835
3833829,78.99929735197675
3834830,0.0
3835831,0.0
3836832,0.0
3837833,0.0
3838834,0.0
3839835,0.0
3840836,0.0
3841837,0.0
3842838,0.0
3843839,0.0
3844840,0.0
3845841,0.0
3846842,0.0
3847843,0.0
3848844,0.0
3849845,0.0
3850846,0.0
3851847,0.0
3852848,18.658057404781296
3853849,15.917923199206133
3854850,0.0
3855851,21.77144849729929
3856852,29.03973607562244
3857853,0.0
3858854,0.0
3859855,34.87653530335872
3860856,6.604646656891181
3861857,0.0
3862858,0.0
3863859,0.0
3864860,0.0
3865861,12.602454801865493
3866862,0.0
3867863,0.0
3868864,0.0
3869865,0.0
3870866,0.0
3871867,0.0
3872868,0.0
3873869,0.0
3874870,0.0
3875871,0.0
3876872,0.0
3877873,30.402849202543592
3878874,0.0
3879875,3.839250239181375
3880876,12.314053403264097
3881877,0.0
3882878,0.0
3883879,27.687784371708936
3884880,21.15157961773264
3885881,0.0
3886882,0.0
3887883,22.42637594747638
3888884,0.0
3889885,0.0
3890886,14.085111539829661
3891887,0.0
3892888,0.0
3893889,0.0
3894890,7.523478138116412
3895891,11.436850353672526
3896892,0.0
3897893,0.0
3898894,0.0
3899895,16.618461169331965
3900896,0.0
3901897,0.0
3902898,0.0
3903899,15.532607140701293
3904900,0.0
3905901,0.0
3906902,0.0
3907903,0.0
3908904,0.0
3909905,0.0
3910906,0.0
3911907,0.0
3912908,0.0
3913909,0.0
3914910,0.0
3915911,33.195703693914695
3916912,0.0
3917913,62.79632517830083
3918914,16.676496984145757
3919915,19.64567660138409
3920916,0.0
3921917,16.55594887726514
3922918,0.0
3923919,0.0
3924920,0.0
3925921,15.671968247750085
3926922,0.0
3927923,0.0
3928924,0.0
3929925,0.0
3930926,0.0
3931927,0.0
3932928,0.0
3933929,0.0
3934930,0.0
3935931,0.0
3936932,30.793464040575792
3937933,0.0
3938934,0.0
3939935,0.0
3940936,0.0
3941937,0.0
3942938,0.0
3943939,31.246434421740734
3944940,0.0
3945941,0.0
3946942,19.7867916572236
3947943,0.0
3948944,0.0
3949945,0.0
3950946,0.0
3951947,15.354140359595213
3952948,0.0
3953949,0.0
3954950,22.935521441573446
3955951,0.0
3956952,7.391464420825578
3957953,0.0
3958954,78.53999209393983
3959955,14.09121785912566
3960956,0.0
3961957,0.0
3962958,0.0
3963959,0.0
3964960,0.0
3965961,0.0
3966962,12.930564130720516
3967963,0.0
3968964,0.0
3969965,0.0
3970966,10.65192886532369
3971967,0.0
3972968,0.0
3973969,0.0
3974970,38.35184515863933
3975971,0.0
3976972,0.0
3977973,0.0
3978974,0.0
3979975,0.0
3980976,0.0
3981977,0.0
3982978,0.0
3983979,0.0
3984980,32.85470925568974
3985981,0.0
3986982,0.0
3987983,17.303328941817647
3988984,0.0
3989985,0.0
3990986,0.0
3991987,0.0
3992988,0.0
3993989,15.7912354705606
3994990,0.0
3995991,0.0
3996992,16.877413495094135
3997993,0.0
3998994,8.592194734435845
3999995,39.1078419724224
4000996,0.0
4001997,16.69451213893641
4002998,0.0
4003999,0.0
4005000,0.0
4006001,0.0
4007002,0.0
4008003,0.0
4009004,0.0
4010005,0.0
4011006,0.0
4012007,0.0
4013008,0.0
4014009,17.44522366355906
4015010,0.0
4016011,0.0
4017012,0.0
4018013,0.0
4019014,0.0
4020015,0.0
4021016,0.0
4022017,26.636911197799165
4023018,0.0
4024019,0.0
4025020,0.0
4026021,0.0
4027022,0.0
4028023,0.0
4029024,21.414265785522986
4030025,0.0
4031026,0.0
4032027,0.0
4033028,0.0
4034029,0.0
4035030,0.0
4036031,0.0
4037032,0.0
4038033,0.0
4039034,25.31302394116616
4040035,0.0
4041036,0.0
4042037,0.0
4043038,22.27476288576916
4044039,3.7052290823236436
4045040,0.0
4046041,0.0
4047042,0.0
4048043,0.0
4049044,0.0
4050045,0.0
4051046,0.0
4052047,0.0
4053048,33.142048632143414
4054049,0.0
4055050,0.0
4056051,23.87692121334532
4057052,0.0
4058053,0.0
4059054,0.0
4060055,0.0
4061056,0.0
4062057,0.0
4063058,0.0
4064059,0.0
4065060,0.0
4066061,13.783423473591512
4067062,0.0
4068063,29.57858974335957
4069064,0.0
4070065,0.0
4071066,0.0
4072067,0.0
4073068,0.0
4074069,0.0
4075070,0.0
4076071,0.0
4077072,0.0
4078073,15.029975388557668
4079074,0.0
4080075,0.0
4081076,0.0
4082077,0.0
4083078,26.81950880313341
4084079,0.0
4085080,22.652010815143193
4086081,0.0
4087082,0.0
4088083,0.0
4089084,0.0
4090085,0.9475506320848508
4091086,0.0
4092087,0.0
4093088,0.0
4094089,0.0
4095090,15.431420527417083
4096091,7.735597879534458
4097092,26.659438707846363
4098093,12.949346788348839
4099094,0.0
4100095,0.0
4101096,0.0
4102097,0.0
4103098,0.0
4104099,0.0
4105100,6.450844211394746
4106101,16.973058985575843
4107102,0.0
4108103,0.0
4109104,46.79142692146918
4110105,0.0
4111106,0.0
4112107,0.0
4113108,0.0
4114109,0.0
4115110,0.0
4116111,0.0
4117112,15.802081321816193
4118113,0.0
4119114,0.0
4120115,0.0
4121116,0.0
4122117,0.0
4123118,6.478719478316765
4124119,0.0
4125120,0.0
4126121,0.0
4127122,0.0
4128123,0.0
4129124,39.82981248713598
4130125,0.0
4131126,8.533507321046088
4132127,0.0
4133128,41.75996348676329
4134129,0.0
4135130,0.0
4136131,0.0
4137132,0.0
4138133,0.0
4139134,16.171822932539044
4140135,0.0
4141136,0.0
4142137,0.0
4143138,0.0
4144139,0.0
4145140,0.0
4146141,0.0
4147142,0.0
4148143,0.0
4149144,0.0
4150145,2.7926586113502765
4151146,0.0
4152147,0.0
4153148,0.0
4154149,11.409359050943916
4155150,0.0
4156151,0.0
4157152,0.0
4158153,18.19508380591446
4159154,10.352868922959745
4160155,0.0
4161156,0.0
4162157,0.0
4163158,0.0
4164159,0.0
4165160,0.0
4166161,0.0
4167162,17.10373475033832
4168163,0.0
4169164,0.0
4170165,0.0
4171166,0.0
4172167,0.0
4173168,7.6948558691230415
4174169,75.07742006657297
4175170,0.0
4176171,0.0
4177172,18.523347741822764
4178173,0.0
4179174,0.0
4180175,44.14255215303979
4181176,0.0
4182177,0.0
4183178,0.0
4184179,24.75309452675193
4185180,0.0
4186181,31.349665490442682
4187182,0.0
4188183,0.0
4189184,14.792222583481873
4190185,15.060142622913208
4191186,48.9565235474292
4192187,0.0
4193188,0.0
4194189,0.0
4195190,0.0
4196191,0.0
4197192,0.0
4198193,0.0
4199194,44.46727992045851
4200195,0.0
4201196,19.901073138562133
4202197,0.0
4203198,0.0
4204199,0.0
4205200,7.549448910802443
4206201,0.0
4207202,39.22532502239572
4208203,0.0
4209204,0.0
4210205,3.6513767458139346
4211206,0.0
4212207,0.0
4213208,0.0
4214209,0.0
4215210,0.0
4216211,1.9239941972485588
4217212,0.0
4218213,0.0
4219214,0.0
4220215,63.92409830196678
4221216,0.0
4222217,66.7502419603439
4223218,0.0
4224219,17.441963489312627
4225220,28.86722218804653
4226221,0.0
4227222,33.03445503188977
4228223,0.0
4229224,15.408755799987736
4230225,19.60823032722078
4231226,0.0
4232227,0.0
4233228,0.0
4234229,19.87183987265922
4235230,0.0
4236231,0.0
4237232,4.764596708617665
4238233,0.0
4239234,0.0
4240235,0.0
4241236,0.0
4242237,0.0
4243238,0.0
4244239,0.0
4245240,12.96833903569242
4246241,0.0
4247242,1.8682850344504316
4248243,18.46246445869061
4249244,0.0
4250245,0.0
4251246,0.0
4252247,1.921598080356902
4253248,0.0
4254249,0.0
4255250,0.0
4256251,23.158021060308563
4257252,43.787341168412915
4258253,31.695053594671496
4259254,0.0
4260255,0.0
4261256,0.0
4262257,10.065997831978063
4263258,0.0
4264259,0.0
4265260,0.0
4266261,0.0
4267262,0.0
4268263,0.0
4269264,0.0
4270265,12.054038511472378
4271266,0.0
4272267,0.0
4273268,0.0
4274269,0.0
4275270,0.0
4276271,4.752274353878562
4277272,0.0
4278273,0.0
4279274,0.0
4280275,0.0
4281276,0.0
4282277,0.0
4283278,0.0
4284279,0.0
4285280,0.0
4286281,17.638366887377636
4287282,0.0
4288283,0.0
4289284,0.0
4290285,0.0
4291286,0.0
4292287,0.0
4293288,0.0
4294289,55.22351458939669
4295290,12.970842761368237
4296291,0.0
4297292,0.0
4298293,0.0
4299294,0.0
4300295,0.0
4301296,3.763950061744582
4302297,12.346624954158758
4303298,0.0
4304299,32.30523754376231
4305300,0.0
4306301,0.0
4307302,0.0
4308303,0.0
4309304,0.0
4310305,0.0
4311306,0.0
4312307,0.0
4313308,0.0
4314309,0.0
4315310,0.0
4316311,27.40580002790917
4317312,0.0
4318313,0.0
4319314,0.0
4320315,0.0
4321316,0.0
4322317,0.0
4323318,4.593202358259633
4324319,0.0
4325320,0.0
4326321,1.8917160509684492
4327322,0.0
4328323,0.0
4329324,30.54487073944259
4330325,0.0
4331326,9.298317230902736
4332327,0.0
4333328,0.0
4334329,0.0
4335330,25.237157372181684
4336331,0.0
4337332,0.0
4338333,12.576892060162177
4339334,0.0
4340335,0.0
4341336,0.0
4342337,0.0
4343338,0.0
4344339,0.0
4345340,71.91029217699503
4346341,0.0
4347342,0.0
4348343,0.0
4349344,0.0
4350345,0.0
4351346,0.0
4352347,0.0
4353348,0.0
4354349,0.0
4355350,0.0
4356351,0.0
4357352,0.0
4358353,0.0
4359354,0.0
4360355,0.0
4361356,0.0
4362357,0.0
4363358,0.0
4364359,9.30071650022518
4365360,0.0
4366361,0.0
4367362,0.0
4368363,0.0
4369364,0.0
4370365,0.0
4371366,0.0
4372367,0.0
4373368,14.999253219856282
4374369,0.0
4375370,0.0
4376371,20.075527002840595
4377372,0.0
4378373,0.0
4379374,0.0
4380375,0.0
4381376,0.0
4382377,11.952145760452714
4383378,54.539423127409776
4384379,0.0
4385380,0.0
4386381,0.0
4387382,28.253539417188158
4388383,0.0
4389384,0.0
4390385,0.0
4391386,0.0
4392387,0.0
4393388,0.0
4394389,20.936971780859526
4395390,5.538450756199513
4396391,26.365498023916803
4397392,14.895589368729663
4398393,0.0
4399394,0.0
4400395,0.0
4401396,0.0
4402397,3.9501314188369636
4403398,0.0
4404399,45.537048425092266
4405400,0.0
4406401,0.0
4407402,29.966768931071147
4408403,0.0
4409404,0.0
4410405,0.0
4411406,23.89435250117982
4412407,0.0
4413408,0.0
4414409,12.353157241293447
4415410,11.310777220415774
4416411,0.0
4417412,0.0
4418413,0.0
4419414,0.0
4420415,19.69671912843525
4421416,19.302052850269657
4422417,0.0
4423418,31.38288301820585
4424419,0.0
4425420,0.0
4426421,10.527354490105841
4427422,3.6861741524149485
4428423,18.53685764784433
4429424,0.0
4430425,0.0
4431426,14.863747527459195
4432427,43.6400271111084
4433428,0.0
4434429,0.0
4435430,33.55069389639877
4436431,0.0
4437432,0.0
4438433,86.01047380156405
4439434,0.0
4440435,0.0
4441436,0.0
4442437,0.0
4443438,0.0
4444439,0.0
4445440,0.0
4446441,30.863256378507295
4447442,0.0
4448443,17.771896635004676
4449444,0.0
4450445,33.466442524441916
4451446,8.704191906403281
4452447,20.166187051797543
4453448,13.968485825512543
4454449,0.0
4455450,0.0
4456451,0.0
4457452,0.0
4458453,0.0
4459454,0.0
4460455,0.0
4461456,12.821719955161692
4462457,23.989551856188026
4463458,0.0
4464459,23.028941944081353
4465460,10.565596205408006
4466461,0.0
4467462,13.621382930949729
4468463,0.0
4469464,0.0
4470465,0.0
4471466,10.269500763976044
4472467,0.0
4473468,34.41618771538326
4474469,0.0
4475470,0.0
4476471,0.0
4477472,0.0
4478473,7.462901485107268
4479474,0.0
4480475,0.0
4481476,0.0
4482477,10.95617582739995
4483478,0.0
4484479,0.0
4485480,0.0
4486481,4.80858846089186
4487482,3.772816654864071
4488483,0.0
4489484,7.593647321091499
4490485,41.61483359444099
4491486,0.0
4492487,13.982415571364985
4493488,0.0
4494489,0.0
4495490,0.0
4496491,15.750317101566779
4497492,0.0
4498493,20.084299612538462
4499494,7.525322215531147
4500495,0.0
4501496,0.0
4502497,0.0
4503498,0.0
4504499,38.74957003711149
4505500,21.960164860435494
4506501,0.0
4507502,55.743701416099775
4508503,0.0
4509504,23.476447701688095
4510505,0.0
4511506,0.0
4512507,0.0
4513508,0.0
4514509,0.0
4515510,68.8050009142332
4516511,10.18807625871873
4517512,37.56211134250057
4518513,26.312706070898017
4519514,0.0
4520515,0.0
4521516,0.0
4522517,0.0
4523518,0.0
4524519,0.0
4525520,0.0
4526521,0.0
4527522,10.955484029787295
4528523,0.0
4529524,23.072929808077337
4530525,0.0
4531526,0.0
4532527,0.9803268178917668
4533528,0.0
4534529,8.636413282308016
4535530,0.0
4536531,0.0
4537532,0.0
4538533,0.0
4539534,0.0
4540535,5.44136896876931
4541536,0.0
4542537,0.0
4543538,50.25141004808616
4544539,0.0
4545540,0.0
4546541,0.0
4547542,0.0
4548543,0.0
4549544,0.0
4550545,0.9804427833429459
4551546,0.0
4552547,12.109860784019443
4553548,57.989659905628756
4554549,0.0
4555550,0.0
4556551,0.0
4557552,12.153414447366458
4558553,0.0
4559554,0.0
4560555,0.0
4561556,0.0
4562557,0.0
4563558,0.0
4564559,0.0
4565560,0.0
4566561,0.0
4567562,0.0
4568563,0.0
4569564,0.0
4570565,0.0
4571566,0.0
4572567,0.0
4573568,0.0
4574569,0.0
4575570,38.82203237932419
4576571,0.0
4577572,0.0
4578573,0.0
4579574,0.0
4580575,0.0
4581576,0.0
4582577,0.0
4583578,12.683769918012628
4584579,17.737245515570486
4585580,9.365522149395442
4586581,0.0
4587582,7.543738656343934
4588583,0.0
4589584,0.0
4590585,9.603759654126295
4591586,0.0
4592587,0.0
4593588,0.0
4594589,0.0
4595590,0.0
4596591,7.37495792858416
4597592,13.67767017279867
4598593,0.0
4599594,0.0
4600595,0.0
4601596,0.0
4602597,14.961374060967158
4603598,0.0
4604599,0.0
4605600,0.0
4606601,0.0
4607602,0.0
4608603,0.0
4609604,16.528503279738953
4610605,35.57598530228072
4611606,15.456552514595838
4612607,0.0
4613608,0.0
4614609,17.60824047419248
4615610,0.0
4616611,0.0
4617612,0.0
4618613,0.0
4619614,18.098570228475136
4620615,0.0
4621616,35.0980046520002
4622617,11.167807807841353
4623618,0.0
4624619,0.0
4625620,0.0
4626621,0.0
4627622,0.0
4628623,0.0
4629624,0.0
4630625,0.0
4631626,0.0
4632627,0.0
4633628,0.0
4634629,0.0
4635630,0.0
4636631,0.0
4637632,0.0
4638633,0.0
4639634,0.0
4640635,0.0
4641636,15.521915726068949
4642637,0.0
4643638,0.0
4644639,16.58219992372349
4645640,0.0
4646641,31.461485724622584
4647642,33.22396064287406
4648643,0.0
4649644,68.05076293225093
4650645,0.0
4651646,0.0
4652647,0.0
4653648,16.445902418498658
4654649,0.0
4655650,0.0
4656651,0.0
4657652,0.0
4658653,0.9324945710212237
4659654,13.610691958948758
4660655,0.0
4661656,0.0
4662657,47.322658675895894
4663658,0.0
4664659,0.0
4665660,0.0
4666661,35.386723739671005
4667662,23.339603767874472
4668663,0.0
4669664,27.487351333162902
4670665,0.0
4671666,0.0
4672667,29.4887906898787
4673668,0.0
4674669,0.0
4675670,0.0
4676671,0.0
4677672,0.0
4678673,0.0
4679674,0.0
4680675,0.0
4681676,0.0
4682677,19.576333717003575
4683678,0.0
4684679,0.0
4685680,0.0
4686681,0.0
4687682,0.0
4688683,0.0
4689684,0.0
4690685,0.0
4691686,0.0
4692687,0.0
4693688,0.0
4694689,0.0
4695690,0.0
4696691,4.703796428908142
4697692,0.0
4698693,0.0
4699694,20.01475662291568
4700695,0.0
4701696,0.0
4702697,13.347896617033026
4703698,0.0
4704699,0.0
4705700,0.0
4706701,0.0
4707702,0.0
4708703,0.0
4709704,0.0
4710705,0.0
4711706,0.0
4712707,0.0
4713708,0.0
4714709,0.0
4715710,0.0
4716711,0.0
4717712,0.0
4718713,0.0
4719714,0.0
4720715,0.0
4721716,43.072577424908836
4722717,0.0
4723718,0.0
4724719,0.0
4725720,0.0
4726721,0.0
4727722,0.0
4728723,0.0
4729724,0.0
4730725,0.0
4731726,3.711233836472301
4732727,2.7857903060964526
4733728,0.0
4734729,4.610867805748818
4735730,3.7774300526904274
4736731,0.0
4737732,30.108628598834645
4738733,18.369151109289536
4739734,0.0
4740735,0.0
4741736,23.293141283505697
4742737,0.0
4743738,0.0
4744739,0.0
4745740,9.454409713685703
4746741,0.0
4747742,0.0
4748743,0.0
4749744,61.75935274662102
4750745,0.0
4751746,0.0
4752747,0.0
4753748,0.0
4754749,0.0
4755750,13.634650103280045
4756751,4.783512943842435
4757752,0.0
4758753,0.0
4759754,0.0
4760755,0.0
4761756,12.284788882198956
4762757,11.29319499506955
4763758,0.0
4764759,0.0
4765760,0.0
4766761,0.0
4767762,17.52946014409301
4768763,0.0
4769764,0.0
4770765,0.0
4771766,8.345720825903301
4772767,0.0
4773768,0.0
4774769,0.0
4775770,0.0
4776771,0.0
4777772,19.48244908364778
4778773,0.0
4779774,0.0
4780775,0.0
4781776,0.0
4782777,0.0
4783778,0.0
4784779,0.0
4785780,0.0
4786781,0.0
4787782,0.0
4788783,0.0
4789784,0.0
4790785,0.0
4791786,0.0
4792787,0.0
4793788,0.0
4794789,0.0
4795790,0.0
4796791,0.0
4797792,0.0
4798793,0.0
4799794,0.0
4800795,0.0
4801796,0.0
4802797,0.0
4803798,27.775045679361295
4804799,0.0
4805800,0.0
4806801,0.0
4807802,0.0
4808803,0.0
4809804,0.0
4810805,0.0
4811806,0.0
4812807,0.0
4813808,0.0
4814809,22.08807798676838
4815810,0.0
4816811,0.0
4817812,0.0
4818813,0.0
4819814,30.699880678421444
4820815,40.77851030832061
4821816,0.0
4822817,0.0
4823818,0.0
4824819,0.0
4825820,0.0
4826821,7.375880502175694
4827822,0.0
4828823,7.336393363486109
4829824,0.0
4830825,0.0
4831826,0.0
4832827,0.0
4833828,0.0
4834829,73.61894983620806
4835830,0.0
4836831,0.0
4837832,0.0
4838833,0.0
4839834,0.0
4840835,0.0
4841836,16.763368103456695
4842837,12.986154918119917
4843838,0.0
4844839,0.0
4845840,0.0
4846841,0.0
4847842,0.0
4848843,0.0
4849844,11.269394847991698
4850845,0.0
4851846,0.0
4852847,0.0
4853848,0.0
4854849,0.0
4855850,0.0
4856851,22.355638594207843
4857852,0.0
4858853,0.0
4859854,0.0
4860855,25.506799478659662
4861856,0.0
4862857,0.0
4863858,0.0
4864859,0.0
4865860,0.0
4866861,20.274935220225405
4867862,0.0
4868863,0.0
4869864,19.82212027625464
4870865,0.0
4871866,0.0
4872867,0.0
4873868,18.481844258166113
4874869,0.0
4875870,20.02932850191836
4876871,0.0
4877872,0.0
4878873,0.0
4879874,0.0
4880875,0.0
4881876,27.76843701663301
4882877,0.0
4883878,5.65791738642282
4884879,0.0
4885880,0.0
4886881,13.030783750972988
4887882,44.38791417323001
4888883,0.0
4889884,18.49905042593591
4890885,47.99257336337603
4891886,18.34701237852428
4892887,0.0
4893888,22.494090752228754
4894889,0.0
4895890,0.0
4896891,0.0
4897892,0.0
4898893,0.0
4899894,0.0
4900895,0.0
4901896,0.0
4902897,0.0
4903898,30.104276837013195
4904899,0.0
4905900,0.0
4906901,0.0
4907902,0.0
4908903,14.531601379261772
4909904,0.0
4910905,0.0
4911906,3.875369702345168
4912907,0.8773110693172909
4913908,0.0
4914909,0.0
4915910,0.0
4916911,0.0
4917912,0.0
4918913,0.0
4919914,0.0
4920915,0.0
4921916,0.0
4922917,6.538557358270582
4923918,49.102089123230535
4924919,0.0
4925920,0.0
4926921,1.949155294905184
4927922,0.0
4928923,0.0
4929924,0.0
4930925,0.0
4931926,0.0
4932927,0.0
4933928,0.0
4934929,28.643378353849144
4935930,0.0
4936931,0.0
4937932,0.0
4938933,0.0
4939934,33.05528868517356
4940935,0.0
4941936,0.0
4942937,0.0
4943938,0.0
4944939,0.0
4945940,0.0
4946941,0.0
4947942,0.0
4948943,0.0
4949944,0.0
4950945,0.0
4951946,0.0
4952947,0.0
4953948,0.0
4954949,0.0
4955950,5.607402710013612
4956951,0.0
4957952,0.0
4958953,27.65397799109362
4959954,0.0
4960955,0.0
4961956,0.0
4962957,0.0
4963958,0.0
4964959,0.0
4965960,18.221231921308124
4966961,0.0
4967962,0.0
4968963,57.50183181789812
4969964,22.207419812845767
4970965,3.652460030892412
4971966,0.0
4972967,0.0
4973968,0.0
4974969,0.0
4975970,0.0
4976971,0.0
4977972,26.725052993204717
4978973,0.0
4979974,0.0
4980975,13.042793026289203
4981976,0.0
4982977,0.0
4983978,0.0
4984979,0.0
4985980,0.0
4986981,0.0
4987982,0.0
4988983,0.0
4989984,0.0
4990985,0.0
4991986,0.0
4992987,0.0
4993988,61.01486682719055
4994989,0.0
4995990,33.009947028615436
4996991,0.0
4997992,22.351037822696345
4998993,0.0
4999994,4.667574940652806
5000995,0.0
5001996,0.0
5002997,0.0
5003998,0.0
5004999,0.0
5006000,39.85492083569753
5007001,0.0
5008002,0.0
5009003,12.389186676214633
5010004,0.0
5011005,0.0
5012006,0.0
5013007,14.386368524084599
5014008,1.8420451522279921
5015009,64.83159005347893
5016010,32.837474897610775
5017011,0.0
5018012,0.0
5019013,0.0
5020014,0.0
5021015,42.119226498151704
5022016,0.0
5023017,0.0
5024018,0.0
5025019,0.0
5026020,0.0
5027021,0.0
5028022,22.93898224247141
5029023,0.0
5030024,0.0
5031025,0.0
5032026,0.0
5033027,0.0
5034028,0.0
5035029,0.0
5036030,0.0
5037031,16.79421478526648
5038032,45.510685987540725
5039033,0.0
5040034,22.927351512168308
5041035,0.0
5042036,66.65992544763365
5043037,0.0
5044038,0.0
5045039,21.273005301281756
5046040,0.0
5047041,0.0
5048042,0.0
5049043,36.51259884080544
5050044,0.0
5051045,0.0
5052046,0.0
5053047,0.0
5054048,17.61313503415829
5055049,0.0
5056050,0.0
5057051,0.0
5058052,30.093202225730096
5059053,0.0
5060054,0.0
5061055,0.0
5062056,0.0
5063057,13.800512596004902
5064058,0.0
5065059,0.0
5066060,42.393438170343046
5067061,0.0
5068062,0.0
5069063,30.347826953657226
5070064,0.0
5071065,0.0
5072066,0.0
5073067,0.0
5074068,0.0
5075069,0.0
5076070,0.0
5077071,0.0
5078072,0.0
5079073,0.0
5080074,0.0
5081075,0.0
5082076,0.0
5083077,0.0
5084078,28.793956966840565
5085079,79.17795790254318
5086080,0.0
5087081,0.0
5088082,0.0
5089083,0.0
5090084,0.0
5091085,8.364738574123814
5092086,0.0
5093087,0.0
5094088,0.0
5095089,0.0
5096090,0.0
5097091,0.0
5098092,0.0
5099093,24.39168723855915
5100094,0.0
5101095,0.0
5102096,0.0
5103097,0.0
5104098,0.0
5105099,0.0
5106100,0.0
5107101,20.45391251944269
5108102,7.436747620537543
5109103,0.0
5110104,0.0
5111105,0.0
5112106,0.0
5113107,0.0
5114108,0.0
5115109,0.0
5116110,0.0
5117111,13.135705910248074
5118112,19.966549932763606
5119113,0.0
5120114,0.0
5121115,2.8256824854566416
5122116,11.354263381229835
5123117,0.0
5124118,13.498408539258234
5125119,0.0
5126120,0.0
5127121,0.0
5128122,30.751060474782253
5129123,20.761135712266256
5130124,0.0
5131125,0.9104288490481176
5132126,0.0
5133127,0.0
5134128,0.0
5135129,0.0
5136130,0.0
5137131,0.0
5138132,1.8188148086097997
5139133,23.16618753678335
5140134,0.0
5141135,0.0
5142136,0.0
5143137,0.0
5144138,0.0
5145139,0.0
5146140,0.0
5147141,0.0
5148142,0.0
5149143,2.6879794217305304
5150144,0.0
5151145,0.0
5152146,0.0
5153147,0.0
5154148,46.03811830451099
5155149,0.0
5156150,0.0
5157151,40.7856232984326
5158152,0.0
5159153,0.0
5160154,0.0
5161155,0.0
5162156,0.0
5163157,0.0
5164158,0.0
5165159,21.033230909514803
5166160,25.74557230728205
5167161,0.0
5168162,0.0
5169163,0.0
5170164,13.701462936978203
5171165,0.0
5172166,0.0
5173167,0.0
5174168,0.0
5175169,0.0
5176170,0.0
5177171,0.0
5178172,0.0
5179173,0.0
5180174,0.0
5181175,0.0
5182176,0.0
5183177,0.0
5184178,0.0
5185179,0.0
5186180,0.0
5187181,0.0
5188182,0.0
5189183,0.0
5190184,17.43638295361148
5191185,0.0
5192186,0.0
5193187,0.0
5194188,5.601086046250945
5195189,0.0
5196190,0.0
5197191,0.0
5198192,0.0
5199193,0.0
5200194,0.0
5201195,0.0
5202196,0.0
5203197,39.22774197731165
5204198,0.0
5205199,21.48814381707991
5206200,0.0
5207201,0.0
5208202,0.0
5209203,0.0
5210204,0.0
5211205,0.0
5212206,0.0
5213207,0.0
5214208,0.0
5215209,0.0
5216210,0.0
5217211,32.76435581589921
5218212,0.0
5219213,26.179398893122713
5220214,0.0
5221215,15.001950937597437
5222216,0.0
5223217,0.0
5224218,0.0
5225219,0.0
5226220,0.0
5227221,0.0
5228222,0.0
5229223,8.304241991181474
5230224,0.0
5231225,0.0
5232226,0.0
5233227,0.0
5234228,40.64756519440749
5235229,0.0
5236230,5.686532287668957
5237231,0.0
5238232,0.0
5239233,0.0
5240234,0.0
5241235,0.0
5242236,17.335992250319766
5243237,0.0
5244238,0.0
5245239,0.0
5246240,0.0
5247241,0.0
5248242,0.0
5249243,0.0
5250244,20.781625087633
5251245,0.0
5252246,0.0
5253247,0.0
5254248,0.0
5255249,0.0
5256250,79.43261543356049
5257251,12.530059933721821
5258252,0.0
5259253,0.0
5260254,0.0
5261255,0.0
5262256,0.0
5263257,0.0
5264258,0.9969594874017897
5265259,0.0
5266260,49.48835160241752
5267261,8.334167746701057
5268262,0.0
5269263,0.0
5270264,0.0
5271265,0.0
5272266,0.0
5273267,14.354343893027313
5274268,0.0
5275269,3.6159283269069853
5276270,55.76889166987021
5277271,26.01235028717597
5278272,0.0
5279273,0.0
5280274,0.0
5281275,0.0
5282276,0.0
5283277,0.0
5284278,0.0
5285279,0.0
5286280,6.442172901724776
5287281,21.165672705268875
5288282,0.0
5289283,0.0
5290284,9.437668176369684
5291285,0.0
5292286,0.0
5293287,0.0
5294288,0.0
5295289,0.0
5296290,29.36655359478298
5297291,0.0
5298292,0.0
5299293,0.0
5300294,0.0
5301295,0.0
5302296,0.0
5303297,0.0
5304298,16.88460825069615
5305299,0.0
5306300,0.0
5307301,0.0
5308302,0.0
5309303,0.0
5310304,0.0
5311305,0.0
5312306,11.42449328480462
5313307,13.114268640116183
5314308,23.573630488027014
5315309,14.14256684494729
5316310,0.0
5317311,0.0
5318312,0.0
5319313,0.0
5320314,0.0
5321315,0.0
5322316,0.0
5323317,0.0
5324318,0.0
5325319,0.0
5326320,12.832740205483407
5327321,19.258363119871785
5328322,0.0
5329323,0.0
5330324,22.191563465711795
5331325,11.579598614780677
5332326,0.0
5333327,0.0
5334328,0.0
5335329,0.0
5336330,0.0
5337331,9.391948841218948
5338332,0.0
5339333,5.685505024851341
5340334,0.0
5341335,0.9507002113593327
5342336,4.870549928186571
5343337,11.085653985593682
5344338,0.0
5345339,0.0
5346340,36.73009656566836
5347341,0.0
5348342,1.7945906196033468
5349343,0.0
5350344,0.0
5351345,0.0
5352346,22.113485770295302
5353347,6.462356452023239
5354348,0.0
5355349,0.0
5356350,52.13229364331378
5357351,0.0
5358352,0.0
5359353,0.0
5360354,33.33482546842958
5361355,22.42920543118202
5362356,86.4499080587998
5363357,0.0
5364358,0.0
5365359,0.0
5366360,0.0
5367361,18.20491746438758
5368362,12.349596732777613
5369363,0.0
5370364,0.0
5371365,0.0
5372366,0.0
5373367,25.37233023396109
5374368,0.0
5375369,0.0
5376370,0.0
5377371,11.142930211298998
5378372,0.0
5379373,0.0
5380374,0.0
5381375,0.0
5382376,0.0
5383377,0.0
5384378,0.0
5385379,0.0
5386380,0.0
5387381,0.0
5388382,0.0
5389383,33.871376199881084
5390384,35.624466755514774
5391385,0.0
5392386,0.0
5393387,2.725768952199036
5394388,36.92641510359739
5395389,0.0
5396390,0.0
5397391,0.0
5398392,0.0
5399393,0.0
5400394,0.0
5401395,0.0
5402396,19.175668773292855
5403397,0.0
5404398,0.0
5405399,0.0
5406400,0.0
5407401,0.0
5408402,0.0
5409403,0.0
5410404,0.0
5411405,0.0
5412406,0.0
5413407,0.0
5414408,0.0
5415409,14.496311680583606
5416410,46.3391463144183
5417411,0.0
5418412,0.0
5419413,0.0
5420414,0.0
5421415,8.367903634167252
5422416,0.0
5423417,0.0
5424418,0.0
5425419,0.0
5426420,0.0
5427421,0.0
5428422,0.0
5429423,4.893389621391716
5430424,0.0
5431425,0.0
5432426,51.34822314577585
5433427,0.0
5434428,0.0
5435429,0.0
5436430,0.0
5437431,0.0
5438432,17.954043947977613
5439433,0.0
5440434,32.59500862508679
5441435,24.175799278261504
5442436,0.0
5443437,0.0
5444438,0.0
5445439,0.0
5446440,0.0
5447441,0.0
5448442,0.0
5449443,0.0
5450444,0.0
5451445,0.0
5452446,0.0
5453447,0.0
5454448,0.0
5455449,0.0
5456450,0.0
5457451,0.0
5458452,31.23980799853179
5459453,10.557552261235035
5460454,0.0
5461455,0.0
5462456,0.0
5463457,0.0
5464458,73.70737400541668
5465459,0.0
5466460,17.87937608509832
5467461,34.701785086092826
5468462,0.0
5469463,0.0
5470464,0.0
5471465,0.0
5472466,0.0
5473467,0.0
5474468,0.0
5475469,21.23334329185241
5476470,0.0
5477471,0.0
5478472,0.0
5479473,0.0
5480474,30.61824692440468
5481475,39.86634219896817
5482476,43.201747094517756
5483477,0.0
5484478,0.0
5485479,0.0
5486480,0.0
5487481,0.0
5488482,20.347493091752902
5489483,0.0
5490484,0.0
5491485,0.0
5492486,29.001336849159106
5493487,0.0
5494488,0.0
5495489,0.0
5496490,4.701641004701171
5497491,0.0
5498492,0.0
5499493,0.0
5500494,15.007937492855927
5501495,11.045716538092192
5502496,0.0
5503497,14.143954374922881
5504498,20.513765525100556
5505499,2.8502675771207633
5506500,6.595428891563434
5507501,0.0
5508502,33.844301557036765
5509503,1.959657018438633
5510504,0.0
5511505,25.294543602954167
5512506,0.0
5513507,0.0
5514508,0.0
5515509,0.0
5516510,0.0
5517511,0.0
5518512,22.243660116146717
5519513,0.0
5520514,0.0
5521515,0.0
5522516,10.99237014498573
5523517,46.41619051556154
5524518,12.263902309929698
5525519,0.0
5526520,0.0
5527521,50.927611740630574
5528522,0.0
5529523,21.028195628618704
5530524,0.0
5531525,0.0
5532526,0.0
5533527,38.948968741997525
5534528,0.0
5535529,0.0
5536530,0.0
5537531,0.0
5538532,0.0
5539533,8.124410740694046
5540534,0.0
5541535,6.127405384541169
5542536,0.0
5543537,0.0
5544538,0.9263939622878599
5545539,25.02263641408712
5546540,0.0
5547541,0.0
5548542,0.0
5549543,0.0
5550544,0.0
5551545,0.0
5552546,0.0
5553547,0.0
5554548,0.0
5555549,0.0
5556550,12.55769266907198
5557551,17.236656228252862
5558552,0.0
5559553,0.0
5560554,0.0
5561555,33.336208796877365
5562556,0.0
5563557,0.0
5564558,0.0
5565559,5.694906855150307
5566560,19.177554337250882
5567561,2.925270705276417
5568562,0.0
5569563,0.0
5570564,0.0
5571565,0.0
5572566,0.0
5573567,0.0
5574568,0.0
5575569,0.0
5576570,30.764154760425807
5577571,0.0
5578572,34.6943946333608
5579573,37.81168002602082
5580574,0.0
5581575,24.8216800957232
5582576,3.8909367199112532
5583577,0.0
5584578,15.72231587362442
5585579,0.0
5586580,0.0
5587581,14.030144612336848
5588582,14.420445877756954
5589583,0.0
5590584,0.0
5591585,0.0
5592586,65.36952130256674
5593587,0.0
5594588,0.0
5595589,14.48334059034428
5596590,0.0
5597591,0.0
5598592,0.0
5599593,11.157374483079652
5600594,0.0
5601595,0.0
5602596,0.0
5603597,0.0
5604598,0.0
5605599,0.0
5606600,0.0
5607601,34.49005458443384
5608602,0.0
5609603,17.210035942589172
5610604,0.0
5611605,0.0
5612606,0.0
5613607,0.0
5614608,0.0
5615609,2.9317123600723303
5616610,0.0
5617611,0.0
5618612,0.0
5619613,21.432160598635704
5620614,0.0
5621615,6.432782086556581
5622616,0.0
5623617,0.0
5624618,0.0
5625619,30.91894019353407
5626620,0.0
5627621,0.0
5628622,0.0
5629623,0.0
5630624,19.26806692464132
5631625,0.0
5632626,0.0
5633627,0.0
5634628,0.0
5635629,0.0
5636630,0.0
5637631,0.0
5638632,21.972220339269164
5639633,0.0
5640634,0.0
5641635,0.0
5642636,0.0
5643637,0.9206598162692952
5644638,44.77154913416512
5645639,8.360601872402238
5646640,0.0
5647641,0.0
5648642,12.846843175708884
5649643,0.0
5650644,0.0
5651645,0.0
5652646,0.0
5653647,13.663870477479822
5654648,0.0
5655649,0.0
5656650,0.0
5657651,0.0
5658652,0.0
5659653,0.0
5660654,0.0
5661655,11.731578868157733
5662656,9.571012285544922
5663657,5.600304616484394
5664658,0.0
5665659,16.28023868822675
5666660,0.0
5667661,2.8799056200655997
5668662,0.0
5669663,0.0
5670664,0.0
5671665,10.054391628012931
5672666,0.0
5673667,0.0
5674668,0.0
5675669,0.0
5676670,0.0
5677671,0.0
5678672,0.0
5679673,0.0
5680674,0.0
5681675,0.0
5682676,0.0
5683677,0.0
5684678,0.0
5685679,0.0
5686680,0.0
5687681,3.67934357971744
5688682,20.25017718925609
5689683,0.0
5690684,0.0
5691685,0.0
5692686,13.435427413926519
5693687,26.292252351274218
5694688,0.0
5695689,0.0
5696690,0.0
5697691,0.0
5698692,0.0
5699693,15.439460142169308
5700694,0.0
5701695,0.0
5702696,0.0
5703697,0.0
5704698,0.0
5705699,0.0
5706700,0.0
5707701,0.0
5708702,0.0
5709703,0.0
5710704,0.0
5711705,29.077556453316145
5712706,0.0
5713707,0.0
5714708,0.0
5715709,0.0
5716710,0.0
5717711,0.0
5718712,0.0
5719713,0.0
5720714,16.319697255554946
5721715,0.0
5722716,0.0
5723717,14.586148928537417
5724718,0.0
5725719,20.328752248912018
5726720,0.0
5727721,0.0
5728722,0.0
5729723,12.712575302880708
5730724,0.0
5731725,0.0
5732726,0.0
5733727,0.0
5734728,10.054220535301818
5735729,0.0
5736730,0.0
5737731,0.0
5738732,0.0
5739733,34.75683092518895
5740734,0.0
5741735,14.391854632942168
5742736,14.771784484964913
5743737,0.0
5744738,9.489567107307522
5745739,0.0
5746740,11.058865827200815
5747741,0.0
5748742,40.37461157430745
5749743,0.0
5750744,0.0
5751745,0.0
5752746,9.287002332365812
5753747,0.0
5754748,19.902278692286295
5755749,0.0
5756750,0.0
5757751,0.0
5758752,0.0
5759753,0.0
5760754,0.0
5761755,0.0
5762756,0.0
5763757,0.0
5764758,0.0
5765759,0.0
5766760,0.0
5767761,0.0
5768762,0.0
5769763,0.0
5770764,0.0
5771765,0.0
5772766,18.16474371068153
5773767,0.0
5774768,0.0
5775769,0.0
5776770,0.0
5777771,0.0
5778772,0.0
5779773,0.0
5780774,0.0
5781775,0.0
5782776,0.0
5783777,0.0
5784778,0.0
5785779,0.0
5786780,0.0
5787781,0.0
5788782,0.0
5789783,0.0
5790784,0.0
5791785,0.0
5792786,0.0
5793787,0.0
5794788,0.0
5795789,45.66427893481904
5796790,4.885834121664053
5797791,3.63671221337342
5798792,27.220439557389074
5799793,0.0
5800794,0.0
5801795,0.0
5802796,25.061175122215186
5803797,0.0
5804798,0.0
5805799,0.0
5806800,15.694063006713368
5807801,0.0
5808802,0.0
5809803,0.0
5810804,0.0
5811805,0.0
5812806,0.0
5813807,0.0
5814808,7.505154218516693
5815809,0.0
5816810,28.473468233571673
5817811,0.0
5818812,0.0
5819813,0.0
5820814,13.820508539126225
5821815,11.78244755690201
5822816,0.0
5823817,0.0
5824818,0.0
5825819,6.372935148821249
5826820,0.0
5827821,0.0
5828822,0.0
5829823,0.0
5830824,0.0
5831825,7.400146564983436
5832826,0.0
5833827,0.0
5834828,0.0
5835829,37.458708485068094
5836830,0.0
5837831,8.254590042526715
5838832,0.0
5839833,0.0
5840834,10.394663084634802
5841835,52.30605310858076
5842836,37.98606273565251
5843837,20.396291861339808
5844838,0.0
5845839,0.0
5846840,0.0
5847841,40.988260139649796
5848842,26.865936805659356
5849843,0.0
5850844,0.0
5851845,0.0
5852846,0.0
5853847,0.0
5854848,0.0
5855849,0.0
5856850,0.0
5857851,0.0
5858852,0.0
5859853,0.0
5860854,0.0
5861855,0.0
5862856,0.0
5863857,15.630405284144727
5864858,0.0
5865859,0.0
5866860,10.298114280217643
5867861,0.0
5868862,21.895042163230727
5869863,0.0
5870864,8.391852551497793
5871865,0.0
5872866,0.0
5873867,17.268507066729967
5874868,0.0
5875869,0.0
5876870,0.0
5877871,0.0
5878872,0.0
5879873,0.0
5880874,0.0
5881875,0.0
5882876,0.0
5883877,0.0
5884878,0.0
5885879,0.0
5886880,14.164440211225976
5887881,0.0
5888882,0.0
5889883,0.0
5890884,0.0
5891885,0.0
5892886,0.0
5893887,0.0
5894888,0.0
5895889,0.0
5896890,0.0
5897891,0.0
5898892,0.0
5899893,19.413641650712425
5900894,3.6261664420751645
5901895,0.0
5902896,0.0
5903897,0.0
5904898,0.0
5905899,0.0
5906900,0.0
5907901,4.663841987049855
5908902,1.9833782819944719
5909903,29.230391816934937
5910904,9.470919144964215
5911905,0.0
5912906,0.0
5913907,21.1586895108791
5914908,0.0
5915909,2.6678337758659136
5916910,0.0
5917911,0.0
5918912,0.0
5919913,0.0
5920914,0.0
5921915,9.258951717700015
5922916,47.57616277213358
5923917,8.260455616232216
5924918,0.0
5925919,0.0
5926920,0.0
5927921,0.0
5928922,41.718039260542376
5929923,0.0
5930924,0.0
5931925,0.0
5932926,0.0
5933927,21.570558947718293
5934928,0.0
5935929,0.0
5936930,0.0
5937931,14.684111089348992
5938932,13.209589606241966
5939933,0.0
5940934,0.0
5941935,6.621326617666403
5942936,0.0
5943937,0.0
5944938,0.0
5945939,0.0
5946940,0.0
5947941,0.0
5948942,0.0
5949943,0.0
5950944,0.0
5951945,0.0
5952946,0.0
5953947,0.0
5954948,0.0
5955949,0.0
5956950,9.46711322465966
5957951,0.0
5958952,0.0
5959953,14.95287247265367
5960954,0.0
5961955,28.19932162957458
5962956,15.421086582220841
5963957,0.0
5964958,0.0
5965959,0.0
5966960,0.0
5967961,0.0
5968962,0.0
5969963,35.36268374037421
5970964,0.0
5971965,0.0
5972966,0.0
5973967,0.0
5974968,0.0
5975969,0.0
5976970,0.0
5977971,0.0
5978972,13.985210357671388
5979973,0.0
5980974,0.0
5981975,0.0
5982976,12.849600478812395
5983977,0.0
5984978,0.0
5985979,0.0
5986980,0.0
5987981,0.0
5988982,0.0
5989983,0.0
5990984,19.419118814874654
5991985,0.0
5992986,0.0
5993987,0.0
5994988,0.0
5995989,18.229666701531592
5996990,0.0
5997991,0.0
5998992,12.719744024613107
5999993,13.180293183197282
6000994,0.0
6001995,11.811717150073147
6002996,0.0
6003997,0.0
6004998,0.0
6005999,0.0
6007000,0.0
6008001,0.0
6009002,11.0770793963133
6010003,0.0
6011004,0.0
6012005,0.0
6013006,0.0
6014007,0.0
6015008,0.0
6016009,0.0
6017010,0.0
6018011,34.07202208126569
6019012,0.0
6020013,24.431635137183452
6021014,0.0
6022015,0.0
6023016,23.499788868204547
6024017,0.0
6025018,0.0
6026019,34.2235262860832
6027020,13.611773744682573
6028021,14.922373127337268
6029022,0.0
6030023,0.0
6031024,1.974451851382781
6032025,9.397720721114585
6033026,0.0
6034027,0.0
6035028,0.0
6036029,38.80086723783943
6037030,0.0
6038031,0.0
6039032,0.0
6040033,0.0
6041034,0.0
6042035,0.0
6043036,0.0
6044037,0.0
6045038,0.0
6046039,0.0
6047040,22.70945450142155
6048041,0.0
6049042,0.0
6050043,0.0
6051044,0.0
6052045,0.0
6053046,0.0
6054047,20.24493996666557
6055048,0.0
6056049,0.0
6057050,0.0
6058051,0.0
6059052,0.0
6060053,0.0
6061054,20.44592934330859
6062055,0.0
6063056,0.0
6064057,0.0
6065058,0.0
6066059,0.0
6067060,0.0
6068061,0.0
6069062,26.66688927727095
6070063,3.962673886779992
6071064,0.0
6072065,16.29769729139388
6073066,0.0
6074067,45.8260296574524
6075068,0.0
6076069,0.0
6077070,0.0
6078071,0.0
6079072,0.0
6080073,0.0
6081074,13.47673434179008
6082075,0.0
6083076,0.0
6084077,0.0
6085078,0.0
6086079,0.0
6087080,0.0
6088081,0.0
6089082,0.0
6090083,0.0
6091084,0.0
6092085,0.0
6093086,0.0
6094087,0.0
6095088,33.26735880995746
6096089,0.0
6097090,0.0
6098091,0.0
6099092,0.0
6100093,0.0
6101094,0.0
6102095,0.0
6103096,0.0
6104097,0.0
6105098,0.0
6106099,12.039022403321047
6107100,126.7680140264928
6108101,19.990177206741805
6109102,19.48224425930222
6110103,16.72958726260705
6111104,0.0
6112105,0.0
6113106,0.0
6114107,0.0
6115108,0.0
6116109,0.0
6117110,0.0
6118111,0.0
6119112,0.0
6120113,0.0
6121114,0.0
6122115,0.0
6123116,37.14553409664809
6124117,0.0
6125118,26.868630437832497
6126119,0.0
6127120,16.97685239184991
6128121,0.0
6129122,0.0
6130123,0.0
6131124,1.9922876757469434
6132125,0.0
6133126,9.014086742500156
6134127,0.0
6135128,0.0
6136129,0.0
6137130,0.0
6138131,0.0
6139132,18.153009010448603
6140133,29.72244691455047
6141134,0.0
6142135,0.0
6143136,0.0
6144137,33.78568380704366
6145138,15.784657937042597
6146139,6.523789887339863
6147140,0.0
6148141,0.0
6149142,0.0
6150143,6.483216274342574
6151144,0.0
6152145,0.0
6153146,0.0
6154147,0.0
6155148,0.0
6156149,0.0
6157150,0.0
6158151,0.0
6159152,43.4703154425705
6160153,0.0
6161154,0.0
6162155,0.0
6163156,0.0
6164157,0.0
6165158,0.0
6166159,0.0
6167160,0.0
6168161,0.0
6169162,25.48787156819554
6170163,0.0
6171164,0.0
6172165,29.076856270985143
6173166,0.0
6174167,0.0
6175168,0.0
6176169,0.0
6177170,17.479927429151513
6178171,0.0
6179172,1.9085777217984057
6180173,23.705597577198848
6181174,0.0
6182175,0.0
6183176,19.76786575539275
6184177,0.0
6185178,15.102259047457032
6186179,0.0
6187180,0.0
6188181,0.0
6189182,11.119969723430586
6190183,0.0
6191184,0.0
6192185,0.0
6193186,0.0
6194187,0.0
6195188,0.0
6196189,0.0
6197190,6.325179389425172
6198191,0.0
6199192,0.0
6200193,0.0
6201194,0.0
6202195,0.0
6203196,40.69865985451121
6204197,0.0
6205198,0.0
6206199,0.0
6207200,0.0
6208201,0.0
6209202,0.0
6210203,58.852264855143375
6211204,0.0
6212205,0.0
6213206,15.597769864031882
6214207,1.9286985412091784
6215208,12.936495709208547
6216209,24.44964847585043
6217210,24.070804467473913
6218211,0.0
6219212,0.0
6220213,0.0
6221214,0.0
6222215,36.8211695591206
6223216,0.0
6224217,0.0
6225218,0.0
6226219,22.757682353478565
6227220,0.0
6228221,0.0
6229222,0.0
6230223,0.0
6231224,0.0
6232225,13.72653882185993
6233226,0.0
6234227,0.0
6235228,10.09539739376285
6236229,0.0
6237230,6.647043511178312
6238231,0.0
6239232,0.0
6240233,0.0
6241234,0.0
6242235,0.0
6243236,0.0
6244237,0.0
6245238,0.0
6246239,0.0
6247240,0.0
6248241,0.0
6249242,0.0
6250243,0.0
6251244,38.21699495924316
6252245,0.0
6253246,0.0
6254247,34.12151867027606
6255248,0.0
6256249,0.0
6257250,0.0
6258251,0.0
6259252,44.981318950273064
6260253,11.841573620373346
6261254,0.0
6262255,16.666269865058887
6263256,0.0
6264257,16.58459454729093
6265258,0.0
6266259,44.46166307885238
6267260,0.0
6268261,0.0
6269262,0.0
6270263,0.0
6271264,29.082459369640304
6272265,0.0
6273266,0.0
6274267,0.0
6275268,0.0
6276269,18.199330710239273
6277270,0.0
6278271,0.0
6279272,0.0
6280273,0.0
6281274,14.580477298129138
6282275,0.0
6283276,0.0
6284277,6.757926919185625
6285278,0.0
6286279,4.906634121530381
6287280,0.0
6288281,0.0
6289282,0.0
6290283,0.0
6291284,0.0
6292285,12.096097727201233
6293286,0.0
6294287,0.0
6295288,0.0
6296289,0.0
6297290,0.0
6298291,0.0
6299292,0.0
6300293,15.57094059734047
6301294,35.77980249660983
6302295,0.0
6303296,0.0
6304297,0.0
6305298,0.0
6306299,0.0
6307300,30.777747505912043
6308301,0.0
6309302,0.0
6310303,0.0
6311304,29.84270628698116
6312305,19.187613719075085
6313306,0.0
6314307,0.0
6315308,0.0
6316309,0.0
6317310,0.0
6318311,24.653817424610747
6319312,0.0
6320313,0.0
6321314,0.0
6322315,0.0
6323316,0.0
6324317,0.0
6325318,0.0
6326319,0.0
6327320,0.0
6328321,0.0
6329322,0.0
6330323,0.0
6331324,0.0
6332325,0.0
6333326,0.0
6334327,0.0
6335328,0.0
6336329,17.123143688032727
6337330,0.0
6338331,0.0
6339332,0.0
6340333,16.635198354582926
6341334,0.0
6342335,31.509742369804812
6343336,0.0
6344337,0.0
6345338,0.0
6346339,13.59978611650622
6347340,0.0
6348341,50.63248571538869
6349342,0.0
6350343,0.0
6351344,0.0
6352345,0.0
6353346,8.313171848751319
6354347,0.0
6355348,0.0
6356349,0.0
6357350,0.0
6358351,0.0
6359352,0.0
6360353,0.0
6361354,0.0
6362355,0.0
6363356,0.0
6364357,10.321898231346712
6365358,0.0
6366359,0.8971984789955568
6367360,0.0
6368361,0.0
6369362,3.829114166703177
6370363,0.0
6371364,16.558542445488786
6372365,0.0
6373366,0.0
6374367,25.390659649035157
6375368,0.0
6376369,0.0
6377370,0.0
6378371,0.0
6379372,0.0
6380373,0.0
6381374,0.0
6382375,0.0
6383376,0.0
6384377,0.0
6385378,8.008608007773063
6386379,0.0
6387380,19.832419907373517
6388381,0.0
6389382,0.0
6390383,17.975563164302645
6391384,0.0
6392385,0.0
6393386,25.49743691293191
6394387,0.0
6395388,13.80369531064522
6396389,0.0
6397390,0.0
6398391,0.0
6399392,23.156001123460623
6400393,0.0
6401394,13.075933457307466
6402395,0.0
6403396,17.208386260352828
6404397,0.0
6405398,0.0
6406399,31.062305815009893
6407400,0.0
6408401,0.0
6409402,0.0
6410403,0.0
6411404,0.0
6412405,0.0
6413406,0.0
6414407,0.0
6415408,0.0
6416409,48.20783939075758
6417410,0.0
6418411,0.0
6419412,0.0
6420413,0.0
6421414,0.0
6422415,0.0
6423416,0.0
6424417,0.0
6425418,0.0
6426419,0.0
6427420,0.0
6428421,0.0
6429422,0.0
6430423,0.0
6431424,20.81295610235089
6432425,0.0
6433426,0.0
6434427,0.0
6435428,29.536469740297328
6436429,0.0
6437430,0.0
6438431,14.908218324910099
6439432,0.0
6440433,0.0
6441434,11.966264441692426
6442435,0.0
6443436,18.311554343368105
6444437,0.0
6445438,0.0
6446439,36.218850190326584
6447440,0.0
6448441,0.0
6449442,0.0
6450443,0.0
6451444,0.0
6452445,0.0
6453446,1.9601783815811737
6454447,12.967363542256631
6455448,0.0
6456449,0.0
6457450,0.0
6458451,0.0
6459452,0.0
6460453,0.0
6461454,14.421803465570632
6462455,17.273408346379004
6463456,14.624038559627783
6464457,0.0
6465458,8.445867737194066
6466459,0.0
6467460,5.654023382111713
6468461,0.0
6469462,15.677332638992247
6470463,0.0
6471464,0.0
6472465,0.0
6473466,10.893018450808723
6474467,0.0
6475468,0.0
6476469,25.403067486738262
6477470,0.0
6478471,10.004742168627757
6479472,0.0
6480473,39.7835676218683
6481474,22.763797062312033
6482475,0.0
6483476,0.0
6484477,0.0
6485478,0.0
6486479,15.044176937792583
6487480,0.0
6488481,0.0
6489482,0.0
6490483,0.0
6491484,21.11541115420311
6492485,0.0
6493486,0.0
6494487,0.0
6495488,0.0
6496489,0.0
6497490,0.0
6498491,0.0
6499492,53.6776623113234
6500493,0.0
6501494,0.0
6502495,0.0
6503496,0.0
6504497,0.0
6505498,0.0
6506499,9.1744252248075
6507500,0.0
6508501,0.0
6509502,0.0
6510503,0.0
6511504,6.768433573337584
6512505,0.0
6513506,14.804822362276838
6514507,0.0
6515508,12.075515067053232
6516509,0.0
6517510,0.0
6518511,34.424803404781855
6519512,0.0
6520513,0.0
6521514,0.0
6522515,0.0
6523516,17.593487583135694
6524517,0.0
6525518,7.459861190427254
6526519,5.510127258720781
6527520,0.0
6528521,0.0
6529522,12.038461166094644
6530523,0.0
6531524,1.9825921782306004
6532525,22.935066762731374
6533526,0.0
6534527,14.89443992124909
6535528,0.0
6536529,0.0
6537530,0.0
6538531,0.0
6539532,24.030807460371967
6540533,0.0
6541534,0.0
6542535,0.0
6543536,29.25111207795901
6544537,29.88778450803416
6545538,0.0
6546539,0.0
6547540,16.398001559002104
6548541,0.0
6549542,0.0
6550543,25.026737565282108
6551544,0.0
6552545,0.0
6553546,9.496727580363197
6554547,0.0
6555548,0.0
6556549,0.0
6557550,0.0
6558551,12.83545733033061
6559552,0.0
6560553,0.0
6561554,15.390001278806169
6562555,17.69614497280527
6563556,0.0
6564557,14.873625568245275
6565558,0.0
6566559,0.0
6567560,0.0
6568561,0.0
6569562,0.0
6570563,0.0
6571564,0.0
6572565,0.0
6573566,0.0
6574567,0.0
6575568,0.0
6576569,0.0
6577570,0.0
6578571,11.318555102148316
6579572,0.0
6580573,0.0
6581574,0.0
6582575,0.0
6583576,0.0
6584577,1.7703666883351246
6585578,0.0
6586579,0.0
6587580,0.0
6588581,0.0
6589582,0.0
6590583,17.406291140863676
6591584,0.0
6592585,0.0
6593586,0.0
6594587,0.0
6595588,20.967207903187383
6596589,0.0
6597590,0.0
6598591,0.0
6599592,0.0
6600593,0.0
6601594,0.0
6602595,0.0
6603596,0.0
6604597,0.0
6605598,7.564735032518219
6606599,25.330147089331845
6607600,0.0
6608601,0.0
6609602,0.0
6610603,0.0
6611604,0.0
6612605,0.0
6613606,0.0
6614607,0.0
6615608,0.0
6616609,0.0
6617610,0.0
6618611,0.0
6619612,0.0
6620613,32.080862417732554
6621614,0.0
6622615,0.0
6623616,0.0
6624617,0.0
6625618,19.406610111756343
6626619,0.0
6627620,32.11835559533275
6628621,10.139664732916058
6629622,23.58734859984402
6630623,0.0
6631624,0.0
6632625,51.15226854201922
6633626,37.41246902619735
6634627,0.0
6635628,0.0
6636629,14.75525796602382
6637630,46.17455486381967
6638631,0.0
6639632,13.252821949820822
6640633,20.180281936237467
6641634,0.0
6642635,0.0
6643636,0.0
6644637,0.0
6645638,27.000020603465522
6646639,0.0
6647640,0.0
6648641,0.0
6649642,0.0
6650643,0.0
6651644,0.0
6652645,25.135781393385766
6653646,0.0
6654647,14.963972533077827
6655648,0.0
6656649,0.0
6657650,0.0
6658651,30.215997835914038
6659652,0.0
6660653,0.0
6661654,0.0
6662655,19.12063067150643
6663656,0.0
6664657,0.0
6665658,12.85538805584665
6666659,0.0
6667660,0.0
6668661,0.0
6669662,19.080711502845304
6670663,0.0
6671664,0.0
6672665,0.0
6673666,18.690202688611684
6674667,0.0
6675668,1.8771806074561026
6676669,0.0
6677670,12.88591613149551
6678671,0.0
6679672,0.0
6680673,6.312839429206921
6681674,0.0
6682675,0.0
6683676,0.0
6684677,0.0
6685678,0.0
6686679,18.296422533041437
6687680,0.0
6688681,0.0
6689682,0.0
6690683,0.0
6691684,0.0
6692685,7.372680894939676
6693686,0.0
6694687,0.0
6695688,0.0
6696689,0.0
6697690,0.0
6698691,0.0
6699692,0.0
6700693,0.0
6701694,0.0
6702695,19.176364516670198
6703696,0.0
6704697,0.0
6705698,0.0
6706699,0.0
6707700,0.0
6708701,0.0
6709702,0.0
6710703,0.0
6711704,0.0
6712705,0.0
6713706,12.114907363799574
6714707,0.0
6715708,0.0
6716709,0.0
6717710,10.250666561406256
6718711,36.47307086231157
6719712,0.0
6720713,0.0
6721714,0.0
6722715,0.0
6723716,0.0
6724717,18.163623202799165
6725718,0.0
6726719,0.0
6727720,0.0
6728721,0.0
6729722,0.0
6730723,0.0
6731724,0.0
6732725,7.320086802160934
6733726,0.0
6734727,0.0
6735728,0.0
6736729,37.726954159954744
6737730,16.8445510558476
6738731,0.0
6739732,0.0
6740733,0.0
6741734,0.0
6742735,31.698402470691683
6743736,0.0
6744737,13.769574184977547
6745738,14.337094680202819
6746739,0.0
6747740,0.0
6748741,0.0
6749742,0.0
6750743,0.0
6751744,0.0
6752745,23.09149041558643
6753746,0.0
6754747,18.718423643811324
6755748,0.0
6756749,0.0
6757750,0.0
6758751,20.7133516491013
6759752,30.88636282018934
6760753,0.0
6761754,28.730211019937332
6762755,0.0
6763756,0.0
6764757,0.0
6765758,18.646863292155924
6766759,0.0
6767760,0.0
6768761,36.32908247014928
6769762,0.0
6770763,36.832712021046866
6771764,0.0
6772765,0.0
6773766,0.0
6774767,0.0
6775768,13.321024736494847
6776769,0.0
6777770,0.0
6778771,0.0
6779772,0.0
6780773,34.32563883523348
6781774,0.0
6782775,0.0
6783776,0.0
6784777,0.0
6785778,0.0
6786779,0.0
6787780,25.338584656111276
6788781,6.6149819891017465
6789782,0.0
6790783,0.0
6791784,27.132575751679326
6792785,0.0
6793786,0.0
6794787,0.0
6795788,0.0
6796789,13.024560289010534
6797790,0.0
6798791,0.0
6799792,0.0
6800793,0.0
6801794,0.0
6802795,29.914438753554915
6803796,19.91577454034757
6804797,19.746180603144445
6805798,0.0
6806799,0.0
6807800,0.0
6808801,0.0
6809802,1.8832109490094049
6810803,0.0
6811804,0.0
6812805,0.0
6813806,0.0
6814807,0.0
6815808,0.0
6816809,0.0
6817810,0.0
6818811,0.0
6819812,0.0
6820813,5.766948590531248
6821814,0.0
6822815,0.0
6823816,17.292806690550478
6824817,0.0
6825818,0.0
6826819,19.363356888635106
6827820,25.683242849067383
6828821,0.0
6829822,0.0
6830823,0.0
6831824,0.0
6832825,14.814987031408199
6833826,13.539245520615886
6834827,7.304114234465373
6835828,0.0
6836829,0.0
6837830,15.388737813609996
6838831,0.0
6839832,0.0
6840833,8.592448653383187
6841834,0.0
6842835,0.0
6843836,0.0
6844837,0.0
6845838,0.0
6846839,0.0
6847840,0.0
6848841,0.0
6849842,0.0
6850843,0.0
6851844,0.0
6852845,0.0
6853846,0.0
6854847,45.457180953891864
6855848,0.0
6856849,0.0
6857850,0.0
6858851,0.0
6859852,0.0
6860853,0.0
6861854,21.457518627983806
6862855,8.446608638053766
6863856,22.90181745310535
6864857,0.0
6865858,0.0
6866859,0.0
6867860,0.0
6868861,0.0
6869862,0.0
6870863,0.0
6871864,23.508879323545138
6872865,0.0
6873866,92.52134323011752
6874867,0.0
6875868,0.0
6876869,19.47742268209896
6877870,0.0
6878871,91.79040228591893
6879872,20.89735294468394
6880873,18.536214961919956
6881874,0.0
6882875,14.791942634631258
6883876,0.0
6884877,0.0
6885878,0.0
6886879,0.0
6887880,17.55101714206831
6888881,0.0
6889882,0.0
6890883,0.0
6891884,0.0
6892885,0.0
6893886,0.0
6894887,0.0
6895888,0.0
6896889,5.740010450831897
6897890,0.0
6898891,0.0
6899892,0.0
6900893,0.0
6901894,0.0
6902895,0.0
6903896,0.0
6904897,25.73250841432277
6905898,0.0
6906899,5.763392946746156
6907900,0.0
6908901,0.0
6909902,30.54442246810768
6910903,20.241693317190702
6911904,0.0
6912905,10.22629811866419
6913906,31.533406290482745
6914907,23.832145182504327
6915908,0.0
6916909,0.0
6917910,0.0
6918911,0.0
6919912,0.0
6920913,0.0
6921914,16.55710100798074
6922915,0.0
6923916,0.0
6924917,0.0
6925918,0.0
6926919,0.0
6927920,1.885435047697095
6928921,0.0
6929922,0.0
6930923,31.574367382479156
6931924,0.0
6932925,0.9904651961214952
6933926,0.0
6934927,0.0
6935928,0.0
6936929,0.0
6937930,0.0
6938931,1.9367421334581594
6939932,0.0
6940933,60.507672528030575
6941934,0.0
6942935,0.0
6943936,0.0
6944937,0.0
6945938,0.0
6946939,0.0
6947940,0.0
6948941,0.0
6949942,0.0
6950943,0.0
6951944,0.0
6952945,0.0
6953946,0.0
6954947,0.0
6955948,0.0
6956949,0.0
6957950,0.0
6958951,23.019277376676516
6959952,0.0
6960953,47.34871080094454
6961954,0.0
6962955,7.641793108682142
6963956,0.0
6964957,0.0
6965958,0.0
6966959,0.0
6967960,0.0
6968961,0.0
6969962,0.0
6970963,0.0
6971964,29.63688987495698
6972965,0.0
6973966,0.0
6974967,19.808717557002417
6975968,30.48550588309497
6976969,13.371714605265268
6977970,0.0
6978971,0.0
6979972,3.9342433353347577
6980973,0.0
6981974,0.0
6982975,12.515500942857996
6983976,0.0
6984977,0.0
6985978,0.0
6986979,47.89062516107074
6987980,43.78603088458339
6988981,0.0
6989982,0.0
6990983,0.0
6991984,0.0
6992985,0.0
6993986,0.0
6994987,17.846676780668545
6995988,0.0
6996989,0.0
6997990,0.0
6998991,7.446252611281752
6999992,49.13987875110985
7000993,0.0
7001994,0.0
7002995,0.0
7003996,0.0
7004997,0.0
7005998,16.58232902699976
7006999,0.0
7008000,0.0
7009001,0.0
7010002,0.0
7011003,0.0
7012004,0.0
7013005,0.0
7014006,0.0
7015007,6.557812923982153
7016008,18.348071160648484
7017009,0.0
7018010,0.0
7019011,13.153803600490145
7020012,65.04094255530725
7021013,0.0
7022014,14.426219222161276
7023015,0.0
7024016,0.0
7025017,0.0
7026018,25.94736959889253
7027019,0.0
7028020,0.0
7029021,0.0
7030022,0.0
7031023,0.0
7032024,0.0
7033025,0.0
7034026,16.96283160674176
7035027,0.0
7036028,0.0
7037029,29.070757123106485
7038030,0.0
7039031,19.254767317494032
7040032,0.0
7041033,0.0
7042034,0.0
7043035,0.0
7044036,0.0
7045037,0.0
7046038,0.0
7047039,18.499568235595934
7048040,0.0
7049041,9.532493010536996
7050042,0.0
7051043,0.0
7052044,0.0
7053045,0.0
7054046,2.878979292126378
7055047,0.0
7056048,0.0
7057049,0.0
7058050,0.0
7059051,32.32884967610061
7060052,0.0
7061053,0.0
7062054,1.774032330733486
7063055,0.0
7064056,0.0
7065057,0.0
7066058,0.0
7067059,0.0
7068060,0.0
7069061,28.553296332057702
7070062,28.326125378832756
7071063,0.0
7072064,0.0
7073065,0.0
7074066,0.0
7075067,11.2294787541277
7076068,0.0
7077069,0.0
7078070,0.0
7079071,0.0
7080072,0.0
7081073,6.373280717673341
7082074,0.0
7083075,0.0
7084076,0.0
7085077,0.0
7086078,18.11601746510768
7087079,0.0
7088080,0.0
7089081,0.0
7090082,0.0
7091083,0.0
7092084,68.7839471029867
7093085,0.0
7094086,19.113715918438725
7095087,0.0
7096088,0.0
7097089,0.0
7098090,14.635201228128068
7099091,0.0
7100092,18.808117839588338
7101093,0.0
7102094,0.0
7103095,0.0
7104096,28.436473934866573
7105097,0.0
7106098,8.579010896773735
7107099,29.979617386252524
7108100,0.0
7109101,0.0
7110102,0.0
7111103,5.40743329004515
7112104,21.50724087700372
7113105,0.0
7114106,0.0
7115107,0.0
7116108,0.0
7117109,0.0
7118110,9.543641951419492
7119111,0.0
7120112,6.622669891605824
7121113,0.0
7122114,0.0
7123115,0.0
7124116,9.0925250581458
7125117,0.0
7126118,0.0
7127119,0.0
7128120,16.3659579695486
7129121,0.0
7130122,0.0
7131123,0.0
7132124,0.0
7133125,0.0
7134126,0.0
7135127,5.6879691710881275
7136128,0.0
7137129,0.0
7138130,0.0
7139131,0.0
7140132,0.0
7141133,0.0
7142134,39.23516676678533
7143135,35.4006638195269
7144136,0.0
7145137,0.0
7146138,0.0
7147139,0.0
7148140,0.0
7149141,0.0
7150142,0.0
7151143,73.8842441322709
7152144,0.0
7153145,0.0
7154146,0.0
7155147,0.0
7156148,47.38503385577457
7157149,0.0
7158150,0.0
7159151,0.0
7160152,0.0
7161153,18.68457789583552
7162154,32.25761753246785
7163155,0.0
7164156,13.525966759642692
7165157,0.0
7166158,21.630312363425666
7167159,0.0
7168160,0.0
7169161,0.0
7170162,10.56340014400072
7171163,0.0
7172164,0.0
7173165,60.63584471063064
7174166,0.0
7175167,7.300756163883339
7176168,0.0
7177169,0.0
7178170,0.0
7179171,31.565983994589185
7180172,0.0
7181173,0.0
7182174,21.369501512560817
7183175,0.0
7184176,0.0
7185177,0.0
7186178,24.887606843853355
7187179,0.0
7188180,0.0
7189181,0.0
7190182,0.0
7191183,0.0
7192184,43.68774722654644
7193185,4.802614818747747
7194186,0.0
7195187,11.541576638785607
7196188,0.0
7197189,0.0
7198190,0.0
7199191,0.0
7200192,0.0
7201193,38.470144515623396
7202194,9.354031085837486
7203195,28.813786790084087
7204196,0.0
7205197,0.0
7206198,0.0
7207199,0.0
7208200,0.0
7209201,0.0
7210202,0.0
7211203,18.936032702834076
7212204,0.0
7213205,0.0
7214206,10.424105388272192
7215207,0.0
7216208,0.0
7217209,0.0
7218210,0.0
7219211,20.971191687588572
7220212,0.0
7221213,0.0
7222214,0.0
7223215,24.7188863871653
7224216,21.224105487663632
7225217,0.0
7226218,3.8044933201868822
7227219,20.80705451370154
7228220,0.0
7229221,12.98404416689262
7230222,0.0
7231223,0.0
7232224,0.0
7233225,0.0
7234226,0.0
7235227,0.0
7236228,35.44876398765606
7237229,0.0
7238230,0.0
7239231,0.0
7240232,0.0
7241233,0.0
7242234,0.0
7243235,0.0
7244236,15.460570589862662
7245237,0.0
7246238,0.0
7247239,0.0
7248240,0.0
7249241,22.47572444732288
7250242,0.0
7251243,0.0
7252244,0.0
7253245,0.0
7254246,0.0
7255247,0.0
7256248,0.0
7257249,24.825414527905426
7258250,0.0
7259251,0.0
7260252,0.0
7261253,0.0
7262254,0.0
7263255,0.0
7264256,41.02253294380653
7265257,16.19777971194171
7266258,0.0
7267259,0.0
7268260,0.0
7269261,0.0
7270262,31.172056973229108
7271263,25.062640943769793
7272264,0.0
7273265,0.0
7274266,10.178113212627391
7275267,0.0
7276268,0.0
7277269,0.0
7278270,0.0
7279271,0.0
7280272,0.0
7281273,0.0
7282274,13.205747637974415
7283275,12.10808449880162
7284276,0.0
7285277,0.0
7286278,0.0
7287279,0.0
7288280,0.0
7289281,0.0
7290282,0.0
7291283,0.0
7292284,13.746989262770454
7293285,0.0
7294286,0.0
7295287,23.0636075314785
7296288,0.0
7297289,0.0
7298290,0.0
7299291,0.0
7300292,34.48338139259439
7301293,0.0
7302294,0.0
7303295,0.0
7304296,16.65766065725804
7305297,0.0
7306298,0.0
7307299,0.0
7308300,0.0
7309301,31.06603235589696
7310302,0.0
7311303,0.0
7312304,0.0
7313305,0.0
7314306,0.0
7315307,0.0
7316308,22.250965807664357
7317309,0.0
7318310,0.0
7319311,0.0
7320312,18.831878479383334
7321313,0.0
7322314,13.124456093955617
7323315,0.0
7324316,0.0
7325317,0.0
7326318,0.994985371290815
7327319,0.0
7328320,0.0
7329321,0.0
7330322,10.64648049658497
7331323,0.0
7332324,26.302663456936305
7333325,27.19800661273844
7334326,28.1955883141368
7335327,0.0
7336328,17.622925949455862
7337329,0.0
7338330,0.0
7339331,0.0
7340332,0.0
7341333,0.0
7342334,19.20456483171372
7343335,0.0
7344336,11.944745669074116
7345337,0.0
7346338,14.203188413085368
7347339,0.0
7348340,21.251120136576116
7349341,0.0
7350342,0.0
7351343,0.0
7352344,31.82389953560049
7353345,0.0
7354346,0.0
7355347,13.977309468234063
7356348,0.0
7357349,0.0
7358350,0.0
7359351,0.0
7360352,0.0
7361353,0.0
7362354,0.0
7363355,0.0
7364356,0.0
7365357,37.49144664656342
7366358,0.0
7367359,0.0
7368360,0.0
7369361,0.0
7370362,0.0
7371363,0.0
7372364,0.0
7373365,0.0
7374366,0.0
7375367,0.0
7376368,0.0
7377369,0.0
7378370,0.0
7379371,0.0
7380372,0.0
7381373,23.034900867871688
7382374,0.0
7383375,0.0
7384376,0.0
7385377,13.725681035640775
7386378,0.0
7387379,0.0
7388380,0.0
7389381,3.920714481855286
7390382,0.0
7391383,4.557887870139058
7392384,0.0
7393385,2.9121214219593288
7394386,0.0
7395387,24.579601661520563
7396388,0.0
7397389,0.0
7398390,0.0
7399391,0.0
7400392,0.0
7401393,0.0
7402394,0.0
7403395,0.0
7404396,0.0
7405397,0.0
7406398,0.0
7407399,0.0
7408400,0.0
7409401,0.0
7410402,0.0
7411403,0.0
7412404,0.0
7413405,19.121724460325357
7414406,0.0
7415407,3.850255255814843
7416408,0.0
7417409,0.0
7418410,9.824850676231042
7419411,0.0
7420412,0.0
7421413,6.588197819431504
7422414,23.980040559432275
7423415,0.0
7424416,0.0
7425417,0.0
7426418,0.0
7427419,0.0
7428420,0.0
7429421,46.82200682414214
7430422,0.0
7431423,0.0
7432424,0.0
7433425,0.0
7434426,28.250528646772715
7435427,0.0
7436428,3.839540976393171
7437429,0.0
7438430,0.0
7439431,0.0
7440432,22.222282069519423
7441433,0.0
7442434,0.0
7443435,16.725781814694663
7444436,0.0
7445437,19.514559938077937
7446438,0.0
7447439,0.0
7448440,6.635036738271714
7449441,8.982073865729738
7450442,0.0
7451443,21.472466329180815
7452444,0.0
7453445,0.0
7454446,0.0
7455447,0.0
7456448,0.0
7457449,0.0
7458450,0.0
7459451,0.0
7460452,0.0
7461453,0.0
7462454,0.0
7463455,0.0
7464456,0.0
7465457,7.6521439844197126
7466458,0.0
7467459,0.0
7468460,32.308451982012556
7469461,0.0
7470462,0.0
7471463,0.0
7472464,15.939412472132146
7473465,21.3461102576864
7474466,0.0
7475467,0.0
7476468,3.871946489902939
7477469,0.9814784022975986
7478470,0.0
7479471,0.0
7480472,0.0
7481473,0.0
7482474,14.844374554630694
7483475,0.0
7484476,40.26650259835803
7485477,0.0
7486478,0.0
7487479,0.0
7488480,6.792681475475503
7489481,0.0
7490482,0.0
7491483,16.236185688535073
7492484,0.0
7493485,17.272714561565504
7494486,0.0
7495487,11.910233743109012
7496488,0.0
7497489,0.0
7498490,0.0
7499491,0.0
7500492,0.0
7501493,0.0
7502494,26.014271432636704
7503495,0.0
7504496,0.0
7505497,0.0
7506498,0.0
7507499,0.0
7508500,23.275293408157754
7509501,0.0
7510502,0.0
7511503,0.0
7512504,0.0
7513505,0.0
7514506,0.0
7515507,18.6866768644036
7516508,15.484609739070596
7517509,16.598232927365416
7518510,0.0
7519511,24.39836664702682
7520512,0.0
7521513,16.36899853269197
7522514,0.0
7523515,0.0
7524516,0.0
7525517,20.737326071714424
7526518,4.496291401674556
7527519,0.0
7528520,11.026746944750457
7529521,0.0
7530522,7.661096897991953
7531523,0.0
7532524,0.0
7533525,0.0
7534526,0.0
7535527,0.0
7536528,14.925501730168028
7537529,0.0
7538530,0.0
7539531,0.0
7540532,36.22576808138135
7541533,0.0
7542534,0.0
7543535,0.0
7544536,3.7899706124450785
7545537,0.0
7546538,0.0
7547539,0.0
7548540,46.67620107067861
7549541,0.0
7550542,0.0
7551543,0.0
7552544,14.810088288385865
7553545,0.0
7554546,0.0
7555547,16.819816647431683
7556548,0.0
7557549,0.0
7558550,0.0
7559551,0.0
7560552,0.0
7561553,0.0
7562554,0.0
7563555,9.542415672889126
7564556,0.0
7565557,0.0
7566558,0.0
7567559,0.0
7568560,0.0
7569561,0.0
7570562,0.0
7571563,0.0
7572564,0.0
7573565,0.0
7574566,18.594477944687927
7575567,0.0
7576568,0.0
7577569,0.0
7578570,0.0
7579571,13.090610467925766
7580572,0.0
7581573,0.0
7582574,0.0
7583575,0.0
7584576,0.0
7585577,0.0
7586578,0.0
7587579,17.618491634748317
7588580,0.0
7589581,32.4031879131553
7590582,0.0
7591583,0.0
7592584,11.774788157248663
7593585,0.0
7594586,0.0
7595587,1.9579052836064035
7596588,0.0
7597589,0.0
7598590,0.0
7599591,0.0
7600592,21.97621765415354
7601593,13.636584907842444
7602594,0.0
7603595,0.0
7604596,0.0
7605597,21.138134783248507
7606598,0.0
7607599,0.0
7608600,0.0
7609601,22.05417126628192
7610602,0.0
7611603,0.0
7612604,0.0
7613605,0.0
7614606,0.0
7615607,0.0
7616608,0.0
7617609,0.0
7618610,16.582549780377395
7619611,0.0
7620612,0.0
7621613,0.0
7622614,15.37511921691797
7623615,0.0
7624616,0.0
7625617,0.0
7626618,0.0
7627619,12.4412856730544
7628620,27.5652015443096
7629621,0.0
7630622,18.180123848942042
7631623,13.784189673716096
7632624,0.0
7633625,0.0
7634626,0.0
7635627,16.53543954178246
7636628,0.0
7637629,0.0
7638630,0.0
7639631,0.0
7640632,0.0
7641633,34.05955455978072
7642634,25.77294291166186
7643635,14.487748542026779
7644636,0.0
7645637,28.19602745264713
7646638,0.0
7647639,11.076602518951717
7648640,7.355325760655202
7649641,38.69231218352723
7650642,0.0
7651643,0.0
7652644,0.0
7653645,0.0
7654646,48.83730592835424
7655647,3.694625232103407
7656648,0.0
7657649,0.0
7658650,0.0
7659651,0.0
7660652,0.0
7661653,0.0
7662654,0.0
7663655,5.410363611603629
7664656,12.836809639688317
7665657,0.0
7666658,20.39784799310126
7667659,0.0
7668660,16.50393570390541
7669661,0.0
7670662,11.657206012812061
7671663,53.85022725913521
7672664,0.0
7673665,0.0
7674666,0.0
7675667,22.729152417979968
7676668,20.656522754905815
7677669,0.0
7678670,0.0
7679671,14.117357546954256
7680672,28.747591622179296
7681673,0.0
7682674,0.0
7683675,3.5799686033593447
7684676,0.0
7685677,18.843393563502016
7686678,0.0
7687679,8.669451808028384
7688680,0.0
7689681,0.0
7690682,0.0
7691683,0.0
7692684,0.0
7693685,17.321438916826818
7694686,0.0
7695687,0.0
7696688,25.697844724772636
7697689,0.0
7698690,22.98144000149092
7699691,21.754345246867857
7700692,0.0
7701693,8.378935347146058
7702694,42.370539738983055
7703695,0.0
7704696,0.0
7705697,0.0
7706698,0.0
7707699,0.0
7708700,0.0
7709701,0.0
7710702,0.0
7711703,0.0
7712704,0.0
7713705,0.0
7714706,0.0
7715707,0.0
7716708,0.0
7717709,0.0
7718710,0.0
7719711,0.0
7720712,0.0
7721713,0.0
7722714,9.16132954011743
7723715,0.0
7724716,0.0
7725717,0.0
7726718,0.0
7727719,2.728800594613806
7728720,0.0
7729721,0.0
7730722,0.0
7731723,0.0
7732724,36.98648363048309
7733725,52.34809969207313
7734726,0.0
7735727,27.14329161228043
7736728,0.0
7737729,0.0
7738730,0.0
7739731,0.0
7740732,24.63411332493747
7741733,0.0
7742734,35.16801120136947
7743735,0.0
7744736,0.0
7745737,0.0
7746738,0.0
7747739,17.787872327178437
7748740,0.0
7749741,11.83285773570958
7750742,0.0
7751743,0.0
7752744,0.0
7753745,0.0
7754746,0.0
7755747,0.0
7756748,0.0
7757749,0.0
7758750,0.0
7759751,0.0
7760752,0.0
7761753,5.548592096227437
7762754,0.0
7763755,23.52145581878711
7764756,0.0
7765757,0.0
7766758,7.124247725060309
7767759,7.537140471200016
7768760,13.7724211353231
7769761,0.0
7770762,0.0
7771763,0.0
7772764,23.393422989822096
7773765,0.0
7774766,0.0
7775767,0.0
7776768,13.681568004783369
7777769,0.0
7778770,0.0
7779771,0.0
7780772,0.0
7781773,0.0
7782774,0.0
7783775,0.0
7784776,0.0
7785777,0.0
7786778,0.0
7787779,5.64295836956554
7788780,0.0
7789781,0.0
7790782,0.0
7791783,0.0
7792784,0.0
7793785,0.0
7794786,0.0
7795787,0.0
7796788,0.0
7797789,0.0
7798790,0.0
7799791,0.0
7800792,0.0
7801793,0.0
7802794,40.15878116602866
7803795,0.0
7804796,0.0
7805797,0.0
7806798,0.0
7807799,0.0
7808800,0.0
7809801,0.0
7810802,0.0
7811803,0.0
7812804,0.0
7813805,81.01405701569797
7814806,0.0
7815807,0.0
7816808,21.30550134181407
7817809,0.0
7818810,0.0
7819811,0.0
7820812,0.0
7821813,22.60226338567331
7822814,18.390805926054394
7823815,0.0
7824816,23.944941307972915
7825817,0.0
7826818,0.0
7827819,1.7845115162479925
7828820,9.139709480046287
7829821,16.432732540445436
7830822,0.0
7831823,0.0
7832824,0.0
7833825,0.0
7834826,10.076459492705345
7835827,0.0
7836828,0.0
7837829,0.0
7838830,0.0
7839831,0.0
7840832,0.0
7841833,30.923820561339003
7842834,0.0
7843835,0.0
7844836,24.632269325597008
7845837,0.0
7846838,0.0
7847839,0.0
7848840,0.0
7849841,0.0
7850842,0.0
7851843,0.0
7852844,34.827590690538635
7853845,0.0
7854846,0.0
7855847,0.0
7856848,0.0
7857849,0.0
7858850,11.819754600980275
7859851,14.031017615199799
7860852,0.0
7861853,58.29265168048856
7862854,0.0
7863855,17.365782834344863
7864856,0.0
7865857,0.0
7866858,0.0
7867859,15.059338033648908
7868860,0.0
7869861,0.0
7870862,7.318550830451023
7871863,0.0
7872864,0.0
7873865,29.291073660287967
7874866,0.0
7875867,0.0
7876868,35.82479937713034
7877869,11.80146674497028
7878870,0.0
7879871,0.0
7880872,29.863066473831907
7881873,37.986105887793954
7882874,0.0
7883875,0.0
7884876,10.225496697049648
7885877,0.0
7886878,0.0
7887879,19.937150672681824
7888880,16.222777266539765
7889881,0.0
7890882,0.0
7891883,0.0
7892884,15.395325513702504
7893885,0.0
7894886,0.0
7895887,0.0
7896888,0.0
7897889,0.0
7898890,0.0
7899891,0.0
7900892,0.0
7901893,0.0
7902894,0.0
7903895,0.0
7904896,0.0
7905897,0.0
7906898,0.0
7907899,0.0
7908900,0.0
7909901,0.0
7910902,21.002024114100596
7911903,0.0
7912904,0.0
7913905,0.0
7914906,0.0
7915907,0.0
7916908,16.80549226048411
7917909,0.0
7918910,0.0
7919911,0.0
7920912,10.890905462071728
7921913,0.0
7922914,0.0
7923915,17.644841733032933
7924916,0.0
7925917,0.0
7926918,0.0
7927919,0.0
7928920,12.798161590522783
7929921,0.0
7930922,0.0
7931923,0.0
7932924,0.0
7933925,0.0
7934926,0.0
7935927,0.0
7936928,0.0
7937929,60.63930708168682
7938930,5.416798712885125
7939931,0.0
7940932,0.0
7941933,0.0
7942934,17.379531475988472
7943935,0.0
7944936,0.0
7945937,0.0
7946938,22.923356403416154
7947939,0.0
7948940,0.0
7949941,0.0
7950942,0.0
7951943,0.0
7952944,0.0
7953945,0.0
7954946,0.0
7955947,0.0
7956948,7.393020193074498
7957949,0.0
7958950,43.153316264811764
7959951,0.0
7960952,0.0
7961953,0.0
7962954,0.0
7963955,0.0
7964956,27.735972042395566
7965957,12.448942372461982
7966958,2.8658158629318327
7967959,0.0
7968960,0.0
7969961,0.0
7970962,21.41468894002837
7971963,0.0
7972964,0.0
7973965,0.0
7974966,0.0
7975967,0.0
7976968,0.0
7977969,0.0
7978970,0.891638010351816
7979971,7.394989449516209
7980972,8.3730799688448
7981973,0.0
7982974,0.0
7983975,0.0
7984976,0.0
7985977,0.0
7986978,0.0
7987979,0.0
7988980,0.0
7989981,26.453656019021924
7990982,0.0
7991983,9.984777654363116
7992984,0.0
7993985,12.485843146294652
7994986,4.784639439216856
7995987,15.679746631607733
7996988,0.0
7997989,61.57348672349974
7998990,18.76086755955535
7999991,20.059247198503805
8000992,0.0
8001993,0.0
8002994,0.0
8003995,0.0
8004996,0.0
8005997,0.0
8006998,0.0
8007999,0.0
8009000,0.0
8010001,16.38154760177982
8011002,0.0
8012003,0.0
8013004,13.808253303403752
8014005,0.0
8015006,0.0
8016007,17.36682480588153
8017008,11.19949626432386
8018009,12.346231748597825
8019010,0.0
8020011,0.0
8021012,0.0
8022013,0.0
8023014,11.45061586921083
8024015,0.0
8025016,0.0
8026017,20.757922827400023
8027018,25.657349700734404
8028019,0.0
8029020,0.0
8030021,0.0
8031022,26.76549745561259
8032023,5.775810497078779
8033024,0.0
8034025,0.0
8035026,0.0
8036027,0.0
8037028,0.0
8038029,0.0
8039030,10.294122565440997
8040031,32.16885388435108
8041032,0.0
8042033,0.0
8043034,0.0
8044035,0.0
8045036,14.330035738419308
8046037,14.062216748418088
8047038,0.0
8048039,0.0
8049040,0.0
8050041,34.37229998417334
8051042,0.0
8052043,0.0
8053044,0.0
8054045,0.0
8055046,0.0
8056047,0.0
8057048,14.56637285092294
8058049,0.0
8059050,0.0
8060051,0.0
8061052,4.794303936177881
8062053,0.0
8063054,0.0
8064055,0.0
8065056,0.0
8066057,0.0
8067058,0.0
8068059,0.0
8069060,0.0
8070061,29.82658042175412
8071062,0.0
8072063,0.0
8073064,0.0
8074065,0.0
8075066,0.0
8076067,0.0
8077068,0.0
8078069,0.0
8079070,15.21025326980429
8080071,0.0
8081072,0.0
8082073,0.0
8083074,0.0
8084075,21.183775810943224
8085076,8.442976828069018
8086077,0.0
8087078,0.0
8088079,0.0
8089080,0.0
8090081,0.0
8091082,0.0
8092083,0.0
8093084,0.0
8094085,0.0
8095086,0.0
8096087,0.0
8097088,16.724123114833073
8098089,0.0
8099090,0.0
8100091,0.0
8101092,0.0
8102093,0.0
8103094,15.543910593580655
8104095,0.0
8105096,0.0
8106097,0.0
8107098,0.0
8108099,0.0
8109100,0.0
8110101,3.681887472515917
8111102,0.0
8112103,0.0
8113104,0.0
8114105,8.191514771587059
8115106,45.88074971831452
8116107,0.0
8117108,0.0
8118109,14.8835379191441
8119110,0.0
8120111,0.0
8121112,0.0
8122113,0.0
8123114,0.0
8124115,19.650972191334525
8125116,17.680572272209744
8126117,0.0
8127118,14.662297975241056
8128119,14.008778679988747
8129120,0.0
8130121,0.0
8131122,0.0
8132123,0.0
8133124,0.0
8134125,19.439689354661095
8135126,13.804905338934775
8136127,0.0
8137128,14.940548282985699
8138129,0.0
8139130,0.0
8140131,0.0
8141132,0.0
8142133,0.0
8143134,0.0
8144135,44.5961611818792
8145136,13.874288087536485
8146137,12.42171168974657
8147138,0.0
8148139,0.0
8149140,0.0
8150141,0.0
8151142,14.887639475633154
8152143,0.0
8153144,0.0
8154145,0.0
8155146,0.0
8156147,32.99775192066762
8157148,0.0
8158149,0.0
8159150,0.0
8160151,0.0
8161152,0.0
8162153,0.0
8163154,0.0
8164155,0.0
8165156,0.0
8166157,0.0
8167158,38.73989061321605
8168159,0.0
8169160,0.0
8170161,0.0
8171162,0.0
8172163,0.0
8173164,0.0
8174165,0.0
8175166,0.0
8176167,0.0
8177168,0.0
8178169,0.0
8179170,0.0
8180171,31.154222982000512
8181172,0.0
8182173,0.0
8183174,0.0
8184175,0.0
8185176,0.0
8186177,0.0
8187178,0.0
8188179,22.644431681841652
8189180,0.0
8190181,0.0
8191182,0.0
8192183,16.37912024730637
8193184,0.0
8194185,0.0
8195186,0.0
8196187,0.0
8197188,0.0
8198189,0.0
8199190,0.0
8200191,0.0
8201192,0.0
8202193,0.0
8203194,0.0
8204195,0.0
8205196,0.0
8206197,42.51349577977156
8207198,0.0
8208199,0.0
8209200,0.0
8210201,0.0
8211202,0.0
8212203,0.0
8213204,0.0
8214205,18.921091654003927
8215206,12.81944864950163
8216207,0.0
8217208,0.0
8218209,0.0
8219210,13.840619487744442
8220211,0.0
8221212,0.0
8222213,0.0
8223214,0.0
8224215,21.91004154290812
8225216,25.503107548106062
8226217,0.0
8227218,0.0
8228219,0.0
8229220,0.0
8230221,12.500239182759987
8231222,0.0
8232223,0.0
8233224,0.0
8234225,0.0
8235226,19.431148228999536
8236227,0.0
8237228,0.0
8238229,17.651517698308762
8239230,20.062889761498703
8240231,0.0
8241232,16.725578255329125
8242233,21.44238999717473
8243234,0.0
8244235,0.0
8245236,0.0
8246237,29.262578909261627
8247238,0.0
8248239,0.0
8249240,0.0
8250241,0.0
8251242,0.0
8252243,0.0
8253244,12.913962538064885
8254245,0.0
8255246,19.81233375776525
8256247,0.0
8257248,0.0
8258249,0.0
8259250,0.0
8260251,0.0
8261252,0.0
8262253,0.0
8263254,0.0
8264255,0.0
8265256,0.0
8266257,0.0
8267258,21.589400928599037
8268259,0.0
8269260,0.0
8270261,0.0
8271262,0.0
8272263,0.0
8273264,0.0
8274265,0.0
8275266,29.458883776527973
8276267,24.39281389810875
8277268,0.0
8278269,0.0
8279270,0.0
8280271,12.022252745781
8281272,0.0
8282273,0.0
8283274,0.0
8284275,0.0
8285276,0.0
8286277,0.0
8287278,0.0
8288279,0.0
8289280,0.0
8290281,14.186768593929193
8291282,45.461411445854594
8292283,17.661683577889583
8293284,0.0
8294285,0.0
8295286,11.245883960114684
8296287,0.0
8297288,13.7425376958166
8298289,0.0
8299290,15.602510486541739
8300291,0.0
8301292,42.70280659129374
8302293,0.0
8303294,0.0
8304295,0.0
8305296,14.476147632785823
8306297,0.0
8307298,57.18731119002993
8308299,0.0
8309300,0.0
8310301,0.0
8311302,21.302375361147764
8312303,0.0
8313304,0.0
8314305,0.0
8315306,29.392548292858798
8316307,0.0
8317308,23.739222234701536
8318309,0.0
8319310,33.31739594001059
8320311,52.496990205267636
8321312,0.0
8322313,0.0
8323314,0.0
8324315,41.285229715249635
8325316,0.0
8326317,0.0
8327318,0.0
8328319,0.0
8329320,0.0
8330321,0.0
8331322,18.489950042043723
8332323,0.0
8333324,14.772091725699894
8334325,11.311502177452384
8335326,47.79076705427036
8336327,0.0
8337328,16.506492514378383
8338329,0.0
8339330,0.0
8340331,0.0
8341332,0.0
8342333,0.0
8343334,0.0
8344335,0.0
8345336,0.0
8346337,0.0
8347338,21.459148827044455
8348339,0.0
8349340,13.418667193238464
8350341,0.0
8351342,0.0
8352343,0.0
8353344,0.0
8354345,0.0
8355346,0.0
8356347,16.75608022826417
8357348,27.978239240572606
8358349,21.222365675259937
8359350,34.72983569400283
8360351,28.834415636900104
8361352,0.0
8362353,8.07187377416965
8363354,0.0
8364355,0.0
8365356,4.720997048499756
8366357,0.0
8367358,0.0
8368359,22.438464903732314
8369360,8.290114604410322
8370361,1.9417262604577634
8371362,0.0
8372363,5.656137749910407
8373364,0.0
8374365,0.0
8375366,16.760717540433475
8376367,0.0
8377368,0.0
8378369,0.0
8379370,0.0
8380371,0.0
8381372,0.0
8382373,0.0
8383374,0.0
8384375,0.0
8385376,0.0
8386377,0.0
8387378,0.0
8388379,0.0
8389380,30.4956597463198
8390381,18.09495783480702
8391382,0.0
8392383,6.757343130759401
8393384,0.0
8394385,46.179962424039985
8395386,20.354707346651434
8396387,32.190658989395786
8397388,0.0
8398389,0.0
8399390,0.0
8400391,0.0
8401392,0.0
8402393,0.0
8403394,0.0
8404395,0.0
8405396,0.0
8406397,0.0
8407398,0.0
8408399,11.791660115263442
8409400,0.0
8410401,0.0
8411402,0.0
8412403,0.0
8413404,0.0
8414405,19.093191165802754
8415406,0.0
8416407,9.797281062564377
8417408,0.0
8418409,0.0
8419410,0.0
8420411,0.0
8421412,0.0
8422413,0.0
8423414,0.0
8424415,6.350029049634235
8425416,0.0
8426417,0.0
8427418,0.0
8428419,0.0
8429420,15.024810318108742
8430421,0.0
8431422,19.118519500961078
8432423,0.0
8433424,24.807696270847003
8434425,0.0
8435426,15.586411646956822
8436427,0.0
8437428,0.0
8438429,0.0
8439430,0.0
8440431,0.0
8441432,0.0
8442433,0.0
8443434,0.0
8444435,0.0
8445436,0.0
8446437,0.0
8447438,0.0
8448439,0.0
8449440,0.0
8450441,15.780881991702767
8451442,0.0
8452443,0.0
8453444,0.0
8454445,31.39239715896123
8455446,0.0
8456447,0.0
8457448,0.0
8458449,0.0
8459450,0.0
8460451,0.0
8461452,0.0
8462453,0.0
8463454,34.02894891999401
8464455,16.481748147922133
8465456,0.0
8466457,7.422327366314441
8467458,0.0
8468459,0.0
8469460,0.0
8470461,0.0
8471462,12.538639807936674
8472463,0.0
8473464,0.0
8474465,0.0
8475466,0.0
8476467,0.0
8477468,66.78717075322733
8478469,0.0
8479470,0.0
8480471,0.0
8481472,41.959936770240134
8482473,0.0
8483474,0.0
8484475,0.0
8485476,0.0
8486477,0.0
8487478,0.0
8488479,6.32921113345647
8489480,0.0
8490481,0.0
8491482,0.0
8492483,11.370694835815888
8493484,70.0373021975351
8494485,0.0
8495486,0.0
8496487,0.0
8497488,0.0
8498489,0.0
8499490,0.0
8500491,29.68811573446402
8501492,19.46189848144225
8502493,0.0
8503494,22.303410135361112
8504495,0.0
8505496,0.0
8506497,0.0
8507498,29.5775637636336
8508499,0.0
8509500,0.0
8510501,0.0
8511502,23.870685527047712
8512503,27.46346592930727
8513504,0.0
8514505,0.0
8515506,0.0
8516507,12.410271085295376
8517508,0.0
8518509,0.0
8519510,0.0
8520511,0.0
8521512,10.705211367683491
8522513,0.0
8523514,0.0
8524515,0.0
8525516,0.0
8526517,39.57291014025466
8527518,0.0
8528519,0.0
8529520,0.0
8530521,0.0
8531522,29.20626975797255
8532523,0.0
8533524,16.326918071861687
8534525,0.0
8535526,37.248346094815986
8536527,0.0
8537528,0.0
8538529,0.0
8539530,16.050888266020376
8540531,0.0
8541532,0.0
8542533,0.0
8543534,0.0
8544535,14.924868647020105
8545536,0.0
8546537,0.0
8547538,0.0
8548539,15.182954871305837
8549540,0.0
8550541,0.0
8551542,0.0
8552543,12.33003396206103
8553544,79.8182977982272
8554545,14.028230617071351
8555546,95.94375601288347
8556547,0.0
8557548,0.0
8558549,0.0
8559550,0.0
8560551,0.0
8561552,0.0
8562553,0.0
8563554,0.0
8564555,23.294153897708657
8565556,0.0
8566557,4.779851429025412
8567558,0.0
8568559,0.0
8569560,8.525197237394355
8570561,0.0
8571562,29.654293492283557
8572563,0.0
8573564,0.0
8574565,0.0
8575566,20.829500442767177
8576567,17.666647460349203
8577568,0.0
8578569,0.0
8579570,0.0
8580571,0.0
8581572,0.0
8582573,23.928842399604903
8583574,20.258915607862654
8584575,0.0
8585576,0.0
8586577,0.0
8587578,0.0
8588579,0.0
8589580,0.0
8590581,0.0
8591582,52.70031960798884
8592583,7.508653401781333
8593584,14.167062522555009
8594585,0.0
8595586,19.939094120245176
8596587,31.303689658389033
8597588,0.0
8598589,0.0
8599590,0.0
8600591,12.791602976738297
8601592,0.0
8602593,10.954015718159255
8603594,49.9330988665445
8604595,5.840480093194513
8605596,0.0
8606597,0.0
8607598,16.397019984932808
8608599,0.0
8609600,0.0
8610601,0.0
8611602,0.0
8612603,0.0
8613604,0.0
8614605,0.0
8615606,0.0
8616607,0.0
8617608,22.07920081063607
8618609,43.904953947456214
8619610,0.0
8620611,0.0
8621612,0.0
8622613,29.3489867780968
8623614,14.040724212416109
8624615,0.0
8625616,23.200930727089368
8626617,30.86682114986064
8627618,0.0
8628619,0.0
8629620,4.750330600422416
8630621,29.860590230749246
8631622,7.216632965213268
8632623,0.0
8633624,0.9861800988513414
8634625,0.0
8635626,10.981539128854763
8636627,0.0
8637628,0.0
8638629,0.0
8639630,0.0
8640631,18.59440928937697
8641632,0.0
8642633,0.0
8643634,0.0
8644635,0.0
8645636,0.0
8646637,0.0
8647638,18.338462468737415
8648639,0.0
8649640,0.0
8650641,58.17466051057162
8651642,0.0
8652643,0.0
8653644,14.034662227705516
8654645,7.6478494586212165
8655646,0.0
8656647,0.0
8657648,12.076189697491296
8658649,0.0
8659650,60.40983844395681
8660651,13.692486982621215
8661652,3.834451917635133
8662653,0.0
8663654,40.01470486109477
8664655,0.0
8665656,0.0
8666657,0.0
8667658,0.0
8668659,0.0
8669660,22.83083440637745
8670661,36.51314067727886
8671662,0.0
8672663,0.0
8673664,40.98831136544055
8674665,0.0
8675666,0.0
8676667,0.0
8677668,0.0
8678669,0.0
8679670,30.268720773512026
8680671,0.0
8681672,0.0
8682673,0.0
8683674,23.13927867648445
8684675,18.570848037939516
8685676,0.0
8686677,0.0
8687678,0.0
8688679,0.0
8689680,0.0
8690681,0.0
8691682,0.0
8692683,0.0
8693684,0.0
8694685,0.0
8695686,0.0
8696687,0.0
8697688,0.0
8698689,0.0
8699690,0.0
8700691,0.0
8701692,0.0
8702693,36.132385675792065
8703694,0.0
8704695,0.0
8705696,0.0
8706697,0.0
8707698,0.0
8708699,0.0
8709700,0.0
8710701,0.0
8711702,0.0
8712703,0.0
8713704,0.0
8714705,0.0
8715706,32.287863832174395
8716707,0.0
8717708,22.754740342113738
8718709,0.0
8719710,0.0
8720711,0.0
8721712,0.0
8722713,0.0
8723714,0.0
8724715,0.0
8725716,25.47206317800426
8726717,0.0
8727718,0.0
8728719,0.0
8729720,37.8419738543454
8730721,13.114378482130832
8731722,0.0
8732723,0.0
8733724,0.0
8734725,0.0
8735726,0.9325565292919353
8736727,0.0
8737728,0.0
8738729,13.17498108974886
8739730,0.0
8740731,0.0
8741732,8.12037941293824
8742733,0.0
8743734,0.0
8744735,0.0
8745736,0.0
8746737,0.0
8747738,12.760843621677308
8748739,41.25644562650307
8749740,0.0
8750741,0.0
8751742,0.0
8752743,0.0
8753744,0.0
8754745,0.0
8755746,0.0
8756747,0.0
8757748,0.0
8758749,0.0
8759750,0.0
8760751,8.51131562087707
8761752,0.0
8762753,4.4311867356285095
8763754,0.0
8764755,0.0
8765756,0.0
8766757,0.0
8767758,0.0
8768759,0.0
8769760,49.69948473804195
8770761,10.251685024124
8771762,0.0
8772763,0.0
8773764,0.0
8774765,0.0
8775766,0.0
8776767,0.0
8777768,0.0
8778769,13.940544696444055
8779770,35.363032234875085
8780771,0.0
8781772,0.0
8782773,51.73294553218194
8783774,0.0
8784775,24.067464406461287
8785776,0.0
8786777,18.577471418777975
8787778,0.0
8788779,0.0
8789780,0.0
8790781,0.0
8791782,0.0
8792783,18.391208458432406
8793784,0.9011457210530821
8794785,0.0
8795786,0.0
8796787,0.0
8797788,0.0
8798789,0.0
8799790,24.83220038734148
8800791,0.0
8801792,0.0
8802793,0.0
8803794,25.02491959564355
8804795,9.005271989882845
8805796,0.0
8806797,38.22792957543643
8807798,0.0
8808799,0.0
8809800,0.0
8810801,3.5900279793460945
8811802,0.0
8812803,37.12107188655989
8813804,7.12333461072964
8814805,27.13149428067671
8815806,0.0
8816807,3.7827526363525292
8817808,0.0
8818809,0.0
8819810,0.0
8820811,0.0
8821812,0.0
8822813,0.0
8823814,31.96401277935558
8824815,20.055590488985747
8825816,0.0
8826817,0.0
8827818,5.719900869702345
8828819,0.0
8829820,0.0
8830821,0.0
8831822,0.0
8832823,0.0
8833824,0.0
8834825,7.280892829628263
8835826,0.0
8836827,0.0
8837828,0.0
8838829,0.0
8839830,0.0
8840831,13.040377468532734
8841832,4.628367560001937
8842833,23.264037232479005
8843834,0.0
8844835,4.802208718171352
8845836,0.0
8846837,0.0
8847838,0.0
8848839,0.0
8849840,0.0
8850841,0.0
8851842,18.868896715831827
8852843,0.0
8853844,0.0
8854845,18.619884628076953
8855846,0.0
8856847,0.0
8857848,0.0
8858849,0.0
8859850,23.927051511204816
8860851,0.0
8861852,0.0
8862853,0.0
8863854,0.0
8864855,0.0
8865856,0.0
8866857,0.0
8867858,0.0
8868859,0.0
8869860,0.0
8870861,7.652821727001475
8871862,32.20334511450392
8872863,0.0
8873864,0.0
8874865,0.0
8875866,0.0
8876867,21.99844004036364
8877868,18.28217326470641
8878869,35.94096260164163
8879870,39.76182658071311
8880871,0.0
8881872,0.0
8882873,0.0
8883874,10.425420422601569
8884875,0.0
8885876,20.53115855393245
8886877,0.0
8887878,0.0
8888879,0.0
8889880,9.43291490630224
8890881,0.0
8891882,18.50372142734506
8892883,0.0
8893884,0.0
8894885,0.0
8895886,0.0
8896887,0.0
8897888,0.0
8898889,0.0
8899890,13.13958817248048
8900891,0.0
8901892,0.0
8902893,26.65556782597908
8903894,41.633803754983056
8904895,24.019308240037276
8905896,0.0
8906897,0.0
8907898,0.0
8908899,0.0
8909900,4.714917287452776
8910901,0.0
8911902,0.0
8912903,0.0
8913904,0.0
8914905,0.0
8915906,0.0
8916907,10.309810797458459
8917908,0.0
8918909,0.0
8919910,32.41174861672022
8920911,0.0
8921912,7.6662226535566935
8922913,0.0
8923914,15.73502978821958
8924915,0.0
8925916,0.0
8926917,0.0
8927918,31.46901359725491
8928919,0.0
8929920,0.0
8930921,0.0
8931922,0.0
8932923,0.0
8933924,0.0
8934925,0.0
8935926,0.0
8936927,0.0
8937928,0.0
8938929,0.0
8939930,0.0
8940931,0.0
8941932,0.0
8942933,0.0
8943934,0.0
8944935,22.321046935609555
8945936,0.0
8946937,0.0
8947938,12.7856422976634
8948939,0.0
8949940,0.0
8950941,0.0
8951942,0.0
8952943,0.0
8953944,0.0
8954945,0.0
8955946,0.0
8956947,0.0
8957948,0.0
8958949,0.0
8959950,0.0
8960951,10.578113939649935
8961952,30.945090858709605
8962953,0.0
8963954,0.0
8964955,0.0
8965956,0.0
8966957,0.0
8967958,0.0
8968959,15.423807425063785
8969960,20.102321954201955
8970961,0.0
8971962,0.0
8972963,16.62957528736408
8973964,0.0
8974965,0.0
8975966,0.0
8976967,0.0
8977968,0.0
8978969,0.0
8979970,0.0
8980971,9.460572340882694
8981972,0.0
8982973,0.0
8983974,0.0
8984975,3.775956668016238
8985976,0.0
8986977,13.464214883490541
8987978,0.0
8988979,0.0
8989980,0.0
8990981,0.0
8991982,0.0
8992983,28.563442070057924
8993984,0.0
8994985,0.0
8995986,0.0
8996987,0.0
8997988,21.795108392600053
8998989,0.0
8999990,0.0
9000991,0.0
9001992,27.101808742085897
9002993,0.0
9003994,0.0
9004995,0.0
9005996,0.0
9006997,0.0
9007998,37.66706499323578
9008999,0.0
9010000,0.0
9011001,8.197213258297074
9012002,57.826216957430546
9013003,0.0
9014004,14.600552188587582
9015005,0.0
9016006,7.897691052524899
9017007,0.0
9018008,0.0
9019009,18.796618444439726
9020010,0.0
9021011,6.755634467890201
9022012,0.0
9023013,0.0
9024014,25.727696062441062
9025015,0.0
9026016,0.0
9027017,0.0
9028018,16.070096119608067
9029019,0.0
9030020,0.0
9031021,0.0
9032022,0.0
9033023,0.0
9034024,14.871358916056728
9035025,14.175233103672676
9036026,0.0
9037027,0.0
9038028,0.0
9039029,0.0
9040030,14.852602912287258
9041031,0.0
9042032,0.0
9043033,0.0
9044034,0.0
9045035,0.0
9046036,0.0
9047037,0.0
9048038,0.0
9049039,0.0
9050040,0.0
9051041,12.855226384373445
9052042,0.0
9053043,0.0
9054044,0.0
9055045,0.0
9056046,0.0
9057047,0.0
9058048,0.0
9059049,0.0
9060050,20.99242855734911
9061051,0.0
9062052,16.600074037920752
9063053,8.136600971919018
9064054,0.0
9065055,24.44634551687383
9066056,27.407408879127303
9067057,0.0
9068058,0.0
9069059,8.496617254254957
9070060,37.90610118347224
9071061,0.0
9072062,0.0
9073063,0.0
9074064,23.82066235907954
9075065,0.0
9076066,0.0
9077067,0.0
9078068,0.0
9079069,0.0
9080070,0.0
9081071,0.0
9082072,0.0
9083073,0.0
9084074,0.0
9085075,0.0
9086076,0.0
9087077,0.0
9088078,0.0
9089079,0.0
9090080,22.826457347457993
9091081,0.0
9092082,0.0
9093083,0.0
9094084,17.756121331122028
9095085,0.0
9096086,0.0
9097087,18.468913139185474
9098088,0.0
9099089,2.715472948211612
9100090,0.0
9101091,0.0
9102092,0.9896899538816383
9103093,6.52514256143563
9104094,12.268151305936223
9105095,0.0
9106096,0.0
9107097,54.838641242644705
9108098,0.0
9109099,0.0
9110100,0.0
9111101,0.0
9112102,0.0
9113103,0.0
9114104,0.0
9115105,9.549734376717444
9116106,0.0
9117107,0.0
9118108,0.0
9119109,0.0
9120110,0.0
9121111,57.32636571733986
9122112,0.0
9123113,0.0
9124114,0.0
9125115,0.0
9126116,0.0
9127117,0.0
9128118,0.0
9129119,0.0
9130120,0.0
9131121,0.0
9132122,0.0
9133123,27.230997096106503
9134124,0.0
9135125,0.0
9136126,12.903896151165853
9137127,0.0
9138128,0.0
9139129,12.33811322909352
9140130,52.51131944059917
9141131,0.0
9142132,0.0
9143133,0.0
9144134,0.0
9145135,0.0
9146136,0.0
9147137,0.0
9148138,0.0
9149139,33.852123862077825
9150140,12.544783171479635
9151141,10.72013991334012
9152142,0.0
9153143,0.0
9154144,0.0
9155145,0.0
9156146,0.0
9157147,0.0
9158148,0.0
9159149,25.84030725411918
9160150,0.0
9161151,0.0
9162152,0.0
9163153,0.0
9164154,0.0
9165155,0.0
9166156,0.0
9167157,0.0
9168158,0.0
9169159,0.0
9170160,19.478997476714138
9171161,0.0
9172162,0.0
9173163,0.0
9174164,28.642852681185484
9175165,13.71454498156281
9176166,0.0
9177167,0.0
9178168,27.5817711922669
9179169,0.0
9180170,19.543881703663423
9181171,20.349998468671068
9182172,36.39295853830124
9183173,12.904056246426878
9184174,0.0
9185175,0.0
9186176,10.796261815284563
9187177,0.0
9188178,9.140935993150725
9189179,0.0
9190180,0.0
9191181,0.0
9192182,0.0
9193183,7.523697437073832
9194184,11.459860327500028
9195185,0.0
9196186,0.0
9197187,0.0
9198188,0.0
9199189,0.0
9200190,32.05474444113163
9201191,0.0
9202192,0.0
9203193,0.0
9204194,0.0
9205195,0.0
9206196,37.70851157629625
9207197,15.479105012759424
9208198,0.0
9209199,39.823230754598264
9210200,26.441165737581933
9211201,0.0
9212202,14.965918106173987
9213203,0.0
9214204,0.0
9215205,15.255589993542785
9216206,0.0
9217207,0.0
9218208,0.0
9219209,0.0
9220210,0.0
9221211,0.0
9222212,0.0
9223213,0.0
9224214,22.865821368705113
9225215,0.0
9226216,8.363027547218538
9227217,0.0
9228218,0.0
9229219,34.65264938295279
9230220,7.488879826789361
9231221,0.0
9232222,0.0
9233223,0.0
9234224,0.0
9235225,0.0
9236226,9.551841372460645
9237227,0.0
9238228,0.0
9239229,0.0
9240230,0.0
9241231,0.0
9242232,0.0
9243233,0.0
9244234,0.0
9245235,0.0
9246236,0.0
9247237,0.0
9248238,25.28904751521208
9249239,0.0
9250240,16.466206717367715
9251241,0.0
9252242,0.0
9253243,0.0
9254244,0.0
9255245,0.0
9256246,0.0
9257247,18.53960492113442
9258248,8.979779014851538
9259249,0.0
9260250,0.0
9261251,0.0
9262252,27.783031239913026
9263253,0.0
9264254,10.428645724178065
9265255,31.572075841649344
9266256,0.0
9267257,11.267722898125038
9268258,13.371941664816964
9269259,0.0
9270260,0.0
9271261,0.0
9272262,0.0
9273263,0.0
9274264,0.0
9275265,0.0
9276266,0.0
9277267,0.0
9278268,0.0
9279269,0.0
9280270,11.898446764025508
9281271,0.0
9282272,0.0
9283273,28.67668168271036
9284274,5.458855538134541
9285275,0.0
9286276,0.0
9287277,0.0
9288278,0.0
9289279,0.0
9290280,0.0
9291281,0.0
9292282,6.509604714802779
9293283,0.0
9294284,0.0
9295285,0.0
9296286,0.0
9297287,13.953107277479914
9298288,0.0
9299289,0.0
9300290,0.0
9301291,13.210568113129742
9302292,0.0
9303293,11.836232469558533
9304294,0.0
9305295,0.0
9306296,11.994227564991508
9307297,0.0
9308298,0.0
9309299,0.0
9310300,0.0
9311301,0.0
9312302,0.0
9313303,0.0
9314304,0.0
9315305,0.0
9316306,16.676326067742163
9317307,0.0
9318308,0.0
9319309,0.0
9320310,16.146333199368602
9321311,0.0
9322312,67.31784689675335
9323313,0.0
9324314,0.0
9325315,0.0
9326316,0.0
9327317,0.0
9328318,0.0
9329319,0.0
9330320,48.00638948702644
9331321,0.0
9332322,0.0
9333323,0.0
9334324,0.0
9335325,14.749707243009636
9336326,0.0
9337327,58.35585026433832
9338328,0.0
9339329,0.0
9340330,0.0
9341331,0.0
9342332,18.62957679043126
9343333,0.0
9344334,0.0
9345335,0.0
9346336,0.0
9347337,0.0
9348338,26.344695069438057
9349339,6.604279632661529
9350340,0.0
9351341,0.0
9352342,0.0
9353343,0.0
9354344,0.0
9355345,37.890560819445675
9356346,0.0
9357347,0.0
9358348,0.0
9359349,0.0
9360350,30.39575599135175
9361351,0.0
9362352,0.0
9363353,0.0
9364354,0.0
9365355,23.20010158209287
9366356,0.0
9367357,0.0
9368358,0.0
9369359,0.0
9370360,0.0
9371361,0.0
9372362,0.0
9373363,40.74737655758007
9374364,0.0
9375365,2.8153768652649296
9376366,0.0
9377367,0.0
9378368,0.0
9379369,0.0
9380370,0.0
9381371,0.0
9382372,0.0
9383373,4.853146244988259
9384374,0.0
9385375,22.80071188801706
9386376,0.0
9387377,0.0
9388378,5.694117478301626
9389379,0.0
9390380,0.0
9391381,0.0
9392382,0.0
9393383,0.0
9394384,0.0
9395385,0.0
9396386,17.98810209772517
9397387,36.867998590504904
9398388,0.0
9399389,0.0
9400390,0.0
9401391,10.922035802057929
9402392,0.0
9403393,14.958688473773329
9404394,23.519108022894446
9405395,18.855453898245063
9406396,0.0
9407397,0.0
9408398,38.33330290443198
9409399,0.0
9410400,0.0
9411401,7.475291554534603
9412402,19.149462096871428
9413403,0.0
9414404,14.842412091089495
9415405,0.9790751394192174
9416406,55.00877791703199
9417407,0.0
9418408,0.0
9419409,0.0
9420410,0.0
9421411,0.0
9422412,0.0
9423413,25.78566924319882
9424414,0.0
9425415,0.0
9426416,0.0
9427417,10.521471537700894
9428418,0.0
9429419,0.0
9430420,0.0
9431421,0.0
9432422,0.0
9433423,0.0
9434424,0.0
9435425,0.0
9436426,0.0
9437427,0.0
9438428,0.0
9439429,0.0
9440430,0.0
9441431,0.0
9442432,0.0
9443433,0.0
9444434,0.0
9445435,0.0
9446436,0.0
9447437,0.0
9448438,0.0
9449439,0.0
9450440,0.0
9451441,71.58359435161873
9452442,31.693955777078497
9453443,28.001025442254814
9454444,0.0
9455445,0.0
9456446,16.63432448654785
9457447,0.0
9458448,0.0
9459449,0.0
9460450,0.0
9461451,0.0
9462452,0.0
9463453,0.0
9464454,15.873660788429868
9465455,0.0
9466456,0.0
9467457,0.0
9468458,0.0
9469459,0.0
9470460,0.0
9471461,0.0
9472462,0.0
9473463,51.97101007549135
9474464,77.40569516101958
9475465,16.63900594458659
9476466,7.455500926861672
9477467,14.341181515373089
9478468,0.0
9479469,0.0
9480470,0.0
9481471,0.0
9482472,19.36879711787881
9483473,0.0
9484474,0.0
9485475,3.63562893460619
9486476,62.69208517720345
9487477,0.0
9488478,0.0
9489479,0.0
9490480,0.0
9491481,0.0
9492482,0.0
9493483,0.0
9494484,24.578278581841566
9495485,0.0
9496486,27.567605928499326
9497487,0.0
9498488,10.293146412630445
9499489,0.0
9500490,0.0
9501491,5.721310764730933
9502492,0.0
9503493,0.0
9504494,43.15327786533561
9505495,0.0
9506496,0.0
9507497,0.0
9508498,0.0
9509499,0.0
9510500,0.0
9511501,0.0
9512502,0.0
9513503,0.0
9514504,0.0
9515505,0.0
9516506,18.55231990039086
9517507,0.0
9518508,0.0
9519509,0.0
9520510,0.0
9521511,9.755316070268739
9522512,12.0306977230916
9523513,0.0
9524514,0.0
9525515,0.0
9526516,0.0
9527517,0.0
9528518,0.0
9529519,0.0
9530520,0.0
9531521,0.0
9532522,16.335433201055825
9533523,21.992275666466696
9534524,0.0
9535525,0.0
9536526,0.0
9537527,13.705201457222856
9538528,21.530661062656804
9539529,0.0
9540530,0.0
9541531,8.614851826803214
9542532,0.0
9543533,0.0
9544534,0.0
9545535,0.0
9546536,0.0
9547537,0.0
9548538,30.22685032609184
9549539,0.0
9550540,16.0321578253738
9551541,0.0
9552542,0.0
9553543,1.7984119843371644
9554544,0.0
9555545,0.0
9556546,0.0
9557547,0.0
9558548,11.479098229922938
9559549,0.0
9560550,24.285802278633458
9561551,0.0
9562552,0.0
9563553,0.0
9564554,0.0
9565555,0.0
9566556,0.0
9567557,0.0
9568558,0.0
9569559,0.0
9570560,0.0
9571561,0.0
9572562,0.0
9573563,0.0
9574564,0.0
9575565,0.0
9576566,0.0
9577567,0.0
9578568,0.0
9579569,0.0
9580570,0.0
9581571,0.0
9582572,21.76084548300065
9583573,0.0
9584574,0.0
9585575,0.0
9586576,21.054802298400432
9587577,0.0
9588578,0.0
9589579,15.774421790911392
9590580,0.0
9591581,5.71792182382049
9592582,0.0
9593583,0.0
9594584,0.0
9595585,0.0
9596586,0.0
9597587,15.504016885604237
9598588,0.0
9599589,0.0
9600590,0.0
9601591,9.289230201421224
9602592,0.0
9603593,0.0
9604594,0.0
9605595,0.0
9606596,0.0
9607597,0.0
9608598,0.0
9609599,0.0
9610600,0.0
9611601,22.929360367726687
9612602,0.0
9613603,0.0
9614604,20.232481230240325
9615605,21.082334644081058
9616606,0.0
9617607,0.0
9618608,0.0
9619609,0.0
9620610,0.0
9621611,0.0
9622612,12.943369329611249
9623613,8.28803279373822
9624614,0.0
9625615,0.0
9626616,0.0
9627617,0.0
9628618,0.0
9629619,0.0
9630620,21.337624333224678
9631621,44.593383402020145
9632622,0.0
9633623,0.0
9634624,4.544914016601907
9635625,0.0
9636626,27.716800415768212
9637627,0.0
9638628,0.9872814393652419
9639629,0.0
9640630,0.0
9641631,0.0
9642632,0.0
9643633,7.356502116446434
9644634,0.0
9645635,0.8801235626089016
9646636,0.0
9647637,0.0
9648638,0.0
9649639,0.0
9650640,0.0
9651641,20.0782246812276
9652642,0.0
9653643,33.19538028753834
9654644,0.0
9655645,0.0
9656646,0.8991125599014644
9657647,0.0
9658648,21.051764143600188
9659649,0.0
9660650,0.0
9661651,17.934016601345782
9662652,0.0
9663653,0.0
9664654,0.0
9665655,0.0
9666656,0.0
9667657,0.0
9668658,0.0
9669659,0.0
9670660,0.0
9671661,19.208770824874158
9672662,21.254738266583036
9673663,0.0
9674664,0.0
9675665,0.0
9676666,0.0
9677667,0.0
9678668,0.0
9679669,0.0
9680670,0.0
9681671,12.989912447479231
9682672,0.0
9683673,30.220737583788434
9684674,0.0
9685675,0.0
9686676,0.0
9687677,0.0
9688678,21.212289316279684
9689679,0.0
9690680,0.0
9691681,0.0
9692682,0.0
9693683,0.0
9694684,20.1067628222675
9695685,0.0
9696686,0.0
9697687,0.0
9698688,32.81066803612487
9699689,0.0
9700690,0.0
9701691,0.0
9702692,13.82707801066124
9703693,7.531294980291212
9704694,0.0
9705695,0.0
9706696,0.0
9707697,0.0
9708698,18.03048449180096
9709699,0.0
9710700,0.0
9711701,0.0
9712702,30.582703053253837
9713703,0.0
9714704,0.0
9715705,0.0
9716706,0.0
9717707,0.0
9718708,0.0
9719709,10.129091384115888
9720710,0.0
9721711,0.0
9722712,0.0
9723713,17.47583648394472
9724714,1.8007706482363326
9725715,0.0
9726716,0.0
9727717,0.0
9728718,11.932986834078395
9729719,0.0
9730720,0.0
9731721,0.0
9732722,0.0
9733723,7.5176873916743645
9734724,0.0
9735725,0.0
9736726,0.0
9737727,31.79824388212222
9738728,0.0
9739729,0.0
9740730,0.0
9741731,0.0
9742732,0.0
9743733,0.0
9744734,0.0
9745735,0.0
9746736,0.0
9747737,0.0
9748738,0.0
9749739,0.0
9750740,0.0
9751741,0.0
9752742,0.0
9753743,0.0
9754744,0.0
9755745,0.0
9756746,0.0
9757747,0.0
9758748,0.0
9759749,0.0
9760750,58.318250631092134
9761751,17.56074446276241
9762752,0.0
9763753,0.0
9764754,0.0
9765755,0.0
9766756,0.0
9767757,0.0
9768758,0.0
9769759,0.0
9770760,0.0
9771761,0.0
9772762,0.0
9773763,0.0
9774764,0.0
9775765,0.0
9776766,0.0
9777767,0.0
9778768,69.4888792879768
9779769,0.0
9780770,0.0
9781771,0.0
9782772,0.0
9783773,44.6205420359754
9784774,38.37890159908061
9785775,0.0
9786776,11.84569718929429
9787777,0.0
9788778,0.0
9789779,0.0
9790780,0.0
9791781,0.0
9792782,0.0
9793783,0.0
9794784,17.737329919983814
9795785,0.0
9796786,0.0
9797787,0.0
9798788,8.432411516306574
9799789,34.6111190563017
9800790,13.061347539325908
9801791,0.0
9802792,0.0
9803793,0.0
9804794,0.0
9805795,1.9155373527493085
9806796,0.0
9807797,28.776771959647593
9808798,0.0
9809799,0.0
9810800,0.0
9811801,0.0
9812802,22.724065433293823
9813803,0.0
9814804,0.0
9815805,0.0
9816806,7.509647237228998
9817807,0.0
9818808,0.0
9819809,0.0
9820810,0.0
9821811,0.0
9822812,0.0
9823813,0.0
9824814,0.0
9825815,0.0
9826816,0.0
9827817,0.0
9828818,0.0
9829819,0.0
9830820,0.0
9831821,0.0
9832822,0.0
9833823,31.217536330371324
9834824,0.0
9835825,0.0
9836826,0.0
9837827,0.0
9838828,0.0
9839829,2.756354411198615
9840830,0.0
9841831,22.200664254119435
9842832,0.0
9843833,0.0
9844834,0.0
9845835,0.0
9846836,12.113872663818642
9847837,0.0
9848838,0.0
9849839,0.0
9850840,22.629338519085277
9851841,0.0
9852842,0.0
9853843,0.0
9854844,0.0
9855845,0.0
9856846,0.0
9857847,0.0
9858848,0.0
9859849,19.511434264969733
9860850,0.0
9861851,0.0
9862852,0.0
9863853,0.0
9864854,0.0
9865855,12.031963213182992
9866856,0.0
9867857,0.0
9868858,13.037342308573479
9869859,0.0
9870860,0.0
9871861,0.0
9872862,0.0
9873863,13.875163545747892
9874864,63.261287539188295
9875865,0.0
9876866,0.0
9877867,25.778499112034016
9878868,0.0
9879869,35.863414176983454
9880870,0.0
9881871,0.0
9882872,0.0
9883873,0.0
9884874,0.0
9885875,0.9910441318485315
9886876,0.0
9887877,0.0
9888878,8.467760746440632
9889879,0.0
9890880,24.606432469450514
9891881,0.0
9892882,15.794850936646418
9893883,21.031256268906255
9894884,4.588691804009416
9895885,0.0
9896886,11.572770215731216
9897887,7.442850751913218
9898888,21.261154884798263
9899889,0.0
9900890,44.925787689182584
9901891,0.0
9902892,17.082978034584187
9903893,24.86638229672182
9904894,0.0
9905895,54.83769731821462
9906896,0.0
9907897,0.0
9908898,5.464894843677253
9909899,33.06500676527637
9910900,9.85724198888351
9911901,0.0
9912902,0.0
9913903,0.0
9914904,0.0
9915905,14.530609495404317
9916906,19.846451546070757
9917907,0.0
9918908,0.0
9919909,0.0
9920910,0.0
9921911,0.0
9922912,30.418178894211685
9923913,0.0
9924914,0.0
9925915,0.0
9926916,0.0
9927917,0.0
9928918,0.0
9929919,0.0
9930920,0.0
9931921,0.0
9932922,9.070525899569336
9933923,0.0
9934924,0.0
9935925,0.0
9936926,0.0
9937927,0.0
9938928,0.0
9939929,0.0
9940930,0.0
9941931,0.0
9942932,23.0905989802808
9943933,13.22489241042892
9944934,30.676798890865953
9945935,0.0
9946936,11.793000926962918
9947937,0.0
9948938,0.0
9949939,0.0
9950940,0.0
9951941,29.21424376129864
9952942,0.0
9953943,0.0
9954944,0.0
9955945,0.0
9956946,0.0
9957947,0.0
9958948,0.0
9959949,0.0
9960950,0.0
9961951,0.0
9962952,15.592692667794081
9963953,0.0
9964954,0.0
9965955,0.0
9966956,0.0
9967957,0.0
9968958,0.0
9969959,0.0
9970960,0.0
9971961,18.4981848267351
9972962,0.0
9973963,0.0
9974964,0.0
9975965,0.0
9976966,16.338413252552307
9977967,0.0
9978968,0.0
9979969,0.0
9980970,22.977961167922576
9981971,8.320985632661651
9982972,0.0
9983973,0.0
9984974,0.0
9985975,0.0
9986976,10.992597327646914
9987977,0.0
9988978,0.0
9989979,0.0
9990980,8.072791270965261
9991981,0.0
9992982,0.0
9993983,0.0
