timestep,episodic_return
1000,40.05608155415095
2001,15.075196921125917
3002,23.484073686410557
4003,47.15874929463539
5004,55.67838899374019
6005,54.35457709885255
7006,61.54471120607244
8007,77.88237807640755
9008,23.846653105388604
10009,44.14423312809458
11010,14.80020205076284
12011,22.145210532483976
13012,63.528939897462266
14013,10.27625203684323
15014,7.552398663483781
16015,70.73909593909185
17016,15.262451965734002
18017,52.62965409518733
19018,66.27999591944194
20019,64.59817215100459
21020,58.77388170464688
22021,151.76026282423706
23022,39.19895866535176
24023,62.69207916815982
25024,71.02207844393389
26025,151.81565677722824
27026,63.09273572778483
28027,144.16006808277845
29028,56.112841927333385
30029,23.898325161945223
31030,116.10347787029602
32031,60.48028086788811
33032,41.668110175603196
34033,177.13335461544102
35034,123.35374759349973
36035,98.22555380304614
37036,114.32085884868276
38037,119.0872593088594
39038,79.72293378268952
40039,123.7064537082994
41040,192.00985338479214
42041,162.2208901092385
43042,153.47563659393305
44043,102.70685922576972
45044,141.47239052425218
46045,191.90731223057622
47046,223.74069010224196
48047,165.71038314380877
49048,129.22549857520977
50049,187.46287706644105
51050,159.90092193205518
52051,216.71895004476966
53052,206.0928504173533
54053,190.06248280556042
55054,222.22735962984618
56055,186.1592209352548
57056,127.3467557987152
58057,252.85128711153644
59058,186.75080609528314
60059,239.81615209005452
61060,128.87212984551124
62061,196.37075877612094
63062,177.37828437801656
64063,190.91891755878055
65064,213.31891088816585
66065,169.01447426749158
67066,204.6713936655468
68067,217.8761683101126
69068,205.4112045785542
70069,227.254809369736
71070,190.5922762151617
72071,189.00059282024995
73072,235.17048409849616
74073,216.43197000435742
75074,256.83043529739496
76075,219.52113869015545
77076,247.40670922122368
78077,248.58245654879408
79078,246.0192458418327
80079,264.7664343578044
81080,232.9684585029369
82081,238.91414166381546
83082,188.32748770887352
84083,175.037838012268
85084,180.39873371112537
86085,217.88794754066302
87086,215.36970898553548
88087,244.950444169696
89088,193.7714183068364
90089,212.09022757347162
91090,257.66624275361784
92091,211.345660153692
93092,190.76638186293172
94093,275.83760678880515
95094,287.8779151719815
96095,260.33369579503625
97096,169.7198011781727
98097,279.9976968838442
99098,235.95788594118972
100099,253.4230149104326
101100,265.0294983931351
102101,268.1958502785476
103102,219.51506295930963
104103,182.87608614996483
105104,268.89025164252564
106105,170.9471193789887
107106,278.6473082058485
108107,249.3662543444279
109108,191.16395465431214
110109,297.0180201748205
111110,185.82255805997497
112111,235.0619362531424
113112,237.41590668147566
114113,222.5105505098634
115114,239.66521458954676
116115,309.6214775928276
117116,242.58697861686014
118117,286.13120662041933
119118,264.4140075115291
120119,251.94215465701194
121120,257.8383663734566
122121,253.0248240789977
123122,246.1739643560348
124123,263.86970276897415
125124,269.93635179887997
126125,268.57271073880105
127126,251.66559227220702
128127,262.1634864734333
129128,277.50093214017147
130129,306.01962477216034
131130,296.67210993406576
132131,287.0476856122143
133132,281.3901776100102
134133,302.84963428559195
135134,235.1106600180989
136135,260.86096378717036
137136,282.06118177366426
138137,301.3636750018159
139138,327.0313288510339
140139,347.525537806091
141140,318.33928724112883
142141,287.8882813302851
143142,269.3441426017018
144143,339.31162599747046
145144,278.99339563289317
146145,312.0525970204085
147146,311.79163005022497
148147,265.8073674750939
149148,349.494046214265
150149,221.19095870915268
151150,250.39251076500486
152151,277.8185992584631
153152,370.53663755302404
154153,264.31997336994885
155154,426.43289756099745
156155,411.7966896260147
157156,409.86047748286285
158157,368.8951415960068
159158,442.043594934462
160159,376.480719647153
161160,356.14561567873784
162161,432.7180025907038
163162,395.8120293240657
164163,304.33268469632543
165164,193.3280046963664
166165,317.97625715884993
167166,344.3936325447837
168167,316.4500261297281
169168,332.5064948170531
170169,326.82443638810906
171170,445.66107259711765
172171,364.2652472775245
173172,437.2443928916271
174173,382.98701808932015
175174,411.1105471791871
176175,309.2828181587663
177176,349.42374418292997
178177,488.5617656367911
179178,309.7110931797105
180179,271.2938819167178
181180,425.2852897403912
182181,348.81240167709495
183182,448.0660889125431
184183,385.01828343705796
185184,330.9799187815187
186185,383.725605908871
187186,452.17789924355515
188187,397.4034099310019
189188,423.0723046382616
190189,489.53474874394317
191190,364.83033012952353
192191,334.270070335104
193192,433.23727524563037
194193,450.92047439316843
195194,365.5010110107181
196195,438.3022075428078
197196,453.5598257077855
198197,322.40058034179935
199198,394.60263250848936
200199,506.96646503418106
201200,483.0143363705145
202201,533.277187869188
203202,335.37464936989096
204203,449.11263130184005
205204,521.9565211042637
206205,269.5797148815656
207206,262.5014761970122
208207,355.828756942102
209208,423.12637641252945
210209,488.98766438719525
211210,390.2773787761393
212211,348.4903962830909
213212,324.22985959508827
214213,560.3547450793035
215214,618.0656688044759
216215,477.68620502441195
217216,546.904786729148
218217,574.646010551112
219218,631.1905517684994
220219,612.05267124505
221220,517.7369768262032
222221,695.1757893060005
223222,662.4440726475833
224223,542.1364966083748
225224,639.5136666619893
226225,419.06092963490175
227226,647.7217193677877
228227,665.0710615375638
229228,692.579562755757
230229,701.3692092492862
231230,701.9295121267797
232231,434.89026424731117
233232,646.6540721419207
234233,721.6866114224719
235234,776.5893548088128
236235,679.5524682954224
237236,658.3477408693041
238237,664.6397282092589
239238,677.8699461306707
240239,679.4616668161392
241240,683.6731041442936
242241,685.7685900456283
243242,684.2224378820968
244243,630.6556970925966
245244,670.5609184038435
246245,673.0098512918984
247246,700.451938816374
248247,722.504144618214
249248,683.4551884886677
250249,701.4099078224108
251250,767.8236215426679
252251,778.9056909211818
253252,440.3163150887447
254253,752.5392943327129
255254,506.28905486955813
256255,441.6844220510731
257256,715.0413054054663
258257,585.6726122695216
259258,707.446191087881
260259,765.3212579993663
261260,763.6769944082856
262261,774.3599336831767
263262,717.8674047004342
264263,772.4501175649458
265264,710.8000963190605
266265,717.9125847512355
267266,781.6324561380267
268267,736.1940099671523
269268,773.0902152511693
270269,750.100311667068
271270,746.98708062398
272271,748.4807191807162
273272,621.8181968132511
274273,774.1472707023594
275274,782.8766398198688
276275,720.6737181732776
277276,726.0737647302592
278277,614.8072617148953
279278,729.5782271220521
280279,766.7342266352963
281280,655.8475853387621
282281,720.5473421390494
283282,727.6217909784931
284283,768.7340767958384
285284,669.2088258737853
286285,675.3916208604138
287286,644.7967241572317
288287,750.0364339331817
289288,698.6802134326887
290289,749.7859132642355
291290,768.3169563589122
292291,659.2318915858867
293292,650.6041018516679
294293,751.0637950671019
295294,389.21669699179944
296295,760.4177913644999
297296,766.3171222905395
298297,661.1982804183973
299298,761.6626194755733
300299,765.4743786726181
301300,757.9689488501981
302301,733.4175870051694
303302,770.5306896547595
304303,297.93346185479334
305304,740.7552443069013
306305,681.9444465995264
307306,766.7688880231622
308307,746.7410504531117
309308,772.1091053245916
310309,748.1379412712707
311310,761.8031560123823
312311,731.3048248534479
313312,638.2886109947598
314313,757.5630353448374
315314,744.6537048200079
316315,752.3450644955593
317316,735.8436906528055
318317,446.2067034741707
319318,767.8608744629436
320319,749.897941833631
321320,745.9321712494226
322321,756.9927987216047
323322,749.9961538192956
324323,720.3905100312525
325324,655.5714686166301
326325,707.4783350366829
327326,721.7080222325033
328327,743.7149434930766
329328,758.5164168165643
330329,740.686515761096
331330,751.98066226535
332331,715.5577322046529
333332,736.000108471112
334333,710.6702071718478
335334,769.2188233061092
336335,736.8030842761592
337336,747.7838203244363
338337,731.5226423516077
339338,754.8072491225344
340339,678.5721558500189
341340,751.8046553071423
342341,745.4036668162328
343342,748.0183331185409
344343,718.2270755376304
345344,682.6462103535509
346345,751.0899348610615
347346,711.6417773425225
348347,732.4613080777112
349348,714.6778824096688
350349,703.0600407814349
351350,756.6939155331373
352351,712.6967423753532
353352,643.2834537052663
354353,693.7737926505107
355354,545.0404537568589
356355,274.83771528633196
357356,626.4383911680512
358357,737.884498458892
359358,627.5630255419986
360359,509.7960755802043
361360,682.9381496547384
362361,523.5990468762247
363362,593.7780327692342
364363,582.1894033235062
365364,427.0122427177294
366365,716.4164320079493
367366,513.9259873219207
368367,566.4923264234423
369368,408.71669237538737
370369,478.08979763583017
371370,454.7827711758976
372371,483.2934913779234
373372,481.2224801521371
374373,518.8561472629294
375374,516.2939495724678
376375,453.1090177617639
377376,511.33736974518035
378377,376.22937403195374
379378,569.9693718982594
380379,534.1782286758131
381380,377.8802196028383
382381,460.1635142186863
383382,571.4923359524939
384383,535.3946882804095
385384,473.0685982348371
386385,594.604296679973
387386,473.1976988432623
388387,554.6299492591859
389388,608.4072681788655
390389,575.7561695818159
391390,492.6667961893709
392391,502.00049922655813
393392,450.88868286187187
394393,524.9033379694148
395394,572.6935813795043
396395,555.9193314230675
397396,597.3254594006667
398397,566.408243819987
399398,509.7055821932374
400399,582.6977700358202
401400,548.2985202360276
402401,560.5724754487154
403402,564.5660089588174
404403,479.9055447952093
405404,537.0782102043473
406405,559.6830065307486
407406,533.3375729945777
408407,531.5001358796599
409408,480.8876766657589
410409,488.87417723753885
411410,560.9735566008015
412411,543.4937559090682
413412,527.9412153419422
414413,555.0784767755964
415414,362.92415896281034
416415,560.903720321436
417416,494.75352076580947
418417,556.6377806285941
419418,543.2605931768968
420419,546.1312698383097
421420,567.5327839143649
422421,545.9165283215525
423422,559.9224058902778
424423,552.8305330589096
425424,561.0541674275278
426425,590.7117793424994
427426,627.2209317655025
428427,610.7021323941693
429428,646.5034929832415
430429,564.3072590161238
431430,596.6807411959254
432431,627.3569789472881
433432,236.30712272617149
434433,608.5810914775121
435434,670.7074075560954
436435,629.1471279290997
437436,650.4109090152738
438437,644.2207105322141
439438,663.1288676869431
440439,636.4599194809384
441440,679.2406109742714
442441,580.1348464402832
443442,637.4762931735934
444443,647.4736826970565
445444,651.9430329493017
446445,252.78097862740984
447446,664.7658476648327
448447,640.7997299282448
449448,653.4245809285536
450449,657.5568156113966
451450,681.5626038058459
452451,673.5504789101147
453452,646.4813759279941
454453,661.0380875315481
455454,589.4855390699084
456455,515.2842304850969
457456,656.4958299959228
458457,677.7723443830583
459458,574.7036859239525
460459,672.5843999821114
461460,622.6649102253353
462461,473.9623592957093
463462,684.1164044029531
464463,657.6537801837403
465464,697.679973935833
466465,683.0247957612322
467466,648.5471271695144
468467,702.290508530706
469468,658.286132131888
470469,671.9061563290938
471470,658.7787629070509
472471,668.7829241495214
473472,681.2958179452166
474473,681.0164280875764
475474,682.163908146595
476475,651.184088321389
477476,520.9618501716795
478477,698.742988453216
479478,678.1363004405735
480479,684.8645202709508
481480,700.526229469712
482481,691.3676443181279
483482,550.0361903254806
484483,685.8844712147173
485484,661.842514315569
486485,702.106970460909
487486,686.4176311829647
488487,683.4993908739043
489488,688.856015333997
490489,664.9472863785139
491490,701.669387175755
492491,476.83692701096135
493492,713.3326899580319
494493,250.43729573316756
495494,701.333962462344
496495,693.678455466595
497496,424.9781790165518
498497,690.6197901300563
499498,696.5804245576329
500499,540.8350294993951
501500,682.0165763627358
502501,651.4421206089422
503502,678.3101925460438
504503,667.1812331986783
505504,678.2679550340586
506505,682.1568722271122
507506,654.3422334655854
508507,391.7005489124967
509508,228.5393649471831
510509,706.5545123019955
511510,708.2303728669602
512511,675.7915689178061
513512,710.7486903688703
514513,590.2330768497527
515514,706.8708042902139
516515,701.0565037321794
517516,551.4796424056525
518517,647.6330647955415
519518,637.7112780666184
520519,726.9786721209329
521520,682.7142411763214
522521,615.4271036718985
523522,353.12192014443576
524523,685.5860831731491
525524,650.5624056089085
526525,659.1603035349542
527526,690.6382998136098
528527,685.5989249061915
529528,398.66528339418625
530529,641.7829047492999
531530,688.7233677536736
532531,671.2322509006746
533532,654.6722431558132
534533,706.3194137295364
535534,693.6789523748583
536535,693.2634876146665
537536,695.437011669226
538537,688.6202042878183
539538,678.9123118293431
540539,543.4476011836394
541540,714.4199284752032
542541,669.6244590983815
543542,671.6643109832553
544543,384.4782758067568
545544,731.566166025193
546545,715.1122644804628
547546,691.0140685942209
548547,706.2942549604032
549548,733.4658202735725
550549,591.5106828318108
551550,708.9391283489604
552551,717.574459663308
553552,340.6545115944655
554553,667.0165627747541
555554,732.7265445182136
556555,689.8455018339749
557556,743.5291227629234
558557,713.5481848355108
559558,720.1513383377078
560559,730.7230267747062
561560,644.954058213101
562561,740.8315292202047
563562,639.5484190955121
564563,715.2926908261069
565564,610.0976665121765
566565,716.108606990195
567566,669.3470572434643
568567,630.7495816354735
569568,723.0711035476947
570569,717.0152220613854
571570,668.3166465196335
572571,728.5397038532468
573572,723.5624502133569
574573,739.2778295414824
575574,727.8801015219644
576575,735.8011648128256
577576,678.9365776835006
578577,733.3374565812475
579578,248.53646694989064
580579,721.8903208131968
581580,702.8426516040524
582581,642.5345923482777
583582,718.044170504616
584583,738.1526670825408
585584,731.9226145772375
586585,670.5297161401278
587586,732.3137578616456
588587,710.7268985880146
589588,701.0627138757106
590589,713.9763202542795
591590,723.4835253718752
592591,733.0713886539219
593592,732.3713141244749
594593,715.2345186351811
595594,724.9808918332192
596595,675.460656923164
597596,263.7920765331297
598597,718.4410927028126
599598,716.9565723687498
600599,713.271385478016
601600,724.0346424452753
602601,717.1558159260561
603602,713.8579502344403
604603,719.9400863042101
605604,731.4643546803941
606605,723.5033325067084
607606,733.1769747590859
608607,326.0548623539556
609608,723.635833039058
610609,721.1171635781973
611610,414.2400497868475
612611,729.9555374884776
613612,718.1644207046314
614613,708.2225091807787
615614,712.879677380727
616615,630.3249106488017
617616,710.1570320614003
618617,710.2063543343961
619618,713.117783113525
620619,717.8615879063517
621620,617.0794537378387
622621,710.9295411393665
623622,708.9737801525472
624623,619.8743755186607
625624,718.8325395294075
626625,699.269690620154
627626,308.5436427630162
628627,699.1369194336665
629628,720.6343165034343
630629,733.3699962394757
631630,707.5524199767007
632631,406.5380089930648
633632,726.4132450706682
634633,298.7882396463718
635634,576.6724316972021
636635,495.86164407408836
637636,204.01023843234955
638637,528.8733730897764
639638,721.1883631440642
640639,712.2315565891511
641640,722.3705625238605
642641,719.8539963619296
643642,719.3371199675161
644643,710.7831154438239
645644,718.3213623617133
646645,631.0414869097727
647646,584.6847103718417
648647,694.2467759457095
649648,668.104711540164
650649,586.0245024824
651650,585.7638548000494
652651,722.5237541472864
653652,723.0875304414569
654653,613.226698478927
655654,715.3491186141399
656655,662.2896507541843
657656,719.3082426235496
658657,717.5114329352319
659658,594.5688499058012
660659,653.9544852155093
661660,712.7076506685419
662661,435.0702246597373
663662,728.1187726895803
664663,561.8128742467732
665664,605.6481527895593
666665,672.3358190050598
667666,615.9841963046097
668667,725.6532201626953
669668,670.8820826565111
670669,506.4069115714057
671670,656.8004738264174
672671,670.0500102540905
673672,678.7025666967817
674673,674.6519098604917
675674,558.0946046962982
676675,633.4019234879627
677676,654.3882802289596
678677,591.5481178713837
679678,599.5697638886561
680679,660.002442326251
681680,525.4073323135203
682681,695.1605378068132
683682,620.9750796820912
684683,599.755270374626
685684,638.4503370265503
686685,649.3638835155101
687686,649.3612828342433
688687,629.4197371886767
689688,737.4234770311891
690689,703.4447273912111
691690,723.1599378224503
692691,668.2199735969756
693692,701.2806478322299
694693,720.612319415375
695694,711.0272311374997
696695,683.4241082488818
697696,670.0858574107642
698697,671.6705883633031
699698,680.1434640655433
700699,637.0541693503307
701700,677.9752178320759
702701,653.4087934217055
703702,644.0797990730648
704703,690.6247479557303
705704,673.9107871294724
706705,699.1443058237073
707706,698.7574505786232
708707,680.5043175375065
709708,697.6064768711826
710709,575.2705983086561
711710,678.8903435609743
712711,689.774581533579
713712,670.6360229550314
714713,665.8804515554044
715714,256.8646842129105
716715,657.6519720776953
717716,648.7450477244666
718717,711.1726731801982
719718,196.10424583656936
720719,694.620947372563
721720,728.2571352401636
722721,718.0969531640624
723722,727.0982843455919
724723,728.8553828958675
725724,714.32728258233
726725,722.213798319473
727726,250.81291786693276
728727,709.977346173522
729728,712.2281723701707
730729,729.1202115049684
731730,674.5786232338929
732731,698.4809452301824
733732,678.8789148719909
734733,714.4146876275917
735734,609.6072212924305
736735,684.4097763402117
737736,682.3346807752107
738737,716.1559777631801
739738,722.0851884368101
740739,732.1688619171294
741740,714.7148620555663
742741,722.3607839264363
743742,732.438830786078
744743,724.964253035411
745744,726.7054288021017
746745,704.6709014119928
747746,722.870299654758
748747,583.4287531081075
749748,713.5237807536831
750749,353.515107779897
751750,524.1613696128318
752751,701.8569291928204
753752,594.7995725267746
754753,178.78502170435377
755754,723.1885202260488
756755,712.5857543387895
757756,711.7923596447774
758757,723.4513965348341
759758,727.3526789042637
760759,717.7154392509781
761760,724.5572491009987
762761,707.8315607433019
763762,683.2422769871155
764763,207.3875635418848
765764,717.0824438743822
766765,712.6094032384759
767766,602.881425285293
768767,701.0594712521286
769768,703.8726976219614
770769,701.9381181440225
771770,718.6836299161621
772771,721.7845788169874
773772,687.7214549481503
774773,708.0340902504888
775774,723.3160707236002
776775,703.3481949237538
777776,477.2082056023026
778777,716.5112999766851
779778,720.195901882636
780779,728.8539538683171
781780,714.4760434291687
782781,700.7742969455053
783782,704.1128561029236
784783,718.9087295873687
785784,719.2101143479618
786785,720.8155317996371
787786,706.1201364664305
788787,272.95612765635826
789788,707.9188739296193
790789,704.554977961617
791790,705.8754888382371
792791,674.2686013576354
793792,695.894760519128
794793,708.233134402322
795794,674.4437048828889
796795,691.943603387595
797796,680.8139976814883
798797,678.4209095949069
799798,683.0781380589026
800799,692.0259056488866
801800,687.9379985904586
802801,677.8456213845437
803802,696.7786474651681
804803,683.825792205429
805804,675.2254027914415
806805,482.82032633583634
807806,696.6431064281347
808807,688.2615825521536
809808,706.2425617230189
810809,686.6924712532426
811810,666.3671252741422
812811,678.4906454680712
813812,678.0339281360758
814813,657.8281933161735
815814,702.4841371562652
816815,684.1997939374863
817816,673.8926187520648
818817,686.8613909329903
819818,679.9147327504717
820819,549.0120972762115
821820,624.0259901399592
822821,580.6792463931708
823822,674.7744788656514
824823,496.6350910955406
825824,537.4702515019509
826825,539.8797453133245
827826,653.3455088761988
828827,690.0038156277656
829828,695.7291165568267
830829,233.81238289356278
831830,680.5907044439148
832831,643.699567835852
833832,646.083028587865
834833,698.5228355146439
835834,651.8577638553508
836835,669.5513475929325
837836,683.257172743314
838837,694.4704392376615
839838,661.6619863429173
840839,696.9319355900086
841840,646.2070470055315
842841,667.3391187687033
843842,690.8791121859905
844843,710.3182719215599
845844,712.3039472454714
846845,701.8144064243983
847846,704.2674164171198
848847,703.3315359978324
849848,709.3018900360252
850849,711.8529962126509
851850,710.11918890229
852851,705.0092730016714
853852,715.4988631449742
854853,716.5932713038827
855854,711.3322332015836
856855,727.6340916933536
857856,721.4625187878552
858857,718.0224290917911
859858,711.6759280533395
860859,699.0157896875553
861860,709.1614063822791
862861,700.5479062986616
863862,707.2618307298778
864863,715.7029191228361
865864,716.3507157172618
866865,720.9060517970852
867866,710.9267099961161
868867,622.6156800129665
869868,720.4714220675337
870869,705.7669067403746
871870,683.3965941795713
872871,701.5824221042502
873872,709.4758523334143
874873,712.4429680000567
875874,720.0312683345746
876875,336.8462876476348
877876,715.062396578365
878877,704.6498413921497
879878,705.04109498107
880879,695.2888095876766
881880,698.657874053631
882881,709.9273607649251
883882,715.3797664174688
884883,720.3033186373191
885884,719.5200755934155
886885,718.6040243299664
887886,721.235089645779
888887,671.045675831733
889888,712.1213573180223
890889,690.8699095957186
891890,710.2339346386544
892891,712.0535876030639
893892,729.481961621375
894893,708.5133542811415
895894,705.0300527722472
896895,718.542395990713
897896,700.2545273830883
898897,702.3807540422911
899898,708.3461972895917
900899,722.4518905456814
901900,727.5059791167769
902901,688.1570742876286
903902,721.4520394255044
904903,724.815138513219
905904,724.9280473353898
906905,703.2346249298423
907906,718.6305818347378
908907,726.1682678929033
909908,719.4567836213278
910909,710.6549027226675
911910,720.7146311442611
912911,713.0243728798912
913912,728.9518069296466
914913,718.2637473234674
915914,712.915126476692
916915,724.8060450147896
917916,700.4981968400514
918917,694.1602313936864
919918,706.9911678826078
920919,724.099511433183
921920,693.8166702298506
922921,566.5127472641419
923922,709.3604759946171
924923,695.1268075468466
925924,713.643136403574
926925,715.145765922356
927926,728.9725371682764
928927,725.6295808186193
929928,723.5696644371925
930929,730.1747870168971
931930,708.8201103142368
932931,711.7984930722159
933932,713.43229019803
934933,252.3037290498141
935934,715.6734479677863
936935,721.5450815529139
937936,717.855016799187
938937,716.1054506056919
939938,725.5282341807055
940939,724.104215382949
941940,725.5486303700936
942941,720.673777605386
943942,723.9814401104834
944943,722.619060754717
945944,518.8437540894867
946945,724.3475184568323
947946,722.3830010040789
948947,470.453446037393
949948,718.5550687391242
950949,722.0732621640177
951950,724.342520127735
952951,716.8156622728227
953952,509.2078341511483
954953,701.9339814850196
955954,483.54936817113867
956955,293.2435069651478
957956,726.6877717629175
958957,717.1813378388554
959958,693.6554009110716
960959,701.2446516246223
961960,713.7142162955303
962961,606.3791621956204
963962,314.71883602515095
964963,719.5934880254923
965964,240.43887184887367
966965,698.7280904883738
967966,596.5504076967204
968967,720.8743243669595
969968,448.62245082196097
970969,706.7166285592141
971970,724.6281936449512
972971,710.012988016854
973972,718.0679760315559
974973,719.1035667151613
975974,725.389664900843
976975,707.1374603970896
977976,707.2450425720922
978977,679.7100110605052
979978,702.841854898427
980979,573.2253544949489
981980,723.6494447911394
982981,728.2866377933616
983982,704.5972800746447
984983,478.4948230348
985984,711.7285413054894
986985,722.0700495345529
987986,729.3010937063605
988987,447.39996047269375
989988,727.4271442174446
990989,591.4723914482958
991990,556.4885837870178
992991,649.5052718545223
993992,713.7083168275565
994993,714.7934945909042
995994,702.9202371275327
996995,693.6635105585096
997996,718.1366800680327
998997,699.0657653388816
999998,706.9406072749979
1000999,724.9339941690025
1002000,705.9710594166504
1003001,728.3438409048283
1004002,719.8531300634481
1005003,713.9972544006305
1006004,712.7500547952448
1007005,689.6687778477385
1008006,713.3914689406906
1009007,712.8987932047374
1010008,718.3435310000235
1011009,644.3590416345874
1012010,720.0493029054009
1013011,706.7619131405223
1014012,291.7732912745738
1015013,713.1283067503933
1016014,684.9794642381358
1017015,716.8371543716142
1018016,708.4772455615596
1019017,722.9810140158152
1020018,675.1272585666401
1021019,656.8404422886509
1022020,682.915675950664
1023021,720.0314717875522
1024022,683.9620033828647
1025023,688.752218482861
1026024,692.0224359540955
1027025,722.9931108151957
1028026,725.495543475112
1029027,686.3778067359116
1030028,528.2529368181176
1031029,552.9096626727975
1032030,718.8983101162676
1033031,720.7420048218224
1034032,722.6278772225755
1035033,717.4765950728028
1036034,344.61885101839886
1037035,695.8853721951302
1038036,717.2215180184726
1039037,692.795175672245
1040038,722.1539069118852
1041039,698.5498550697016
1042040,696.9964595467991
1043041,709.8703002308656
1044042,707.8685746875498
1045043,702.3348235017168
1046044,719.1645437243034
1047045,660.6229331131599
1048046,697.7719173130248
1049047,720.0727621372882
1050048,430.11423128782144
1051049,623.6829724756756
1052050,672.1880619516656
1053051,692.9937667953452
1054052,665.1769408249233
1055053,724.4381900566018
1056054,689.4710581027697
1057055,697.4396258903316
1058056,701.611532475996
1059057,657.6521222503766
1060058,719.3504894749414
1061059,698.4115571831521
1062060,702.1792417239138
1063061,683.418662972406
1064062,717.0259375772047
1065063,715.96528323374
1066064,707.3284504084583
1067065,674.8750076644377
1068066,713.5739437603268
1069067,691.0672744377314
1070068,717.8871281837329
1071069,706.8738376261811
1072070,312.05267572375703
1073071,694.2429765980166
1074072,717.602364992249
1075073,544.9202366434738
1076074,707.021194425581
1077075,722.9316122217226
1078076,709.2552233611211
1079077,699.6606612323869
1080078,709.8128376453725
1081079,720.3111139084912
1082080,720.5297361339966
1083081,712.1967503640528
1084082,220.36630130041937
1085083,696.7141511317953
1086084,723.2826905053975
1087085,701.1329474890234
1088086,722.4005681867839
1089087,700.5640503407149
1090088,672.5256215084329
1091089,680.5042781487231
1092090,709.5233074317998
1093091,685.8425903752145
1094092,721.221835138483
1095093,670.3824653373592
1096094,712.5808074347354
1097095,670.559744855912
1098096,694.9747533506728
1099097,667.6749023241244
1100098,696.6391021948226
1101099,703.7243378563036
1102100,663.2009068764652
1103101,668.4535112634826
1104102,689.7995229632859
1105103,695.6453696475221
1106104,661.6827017861307
1107105,689.1260740741318
1108106,690.8054584718394
1109107,402.6547500575587
1110108,545.7607164327885
1111109,680.9301736661276
1112110,701.6838473478185
1113111,701.6002088435398
1114112,660.7252761217023
1115113,612.4221783893831
1116114,700.0392733000343
1117115,652.5799604280651
1118116,641.4687333793453
1119117,626.6453603383487
1120118,636.2650218666578
1121119,691.4436396511333
1122120,706.5708963457039
1123121,686.4272515484464
1124122,687.908922194767
1125123,669.4395951814099
1126124,678.319818576101
1127125,670.671526172686
1128126,689.8384924553195
1129127,647.3120642162452
1130128,709.8368086069454
1131129,667.0755089251982
1132130,678.4817960526981
1133131,707.3541348311483
1134132,691.5451563128715
1135133,671.0021460947837
1136134,686.1242758875205
1137135,654.1868514366316
1138136,680.8227316230083
1139137,699.3022060307819
1140138,687.900922720685
1141139,714.3632898435092
1142140,690.2751791012157
1143141,701.8100933752036
1144142,680.3489637631845
1145143,692.6847989504066
1146144,699.3552646203916
1147145,682.8139957010759
1148146,669.6482512512916
1149147,690.2196469559788
1150148,700.5684717635124
1151149,697.1383177974483
1152150,713.8898572947353
1153151,708.4111314345257
1154152,705.4120831708243
1155153,718.3552916678342
1156154,241.2322124342051
1157155,184.3875099895283
1158156,674.0867778283258
1159157,668.9640854797719
1160158,695.3362354400377
1161159,393.14231270275644
1162160,641.8704439652598
1163161,701.4579034580789
1164162,478.92145672459884
1165163,684.1298355189215
1166164,661.2875738294395
1167165,233.7079962698658
1168166,645.761480099916
1169167,708.8216688513047
1170168,587.9573158091604
1171169,693.2438878413989
1172170,676.7690697133924
1173171,673.9191535397547
1174172,690.3922111911133
1175173,686.0000095730094
1176174,219.82841207434927
1177175,698.6958558694218
1178176,708.5561681849391
1179177,540.766586698609
1180178,592.2895093369085
1181179,434.25831613503107
1182180,724.323802975564
1183181,685.0630754288554
1184182,698.9025691254253
1185183,709.5282647258165
1186184,715.6916086673541
1187185,676.8066842405677
1188186,702.3356665300577
1189187,643.4559768014763
1190188,690.4650502363257
1191189,378.74509349435516
1192190,694.5488076014193
1193191,632.6654312215592
1194192,687.7175314858865
1195193,686.6382502201556
1196194,176.40800915555369
1197195,676.0080446307629
1198196,694.5262568395578
1199197,456.1797890539561
1200198,682.9378186470831
1201199,704.957677086121
1202200,404.61648960214217
1203201,699.188568447259
1204202,707.282393737032
1205203,695.8130386892514
1206204,632.3308529457818
1207205,715.6223230846425
1208206,695.1702189012516
1209207,608.7905603636843
1210208,705.9655772431514
1211209,663.9024687567922
1212210,638.1575602906677
1213211,688.7731808578106
1214212,692.8660096131899
1215213,616.3979669008772
1216214,679.1199507742344
1217215,673.4268913896717
1218216,667.1378595168196
1219217,644.0431143926054
1220218,621.6248464115714
1221219,623.3326094624141
1222220,642.332558868853
1223221,586.3377855330247
1224222,608.779876959931
1225223,505.28367883370936
1226224,562.0534124603155
1227225,631.6963308528535
1228226,481.27055278157746
1229227,616.2735255634038
1230228,621.3454037590485
1231229,540.8412093334916
1232230,661.4479774864603
1233231,629.8240723138939
1234232,649.5030078483994
1235233,538.4718264643103
1236234,655.6206321359374
1237235,685.9207707575714
1238236,674.6415873029564
1239237,697.7694587954368
1240238,650.1444418424634
1241239,693.6042417298642
1242240,685.9454044120736
1243241,718.1914047942931
1244242,676.8295318691131
1245243,583.9588366353019
1246244,565.8633328597037
1247245,713.9692828893369
1248246,661.0472463579982
1249247,708.234858852912
1250248,656.5545091620553
1251249,700.0460618520361
1252250,674.4303961681894
1253251,270.00590989030667
1254252,651.6350873478987
1255253,634.4521310616008
1256254,590.4963252007989
1257255,652.33178487751
1258256,629.1972507570778
1259257,603.9950566198282
1260258,656.7244643057935
1261259,430.0342571763037
1262260,710.7933469377748
1263261,626.6935680563333
1264262,655.342720803167
1265263,709.3227249064436
1266264,692.9716087138913
1267265,612.0781114870957
1268266,704.1459314745507
1269267,657.1367514489451
1270268,677.9844077153268
1271269,713.1890835639637
1272270,591.4492818565964
1273271,662.4184596798133
1274272,662.1161476606643
1275273,613.0236778493777
1276274,667.6869120007328
1277275,712.9251614734824
1278276,599.5168321094419
1279277,677.7795126526162
1280278,712.7338339522342
1281279,645.9160372701078
1282280,713.3235732108832
1283281,713.3869601037135
1284282,717.2001707004522
1285283,707.4103014769292
1286284,677.0632590150699
1287285,682.2576570173347
1288286,691.3670958120065
1289287,704.9789439492215
1290288,704.0671694568596
1291289,702.2975796417772
1292290,708.0475366856896
1293291,193.1266368944314
1294292,404.93967932598105
1295293,704.6501980054265
1296294,707.1558241222124
1297295,429.7739020864186
1298296,701.0277831294796
1299297,691.3052144917964
1300298,684.9286735586048
1301299,612.6691323209404
1302300,648.4435270969065
1303301,683.6892774419853
1304302,678.9407210034205
1305303,691.4938280506274
1306304,545.8092128503525
1307305,631.1819866121599
1308306,710.7023786015009
1309307,689.8975749415742
1310308,691.7646281006514
1311309,683.2251958592706
1312310,368.06003527434154
1313311,695.9669097277111
1314312,665.4101236337176
1315313,581.4836411831162
1316314,688.2939294005402
1317315,680.4017674482316
1318316,686.0266074452031
1319317,612.5245662456393
1320318,665.8661964396871
1321319,707.4105877963165
1322320,704.8168444320885
1323321,698.1340742115254
1324322,711.5083071702394
1325323,716.9688281291103
1326324,680.0484351510511
1327325,708.3605583676464
1328326,694.869588757836
1329327,670.9609841599474
1330328,665.1168009275335
1331329,641.3083567594557
1332330,644.9873446738812
1333331,645.7423336893775
1334332,705.3279750652341
1335333,700.8479350379279
1336334,584.3244892345344
1337335,514.4932563254368
1338336,421.6062089250953
1339337,623.718097399851
1340338,632.3163640568268
1341339,688.7346303718653
1342340,421.4932440335283
1343341,621.5066556340727
1344342,643.862856959736
1345343,654.7050380969472
1346344,639.9468488391263
1347345,517.6184963787651
1348346,569.9555743514723
1349347,685.5785184324006
1350348,642.8801094700927
1351349,639.4247866695242
1352350,628.5915191404747
1353351,666.6116469071208
1354352,635.8295167893745
1355353,684.5466238803031
1356354,621.6653492069693
1357355,632.168678919823
1358356,629.8201795404519
1359357,621.0552355919522
1360358,657.0204803897317
1361359,685.5533611138683
1362360,632.3687689749584
1363361,707.373572933035
1364362,554.5203305717262
1365363,320.333620593355
1366364,643.9043913574367
1367365,653.9228668573437
1368366,682.1770911600552
1369367,694.6789458416275
1370368,667.5888616336716
1371369,390.55858961820775
1372370,639.7266129451365
1373371,695.4366734449827
1374372,626.2578372372457
1375373,714.2871012515201
1376374,234.90312875563248
1377375,677.5250618911506
1378376,638.0220648700777
1379377,693.4926790525469
1380378,690.0157170660341
1381379,685.9464153749552
1382380,681.1002176787549
1383381,652.987511421308
1384382,507.97875450049764
1385383,680.7538317951987
1386384,712.1355762641136
1387385,690.2367480851658
1388386,601.3088757066529
1389387,685.6810569895113
1390388,644.097894727197
1391389,266.1172973552726
1392390,665.3958317400885
1393391,576.628217432056
1394392,702.5542213896781
1395393,700.8585888850963
1396394,690.5528524892624
1397395,696.1578496372995
1398396,707.9318129876908
1399397,685.1720315230218
1400398,626.0821619548484
1401399,661.013132496491
1402400,650.1117124839692
1403401,713.6505989179827
1404402,236.44566351484025
1405403,705.0472719468918
1406404,709.2966539226094
1407405,694.2938434043724
1408406,653.639384935146
1409407,682.4202716603396
1410408,658.0622010697265
1411409,693.0137700797999
1412410,670.1693432389095
1413411,669.0594307539588
1414412,711.2561739343988
1415413,703.8818262386708
1416414,705.6011207999716
1417415,653.8665056021622
1418416,709.2234152042304
1419417,700.1689317876625
1420418,623.1792318988121
1421419,670.6528331937634
1422420,711.1600829660945
1423421,712.4325491418341
1424422,675.2678806103473
1425423,699.8233259748215
1426424,686.494356436222
1427425,682.9527385218141
1428426,672.034639522408
1429427,689.6088615019587
1430428,498.5442958288751
1431429,684.4822412757114
1432430,687.72486187096
1433431,689.7634482901897
1434432,687.6393155522705
1435433,715.0383765839415
1436434,710.2154790296325
1437435,707.5417167879574
1438436,694.7306953413062
1439437,711.9946760509058
1440438,648.2741100144673
1441439,661.7870104209742
1442440,700.0140961664335
1443441,688.8171849573375
1444442,670.7649802162505
1445443,640.1464367199128
1446444,679.8765171411796
1447445,696.4590323769761
1448446,656.6464713097727
1449447,681.1801819712239
1450448,686.1150683801671
1451449,637.9449768705964
1452450,689.6218443885833
1453451,631.3096878064921
1454452,655.0069933878714
1455453,656.5872501818761
1456454,667.4186167193911
1457455,531.0619167701137
1458456,637.9468400202819
1459457,695.5556576785751
1460458,654.0112874159626
1461459,658.5994658806259
1462460,679.001777253057
1463461,640.0649253713306
1464462,568.3668626423314
1465463,681.9760916135707
1466464,293.44404161062647
1467465,204.63132821914056
1468466,712.3568201839723
1469467,680.3256894937891
1470468,577.249537650828
1471469,583.3764430508206
1472470,301.9932328676444
1473471,655.17447954566
1474472,444.02645159595426
1475473,676.4449538025601
1476474,648.4936595110652
1477475,294.51841672421483
1478476,648.4615211609143
1479477,600.3474100381382
1480478,652.5272188552826
1481479,665.4706206695319
1482480,654.0694358682139
1483481,631.7337947352495
1484482,615.0838734069297
1485483,647.7499360341433
1486484,675.3749483783604
1487485,678.9559147080843
1488486,644.1937741436172
1489487,655.780354980342
1490488,683.6683452484552
1491489,331.1383162298438
1492490,510.22973687361605
1493491,679.7716430528741
1494492,637.5899662407056
1495493,322.38829214460463
1496494,677.3764404060455
1497495,645.4005650075461
1498496,670.0416010452279
1499497,557.8680352102145
1500498,620.237131603566
1501499,638.719108019611
1502500,626.8599882917131
1503501,655.7914504068435
1504502,693.5015061995697
1505503,670.5560317243282
1506504,648.4352941989023
1507505,669.4909252809668
1508506,682.8689965865441
1509507,641.3019809378723
1510508,675.9018131084669
1511509,666.4735398188897
1512510,698.781186207393
1513511,692.5769946994047
1514512,692.7701222910715
1515513,688.0393862096704
1516514,661.574444595537
1517515,654.0572045845105
1518516,674.0421961364149
1519517,664.2781961502772
1520518,398.62333662175195
1521519,691.7237448847521
1522520,675.557637257871
1523521,679.4787353755636
1524522,690.7375158000198
1525523,687.9203163213604
1526524,698.7988738537786
1527525,698.7487053611206
1528526,675.6756667187857
1529527,679.0765443416419
1530528,286.0701101317255
1531529,657.3324797922608
1532530,654.7946188325766
1533531,652.9361682830753
1534532,681.6622785850365
1535533,694.2539738042692
1536534,700.8750002648407
1537535,685.231147274996
1538536,676.3228518043933
1539537,637.5072443346143
1540538,675.7566013958482
1541539,689.915592434427
1542540,689.9230470670889
1543541,689.107044164017
1544542,518.5737346681487
1545543,682.6370613008495
1546544,678.10439855757
1547545,682.7842633473922
1548546,710.9407310420526
1549547,684.9614702287816
1550548,716.5315836322117
1551549,690.092093021589
1552550,708.4767845832471
1553551,703.3235557031846
1554552,657.2631180629389
1555553,704.8435882813822
1556554,691.1006083635809
1557555,697.4145223887344
1558556,701.2416896410201
1559557,689.8076187239533
1560558,698.6332271108276
1561559,681.632862364265
1562560,395.7299271970999
1563561,221.9683647991013
1564562,649.4431089108258
1565563,667.7820797843029
1566564,622.9346354290481
1567565,549.3443564962581
1568566,699.4221986308586
1569567,450.86058019966805
1570568,708.5709555897129
1571569,254.34589946765428
1572570,676.2374634467843
1573571,670.1329110603798
1574572,703.2368196175346
1575573,700.5038690268557
1576574,685.6957842965634
1577575,692.4100688530884
1578576,702.4288161479984
1579577,707.5884496619822
1580578,177.02389489026714
1581579,697.1096298362248
1582580,699.1638361570525
1583581,656.4913525048128
1584582,658.5392423581366
1585583,649.7909243108891
1586584,692.8315044984345
1587585,685.3497742907355
1588586,688.5789533564455
1589587,699.5912073556469
1590588,292.3335779337359
1591589,650.15760767595
1592590,557.8512869276187
1593591,700.2615814573944
1594592,679.5765359853356
1595593,690.9698232716532
1596594,692.3086126102967
1597595,695.4469593335009
1598596,706.9273392999943
1599597,699.6362233346657
1600598,696.960846545897
1601599,695.4575392227539
1602600,657.169502639077
1603601,683.8954059709242
1604602,686.2361093924485
1605603,45.19556267922823
1606604,691.3723982292548
1607605,694.708154520683
1608606,703.2602465433666
1609607,697.6516983035665
1610608,577.9352060997206
1611609,695.7886347156007
1612610,696.2297139864269
1613611,683.1243269506932
1614612,662.8984705395793
1615613,679.9025119844035
1616614,686.540184075226
1617615,696.6313764397515
1618616,690.421499874992
1619617,686.419567333657
1620618,683.3318586480938
1621619,678.5034654150246
1622620,697.5837630351497
1623621,713.1502573540108
1624622,679.5559405965287
1625623,674.3849047351097
1626624,662.4556793199756
1627625,657.5774263694119
1628626,684.079954480174
1629627,678.340829043405
1630628,493.36223330602667
1631629,666.6054074158428
1632630,698.6865000158789
1633631,694.0427486557389
1634632,659.334874755884
1635633,669.9548471843243
1636634,672.5118217028546
1637635,640.684182418289
1638636,698.3037052124452
1639637,660.9608587551749
1640638,703.8429215846194
1641639,670.534868783578
1642640,705.8236874265219
1643641,664.8737910871943
1644642,703.0979043396477
1645643,711.7467788795042
1646644,674.9378594619266
1647645,611.2271927496822
1648646,640.8377632613484
1649647,658.0156868180924
1650648,659.7534193554089
1651649,626.7103011878535
1652650,194.7565569897831
1653651,640.6932231302054
1654652,646.1835082680726
1655653,409.631842423219
1656654,648.4532254087479
1657655,692.3124969556857
1658656,682.631857291388
1659657,694.9098158304961
1660658,685.3248702970492
1661659,229.57204414665665
1662660,636.8316237437175
1663661,660.0080095761881
1664662,639.6984100549722
1665663,667.2565319971513
1666664,625.897030343465
1667665,622.0907006973154
1668666,619.6172496121458
1669667,672.4998792323961
1670668,658.5853754033008
1671669,697.4186245011582
1672670,707.1705148637449
1673671,681.8290220039036
1674672,661.0721660268922
1675673,649.8226917724727
1676674,637.5860490608459
1677675,689.7261366009839
1678676,702.8121469127666
1679677,625.4965323626138
1680678,672.3509769105291
1681679,640.3408937549166
1682680,603.8008141696158
1683681,643.4390450044422
1684682,638.6526073151815
1685683,627.0469079923672
1686684,676.176575461603
1687685,641.1891414477675
1688686,668.7723685143244
1689687,193.22886797581353
1690688,633.1979479887409
1691689,673.4256988459197
1692690,673.2306979578811
1693691,677.934123521187
1694692,619.1606222806361
1695693,650.6888632331816
1696694,676.8013590745675
1697695,651.9933524318337
1698696,667.8261084558579
1699697,674.0143258954059
1700698,696.7570371132344
1701699,606.0323854300204
1702700,655.7814918887079
1703701,634.9812467665208
1704702,698.0570545361661
1705703,663.226520371725
1706704,624.5369478911854
1707705,673.2827823796731
1708706,638.5542745644168
1709707,678.4446167602249
1710708,663.5925739084189
1711709,644.4003017566507
1712710,684.9375602736054
1713711,636.7136699706376
1714712,688.196148322425
1715713,680.4683336262781
1716714,509.0422556214529
1717715,659.4332402181648
1718716,681.1155356422923
1719717,664.3446531078646
1720718,685.9728400854809
1721719,657.6459441064799
1722720,696.5538566000562
1723721,664.4597787299199
1724722,692.3085690612586
1725723,676.0392576007491
1726724,561.3758752929549
1727725,649.6456626409961
1728726,645.9588806741256
1729727,674.0015857416307
1730728,668.0806690843453
1731729,661.3160064891053
1732730,628.5329202798083
1733731,631.7280539655769
1734732,656.7011030353582
1735733,668.3090117329721
1736734,648.7739465228763
1737735,671.7546179708175
1738736,644.4322202398317
1739737,668.2209311343904
1740738,675.9370230067602
1741739,682.9269219666004
1742740,680.3837802925144
1743741,646.1076225228386
1744742,643.8989184741424
1745743,589.9740033005676
1746744,656.4696934196194
1747745,649.6738317092472
1748746,683.6823839617499
1749747,639.8737230872947
1750748,658.6524934235912
1751749,640.5962061442636
1752750,596.4160830178739
1753751,654.5242456199719
1754752,634.1499722034133
1755753,674.565657038254
1756754,676.3335039301908
1757755,693.2390736019697
1758756,710.3409722705098
1759757,619.4832617987327
1760758,672.5618187796314
1761759,681.3949895413263
1762760,661.6001201327914
1763761,644.576801530289
1764762,673.7719933119745
1765763,655.9863117881338
1766764,646.3594116616202
1767765,650.0500693730664
1768766,695.5112493568157
1769767,661.2356887010232
1770768,262.91465902921874
1771769,691.5051197370169
1772770,685.3650615484012
1773771,663.0935627922559
1774772,665.7852368531361
1775773,696.3397242297418
1776774,668.2727199595439
1777775,643.8726777491199
1778776,627.0151954987709
1779777,673.8455562558051
1780778,709.3499152027241
1781779,657.7597792629475
1782780,660.9140028343729
1783781,676.313279713948
1784782,685.4100915807635
1785783,674.5328268786952
1786784,692.231492245325
1787785,680.4176022425211
1788786,680.6305952284962
1789787,676.2174237247399
1790788,674.6252185781258
1791789,699.2646469218191
1792790,661.7399250402528
1793791,682.1169092995598
1794792,678.0935739969105
1795793,692.8739693352281
1796794,702.870962523555
1797795,682.223159342963
1798796,690.8229845317169
1799797,693.5904133183492
1800798,692.0260786771069
1801799,669.470033233437
1802800,646.5472475679354
1803801,682.3828878489431
1804802,686.4747539485764
1805803,661.4773959424529
1806804,680.7067869182956
1807805,626.0959738297325
1808806,575.9723298179538
1809807,615.5732267363056
1810808,670.871378535717
1811809,679.4212600728696
1812810,673.6096674101791
1813811,654.0068566519096
1814812,665.086663852088
1815813,672.1450147465002
1816814,688.9531887502249
1817815,691.8520026095337
1818816,666.2577314698885
1819817,618.3697949243624
1820818,530.3592467464064
1821819,648.6919907001803
1822820,614.1842838001771
1823821,686.0708763067212
1824822,698.6365466972455
1825823,691.0067215674717
1826824,681.9003992153979
1827825,701.3552207790888
1828826,666.0867645830537
1829827,667.9902355956829
1830828,672.2428186006031
1831829,694.6249665842458
1832830,683.6663544541536
1833831,681.9005486588956
1834832,646.7131655536882
1835833,688.5055611025235
1836834,692.4769934069033
1837835,696.3163370538894
1838836,537.6089412074718
1839837,679.731457318168
1840838,678.1816511514904
1841839,678.2393187351863
1842840,704.6196560166007
1843841,703.0788753860974
1844842,703.3966699836631
1845843,679.7356868200058
1846844,557.9846919645576
1847845,690.3717695845793
1848846,677.346544499489
1849847,661.2521871736941
1850848,460.6458112117286
1851849,691.6661882572427
1852850,687.057653356594
1853851,675.7822865478494
1854852,671.7318847180265
1855853,689.7152790209033
1856854,698.8959389868633
1857855,686.4764959397273
1858856,677.4563332507479
1859857,695.0808552066771
1860858,707.7626034107909
1861859,707.8288110928478
1862860,704.0276549143939
1863861,675.8830923636657
1864862,679.8188439033737
1865863,703.2772366939367
1866864,684.0438550695931
1867865,683.7903259519343
1868866,674.6751409151432
1869867,669.3750991679591
1870868,699.3962758578342
1871869,532.5294837887187
1872870,676.1421309427484
1873871,531.1635148940907
1874872,669.6000668859791
1875873,574.3114986329705
1876874,691.8216254055441
1877875,685.1732320907843
1878876,685.4110535633946
1879877,661.7051569534575
1880878,690.4575951202855
1881879,679.3849352035052
1882880,646.227547554749
1883881,693.2008096430046
1884882,652.9396706244125
1885883,675.6813472011461
1886884,684.0287014480602
1887885,685.2097550249758
1888886,252.23979868216617
1889887,678.796738604751
1890888,678.3716614052324
1891889,676.8277551985071
1892890,682.4277813225285
1893891,685.8536778019654
1894892,691.4832667332254
1895893,694.0646254152492
1896894,666.0216047304652
1897895,685.6932880145774
1898896,660.7190141654478
1899897,687.3267945258865
1900898,685.6227813446316
1901899,625.9582746397999
1902900,663.5689071191366
1903901,665.4593544019078
1904902,665.8204462385776
1905903,697.8428808551095
1906904,605.6326981659644
1907905,680.7726126012832
1908906,677.3681158626277
1909907,648.7442850977876
1910908,495.6271309833409
1911909,636.186822506702
1912910,686.6262505790411
1913911,688.2323896327036
1914912,627.643653441489
1915913,673.6974149350028
1916914,672.8660199472865
1917915,663.2155365371283
1918916,657.1923958401519
1919917,690.1453376639547
1920918,658.0289684547633
1921919,646.7138241403416
1922920,671.3704106550819
1923921,664.4644295975864
1924922,654.3493983828204
1925923,632.48697380657
1926924,618.4650664811907
1927925,653.6881338845163
1928926,687.0526147644846
1929927,649.761039919875
1930928,689.2437939012933
1931929,646.6055397348996
1932930,672.0742660154756
1933931,644.664627390525
1934932,664.4375881195969
1935933,664.5464986681658
1936934,291.17271037687715
1937935,675.2337403578222
1938936,657.4897582889298
1939937,692.514899046809
1940938,668.6961485108444
1941939,657.0815089471809
1942940,694.607050686392
1943941,672.5112803315301
1944942,690.731272897637
1945943,692.1256863160347
1946944,687.8784267884625
1947945,679.3461551792566
1948946,701.3041488699181
1949947,685.4282350889322
1950948,660.4297646107888
1951949,697.8507724090888
1952950,685.3115438784049
1953951,645.0525538238161
1954952,675.5325449161618
1955953,665.8925096448335
1956954,410.53117254094934
1957955,225.6159760787625
1958956,672.9843322091247
1959957,648.1064696602094
1960958,663.7787114600468
1961959,682.3456656002065
1962960,664.8748766464739
1963961,671.175341954732
1964962,349.0876783009568
1965963,683.5972388843462
1966964,693.9786951950343
1967965,695.3901111005806
1968966,674.5741476898704
1969967,674.8366105208335
1970968,663.9658843829076
1971969,669.7488231068402
1972970,697.621823701567
1973971,548.4785843748446
1974972,660.5111020202849
1975973,695.2331302244229
1976974,708.538585822378
1977975,681.385089059465
1978976,700.7474945906779
1979977,675.8194709746789
1980978,687.5832552543496
1981979,698.3509039334295
1982980,648.1600919454299
1983981,704.0703579360207
1984982,695.1185997730884
1985983,682.5961550531975
1986984,677.7642943878262
1987985,696.5491466321088
1988986,692.6108720523845
1989987,693.270133786514
1990988,688.7391275661304
1991989,710.5028594079571
1992990,687.3500449490108
1993991,704.545169757835
1994992,707.3089055096053
1995993,643.9776853413778
1996994,691.7861322745389
1997995,704.8916449193817
1998996,704.8092968018642
1999997,706.4189538274345
2000998,706.1846354500955
2001999,677.2143854532843
2003000,658.4162478202358
2004001,703.8526682605622
2005002,696.4023643677767
2006003,702.4425008077659
2007004,693.9627939402664
2008005,676.8327556595596
2009006,691.8601245520942
2010007,705.0132366143115
2011008,707.246663485155
2012009,697.2745221703491
2013010,708.0129116463976
2014011,684.7654290903607
2015012,696.7843631862413
2016013,699.1510783975181
2017014,696.8097537263831
2018015,689.053977683143
2019016,696.8446222657666
2020017,687.854322075514
2021018,696.0662688330083
2022019,676.8908369963951
2023020,691.9165003630204
2024021,666.001805867054
2025022,690.2123097698583
2026023,696.6786979399418
2027024,662.2214323870459
2028025,671.340907698234
2029026,692.1257007329635
2030027,697.6943699918119
2031028,676.9238049081275
2032029,544.6519851268432
2033030,685.6216406694384
2034031,679.7979089454103
2035032,696.4906708588858
2036033,687.9273023448238
2037034,707.4168016144231
2038035,569.9290251113396
2039036,697.2603302194566
2040037,693.5566619894164
2041038,660.9819622846603
2042039,689.5045565925723
2043040,699.9647094157648
2044041,700.6179554501092
2045042,702.2260467537387
2046043,694.9377190406437
2047044,689.4899232875387
2048045,683.297995275586
2049046,689.8802639226232
2050047,696.2705101527954
2051048,700.1021340913403
2052049,678.1075006451628
2053050,678.5869391415781
2054051,691.7323038733597
2055052,676.7917371268358
2056053,693.4462137348775
2057054,695.4893167520521
2058055,692.1000943607371
2059056,691.4888601145824
2060057,690.8608033386703
2061058,697.4165653782806
2062059,683.3351845900094
2063060,674.4231609800332
2064061,698.9906469152111
2065062,696.808301467209
2066063,680.2657702925508
2067064,671.3002438367365
2068065,702.1403039435346
2069066,698.0519797870435
2070067,698.5570629046543
2071068,690.8352800730501
2072069,672.2685151763142
2073070,696.6465061083812
2074071,689.2115407718651
2075072,696.3617457083424
2076073,689.4734842456436
2077074,665.952810838177
2078075,212.89433406856025
2079076,687.480127011326
2080077,688.809840946419
2081078,687.3655077572539
2082079,663.3965884680853
2083080,667.3924962993567
2084081,686.439930212368
2085082,681.8318278652906
2086083,689.5090826059699
2087084,673.7968544762639
2088085,686.6432015021471
2089086,657.5024763629642
2090087,681.532075551881
2091088,674.743238944431
2092089,680.240437541271
2093090,654.1919396156734
2094091,690.4121039647858
2095092,661.3486634302624
2096093,680.4961561209509
2097094,655.9050247116005
2098095,236.64679354279022
2099096,684.8769230525161
2100097,680.4327639841063
2101098,653.7726108633038
2102099,695.954353776804
2103100,659.8771067375947
2104101,647.8882434041162
2105102,685.3947797038206
2106103,601.7465475269252
2107104,668.5189809067057
2108105,413.4075041197938
2109106,683.4956625888531
2110107,238.66891123285885
2111108,679.7141768398719
2112109,672.4985663371996
2113110,699.0446335598947
2114111,698.6319220631835
2115112,668.4100901611079
2116113,684.0572946859813
2117114,667.1389248734743
2118115,679.1580949387376
2119116,696.0308645078234
2120117,697.4393697642062
2121118,693.6980987491182
2122119,698.8750066639611
2123120,610.4594811081489
2124121,693.8910788823639
2125122,676.5716643374524
2126123,674.3322796293303
2127124,679.6583932506165
2128125,669.011331445331
2129126,694.8288292083233
2130127,677.0509696241672
2131128,671.857560269931
2132129,666.5507269094749
2133130,689.4037406995399
2134131,679.8216449935431
2135132,668.5753646553321
2136133,660.1901456740056
2137134,667.1345822770329
2138135,658.1601286109203
2139136,675.4499889433854
2140137,676.1911830104453
2141138,671.1512418733087
2142139,675.4843860041434
2143140,676.1815180023845
2144141,565.9954570155704
2145142,656.1046306118585
2146143,674.6316959941046
2147144,211.8281471503069
2148145,679.7369487663906
2149146,661.7747760764785
2150147,690.0026449734573
2151148,676.3520129725749
2152149,595.0245290482715
2153150,672.9207478352716
2154151,666.1900855278695
2155152,688.3455747516932
2156153,681.2270029634229
2157154,668.2270574419143
2158155,674.3076331040288
2159156,686.7204519683019
2160157,682.7203575614661
2161158,588.5150921691168
2162159,678.2797998883747
2163160,681.0428170959117
2164161,659.7506867784895
2165162,677.92797354785
2166163,694.6933352835647
2167164,231.10521516599076
2168165,675.9592233579663
2169166,678.0145971661422
2170167,697.2096135946023
2171168,685.0068613606262
2172169,408.7556548535595
2173170,297.52849126140455
2174171,678.7112758737578
2175172,687.4822574995186
2176173,674.8973431246815
2177174,689.8475639122506
2178175,680.1662989230954
2179176,691.9627806181172
2180177,659.5238317065255
2181178,690.3343859101581
2182179,681.1117384637939
2183180,692.3377691004316
2184181,690.5185367507236
2185182,686.7767581276992
2186183,696.5859805667998
2187184,687.8517486420932
2188185,695.6344499696455
2189186,688.335890912873
2190187,692.9171571172016
2191188,680.8406949876866
2192189,605.3915815974616
2193190,694.279877114538
2194191,691.6573663137702
2195192,692.2499139161034
2196193,690.6189204524109
2197194,692.114502771345
2198195,671.0965940332521
2199196,699.1194972649288
2200197,697.9120024248576
2201198,225.87436038553193
2202199,668.0378440140385
2203200,688.6344070339238
2204201,700.8897453055963
2205202,705.7602840041017
2206203,706.278335501773
2207204,669.7123060079592
2208205,704.179362624901
2209206,704.0417207945183
2210207,701.9846529257428
2211208,699.1127069040333
2212209,683.6127346667757
2213210,698.5394555627372
2214211,701.1982194386447
2215212,682.2010624384793
2216213,691.3109373708618
2217214,689.0978314969459
2218215,644.0875308349677
2219216,213.24948308442885
2220217,654.2951731892863
2221218,637.8343809754983
2222219,698.5149003014792
2223220,675.9247410970377
2224221,707.1659131729032
2225222,696.386928301434
2226223,691.3238388997581
2227224,650.4338107922856
2228225,694.3044535676833
2229226,692.5568156775629
2230227,528.7525675711171
2231228,685.9957530006853
2232229,684.3788721650035
2233230,667.9403563208871
2234231,617.102288751849
2235232,672.6337650041661
2236233,676.2211595946951
2237234,636.2701746357878
2238235,679.5178611427713
2239236,682.5733671854173
2240237,701.5078165098854
2241238,655.105638592264
2242239,701.2336257478141
2243240,669.768678237945
2244241,700.4091421764379
2245242,676.2408911083833
2246243,705.0471842800254
2247244,641.3379576195164
2248245,670.2240682501814
2249246,684.8940806246103
2250247,676.2971014077151
2251248,681.4791074748138
2252249,675.5246558837594
2253250,695.8873415814091
2254251,682.0182323970298
2255252,704.6069007183943
2256253,673.0060849291706
2257254,689.5846303524711
2258255,686.793229561296
2259256,676.6093938911328
2260257,661.7266701383245
2261258,690.2360863828727
2262259,694.300569767218
2263260,684.7847186951727
2264261,690.9113846848987
2265262,651.2499667476139
2266263,686.6534239155683
2267264,671.1723544742612
2268265,694.4722779823098
2269266,688.3498633487801
2270267,223.20669883505104
2271268,684.1384949821752
2272269,693.4995842543109
2273270,679.3739761714439
2274271,681.3323414654596
2275272,683.4082602537922
2276273,672.1541258261354
2277274,229.4702042663794
2278275,682.0669198783896
2279276,678.0865165562188
2280277,649.4452958081113
2281278,627.9759338516644
2282279,682.7469100267275
2283280,683.1476848695924
2284281,643.9321655998434
2285282,640.7644639941851
2286283,674.832863984469
2287284,672.2123711068916
2288285,651.8522942855336
2289286,679.4452384436383
2290287,241.01807663509678
2291288,697.2856990512491
2292289,651.755116516666
2293290,680.4244255906327
2294291,680.0141994970523
2295292,569.5905749106074
2296293,609.9715719564043
2297294,655.2789644035439
2298295,688.3998668331614
2299296,599.1007131956823
2300297,644.0387735404598
2301298,643.819460142559
2302299,210.5971248326067
2303300,481.95508044601064
2304301,244.3796058948661
2305302,653.7193813296593
2306303,599.7169726014706
2307304,684.7651566339191
2308305,687.5582299353317
2309306,681.6124598405626
2310307,678.6947013482068
2311308,630.6148260647103
2312309,570.1061344325148
2313310,614.1542482496994
2314311,648.3740449065143
2315312,621.0868771337256
2316313,629.5214376900833
2317314,679.8125622748643
2318315,636.0040809650369
2319316,632.7046616904748
2320317,633.1538886223759
2321318,578.1596150936749
2322319,663.0682829715315
2323320,595.0706343321913
2324321,604.285068626042
2325322,616.4447936240625
2326323,653.7749683249331
2327324,635.5143091237328
2328325,664.0705474289209
2329326,596.9320143188377
2330327,626.4163072463114
2331328,663.6166371307409
2332329,637.5005430812972
2333330,608.148893728275
2334331,641.5224664137621
2335332,689.8751536313861
2336333,649.7934316328555
2337334,631.6424366104696
2338335,638.7461908702837
2339336,662.3533402579957
2340337,630.799828379445
2341338,642.4071505170978
2342339,633.5793132119888
2343340,647.0957085499465
2344341,678.5783343136604
2345342,650.5948357930046
2346343,655.8077057737512
2347344,649.0202330030777
2348345,661.591918753983
2349346,631.9976967266642
2350347,676.9251779621407
2351348,636.0940186776742
2352349,637.77977131772
2353350,687.2446353977767
2354351,644.3533072562749
2355352,670.3321154951841
2356353,682.4763016059737
2357354,651.5299090479074
2358355,661.0039458224643
2359356,674.2470690736192
2360357,685.5542233715881
2361358,678.6030421739811
2362359,678.2555700842162
2363360,683.8013365217921
2364361,682.3265546440484
2365362,682.323591212936
2366363,652.8883750845775
2367364,665.586786388319
2368365,681.7553574718297
2369366,685.2462632761633
2370367,668.9543393642816
2371368,682.3258408519401
2372369,665.3684939452542
2373370,676.7938221159525
2374371,680.5880929768714
2375372,674.8503378012866
2376373,680.691670663484
2377374,689.4798694253695
2378375,691.484762925344
2379376,688.5598131402031
2380377,680.8899843489188
2381378,687.2909993694617
2382379,679.0253232415263
2383380,683.5434996096334
2384381,672.5814227697472
2385382,681.3722748562608
2386383,681.4603919632017
2387384,689.2444963735775
2388385,676.4725446542147
2389386,676.726257527577
2390387,695.3427816258113
2391388,695.3671790740311
2392389,695.9876831906575
2393390,699.5313109428405
2394391,697.7868101509547
2395392,689.6799008900567
2396393,681.9071309749572
2397394,682.3552898268596
2398395,703.2236885629233
2399396,701.5799546812295
2400397,703.5989990415036
2401398,704.9112480965628
2402399,693.8211934166297
2403400,681.8235455494806
2404401,692.9586108640264
2405402,694.4930708723962
2406403,699.1311065422663
2407404,699.3416197003789
2408405,700.1242241312416
2409406,678.9745712284156
2410407,704.117304969667
2411408,693.7290250273412
2412409,696.9241173217379
2413410,698.0485102689757
2414411,707.3485593695461
2415412,697.0833673015587
2416413,672.5202563257228
2417414,684.0143177232253
2418415,697.093291373323
2419416,683.5778462789843
2420417,662.8303581955217
2421418,662.5451116819388
2422419,677.8459784869893
2423420,684.3670367283933
2424421,687.529889087399
2425422,687.0886607822415
2426423,698.7758205949851
2427424,698.4703310978141
2428425,688.1194890476243
2429426,686.777422075819
2430427,686.6704221053053
2431428,689.3774403275552
2432429,683.7584140363764
2433430,654.741097204183
2434431,694.5072483495835
2435432,696.3232645831376
2436433,696.2623885199823
2437434,654.2730182821554
2438435,691.634090013858
2439436,683.8788177311171
2440437,699.6379675853185
2441438,697.0118601827606
2442439,686.1423485495969
2443440,696.2396134912875
2444441,676.894836124818
2445442,696.2500378996567
2446443,686.1272162804077
2447444,697.6579616460834
2448445,681.2896801988255
2449446,685.9156053384304
2450447,695.3903391384434
2451448,679.8321951399749
2452449,697.6261330983722
2453450,701.1780170853993
2454451,692.1130103914152
2455452,698.8018820187852
2456453,680.2158875728647
2457454,696.7666278213571
2458455,633.0358985852413
2459456,704.6466728644299
2460457,698.5351070530096
2461458,648.2412161795414
2462459,689.9989222492799
2463460,704.9012780766458
2464461,690.0350278928441
2465462,694.5149125914663
2466463,702.2477605105433
2467464,693.3846535894876
2468465,699.1632898000364
2469466,694.2149039245601
2470467,694.7627800645644
2471468,696.0976800360735
2472469,237.9932524361557
2473470,687.9701928887561
2474471,697.2654372791269
2475472,682.4475313206741
2476473,698.7758118584813
2477474,673.6430435478377
2478475,704.535351252456
2479476,691.9651165410661
2480477,702.7596212926366
2481478,689.5493964228259
2482479,668.6541091915012
2483480,682.441855798036
2484481,695.2248504975441
2485482,682.8168212634946
2486483,694.9305445285903
2487484,691.1951171259898
2488485,701.6608606760818
2489486,660.410714422077
2490487,695.5960758471385
2491488,643.623060964518
2492489,680.1522169160959
2493490,687.8020013705259
2494491,686.4068076395882
2495492,691.029169322586
2496493,689.0639377318728
2497494,692.1960931413887
2498495,685.9848353828872
2499496,692.2755937420936
2500497,683.2070230658783
2501498,697.594646111884
2502499,668.2908770231475
2503500,690.5143930638368
2504501,700.6089587743662
2505502,681.4844312808794
2506503,690.8655368499989
2507504,697.5686129522679
2508505,663.9418711670262
2509506,173.18817015234595
2510507,688.247261354256
2511508,686.3592884792367
2512509,700.7727785708673
2513510,670.2221371500768
2514511,699.5851389009462
2515512,664.7437671324958
2516513,684.8026680352215
2517514,695.4399801137257
2518515,694.8548325605449
2519516,689.1404139751655
2520517,695.7771093480881
2521518,689.5967323695967
2522519,505.6104603070617
2523520,205.62647042432724
2524521,673.2914068229086
2525522,691.9509504267443
2526523,677.5539976316738
2527524,692.1900322409016
2528525,688.1199501319308
2529526,687.8681227202968
2530527,691.9137772958703
2531528,681.9494729743236
2532529,614.292809035181
2533530,667.7734240551243
2534531,661.3904992523483
2535532,671.722303005741
2536533,671.5809187476877
2537534,185.41277731224972
2538535,681.7730777112455
2539536,675.4540287996479
2540537,674.3838293925605
2541538,663.904287269726
2542539,673.3530773662428
2543540,649.8328264528673
2544541,629.4365643689157
2545542,683.3268714186843
2546543,658.4753097217671
2547544,655.2944524675881
2548545,649.7100207548383
2549546,641.3151256986977
2550547,631.9362838244407
2551548,681.615749130625
2552549,673.4811819014922
2553550,674.6580340310782
2554551,663.5551405034034
2555552,679.6293507971244
2556553,681.4384884719907
2557554,653.1235959838775
2558555,607.135692332417
2559556,684.4806026437637
2560557,677.2817667788682
2561558,664.8666130818664
2562559,654.2873275634076
2563560,624.8121437781641
2564561,643.4704080711739
2565562,660.9458343616004
2566563,684.5897285813979
2567564,590.2531822870704
2568565,624.8472050887299
2569566,633.6426613298484
2570567,650.6096366405245
2571568,664.7416625786178
2572569,642.0151201842395
2573570,674.11623635736
2574571,550.937334139431
2575572,701.9118360129438
2576573,641.7100631160183
2577574,693.0260658618442
2578575,700.2623337661369
2579576,694.735425166242
2580577,694.5532160783343
2581578,697.9014846925503
2582579,691.957131967753
2583580,682.4810378946189
2584581,693.8960575237182
2585582,471.0437876360208
2586583,689.9421747850297
2587584,690.5102560183695
2588585,706.6815718500081
2589586,668.7506412583606
2590587,705.1497654313836
2591588,487.0721900065388
2592589,704.5109332207736
2593590,703.7873714104945
2594591,703.0146855229759
2595592,489.2383323462282
2596593,379.66773323220104
2597594,705.5023696820962
2598595,703.9662744955859
2599596,704.8391956886805
2600597,704.3478496295381
2601598,703.6908308945501
2602599,699.7375538277951
2603600,701.4103925158419
2604601,694.9620145693632
2605602,690.3976913884928
2606603,658.7892420271111
2607604,704.4455094615016
2608605,692.097253774465
2609606,705.6161596097257
2610607,700.356825480724
2611608,683.6085640012565
2612609,695.3816478546247
2613610,703.811775220295
2614611,684.1791814426525
2615612,699.7954283931006
2616613,700.9221271876747
2617614,673.8957936877378
2618615,701.0187630522657
2619616,696.5788763921347
2620617,702.9947473188613
2621618,698.1232637347077
2622619,637.0795750967131
2623620,687.9458079582707
2624621,694.4392478814904
2625622,706.7134602962801
2626623,689.3922383202366
2627624,685.0733677135192
2628625,683.028497426648
2629626,697.0087151244396
2630627,701.7806420792335
2631628,697.4414946553915
2632629,699.8449343898966
2633630,695.3620173252049
2634631,701.7348326304271
2635632,702.6161296264789
2636633,702.1554045828979
2637634,698.8874832104776
2638635,699.6620338701073
2639636,696.9255850391811
2640637,697.8190073932175
2641638,693.7040239695856
2642639,703.7367754679185
2643640,676.5925236720714
2644641,695.9556079268904
2645642,698.5723077944862
2646643,697.2315824304076
2647644,692.088713189411
2648645,701.4324766946196
2649646,697.3197414887971
2650647,703.1070293346544
2651648,704.2130547263858
2652649,700.7735013928648
2653650,698.6858062415031
2654651,701.8212403857762
2655652,690.1729870220325
2656653,698.1443004864867
2657654,690.5523309759195
2658655,696.4313224461943
2659656,702.600028857534
2660657,695.4469902616198
2661658,694.6889667001418
2662659,704.2942770693272
2663660,702.6662233516344
2664661,700.2359962486881
2665662,693.4780750600427
2666663,691.2818080884718
2667664,641.4001626119901
2668665,693.8108443244275
2669666,698.5802364528885
2670667,700.4473675528017
2671668,700.2397885366155
2672669,608.162061348645
2673670,675.388381546468
2674671,665.5230899116494
2675672,656.3664611308777
2676673,670.0460644486224
2677674,623.5602303870951
2678675,694.5588815858345
2679676,690.6095894421891
2680677,582.7357717751404
2681678,637.2720501867303
2682679,691.5735784032994
2683680,686.4481439760505
2684681,223.2186256474649
2685682,656.1186848630136
2686683,655.6301353304416
2687684,682.2859577540881
2688685,695.321787473177
2689686,216.51416366099613
2690687,674.1415575937186
2691688,686.080629151682
2692689,677.4230765923568
2693690,681.5304787778645
2694691,692.9946338066425
2695692,688.7201316700864
2696693,696.093033347669
2697694,674.5167325111864
2698695,693.2925547038558
2699696,687.5761595843933
2700697,686.8693834918821
2701698,684.9846351411128
2702699,682.9888773569721
2703700,690.1427337667975
2704701,679.7169540025907
2705702,681.5002742951397
2706703,685.0150974113129
2707704,692.2649621849313
2708705,673.963151515607
2709706,682.3786336688283
2710707,643.86598552876
2711708,678.7131742808456
2712709,681.5486210113976
2713710,690.9180451984932
2714711,688.0728659100315
2715712,689.0425406871955
2716713,684.4791514487023
2717714,691.5605731605984
2718715,694.1761331700296
2719716,680.665970095851
2720717,693.86057832766
2721718,689.8163917627343
2722719,672.9352155574536
2723720,691.147691085971
2724721,679.3480719992829
2725722,692.2471228483677
2726723,691.2353520588322
2727724,672.7837429714563
2728725,693.4333674580944
2729726,667.6263529740601
2730727,680.7464798422177
2731728,655.0758238644745
2732729,223.9203119351429
2733730,692.8996748501955
2734731,651.7023157289465
2735732,692.6734041093274
2736733,211.17209458702442
2737734,689.1065266233161
2738735,697.6273267379078
2739736,696.0376142090698
2740737,688.5815432161203
2741738,667.1381818637735
2742739,691.7050412526972
2743740,698.0001247125839
2744741,697.6375256141051
2745742,673.8003076054539
2746743,696.3019933423867
2747744,692.1293431956348
2748745,696.6351276183601
2749746,694.4530760653776
2750747,694.5907358342338
2751748,686.6474987467741
2752749,683.3115156297123
2753750,694.5463521101631
2754751,686.7599581494223
2755752,688.1971579132238
2756753,693.8421906830206
2757754,690.3018227972973
2758755,695.0731680107734
2759756,685.7992952260396
2760757,693.8536353071254
2761758,663.5703540901139
2762759,686.2750438413802
2763760,683.4691018332884
2764761,695.8911734078388
2765762,693.3717190637963
2766763,696.7345954239423
2767764,691.8918767367087
2768765,677.7454999496882
2769766,682.7860070625302
2770767,698.7398843732813
2771768,696.8870144774704
2772769,679.69077362267
2773770,680.7396979349269
2774771,682.9127820637923
2775772,688.2899558181432
2776773,674.971099074488
2777774,616.447605873774
2778775,683.7279132357019
2779776,685.7668959385649
2780777,700.5611268081482
2781778,697.7624968378942
2782779,688.0627873918606
2783780,687.8226704555406
2784781,685.8247218610733
2785782,690.7831142721329
2786783,699.1330397151717
2787784,670.7789100289854
2788785,699.1709456361177
2789786,696.2034174279511
2790787,690.2910323360384
2791788,696.1334085642515
2792789,691.8672903787539
2793790,696.5394977728267
2794791,672.0223323312729
2795792,686.3756429226162
2796793,703.4697350713867
2797794,664.9246942280303
2798795,697.276840904433
2799796,698.4995931388323
2800797,703.0345543510366
2801798,693.3071809077721
2802799,695.2974884964063
2803800,702.2160691576465
2804801,692.7408998697678
2805802,685.202782924513
2806803,696.1180307028675
2807804,691.9041252900422
2808805,704.3969000353165
2809806,689.8528298929144
2810807,692.3484867332542
2811808,695.6840136911281
2812809,692.9155845852755
2813810,699.7847263641289
2814811,694.6699343174288
2815812,697.7033070296636
2816813,690.4553556477471
2817814,699.4349820408439
2818815,688.2123013557165
2819816,699.4433161654784
2820817,698.5312806783012
2821818,662.1542174248444
2822819,348.2223261749745
2823820,701.0727118764154
2824821,687.8867437449005
2825822,694.5756458011789
2826823,702.3842700290234
2827824,697.4280989992484
2828825,384.0562189948494
2829826,699.8514529057773
2830827,699.4570223346726
2831828,693.6614370326097
2832829,702.0682699419466
2833830,703.6594781377796
2834831,694.6701603421035
2835832,692.3151724043842
2836833,702.6501848533889
2837834,695.6607202650832
2838835,691.0541906198026
2839836,703.3008588680259
2840837,695.1586338254967
2841838,226.54745254657794
2842839,691.1793868570309
2843840,687.4338481625714
2844841,695.5924960482033
2845842,691.733906739226
2846843,691.5897139953372
2847844,689.5361212388063
2848845,699.4202135097851
2849846,687.2830193995624
2850847,694.1683570141666
2851848,701.6898010378546
2852849,691.7485594652728
2853850,690.6049515830044
2854851,697.3011479059811
2855852,694.4088479947657
2856853,700.1318855248288
2857854,695.3545617807712
2858855,693.0378353302898
2859856,695.6973932251385
2860857,692.1100406522156
2861858,698.4924575338221
2862859,692.8905188471856
2863860,694.8813186196336
2864861,691.0551339859462
2865862,693.6346403788374
2866863,172.4413808848199
2867864,693.1794893718654
2868865,676.2922092958386
2869866,693.5174151900379
2870867,691.3223261385613
2871868,687.9238156223558
2872869,689.6292398916894
2873870,685.0602808577507
2874871,694.9188970374967
2875872,693.3486742142006
2876873,685.3970569097308
2877874,685.8239337515053
2878875,690.6173588056579
2879876,694.5040404724291
2880877,699.5629919649477
2881878,696.0985180697844
2882879,684.1162578492774
2883880,684.2899058198154
2884881,689.8670847436535
2885882,682.3226608514102
2886883,693.480805147584
2887884,650.2889787948121
2888885,692.5207452853581
2889886,692.4031645470666
2890887,575.2436640394247
2891888,684.2227670369914
2892889,687.4071387144575
2893890,692.0621440795486
2894891,688.4831000909611
2895892,686.8609642827829
2896893,685.5188480156226
2897894,489.6126779532932
2898895,685.4812573019566
2899896,693.2525032368194
2900897,688.5108950785935
2901898,682.1147381768376
2902899,685.9919117729337
2903900,696.3510665720019
2904901,692.9340889527201
2905902,686.6074021090195
2906903,693.5862385746988
2907904,686.2679186231525
2908905,693.7971268026015
2909906,688.0598669843105
2910907,690.5520760576711
2911908,674.4481830749586
2912909,245.6937392851963
2913910,693.6623042000604
2914911,545.728864085919
2915912,667.2518137415271
2916913,693.1650383836294
2917914,365.4101274749973
2918915,692.1378874871785
2919916,691.5026720692747
2920917,686.9206471666996
2921918,685.6744029851501
2922919,417.51476319008765
2923920,687.9266668304455
2924921,694.8632018491314
2925922,665.4071803260488
2926923,694.7388614300381
2927924,686.7563621474336
2928925,689.6667223138724
2929926,696.7531260748991
2930927,692.0115481055134
2931928,692.383075165587
2932929,676.4417924599453
2933930,674.5482405078683
2934931,697.3705780283966
2935932,696.5775150218243
2936933,686.3433339659879
2937934,693.0232975190452
2938935,685.2922479208156
2939936,219.5316039049763
2940937,699.3045797236339
2941938,691.2516201820509
2942939,686.9402180990176
2943940,689.6371085823343
2944941,675.8191225148436
2945942,696.0986340765718
2946943,681.7334326584883
2947944,694.3796505586639
2948945,250.73885353968635
2949946,691.3129068495798
2950947,697.9385525482303
2951948,692.187427583384
2952949,693.0533095663711
2953950,700.0505257032255
2954951,685.0039399172075
2955952,688.0920226475306
2956953,688.6520323046407
2957954,699.8692787807713
2958955,695.4279123000213
2959956,700.9086441291544
2960957,692.7381360027225
2961958,694.1543835368594
2962959,700.6847022665568
2963960,702.7927807741664
2964961,702.1942768792641
2965962,685.7615252323047
2966963,698.5344249946762
2967964,703.078537542393
2968965,692.8041410516721
2969966,686.7988090921132
2970967,697.1063206010624
2971968,700.3530625266095
2972969,694.4926309715024
2973970,703.8384082722616
2974971,697.3912121476585
2975972,702.222247334474
2976973,697.0489082414387
2977974,701.0222434733392
2978975,700.786226516196
2979976,703.0328852435805
2980977,679.5086174887474
2981978,700.6183313433072
2982979,699.770387144114
2983980,699.2072412043273
2984981,691.7451307369962
2985982,671.6299341286696
2986983,697.5362271560919
2987984,697.9882880396679
2988985,696.5807760355408
2989986,697.7610525280826
2990987,698.5188033204137
2991988,703.9437832225174
2992989,697.4204152877431
2993990,701.5315742688251
2994991,703.5124224616259
2995992,700.9582873585251
2996993,705.3026638653275
2997994,702.8385745655595
2998995,704.1327190355993
2999996,704.3993965389634
3000997,698.9713245296182
3001998,699.8148542864689
3002999,701.4516823839094
3004000,704.400335737753
3005001,700.3000722091218
3006002,697.8099889797941
3007003,681.0504795059657
3008004,699.3479783948744
3009005,704.7926339088955
3010006,699.5737229302794
3011007,694.7848006152318
3012008,692.7314959105825
3013009,666.4684665440269
3014010,699.9080766338045
3015011,706.1624877825117
3016012,707.2995135722322
3017013,692.4146982715735
3018014,707.1007805782629
3019015,703.1247810418314
3020016,704.7384921970778
3021017,703.1973887241535
3022018,686.6125207948243
3023019,700.7662905022274
3024020,708.2115119431572
3025021,707.8836755411395
3026022,702.394798746059
3027023,702.8129905209212
3028024,706.1880431098857
3029025,704.8558861001829
3030026,706.7454121886976
3031027,707.9217438367589
3032028,704.4117671097251
3033029,704.5141951761925
3034030,704.2146756112537
3035031,703.2394617224688
3036032,703.5510538146476
3037033,688.8474524985207
3038034,699.8507137681994
3039035,691.5537460360749
3040036,707.4646131290084
3041037,709.6832966547297
3042038,696.0050084579369
3043039,689.9455226854949
3044040,704.7387567558227
3045041,701.4101385017044
3046042,706.4600167720871
3047043,710.1904375143994
3048044,705.0946428824965
3049045,692.1267602434065
3050046,705.3218203165767
3051047,354.4743469809662
3052048,708.1783060321937
3053049,706.5711809686414
3054050,706.5078133998713
3055051,705.4999348491457
3056052,701.5145784616569
3057053,703.9009560221045
3058054,677.0709721832632
3059055,541.8605807662954
3060056,693.7160934351656
3061057,704.1168145603715
3062058,701.021803851679
3063059,704.7833441681371
3064060,695.4390446613551
3065061,705.6499112968231
3066062,706.9054379775749
3067063,705.7695833504436
3068064,705.6826686835516
3069065,704.7031622182444
3070066,705.7745151013619
3071067,705.9872300137546
3072068,698.0224927863227
3073069,706.1263868073227
3074070,262.731712778041
3075071,702.9252994178394
3076072,705.7168212536625
3077073,695.5498903356049
3078074,701.0171182391803
3079075,704.5870831677212
3080076,698.8741736539779
3081077,700.0506831714755
3082078,703.1819683011323
3083079,696.5066939304833
3084080,701.6446970710199
3085081,409.7765690531344
3086082,695.9836884711749
3087083,698.9808985088141
3088084,701.3458035021639
3089085,693.1297898656446
3090086,701.6958689735717
3091087,698.9065427307282
3092088,682.497996900671
3093089,698.1055789269756
3094090,699.942459422638
3095091,701.9524920135298
3096092,692.6387252158756
3097093,698.5125047989841
3098094,693.7835469730217
3099095,702.5992062714314
3100096,694.4110459127733
3101097,689.5177325859427
3102098,682.4023909347391
3103099,697.6314501442725
3104100,688.8565876857858
3105101,687.994551514944
3106102,701.2260529129394
3107103,700.2345055417615
3108104,659.6561754199305
3109105,705.2253181075132
3110106,692.836693727065
3111107,698.3657524299565
3112108,701.9185934538841
3113109,703.5385531340492
3114110,698.8997037162287
3115111,675.5971769475502
3116112,676.8269749629058
3117113,697.47468933601
3118114,696.6545235469589
3119115,701.9793149224357
3120116,698.7987723068655
3121117,677.595354844344
3122118,701.4432252848956
3123119,698.1858955378412
3124120,693.2348470176493
3125121,697.2950173869546
3126122,698.6445107802964
3127123,687.2695874896286
3128124,699.495559598086
3129125,699.5834143288403
3130126,699.4151762597163
3131127,679.5100658276941
3132128,691.7874716452724
3133129,701.5713687548653
3134130,704.3009365376811
3135131,694.8203337525299
3136132,691.8512671281368
3137133,697.1563242073687
3138134,697.5978788672353
3139135,697.1910837950356
3140136,694.3852157803323
3141137,695.7834121288142
3142138,679.7691719610243
3143139,699.807514258444
3144140,700.3467822328417
3145141,702.705521978625
3146142,676.7417051075707
3147143,661.4777246755189
3148144,688.092532871722
3149145,692.1045141352369
3150146,684.8708209326717
3151147,696.5983644682946
3152148,682.7074752126849
3153149,696.834734063693
3154150,676.2998498831098
3155151,700.0431066229651
3156152,691.5204388066091
3157153,691.2594013728567
3158154,689.7453115380408
3159155,671.610448084788
3160156,682.9562300206067
3161157,691.5724542732137
3162158,688.4369243761925
3163159,694.7129149959002
3164160,682.1222127657834
3165161,660.7268974832343
3166162,682.5518254304778
3167163,681.8693449722123
3168164,694.1238579960257
3169165,682.4642627074163
3170166,690.8101048107966
3171167,688.5031990272726
3172168,691.9950488536613
3173169,665.5245480179591
3174170,662.8555209963296
3175171,687.0133574870225
3176172,665.4864930729271
3177173,687.3321889643089
3178174,678.7665226636348
3179175,691.5672837835004
3180176,686.9249969403033
3181177,683.9693839565152
3182178,690.0184518559469
3183179,695.0320119640983
3184180,694.3027829961331
3185181,680.8098026421513
3186182,684.7696116026027
3187183,682.1040611139935
3188184,691.5889258532588
3189185,696.0809046372394
3190186,694.1882669548324
3191187,692.9337325753412
3192188,693.3423902637685
3193189,692.3352628834449
3194190,685.4944872550125
3195191,702.5965308780783
3196192,685.9447229396679
3197193,648.3033126938327
3198194,692.8325268079428
3199195,703.3555468896094
3200196,651.7119355981661
3201197,691.8753614239812
3202198,690.3651391495652
3203199,699.1655463147765
3204200,705.533881588334
3205201,696.7274855848483
3206202,702.658620171334
3207203,670.1674069729413
3208204,696.8670851335579
3209205,691.6764044994345
3210206,699.0004640141916
3211207,698.01494185447
3212208,690.857347328764
3213209,687.0204319126889
3214210,701.3227082137289
3215211,700.4775705941584
3216212,697.1415875110006
3217213,703.6081517711431
3218214,695.0975329040709
3219215,698.2897417324904
3220216,696.5990512009773
3221217,695.6822590338375
3222218,701.6515997940709
3223219,678.1276196107715
3224220,692.3107981288027
3225221,700.8741637334787
3226222,701.782325767432
3227223,690.5372443220787
3228224,681.3467615353229
3229225,692.9880925628701
3230226,693.7890722573484
3231227,698.9265042968116
3232228,703.3497492810511
3233229,698.3341425122369
3234230,679.4306404028887
3235231,691.7058792831085
3236232,700.5386894562945
3237233,697.3158121870614
3238234,685.2477008238183
3239235,687.5192970427015
3240236,628.1221746649499
3241237,698.8089960368758
3242238,698.8896497655467
3243239,689.1354894408846
3244240,693.8119238732858
3245241,686.3131374256515
3246242,696.1792413504177
3247243,699.9095568102339
3248244,688.070388467062
3249245,310.8748157274414
3250246,701.0691198718717
3251247,673.5437569557804
3252248,696.055085374554
3253249,694.8901825824499
3254250,697.005274313866
3255251,688.9911638252215
3256252,696.8000991927648
3257253,693.0066232355043
3258254,694.2966709761338
3259255,690.6792812995366
3260256,677.2453987473957
3261257,697.6267874686179
3262258,695.4383057575104
3263259,674.5538374856396
3264260,699.1652622848912
3265261,689.8948696630789
3266262,693.1617989601464
3267263,691.6379388847056
3268264,691.2338533291247
3269265,699.6575579447369
3270266,672.074546894481
3271267,694.7545740072749
3272268,684.3930450329397
3273269,693.185881208066
3274270,696.3383319203741
3275271,679.749162627697
3276272,670.6183305766039
3277273,695.1246207892067
3278274,687.57034996022
3279275,693.949362166412
3280276,639.1238795295607
3281277,681.9509573961215
3282278,683.0179498719422
3283279,693.7256649173736
3284280,692.3641426339912
3285281,693.4413948216707
3286282,693.8905300989389
3287283,697.1376899267409
3288284,695.9640385423954
3289285,699.2591753358112
3290286,702.2470053766532
3291287,366.96375908684075
3292288,698.0068995166056
3293289,688.1705497879764
3294290,699.7090962731631
3295291,701.7358760421669
3296292,705.8198301093836
3297293,692.3522740780992
3298294,518.2835134030753
3299295,575.8161170292559
3300296,689.7285238920485
3301297,692.2309115582968
3302298,691.465057366094
3303299,698.0144988202896
3304300,691.128223941188
3305301,692.1177504073058
3306302,673.8607701858946
3307303,681.2736254845574
3308304,677.864903166822
3309305,308.9412562681309
3310306,703.1696006938186
3311307,692.222993158059
3312308,689.0368071892788
3313309,681.5071850731779
3314310,696.2611709058443
3315311,673.2646228333405
3316312,695.1399703215881
3317313,702.8437886574599
3318314,698.5278741446973
3319315,697.3601374745882
3320316,565.8399311810451
3321317,660.6069825398982
3322318,700.8476693786869
3323319,667.5752437830938
3324320,700.4038159718602
3325321,691.5035537651604
3326322,683.8919915038111
3327323,687.6433160552824
3328324,690.1896121213753
3329325,698.787597759664
3330326,701.9567010033657
3331327,686.0541073420749
3332328,695.5284088553833
3333329,689.6782199347645
3334330,688.9871016573896
3335331,691.2856290646308
3336332,688.2635254430004
3337333,685.8057097351027
3338334,686.1018510288148
3339335,700.7028995089671
3340336,695.0725564613931
3341337,677.1795823214276
3342338,697.5170614213419
3343339,696.3695582832913
3344340,681.7527975779894
3345341,687.5727339064389
3346342,681.8692885317336
3347343,692.2931010475137
3348344,590.7812423065483
3349345,681.585057807806
3350346,702.1900973359534
3351347,687.0410003915397
3352348,696.9750746387792
3353349,701.2664032086855
3354350,703.0620460882355
3355351,696.4945098110445
3356352,699.4141453811866
3357353,696.9346276662437
3358354,696.7360598564281
3359355,692.9811079423863
3360356,702.423365584173
3361357,698.8311343582609
3362358,689.4589076627301
3363359,705.2278758195733
3364360,701.9488669926625
3365361,703.5344895286665
3366362,697.6105782226778
3367363,701.8439547633911
3368364,671.7247707807143
3369365,691.5312116140053
3370366,698.5364279044394
3371367,692.6861109783617
3372368,692.675126012895
3373369,693.4810931221257
3374370,697.4401814395835
3375371,691.4321251063432
3376372,690.4016893945841
3377373,689.0365939988736
3378374,697.3307786778845
3379375,693.3300342220192
3380376,694.5118564750121
3381377,696.3388412826032
3382378,682.5646782681724
3383379,688.8337441988625
3384380,702.6757157659431
3385381,701.6390290613349
3386382,676.1005909230732
3387383,675.0622469671368
3388384,700.2059808321472
3389385,699.3563801435263
3390386,703.7009596043134
3391387,692.2496651751302
3392388,696.9145920827971
3393389,691.9711592449753
3394390,704.9169424260247
3395391,701.5847129981502
3396392,684.7974729197128
3397393,696.3469208196468
3398394,700.6768525206951
3399395,703.0130363190855
3400396,695.2527788677507
3401397,694.6386058566944
3402398,701.2735667036702
3403399,237.74053795231524
3404400,696.528992050732
3405401,699.5026310710477
3406402,701.3904248942576
3407403,698.530707812501
3408404,213.12475582623796
3409405,686.0752264831694
3410406,699.8106523208728
3411407,700.5576366552114
3412408,700.8783413736627
3413409,686.6026583752157
3414410,697.8560300063772
3415411,700.7821994085289
3416412,698.167575397505
3417413,700.2312965321182
3418414,699.9106513217998
3419415,699.0790867891492
3420416,699.1668271015039
3421417,695.6136543618012
3422418,689.9251804288772
3423419,665.0673799820524
3424420,698.4934427786665
3425421,463.0066456664088
3426422,698.6779360410098
3427423,696.4887599787464
3428424,699.2279538352115
3429425,697.3761695810754
3430426,682.3675771045704
3431427,696.6153519412095
3432428,702.4555426230897
3433429,694.0109386832819
3434430,701.1875116349825
3435431,695.8958101867948
3436432,690.8683964480931
3437433,649.2693103310364
3438434,705.4392287292175
3439435,698.7494710103639
3440436,693.9975580079977
3441437,699.0845489890514
3442438,696.5510259000469
3443439,683.3827032008601
3444440,700.1203491263386
3445441,699.8626836142711
3446442,650.7709405656481
3447443,698.3316617543994
3448444,700.6911111531415
3449445,698.2970326668144
3450446,690.9499475666802
3451447,698.5056670758477
3452448,699.7051718207233
3453449,686.3907277360939
3454450,700.8657889442575
3455451,694.1818295015927
3456452,703.3796064835976
3457453,691.8707853404125
3458454,688.4263582993467
3459455,701.9273772952281
3460456,696.1834792765304
3461457,696.9202328549837
3462458,698.9603772233902
3463459,682.1556607831807
3464460,676.4403149152677
3465461,692.7769612154134
3466462,705.8807699540862
3467463,692.849572985386
3468464,586.2137657724694
3469465,542.8461998142213
3470466,688.5331904661714
3471467,697.8953298659497
3472468,696.0790675752468
3473469,694.3189667163487
3474470,703.1205333583184
3475471,696.8704111097586
3476472,695.2395478630958
3477473,644.9352806375455
3478474,701.942852072473
3479475,683.4411010422158
3480476,702.0979957647602
3481477,695.6956497240689
3482478,704.8588635672312
3483479,701.3689034287936
3484480,701.8554290425759
3485481,695.8704203060156
3486482,707.1731243185432
3487483,581.1595290616114
3488484,697.45944168462
3489485,695.6312258370486
3490486,693.7393028462271
3491487,706.662857644145
3492488,698.4611813909504
3493489,692.3264970868972
3494490,698.8323296649286
3495491,693.948804888517
3496492,705.8782201833536
3497493,665.7880077021874
3498494,703.8779733825809
3499495,699.3659189650656
3500496,704.2915883231905
3501497,703.3765054387533
3502498,704.6068690288689
3503499,242.70233428983218
3504500,705.7904249367716
3505501,703.5348046430046
3506502,707.3372045425106
3507503,703.3782529406266
3508504,701.5099502501839
3509505,705.491190840964
3510506,708.754748009592
3511507,700.6246768936755
3512508,704.5179660191258
3513509,698.6863436861239
3514510,687.198041301588
3515511,696.9053528876311
3516512,701.0860067243118
3517513,701.052628201137
3518514,700.2931667408941
3519515,696.6547083863117
3520516,701.7239234217741
3521517,702.8416518016592
3522518,702.2327073170944
3523519,684.0444002393822
3524520,703.3142440437543
3525521,697.6784204122188
3526522,703.1660707406127
3527523,702.7358121455727
3528524,696.7064386161385
3529525,703.6999351711041
3530526,700.0713875769651
3531527,696.7799999996267
3532528,698.4662942833892
3533529,216.39908532119776
3534530,699.9199090496015
3535531,704.3128326950915
3536532,702.5276535908365
3537533,674.2272560475202
3538534,693.0691811412638
3539535,689.1287122118744
3540536,691.9732303896327
3541537,694.576720880509
3542538,703.2936908729198
3543539,705.6378309321686
3544540,697.7002200402229
3545541,704.3771274689811
3546542,702.5563372018863
3547543,181.84463700182002
3548544,699.8906149068561
3549545,700.0769413743751
3550546,694.9388029209138
3551547,699.0509778936033
3552548,700.2628134313196
3553549,700.2277252968177
3554550,702.1090082061165
3555551,696.7748447104045
3556552,681.9924447483203
3557553,695.5045267613463
3558554,697.3036841586489
3559555,681.5956032639062
3560556,682.0020787188199
3561557,691.2250900129792
3562558,693.7588011292481
3563559,694.4626398981375
3564560,694.5417167319567
3565561,684.5253080273459
3566562,691.7442556479047
3567563,604.4298463988415
3568564,695.3858755912952
3569565,677.9991574560069
3570566,696.7069295936676
3571567,676.8264504971409
3572568,690.6869728029667
3573569,690.2924897407827
3574570,690.229349178875
3575571,271.84143561419165
3576572,690.0980969517262
3577573,699.2807284022712
3578574,684.0828332781898
3579575,663.6110391572623
3580576,687.6152883345427
3581577,688.2015090272652
3582578,694.1413026685033
3583579,655.7582699966795
3584580,646.4596620939095
3585581,670.2288063653239
3586582,669.2641422662207
3587583,535.917385972956
3588584,665.8589066504455
3589585,688.2492611425178
3590586,691.4973916626775
3591587,683.1318825390808
3592588,658.2803512864925
3593589,684.63929994698
3594590,678.3534604501425
3595591,673.0819374853539
3596592,688.0733692392813
3597593,672.7498787198182
3598594,672.8719769090188
3599595,680.950149611631
3600596,559.3246886352981
3601597,675.0232923072268
3602598,682.8940251919076
3603599,666.290939755969
3604600,664.0965985037581
3605601,688.698855017279
3606602,671.2696275154369
3607603,611.3515801479141
3608604,683.4382601825077
3609605,679.2850270544036
3610606,521.1402069806168
3611607,573.0186522456218
3612608,684.516578939
3613609,689.9284975052037
3614610,688.9318422699112
3615611,684.2821128764048
3616612,689.1036089172221
3617613,675.4618472634246
3618614,689.6369770494996
3619615,677.2092833979844
3620616,689.6334285019902
3621617,679.5184512103175
3622618,684.6013438933105
3623619,697.9301123880125
3624620,684.1744860927172
3625621,691.6778637138516
3626622,681.9942150163635
3627623,687.2921967829366
3628624,693.8097799899354
3629625,586.6948831985895
3630626,686.6414760883313
3631627,694.8034270366882
3632628,693.3289718440832
3633629,695.6900363343888
3634630,692.0208489065551
3635631,698.2632532194544
3636632,701.5882497105418
3637633,681.3448349744258
3638634,679.3679993372602
3639635,672.4671133751916
3640636,700.7459347626709
3641637,682.028837874346
3642638,693.5231498673869
3643639,702.1185755190758
3644640,190.51465148529743
3645641,633.6375087351722
3646642,700.2421439538389
3647643,662.0097360198005
3648644,694.2824070804854
3649645,697.5924324896714
3650646,698.9618987904628
3651647,686.0369288091323
3652648,555.7536843085671
3653649,660.3463784716987
3654650,669.0437349851342
3655651,695.9729906734893
3656652,698.1294561147469
3657653,697.7712814624953
3658654,685.2170954327612
3659655,593.3597663967016
3660656,684.3468235261867
3661657,691.1323226868017
3662658,691.8627822892323
3663659,546.8097125290409
3664660,686.0321040722698
3665661,693.316428965562
3666662,696.0217325803042
3667663,693.4376451542639
3668664,699.0387826485938
3669665,678.0107083610558
3670666,685.7805516482321
3671667,674.7074011208861
3672668,207.4279258220908
3673669,701.1863299219975
3674670,693.122340440658
3675671,701.4427907935881
3676672,690.4347995348298
3677673,676.4031796197545
3678674,700.4060815487657
3679675,689.4516506675619
3680676,700.061003707402
3681677,668.8201599415952
3682678,696.3734700904457
3683679,705.1048620747212
3684680,697.3792573199463
3685681,660.7940428239222
3686682,661.722613442908
3687683,683.614056394957
3688684,691.1911452021802
3689685,287.4499906215141
3690686,192.12962261149806
3691687,691.0485013578907
3692688,680.1163147057041
3693689,691.2873704681523
3694690,669.3085419524331
3695691,680.3355218617577
3696692,686.4728678619434
3697693,677.8610558230183
3698694,666.7216783496831
3699695,687.6593477099241
3700696,675.9116686051315
3701697,516.4290499109497
3702698,687.1974590268583
3703699,668.7187732099308
3704700,669.8441145468175
3705701,680.9209744564445
3706702,651.2407113476926
3707703,691.2171550861523
3708704,677.9157525787972
3709705,659.7519731663215
3710706,663.7174173908151
3711707,640.9156489175635
3712708,686.176403117452
3713709,674.6141962374256
3714710,684.9127875896997
3715711,672.1160237262316
3716712,686.485536690741
3717713,673.5963107709701
3718714,639.8536840228741
3719715,694.4708265609911
3720716,680.8441098922415
3721717,680.3018351271538
3722718,665.4934171895569
3723719,676.878982329456
3724720,664.5694270792926
3725721,668.1484149360199
3726722,672.1190292356333
3727723,692.17137732894
3728724,657.7207098519586
3729725,688.7126256236902
3730726,672.3242461359013
3731727,675.3728801528606
3732728,675.5086086750034
3733729,691.0788695888549
3734730,667.5321495717318
3735731,692.4878330463376
3736732,696.1571662542132
3737733,680.3225114392164
3738734,690.7257686365242
3739735,638.8513559205866
3740736,644.2362846453417
3741737,627.2300062927441
3742738,693.3725224772735
3743739,694.2664261192327
3744740,359.03780823421596
3745741,701.7160441490839
3746742,690.204318611622
3747743,695.7766149971499
3748744,695.0786718953965
3749745,698.194850908011
3750746,702.110231921257
3751747,672.093699789694
3752748,692.278062245503
3753749,695.6021709989883
3754750,699.4123744377935
3755751,657.640541210965
3756752,701.1546527725023
3757753,694.2895022955443
3758754,699.220576116979
3759755,698.3411932994462
3760756,705.2451257831875
3761757,700.4879199088016
3762758,662.5637015443132
3763759,647.735399085621
3764760,703.145032744129
3765761,699.8568503129057
3766762,691.1491782819829
3767763,700.0116597007975
3768764,682.3742010352277
3769765,695.4764394602282
3770766,699.8915816128921
3771767,697.1413836836986
3772768,703.1868547327356
3773769,701.0080673342526
3774770,693.0601382403535
3775771,689.5064356624054
3776772,643.5350065429363
3777773,698.4815756948975
3778774,690.6852034474891
3779775,663.9898874947183
3780776,694.7653179965761
3781777,697.226131121643
3782778,561.3851222040034
3783779,695.48519963094
3784780,685.3022404752996
3785781,695.8078856332257
3786782,695.3925932313084
3787783,693.3966757073333
3788784,692.355487298451
3789785,689.5640117091059
3790786,644.9377647554405
3791787,696.029622385458
3792788,692.5433172394486
3793789,674.8064389642478
3794790,696.5192758679673
3795791,660.992499603834
3796792,313.32056562005295
3797793,657.6431006851949
3798794,690.3426835666921
3799795,693.2160028118958
3800796,700.0455749279057
3801797,685.0179650688395
3802798,677.2568773679318
3803799,692.5120666064892
3804800,693.2790773919655
3805801,694.3943433859081
3806802,681.4234237353369
3807803,690.4717962383527
3808804,688.0533459466748
3809805,696.1228448059834
3810806,683.6568202562203
3811807,697.9221465535876
3812808,694.4866670398961
3813809,684.8025542859609
3814810,698.9620690308811
3815811,669.743762006276
3816812,669.2186719786555
3817813,688.4268204061791
3818814,695.2335773896789
3819815,682.5611827651597
3820816,686.7041435480761
3821817,696.4525824624934
3822818,695.7661198496396
3823819,698.2011511864896
3824820,678.3882293998694
3825821,686.0387875774281
3826822,657.8954699591691
3827823,681.7056655696114
3828824,687.5524848212282
3829825,685.2698293875447
3830826,657.268724669604
3831827,683.0000357025448
3832828,694.1147866590238
3833829,674.6477287349364
3834830,686.9233023275242
3835831,686.2688275799293
3836832,686.635758101173
3837833,674.9404530057678
3838834,676.1148474679032
3839835,679.5003113613521
3840836,659.316107670745
3841837,641.7880868264976
3842838,682.3915183049306
3843839,678.6005923918053
3844840,673.552689707983
3845841,660.7293455042541
3846842,685.2560811961273
3847843,668.9135550458169
3848844,671.2514339710319
3849845,675.2547657045627
3850846,678.4335480942079
3851847,673.384389161024
3852848,677.251672952462
3853849,673.1336590742184
3854850,670.0547394138681
3855851,672.3981538147868
3856852,670.1567928029898
3857853,649.4344018299633
3858854,660.4085983900385
3859855,652.7162977546039
3860856,418.25707214691323
3861857,666.4264043349021
3862858,667.425293856462
3863859,660.3669157956423
3864860,627.9561711564947
3865861,640.5334658470077
3866862,672.5017284717369
3867863,672.9465272819148
3868864,673.3102409531117
3869865,667.1200679131865
3870866,656.6721587360786
3871867,686.8240473461766
3872868,615.0523553267598
3873869,665.1206765047723
3874870,624.043949210756
3875871,681.953436711123
3876872,658.30611861881
3877873,665.8416108604586
3878874,670.7003513494889
3879875,652.1467796319838
3880876,667.5908771176754
3881877,591.084108347871
3882878,670.4315551345161
3883879,675.5280993245533
3884880,676.201665669855
3885881,624.8888723675321
3886882,653.3645069256133
3887883,678.2853633285904
3888884,676.2820606931878
3889885,696.7688818978345
3890886,670.958884498703
3891887,673.4976142228229
3892888,657.1750984212955
3893889,688.916469376762
3894890,692.6613497840302
3895891,670.5895839182949
3896892,687.06256328307
3897893,681.0723347625211
3898894,680.5377485712103
3899895,693.5643578665849
3900896,675.8859456693266
3901897,684.9338563778158
3902898,676.7113032885583
3903899,694.7872898654682
3904900,676.8718726036508
3905901,679.0567631774497
3906902,684.3070156303335
3907903,691.4925610387776
3908904,654.5140643935264
3909905,693.8393307642891
3910906,684.0744139570375
3911907,688.0504803507301
3912908,692.0635500370483
3913909,682.7467326136639
3914910,671.2778723761842
3915911,685.2783501192072
3916912,687.2699017159155
3917913,695.1766218098961
3918914,683.6528994115497
3919915,688.6245243781947
3920916,682.3810755850077
3921917,689.7247363605215
3922918,696.1927929919386
3923919,690.545844016698
3924920,692.772333875701
3925921,684.7712311264487
3926922,676.0592902992425
3927923,681.3976999784402
3928924,689.1984431539144
3929925,679.0122053482198
3930926,685.4821019128324
3931927,678.4747635231806
3932928,690.364099930525
3933929,687.6337348262634
3934930,690.5337098553592
3935931,665.8372900210337
3936932,685.8828861527402
3937933,697.9356677240978
3938934,691.5045749851457
3939935,695.8012297497041
3940936,697.1253900795396
3941937,686.8107381898038
3942938,685.4484663290403
3943939,692.4064607308538
3944940,652.9542079930884
3945941,684.7724080127026
3946942,694.9587859357107
3947943,696.4674387332645
3948944,695.3967381797212
3949945,693.9756659448426
3950946,686.9005312300976
3951947,580.2974314584898
3952948,695.4853239226995
3953949,692.3618785373694
3954950,693.6487632653387
3955951,695.0315190723672
3956952,697.2068583843723
3957953,692.9652800790448
3958954,691.281933633161
3959955,693.8893990855943
3960956,696.0405007996459
3961957,696.062872167618
3962958,691.4227521480988
3963959,691.9017914193151
3964960,670.8619545395798
3965961,697.8218149865969
3966962,681.0576067463592
3967963,698.0488566674271
3968964,677.9891021978113
3969965,691.9748691255505
3970966,697.9253426964118
3971967,692.223856048846
3972968,689.760596531451
3973969,698.7922981994722
3974970,693.9628744469463
3975971,685.9644747472951
3976972,691.1709729865476
3977973,689.302146474602
3978974,692.2586433221071
3979975,693.2257368529879
3980976,681.8378311901262
3981977,690.6370376309189
3982978,693.2033038612708
3983979,686.1579836614351
3984980,691.1887713316955
3985981,686.1036683390606
3986982,686.5481858962371
3987983,684.7759500420536
3988984,692.2296822945325
3989985,685.6186852333063
3990986,683.6631689314632
3991987,691.7049683897924
3992988,688.6877114932943
3993989,677.610775001161
3994990,692.3554330980575
3995991,691.4695469305766
3996992,690.7384437545983
3997993,689.6460844030939
3998994,696.4574751764712
3999995,691.7122707975523
4000996,692.4267294614383
4001997,692.5960494570405
4002998,678.0377037095568
4003999,695.1262604734911
4005000,688.1595499790602
4006001,693.4106957413488
4007002,694.8628859687092
4008003,691.524986408663
4009004,687.3805279057071
4010005,684.1055824087222
4011006,690.6453410876245
4012007,695.8853513002849
4013008,694.1835485456276
4014009,694.2783661630612
4015010,695.87113242435
4016011,483.34372594424195
4017012,682.21845542088
4018013,693.7511599480586
4019014,696.0975575061933
4020015,657.7456278253557
4021016,697.6178586274266
4022017,690.3857814433823
4023018,692.5555538467557
4024019,688.8284467170287
4025020,670.7246748574839
4026021,692.8020711751458
4027022,685.8322283526774
4028023,682.1533942703389
4029024,692.0625001645252
4030025,701.1626222653329
4031026,678.0394984678836
4032027,689.0094243676389
4033028,688.1125910265033
4034029,683.8793948952737
4035030,694.5165441411384
4036031,695.3235371837034
4037032,666.725813446215
4038033,696.3919958919095
4039034,694.3023630727914
4040035,695.7046254630383
4041036,692.3261456204342
4042037,682.595337715222
4043038,694.6297701004294
4044039,698.7988741650231
4045040,685.9654629836702
4046041,697.1832675450681
4047042,696.3149341299028
4048043,687.6359577994648
4049044,692.3503987035625
4050045,691.0252428729826
4051046,692.7642701733217
4052047,688.8238405245759
4053048,680.8157187168202
4054049,691.5372607170998
4055050,685.2228380547675
4056051,690.6063527143464
4057052,688.6589666573709
4058053,686.1706212261854
4059054,697.5369153652173
4060055,693.9762967333495
4061056,690.5522730709116
4062057,668.8650996709016
4063058,691.076396236022
4064059,690.1895325231571
4065060,684.1196049634885
4066061,693.4097575005065
4067062,684.0898290269424
4068063,665.3916748553816
4069064,690.3220111382449
4070065,674.6604551375307
4071066,690.4172071936442
4072067,686.0916227215597
4073068,691.5011114986464
4074069,686.315211259115
4075070,691.8392887548465
4076071,678.325669340301
4077072,692.0745736115217
4078073,682.5896306132977
4079074,677.001721346142
4080075,681.0108013872243
4081076,690.2044116983433
4082077,677.6738827706425
4083078,690.9817957660639
4084079,690.9744484038789
4085080,672.1511314822193
4086081,671.5274221571855
4087082,694.8084848964963
4088083,676.4721873617523
4089084,656.266503644133
4090085,662.0353065978528
4091086,679.7976679778427
4092087,694.6588951703219
4093088,657.4540185467235
4094089,643.6890588392376
4095090,678.0559997217713
4096091,683.5279795666551
4097092,695.8247976268877
4098093,689.791654665137
4099094,686.4186667428756
4100095,692.023028931636
4101096,686.7263789006047
4102097,670.6234771660262
4103098,683.5293453480443
4104099,694.3271382457774
4105100,700.6145618353806
4106101,688.9196084164312
4107102,697.0661042783435
4108103,649.9852226671239
4109104,689.6066095676398
4110105,693.9220268741975
4111106,683.6180412521077
4112107,696.8511575360628
4113108,681.294425763963
4114109,698.4000704602817
4115110,687.6598456248781
4116111,696.4780982597135
4117112,675.6668368596356
4118113,685.0986853946221
4119114,700.3672556553034
4120115,269.41411538218966
4121116,691.5003333151944
4122117,697.6988244904446
4123118,700.4054427348996
4124119,698.2887269011311
4125120,694.2454422335851
4126121,697.0094125033909
4127122,696.4094210657125
4128123,701.3621361335178
4129124,702.410175223489
4130125,690.667540520122
4131126,700.3614320438138
4132127,686.2597347553291
4133128,697.6954231333218
4134129,702.2521129010529
4135130,696.563227141391
4136131,702.4133450114084
4137132,698.7389636801668
4138133,686.0200689302367
4139134,689.4664565163022
4140135,687.8780507195474
4141136,699.6228268015749
4142137,703.9320715803684
4143138,698.9644304992551
4144139,687.4914740486308
4145140,687.2066267022783
4146141,698.7563192807645
4147142,701.1502499293989
4148143,698.2762697403962
4149144,678.7450428615796
4150145,701.2389849744317
4151146,701.3300669322828
4152147,683.1303301662015
4153148,692.2931163806318
4154149,695.9534191982308
4155150,689.7644539854772
4156151,698.4669863693314
4157152,701.4830123308943
4158153,703.4581295760319
4159154,690.3930576665301
4160155,701.3316548631691
4161156,694.018349592639
4162157,690.8088526050936
4163158,693.8943770329184
4164159,679.3038588524411
4165160,700.5577352789551
4166161,666.265185060602
4167162,695.7602233608475
4168163,700.6503889315685
4169164,702.8778898680512
4170165,696.0514460416136
4171166,686.0383313475045
4172167,695.8351656385688
4173168,694.051844661309
4174169,689.0820119393164
4175170,696.620635600752
4176171,695.1342837347055
4177172,669.0999199719956
4178173,687.3677841760214
4179174,680.0242517165354
4180175,690.4458444904467
4181176,694.5746046985219
4182177,684.1162795142968
4183178,672.7928573075791
4184179,584.4735713935385
4185180,662.7600185355458
4186181,690.0683940976254
4187182,689.8483796026997
4188183,698.492155605601
4189184,679.8399312210792
4190185,697.4700074012065
4191186,666.1082694338593
4192187,695.3123029996628
4193188,673.6733228920828
4194189,699.3491293349058
4195190,682.4457286910404
4196191,678.8466558897732
4197192,697.0836881589938
4198193,696.5682208194139
4199194,695.6460930227034
4200195,691.6181264927103
4201196,698.6916812127741
4202197,697.2305304838437
4203198,689.0738518513236
4204199,692.7164895095525
4205200,668.3999712783126
4206201,687.223651562842
4207202,694.3748118866158
4208203,671.8829918349842
4209204,691.9789638926908
4210205,699.0955209734881
4211206,696.30623732671
4212207,694.7526546320273
4213208,685.23526911097
4214209,694.6300168919876
4215210,448.49753800785385
4216211,662.3993723241762
4217212,692.7309101330936
4218213,696.7616928297076
4219214,695.8270705739617
4220215,698.1046984410197
4221216,695.2594138082354
4222217,690.1741285849575
4223218,688.7566757166877
4224219,684.5561762080381
4225220,686.6401970034917
4226221,672.6463398698285
4227222,695.0406067120911
4228223,683.0462644427131
4229224,662.5653663756011
4230225,703.7942681550239
4231226,693.4151609289639
4232227,670.6519535660979
4233228,684.026503657247
4234229,697.4618291346383
4235230,698.4318084609857
4236231,657.710055651282
4237232,687.4698450659395
4238233,657.174987338733
4239234,695.5795121613336
4240235,691.1866859906082
4241236,692.4902147005716
4242237,678.394835995211
4243238,690.8013487199873
4244239,676.7858434768124
4245240,659.9188556665879
4246241,663.3870749633302
4247242,698.2116111286423
4248243,674.7072502573833
4249244,664.6049869079525
4250245,667.8449563350171
4251246,695.2601914832317
4252247,589.0559624759519
4253248,694.9670800207439
4254249,687.3932225449273
4255250,692.953941605856
4256251,693.6893576301067
4257252,677.5011038927339
4258253,659.9203993210468
4259254,697.0585100820376
4260255,692.0887410434121
4261256,641.3601851421412
4262257,696.1398299979543
4263258,692.2288678899226
4264259,678.1985544496277
4265260,674.4058566769473
4266261,693.7322496571778
4267262,687.3799117809399
4268263,676.8010012525478
4269264,696.6332675940093
4270265,695.1682713917565
4271266,690.3372240445667
4272267,686.9536881382023
4273268,693.7309015609076
4274269,703.1263084974726
4275270,686.3994587037932
4276271,696.2897507727876
4277272,675.011013573837
4278273,686.0111317483081
4279274,675.2548483485067
4280275,699.1271431659825
4281276,683.3495317844121
4282277,688.3688769873074
4283278,680.4102323911706
4284279,683.848361263589
4285280,694.0059928993871
4286281,685.3832636625091
4287282,688.7717185005757
4288283,684.8754782468988
4289284,699.1141900570714
4290285,693.3586033671795
4291286,686.7745255545952
4292287,179.95937939522656
4293288,692.2421808306881
4294289,700.0721105688235
4295290,599.7686117356799
4296291,699.5006688314508
4297292,703.9559444315632
4298293,700.5461955808266
4299294,695.2394926389305
4300295,700.4143642055161
4301296,690.7930251232684
4302297,682.6912372763909
4303298,699.3308880675698
4304299,689.8615107393053
4305300,692.6276198912359
4306301,656.5976927618835
4307302,691.5712649507082
4308303,698.5539031517204
4309304,561.017042772835
4310305,692.8031792638149
4311306,677.1074815955957
4312307,696.2008006369098
4313308,673.2845616045512
4314309,692.1907921678682
4315310,677.0738245560316
4316311,698.2012268431554
4317312,698.011586494089
4318313,692.496814451051
4319314,692.5168382782746
4320315,699.1561633614182
4321316,677.4425262972258
4322317,688.6276383751484
4323318,697.9408312932096
4324319,698.5367609992971
4325320,699.0914143381516
4326321,704.6951017096814
4327322,701.2033453266155
4328323,695.2223464685931
4329324,656.4636559101731
4330325,697.4162646290184
4331326,693.0480388592804
4332327,706.3905229164047
4333328,705.1509811608523
4334329,224.66483039621912
4335330,175.4908059159818
4336331,707.5511074952826
4337332,699.9478443119822
4338333,699.994440844732
4339334,702.2573392851092
4340335,705.6731343694111
4341336,704.0072621700468
4342337,709.2964145146456
4343338,707.3856263391103
4344339,704.0218197262477
4345340,707.0385063860209
4346341,686.9003107832489
4347342,707.0720174468318
4348343,706.5649730692388
4349344,701.0865447258246
4350345,703.9246864725405
4351346,701.7974768660238
4352347,692.4160034326992
4353348,707.1902686408769
4354349,706.3773538373899
4355350,705.5160901504914
4356351,698.5980624914458
4357352,707.9411977778134
4358353,706.429005455423
4359354,704.3705671714674
4360355,698.314449949534
4361356,702.1965680263231
4362357,702.3796714197266
4363358,702.2616477602762
4364359,705.0896708132884
4365360,709.5007462268666
4366361,697.2640364564395
4367362,702.9878317112243
4368363,708.2691891966291
4369364,695.2389338319659
4370365,700.3171916101526
4371366,706.5619305834458
4372367,699.2564309434139
4373368,701.6948004465988
4374369,701.3147868630084
4375370,691.2099454581718
4376371,698.0557174114123
4377372,700.0920134169609
4378373,702.0650216541528
4379374,703.7567997799397
4380375,698.3586024112714
4381376,696.8394152766981
4382377,692.810996878011
4383378,708.2898291732847
4384379,688.5112114584715
4385380,697.82360393999
4386381,699.2006340874141
4387382,699.0639169652117
4388383,690.9621219536456
4389384,697.4889936170379
4390385,699.9363813714152
4391386,694.5257491523429
4392387,708.0931460050145
4393388,698.3578774594987
4394389,694.052856036259
4395390,694.524426785703
4396391,701.4542934008825
4397392,701.750954144763
4398393,706.2826177592473
4399394,702.5068246486093
4400395,695.6780239979624
4401396,700.2136444738265
4402397,693.9341614110721
4403398,694.3790258055358
4404399,686.7898873863988
4405400,691.4324632054763
4406401,698.0135887230538
4407402,698.6094583709103
4408403,656.983050643455
4409404,699.3033242794247
4410405,696.059992913207
4411406,686.8116504872041
4412407,695.2654566734446
4413408,694.388591788536
4414409,689.2576338517231
4415410,685.9989924479864
4416411,702.9412053431663
4417412,684.3674312735542
4418413,685.5893824550611
4419414,693.594938385032
4420415,694.8751825318734
4421416,691.0282416705506
4422417,692.6113717510658
4423418,685.946845865849
4424419,692.2803615328631
4425420,698.6562611666833
4426421,698.2532890211188
4427422,696.8589483376222
4428423,705.3863297730059
4429424,697.5484913835352
4430425,699.2047647255195
4431426,696.0794999543347
4432427,696.697702675531
4433428,696.4974369153283
4434429,701.3500473219938
4435430,698.9147250500057
4436431,695.3709516526151
4437432,700.779177943956
4438433,700.9477597511676
4439434,682.3605639296553
4440435,676.5408794708684
4441436,695.4029160149405
4442437,697.1224254353148
4443438,698.3765637666812
4444439,701.0063999671818
4445440,699.6882980664028
4446441,697.6710324037832
4447442,702.3291904578412
4448443,693.4262597482157
4449444,700.4775087772083
4450445,696.8399248762773
4451446,694.8340654656439
4452447,696.8792582415841
4453448,690.5411450746279
4454449,695.0667032302041
4455450,697.3099304076626
4456451,701.8509533262361
4457452,686.3059969454699
4458453,702.8133523054954
4459454,695.7187015973399
4460455,696.0853732683519
4461456,704.6966019491509
4462457,694.8963269167875
4463458,696.2930042441318
4464459,695.8613719804298
4465460,680.468863216931
4466461,699.602219215377
4467462,702.8999850853088
4468463,702.0739243665204
4469464,687.2852034075747
4470465,696.3135555409565
4471466,697.0227910479879
4472467,696.0300160326643
4473468,689.2365700254519
4474469,694.6706419747113
4475470,690.7086611560696
4476471,606.2863171761479
4477472,693.8887253081718
4478473,673.4922353604821
4479474,697.8313228378797
4480475,691.783983262498
4481476,688.7941584895802
4482477,696.515316089182
4483478,699.3731295513693
4484479,659.6871357850321
4485480,675.0046851025268
4486481,697.9098662859026
4487482,676.0900882573901
4488483,698.5963718800253
4489484,690.964050938412
4490485,649.8471957213661
4491486,686.4038209755942
4492487,318.7896745796667
4493488,688.967668566368
4494489,694.7175480832732
4495490,694.6464827688578
4496491,684.7895368998974
4497492,691.265548545511
4498493,684.7933226754036
4499494,697.9395108350014
4500495,685.7871890262892
4501496,675.2371042591458
4502497,686.7934643632226
4503498,702.2759435641195
4504499,696.3498868788615
4505500,694.1728839290506
4506501,687.3878110706753
4507502,689.3035394041747
4508503,654.8713575895637
4509504,690.7831770981749
4510505,690.6969353296832
4511506,681.5900848680564
4512507,691.5228386611193
4513508,689.35800991373
4514509,680.7307105725548
4515510,689.316070837759
4516511,692.267022445867
4517512,690.8859933193214
4518513,689.2673337852026
4519514,663.0820600035778
4520515,676.7512926088032
4521516,676.8978287632082
4522517,688.5864348924458
4523518,687.5924613683305
4524519,680.3577875856217
4525520,694.3768832520279
4526521,679.3226927991107
4527522,683.5223244386318
4528523,686.2618440408046
4529524,669.4986979836749
4530525,676.3522371270035
4531526,662.0999112944019
4532527,680.926170663401
4533528,676.9703697547267
4534529,684.4120480734515
4535530,671.4147219847928
4536531,673.8386601288404
4537532,673.7470888704236
4538533,682.5485991956491
4539534,668.0546363447831
4540535,672.5528511466694
4541536,653.1085890527119
4542537,669.2605875772697
4543538,673.2830370376645
4544539,662.6614924320303
4545540,643.1994000128652
4546541,646.1199135854083
4547542,630.7258492715482
4548543,653.8589747571207
4549544,655.4721055161367
4550545,610.3155152751723
4551546,644.9290610594218
4552547,646.9261921917262
4553548,635.5939705102836
4554549,635.3383244815865
4555550,569.750811168618
4556551,604.8463605155816
4557552,641.835240101654
4558553,572.0599057648502
4559554,611.4632164393184
4560555,600.6952103008373
4561556,591.8445709003977
4562557,637.6000127388945
4563558,626.0404159888985
4564559,627.5323624908989
4565560,546.388308018117
4566561,612.4515316490504
4567562,625.0204954412059
4568563,643.921215194476
4569564,625.116365804671
4570565,621.9218380725715
4571566,621.2783728410813
4572567,621.588001513471
4573568,608.2277683556933
4574569,599.7210689549507
4575570,618.6282611077859
4576571,637.6354128597072
4577572,639.2631146727431
4578573,615.5664435316878
4579574,612.4160208925133
4580575,600.0173260777426
4581576,592.5889116709701
4582577,626.8362821331896
4583578,621.1140188330681
4584579,625.8499933774337
4585580,630.354304536589
4586581,629.7889548431683
4587582,624.2197287057858
4588583,618.9965803711701
4589584,618.9517894431831
4590585,608.5585554753369
4591586,620.4561537644266
4592587,622.5037606504283
4593588,609.7245627153792
4594589,600.7417876648973
4595590,619.5135316535268
4596591,601.2615852632143
4597592,499.42918710197335
4598593,617.797708014521
4599594,605.5205097472132
4600595,613.1966385979048
4601596,593.5702914803566
4602597,595.8739664997207
4603598,590.4380079437241
4604599,586.8771299499566
4605600,608.4297055845899
4606601,575.5999501229735
4607602,594.1705910323783
4608603,603.9514114623189
4609604,602.1834895677367
4610605,590.3802766293227
4611606,594.9692267511172
4612607,594.0314544869259
4613608,610.8363355251616
4614609,594.8147266632172
4615610,573.3964648546931
4616611,630.4142012716867
4617612,617.6796303555448
4618613,609.4415961751863
4619614,605.6103936188493
4620615,596.8580629752605
4621616,605.7224124814772
4622617,600.8538141131035
4623618,607.6909784333362
4624619,202.84541269043234
4625620,598.4210640877827
4626621,583.7234857237306
4627622,595.6713880679798
4628623,579.1716844140976
4629624,598.8982526915371
4630625,605.0292925173783
4631626,585.3034330960039
4632627,608.1409010639444
4633628,607.463973932575
4634629,628.4325045942385
4635630,606.5756610267107
4636631,621.7287236303683
4637632,597.9330624431154
4638633,601.9511848620525
4639634,612.9175045310197
4640635,601.898197703028
4641636,612.2335216289516
4642637,592.9254320936941
4643638,622.8919701871743
4644639,596.6619954198884
4645640,548.7639186653148
4646641,579.3921339996884
4647642,590.9451037497037
4648643,617.0877181485223
4649644,598.979405577996
4650645,611.7807232603592
4651646,604.1749542210113
4652647,608.6481959121418
4653648,606.124343597727
4654649,627.9649561202895
4655650,610.7824238694585
4656651,617.5573547728159
4657652,557.9800281346998
4658653,616.2054653631341
4659654,598.5639675467376
4660655,628.4897838236361
4661656,627.8000125115665
4662657,640.1800213547763
4663658,627.7918200793152
4664659,619.4801023036276
4665660,664.6029283565551
4666661,623.4124515231789
4667662,660.0492899341909
4668663,659.2987119976422
4669664,615.7626853529187
4670665,655.6878117091336
4671666,694.7238852487271
4672667,682.4160609039178
4673668,693.5118745524319
4674669,674.5352054614677
4675670,673.0849009034183
4676671,635.3867979812588
4677672,688.9349597985279
4678673,660.5297268379863
4679674,613.7840822083757
4680675,532.2140414842789
4681676,680.5114071824231
4682677,674.7260380054224
4683678,685.4594857463957
4684679,679.7198810639497
4685680,691.4810020229481
4686681,656.4508971593002
4687682,664.6742533881201
4688683,674.0598036710273
4689684,625.7355847487421
4690685,584.6467081384538
4691686,675.1203376619525
4692687,663.7686919026806
4693688,679.9134276171941
4694689,613.8568734144418
4695690,622.5113339830827
4696691,601.2897162322007
4697692,669.7151074929798
4698693,517.9561066323096
4699694,596.7697228458104
4700695,654.6497291778085
4701696,601.3793725936023
4702697,595.6731034484245
4703698,631.3295429483841
4704699,672.4307980917888
4705700,677.2839007378728
4706701,690.7480199820827
4707702,672.4512668194004
4708703,665.2756880073038
4709704,676.8115099844777
4710705,644.638929159445
4711706,672.8042880012465
4712707,674.3926250627256
4713708,645.8499953763363
4714709,664.0191853308886
4715710,662.8244345834585
4716711,667.2601639835159
4717712,669.731845513566
4718713,687.0919950962688
4719714,672.3814387919746
4720715,671.082754401427
4721716,527.5861945731106
4722717,669.7737432568265
4723718,665.952384763113
4724719,682.6822554127821
4725720,681.2790341339571
4726721,506.6983020713854
4727722,677.0202859640034
4728723,687.6745571930932
4729724,654.7687660609653
4730725,672.8030015451919
4731726,671.5332730986297
4732727,672.4938650828858
4733728,685.4867289307011
4734729,670.2834939721153
4735730,678.2458023739405
4736731,676.8241151177965
4737732,676.4502784985434
4738733,663.0579517428307
4739734,682.8366842432293
4740735,422.61046306959884
4741736,683.9104770486608
4742737,677.0460889202905
4743738,684.7660551566985
4744739,666.4598036489652
4745740,681.9510890373803
4746741,687.9754336629767
4747742,677.7903330997771
4748743,678.4949653144481
4749744,674.5110965025568
4750745,677.4462701995334
4751746,682.9752624687522
4752747,677.8134796948214
4753748,648.6916938773732
4754749,680.6549735604988
4755750,668.4130464075831
4756751,670.6108313873171
4757752,665.5679242908917
4758753,679.5195723524439
4759754,679.1310987465372
4760755,681.4926071963437
4761756,685.3146589357892
4762757,684.4117377483171
4763758,680.1293255792098
4764759,690.4422722702451
4765760,674.6791950082895
4766761,688.2201225145474
4767762,689.17841237134
4768763,674.4453910150364
4769764,678.7585787612012
4770765,676.8923664935231
4771766,683.8369207771772
4772767,685.5638261263964
4773768,474.4538280046316
4774769,683.9798327377271
4775770,685.7291408144696
4776771,688.9354360904956
4777772,690.962286467137
4778773,689.1529640634053
4779774,684.860291385305
4780775,686.6907067430105
4781776,670.8543323601164
4782777,685.0206225475031
4783778,682.4575307562028
4784779,692.4075324012998
4785780,687.6281445607727
4786781,686.7872122932843
4787782,679.7156099600688
4788783,671.2650678841342
4789784,690.0648165356852
4790785,683.3011163983022
4791786,688.2136791289256
4792787,682.0921961480985
4793788,692.4378434036287
4794789,685.3432382070495
4795790,678.6204511743186
4796791,688.0080289012215
4797792,679.507951669757
4798793,685.6560258140574
4799794,688.2661115697894
4800795,689.6765153878697
4801796,680.0060043941361
4802797,661.926707809806
4803798,686.5486087473657
4804799,679.433315649485
4805800,617.4707031214175
4806801,674.8460922136336
4807802,678.6523309191236
4808803,676.2645285635192
4809804,680.4538315920411
4810805,685.638912894033
4811806,686.7879256036189
4812807,671.8759378975143
4813808,689.0647165186516
4814809,687.5756625605923
4815810,686.6639999824278
4816811,685.6270644218383
4817812,684.6729318113375
4818813,671.6142683496785
4819814,683.2053011126955
4820815,683.8377015182973
4821816,467.07955809198427
4822817,681.7738237868392
4823818,687.4200960005228
4824819,687.1109207107668
4825820,686.6831378339815
4826821,691.769166434129
4827822,521.4070125342511
4828823,685.7760034725794
4829824,684.1891022274882
4830825,690.3603146271092
4831826,688.4277407388716
4832827,407.9741326030929
4833828,692.6049029401618
4834829,686.0431002125367
4835830,693.9132826404277
4836831,692.0425924597204
4837832,691.5500959302495
4838833,499.7251828778396
4839834,694.8770432751573
4840835,686.469567679041
4841836,690.8485271100151
4842837,687.3750893928178
4843838,693.3082596392662
4844839,696.4755468777388
4845840,698.5815073174259
4846841,691.4895332270735
4847842,239.85510426453314
4848843,686.7187513317141
4849844,680.2530029898019
4850845,692.9474952759742
4851846,692.1090827128788
4852847,698.45265445383
4853848,694.6349318814507
4854849,684.2436129815287
4855850,697.4469763923344
4856851,697.6695010806494
4857852,654.5068581161498
4858853,698.6405060335815
4859854,694.5460929307787
4860855,693.6756705855524
4861856,697.9561761110189
4862857,693.2808235071374
4863858,699.4926281011415
4864859,698.9159298220036
4865860,676.0734578368092
4866861,518.0774473623221
4867862,700.5178105250493
4868863,695.6616105270471
4869864,699.9519309813933
4870865,314.26296821824224
4871866,693.0028499722667
4872867,700.9061084018183
4873868,686.2485902203304
4874869,697.3101261670922
4875870,697.8082717765232
4876871,677.9712328468859
4877872,696.8538751080858
4878873,688.9117103094147
4879874,690.9342509926327
4880875,696.2849010899868
4881876,691.4968738971004
4882877,700.3108009059032
4883878,694.0173219779335
4884879,689.282457755897
4885880,697.0118242905356
4886881,673.7454679847287
4887882,695.9456918342728
4888883,694.4172868249464
4889884,659.3478845345003
4890885,692.9942201319075
4891886,695.1611564139082
4892887,694.7219567346032
4893888,698.2678314625317
4894889,697.9001914483744
4895890,693.7896339572874
4896891,694.3401413293185
4897892,675.7066958914669
4898893,695.516396467432
4899894,683.9977798782525
4900895,696.8551985350217
4901896,692.8628693062395
4902897,695.647883208685
4903898,697.7487584147466
4904899,700.4126697923031
4905900,692.4923030937184
4906901,694.9157886336169
4907902,699.2073160706655
4908903,308.36145111403
4909904,698.724028321201
4910905,673.9730128110183
4911906,697.4686248036917
4912907,698.867882301032
4913908,666.2660609015462
4914909,698.2833414144553
4915910,692.215495437811
4916911,583.3801687493806
4917912,699.1661898871002
4918913,698.0124668413148
4919914,698.1720026310389
4920915,695.2829697558866
4921916,696.8154630341846
4922917,695.4282184686715
4923918,696.1684231955911
4924919,680.2444365813111
4925920,694.6119277735146
4926921,695.6936559818741
4927922,696.8905880756754
4928923,684.0308594579027
4929924,688.719325710819
4930925,689.8815362668427
4931926,694.6326723508276
4932927,690.2284110823389
4933928,691.3819851560746
4934929,690.883718568744
4935930,698.3022929112706
4936931,693.8291847255656
4937932,688.7680378479872
4938933,687.3035017741972
4939934,686.642148328663
4940935,694.326260257395
4941936,675.9546748655455
4942937,663.1162737890681
4943938,682.0201231548102
4944939,688.7791582214986
4945940,215.60014797667625
4946941,673.8069091341894
4947942,689.3703612688272
4948943,682.1643966234941
4949944,684.7587000560706
4950945,683.1740468010412
4951946,690.6982020766497
4952947,679.8620352783583
4953948,690.5672575924675
4954949,687.710431764389
4955950,684.0254600501619
4956951,694.9761798658691
4957952,689.1524448343247
4958953,689.8284969605326
4959954,683.4345759694918
4960955,694.254589367899
4961956,690.0414892923081
4962957,678.9585819388415
4963958,690.4451275957578
4964959,616.003254360402
4965960,685.8193446645106
4966961,610.6451577619033
4967962,685.2451106401667
4968963,693.686874888095
4969964,694.26706147962
4970965,700.7341107306453
4971966,684.2197266888198
4972967,697.0050245557184
4973968,699.3959407257225
4974969,684.9052938050833
4975970,686.9845468262022
4976971,695.8024979131701
4977972,678.4428991272106
4978973,691.6227419875731
4979974,693.4688558015505
4980975,699.520372646817
4981976,698.3959821979453
4982977,692.7288181246155
4983978,695.4815580176858
4984979,225.65374545703108
4985980,696.1445351971221
4986981,683.5423264545724
4987982,695.0874479849281
4988983,695.2264988690542
4989984,697.949542181493
4990985,693.1963515206459
4991986,690.6952518596379
4992987,699.043806297905
4993988,699.2573786117807
4994989,696.8128319217342
4995990,701.1276817919907
4996991,692.4092898652908
4997992,695.8369314251278
4998993,696.4068477132664
4999994,698.1302552559338
5000995,455.76618693368846
5001996,685.6679940148907
5002997,697.7036719030871
5003998,698.5410627587354
5004999,693.1033775516479
5006000,696.290224006672
5007001,694.4420945730453
5008002,700.4526352241819
5009003,686.7517512497712
5010004,697.2422832315552
5011005,689.320247095137
5012006,693.6132471595303
5013007,696.2870022752768
5014008,668.206694460616
5015009,696.5412965869492
5016010,688.2630188636516
5017011,353.57826034861085
5018012,687.7730435444613
5019013,696.2589806020826
5020014,681.9507907833681
5021015,631.1024618590405
5022016,685.6944876487983
5023017,688.2057566573542
5024018,688.3216823620533
5025019,196.57802251857447
5026020,693.472923818524
5027021,693.8686620012186
5028022,692.9296813625062
5029023,683.0997147779219
5030024,692.1516540969177
5031025,185.71219297424057
5032026,690.240011136833
5033027,690.6316236887718
5034028,669.1644921173025
5035029,517.6495760652455
5036030,652.3082803658608
5037031,680.175820943265
5038032,592.7046715030359
5039033,421.96778989180206
5040034,693.3689123258421
5041035,694.5826490035513
5042036,679.245141701511
5043037,689.772188339706
5044038,676.736149456942
5045039,690.0023543843271
5046040,695.9200809519514
5047041,691.140588549681
5048042,164.93424515519317
5049043,654.387173754024
5050044,300.0708491712918
5051045,439.4365140164629
5052046,337.2835560908065
5053047,691.0367646431357
5054048,652.6550748051819
5055049,681.6731677201461
5056050,688.8359782913557
5057051,668.850928812199
5058052,682.8901360689314
5059053,681.4052947364526
5060054,693.4279218530182
5061055,670.4940657519204
5062056,684.0832556893326
5063057,689.5817586809644
5064058,688.762641210638
5065059,693.5639354595213
5066060,674.2026473105408
5067061,683.5044295879197
5068062,691.5315589484953
5069063,697.4995676104999
5070064,685.8116362930409
5071065,694.5308653183735
5072066,696.6348286828144
5073067,696.6252089288503
5074068,687.0401769869577
5075069,695.9425295584949
5076070,652.1201118226153
5077071,697.2279479359743
5078072,684.6167418028045
5079073,415.2768667733653
5080074,686.2402237844395
5081075,692.559723972465
5082076,690.8201128126159
5083077,689.6169443739273
5084078,687.6792439041059
5085079,685.5235967380701
5086080,693.2936158373365
5087081,695.4001309040708
5088082,703.0325389188882
5089083,700.2103516771064
5090084,707.4163553666791
5091085,699.8385141749418
5092086,695.5664456126134
5093087,692.3895247695955
5094088,700.6233738665399
5095089,696.0540504585377
5096090,698.8939330055032
5097091,700.4866633348075
5098092,681.7993048983307
5099093,702.348064597693
5100094,699.0494034435085
5101095,700.0383319114554
5102096,681.508614551593
5103097,689.2970752608852
5104098,700.120483192527
5105099,690.1691788619937
5106100,707.6058521086932
5107101,691.8674648589915
5108102,705.7965451083085
5109103,707.0048694162048
5110104,698.2364084547387
5111105,678.311631802347
5112106,683.7879182685439
5113107,696.5294870026878
5114108,695.2124621276888
5115109,702.2759774449277
5116110,676.1687199890376
5117111,699.8716060769432
5118112,690.2435516358945
5119113,678.829371639997
5120114,682.8745063896432
5121115,706.4006605768865
5122116,698.7587032217
5123117,702.1219757742754
5124118,663.3393213702751
5125119,679.6334362219291
5126120,698.1538933825626
5127121,699.7850288021497
5128122,702.4015791866805
5129123,695.5904944196258
5130124,700.4474347772293
5131125,695.9382031790633
5132126,193.91489556263164
5133127,680.963495007678
5134128,703.0524809804966
5135129,698.0009721781616
5136130,688.1703657305866
5137131,687.1134264141375
5138132,699.4967496452658
5139133,697.2777581872562
5140134,691.6359984817448
5141135,693.0255959512592
5142136,694.8679444715632
5143137,696.7301309335704
5144138,684.8728778159119
5145139,584.1410078265544
5146140,694.6939701411063
5147141,695.2441532483958
5148142,692.1168227123384
5149143,695.4125252987012
5150144,697.1904417212097
5151145,694.3196908732319
5152146,675.6003518891649
5153147,693.5555634353583
5154148,689.1728541481515
5155149,690.0816158850203
5156150,693.7572678401717
5157151,693.2089143865429
5158152,382.5135117508326
5159153,688.4716181722546
5160154,687.6456384353065
5161155,691.2913108069747
5162156,685.7048686440667
5163157,674.9020421179969
5164158,691.8838354341357
5165159,700.0737767545244
5166160,686.1549548485646
5167161,203.96280734029503
5168162,691.0524250983975
5169163,686.1575332010218
5170164,681.6343139574481
5171165,687.6700091048805
5172166,692.708111676264
5173167,691.0710481649704
5174168,693.722329031504
5175169,660.9005188887915
5176170,672.5501335408854
5177171,670.0296195442817
5178172,684.5608102506447
5179173,682.9145023043609
5180174,687.2121182229142
5181175,688.4460147066244
5182176,694.9350514484422
5183177,690.0921716065743
5184178,692.8975506103691
5185179,650.0866919224928
5186180,687.4724537891059
5187181,692.8663108834412
5188182,699.579224264539
5189183,697.8481078839225
5190184,692.4205356591048
5191185,688.8489231060346
5192186,688.2319655929409
5193187,698.240305388184
5194188,684.169910740611
5195189,687.7924160731833
5196190,694.050315407999
5197191,681.6449821722282
5198192,691.7115189386316
5199193,693.4853926183877
5200194,693.0935626527413
5201195,684.9427916371855
5202196,694.8084249033416
5203197,691.612058235295
5204198,692.5343400795077
5205199,693.6169691139063
5206200,694.5861547611124
5207201,674.684830029018
5208202,688.4811737071633
5209203,684.540688846362
5210204,691.1349414447566
5211205,686.5529993142188
5212206,685.2860625468422
5213207,211.3357927219046
5214208,692.7793752919825
5215209,691.6316716079511
5216210,688.0826177810579
5217211,675.7861621867851
5218212,682.5957869129483
5219213,692.3301175673917
5220214,693.1239130031943
5221215,672.6805566342155
5222216,656.836079769442
5223217,694.4996376927882
5224218,189.65080520318637
5225219,683.0461687365515
5226220,677.9120360622502
5227221,675.4765141585013
5228222,691.6937564073523
5229223,546.8480355586029
5230224,696.1464526713353
5231225,671.0448115794
5232226,691.5470952101941
5233227,688.4944541602608
5234228,473.5564678696519
5235229,689.2947685478712
5236230,675.3244998273639
5237231,645.4901518344805
5238232,695.9021276861998
5239233,691.8418515498405
5240234,682.0734589685455
5241235,684.5797447238971
5242236,698.7215289808399
5243237,679.9060785581452
5244238,691.5678235114673
5245239,692.9759081509347
5246240,677.8476645455818
5247241,678.3833514670415
5248242,680.4153614092806
5249243,651.0936591251509
5250244,684.2607818734275
5251245,689.5087754163245
5252246,694.4831640292238
5253247,299.90350884813677
5254248,690.9653746880861
5255249,681.9855403036184
5256250,691.8937426669311
5257251,690.4192686698487
5258252,663.1937974207253
5259253,687.2924061344422
5260254,696.5308271295579
5261255,673.5483885873463
5262256,680.1445750046101
5263257,693.878865548589
5264258,643.2015375994189
5265259,541.7471825340198
5266260,688.302173396993
5267261,696.4636296751822
5268262,691.2811057524043
5269263,569.4729249486483
5270264,681.8977044261753
5271265,671.8538395695178
5272266,672.7712968079193
5273267,690.3680098802234
5274268,695.8724888163238
5275269,683.8735949253108
5276270,687.8403634018573
5277271,685.6884815196662
5278272,680.0889238063197
5279273,178.70518896828756
5280274,695.5145713141932
5281275,690.049108439886
5282276,684.466341172717
5283277,692.9551889102443
5284278,694.8790063944028
5285279,684.6561203625909
5286280,495.40100602504225
5287281,682.9285995369795
5288282,155.6846872288421
5289283,696.1451342780194
5290284,687.728606879542
5291285,660.0025877045891
5292286,688.5829931670611
5293287,693.0401532276907
5294288,683.4760935549577
5295289,680.6893085317831
5296290,154.2572730541916
5297291,506.2520171991563
5298292,666.5507947127475
5299293,674.5557418064201
5300294,679.0043678050548
5301295,681.7783258088942
5302296,679.622827132343
5303297,697.6816585648306
5304298,660.0205028072542
5305299,695.497819418058
5306300,691.6785064936385
5307301,218.06966711317543
5308302,688.8795975717812
5309303,699.7045783325199
5310304,675.5895077881686
5311305,679.3762808951219
5312306,667.5237661571143
5313307,698.3010589791938
5314308,689.6345042771925
5315309,697.2795625812782
5316310,696.187938578322
5317311,694.5862000409719
5318312,694.0930913796886
5319313,693.3976609028866
5320314,692.7214589393211
5321315,666.9893508902278
5322316,667.7776071668372
5323317,693.1293503827709
5324318,696.6039114971427
5325319,689.5401331393568
5326320,687.9690136270063
5327321,698.4180825030027
5328322,693.1011475872302
5329323,698.5117584836626
5330324,689.2138972489698
5331325,655.6342542956075
5332326,679.6704886268348
5333327,676.6081168647966
5334328,664.2171435846736
5335329,700.409421360245
5336330,424.765782713288
5337331,696.1862449464154
5338332,684.2202425857857
5339333,682.9421471512251
5340334,672.1668851120754
5341335,680.0648787998136
5342336,681.493156592656
5343337,693.6884897520054
5344338,655.5380238454524
5345339,686.0504250928302
5346340,694.1192461445629
5347341,696.875031910041
5348342,689.6586538607114
5349343,686.306408936641
5350344,662.5123364022212
5351345,169.90704807510255
5352346,671.4047402788148
5353347,688.74017132017
5354348,664.6835540378288
5355349,673.4641347976813
5356350,689.8996739189806
5357351,692.6327640335992
5358352,665.123315873001
5359353,406.7940122629528
5360354,688.7463554235616
5361355,679.5784953487797
5362356,692.7950011980364
5363357,693.9775075687297
5364358,689.6018886727613
5365359,663.1622794268933
5366360,692.0949177093972
5367361,689.9577489324276
5368362,678.7094580493265
5369363,675.0060660186584
5370364,646.1049560760803
5371365,697.1979143540176
5372366,686.9391199347023
5373367,694.6603430354827
5374368,692.7627655118197
5375369,663.5554918653435
5376370,698.0841708604999
5377371,678.0929040757945
5378372,679.639826650121
5379373,693.2367718430722
5380374,683.202355862899
5381375,678.8136783013052
5382376,682.6651258468745
5383377,686.4475295865618
5384378,681.0875574423719
5385379,691.2110732678447
5386380,672.9360482126364
5387381,685.2995881032741
5388382,460.7113222832518
5389383,677.6262403641646
5390384,659.8298351919757
5391385,693.1547749006622
5392386,686.1767033419386
5393387,687.7802280024092
5394388,693.4116882177278
5395389,672.1134230377241
5396390,662.9600724521441
5397391,687.6166166191305
5398392,692.4805944382163
5399393,687.495468656173
5400394,688.2819334765405
5401395,689.8085254044297
5402396,694.4900837580614
5403397,691.8341567845217
5404398,693.1147640157205
5405399,682.2394839701406
5406400,649.7971616396705
5407401,690.1141863186706
5408402,658.5204131709804
5409403,684.582414541365
5410404,660.1359064692697
5411405,671.7125074554018
5412406,676.4897385517561
5413407,170.8341055300171
5414408,678.8505854779062
5415409,670.4908015783284
5416410,678.7055221890594
5417411,695.5028390176418
5418412,682.1113802565202
5419413,678.8602998030434
5420414,674.8069053833545
5421415,646.5914631498435
5422416,677.8834310511563
5423417,177.07167386443743
5424418,665.7086869111312
5425419,281.3440607392278
5426420,655.0285691979092
5427421,641.8940195099606
5428422,676.513992573541
5429423,647.0674466307536
5430424,669.4262093765085
5431425,641.0999969299888
5432426,319.5688900615802
5433427,667.9835058546728
5434428,666.1569848679171
5435429,685.7723958346305
5436430,684.7345375425681
5437431,677.1408130345603
5438432,680.2062772546215
5439433,229.26635415121663
5440434,684.7953863457075
5441435,650.3299767649048
5442436,674.0333111981504
5443437,676.6701886587726
5444438,667.312072024125
5445439,672.4942653639702
5446440,674.2481440261022
5447441,666.3028077855048
5448442,675.7604768935598
5449443,652.8880316614649
5450444,637.2083600701344
5451445,662.6558412865412
5452446,646.7273188457292
5453447,661.0737215767991
5454448,650.9332455344535
5455449,591.5857143547997
5456450,639.119634077884
5457451,658.8239049558371
5458452,672.546266340007
5459453,658.2235535292684
5460454,675.7248581171357
5461455,671.7436994343435
5462456,662.0879192002426
5463457,676.376000580887
5464458,650.4592288499072
5465459,677.092666293099
5466460,634.3883689586463
5467461,628.873001793908
5468462,659.9859002657538
5469463,664.9729900596448
5470464,659.1177054292166
5471465,662.7501444841913
5472466,668.5018993758516
5473467,644.2073064934691
5474468,674.1048628295468
5475469,663.7166892485042
5476470,662.3762955601068
5477471,647.5727116409798
5478472,669.6297281728494
5479473,668.2973256726966
5480474,633.7283019033401
5481475,676.2114556406899
5482476,470.4391787311233
5483477,667.6619378544103
5484478,658.7568505291672
5485479,678.221853630538
5486480,247.64369210400488
5487481,662.9086812127243
5488482,655.7916485741681
5489483,627.3314590363943
5490484,251.69258149228642
5491485,200.11827156626825
5492486,661.3478117822268
5493487,660.3423663475197
5494488,661.1488802546894
5495489,665.5222882076058
5496490,634.7566753169161
5497491,678.5295513908717
5498492,452.4234454329997
5499493,667.7251411752991
5500494,678.8074333749457
5501495,681.0996409685821
5502496,652.3420886994121
5503497,670.7766716188909
5504498,664.7342193617606
5505499,657.5494765980121
5506500,639.3887289785306
5507501,677.1619409949652
5508502,668.584088969918
5509503,694.1380912225194
5510504,683.1861118875469
5511505,672.3001442680717
5512506,676.1506565016933
5513507,670.4492736935108
5514508,668.0636624294361
5515509,666.7764989760982
5516510,299.3765696574498
5517511,666.2004442807047
5518512,689.1393932213047
5519513,645.0436751671016
5520514,667.0786582070087
5521515,647.4347572671171
5522516,666.9047236190125
5523517,661.7464474618193
5524518,672.4186044594204
5525519,681.4589841872405
5526520,671.9765004512433
5527521,682.0813089042754
5528522,682.0006385612563
5529523,680.0993642376101
5530524,677.0199377116553
5531525,684.760498707818
5532526,677.8001777170973
5533527,679.8755152315665
5534528,663.5031986023208
5535529,650.8536260865397
5536530,626.4820319962209
5537531,654.1998368288298
5538532,689.8043326759473
5539533,655.5186339491236
5540534,656.7692614138507
5541535,638.3543839376503
5542536,640.9973114065559
5543537,665.2809594698592
5544538,674.5668834384388
5545539,651.3017683943865
5546540,667.2131868063402
5547541,669.8450274970967
5548542,654.7522643236794
5549543,675.4443632141704
5550544,622.5882553636154
5551545,603.4649263897642
5552546,685.8504371654244
5553547,648.2257381664962
5554548,677.93342910037
5555549,679.0240742215503
5556550,460.29622289805593
5557551,678.2196834724726
5558552,669.6187362982917
5559553,654.7486437225142
5560554,565.8804794663046
5561555,668.9695940797353
5562556,661.994633738248
5563557,668.2444031200214
5564558,671.0846906624955
5565559,686.3124104964423
5566560,661.3157515185768
5567561,684.3742051143896
5568562,670.9494615211423
5569563,652.8363034516002
5570564,678.3812191116081
5571565,683.5487744772473
5572566,671.8481729608465
5573567,679.3622362011796
5574568,676.1961936101301
5575569,691.696767663888
5576570,678.0411000657517
5577571,557.9582544535492
5578572,680.8139451601977
5579573,673.5843642655705
5580574,685.7053456472935
5581575,675.799611031712
5582576,651.615046455931
5583577,680.815063552705
5584578,689.4512744585373
5585579,669.8212166222078
5586580,648.1133516500074
5587581,671.1567673446641
5588582,673.2289609707318
5589583,678.8622939476476
5590584,668.7835957643899
5591585,691.4020852988218
5592586,681.8513664337502
5593587,688.8203689639057
5594588,693.51934980086
5595589,679.0070287247892
5596590,691.2651700100758
5597591,578.1468799309758
5598592,663.6807095880228
5599593,686.7466511500122
5600594,682.9448863254294
5601595,693.6490675366103
5602596,684.4729811726864
5603597,687.3847119813269
5604598,689.1769626081218
5605599,695.0632071085186
5606600,699.025465111405
5607601,681.6593440890626
5608602,669.3880755257151
5609603,546.4625918477525
5610604,664.6045225315402
5611605,694.7145574222181
5612606,692.5674034883612
5613607,689.1462528968598
5614608,695.2237543358492
5615609,693.0155203929006
5616610,694.4978570125082
5617611,689.4667896419497
5618612,693.7171428913555
5619613,680.9584030641973
5620614,685.6880609697894
5621615,688.3895480611396
5622616,689.9107757274803
5623617,688.1832237639504
5624618,677.2829771112692
5625619,671.3958993664679
5626620,693.1677272592681
5627621,690.6638562963374
5628622,684.6245763993107
5629623,682.095483628107
5630624,337.95529804803186
5631625,666.4671694021667
5632626,661.4116541504193
5633627,653.773995369767
5634628,666.4523976904418
5635629,670.0661779029693
5636630,692.3031615506677
5637631,686.7502371539163
5638632,685.7285149936729
5639633,687.6691274982827
5640634,675.4193755749018
5641635,659.9131951198026
5642636,675.9072756277002
5643637,687.039538956489
5644638,690.4845921536363
5645639,676.4873940151375
5646640,667.6928575327164
5647641,689.3731311936754
5648642,683.8000187698449
5649643,696.3736549161524
5650644,682.9326287409997
5651645,692.5990496147081
5652646,650.4816317624519
5653647,675.5516471213657
5654648,690.8388513902502
5655649,686.5137131602326
5656650,694.506719119548
5657651,671.1179053328912
5658652,684.9799463173566
5659653,680.8240473402299
5660654,667.3232636876488
5661655,692.3967841615894
5662656,692.6814437897193
5663657,668.5428732040914
5664658,687.0765795484325
5665659,688.0698618948983
5666660,657.0297159698935
5667661,678.1481662747022
5668662,697.3068046181027
5669663,695.6236369910401
5670664,686.310256148098
5671665,682.0373326296183
5672666,686.8619390619554
5673667,689.5873350527099
5674668,690.8502985814158
5675669,691.5037924333119
5676670,693.9633825785279
5677671,691.9768540731442
5678672,693.2658756464832
5679673,690.6998672858319
5680674,690.4286574597488
5681675,693.9365676319338
5682676,692.6072486171695
5683677,678.9654212684659
5684678,691.9230100887181
5685679,692.7577907813949
5686680,674.4436784989754
5687681,687.9723575557347
5688682,689.4850997948972
5689683,693.2557121625284
5690684,689.2998925607691
5691685,691.6267874547851
5692686,693.3501302469964
5693687,675.3068197935062
5694688,692.8891419434517
5695689,691.8751432134011
5696690,679.49026637861
5697691,684.8247728687065
5698692,686.272840894101
5699693,677.2177412901136
5700694,687.1626350381538
5701695,692.4300922744826
5702696,685.789211516858
5703697,681.1072493416406
5704698,684.7428394458899
5705699,692.8679574948941
5706700,687.0881371684247
5707701,693.4722689127519
5708702,690.8306062477214
5709703,690.693322248118
5710704,569.1277975009625
5711705,198.9948695877495
5712706,687.5303416094632
5713707,675.2333242439672
5714708,168.0892092533484
5715709,695.2430964360622
5716710,688.5190231794041
5717711,479.0216319409716
5718712,183.8620607112168
5719713,683.8142581923644
5720714,683.5740311124158
5721715,697.165567091573
5722716,684.3405195843626
5723717,691.893607031699
5724718,694.5492845748633
5725719,670.3581699070111
5726720,558.3244617507045
5727721,674.0095317165587
5728722,679.2353303946043
5729723,692.5252561437725
5730724,372.7538210685595
5731725,662.3256200097941
5732726,696.4296048977704
5733727,689.11172556875
5734728,694.5044455728558
5735729,685.14762999774
5736730,692.1860892822374
5737731,692.5909486863014
5738732,689.2472900138829
5739733,690.1144740133635
5740734,694.1171847335313
5741735,464.8788285922882
5742736,688.1533680128183
5743737,673.7603853644549
5744738,686.4969299577642
5745739,680.8505219539238
5746740,689.6358107017692
5747741,687.2381678365687
5748742,695.0070560652722
5749743,694.0594681072466
5750744,676.2506896496467
5751745,681.4566255010413
5752746,690.3120580088734
5753747,677.3130101274314
5754748,694.1978914597262
5755749,655.756846467797
5756750,680.7681538565895
5757751,682.851461519046
5758752,695.3272676852298
5759753,678.2862269607119
5760754,693.7205087485979
5761755,693.6995932401884
5762756,694.3068051710668
5763757,688.3010081270077
5764758,683.7188217849139
5765759,684.8181975184867
5766760,694.5061522864916
5767761,690.7651627259552
5768762,695.7597318025911
5769763,692.7917696911248
5770764,697.1724217506785
5771765,693.0578522640029
5772766,656.3112208833944
5773767,695.6747428532269
5774768,687.4994978702094
5775769,696.1545366411034
5776770,681.3528661272823
5777771,690.9212420280819
5778772,701.1349863532229
5779773,687.480671730648
5780774,698.1623784172542
5781775,693.406796238674
5782776,686.6477964411218
5783777,342.1419396677983
5784778,691.8002202777863
5785779,684.5732956076168
5786780,699.5905663581808
5787781,692.1961639928581
5788782,698.4652492814377
5789783,698.9039350340216
5790784,698.759772577703
5791785,700.1219424723064
5792786,687.656012245194
5793787,687.6216815872119
5794788,698.8556131538772
5795789,698.619064716128
5796790,677.0785415600353
5797791,696.7899922932406
5798792,697.2880806210018
5799793,698.9255341529026
5800794,698.3764913862898
5801795,692.7238093204375
5802796,700.1182276315257
5803797,696.4836521036306
5804798,676.0880180459943
5805799,698.9043357660821
5806800,695.1688246274423
5807801,677.11145830298
5808802,697.0154049035192
5809803,693.599762853092
5810804,693.7299092431982
5811805,697.9156278834174
5812806,697.3301100676942
5813807,683.7762083620738
5814808,689.8410568084431
5815809,697.3210301141617
5816810,214.29805603384466
5817811,692.6052338400797
5818812,699.1085823216882
5819813,699.4774174918628
5820814,673.8408242189813
5821815,687.1277471823905
5822816,701.4856284689014
5823817,637.6238519313789
5824818,689.1331548910048
5825819,694.1588679486908
5826820,683.5932526367583
5827821,685.2758817678005
5828822,682.9187191944791
5829823,690.294814805704
5830824,696.0280737756422
5831825,692.1290880522138
5832826,688.2681557053858
5833827,674.4264602700293
5834828,693.5661018160461
5835829,699.6168171843306
5836830,699.0026135210475
5837831,695.7559190360971
5838832,691.135646304616
5839833,656.5187063720838
5840834,687.1862964843137
5841835,693.2798667506822
5842836,693.4105919950485
5843837,694.4259735841495
5844838,699.5479915013117
5845839,688.6371019812052
5846840,376.65184026080703
5847841,679.3863901238316
5848842,679.8777576442449
5849843,696.9181103638574
5850844,692.357433864227
5851845,678.8202183630268
5852846,697.4758942065943
5853847,691.8989236347206
5854848,699.948478661688
5855849,687.7613368642553
5856850,696.0276606859758
5857851,631.7318266227051
5858852,687.2157780306703
5859853,691.8960450791459
5860854,692.383317142562
5861855,687.8376793653521
5862856,689.2635156800447
5863857,693.2442105832608
5864858,684.6874546586491
5865859,545.7443275028991
5866860,672.0488585543301
5867861,690.8668933005251
5868862,684.1833434960793
5869863,689.6349832152347
5870864,657.2744270939662
5871865,679.7098806495756
5872866,671.8922573291518
5873867,691.6912416313248
5874868,669.1772438742529
5875869,690.4578703995572
5876870,690.7648855357511
5877871,694.7868642195727
5878872,692.0479594140734
5879873,692.3113271883543
5880874,181.10703589123787
5881875,691.9079621943605
5882876,689.342045668411
5883877,689.3050909907092
5884878,682.7538697122272
5885879,365.65717777230344
5886880,657.1813880899464
5887881,691.9411235537923
5888882,695.128688549115
5889883,675.2839398282713
5890884,691.3842763043031
5891885,689.89401447842
5892886,700.6516912926884
5893887,691.9540113092884
5894888,699.185893046276
5895889,698.5667274839751
5896890,692.3103147658468
5897891,191.40141169392908
5898892,698.0949665831902
5899893,696.2248198619644
5900894,700.0823322155522
5901895,701.7477381466565
5902896,692.4957230363942
5903897,702.3433171190661
5904898,658.1113628794418
5905899,696.9045685364524
5906900,694.5222697368584
5907901,695.491393059425
5908902,700.8465068631208
5909903,698.1363524849287
5910904,699.0664963441207
5911905,144.31839765457113
5912906,688.9448568705366
5913907,688.5531191565415
5914908,700.0559103049527
5915909,684.4543231799558
5916910,698.7746147254923
5917911,690.2524091423027
5918912,701.0772520751894
5919913,696.7074596288151
5920914,701.3797563564959
5921915,688.2689219201662
5922916,691.402173275928
5923917,695.9579303570174
5924918,704.84826954087
5925919,700.569425927764
5926920,701.4339327200432
5927921,701.2906650325724
5928922,694.4629266066877
5929923,682.5888979032376
5930924,702.2611495507417
5931925,690.6053172081621
5932926,695.1183187474493
5933927,690.1253410844052
5934928,696.1170260301709
5935929,700.898366394792
5936930,700.2371050497562
5937931,697.2677658923469
5938932,694.5866553063296
5939933,694.0693214507708
5940934,683.603396800001
5941935,695.8800354508933
5942936,672.3426249364232
5943937,678.1508940527949
5944938,692.9483284467025
5945939,675.16953804925
5946940,694.460122755006
5947941,698.3491011978286
5948942,691.6611445997216
5949943,699.275915160176
5950944,694.790372815155
5951945,689.3326510528827
5952946,675.9088092168884
5953947,698.0133681238998
5954948,681.872310738983
5955949,698.5549275789718
5956950,675.7372868934308
5957951,693.7120076099153
5958952,692.7118214411611
5959953,695.5709547595499
5960954,688.0978777831333
5961955,697.586106547143
5962956,692.7595798347938
5963957,684.0483735602779
5964958,687.9984720941055
5965959,676.0430738129634
5966960,691.3646497244813
5967961,692.5457917048557
5968962,689.371882961762
5969963,691.8400182312627
5970964,681.6003359917034
5971965,673.7811650639005
5972966,696.4747527980704
5973967,695.8589306887984
5974968,691.7008645861146
5975969,689.829932190938
5976970,680.334762557307
5977971,696.0110007996637
5978972,696.570161902463
5979973,682.2066094368987
5980974,677.0079157680428
5981975,692.8802563667567
5982976,697.6274021167834
5983977,697.4508185195889
5984978,690.7578076622425
5985979,694.979232751632
5986980,695.4291794189572
5987981,684.1240551551508
5988982,571.4081924378055
5989983,511.24605109795505
5990984,691.1291549905578
5991985,697.1404520459184
5992986,691.8912937212912
5993987,600.8634702875304
5994988,669.5833340966985
5995989,686.2456653639998
5996990,171.37679890707722
5997991,680.7947980936647
5998992,691.4180511865114
5999993,694.0757972805208
6000994,689.3837474767045
6001995,684.7634626372095
6002996,692.5882418945052
6003997,671.1651042513371
6004998,692.2025122632881
6005999,692.476932907307
6007000,697.2887971369379
6008001,695.266729526457
6009002,690.4214428140301
6010003,697.2394361403115
6011004,696.1325659059306
6012005,603.4856693751467
6013006,247.1350432299504
6014007,700.9229230957741
6015008,699.7877178815827
6016009,215.555469289515
6017010,688.4827410357542
6018011,700.9814881308433
6019012,244.43687054313884
6020013,652.7691263608647
6021014,662.3191838827863
6022015,698.2486487106261
6023016,691.9921798255042
6024017,703.2194828035134
6025018,686.0772735589832
6026019,701.5103009494079
6027020,676.7829281999144
6028021,685.1461677111683
6029022,701.6602169925759
6030023,689.430642239716
6031024,691.6143344615546
6032025,699.8264387981822
6033026,699.4742199742035
6034027,699.9543158306146
6035028,656.1147194246728
6036029,698.5774944607986
6037030,687.3920377561022
6038031,696.9957588691201
6039032,702.6293841899299
6040033,678.8349156926523
6041034,693.2786121845306
6042035,492.59934077739604
6043036,689.3496185635217
6044037,699.986432474208
6045038,699.3409239887573
6046039,690.3028260431665
6047040,668.7433985775212
6048041,702.229546524864
6049042,696.511454759094
6050043,687.1040827606781
6051044,693.1670000993524
6052045,697.8702160877885
6053046,683.5404762261909
6054047,702.521058891461
6055048,671.9616127006619
6056049,695.2763629565796
6057050,691.9282792161846
6058051,701.926469600414
6059052,690.0044160625466
6060053,697.9825609453434
6061054,698.4565636312556
6062055,702.783386449904
6063056,703.3647112081886
6064057,697.0633130627991
6065058,699.6571974069236
6066059,674.1032751868044
6067060,677.8668793743651
6068061,697.5787925548988
6069062,698.5005484669861
6070063,695.2092768768886
6071064,699.1967796587372
6072065,702.395643521662
6073066,694.2031253733676
6074067,685.7007839943245
6075068,704.0909794959384
6076069,691.5577369875572
6077070,702.9294044715833
6078071,700.2766684690654
6079072,696.9440872879846
6080073,703.8497853738178
6081074,674.8402601606949
6082075,698.736099209615
6083076,694.681229900121
6084077,671.4754847855671
6085078,545.099345088022
6086079,698.7471588879636
6087080,586.490885243809
6088081,614.1096034412577
6089082,691.9407393143957
6090083,700.2130878288683
6091084,697.2501525952598
6092085,697.198134977262
6093086,692.8254968500471
6094087,677.0083458976467
6095088,188.39082796562846
6096089,695.1411465731518
6097090,699.4855328816833
6098091,700.2109658290979
6099092,699.8824449568182
6100093,701.2437415701379
6101094,278.57425789182804
6102095,700.8393298478381
6103096,697.2437110083172
6104097,695.9660254564468
6105098,700.8104140933855
6106099,692.7003002315961
6107100,694.0061920455948
6108101,691.8927778130272
6109102,465.6101531369962
6110103,695.737392235893
6111104,698.7067821596387
6112105,698.3625513406628
6113106,695.3170637170197
6114107,698.2378695235016
6115108,695.1776996646074
6116109,694.1426540509833
6117110,702.9277505619557
6118111,702.9538474402716
6119112,697.4003006847871
6120113,700.2509700964991
6121114,699.5272640122682
6122115,693.9721776140045
6123116,692.4312461282009
6124117,664.611331767532
6125118,692.2572003695537
6126119,697.9667557722116
6127120,687.5575719171466
6128121,691.0633720505123
6129122,687.3518551269063
6130123,696.5459450446803
6131124,677.2244131115494
6132125,697.2794829608968
6133126,690.2001678844791
6134127,692.6781869207924
6135128,693.6302390129988
6136129,693.0786443956767
6137130,695.5504540941575
6138131,694.9261862167598
6139132,676.6196348632121
6140133,689.8079881276354
6141134,682.4687317494584
6142135,695.0000835586435
6143136,679.6406114525433
6144137,694.7978120699946
6145138,687.973616964655
6146139,691.002822944335
6147140,690.3925136828029
6148141,685.3986801282875
6149142,693.0968214573547
6150143,673.4915686678733
6151144,689.6907750131595
6152145,681.1671007148107
6153146,687.7499993778274
6154147,692.595714777404
6155148,673.1986981970911
6156149,688.79087926957
6157150,682.614748083142
6158151,691.1596931917289
6159152,684.3704103527442
6160153,681.4179109247808
6161154,684.5009717823161
6162155,684.6181589614864
6163156,692.4466029901282
6164157,686.6786711787647
6165158,689.419688726913
6166159,681.6862632421378
6167160,681.5587658295836
6168161,689.1556398173192
6169162,667.1902543421073
6170163,683.7612887774322
6171164,683.8890780296321
6172165,691.5612998745396
6173166,684.7596139905809
6174167,693.5600928425558
6175168,691.7092129176343
6176169,694.0348901383164
6177170,690.6098322481412
6178171,663.7758808711832
6179172,667.2215985129253
6180173,683.9943046999992
6181174,666.9971089186882
6182175,683.0717746123803
6183176,686.1195160282016
6184177,677.4359675071377
6185178,677.4543159422352
6186179,685.0563288514146
6187180,678.1628420231207
6188181,680.3173428882179
6189182,657.9908196718192
6190183,697.6970207571017
6191184,651.334807936788
6192185,686.2945040109933
6193186,684.1857475314605
6194187,682.3571387736763
6195188,693.9539780251267
6196189,671.9064368696347
6197190,689.808105450654
6198191,683.2604603256541
6199192,680.0214575440456
6200193,677.5392697169456
6201194,690.4799600797164
6202195,678.8807885203604
6203196,680.4299054841422
6204197,672.2709592008699
6205198,682.3776888147858
6206199,673.0983975440415
6207200,690.6567684397785
6208201,679.147040971735
6209202,324.1858833389052
6210203,676.1324085572927
6211204,676.5485970283875
6212205,188.00209472025952
6213206,680.8034639086214
6214207,686.2064385508794
6215208,671.9828043644546
6216209,686.916106609843
6217210,676.2845716383812
6218211,672.0443897287038
6219212,633.7217921053515
6220213,629.0389767107923
6221214,650.2294350631608
6222215,667.4864672047631
6223216,661.5621911461379
6224217,641.252063002147
6225218,453.45507159649935
6226219,621.4289446724567
6227220,642.2699874514756
6228221,591.5259672967696
6229222,646.1972965983059
6230223,606.1099610110612
6231224,632.2347122885836
6232225,635.6661011954156
6233226,624.9247291115599
6234227,606.120397441005
6235228,584.9867465813604
6236229,661.4699884696488
6237230,645.619055704732
6238231,512.8123168820196
6239232,586.455523347096
6240233,644.1807261266191
6241234,640.1354590032909
6242235,594.1454968537838
6243236,662.585595478677
6244237,668.3471537167874
6245238,671.7284437957677
6246239,636.6767422218327
6247240,669.7053397129637
6248241,588.2613442060446
6249242,625.3340975630065
6250243,428.84221355532986
6251244,658.6092116143564
6252245,673.9848616863271
6253246,673.2701764180547
6254247,670.7124268406429
6255248,676.2377064138338
6256249,663.9832678405498
6257250,596.938671758293
6258251,666.8242439881363
6259252,559.2637135677278
6260253,665.2469208638305
6261254,684.641262122632
6262255,634.3319146429097
6263256,676.2728477152381
6264257,660.2520231999079
6265258,683.8406731969403
6266259,543.9928750505644
6267260,553.5769639758946
6268261,620.9905495297281
6269262,182.53743663057358
6270263,692.2269859744868
6271264,671.9651366881739
6272265,191.4935242986569
6273266,659.8563234103381
6274267,672.7352318890294
6275268,666.5724234845771
6276269,676.3685659784613
6277270,686.1354800961901
6278271,684.6988968424148
6279272,680.2203391295395
6280273,688.2058745561474
6281274,679.5688983934484
6282275,676.7532342227535
6283276,668.8552238322671
6284277,686.0882110066243
6285278,687.4009920058128
6286279,684.009849137949
6287280,686.916820610306
6288281,684.7590260004008
6289282,650.5906568712728
6290283,611.2138166594365
6291284,683.1724116679723
6292285,694.4580361783861
6293286,688.1167499168587
6294287,661.681231982697
6295288,684.9729209841615
6296289,677.176472813991
6297290,687.5706378257448
6298291,673.7393059949264
6299292,684.1969724390888
6300293,562.551615005354
6301294,694.9253080341991
6302295,678.2762510928242
6303296,689.4166959647761
6304297,690.925266187495
6305298,692.330685791099
6306299,678.1591844953015
6307300,659.0349694902377
6308301,684.4399540170981
6309302,694.7029228166502
6310303,687.2714104850315
6311304,697.5573330039914
6312305,687.6390355320187
6313306,693.3289045935885
6314307,675.060254377871
6315308,692.4989101450382
6316309,697.1054823303361
6317310,692.479018924594
6318311,676.1512063472757
6319312,669.5909499393539
6320313,695.3204711199161
6321314,668.0864621960956
6322315,685.6221141691814
6323316,693.0053156314963
6324317,697.6040779498119
6325318,685.507475936622
6326319,688.780258277447
6327320,693.3751854179787
6328321,694.1624533433137
6329322,673.3518659750597
6330323,687.5960207771051
6331324,689.8163501403096
6332325,688.7911206246284
6333326,676.7961179038269
6334327,690.4479349417106
6335328,690.4089480683803
6336329,663.1049133986282
6337330,679.8183807547235
6338331,690.4194199339723
6339332,655.8793602541741
6340333,690.2961085220123
6341334,686.794660196972
6342335,689.0181938178152
6343336,687.4970017509964
6344337,683.0673418637355
6345338,682.5814377821977
6346339,683.4375222000451
6347340,685.7069854786467
6348341,681.3637778012359
6349342,677.6401886195704
6350343,683.1222364072324
6351344,684.117857191282
6352345,682.4116127105353
6353346,691.1135774455088
6354347,655.963901418968
6355348,664.4256879148439
6356349,679.1433893348614
6357350,682.637744257173
6358351,681.2415145129414
6359352,680.2298562801857
6360353,685.5539335497923
6361354,680.1766564704398
6362355,674.9586840623745
6363356,680.0225664648061
6364357,687.1508063174257
6365358,676.4781127213262
6366359,655.5913215358976
6367360,661.567980138728
6368361,640.1683484294862
6369362,681.7764064436842
6370363,403.4828670549779
6371364,660.3341746306403
6372365,665.777855041611
6373366,675.6860425997467
6374367,669.3803160816477
6375368,671.7127423357855
6376369,676.0362574782796
6377370,682.3209229062707
6378371,675.7547056578518
6379372,666.4735061519357
6380373,682.4624172335704
6381374,662.0927971055859
6382375,683.9786129946591
6383376,671.6144503657032
6384377,672.3873462641865
6385378,675.7858129560543
6386379,680.5033804486145
6387380,681.0193770948708
6388381,651.3124818486498
6389382,673.557011011791
6390383,672.93657640618
6391384,664.8537009964399
6392385,687.4862295093517
6393386,679.2551001570795
6394387,169.2257006150215
6395388,684.3307320904681
6396389,674.2201998682556
6397390,691.7367448440457
6398391,682.4287384020184
6399392,684.0620210386389
6400393,675.9768444430133
6401394,690.3730599669215
6402395,691.0624792564963
6403396,686.4149688772317
6404397,685.5255077281064
6405398,682.1695665001145
6406399,624.8930975624492
6407400,694.3300508572593
6408401,686.7840238811498
6409402,678.686986268762
6410403,692.0619644193613
6411404,689.4114225740365
6412405,214.42151869686504
6413406,452.47668140261885
6414407,685.5030887263542
6415408,695.7246698821149
6416409,693.3732418821114
6417410,690.7024355987477
6418411,680.4489638666413
6419412,691.8336899639428
6420413,689.9613440761707
6421414,158.5206979131806
6422415,696.8499626474842
6423416,681.3970246817719
6424417,689.3243211157658
6425418,672.5547245835556
6426419,679.1726142555709
6427420,698.3503892863714
6428421,686.3566547563933
6429422,690.2546429698247
6430423,694.5167206984112
6431424,693.7176472767924
6432425,696.0021646726188
6433426,678.1125625185265
6434427,668.4170628861864
6435428,674.7825027270893
6436429,685.5307817550924
6437430,693.6021136067841
6438431,165.4332910498701
6439432,692.9056290009208
6440433,687.5819221219178
6441434,675.4793502249224
6442435,688.396077834545
6443436,694.0842030542332
6444437,686.5401406424237
6445438,686.3056408964585
6446439,664.896957175654
6447440,674.3891823585565
6448441,665.8626985004506
6449442,695.806124056946
6450443,696.9593553525567
6451444,683.5235885203477
6452445,692.8631481768797
6453446,687.4125682605692
6454447,694.50916568274
6455448,679.8661136814949
6456449,688.0744372278199
6457450,697.8981158693975
6458451,689.4039126828599
6459452,695.238312224717
6460453,693.9972124754557
6461454,694.5847288748712
6462455,692.7403094748161
6463456,695.2578605403709
6464457,677.7815937253866
6465458,675.2582692554006
6466459,692.1852072978559
6467460,559.2267311012387
6468461,671.9035656546697
6469462,686.756594221913
6470463,693.3727767205442
6471464,694.3373123751837
6472465,439.8155248450189
6473466,686.2874326111461
6474467,180.90146857776648
6475468,688.8802580941937
6476469,687.6384506022695
6477470,658.5576946307651
6478471,691.0989117540068
6479472,683.4422901815059
6480473,680.2259448092833
6481474,690.6788578530452
6482475,670.7844298252721
6483476,633.5987631841799
6484477,685.0910192270794
6485478,661.3326479495707
6486479,547.9173089264289
6487480,686.8692595282055
6488481,690.4555551927264
6489482,685.2872131808831
6490483,686.565965288177
6491484,675.7144612698405
6492485,670.4188676619303
6493486,679.6253238421773
6494487,684.3406829510552
6495488,692.2701353375963
6496489,674.5756739087527
6497490,684.1012997560807
6498491,690.3761801440031
6499492,678.1404417293393
6500493,679.4962654155685
6501494,686.1247024866748
6502495,653.9294634536991
6503496,682.2789354515215
6504497,208.9811408874221
6505498,681.9993200379896
6506499,677.3871078171738
6507500,681.8638446256884
6508501,687.3696371387352
6509502,691.2438681119011
6510503,689.8023529869058
6511504,682.65979048284
6512505,679.8016636115058
6513506,684.9676144022682
6514507,690.2746022965711
6515508,689.4695450143425
6516509,688.1250824589572
6517510,682.6816625188775
6518511,530.9636050904851
6519512,659.3181089836191
6520513,690.8060550122702
6521514,652.8842513703765
6522515,692.841701583535
6523516,689.3607411083955
6524517,681.6423958744107
6525518,656.1938395199993
6526519,682.3521878872072
6527520,689.4408545045947
6528521,670.2231474970774
6529522,671.8938796157597
6530523,692.6875033917526
6531524,683.2783322796613
6532525,678.9359061075706
6533526,689.346232249176
6534527,685.4790671634325
6535528,673.6420763734686
6536529,692.6400821901258
6537530,685.7720193248512
6538531,692.1199713032221
6539532,692.8988318291968
6540533,683.914172474337
6541534,688.9003158677926
6542535,683.8786274739266
6543536,691.2308118663994
6544537,693.4930891152909
6545538,696.1479063906564
6546539,694.3176246621348
6547540,694.392820859502
6548541,696.0495115732302
6549542,698.100149416321
6550543,700.1036774629105
6551544,672.3095513015498
6552545,691.5311556187917
6553546,685.9120374746856
6554547,693.5065781368793
6555548,667.2904508562958
6556549,694.1417760462386
6557550,674.4908358102671
6558551,685.176385821049
6559552,695.7603143842023
6560553,694.000955273678
6561554,695.0279562148793
6562555,699.7916528101298
6563556,696.8975567293418
6564557,695.3358665153186
6565558,697.2938500814431
6566559,690.587608487252
6567560,696.2696857690944
6568561,665.3170673426087
6569562,696.2005848930736
6570563,696.1644871498388
6571564,685.5383130780086
6572565,696.6605736157445
6573566,697.9982081303089
6574567,700.0005433296119
6575568,690.377143733285
6576569,702.8773581753123
6577570,689.9671202075671
6578571,689.8410003735004
6579572,674.4260165631064
6580573,691.2352895512108
6581574,698.51959058671
6582575,697.9178188273198
6583576,701.7385667694258
6584577,697.9483269035053
6585578,689.3945306156196
6586579,699.0136893278473
6587580,700.1383354656057
6588581,695.4851814345532
6589582,693.8393930314772
6590583,700.9936213673864
6591584,694.3374196040495
6592585,695.9347623341448
6593586,699.2140902679081
6594587,702.894904327938
6595588,687.7798330528396
6596589,697.7229829454783
6597590,699.8508068278189
6598591,698.3755971194388
6599592,701.0785407051638
6600593,699.4119657280762
6601594,700.2307562958986
6602595,678.1317626691966
6603596,692.9789153210345
6604597,696.9493181609598
6605598,695.6625752327282
6606599,698.5957877310032
6607600,700.5872273270877
6608601,694.3899281723153
6609602,701.058854341204
6610603,690.9002845385567
6611604,697.3227331154658
6612605,682.3269228433736
6613606,695.4322077236732
6614607,686.0241003371465
6615608,693.355976255332
6616609,692.2798187459982
6617610,699.3466619121656
6618611,689.7090306372653
6619612,692.2455516470854
6620613,672.3724248510929
6621614,484.06918122994676
6622615,691.645377181933
6623616,679.6926871629471
6624617,691.8586339842715
6625618,693.6590573833382
6626619,670.7562809807331
6627620,588.4633757224431
6628621,691.762205000771
6629622,695.4626880147038
6630623,690.6908391768113
6631624,650.3957207861296
6632625,693.7763816651684
6633626,678.2364301980324
6634627,691.5343850063316
6635628,681.5298029379994
6636629,692.1148734696988
6637630,693.097928880904
6638631,457.0343924417753
6639632,677.9618761194133
6640633,690.4061003642734
6641634,697.7230268554611
6642635,512.2424550885526
6643636,684.680738264385
6644637,664.5855709557364
6645638,686.1878926073543
6646639,685.3297344771838
6647640,668.7900947146036
6648641,679.4589820189013
6649642,498.7840825531088
6650643,680.7668186420083
6651644,681.3981921950249
6652645,693.6508187878487
6653646,689.7492820839368
6654647,684.9786888821712
6655648,689.9414718492473
6656649,689.5479300842633
6657650,682.9166196889918
6658651,686.3244124326591
6659652,691.6940945493512
6660653,686.9619341543282
6661654,687.1184698268817
6662655,684.887416414927
6663656,683.9140674210986
6664657,666.7670907234544
6665658,672.3112971233091
6666659,663.7885830403061
6667660,687.4499378983377
6668661,671.5131358761054
6669662,685.4240177600982
6670663,687.7232039768626
6671664,681.2433347686492
6672665,679.3474575818813
6673666,682.6632283511678
6674667,680.6232189192564
6675668,684.751980765842
6676669,679.6283997495942
6677670,682.1610383921227
6678671,688.725760098184
6679672,685.0900701329515
6680673,678.732828184381
6681674,682.7920916923512
6682675,690.5719732031241
6683676,673.2771053989218
6684677,684.4649830608186
6685678,683.3097980590954
6686679,686.2490205533927
6687680,649.5298654838581
6688681,686.029072922648
6689682,671.2784667719777
6690683,681.2714067246521
6691684,676.3447382970324
6692685,671.8304747088595
6693686,686.6409264612755
6694687,669.4656588801482
6695688,683.7306176976313
6696689,686.8569469269207
6697690,681.4128649676618
6698691,679.7905014600858
6699692,635.463422365119
6700693,679.8396318306953
6701694,680.7528751034549
6702695,681.3310626794502
6703696,692.5106978111712
6704697,674.2262200161966
6705698,686.4795259317075
6706699,691.4879553184852
6707700,693.0480746888923
6708701,681.3657980358433
6709702,679.1173004163601
6710703,690.1647618175666
6711704,661.7428452659942
6712705,371.88636346116493
6713706,686.8043345233698
6714707,672.6202300584918
6715708,680.5636335010992
6716709,685.1438684092678
6717710,688.2417752332103
6718711,685.3435463939926
6719712,688.1101703852295
6720713,676.9730625957294
6721714,665.4094024158422
6722715,687.0094530985505
6723716,656.1793467915751
6724717,689.6113389386824
6725718,677.7463464115034
6726719,680.3402276714836
6727720,681.243696834167
6728721,684.711851598711
6729722,663.3942472708187
6730723,683.3929835252918
6731724,672.7230893743119
6732725,683.3679359528613
6733726,660.9521418666492
6734727,666.057017523074
6735728,664.8543554752898
6736729,686.3206627233976
6737730,678.3960946087502
6738731,657.8489196644531
6739732,673.8119612198286
6740733,671.2947817022847
6741734,682.3509379782452
6742735,675.3086289600003
6743736,683.0288743767285
6744737,659.3834917802294
6745738,671.44907200979
6746739,657.819455119744
6747740,659.6136727131325
6748741,677.886533954558
6749742,658.9878866788123
6750743,146.70525028629615
6751744,672.0812939705122
6752745,645.4937689143503
6753746,654.2759681525072
6754747,673.1574264064539
6755748,655.1586995617724
6756749,670.7213178214561
6757750,666.504594755685
6758751,669.1675908976231
6759752,673.6768724256623
6760753,679.4449177703923
6761754,672.6589658617143
6762755,672.9566556100962
6763756,679.4569502965882
6764757,679.1941211922947
6765758,667.4602488697711
6766759,681.583609151325
6767760,675.0880237269191
6768761,682.1230377303549
6769762,678.5348619148383
6770763,678.4214860280864
6771764,673.2433731165783
6772765,401.21834544714454
6773766,667.1095824487545
6774767,673.9948765971801
6775768,679.4104251563144
6776769,682.9246492437538
6777770,656.1042001415086
6778771,669.9748161441976
6779772,677.0453914966644
6780773,589.4622822842417
6781774,684.5955676901951
6782775,654.3443607292439
6783776,681.1287584279916
6784777,676.7300001670508
6785778,677.3851163841153
6786779,682.5110278250723
6787780,657.287630692804
6788781,682.9959657430084
6789782,669.1573446368791
6790783,677.0881060968211
6791784,680.6500241145144
6792785,675.4399838338863
6793786,689.0860160881708
6794787,684.544514700385
6795788,677.3669897729502
6796789,675.8207160146013
6797790,676.7172690971945
6798791,690.6236938939571
6799792,675.6778279287066
6800793,668.6523823926224
6801794,676.1639395853813
6802795,684.5471655939967
6803796,675.5469147306214
6804797,675.9515167707204
6805798,682.0663516639249
6806799,673.7463495630382
6807800,680.1593248821413
6808801,677.8999154550901
6809802,648.6812382925693
6810803,666.628533237232
6811804,677.1770947198031
6812805,672.9934222169965
6813806,681.0381551273845
6814807,676.4032356636205
6815808,652.5676663111832
6816809,630.4281439319071
6817810,681.4944198304265
6818811,667.9993181804276
6819812,678.8839132541185
6820813,671.387434171485
6821814,677.0956437313029
6822815,675.3686362744811
6823816,658.2889234757414
6824817,681.1058651326558
6825818,664.3490858923532
6826819,158.64412828961355
6827820,534.4379042938618
6828821,682.8353772040992
6829822,681.7693932424498
6830823,683.8107965127264
6831824,668.1761252465442
6832825,663.0610419780536
6833826,652.9154824561919
6834827,676.8848170730739
6835828,436.76592625373974
6836829,667.2821948516483
6837830,678.573561979697
6838831,677.2182544833029
6839832,682.734550454579
6840833,679.3599000428651
6841834,665.7190615150511
6842835,646.4572810743824
6843836,668.2166268084227
6844837,668.4411902280681
6845838,683.8193385949302
6846839,677.1393785109291
6847840,681.7924485459693
6848841,681.3169984636226
6849842,681.049309446752
6850843,673.3167630593564
6851844,685.6778258070617
6852845,679.7346587094232
6853846,673.7672773445123
6854847,674.5682416284816
6855848,677.9939690538185
6856849,677.7350334877517
6857850,676.9692390573122
6858851,678.1680297350525
6859852,684.7363213446174
6860853,681.0754747700138
6861854,674.3242169708661
6862855,655.9804310245692
6863856,660.3822897448811
6864857,684.0855571644577
6865858,670.1829886874959
6866859,650.17051195739
6867860,681.5181034534244
6868861,651.8330880912777
6869862,676.2076978644798
6870863,676.5966654976193
6871864,678.1325896319937
6872865,682.0203864308228
6873866,679.1413955683083
6874867,670.3920040468582
6875868,674.9917019693393
6876869,684.859688497064
6877870,642.8455624002811
6878871,673.0563329917929
6879872,648.7986131725663
6880873,683.510078546827
6881874,682.6065259684816
6882875,682.5771898503123
6883876,683.4556662568222
6884877,673.9310168400503
6885878,666.164080044189
6886879,684.5384401341726
6887880,463.60270451750904
6888881,672.2426880614768
6889882,672.0620027876098
6890883,680.6208170489788
6891884,675.2411905025109
6892885,681.6783663644576
6893886,676.0195654988195
6894887,670.4649274658267
6895888,679.068469222206
6896889,675.9799609329432
6897890,680.9488230955085
6898891,678.7598145750758
6899892,671.4938369852844
6900893,681.8157761704492
6901894,660.8473876800322
6902895,677.012453333818
6903896,674.7599480025713
6904897,676.2296886812436
6905898,673.8813952235519
6906899,658.6327454822023
6907900,687.0412367264234
6908901,676.2022926745509
6909902,659.9554658460704
6910903,670.0575706210535
6911904,668.7118112018065
6912905,672.4057674053718
6913906,645.1606902003949
6914907,656.2072742484102
6915908,674.2250605289396
6916909,661.9374205529928
6917910,667.8894905472436
6918911,664.9124051848753
6919912,678.4208658347653
6920913,674.4335663842155
6921914,650.4798289825862
6922915,663.9108590381666
6923916,675.5095645714371
6924917,675.0799074229224
6925918,673.2528188516219
6926919,649.7976464717484
6927920,676.6729094852537
6928921,573.0958537765007
6929922,664.1150037345836
6930923,670.8054159727333
6931924,659.9160831459747
6932925,667.3859155411791
6933926,668.3494868534514
6934927,660.5025195739955
6935928,674.1410348128742
6936929,673.2524869442916
6937930,670.5315280814955
6938931,664.904685553099
6939932,670.9430286198524
6940933,642.0756628143811
6941934,670.640595278539
6942935,668.4150217258627
6943936,654.7296990821021
6944937,656.3851998454517
6945938,663.7483438642123
6946939,650.2466457039985
6947940,655.3146089815731
6948941,661.6895110477031
6949942,628.0632823492014
6950943,657.9770749361794
6951944,661.8032271913853
6952945,641.1136499536055
6953946,628.5435597635928
6954947,648.9823829007514
6955948,657.6176799008645
6956949,662.4746494215636
6957950,671.8288167010085
6958951,549.5775785668827
6959952,613.3664644581706
6960953,629.7035186267046
6961954,207.52190412278247
6962955,636.9729794577062
6963956,663.7731904243382
6964957,642.2291472111043
6965958,640.3288736707844
6966959,659.0114462054579
6967960,657.3328332742933
6968961,664.1614214213802
6969962,666.4329353923328
6970963,659.7493754008601
6971964,312.42693255536125
6972965,576.0621683144408
6973966,658.4680635150737
6974967,651.2061605610454
6975968,651.6362244105669
6976969,645.259209890792
6977970,643.7765398803101
6978971,650.0726551490019
6979972,646.2440535791004
6980973,649.2919610084949
6981974,657.792580466079
6982975,635.4970948608852
6983976,538.4761990250684
6984977,631.2879060942756
6985978,653.7080238052222
6986979,655.3367226473316
6987980,642.3479357071324
6988981,652.5864054228027
6989982,654.401316185505
6990983,654.872501736435
6991984,661.1168751682042
6992985,651.6363797887741
6993986,654.0309074653513
6994987,623.9641049538174
6995988,322.5725977756132
6996989,664.3683350971255
6997990,646.1083992555124
6998991,644.0596664337164
6999992,639.547681473976
7000993,640.2503723436299
7001994,649.4534725895797
7002995,621.7861152772089
7003996,658.3368304141308
7004997,665.5659600305656
7005998,660.7988527055807
7006999,632.2839676557428
7008000,651.6700385224859
7009001,667.4744931771714
7010002,650.4602222887518
7011003,653.3077070983531
7012004,226.5237481866165
7013005,655.0356529885744
7014006,657.4401010759337
7015007,663.0875312633656
7016008,658.4296417153803
7017009,661.1709033958516
7018010,643.0870354772035
7019011,662.6206891278471
7020012,660.8943930133095
7021013,647.2725481372685
7022014,657.2178669249336
7023015,662.1215917825224
7024016,207.19133887615425
7025017,642.4673941872176
7026018,646.2523390198777
7027019,662.0818558741184
7028020,661.3681874304143
7029021,657.7299639228083
7030022,663.0143207743444
7031023,652.2165619402226
7032024,665.5002949558328
7033025,660.8685880006623
7034026,655.6471850065014
7035027,633.7300402791851
7036028,673.8919704422058
7037029,631.25981095814
7038030,623.8735826507402
7039031,660.082483951065
7040032,655.1822212579432
7041033,663.1175667862364
7042034,663.6248979110627
7043035,655.6542331556228
7044036,658.0703367249204
7045037,646.7417390055532
7046038,659.3053136498432
7047039,660.3466065862523
7048040,659.6149820392777
7049041,662.440709396177
7050042,649.0791847908835
7051043,634.6821719299559
7052044,666.033444418366
7053045,672.7523290980422
7054046,664.8878259744449
7055047,660.1718796036457
7056048,648.1240999776209
7057049,648.2072527620412
7058050,639.5546527164893
7059051,666.1031396999681
7060052,660.4867370742704
7061053,670.4488519846404
7062054,660.060337397368
7063055,555.2999485609229
7064056,654.123100627928
7065057,659.2660163299332
7066058,568.850946336723
7067059,660.4260854714262
7068060,636.4070120169955
7069061,665.2597162836094
7070062,586.2835861808259
7071063,649.6406643607996
7072064,655.7824562802272
7073065,656.7119467312903
7074066,563.8612508581442
7075067,640.593912089336
7076068,646.7345000810316
7077069,417.9998064371305
7078070,647.2516652703449
7079071,653.5294878238308
7080072,651.082730222364
7081073,647.5089211175662
7082074,581.0468993331021
7083075,653.2257020139217
7084076,646.3447320068533
7085077,636.64950494561
7086078,649.7534088758399
7087079,655.6321418945167
7088080,657.6704937557927
7089081,658.0110695021333
7090082,622.3170377334808
7091083,655.2493249275956
7092084,657.8349486107996
7093085,628.1505295797313
7094086,660.5426892036816
7095087,652.7426876107999
7096088,664.0390486707007
7097089,657.4324686446271
7098090,659.0568373382815
7099091,654.1619691481112
7100092,658.7413160778068
7101093,654.7730973168789
7102094,235.67250041375823
7103095,639.7965379007618
7104096,653.4540261437484
7105097,668.1665081932748
7106098,660.3622269810284
7107099,651.3004639787598
7108100,670.3350061406848
7109101,663.0738049046118
7110102,662.3988955890605
7111103,640.9531286056738
7112104,649.1772995727536
7113105,197.60429968756273
7114106,647.4645227730381
7115107,564.3235926435246
7116108,666.2003734477703
7117109,664.388178391561
7118110,663.7895402000945
7119111,629.1627740860963
7120112,651.5460950986208
7121113,668.3070675153893
7122114,657.2175824028711
7123115,657.515244336425
7124116,654.0853321520099
7125117,661.1085109223914
7126118,667.6930715016858
7127119,497.4796464892851
7128120,656.6567155660287
7129121,662.5408915567413
7130122,667.0968248788471
7131123,674.4707430009965
7132124,670.3229183918611
7133125,669.2984078315505
7134126,658.7166218507109
7135127,648.3522975632292
7136128,651.5835296106162
7137129,566.5494268483136
7138130,654.8547621181352
7139131,663.6865868228275
7140132,631.114608715268
7141133,650.1397270250872
7142134,653.2153910870871
7143135,655.8016348693614
7144136,658.543596304436
7145137,663.675237071674
7146138,657.338664990134
7147139,654.2347358971413
7148140,667.3783110470479
7149141,619.7357861297194
7150142,646.091413334784
7151143,642.4141825019442
7152144,657.8818783484247
7153145,650.3328669074647
7154146,638.3847235736829
7155147,644.0383747660147
7156148,646.6149216876469
7157149,656.5017681894857
7158150,655.8938517895067
7159151,645.3097620310346
7160152,637.133254336115
7161153,620.7448536807759
7162154,616.1153598965549
7163155,652.7339176629248
7164156,660.3246575759589
7165157,661.7980922925535
7166158,645.2019018374317
7167159,642.7118031231861
7168160,640.4375353064686
7169161,640.219126532354
7170162,628.2215180499119
7171163,643.111236391805
7172164,639.13998043036
7173165,651.7085603940618
7174166,646.218983203291
7175167,647.750924347272
7176168,646.6158446254185
7177169,643.4749793630222
7178170,653.5676728284159
7179171,665.8523362786366
7180172,663.5871186204473
7181173,619.0045322901739
7182174,645.2140603348714
7183175,628.8114262311854
7184176,642.7919963228223
7185177,652.2040637431189
7186178,655.791960786746
7187179,655.1983817093871
7188180,645.4456957490661
7189181,550.7037337610003
7190182,660.8325319226734
7191183,438.45938031299596
7192184,647.8597341489889
7193185,648.4004324884341
7194186,657.9700712154339
7195187,649.7413187648208
7196188,659.7413328416065
7197189,657.4167285472577
7198190,653.8309970259851
7199191,664.2996504342798
7200192,653.9770669938703
7201193,661.3925699134732
7202194,653.3894409078683
7203195,195.84453195622035
7204196,636.8717035948562
7205197,446.07461160962134
7206198,653.7232401889192
7207199,662.5706930059288
7208200,657.6503405273169
7209201,653.5135911411157
7210202,657.6629482303388
7211203,169.00311948126782
7212204,663.783479086054
7213205,221.48335951823097
7214206,667.6090039175166
7215207,370.77743227434047
7216208,661.6618934927823
7217209,646.8857015526822
7218210,644.4794067718054
7219211,657.8908491640258
7220212,655.9053155068011
7221213,670.8936973419806
7222214,654.0366225679833
7223215,666.0322639541741
7224216,669.2628865704794
7225217,654.0727204445452
7226218,647.3680713190395
7227219,657.5597602014831
7228220,643.0686955978236
7229221,650.2332856920948
7230222,662.3474230535821
7231223,572.3587211342584
7232224,661.5226034011652
7233225,667.1779234062849
7234226,652.0054659040676
7235227,675.365113788272
7236228,670.8726493764032
7237229,663.2183720081875
7238230,673.7285231296775
7239231,672.3216893933243
7240232,669.5865272591114
7241233,673.6824924561322
7242234,676.9374730043228
7243235,666.2151852866225
7244236,666.454579992098
7245237,668.3067674090407
7246238,674.2357916943978
7247239,662.4958206900171
7248240,663.4230450633938
7249241,671.213232378749
7250242,665.1864992127217
7251243,660.6595684850994
7252244,676.3464486386915
7253245,668.962378951981
7254246,647.5284311385259
7255247,673.8383560261684
7256248,666.5316269091866
7257249,663.3763201197476
7258250,661.04183478248
7259251,665.3792047259907
7260252,667.7750086857094
7261253,678.0921476433442
7262254,674.3090792930842
7263255,675.4475403457936
7264256,635.0494389196083
7265257,668.0619505343706
7266258,617.6269048857201
7267259,677.149287786179
7268260,672.206709174408
7269261,671.3201123687111
7270262,680.7703446170681
7271263,659.9791292889461
7272264,670.0036545614443
7273265,668.252492913289
7274266,657.5291769082442
7275267,664.7856517341385
7276268,661.255335587504
7277269,668.2959615349852
7278270,671.4127487198026
7279271,659.3689457222454
7280272,632.485287855448
7281273,653.0031244910911
7282274,669.9625731130685
7283275,661.7278538399041
7284276,670.0373686562659
7285277,657.5102306338986
7286278,664.5622974676983
7287279,652.4489090361234
7288280,663.2770256403194
7289281,662.0258226080903
7290282,667.164743356526
7291283,663.5898142807351
7292284,673.2753411850646
7293285,664.766402395749
7294286,670.8911643576233
7295287,651.8229530071369
7296288,667.1874368716705
7297289,621.6812691309891
7298290,670.7592342116209
7299291,338.3978242783178
7300292,664.7763451878702
7301293,656.0464240422108
7302294,662.5283692450233
7303295,654.0631438500692
7304296,667.1013065008788
7305297,647.8476611819137
7306298,664.8932354392563
7307299,316.103877748469
7308300,653.3135317210737
7309301,654.5826602715063
7310302,669.757894731209
7311303,653.7890731371501
7312304,661.1974544193815
7313305,646.5342526748043
7314306,650.6020865739225
7315307,666.1177157322693
7316308,642.460202473085
7317309,628.271896744865
7318310,658.6752601752685
7319311,666.8641724207084
7320312,661.9399054321859
7321313,654.514574109247
7322314,646.6362172301201
7323315,650.0392171239417
7324316,630.1874468691028
7325317,653.9281249063595
7326318,645.7929086635456
7327319,666.9414767792238
7328320,655.6887287685248
7329321,623.217177856074
7330322,661.6685642435332
7331323,662.5301227086059
7332324,641.2015291564418
7333325,658.8834518196722
7334326,654.8539197358283
7335327,503.19373339981144
7336328,622.675978189756
7337329,636.8355294649023
7338330,581.0748334961078
7339331,261.0025680997479
7340332,649.681213172065
7341333,657.4118777642017
7342334,507.56026910762023
7343335,621.2217307076188
7344336,663.350685626198
7345337,479.4816836973104
7346338,655.2321823106842
7347339,652.2719754145741
7348340,663.3846774889208
7349341,650.304323727418
7350342,650.5966690563995
7351343,623.874008855269
7352344,666.663068546227
7353345,447.7295305252275
7354346,670.3760864033912
7355347,640.8257476814161
7356348,652.3322637090333
7357349,655.3964844216147
7358350,632.9019961813061
7359351,356.6812297341232
7360352,644.3059310103392
7361353,216.46592925666062
7362354,659.5125776491553
7363355,655.6341023839065
7364356,649.8669826460747
7365357,661.9779470310726
7366358,650.694596943176
7367359,657.6062876402708
7368360,643.0597376075694
7369361,615.813116038042
7370362,642.8301797223342
7371363,635.9117700379621
7372364,630.8464272907793
7373365,648.4032113877369
7374366,631.0839888639076
7375367,647.5168527275059
7376368,612.9130832781684
7377369,650.6715372764758
7378370,651.7730135087479
7379371,641.9626905930751
7380372,190.35465488607622
7381373,648.793128472263
7382374,662.0649277020485
7383375,613.7146640265181
7384376,632.297340515963
7385377,290.95105558498506
7386378,644.4689187815086
7387379,627.8299460196608
7388380,623.3538807409552
7389381,650.920467934952
7390382,650.0220620057938
7391383,560.2773548372757
7392384,618.357445774593
7393385,642.9882090628861
7394386,650.3243169039868
7395387,650.0686101908105
7396388,641.6510494938234
7397389,652.0544100668238
7398390,637.6010679492989
7399391,645.6223265971898
7400392,656.161346928005
7401393,629.0866063201258
7402394,656.8695998946324
7403395,644.1609963541616
7404396,632.0417678666905
7405397,643.2177011115169
7406398,655.4133762316104
7407399,659.3148080925827
7408400,648.6856926613165
7409401,638.409435175104
7410402,639.6428939690921
7411403,647.8106108225976
7412404,645.1184092010933
7413405,661.6393982166427
7414406,643.6831985128171
7415407,650.0980531200082
7416408,648.0062960879626
7417409,636.6695719349486
7418410,628.3074953464685
7419411,644.5686420193817
7420412,660.5057532085135
7421413,637.131345144227
7422414,641.225932663918
7423415,639.9543155280837
7424416,523.8503067306025
7425417,500.7964744166867
7426418,656.9708344864201
7427419,643.1207538960907
7428420,658.0482740608365
7429421,638.0213943821132
7430422,643.1307871107942
7431423,636.0870429811059
7432424,640.6601965381714
7433425,651.990998321188
7434426,658.5238197717849
7435427,644.1907069809866
7436428,650.3806248217031
7437429,612.0855048681697
7438430,197.80252467294406
7439431,649.758002272988
7440432,658.5796642861906
7441433,653.3267085197893
7442434,253.08168967307066
7443435,645.1577489524198
7444436,640.6135933522211
7445437,651.9305625489085
7446438,634.070197818032
7447439,651.1129969148814
7448440,638.814237205245
7449441,640.9966977142744
7450442,654.3129215137411
7451443,654.2598624041591
7452444,649.4084556767235
7453445,656.8623168796347
7454446,650.0063660426146
7455447,646.608784254802
7456448,644.7618437344851
7457449,658.9934616644725
7458450,652.3069962290269
7459451,651.9128710511202
7460452,651.7193714494446
7461453,652.2732509602243
7462454,627.875809595215
7463455,635.2617474504384
7464456,641.0893984834515
7465457,652.8798283402316
7466458,636.3779092587491
7467459,660.3074049050821
7468460,651.3218923240247
7469461,653.5218085297109
7470462,651.0446975810668
7471463,632.0270637065155
7472464,652.6689154906743
7473465,649.9627464876293
7474466,638.1697858876023
7475467,637.2376137747009
7476468,642.2299106075559
7477469,640.4537119011923
7478470,643.9411612518596
7479471,651.62605906225
7480472,643.5835748347554
7481473,648.0890279491946
7482474,625.4181162871432
7483475,650.7248681470464
7484476,637.4283119931889
7485477,632.2734722404792
7486478,633.5437646804685
7487479,652.3873516591032
7488480,651.5252026580484
7489481,306.28854927003454
7490482,639.3985824820535
7491483,622.0841831786629
7492484,617.5074538483335
7493485,641.413496754992
7494486,646.2495889223928
7495487,631.5049572926546
7496488,646.9273024516735
7497489,647.859077537031
7498490,478.75442773808123
7499491,660.9462344300171
7500492,641.8446321722372
7501493,655.8743498907431
7502494,655.2844686695937
7503495,660.6999541396814
7504496,638.3543283026946
7505497,650.80029758844
7506498,645.8868932395251
7507499,634.689831854194
7508500,635.7186218904498
7509501,640.7918861991438
7510502,644.1403116258565
7511503,651.7663121899019
7512504,639.441606653374
7513505,640.8240397225721
7514506,651.5304607276644
7515507,622.8686566366158
7516508,652.8820676039455
7517509,632.0530525489032
7518510,635.198921476336
7519511,639.226507024746
7520512,647.345795474466
7521513,626.0002053397965
7522514,653.6978593564415
7523515,652.3618192830758
7524516,642.1814892387799
7525517,640.8588080450004
7526518,638.8455406244791
7527519,632.6432817357094
7528520,651.9713760612586
7529521,645.406130692665
7530522,651.827460345431
7531523,648.1329167228554
7532524,649.7945376910867
7533525,653.7630250527787
7534526,658.5776720870888
7535527,636.1418759001259
7536528,644.9831136500105
7537529,648.49257269854
7538530,311.3706375414521
7539531,621.9831117485429
7540532,641.3666211900282
7541533,636.5497065112382
7542534,552.1197211130727
7543535,221.66357303596203
7544536,643.0946534833358
7545537,651.5821920429016
7546538,647.3030221889592
7547539,633.8018778709616
7548540,652.1834349175957
7549541,647.8724409911472
7550542,651.7960603577438
7551543,633.1484442961265
7552544,650.2085397284906
7553545,658.0901332219543
7554546,649.2910591932076
7555547,652.7057539005441
7556548,663.3285331459359
7557549,661.2008784338494
7558550,654.3398221925069
7559551,656.2443581882675
7560552,646.3309504940736
7561553,644.7259111178041
7562554,658.0952069025072
7563555,641.3622091505285
7564556,652.6168984724451
7565557,656.2292208996687
7566558,654.9390957305244
7567559,643.3351326712778
7568560,425.6913128504659
7569561,620.2116121258886
7570562,551.9000702107016
7571563,633.5215262654505
7572564,437.32097703712685
7573565,650.5012439152548
7574566,346.0458205166301
7575567,632.0277259311179
7576568,655.1544625293185
7577569,161.7579605267168
7578570,632.4206896837615
7579571,177.47064162721415
7580572,656.6370516760726
7581573,658.2004139073475
7582574,623.9485341927715
7583575,203.3940627775037
7584576,638.2057988173173
7585577,658.55087728069
7586578,649.7836426435925
7587579,646.3313715446245
7588580,649.3552356621005
7589581,628.3127150677276
7590582,644.7377553278155
7591583,642.7522714688812
7592584,654.6018619577002
7593585,647.4307382023298
7594586,631.4928850032354
7595587,632.4030659211618
7596588,198.45024748240326
7597589,640.3152456040461
7598590,613.7962567826843
7599591,647.1175049873248
7600592,336.8682258335582
7601593,637.7032276921666
7602594,650.2709444385043
7603595,581.5234482041095
7604596,520.0640996821732
7605597,632.7615525953989
7606598,649.7773965525797
7607599,354.8333496026418
7608600,637.2425154756036
7609601,639.3910077980013
7610602,622.1826006630937
7611603,633.625023290538
7612604,646.7750479308122
7613605,636.0736543993627
7614606,456.1393552590234
7615607,636.1912988237415
7616608,650.5606902865185
7617609,650.1431115887971
7618610,388.50503802075565
7619611,646.7613537509983
7620612,639.0660241258423
7621613,639.9203359549318
7622614,637.9482712236426
7623615,610.198597712283
7624616,650.7838354676478
7625617,646.1611274370777
7626618,595.8498109044717
7627619,634.8073694408885
7628620,641.6645200687047
7629621,646.499245335346
7630622,648.6599107412858
7631623,249.38350278627107
7632624,643.0890783954479
7633625,650.1624371825266
7634626,206.24788514971323
7635627,654.9871369029246
7636628,651.6422784828337
7637629,627.9512118806334
7638630,169.46801056542293
7639631,648.3160102498296
7640632,656.2525134474226
7641633,653.4406747954235
7642634,532.4601899205335
7643635,653.5938281592482
7644636,659.3005977825995
7645637,180.04489633729196
7646638,653.5403884849012
7647639,649.3892183212541
7648640,659.0954747591396
7649641,658.2459576636757
7650642,650.776456143229
7651643,646.8888659171585
7652644,659.1436245398551
7653645,666.0925926625524
7654646,656.288593741327
7655647,656.0351324528389
7656648,648.7717995872842
7657649,654.6496922932236
7658650,651.1187660692135
7659651,662.094858103835
7660652,654.0407494421075
7661653,662.3633052638647
7662654,650.071166445927
7663655,653.5359330190165
7664656,665.6636371934584
7665657,663.2255694728602
7666658,652.0273946779815
7667659,649.2607076308811
7668660,653.2318166083783
7669661,651.5535859702322
7670662,647.9579968050099
7671663,639.779698311064
7672664,654.1345601968083
7673665,667.5371735832846
7674666,651.7814145662908
7675667,655.0230207639931
7676668,665.8842269460278
7677669,658.3002823856939
7678670,656.4630744583102
7679671,661.6373239974189
7680672,657.0960442039672
7681673,655.9175471923968
7682674,663.5226284134285
7683675,662.6562454448194
7684676,642.1484546968068
7685677,673.8012770770407
7686678,666.2393927280177
7687679,665.0962361971075
7688680,654.8983439731884
7689681,669.7905014781287
7690682,667.5866897877104
7691683,664.5024565271564
7692684,667.3851161771211
7693685,673.0303881027194
7694686,674.9514154377999
7695687,657.5503652582563
7696688,666.4308628297147
7697689,661.358756175023
7698690,667.0408810363555
7699691,663.3035434676408
7700692,670.2808323415259
7701693,668.5127477225991
7702694,669.7725927534465
7703695,672.1357440840511
7704696,530.882255399788
7705697,670.1836543804129
7706698,667.705373458609
7707699,668.6489111889063
7708700,669.5704265848179
7709701,664.9006422728727
7710702,664.537533856782
7711703,673.6061778581571
7712704,671.3053584426049
7713705,669.8323421644166
7714706,672.2447299991434
7715707,669.9771241235328
7716708,669.4685738833177
7717709,674.5412634088618
7718710,655.7755010248167
7719711,674.9950116106429
7720712,634.8801090045811
7721713,669.152614833428
7722714,669.4282168537198
7723715,679.9164918444476
7724716,666.1586901879366
7725717,671.6906896559553
7726718,683.2074056202134
7727719,673.6093376369275
7728720,670.1793861272105
7729721,664.9391633886376
7730722,668.1968186038981
7731723,667.6729082617377
7732724,667.3370034820337
7733725,664.9881067113968
7734726,669.8907269131619
7735727,675.6993252515722
7736728,674.891993637873
7737729,680.8443628096634
7738730,672.5866828311564
7739731,677.418377310037
7740732,653.4068914150255
7741733,408.0910000230523
7742734,672.0228017830028
7743735,681.6608594846531
7744736,668.6472684592923
7745737,682.7886355416965
7746738,652.5870025594776
7747739,677.8488430800425
7748740,680.0526935617548
7749741,678.1402916144195
7750742,676.3656514955336
7751743,680.2741538825765
7752744,680.9065522934945
7753745,675.7946358845982
7754746,658.3142599142398
7755747,658.4602750338362
7756748,671.3995933351815
7757749,657.3897808280224
7758750,677.1939192987901
7759751,647.7782277173889
7760752,681.8448873055038
7761753,684.5566964227437
7762754,681.3358123052482
7763755,683.3123962081265
7764756,662.4195287426619
7765757,680.8306144694805
7766758,675.237350511762
7767759,673.4656278607869
7768760,636.6020882360857
7769761,678.2540772145992
7770762,677.1230136221143
7771763,671.0484821594733
7772764,677.5019063397617
7773765,677.1115423148428
7774766,680.819171162288
7775767,670.7668507354468
7776768,676.7272253556706
7777769,676.2579207937783
7778770,657.7663806249604
7779771,671.7530155404398
7780772,677.7283041013984
7781773,682.7725304385876
7782774,670.4890096638517
7783775,673.2883293679478
7784776,672.2331592034723
7785777,663.8727454054067
7786778,664.6985353439208
7787779,674.5588079006287
7788780,664.9113059545745
7789781,681.97821863891
7790782,673.4738509937243
7791783,677.6251360363669
7792784,678.9612527895283
7793785,670.921216658882
7794786,576.7794045194255
7795787,676.0722452955998
7796788,682.3829639842096
7797789,667.2336824381789
7798790,654.9701375878658
7799791,678.7409647244001
7800792,671.2884277153979
7801793,665.3549738669155
7802794,679.3647694875339
7803795,675.7571966137456
7804796,670.1924828832101
7805797,673.640626753707
7806798,670.419161759604
7807799,680.9361409509747
7808800,665.8633245471394
7809801,657.9741627899045
7810802,685.4132174934547
7811803,676.8221187258362
7812804,675.5313837317185
7813805,657.0336647746007
7814806,683.1719796938311
7815807,683.5512072106826
7816808,636.8261488930916
7817809,670.2387767501526
7818810,679.5855581771731
7819811,678.9620452981023
7820812,681.1167556023399
7821813,679.5977895135535
7822814,570.0209960014513
7823815,667.6797153010567
7824816,670.6677912817028
7825817,667.9079640972931
7826818,686.2267424915583
7827819,674.2286209492346
7828820,682.7854708541879
7829821,673.1768316717004
7830822,153.84465715639323
7831823,681.6433546846068
7832824,669.4539410369044
7833825,682.3038885577105
7834826,683.1336251663574
7835827,683.3973907412858
7836828,243.2660006698814
7837829,680.5432758964256
7838830,172.46913153623697
7839831,684.4791746616974
7840832,685.5521299148994
7841833,668.1165362116917
7842834,683.1266889216458
7843835,679.6096083118703
7844836,676.5522143893944
7845837,682.8462196965296
7846838,684.2516893643949
7847839,677.1175689116685
7848840,687.2690254305544
7849841,686.8788480421733
7850842,688.1313666025195
7851843,679.8079460286857
7852844,678.5093699154573
7853845,687.4291879280757
7854846,580.3677280505785
7855847,685.741246240709
7856848,659.9156553664981
7857849,686.8684155101452
7858850,685.6068560257123
7859851,686.0511227701477
7860852,689.0468993626935
7861853,686.4120681621009
7862854,670.0463561585938
7863855,684.3676045337538
7864856,686.8974447094837
7865857,691.6278355255123
7866858,678.3292126428114
7867859,677.2665863034941
7868860,172.2170837372995
7869861,681.8722253691423
7870862,687.937950571252
7871863,681.7571818414951
7872864,585.0937939769257
7873865,164.17850832326582
7874866,676.5945723781853
7875867,690.1204712245186
7876868,666.4159605343124
7877869,672.1108665733024
7878870,685.539644054501
7879871,685.3309476118668
7880872,556.7117195880382
7881873,672.907589461552
7882874,675.2291975972175
7883875,275.6598038286422
7884876,677.0625271060464
7885877,678.8747896003132
7886878,687.99017765516
7887879,667.7377800505567
7888880,676.0122675179775
7889881,690.4853797953841
7890882,202.15550600573917
7891883,686.0809285209351
7892884,683.1634879733181
7893885,684.9650595082034
7894886,674.4681236070031
7895887,680.0168238265693
7896888,688.1625906704203
7897889,688.6000056360673
7898890,649.5795590436128
7899891,674.960997787206
7900892,687.7716772085762
7901893,684.9145897135916
7902894,690.0049621037288
7903895,557.389165380196
7904896,657.2916935661256
7905897,299.4404897374974
7906898,670.778301318159
7907899,680.8226715124167
7908900,686.3778831461829
7909901,652.3548919814825
7910902,681.6276940118622
7911903,673.3778093047238
7912904,687.3697677381944
7913905,536.885719436133
7914906,681.4926009331907
7915907,677.0643917489612
7916908,681.034088789214
7917909,161.73091351564474
7918910,683.8121243178833
7919911,666.3007313227711
7920912,397.32252981795546
7921913,183.80819149590454
7922914,656.5494649241338
7923915,169.83831810176656
7924916,679.2289244755545
7925917,672.798389350692
7926918,674.0948419740894
7927919,646.5026378621511
7928920,665.9621429705597
7929921,553.4272614953155
7930922,642.2761931832216
7931923,683.3279379088423
7932924,654.4029539060972
7933925,682.6425309708093
7934926,668.7235084169686
7935927,677.8260743578011
7936928,682.3566579306928
7937929,444.94751818306156
7938930,680.3001866789108
7939931,684.1804752268854
7940932,689.6283779397168
7941933,685.9670409446197
7942934,670.2313692831883
7943935,459.42405848491734
7944936,681.8555222016626
7945937,682.018891688823
7946938,668.236200367358
7947939,688.3532546833129
7948940,669.7687729455315
7949941,510.69660104825897
7950942,674.7153986716487
7951943,685.809013305791
7952944,682.0914402289822
7953945,659.7801887369669
7954946,676.7732082994966
7955947,666.0114449885235
7956948,685.9145099138212
7957949,683.8335569016137
7958950,644.9152812465821
7959951,670.5447217513695
7960952,688.9174992100773
7961953,681.1817009057969
7962954,665.3221172972361
7963955,662.7572380309255
7964956,680.894456165362
7965957,681.0189235118446
7966958,675.7467197259347
7967959,686.4020457501332
7968960,665.5747972306361
7969961,678.2108762020231
7970962,683.7649718560772
7971963,680.5696294920926
7972964,653.3744448104932
7973965,658.9426160329423
7974966,665.5019980556003
7975967,687.558711501782
7976968,679.1381382515174
7977969,319.5097840328538
7978970,677.7926180288388
7979971,652.5272339236674
7980972,667.5277200302135
7981973,683.2721577368235
7982974,688.6843312704149
7983975,682.9837637421005
7984976,686.0704127569904
7985977,667.5666163070807
7986978,681.7062198905387
7987979,677.1281693636382
7988980,687.7931978238701
7989981,665.5954626559294
7990982,671.2499795585132
7991983,682.1861977829393
7992984,654.6083340419815
7993985,670.0961515230257
7994986,680.0350610927674
7995987,681.4064150633238
7996988,683.6682304753939
7997989,678.2634027173399
7998990,683.0633748045583
7999991,688.7384180592642
8000992,613.107349431223
8001993,562.9493197571938
8002994,677.3613454217663
8003995,680.1530011980592
8004996,672.9779291030809
8005997,681.9877715167138
8006998,656.8988209364933
8007999,683.7411379859747
8009000,668.2175872237955
8010001,674.9059637133372
8011002,685.3914507982353
8012003,665.6445003223728
8013004,130.0546629032263
8014005,652.4138430879849
8015006,678.1234316102764
8016007,683.5048134139087
8017008,684.4830886156624
8018009,677.8306567004677
8019010,513.0725602938137
8020011,636.1262757800106
8021012,668.5958296601916
8022013,678.9464472149708
8023014,669.8611829697336
8024015,684.7015793417708
8025016,677.5325958459676
8026017,680.0637817634572
8027018,681.7441316954576
8028019,685.3420574177372
8029020,670.4016745387236
8030021,686.8800108398076
8031022,645.1175870869164
8032023,684.9686131832498
8033024,624.3588069407783
8034025,652.9064200034875
8035026,523.6918180161167
8036027,668.9004776272437
8037028,683.5819171481527
8038029,673.0834378264873
8039030,679.3043731899364
8040031,680.3745775878344
8041032,677.1461445958256
8042033,680.9757182345058
8043034,684.9649971456687
8044035,321.02756953150083
8045036,460.6503340531513
8046037,676.7631287563407
8047038,677.4430508373134
8048039,355.33973125139073
8049040,687.71437417166
8050041,680.5096576105827
8051042,676.4724223073401
8052043,679.7169735517824
8053044,603.208694175312
8054045,670.6211699357219
8055046,688.0865092553993
8056047,658.6063239974769
8057048,241.0518951990956
8058049,672.0619659750041
8059050,684.8372234395675
8060051,678.4150510224938
8061052,651.6402783930046
8062053,659.4038952249213
8063054,672.4460159747598
8064055,671.8394542063638
8065056,656.6375245205567
8066057,675.7720414519304
8067058,643.9450318727619
8068059,673.7894136160829
8069060,652.415878532461
8070061,671.1670870155045
8071062,681.1293293729402
8072063,666.0235353097219
8073064,653.7146723077431
8074065,660.5559531993855
8075066,670.8015651490217
8076067,648.4496902110261
8077068,653.0030083937139
8078069,676.8201493424145
8079070,176.05051363634618
8080071,379.6887095359435
8081072,678.1168027557637
8082073,681.0543181308772
8083074,682.5805070955312
8084075,672.2848480955693
8085076,671.9664271394611
8086077,683.5745733706386
8087078,674.1719758630461
8088079,644.9199023710444
8089080,664.0949344510798
8090081,682.2633849875106
8091082,675.487953919602
8092083,676.5901752068746
8093084,680.7455920958521
8094085,684.5841894568828
8095086,680.3042237998303
8096087,676.4949250014027
8097088,682.5350075756223
8098089,659.4444979774596
8099090,684.6984164350521
8100091,176.2489719713608
8101092,667.9864551003277
8102093,508.4823101313391
8103094,681.5726028422876
8104095,684.1840744913045
8105096,669.0723440843245
8106097,671.6495190739403
8107098,680.058813028802
8108099,585.9577458092767
8109100,676.3327810686785
8110101,670.740892068166
8111102,672.4989548338971
8112103,680.929044116782
8113104,676.5134054188468
8114105,681.2393730338807
8115106,676.7485093246261
8116107,679.2419935107259
8117108,679.595078391525
8118109,647.8222867376896
8119110,674.9042609909352
8120111,676.2532745614303
8121112,167.07408454695576
8122113,667.2090801887358
8123114,670.6279491427312
8124115,668.9174457806516
8125116,668.9985037879958
8126117,672.579988564996
8127118,675.7321664686035
8128119,671.5701220450634
8129120,644.1335597648377
8130121,652.2067538455502
8131122,659.2621267845042
8132123,673.137377882611
8133124,673.3645489392085
8134125,666.2034328490578
8135126,670.2213229251117
8136127,659.5709023732815
8137128,664.0101059890459
8138129,670.640594061828
8139130,653.9835178226787
8140131,206.74614616184726
8141132,671.1984383720375
8142133,642.2221829557742
8143134,548.0520937550592
8144135,670.3252529964559
8145136,667.8264967128061
8146137,639.5553570491235
8147138,664.8691570800756
8148139,666.642742105724
8149140,655.3604811623126
8150141,649.4303237407802
8151142,570.975183952127
8152143,626.6722528441235
8153144,653.2333482417314
8154145,665.5695955309315
8155146,654.804241120657
8156147,655.7668055414813
8157148,656.8442371171886
8158149,607.2555082644227
8159150,652.7121454577992
8160151,653.3322594539277
8161152,644.600637962566
8162153,651.4284379161386
8163154,631.4832744083034
8164155,669.5106222705672
8165156,610.762919562697
8166157,645.8820599725566
8167158,661.1988305007803
8168159,515.1246774929238
8169160,143.12677643745323
8170161,606.1319910630655
8171162,654.8686100276096
8172163,654.4664293625806
8173164,663.8238207654178
8174165,657.100451043771
8175166,648.3056628181936
8176167,651.5415361987782
8177168,652.3134582647322
8178169,646.9094446982515
8179170,651.1517521447946
8180171,651.0018392220264
8181172,664.5189054291943
8182173,647.5270974464669
8183174,663.278771563762
8184175,659.4625151753455
8185176,662.092045381787
8186177,664.7829103406592
8187178,660.4658310139167
8188179,631.7246223428172
8189180,667.8277290738332
8190181,654.5836804464977
8191182,654.1377703607241
8192183,649.6210410186856
8193184,661.3607638794623
8194185,639.6356313658895
8195186,657.6652917384945
8196187,656.1321328813689
8197188,653.6984988913267
8198189,662.9027517590526
8199190,657.3712185276328
8200191,664.2351802599986
8201192,632.6640291057722
8202193,674.5666161807827
8203194,649.1557478075541
8204195,647.6472450730447
8205196,650.9104089387156
8206197,664.3615928870703
8207198,667.6342519722839
8208199,651.810846661362
8209200,659.4040156418858
8210201,659.2620295999949
8211202,622.6291708969774
8212203,659.2644232085929
8213204,668.6351237351004
8214205,666.8820014713214
8215206,664.1434015270843
8216207,658.858581908014
8217208,668.2081553766968
8218209,642.3553269896586
8219210,641.2360217953551
8220211,557.2361376989993
8221212,663.1997054555865
8222213,163.74476988206425
8223214,664.6654273184644
8224215,659.9250258643197
8225216,674.6083527879863
8226217,632.3319858341529
8227218,668.9980332669207
8228219,676.7205672975176
8229220,663.0397100156192
8230221,670.3384867582874
8231222,174.31867158003902
8232223,674.0428648956532
8233224,530.0891060713501
8234225,654.6489297323253
8235226,647.2330746312456
8236227,643.4784510632251
8237228,666.9545203450931
8238229,662.5559060393406
8239230,667.8389665677194
8240231,680.3865100611306
8241232,669.7628138467896
8242233,679.6232497685604
8243234,670.5477136484355
8244235,666.6116549643265
8245236,661.7899281766393
8246237,660.2614752307849
8247238,667.3881378159357
8248239,660.8726912735169
8249240,659.7380085775022
8250241,224.16307305664012
8251242,673.8717581086839
8252243,659.8701559770193
8253244,675.3545089766782
8254245,663.7983476879022
8255246,661.7751942092355
8256247,660.7319782217064
8257248,660.2433005191479
8258249,621.2816270714807
8259250,663.8976704839678
8260251,630.9463778361747
8261252,681.9077475542526
8262253,668.869071539145
8263254,680.89985429874
8264255,674.1035202131671
8265256,651.7962173780551
8266257,650.1954495393611
8267258,655.7703171280031
8268259,657.3850630204729
8269260,610.4901761000078
8270261,654.5095494037996
8271262,634.3528653421548
8272263,616.6011273403333
8273264,671.0116574498346
8274265,652.3819473811244
8275266,187.31371929506383
8276267,654.9998486997538
8277268,676.7289563607076
8278269,667.161329126429
8279270,667.6198668101913
8280271,651.684881558032
8281272,461.87294020431636
8282273,616.0457023164217
8283274,648.8604198582401
8284275,681.2378691641704
8285276,670.9034107799168
8286277,686.4701884803366
8287278,680.7382147048464
8288279,681.7813993052381
8289280,683.386575446817
8290281,530.5665630057368
8291282,671.8171070064205
8292283,657.7025018132366
8293284,665.0864812547304
8294285,679.3094319597361
8295286,679.2075319150159
8296287,684.7432999005973
8297288,614.6646485856973
8298289,440.4115898194146
8299290,684.1685386748995
8300291,672.259774286019
8301292,174.16735158268705
8302293,679.1236355986645
8303294,674.4753691972688
8304295,680.9802395948306
8305296,632.203033541925
8306297,683.2933911520645
8307298,691.5900273178081
8308299,679.2501299510342
8309300,632.5991944884372
8310301,633.4606182948825
8311302,637.694251516993
8312303,657.4291958247184
8313304,688.7129509055114
8314305,671.3415883038679
8315306,670.3010255640002
8316307,375.25726195400034
8317308,644.5114563415915
8318309,672.8287798231146
8319310,648.5650028012174
8320311,660.7721191808304
8321312,194.13629145096118
8322313,684.0682212754491
8323314,672.0521583160631
8324315,668.3975350767179
8325316,638.5949756568281
8326317,680.2542840025005
8327318,650.5425775290189
8328319,670.2148294427453
8329320,639.3439159669229
8330321,627.7003294342201
8331322,675.1086619786306
8332323,674.0148583474893
8333324,657.9683055149123
8334325,670.7571353551149
8335326,677.7797136287683
8336327,169.02749779214622
8337328,442.51775113020307
8338329,670.7420335564944
8339330,674.9801122631753
8340331,679.3104866878066
8341332,674.3172033708317
8342333,682.7003148788125
8343334,642.8998676182676
8344335,662.6760726367415
8345336,682.8625300826765
8346337,686.588772777344
8347338,646.6587852020023
8348339,680.1224612805244
8349340,677.7458542924123
8350341,665.1229151448323
8351342,680.6067625445698
8352343,676.0385029488532
8353344,681.9995566067028
8354345,626.5541894381637
8355346,664.1281683123508
8356347,657.7380694581984
8357348,252.77300508111125
8358349,366.74998721395775
8359350,651.7976259530748
8360351,683.5745201118257
8361352,675.7373093174839
8362353,661.7924095163366
8363354,683.4898067216776
8364355,669.971897131372
8365356,662.1086588052134
8366357,671.1591020987589
8367358,677.634142239845
8368359,663.1051546719858
8369360,662.9989082041113
8370361,676.132188088738
8371362,634.0219456207909
8372363,682.4444403857113
8373364,665.0834800134351
8374365,647.5821790342368
8375366,667.8174929644069
8376367,674.7769829804528
8377368,667.4984410776976
8378369,675.770077276031
8379370,636.6079402288632
8380371,680.387264436341
8381372,632.7508410146027
8382373,652.3603895753032
8383374,674.8727294062687
8384375,665.0309234027992
8385376,651.8488681404948
8386377,646.3576743852884
8387378,667.7946711534844
8388379,664.2706664873307
8389380,667.4932389001322
8390381,656.9244500642471
8391382,528.8849026516392
8392383,657.6096401598492
8393384,624.8584390202091
8394385,681.2484907953248
8395386,654.0588134003718
8396387,668.5376947260174
8397388,656.0371087630538
8398389,550.7730360994301
8399390,678.1798069415595
8400391,661.2611560244503
8401392,672.312588843873
8402393,411.62545363244897
8403394,675.1842441086241
8404395,674.137004455453
8405396,649.2496022872191
8406397,658.4362053261473
8407398,670.2692570527531
8408399,549.9465597264326
8409400,662.4687093763232
8410401,659.2005264985971
8411402,670.1139249937025
8412403,654.6414331228452
8413404,667.315901024997
8414405,625.6186548423348
8415406,659.6786850431132
8416407,629.8313266598087
8417408,624.2245139862878
8418409,657.0028489262535
8419410,662.7587199515679
8420411,669.742651172411
8421412,576.3566473267733
8422413,653.9007991800096
8423414,634.2716525927024
8424415,654.0982349221877
8425416,540.9939363293954
8426417,511.57414353534557
8427418,638.8033769976579
8428419,665.4494039150878
8429420,647.3534580400209
8430421,625.0249840961047
8431422,650.3790570063053
8432423,619.404997194648
8433424,639.5758201003322
8434425,642.4023920135859
8435426,655.9521123207036
8436427,637.1687312664454
8437428,646.474096291666
8438429,642.0929998011703
8439430,633.3492750782813
8440431,644.2244936668422
8441432,640.1877130176406
8442433,648.5331834491061
8443434,210.8354928861145
8444435,617.920612245408
8445436,648.6282492833799
8446437,618.7669566519729
8447438,630.7809308691918
8448439,636.5191665271711
8449440,627.6324613473644
8450441,627.7301007946518
8451442,631.131658901942
8452443,638.8703257537628
8453444,625.722203751028
8454445,630.1314852106898
8455446,624.6334943043689
8456447,637.2867209926035
8457448,633.5168668825517
8458449,637.7200169034628
8459450,628.1476809244544
8460451,631.2004082301964
8461452,607.5131456870513
8462453,626.8789106625393
8463454,636.0518289833212
8464455,638.7348752720274
8465456,214.03066258723288
8466457,631.1924494107341
8467458,645.7051827049088
8468459,643.3046464549063
8469460,267.19719770394914
8470461,595.9610713295488
8471462,641.4524598418449
8472463,646.0588984411303
8473464,626.5092976103755
8474465,639.5530003267211
8475466,638.3860210528542
8476467,487.9179641871661
8477468,639.4824445725421
8478469,288.9618300707292
8479470,606.829547104891
8480471,637.9335602129382
8481472,638.0765862206831
8482473,628.7920158056578
8483474,568.0220422925089
8484475,595.4055362357362
8485476,644.4585794451507
8486477,635.8362496649784
8487478,645.2801675213123
8488479,634.6668975927897
8489480,631.8271713168475
8490481,520.5175829893202
8491482,615.834580227646
8492483,651.9295412680563
8493484,608.7590744363822
8494485,631.3960995065702
8495486,634.7514956807252
8496487,644.1561138733571
8497488,625.8827726025789
8498489,637.2791598421873
8499490,644.8216378146694
8500491,626.9232814112232
8501492,638.1448222790224
8502493,509.46094627856996
8503494,636.6327921898802
8504495,642.9081056395137
8505496,630.2156086177537
8506497,629.3178068979489
8507498,645.688531619875
8508499,658.3585522864427
8509500,650.3573226190637
8510501,619.707209333862
8511502,621.5057534181532
8512503,638.6515457042748
8513504,653.6380021229608
8514505,624.3581349980508
8515506,648.6936434017806
8516507,610.4113126732618
8517508,629.622175807142
8518509,645.8839981603219
8519510,637.21572131023
8520511,630.5228402140962
8521512,658.050833528458
8522513,635.7212091310281
8523514,659.1728404691909
8524515,646.1635331260346
8525516,634.5273285645981
8526517,438.13520824661765
8527518,648.5796201850496
8528519,642.2957631637854
8529520,624.8305581160203
8530521,631.7415505357608
8531522,645.3125874763113
8532523,643.1042695811853
8533524,643.8310470528114
8534525,629.4024295219223
8535526,644.0445999169515
8536527,636.252609749669
8537528,656.939276057542
8538529,632.0471047572705
8539530,628.8657672066603
8540531,658.5156408326562
8541532,635.4363789453323
8542533,645.5885971913096
8543534,655.7957531312193
8544535,647.1805604582944
8545536,669.0909886721109
8546537,248.27294904318435
8547538,183.30945431391487
8548539,641.8843675064544
8549540,619.4509451464227
8550541,617.628647683597
8551542,654.0355353189727
8552543,656.9253151637033
8553544,629.4320874713966
8554545,643.7863183603246
8555546,664.8113835496565
8556547,661.0406208832313
8557548,656.7003117257501
8558549,659.3898099274215
8559550,655.2673762795754
8560551,658.422298623315
8561552,642.473935139201
8562553,649.492371378412
8563554,640.9506095485674
8564555,614.2927212145989
8565556,642.474713872594
8566557,633.5964062913322
8567558,657.0119138776911
8568559,652.3743336914403
8569560,638.9719545887017
8570561,638.2466745328164
8571562,652.5462072171143
8572563,650.6680659343775
8573564,651.9303456794754
8574565,644.7748211808743
8575566,441.26856646558684
8576567,652.8337383112116
8577568,648.8018209015959
8578569,654.9185473965157
8579570,649.2596146940535
8580571,656.9699061793128
8581572,648.5044512245873
8582573,651.7525643313556
8583574,652.28781001779
8584575,646.4937325408023
8585576,625.6060639330371
8586577,511.94820486731254
8587578,654.6502962819127
8588579,659.0101067159794
8589580,609.7277709801958
8590581,654.0893179247754
8591582,647.3331181560583
8592583,647.7312551295015
8593584,635.8001442668004
8594585,647.6733428277616
8595586,651.7746615727366
8596587,649.4808247894213
8597588,656.1729843685235
8598589,660.8316713853504
8599590,642.5855523616067
8600591,665.4107689555727
8601592,656.8214970384287
8602593,634.6471617881515
8603594,643.1670528078841
8604595,601.4930935828207
8605596,638.7691166642237
8606597,651.5362561561834
8607598,638.538559243378
8608599,641.5914986426244
8609600,649.7211304405346
8610601,631.4853886079354
8611602,629.398200470271
8612603,407.3739181817607
8613604,649.4156695556109
8614605,658.256086204786
8615606,656.1661921359942
8616607,659.5188746371538
8617608,649.4509224362583
8618609,660.4613505807137
8619610,656.2309216938484
8620611,641.8016485062415
8621612,658.0743022396895
8622613,653.812762316273
8623614,655.1252673322247
8624615,632.8715010158695
8625616,646.9718102741537
8626617,422.8158685013998
8627618,617.0242090698999
8628619,631.6458889652972
8629620,647.4921497302494
8630621,650.9218690047561
8631622,635.4901882274709
8632623,220.46872267612986
8633624,636.7162667730547
8634625,650.4691740564089
8635626,646.092801333225
8636627,654.1136244339788
8637628,645.3314773186158
8638629,653.6947948040954
8639630,649.8410911447949
8640631,649.0594998638453
8641632,627.2998214986312
8642633,630.2034220420654
8643634,270.6685026402089
8644635,618.9271927815154
8645636,422.69609153006644
8646637,639.2231960763309
8647638,624.691019484448
8648639,523.525329762421
8649640,636.4659507596829
8650641,636.2583082508429
8651642,616.7642625058792
8652643,617.6675624293925
8653644,606.7743071694335
8654645,643.6373607095171
8655646,634.9517578657443
8656647,643.5194056097323
8657648,640.7050648678083
8658649,644.6540040630271
8659650,635.8580458483253
8660651,165.3402463932592
8661652,640.5235210078488
8662653,633.6200195618428
8663654,659.6702647358555
8664655,639.547336031466
8665656,647.0643677455768
8666657,653.8987510603521
8667658,637.6936456068138
8668659,545.4093226969368
8669660,635.4068004033436
8670661,618.7904028346112
8671662,644.462402309494
8672663,648.5770080498784
8673664,635.9784621220005
8674665,634.1304909275251
8675666,642.2109704012131
8676667,646.2114475206637
8677668,649.4654896294834
8678669,660.1791253656764
8679670,606.4673560481491
8680671,641.0866216437945
8681672,637.6083355765745
8682673,636.747211416167
8683674,651.0808893502783
8684675,632.3884808906255
8685676,660.7062697692168
8686677,646.3332011386574
8687678,640.7819749674103
8688679,646.5923442485283
8689680,643.9371052168722
8690681,631.2746825237615
8691682,644.8520112549996
8692683,638.7641619713546
8693684,653.145732202012
8694685,641.7545519614231
8695686,643.9827286267797
8696687,650.1457103542468
8697688,633.882795441302
8698689,549.6977027699699
8699690,642.9822509273544
8700691,644.9742426033964
8701692,652.3807252306362
8702693,653.1412298864936
8703694,657.4532344336852
8704695,657.8892949305231
8705696,611.5240409390715
8706697,659.1354682675483
8707698,643.1315874631854
8708699,657.5139307010692
8709700,644.6218159112628
8710701,643.4175394175139
8711702,635.4458192500788
8712703,650.645636808011
8713704,629.424643403961
8714705,626.7261371428837
8715706,649.3611220961419
8716707,619.9055762796686
8717708,651.0129928811958
8718709,649.8285138495522
8719710,645.5318551311125
8720711,647.8165117753377
8721712,657.0844286634568
8722713,659.4556460544582
8723714,642.313110398089
8724715,646.8626392061369
8725716,633.0284700424745
8726717,655.7992249784303
8727718,655.6311806759093
8728719,650.7828359089225
8729720,650.9637207594699
8730721,520.4629272731363
8731722,628.9168084681513
8732723,615.4100638101395
8733724,640.531014873385
8734725,653.6798283735402
8735726,649.6141818563227
8736727,662.1706064735071
8737728,638.5039010375277
8738729,662.1764460391319
8739730,644.0361179078998
8740731,440.6693446540852
8741732,652.5101309516922
8742733,660.3923397247745
8743734,628.3701313869007
8744735,638.081338544261
8745736,622.0166396294281
8746737,634.3309630778182
8747738,660.205918118128
8748739,638.7091140764392
8749740,656.0453110579468
8750741,654.0056410472356
8751742,652.4852302645488
8752743,659.6407296631429
8753744,641.1234072690595
8754745,657.5178941345448
8755746,167.41725290826056
8756747,649.7980101601429
8757748,645.7520889932695
8758749,662.444479185701
8759750,659.6330496654352
8760751,307.60452624357066
8761752,662.9593559400492
8762753,645.8746396064811
8763754,629.0682236138679
8764755,646.1018553132965
8765756,651.2897212220038
8766757,491.82516874679084
8767758,649.0069312455314
8768759,598.7760448629454
8769760,663.6164818064296
8770761,584.3381720214468
8771762,187.22700065310985
8772763,654.0315083506888
8773764,207.1927859181621
8774765,665.8324928690718
8775766,643.6726824759281
8776767,650.9040304027819
8777768,489.3689586967502
8778769,647.9900932971103
8779770,645.8532130888585
8780771,295.1309915674317
8781772,650.0328587081714
8782773,659.1689083416213
8783774,655.8883579324031
8784775,660.45444839908
8785776,663.6036968072448
8786777,667.3234072523502
8787778,211.8315058553944
8788779,659.2049845112136
8789780,639.9015323815374
8790781,661.6817135177811
8791782,354.41033130392304
8792783,157.5145379378341
8793784,662.3722947250465
8794785,654.6433373215632
8795786,654.1594079270615
8796787,659.9219143923217
8797788,644.4554032874634
8798789,643.2841939638479
8799790,240.8306275736818
8800791,659.3164672198873
8801792,657.2228355427768
8802793,653.0006858660142
8803794,616.9820287966041
8804795,649.9077645010731
8805796,621.2915684293017
8806797,651.0432446276002
8807798,273.48427218120656
8808799,640.0740490781229
8809800,243.7797759391118
8810801,638.1537108425565
8811802,373.9593263384741
8812803,627.6834142699507
8813804,650.694330767829
8814805,643.9150063007044
8815806,648.3253568462943
8816807,655.024006781894
8817808,638.1453897573647
8818809,661.511744746453
8819810,559.0106692205759
8820811,602.7623398363855
8821812,651.0498202919649
8822813,465.0843660187348
8823814,661.1183886348203
8824815,512.4183117040014
8825816,618.2550604626823
8826817,665.6678042903692
8827818,661.4235516341663
8828819,657.4027318120396
8829820,518.8127974668042
8830821,651.0513698067091
8831822,664.2247546736086
8832823,643.8850102010854
8833824,656.0741834971242
8834825,647.7416596421563
8835826,649.4169609806564
8836827,656.3705335484394
8837828,646.7571983568413
8838829,629.7026506153036
8839830,653.9753092864812
8840831,644.7452592160726
8841832,650.9959480896666
8842833,633.9580274928501
8843834,622.3550155546588
8844835,633.3890655366783
8845836,660.7337770675114
8846837,165.67847196520964
8847838,657.6801712589156
8848839,653.5485702561119
8849840,651.8625411688083
8850841,183.87742200295077
8851842,652.204121196499
8852843,632.7039294133755
8853844,160.74673304005884
8854845,663.1812466249622
8855846,653.9455723229834
8856847,644.2012023916039
8857848,651.8645581692923
8858849,209.1662961479909
8859850,157.13986138671112
8860851,652.1245817261861
8861852,653.0985688560941
8862853,531.2967493806433
8863854,647.8715978999628
8864855,660.90519708449
8865856,665.1255322236123
8866857,644.6840897581135
8867858,653.9784185569774
8868859,644.8928542171199
8869860,624.3030276095473
8870861,656.8535493548986
8871862,661.6116187720462
8872863,653.2299649390561
8873864,654.1820096921285
8874865,652.6614357954887
8875866,658.5387651553259
8876867,652.9512278517333
8877868,652.4498804895501
8878869,621.1104261126779
8879870,647.4013513476252
8880871,655.584958494452
8881872,651.3410806740382
8882873,644.5687178033791
8883874,644.3455511060611
8884875,618.1209805393569
8885876,650.004711869389
8886877,639.6564499823062
8887878,269.63719189857346
8888879,461.741608633662
8889880,605.0285939348123
8890881,656.6688489642788
8891882,645.6747562387607
8892883,650.2942760898809
8893884,594.36163862461
8894885,635.0384681001933
8895886,638.280328810321
8896887,637.8154145538803
8897888,646.9124145799872
8898889,192.11796155780343
8899890,649.4385693478755
8900891,654.7420548887678
8901892,653.8043797147222
8902893,657.2992866811169
8903894,656.7457635318983
8904895,654.6600720929923
8905896,620.0392977987127
8906897,159.1895051651951
8907898,523.3199650788001
8908899,642.342675872267
8909900,612.3587640130229
8910901,646.2439191389562
8911902,645.842677657416
8912903,208.2126435247533
8913904,228.93400297472317
8914905,640.171665458492
8915906,644.4765538726506
8916907,634.4706712353827
8917908,638.2419215090501
8918909,651.7465938388248
8919910,616.1606826270578
8920911,627.4709713755157
8921912,629.3390575517543
8922913,634.2490855415501
8923914,625.3918637264544
8924915,630.799664604219
8925916,631.2771611792006
8926917,634.6514451376518
8927918,634.5014214446194
8928919,645.5707686329937
8929920,614.5669249466205
8930921,633.5627566289226
8931922,588.9855387473058
8932923,596.9291170940979
8933924,630.4450095885511
8934925,567.2487467172434
8935926,616.7373644199307
8936927,636.1310033012296
8937928,619.7208105559934
8938929,646.9266163563997
8939930,647.4901817679186
8940931,637.7227621241101
8941932,470.95739190470533
8942933,619.1755230628513
8943934,624.2674082614413
8944935,641.6685199965319
8945936,610.9070809985169
8946937,634.5013321514841
8947938,639.6523035946594
8948939,626.9110404777659
8949940,630.5762711278678
8950941,629.3662672937367
8951942,613.0542638201955
8952943,605.0455394136493
8953944,623.8143903868188
8954945,365.84721921560174
8955946,413.2612537948013
8956947,627.3784855558094
8957948,608.9309690439478
8958949,593.4215396699223
8959950,628.9276970203551
8960951,466.2864196083021
8961952,613.311717446759
8962953,359.77575286660726
8963954,617.1312208351169
8964955,616.5079284910357
8965956,604.788370979956
8966957,608.0179584569206
8967958,628.5108924355333
8968959,615.749826265001
8969960,631.4453630456659
8970961,577.5314123867774
8971962,158.5209447877163
8972963,617.3468816159133
8973964,596.3705429327863
8974965,591.0749804517692
8975966,623.3623671263249
8976967,635.9758741300184
8977968,617.2273922376246
8978969,559.7033001698223
8979970,608.8255692661525
8980971,635.6423962785074
8981972,604.7556706956516
8982973,634.8324068385072
8983974,617.8179175225548
8984975,559.885020572891
8985976,577.281458833859
8986977,168.4112442322037
8987978,483.28180490185264
8988979,621.4371357602312
8989980,617.2977830053244
8990981,629.9556608808575
8991982,620.3319510000529
8992983,634.3302822720648
8993984,635.0868214272618
8994985,602.2104463880682
8995986,628.0783413510184
8996987,613.0129562893189
8997988,611.1078871236659
8998989,583.1922145124402
8999990,502.04883712501197
9000991,615.2078612814678
9001992,623.2279680069829
9002993,636.5644508973203
9003994,425.23722444987106
9004995,577.8046425956002
9005996,640.8190342094013
9006997,598.49472908238
9007998,592.5624110207887
9008999,641.0004350193848
9010000,636.742050446873
9011001,567.5609875848451
9012002,623.9611720554012
9013003,653.9239847468093
9014004,630.8740306537711
9015005,632.6479901470741
9016006,620.4708913572185
9017007,626.7805439111883
9018008,641.8702980204354
9019009,601.3752263424236
9020010,631.1192273972777
9021011,640.3488386225549
9022012,601.3267931037634
9023013,625.6824579890538
9024014,625.6485818250159
9025015,642.382993219865
9026016,595.1026838053771
9027017,645.1537640657734
9028018,650.0807137982208
9029019,647.2764387105198
9030020,620.9119993764402
9031021,622.7566785051486
9032022,633.9678299859363
9033023,601.3842448840089
9034024,466.3502982154644
9035025,612.9516824106223
9036026,633.1403023442183
9037027,597.7552423119645
9038028,612.283825003677
9039029,228.47636979682343
9040030,596.237949335489
9041031,618.0865324282496
9042032,610.5169399097113
9043033,643.6708900801366
9044034,632.9610054367828
9045035,634.008500734461
9046036,625.0350948014484
9047037,620.1416478155526
9048038,629.3183666083057
9049039,617.6869418550433
9050040,625.0946936119097
9051041,599.3790407197645
9052042,649.0471640420858
9053043,593.4256294044345
9054044,639.9365077247463
9055045,202.2774803168633
9056046,627.7247961247668
9057047,601.147210815778
9058048,636.3921053585044
9059049,591.3276662608532
9060050,587.4251394402497
9061051,609.15705249326
9062052,637.4658267410227
9063053,631.1652857557315
9064054,591.334389293284
9065055,630.2068135361191
9066056,376.75542709700096
9067057,633.9016085301034
9068058,619.1332160476796
9069059,629.6825859041753
9070060,470.26362467542214
9071061,635.3903263172233
9072062,466.49869050369233
9073063,637.9571650511714
9074064,598.5662244577668
9075065,621.4549117834091
9076066,447.71810941732576
9077067,641.2909212614165
9078068,591.9751537735484
9079069,607.0056687092891
9080070,598.0798587099127
9081071,601.7298630085169
9082072,600.6026402478356
9083073,594.7576607102985
9084074,623.621524450734
9085075,638.1413169319582
9086076,590.5898611727449
9087077,601.1163346456477
9088078,632.1574144009785
9089079,609.4854497258996
9090080,611.3723344134478
9091081,599.1721898883746
9092082,581.3439414141412
9093083,586.2134321044064
9094084,607.1240231980719
9095085,403.1887476032388
9096086,614.4669846924457
9097087,613.1431486524135
9098088,618.6864349417096
9099089,633.4053334501759
9100090,587.782876399902
9101091,622.2136226741724
9102092,620.8764466299381
9103093,550.7749772909254
9104094,610.9249898874987
9105095,633.6272306327573
9106096,626.8724412182941
9107097,642.2773344526677
9108098,624.9185093911013
9109099,618.1007328972735
9110100,519.534038601768
9111101,613.9501316393848
9112102,570.704266392763
9113103,585.2416945359189
9114104,624.5617357492638
9115105,583.1577082944148
9116106,626.9828315136281
9117107,629.568158577663
9118108,612.3506490317303
9119109,597.1650197316953
9120110,578.5357488605979
9121111,610.661014081911
9122112,564.99768526298
9123113,636.8051304634736
9124114,569.732745441278
9125115,449.9485829390587
9126116,602.7909834122307
9127117,354.4771711484879
9128118,206.35489346669797
9129119,590.561044482293
9130120,610.0856297803851
9131121,625.499923722321
9132122,50.79119096253842
9133123,611.7603266275439
9134124,625.2194103884991
9135125,626.220240710665
9136126,620.9987886352778
9137127,195.96383510836137
9138128,619.0041112954333
9139129,601.5354294369868
9140130,594.780702992545
9141131,598.1904478815056
9142132,615.2052479162488
9143133,614.0080699688193
9144134,608.693236720054
9145135,613.7412793164193
9146136,632.9461479975812
9147137,626.3144560021952
9148138,605.3125803950387
9149139,161.6230315562891
9150140,538.7927408712766
9151141,169.08001444834937
9152142,630.4361913911445
9153143,620.8144682337307
9154144,509.6349444759483
9155145,642.745693486868
9156146,634.1089019425467
9157147,618.274434496049
9158148,610.275646555593
9159149,600.5958111845883
9160150,569.720231322173
9161151,631.2060787624238
9162152,631.319557654279
9163153,542.4541426919625
9164154,635.5362903306404
9165155,544.0862599319262
9166156,620.1543345592188
9167157,634.9205156039238
9168158,635.1388732950045
9169159,425.6725673752136
9170160,601.5694749895066
9171161,611.5453321819555
9172162,592.3113235080516
9173163,625.313636874397
9174164,609.4255492157115
9175165,641.2428056796139
9176166,647.1978106908858
9177167,603.297479779691
9178168,638.7517081872334
9179169,641.2326241183288
9180170,631.1102148737325
9181171,609.3994834631754
9182172,633.9439854394651
9183173,650.0212946680506
9184174,627.204039201975
9185175,615.7359676773875
9186176,634.5474288300768
9187177,644.7533110151516
9188178,643.1825569949955
9189179,641.2148282230678
9190180,636.9272625851745
9191181,214.2685815662127
9192182,635.4705328991398
9193183,602.0514455621046
9194184,632.9087511823506
9195185,639.4458675243519
9196186,640.3767708355111
9197187,621.2903052579678
9198188,627.3206887382208
9199189,636.6769712748245
9200190,423.77050902507807
9201191,631.8390171610502
9202192,615.4478852155929
9203193,640.921596068548
9204194,635.6797389146567
9205195,561.4497941517461
9206196,627.8636838217551
9207197,622.1136821687495
9208198,655.6766091188446
9209199,650.9726252714615
9210200,508.25515963403666
9211201,640.9917172921965
9212202,640.7156804751686
9213203,630.888142041167
9214204,620.1511193960779
9215205,626.0619595713916
9216206,654.631258733373
9217207,638.5983476771696
9218208,650.8896917059762
9219209,640.372849301878
9220210,647.6400155258534
9221211,612.8289434966534
9222212,621.1034550373325
9223213,647.1590102521595
9224214,630.132307199343
9225215,641.5071147729791
9226216,627.200402428903
9227217,632.185679049841
9228218,631.9430127175392
9229219,202.80851252816683
9230220,639.2611239709588
9231221,609.2251181927212
9232222,653.0368182366836
9233223,620.6605719181428
9234224,437.28593908898665
9235225,629.7849961712853
9236226,648.2642424179885
9237227,625.9190179001774
9238228,642.1195738830412
9239229,646.4016110316722
9240230,651.9045868564435
9241231,661.5864192489848
9242232,638.2378370596936
9243233,653.8387530138867
9244234,623.4058538125969
9245235,634.8816427533393
9246236,630.4552183674854
9247237,645.5324610778544
9248238,644.7946856372383
9249239,642.0653076890034
9250240,638.4632688313384
9251241,596.0188557741791
9252242,647.1056905796454
9253243,649.1002323138722
9254244,616.8113433545575
9255245,637.9978735468443
9256246,418.1828420293133
9257247,635.1406350820878
9258248,198.5451989798872
9259249,589.2707812984665
9260250,638.647127838061
9261251,487.623813946306
9262252,611.1371519451046
9263253,645.1418900698089
9264254,644.6378046360012
9265255,589.139219423011
9266256,633.8565320703599
9267257,640.6137591511355
9268258,495.16244515745586
9269259,602.4405785054992
9270260,646.0456559509624
9271261,592.6038816275671
9272262,648.4571607932334
9273263,486.0940260568165
9274264,649.7812891226164
9275265,645.6591341395695
9276266,650.9471376778475
9277267,580.6335922092908
9278268,657.9713127719956
9279269,658.0198506183145
9280270,621.9217204429787
9281271,654.8860708410442
9282272,645.7818841344601
9283273,629.1475734274464
9284274,619.3375531863495
9285275,626.1133004719087
9286276,630.7488257175451
9287277,634.35404627191
9288278,641.8171533967292
9289279,650.9487074243294
9290280,653.4872271768257
9291281,621.092243309028
9292282,614.3729205917552
9293283,636.5035914714931
9294284,169.88311341275872
9295285,631.0354725081233
9296286,636.3011471574818
9297287,632.0222178679423
9298288,643.061675582573
9299289,644.1059758351307
9300290,655.834522380891
9301291,640.8103208822994
9302292,643.6957859259293
9303293,621.3579265611289
9304294,621.847506406669
9305295,615.471469591014
9306296,644.6592642428916
9307297,654.8547594042743
9308298,623.8179769362415
9309299,633.9534422432578
9310300,601.328883655204
9311301,636.3254928564119
9312302,641.5181187939469
9313303,629.744381962626
9314304,649.2441703618232
9315305,634.8610192044412
9316306,644.9847198815378
9317307,633.6978599859735
9318308,639.31528705136
9319309,617.8356617821695
9320310,639.5224764254492
9321311,605.866130704049
9322312,630.6287404774562
9323313,625.7529465465071
9324314,640.2237785609652
9325315,626.0336285562066
9326316,623.2043544407527
9327317,634.7540537465023
9328318,621.1067742365917
9329319,351.68336226492085
9330320,618.631069338187
9331321,632.2004018217216
9332322,596.5147762333539
9333323,635.958395590857
9334324,627.6700558900582
9335325,630.3726513378758
9336326,638.5979496966081
9337327,627.3063980137564
9338328,605.6969109870099
9339329,647.8959313327821
9340330,621.8185732791993
9341331,627.6171270254239
9342332,552.2266387371842
9343333,597.6458018560418
9344334,639.1132419597695
9345335,639.1887771686896
9346336,628.2653800045932
9347337,641.327484316676
9348338,638.598882423193
9349339,637.8979827290132
9350340,629.7310103139396
9351341,627.0838678147802
9352342,617.9047584354115
9353343,315.62869371930503
9354344,628.375246831553
9355345,650.9300475217563
9356346,632.709986912681
9357347,285.22806755485095
9358348,319.64524181694026
9359349,625.3895571917885
9360350,638.0691910526849
9361351,621.4472835487157
9362352,631.5966085429685
9363353,602.3219803045461
9364354,623.9649509932306
9365355,624.6921286381842
9366356,596.7505712462782
9367357,609.9262431934391
9368358,626.1572703722909
9369359,623.3955303169423
9370360,447.97226769976095
9371361,626.8933244542764
9372362,623.3896513429988
9373363,612.3764824750285
9374364,632.8210028151487
9375365,616.330853776236
9376366,636.6560897819824
9377367,622.0265895538565
9378368,634.7280082902845
9379369,565.5935416324
9380370,615.7109137837734
9381371,629.8271876352815
9382372,634.4626526303834
9383373,626.8589908967634
9384374,619.0828626881273
9385375,614.149560187173
9386376,602.0665743033736
9387377,616.9569516629351
9388378,623.5279682726024
9389379,587.1301629885514
9390380,605.572483170466
9391381,617.2809402017807
9392382,626.634319608754
9393383,613.6946529514962
9394384,612.8318925609078
9395385,595.830622973716
9396386,613.8174459183198
9397387,493.43292592450535
9398388,627.3165062095447
9399389,625.7863629940144
9400390,617.6595102337321
9401391,639.1660577511547
9402392,629.8432891707565
9403393,636.9008568725975
9404394,614.82441979099
9405395,628.9516739678879
9406396,636.5345755771336
9407397,629.777214726555
9408398,600.5522790525351
9409399,611.6539773281957
9410400,628.5174000955946
9411401,624.2489226647542
9412402,640.2713978302984
9413403,613.8156884739933
9414404,641.0732131624563
9415405,628.3956153355306
9416406,247.63414807952068
9417407,597.8860090923405
9418408,627.555867961558
9419409,635.4287548010446
9420410,632.8417513412745
9421411,626.6685091466094
9422412,618.2727699682624
9423413,215.27697620102148
9424414,624.6942843002081
9425415,620.9899260692567
9426416,641.1099184630308
9427417,533.8168878149112
9428418,616.7061546935167
9429419,620.2304559214915
9430420,589.9029118859021
9431421,633.9878561971598
9432422,621.5247226892682
9433423,639.6524256453538
9434424,634.2332799384187
9435425,621.4098987006297
9436426,284.66403428573926
9437427,616.2305504088083
9438428,643.1408438730608
9439429,626.3425751759174
9440430,635.8991848200071
9441431,628.5579761640342
9442432,637.3687337097346
9443433,612.1480579591594
9444434,452.7333450375483
9445435,611.2123943797919
9446436,620.628443398047
9447437,635.2443325591502
9448438,633.8782449644543
9449439,620.3395325920185
9450440,365.60456506412106
9451441,628.5070381423596
9452442,640.3409723558461
9453443,398.9592874626916
9454444,628.2433788649539
9455445,631.2496224827432
9456446,619.1844698825479
9457447,264.3676186204511
9458448,613.31556949384
9459449,614.6583866521619
9460450,610.233322114474
9461451,554.1117588547281
9462452,627.1974514255585
9463453,627.5652490269235
9464454,623.1569612023226
9465455,608.2984773749291
9466456,179.24921464819286
9467457,630.8777426966911
9468458,630.7434658170889
9469459,627.3828971133084
9470460,636.1568424567117
9471461,615.6468481604032
9472462,630.0324542036296
9473463,635.54116982858
9474464,630.042343321072
9475465,613.3797967264242
9476466,604.431277371474
9477467,622.7177509179218
9478468,621.7480221270712
9479469,529.6520096897053
9480470,622.2589067499134
9481471,620.0887455780969
9482472,620.5646082448477
9483473,620.7972541978883
9484474,629.0283027398643
9485475,618.2193890431673
9486476,596.9428518678425
9487477,641.3894351406044
9488478,630.2103649058243
9489479,643.6897791640131
9490480,632.6122533819678
9491481,635.4791272293896
9492482,98.91942684348211
9493483,621.0583578458685
9494484,601.261062691116
9495485,212.29084818415902
9496486,637.6805666315605
9497487,309.6046878954262
9498488,635.9187291606175
9499489,620.719678369246
9500490,632.5182260741364
9501491,639.5171597657337
9502492,629.8073299036638
9503493,587.7684473232682
9504494,633.5857528208332
9505495,650.7305154086853
9506496,627.1407001371466
9507497,639.7959831998986
9508498,158.1946708925524
9509499,625.3859358551894
9510500,614.563514267559
9511501,637.5177343407225
9512502,368.19626630128016
9513503,630.8367764953055
9514504,638.4504184418687
9515505,647.15154374684
9516506,641.0540783393195
9517507,633.0278593742648
9518508,451.89634399529837
9519509,641.1037317963281
9520510,640.7564476278462
9521511,639.2218362096396
9522512,587.858068676951
9523513,634.4708839458025
9524514,609.6448913789865
9525515,631.6856418680254
9526516,639.0309488473436
9527517,641.614388584371
9528518,636.3595790664024
9529519,476.5601975321234
9530520,644.4695592958566
9531521,606.3332654539821
9532522,208.9881523748653
9533523,635.2658834222244
9534524,644.6199118081738
9535525,635.3652202606793
9536526,618.7521081909169
9537527,629.7370571070628
9538528,623.8870333837679
9539529,631.6421998397823
9540530,626.5709441648736
9541531,616.9619451772735
9542532,644.0533045501221
9543533,625.6000968250761
9544534,632.3222893896683
9545535,650.4222349212204
9546536,637.8917183588823
9547537,642.9022736682248
9548538,648.8621299923523
9549539,640.3376950432199
9550540,641.3262603682759
9551541,633.9840408230774
9552542,265.4266233444926
9553543,640.986521499999
9554544,649.166396446126
9555545,631.9359919252827
9556546,628.0987485380122
9557547,615.7677698537151
9558548,651.2705478278571
9559549,636.2119199740431
9560550,645.9715972438069
9561551,620.7456101838305
9562552,642.6653596057832
9563553,646.6393776526173
9564554,645.991309955323
9565555,638.8197805386858
9566556,632.5686243168258
9567557,629.4781086527472
9568558,610.8112187016088
9569559,180.99197466202583
9570560,583.9389182643471
9571561,282.82448867233745
9572562,627.0448433059478
9573563,633.7980317225533
9574564,609.0441284543883
9575565,641.8190312166271
9576566,634.6359519365024
9577567,639.3974611378412
9578568,642.3055013820052
9579569,637.4226286966402
9580570,176.10030221735317
9581571,640.3075797615707
9582572,647.0220534778236
9583573,534.2802071955738
9584574,650.8718716178003
9585575,642.5600306935136
9586576,612.9070386997159
9587577,575.2152419936663
9588578,607.0475953848877
9589579,650.4468058647079
9590580,504.93872030850423
9591581,646.4870704539502
9592582,638.23229358
9593583,632.5755429032484
9594584,632.6526921180767
9595585,418.17177183850924
9596586,641.9490822604396
9597587,625.5691558878256
9598588,642.7744284300238
9599589,643.1518911028423
9600590,652.4136588406344
9601591,463.9507885288167
9602592,638.9672872684822
9603593,622.8944577687888
9604594,640.1110693727647
9605595,629.7352496341344
9606596,638.747488287169
9607597,643.4840071831798
9608598,643.8290648071256
9609599,454.3239774088737
9610600,641.3885192469813
9611601,645.2428603788072
9612602,638.028590399187
9613603,609.4150963772202
9614604,155.29556665458313
9615605,639.6039144481507
9616606,316.6556507687509
9617607,634.2533363814307
9618608,634.8438355739097
9619609,317.2559478834503
9620610,641.0028466547091
9621611,493.38966348787204
9622612,638.4544764403533
9623613,633.268658147662
9624614,628.5926421479219
9625615,631.9419471160758
9626616,650.6524334694155
9627617,640.283120073588
9628618,639.0314585817123
9629619,645.7739678226633
9630620,615.4314103793598
9631621,643.3638357454392
9632622,643.7887759161847
9633623,642.4501514243756
9634624,640.8624631894834
9635625,647.4611300632386
9636626,614.0436873643065
9637627,637.8199133850765
9638628,647.5560812551464
9639629,645.7323804092648
9640630,646.0681886655425
9641631,637.2424100943816
9642632,635.0873797957173
9643633,633.7435054185246
9644634,651.8749883371494
9645635,648.4375142192865
9646636,237.36980547754217
9647637,631.486997138543
9648638,429.6690922042843
9649639,534.8331819142614
9650640,651.6889184512665
9651641,649.9924352807976
9652642,641.2266829054817
9653643,612.4241124762688
9654644,655.4079862210621
9655645,654.2279221297798
9656646,636.0905925869857
9657647,620.5115160737525
9658648,637.169849908768
9659649,642.062249681573
9660650,624.9654045413844
9661651,633.8198338626628
9662652,609.4664605454603
9663653,627.2486777398784
9664654,638.4696645753282
9665655,640.0668587754002
9666656,641.6102483969977
9667657,623.6199029028525
9668658,532.2114288934418
9669659,640.466111869655
9670660,614.6161513454521
9671661,646.4470703829352
9672662,634.9519062224119
9673663,632.5541268562787
9674664,588.7246457624627
9675665,609.5091416285467
9676666,621.232586517238
9677667,644.3690111240501
9678668,648.0061809716395
9679669,394.0989582944784
9680670,639.8577203091368
9681671,634.8243433377153
9682672,646.3087022405412
9683673,176.84409587327914
9684674,638.9561768622902
9685675,655.497525628585
9686676,173.93081599351726
9687677,647.3715441649598
9688678,631.0733171840934
9689679,630.8377439300992
9690680,632.7715140446521
9691681,634.3468216011025
9692682,647.1407858373265
9693683,654.481348814262
9694684,624.6502541158634
9695685,629.5091987131589
9696686,644.9168535878852
9697687,646.4485024091135
9698688,623.7307977411117
9699689,543.346088676599
9700690,623.4556112903517
9701691,177.43732150815202
9702692,633.3338372489699
9703693,638.3757297142675
9704694,629.0056060926288
9705695,614.1914136819971
9706696,646.5012739369807
9707697,648.8316388546112
9708698,642.8882231008029
9709699,617.6865868339403
9710700,617.8192421444393
9711701,613.8956588538588
9712702,636.1001221797582
9713703,290.76546965716545
9714704,641.0075264928824
9715705,634.3012240709262
9716706,604.245964708529
9717707,643.5724425437779
9718708,635.9922287342949
9719709,640.8687544013604
9720710,630.4390316911195
9721711,229.7339116359747
9722712,636.054539594815
9723713,641.8590499329972
9724714,627.3511237338317
9725715,646.5307022249989
9726716,659.6094118808204
9727717,642.5457838314323
9728718,638.724122739108
9729719,424.2129775692369
9730720,635.927036277575
9731721,641.2421694646733
9732722,634.9166227463376
9733723,608.7887980589039
9734724,625.362777110619
9735725,628.0565401669528
9736726,648.2979480616242
9737727,631.858165701706
9738728,626.0606950253097
9739729,636.6851772570199
9740730,641.5598292180927
9741731,629.8771763394607
9742732,632.5162565990809
9743733,634.0530637443961
9744734,619.0330566033679
9745735,647.631339446621
9746736,635.6766707185885
9747737,637.6429385398063
9748738,643.4715231909862
9749739,648.3201727783392
9750740,630.7506860111772
9751741,638.4118812662751
9752742,632.4588725912105
9753743,614.4084201525541
9754744,644.5070223466885
9755745,628.7892004066582
9756746,628.8941763135775
9757747,647.7647365042264
9758748,619.5047018624795
9759749,619.7139126355136
9760750,646.2191287700982
9761751,648.3461155131052
9762752,629.3670217531695
9763753,541.913868047721
9764754,647.7418115704276
9765755,227.73759168173424
9766756,561.9444635667365
9767757,637.4588859852009
9768758,640.2738808166554
9769759,655.2898029458344
9770760,630.5194314719176
9771761,598.1046514654488
9772762,254.44885160569
9773763,160.9804536463254
9774764,649.4566557318899
9775765,644.2904179917062
9776766,640.0765747321453
9777767,198.4320131501436
9778768,169.70326371038664
9779769,645.9529164510798
9780770,536.548683241565
9781771,553.8988503616632
9782772,641.1127565012256
9783773,602.2787235399455
9784774,628.8857773792282
9785775,612.5381498644925
9786776,648.6905742563707
9787777,635.8247151872691
9788778,625.7377671631101
9789779,642.2573082810228
9790780,633.0800696466079
9791781,649.806045308922
9792782,645.6474696252164
9793783,645.4491007280822
9794784,621.3514212773954
9795785,646.0809480051624
9796786,404.7215274572214
9797787,625.7548184662485
9798788,611.0148695894931
9799789,632.8988283151896
9800790,585.7269698326157
9801791,614.5698385586966
9802792,637.6598217899723
9803793,627.2369232275814
9804794,625.2441505184124
9805795,646.2933977691539
9806796,638.5285398119803
9807797,638.2059398503344
9808798,620.095179541775
9809799,642.0425639146783
9810800,624.5310615630465
9811801,427.42739811743974
9812802,647.2572117323377
9813803,644.283695920688
9814804,641.3659855012643
9815805,623.6693783140613
9816806,639.7161998181434
9817807,622.0041112753221
9818808,622.4555542521476
9819809,631.2387053201712
9820810,629.8096222863624
9821811,535.0821271020777
9822812,649.9751309622363
9823813,636.6336051795272
9824814,644.4997733271497
9825815,644.5179166569753
9826816,620.2899996041893
9827817,612.4093447075333
9828818,607.2365725351957
9829819,646.7040704629309
9830820,636.0750818317895
9831821,596.1986068746064
9832822,365.940316713244
9833823,184.27318523204784
9834824,630.9480285851524
9835825,634.9431967008541
9836826,627.5959908922811
9837827,632.3154183518709
9838828,610.882706911089
9839829,645.326550593506
9840830,647.8115059970654
9841831,152.6794091290893
9842832,636.9801681959262
9843833,633.6868787588669
9844834,638.9831437836623
9845835,557.4566190792813
9846836,174.36823750862908
9847837,603.5814250609202
9848838,419.1154794697067
9849839,204.568702516619
9850840,540.9531024577592
9851841,642.637110384916
9852842,641.3259645642978
9853843,638.2884664034486
9854844,648.4767549080059
9855845,551.1948788806944
9856846,640.5833238491736
9857847,135.14942048513714
9858848,646.6302098454671
9859849,647.9139270991737
9860850,627.1669307258145
9861851,586.9179341925366
9862852,623.5710460225717
9863853,634.5965436046271
9864854,641.6374356803867
9865855,618.0131651361758
9866856,631.9014097261488
9867857,624.2626106141788
9868858,619.4193387035774
9869859,626.2983722429683
9870860,487.0003188553482
9871861,158.1073005920107
9872862,638.8362573517121
9873863,637.7974811509849
9874864,232.55606937940013
9875865,626.2975408920825
9876866,640.1509202030778
9877867,635.0015639162382
9878868,630.2134106734371
9879869,643.7781067524908
9880870,634.8707191572557
9881871,511.8231371739626
9882872,587.4262617898287
9883873,640.7126324342372
9884874,645.172590490374
9885875,384.4879518948259
9886876,180.7654039816268
9887877,620.9758006272335
9888878,615.837489131887
9889879,649.7353009943067
9890880,618.5039487807802
9891881,638.3984519786964
9892882,607.5650169546785
9893883,642.288161423563
9894884,600.8112846872868
9895885,624.7645241062495
9896886,637.4122860107732
9897887,629.7110881037956
9898888,638.6503696537568
9899889,544.9946048369626
9900890,526.3214567761619
9901891,545.2364445847653
9902892,642.4247655677825
9903893,616.8603077610605
9904894,637.9357702093082
9905895,641.9972414936423
9906896,613.7912591266173
9907897,642.0651122093062
9908898,621.4878816099523
9909899,629.2393952816232
9910900,646.2740403693416
9911901,640.0395879285376
9912902,642.9627630566711
9913903,630.7489479498671
9914904,399.84794168564423
9915905,622.1890056625242
9916906,632.4104463407286
9917907,593.2549589985053
9918908,611.2405907342309
9919909,633.5449284168867
9920910,623.4252558615274
9921911,587.1549027639754
9922912,501.8616923694518
9923913,637.7104806664894
9924914,635.3841009709845
9925915,589.491720823406
9926916,506.48528829052447
9927917,645.0678526303916
9928918,628.0544884633927
9929919,634.8098202976557
9930920,421.0785183013251
9931921,623.2630891466234
9932922,622.1078450051193
9933923,645.7312864136603
9934924,638.8871531592595
9935925,635.3783655735807
9936926,514.3235134518255
9937927,514.2220924323592
9938928,625.9069221408214
9939929,640.7592479362572
9940930,647.4721316914905
9941931,634.2398871732333
9942932,212.442685746727
9943933,276.5474461417897
9944934,577.9456959770287
9945935,625.0180248960926
9946936,638.4682203148412
9947937,577.4431694797457
9948938,523.8064105648593
9949939,602.9125730766102
9950940,627.7934591989815
9951941,459.82178033333514
9952942,641.7514547457025
9953943,642.170478453112
9954944,635.4416373926897
9955945,627.6964195403352
9956946,499.56995786968577
9957947,636.5513568367553
9958948,633.4432392720005
9959949,624.3628298249841
9960950,215.88370924085166
9961951,642.0021080887656
9962952,357.9591804894652
9963953,638.8958615550287
9964954,638.95158530566
9965955,423.4931360182573
9966956,627.7559177802794
9967957,629.6800261447337
9968958,633.8922231904917
9969959,627.5161867370335
9970960,645.6078038413093
9971961,652.0829867175555
9972962,635.7106244945932
9973963,632.8032550677085
9974964,627.4290886901134
9975965,393.5589496792591
9976966,603.8157139752461
9977967,622.5118362922224
9978968,631.0583580933126
9979969,639.8993808166981
9980970,387.8131673124821
9981971,621.2466920864938
9982972,620.7567730590455
9983973,622.2146695151225
9984974,647.2762932590911
9985975,631.1140659810028
9986976,638.7274277081256
9987977,633.7845226495814
9988978,638.6075244117487
9989979,639.9455978762996
9990980,421.2505104317669
9991981,540.0402806714876
9992982,630.5591549547086
9993983,642.3950189899708
