timestep,episodic_return
1000,0.0
2001,0.0
3002,23.0
4003,7.0
5004,0.0
6005,0.0
7006,82.0
8007,5.0
9008,0.0
10009,37.0
11010,8.0
12011,27.0
13012,178.0
14013,218.0
15014,45.0
16015,146.0
17016,0.0
18017,78.0
19018,0.0
20019,14.0
21020,238.0
22021,7.0
23022,18.0
24023,32.0
25024,30.0
26025,73.0
27026,74.0
28027,70.0
29028,18.0
30029,49.0
31030,17.0
32031,305.0
33032,0.0
34033,16.0
35034,0.0
36035,0.0
37036,2.0
38037,51.0
39038,3.0
40039,10.0
41040,68.0
42041,4.0
43042,41.0
44043,70.0
45044,62.0
46045,131.0
47046,175.0
48047,10.0
49048,37.0
50049,14.0
51050,118.0
52051,60.0
53052,0.0
54053,48.0
55054,21.0
56055,92.0
57056,0.0
58057,211.0
59058,151.0
60059,3.0
61060,84.0
62061,0.0
63062,292.0
64063,0.0
65064,23.0
66065,242.0
67066,10.0
68067,104.0
69068,37.0
70069,44.0
71070,0.0
72071,59.0
73072,143.0
74073,31.0
75074,36.0
76075,222.0
77076,12.0
78077,124.0
79078,78.0
80079,40.0
81080,10.0
82081,0.0
83082,0.0
84083,87.0
85084,0.0
86085,205.0
87086,76.0
88087,23.0
89088,20.0
90089,0.0
91090,14.0
92091,53.0
93092,73.0
94093,178.0
95094,87.0
96095,99.0
97096,38.0
98097,47.0
99098,87.0
100099,0.0
101100,92.0
102101,8.0
103102,151.0
104103,313.0
105104,26.0
106105,164.0
107106,92.0
108107,17.0
109108,107.0
110109,173.0
111110,328.0
112111,0.0
113112,48.0
114113,174.0
115114,10.0
116115,233.0
117116,0.0
118117,84.0
119118,17.0
120119,79.0
121120,146.0
122121,22.0
123122,111.0
124123,59.0
125124,59.0
126125,201.0
127126,274.0
128127,0.0
129128,161.0
130129,83.0
131130,20.0
132131,68.0
133132,212.0
134133,63.0
135134,40.0
136135,8.0
137136,345.0
138137,0.0
139138,44.0
140139,0.0
141140,64.0
142141,474.0
143142,91.0
144143,52.0
145144,152.0
146145,63.0
147146,130.0
148147,11.0
149148,120.0
150149,0.0
151150,55.0
152151,121.0
153152,35.0
154153,0.0
155154,0.0
156155,183.0
157156,44.0
158157,504.0
159158,128.0
160159,47.0
161160,22.0
162161,0.0
163162,54.0
164163,0.0
165164,87.0
166165,0.0
167166,0.0
168167,42.0
169168,123.0
170169,105.0
171170,82.0
172171,6.0
173172,11.0
174173,109.0
175174,27.0
176175,113.0
177176,288.0
178177,312.0
179178,47.0
180179,379.0
181180,81.0
182181,89.0
183182,60.0
184183,0.0
185184,417.0
186185,31.0
187186,0.0
188187,256.0
189188,0.0
190189,379.0
191190,93.0
192191,36.0
193192,0.0
194193,0.0
195194,0.0
196195,55.0
197196,617.0
198197,0.0
199198,0.0
200199,24.0
201200,3.0
202201,31.0
203202,279.0
204203,0.0
205204,328.0
206205,999.0
207206,0.0
208207,140.0
209208,44.0
210209,0.0
211210,66.0
212211,93.0
213212,5.0
214213,305.0
215214,37.0
216215,95.0
217216,130.0
218217,79.0
219218,152.0
220219,117.0
221220,64.0
222221,957.0
223222,0.0
224223,25.0
225224,0.0
226225,32.0
227226,23.0
228227,9.0
229228,130.0
230229,0.0
231230,0.0
232231,253.0
233232,0.0
234233,0.0
235234,19.0
236235,61.0
237236,868.0
238237,386.0
239238,10.0
240239,0.0
241240,0.0
242241,1.0
243242,238.0
244243,105.0
245244,265.0
246245,561.0
247246,0.0
248247,88.0
249248,0.0
250249,163.0
251250,18.0
252251,371.0
253252,91.0
254253,0.0
255254,8.0
256255,0.0
257256,0.0
258257,0.0
259258,0.0
260259,14.0
261260,251.0
262261,143.0
263262,331.0
264263,11.0
265264,281.0
266265,0.0
267266,0.0
268267,45.0
269268,253.0
270269,0.0
271270,190.0
272271,416.0
273272,109.0
274273,0.0
275274,177.0
276275,260.0
277276,116.0
278277,0.0
279278,334.0
280279,360.0
281280,971.0
282281,263.0
283282,481.0
284283,0.0
285284,0.0
286285,309.0
287286,0.0
288287,165.0
289288,0.0
290289,0.0
291290,214.0
292291,0.0
293292,166.0
294293,0.0
295294,3.0
296295,0.0
297296,289.0
298297,619.0
299298,0.0
300299,44.0
301300,569.0
302301,30.0
303302,6.0
304303,32.0
305304,697.0
306305,0.0
307306,342.0
308307,219.0
309308,1000.0
310309,15.0
311310,180.0
312311,0.0
313312,0.0
314313,118.0
315314,0.0
316315,992.0
317316,0.0
318317,376.0
319318,0.0
320319,49.0
321320,288.0
322321,220.0
323322,12.0
324323,753.0
325324,27.0
326325,139.0
327326,185.0
328327,385.0
329328,648.0
330329,950.0
331330,743.0
332331,0.0
333332,780.0
334333,0.0
335334,705.0
336335,0.0
337336,60.0
338337,217.0
339338,88.0
340339,0.0
341340,0.0
342341,916.0
343342,916.0
344343,0.0
345344,559.0
346345,974.0
347346,170.0
348347,978.0
349348,897.0
350349,936.0
351350,0.0
352351,105.0
353352,744.0
354353,227.0
355354,257.0
356355,39.0
357356,803.0
358357,901.0
359358,25.0
360359,702.0
361360,970.0
362361,922.0
363362,12.0
364363,800.0
365364,234.0
366365,0.0
367366,0.0
368367,27.0
369368,72.0
370369,0.0
371370,34.0
372371,805.0
373372,842.0
374373,157.0
375374,0.0
376375,0.0
377376,0.0
378377,911.0
379378,65.0
380379,0.0
381380,1000.0
382381,0.0
383382,876.0
384383,2.0
385384,725.0
386385,144.0
387386,173.0
388387,0.0
389388,649.0
390389,0.0
391390,754.0
392391,24.0
393392,328.0
394393,23.0
395394,53.0
396395,0.0
397396,0.0
398397,0.0
399398,0.0
400399,0.0
401400,981.0
402401,773.0
403402,838.0
404403,981.0
405404,982.0
406405,841.0
407406,818.0
408407,0.0
409408,0.0
410409,893.0
411410,712.0
412411,0.0
413412,498.0
414413,98.0
415414,943.0
416415,808.0
417416,14.0
418417,356.0
419418,975.0
420419,409.0
421420,442.0
422421,565.0
423422,958.0
424423,970.0
425424,1.0
426425,767.0
427426,140.0
428427,880.0
429428,396.0
430429,0.0
431430,52.0
432431,0.0
433432,0.0
434433,0.0
435434,975.0
436435,3.0
437436,377.0
438437,869.0
439438,986.0
440439,565.0
441440,933.0
442441,0.0
443442,20.0
444443,0.0
445444,917.0
446445,840.0
447446,807.0
448447,738.0
449448,0.0
450449,0.0
451450,23.0
452451,966.0
453452,0.0
454453,889.0
455454,693.0
456455,3.0
457456,0.0
458457,124.0
459458,413.0
460459,661.0
461460,450.0
462461,506.0
463462,735.0
464463,550.0
465464,718.0
466465,515.0
467466,946.0
468467,918.0
469468,921.0
470469,0.0
471470,0.0
472471,0.0
473472,334.0
474473,946.0
475474,912.0
476475,0.0
477476,0.0
478477,0.0
479478,973.0
480479,989.0
481480,984.0
482481,945.0
483482,0.0
484483,0.0
485484,908.0
486485,975.0
487486,873.0
488487,0.0
489488,951.0
490489,0.0
491490,0.0
492491,887.0
493492,14.0
494493,0.0
495494,983.0
496495,966.0
497496,6.0
498497,331.0
499498,442.0
500499,68.0
501500,485.0
502501,931.0
503502,154.0
504503,454.0
505504,883.0
506505,757.0
507506,679.0
508507,927.0
509508,904.0
510509,912.0
511510,0.0
512511,63.0
513512,470.0
514513,830.0
515514,803.0
516515,886.0
517516,0.0
518517,0.0
519518,133.0
520519,0.0
521520,0.0
522521,759.0
523522,0.0
524523,26.0
525524,60.0
526525,807.0
527526,882.0
528527,45.0
529528,926.0
530529,395.0
531530,111.0
532531,953.0
533532,917.0
534533,48.0
535534,0.0
536535,960.0
537536,941.0
538537,979.0
539538,937.0
540539,649.0
541540,0.0
542541,0.0
543542,928.0
544543,236.0
545544,116.0
546545,946.0
547546,881.0
548547,61.0
549548,42.0
550549,694.0
551550,912.0
552551,34.0
553552,865.0
554553,0.0
555554,80.0
556555,931.0
557556,566.0
558557,865.0
559558,793.0
560559,703.0
561560,77.0
562561,886.0
563562,846.0
564563,863.0
565564,259.0
566565,962.0
567566,907.0
568567,0.0
569568,552.0
570569,954.0
571570,930.0
572571,910.0
573572,885.0
574573,26.0
575574,913.0
576575,967.0
577576,929.0
578577,860.0
579578,956.0
580579,16.0
581580,706.0
582581,38.0
583582,111.0
584583,312.0
585584,949.0
586585,45.0
587586,0.0
588587,0.0
589588,988.0
590589,0.0
591590,0.0
592591,428.0
593592,56.0
594593,875.0
595594,382.0
596595,836.0
597596,155.0
598597,856.0
599598,80.0
600599,871.0
601600,411.0
602601,955.0
603602,984.0
604603,833.0
605604,113.0
606605,0.0
607606,906.0
608607,954.0
609608,789.0
610609,969.0
611610,0.0
612611,14.0
613612,170.0
614613,920.0
615614,875.0
616615,956.0
617616,0.0
618617,166.0
619618,889.0
620619,16.0
621620,667.0
622621,958.0
623622,910.0
624623,92.0
625624,934.0
626625,119.0
627626,945.0
628627,943.0
629628,897.0
630629,434.0
631630,965.0
632631,983.0
633632,477.0
634633,914.0
635634,757.0
636635,19.0
637636,0.0
638637,997.0
639638,995.0
640639,741.0
641640,944.0
642641,677.0
643642,920.0
644643,44.0
645644,1.0
646645,869.0
647646,548.0
648647,937.0
649648,968.0
650649,940.0
651650,917.0
652651,908.0
653652,940.0
654653,116.0
655654,960.0
656655,933.0
657656,0.0
658657,798.0
659658,842.0
660659,139.0
661660,545.0
662661,810.0
663662,151.0
664663,762.0
665664,45.0
666665,826.0
667666,450.0
668667,885.0
669668,656.0
670669,959.0
671670,692.0
672671,885.0
673672,915.0
674673,951.0
675674,425.0
676675,21.0
677676,260.0
678677,818.0
679678,29.0
680679,848.0
681680,791.0
682681,627.0
683682,70.0
684683,49.0
685684,681.0
686685,909.0
687686,641.0
688687,867.0
689688,883.0
690689,120.0
691690,183.0
692691,435.0
693692,957.0
694693,663.0
695694,0.0
696695,663.0
697696,953.0
698697,570.0
699698,945.0
700699,650.0
701700,904.0
702701,895.0
703702,879.0
704703,57.0
705704,933.0
706705,752.0
707706,22.0
708707,25.0
709708,944.0
710709,668.0
711710,511.0
712711,402.0
713712,420.0
714713,474.0
715714,216.0
716715,938.0
717716,927.0
718717,823.0
719718,0.0
720719,810.0
721720,0.0
722721,946.0
723722,982.0
724723,636.0
725724,951.0
726725,942.0
727726,0.0
728727,63.0
729728,951.0
730729,911.0
731730,906.0
732731,737.0
733732,0.0
734733,863.0
735734,746.0
736735,100.0
737736,914.0
738737,908.0
739738,990.0
740739,997.0
741740,932.0
742741,208.0
743742,827.0
744743,0.0
745744,0.0
746745,688.0
747746,0.0
748747,916.0
749748,849.0
750749,0.0
751750,0.0
752751,965.0
753752,923.0
754753,947.0
755754,0.0
756755,906.0
757756,939.0
758757,0.0
759758,989.0
760759,513.0
761760,914.0
762761,804.0
763762,947.0
764763,450.0
765764,927.0
766765,32.0
767766,904.0
768767,873.0
769768,874.0
770769,569.0
771770,588.0
772771,928.0
773772,290.0
774773,734.0
775774,905.0
776775,724.0
777776,0.0
778777,784.0
779778,0.0
780779,913.0
781780,955.0
782781,931.0
783782,899.0
784783,569.0
785784,887.0
786785,989.0
787786,90.0
788787,0.0
789788,0.0
790789,934.0
791790,917.0
792791,912.0
793792,0.0
794793,939.0
795794,934.0
796795,0.0
797796,987.0
798797,0.0
799798,951.0
800799,978.0
801800,962.0
802801,934.0
803802,17.0
804803,939.0
805804,854.0
806805,964.0
807806,964.0
808807,26.0
809808,950.0
810809,918.0
811810,966.0
812811,101.0
813812,0.0
814813,919.0
815814,714.0
816815,400.0
817816,942.0
818817,165.0
819818,947.0
820819,834.0
821820,744.0
822821,0.0
823822,916.0
824823,866.0
825824,981.0
826825,0.0
827826,126.0
828827,1000.0
829828,948.0
830829,96.0
831830,898.0
832831,183.0
833832,957.0
834833,723.0
835834,22.0
836835,657.0
837836,924.0
838837,59.0
839838,398.0
840839,115.0
841840,926.0
842841,968.0
843842,692.0
844843,66.0
845844,989.0
846845,860.0
847846,973.0
848847,72.0
849848,842.0
850849,91.0
851850,860.0
852851,887.0
853852,948.0
854853,799.0
855854,57.0
856855,852.0
857856,926.0
858857,0.0
859858,168.0
860859,0.0
861860,651.0
862861,7.0
863862,819.0
864863,875.0
865864,571.0
866865,904.0
867866,681.0
868867,837.0
869868,921.0
870869,516.0
871870,894.0
872871,984.0
873872,745.0
874873,917.0
875874,338.0
876875,922.0
877876,194.0
878877,941.0
879878,611.0
880879,919.0
881880,850.0
882881,955.0
883882,979.0
884883,912.0
885884,950.0
886885,916.0
887886,0.0
888887,702.0
889888,935.0
890889,931.0
891890,945.0
892891,806.0
893892,738.0
894893,79.0
895894,0.0
896895,935.0
897896,524.0
898897,838.0
899898,604.0
900899,589.0
901900,807.0
902901,966.0
903902,729.0
904903,961.0
905904,0.0
906905,949.0
907906,947.0
908907,0.0
909908,391.0
910909,521.0
911910,950.0
912911,836.0
913912,830.0
914913,937.0
915914,968.0
916915,629.0
917916,944.0
918917,954.0
919918,927.0
920919,0.0
921920,958.0
922921,982.0
923922,917.0
924923,883.0
925924,491.0
926925,45.0
927926,0.0
928927,606.0
929928,925.0
930929,675.0
931930,962.0
932931,663.0
933932,706.0
934933,946.0
935934,820.0
936935,752.0
937936,795.0
938937,882.0
939938,946.0
940939,0.0
941940,950.0
942941,932.0
943942,937.0
944943,845.0
945944,538.0
946945,707.0
947946,947.0
948947,976.0
949948,924.0
950949,0.0
951950,274.0
952951,843.0
953952,946.0
954953,932.0
955954,0.0
956955,957.0
957956,0.0
958957,913.0
959958,956.0
960959,0.0
961960,31.0
962961,917.0
963962,530.0
964963,974.0
965964,940.0
966965,940.0
967966,0.0
968967,956.0
969968,249.0
970969,767.0
971970,704.0
972971,600.0
973972,8.0
974973,982.0
975974,0.0
976975,955.0
977976,795.0
978977,955.0
979978,945.0
980979,962.0
981980,0.0
982981,655.0
983982,0.0
984983,942.0
985984,935.0
986985,654.0
987986,848.0
988987,767.0
989988,969.0
990989,773.0
991990,953.0
992991,941.0
993992,120.0
994993,637.0
995994,94.0
996995,952.0
997996,981.0
998997,0.0
999998,957.0
1000999,995.0
1002000,845.0
1003001,944.0
1004002,333.0
1005003,921.0
1006004,916.0
1007005,928.0
1008006,79.0
1009007,705.0
1010008,845.0
1011009,0.0
1012010,825.0
1013011,0.0
1014012,864.0
1015013,119.0
1016014,969.0
1017015,0.0
1018016,930.0
1019017,965.0
1020018,203.0
1021019,0.0
1022020,254.0
1023021,927.0
1024022,908.0
1025023,789.0
1026024,721.0
1027025,970.0
1028026,946.0
1029027,968.0
1030028,954.0
1031029,958.0
1032030,884.0
1033031,747.0
1034032,776.0
1035033,882.0
1036034,899.0
1037035,807.0
1038036,944.0
1039037,884.0
1040038,910.0
1041039,967.0
1042040,340.0
1043041,846.0
1044042,594.0
1045043,977.0
1046044,0.0
1047045,872.0
1048046,801.0
1049047,23.0
1050048,954.0
1051049,196.0
1052050,910.0
1053051,0.0
1054052,951.0
1055053,238.0
1056054,954.0
1057055,0.0
1058056,162.0
1059057,978.0
1060058,845.0
1061059,0.0
1062060,853.0
1063061,279.0
1064062,271.0
1065063,0.0
1066064,861.0
1067065,0.0
1068066,938.0
1069067,803.0
1070068,273.0
1071069,763.0
1072070,924.0
1073071,579.0
1074072,359.0
1075073,594.0
1076074,0.0
1077075,939.0
1078076,529.0
1079077,962.0
1080078,935.0
1081079,72.0
1082080,914.0
1083081,951.0
1084082,942.0
1085083,723.0
1086084,963.0
1087085,950.0
1088086,891.0
1089087,816.0
1090088,942.0
1091089,168.0
1092090,923.0
1093091,964.0
1094092,944.0
1095093,248.0
1096094,794.0
1097095,880.0
1098096,881.0
1099097,917.0
1100098,917.0
1101099,908.0
1102100,4.0
1103101,857.0
1104102,0.0
1105103,944.0
1106104,895.0
1107105,0.0
1108106,920.0
1109107,462.0
1110108,579.0
1111109,0.0
1112110,905.0
1113111,962.0
1114112,593.0
1115113,212.0
1116114,667.0
1117115,1.0
1118116,979.0
1119117,750.0
1120118,959.0
1121119,940.0
1122120,951.0
1123121,833.0
1124122,0.0
1125123,921.0
1126124,917.0
1127125,975.0
1128126,951.0
1129127,955.0
1130128,377.0
1131129,582.0
1132130,0.0
1133131,948.0
1134132,205.0
1135133,953.0
1136134,938.0
1137135,0.0
1138136,983.0
1139137,944.0
1140138,6.0
1141139,972.0
1142140,933.0
1143141,908.0
1144142,0.0
1145143,60.0
1146144,524.0
1147145,0.0
1148146,913.0
1149147,12.0
1150148,0.0
1151149,948.0
1152150,913.0
1153151,732.0
1154152,931.0
1155153,0.0
1156154,904.0
1157155,0.0
1158156,920.0
1159157,772.0
1160158,291.0
1161159,947.0
1162160,0.0
1163161,610.0
1164162,842.0
1165163,922.0
1166164,794.0
1167165,933.0
1168166,945.0
1169167,879.0
1170168,822.0
1171169,227.0
1172170,0.0
1173171,638.0
1174172,859.0
1175173,461.0
1176174,932.0
1177175,0.0
1178176,649.0
1179177,525.0
1180178,955.0
1181179,921.0
1182180,875.0
1183181,0.0
1184182,895.0
1185183,902.0
1186184,708.0
1187185,924.0
1188186,952.0
1189187,971.0
1190188,894.0
1191189,607.0
1192190,961.0
1193191,939.0
1194192,813.0
1195193,0.0
1196194,636.0
1197195,870.0
1198196,891.0
1199197,918.0
1200198,966.0
1201199,934.0
1202200,894.0
1203201,793.0
1204202,0.0
1205203,667.0
1206204,815.0
1207205,951.0
1208206,893.0
1209207,952.0
1210208,0.0
1211209,0.0
1212210,1.0
1213211,925.0
1214212,793.0
1215213,916.0
1216214,0.0
1217215,447.0
1218216,456.0
1219217,956.0
1220218,285.0
1221219,764.0
1222220,942.0
1223221,0.0
1224222,938.0
1225223,983.0
1226224,852.0
1227225,863.0
1228226,944.0
1229227,991.0
1230228,993.0
1231229,916.0
1232230,697.0
1233231,933.0
1234232,925.0
1235233,958.0
1236234,987.0
1237235,973.0
1238236,0.0
1239237,931.0
1240238,827.0
1241239,713.0
1242240,941.0
1243241,943.0
1244242,0.0
1245243,909.0
1246244,953.0
1247245,916.0
1248246,933.0
1249247,877.0
1250248,845.0
1251249,972.0
1252250,880.0
1253251,966.0
1254252,0.0
1255253,708.0
1256254,957.0
1257255,934.0
1258256,598.0
1259257,914.0
1260258,947.0
1261259,927.0
1262260,889.0
1263261,747.0
1264262,957.0
1265263,916.0
1266264,915.0
1267265,885.0
1268266,934.0
1269267,918.0
1270268,939.0
1271269,973.0
1272270,708.0
1273271,0.0
1274272,937.0
1275273,672.0
1276274,832.0
1277275,496.0
1278276,705.0
1279277,936.0
1280278,938.0
1281279,832.0
1282280,749.0
1283281,904.0
1284282,964.0
1285283,412.0
1286284,938.0
1287285,0.0
1288286,738.0
1289287,881.0
1290288,73.0
1291289,975.0
1292290,916.0
1293291,976.0
1294292,951.0
1295293,766.0
1296294,513.0
1297295,993.0
1298296,914.0
1299297,52.0
1300298,891.0
1301299,798.0
1302300,817.0
1303301,920.0
1304302,845.0
1305303,957.0
1306304,923.0
1307305,670.0
1308306,835.0
1309307,66.0
1310308,0.0
1311309,643.0
1312310,864.0
1313311,342.0
1314312,532.0
1315313,964.0
1316314,126.0
1317315,964.0
1318316,987.0
1319317,932.0
1320318,961.0
1321319,950.0
1322320,283.0
1323321,0.0
1324322,663.0
1325323,908.0
1326324,958.0
1327325,143.0
1328326,0.0
1329327,762.0
1330328,722.0
1331329,760.0
1332330,960.0
1333331,932.0
1334332,918.0
1335333,964.0
1336334,979.0
1337335,865.0
1338336,953.0
1339337,936.0
1340338,691.0
1341339,608.0
1342340,927.0
1343341,906.0
1344342,527.0
1345343,957.0
1346344,0.0
1347345,970.0
1348346,849.0
1349347,943.0
1350348,0.0
1351349,824.0
1352350,904.0
1353351,947.0
1354352,789.0
1355353,915.0
1356354,0.0
1357355,454.0
1358356,917.0
1359357,39.0
1360358,710.0
1361359,898.0
1362360,979.0
1363361,604.0
1364362,904.0
1365363,919.0
1366364,242.0
1367365,934.0
1368366,958.0
1369367,103.0
1370368,931.0
1371369,956.0
1372370,925.0
1373371,857.0
1374372,443.0
1375373,944.0
1376374,821.0
1377375,920.0
1378376,956.0
1379377,952.0
1380378,691.0
1381379,867.0
1382380,915.0
1383381,608.0
1384382,954.0
1385383,978.0
1386384,655.0
1387385,931.0
1388386,0.0
1389387,943.0
1390388,946.0
1391389,447.0
1392390,804.0
1393391,271.0
1394392,428.0
1395393,945.0
1396394,904.0
1397395,952.0
1398396,4.0
1399397,914.0
1400398,937.0
1401399,847.0
1402400,946.0
1403401,921.0
1404402,13.0
1405403,932.0
1406404,621.0
1407405,73.0
1408406,797.0
1409407,246.0
1410408,789.0
1411409,813.0
1412410,903.0
1413411,905.0
1414412,0.0
1415413,429.0
1416414,117.0
1417415,905.0
1418416,774.0
1419417,745.0
1420418,644.0
1421419,548.0
1422420,925.0
1423421,729.0
1424422,913.0
1425423,738.0
1426424,701.0
1427425,731.0
1428426,0.0
1429427,961.0
1430428,841.0
1431429,874.0
1432430,898.0
1433431,904.0
1434432,976.0
1435433,940.0
1436434,819.0
1437435,792.0
1438436,778.0
1439437,885.0
1440438,0.0
1441439,881.0
1442440,954.0
1443441,916.0
1444442,863.0
1445443,908.0
1446444,923.0
1447445,959.0
1448446,448.0
1449447,792.0
1450448,885.0
1451449,881.0
1452450,840.0
1453451,916.0
1454452,915.0
1455453,873.0
1456454,822.0
1457455,962.0
1458456,903.0
1459457,0.0
1460458,484.0
1461459,973.0
1462460,135.0
1463461,970.0
1464462,839.0
1465463,862.0
1466464,0.0
1467465,42.0
1468466,796.0
1469467,81.0
1470468,994.0
1471469,523.0
1472470,934.0
1473471,777.0
1474472,624.0
1475473,249.0
1476474,760.0
1477475,940.0
1478476,807.0
1479477,829.0
1480478,952.0
1481479,972.0
1482480,953.0
1483481,861.0
1484482,959.0
1485483,815.0
1486484,939.0
1487485,558.0
1488486,0.0
1489487,869.0
1490488,342.0
1491489,965.0
1492490,258.0
1493491,871.0
1494492,882.0
1495493,491.0
1496494,873.0
1497495,0.0
1498496,0.0
1499497,975.0
1500498,785.0
1501499,889.0
1502500,911.0
1503501,796.0
1504502,762.0
1505503,465.0
1506504,891.0
1507505,815.0
1508506,948.0
1509507,945.0
1510508,874.0
1511509,877.0
1512510,718.0
1513511,945.0
1514512,919.0
1515513,900.0
1516514,741.0
1517515,884.0
1518516,879.0
1519517,99.0
1520518,930.0
1521519,871.0
1522520,950.0
1523521,650.0
1524522,262.0
1525523,265.0
1526524,595.0
1527525,15.0
1528526,953.0
1529527,851.0
1530528,937.0
1531529,0.0
1532530,907.0
1533531,2.0
1534532,963.0
1535533,926.0
1536534,927.0
1537535,945.0
1538536,358.0
1539537,931.0
1540538,0.0
1541539,927.0
1542540,0.0
1543541,942.0
1544542,732.0
1545543,634.0
1546544,386.0
1547545,859.0
1548546,904.0
1549547,770.0
1550548,0.0
1551549,264.0
1552550,752.0
1553551,135.0
1554552,142.0
1555553,938.0
1556554,925.0
1557555,927.0
1558556,841.0
1559557,973.0
1560558,952.0
1561559,871.0
1562560,931.0
1563561,716.0
1564562,0.0
1565563,973.0
1566564,946.0
1567565,652.0
1568566,882.0
1569567,937.0
1570568,845.0
1571569,896.0
1572570,940.0
1573571,0.0
1574572,926.0
1575573,844.0
1576574,950.0
1577575,883.0
1578576,903.0
1579577,676.0
1580578,101.0
1581579,913.0
1582580,895.0
1583581,969.0
1584582,750.0
1585583,937.0
1586584,679.0
1587585,719.0
1588586,898.0
1589587,932.0
1590588,956.0
1591589,924.0
1592590,978.0
1593591,694.0
1594592,954.0
1595593,682.0
1596594,987.0
1597595,382.0
1598596,904.0
1599597,912.0
1600598,940.0
1601599,931.0
1602600,70.0
1603601,925.0
1604602,855.0
1605603,524.0
1606604,982.0
1607605,880.0
1608606,933.0
1609607,0.0
1610608,952.0
1611609,823.0
1612610,942.0
1613611,770.0
1614612,875.0
1615613,963.0
1616614,0.0
1617615,911.0
1618616,898.0
1619617,850.0
1620618,340.0
1621619,983.0
1622620,804.0
1623621,783.0
1624622,0.0
1625623,439.0
1626624,913.0
1627625,698.0
1628626,920.0
1629627,959.0
1630628,928.0
1631629,241.0
1632630,520.0
1633631,952.0
1634632,981.0
1635633,937.0
1636634,525.0
1637635,816.0
1638636,849.0
1639637,988.0
1640638,919.0
1641639,4.0
1642640,847.0
1643641,818.0
1644642,925.0
1645643,0.0
1646644,843.0
1647645,227.0
1648646,675.0
1649647,955.0
1650648,808.0
1651649,924.0
1652650,901.0
1653651,429.0
1654652,818.0
1655653,874.0
1656654,936.0
1657655,852.0
1658656,570.0
1659657,900.0
1660658,0.0
1661659,0.0
1662660,943.0
1663661,964.0
1664662,336.0
1665663,700.0
1666664,768.0
1667665,619.0
1668666,943.0
1669667,910.0
1670668,81.0
1671669,829.0
1672670,902.0
1673671,941.0
1674672,888.0
1675673,462.0
1676674,640.0
1677675,955.0
1678676,953.0
1679677,790.0
1680678,902.0
1681679,479.0
1682680,954.0
1683681,308.0
1684682,817.0
1685683,880.0
1686684,934.0
1687685,894.0
1688686,988.0
1689687,821.0
1690688,901.0
1691689,939.0
1692690,859.0
1693691,859.0
1694692,978.0
1695693,520.0
1696694,929.0
1697695,0.0
1698696,826.0
1699697,915.0
1700698,120.0
1701699,901.0
1702700,944.0
1703701,866.0
1704702,444.0
1705703,960.0
1706704,864.0
1707705,730.0
1708706,56.0
1709707,0.0
1710708,850.0
1711709,986.0
1712710,918.0
1713711,0.0
1714712,939.0
1715713,961.0
1716714,301.0
1717715,777.0
1718716,939.0
1719717,872.0
1720718,899.0
1721719,955.0
1722720,892.0
1723721,667.0
1724722,951.0
1725723,661.0
1726724,0.0
1727725,944.0
1728726,834.0
1729727,0.0
1730728,759.0
1731729,968.0
1732730,957.0
1733731,898.0
1734732,854.0
1735733,937.0
1736734,796.0
1737735,968.0
1738736,957.0
1739737,951.0
1740738,338.0
1741739,727.0
1742740,865.0
1743741,645.0
1744742,793.0
1745743,933.0
1746744,858.0
1747745,107.0
1748746,199.0
1749747,949.0
1750748,962.0
1751749,906.0
1752750,895.0
1753751,964.0
1754752,910.0
1755753,894.0
1756754,966.0
1757755,942.0
1758756,993.0
1759757,887.0
1760758,944.0
1761759,32.0
1762760,953.0
1763761,981.0
1764762,963.0
1765763,972.0
1766764,713.0
1767765,764.0
1768766,781.0
1769767,932.0
1770768,976.0
1771769,959.0
1772770,819.0
1773771,934.0
1774772,929.0
1775773,687.0
1776774,0.0
1777775,896.0
1778776,257.0
1779777,987.0
1780778,915.0
1781779,937.0
1782780,961.0
1783781,947.0
1784782,5.0
1785783,813.0
1786784,58.0
1787785,948.0
1788786,865.0
1789787,886.0
1790788,906.0
1791789,970.0
1792790,937.0
1793791,504.0
1794792,895.0
1795793,772.0
1796794,0.0
1797795,913.0
1798796,926.0
1799797,911.0
1800798,993.0
1801799,934.0
1802800,962.0
1803801,981.0
1804802,935.0
1805803,962.0
1806804,940.0
1807805,979.0
1808806,944.0
1809807,946.0
1810808,955.0
1811809,853.0
1812810,936.0
1813811,776.0
1814812,0.0
1815813,950.0
1816814,892.0
1817815,927.0
1818816,123.0
1819817,19.0
1820818,452.0
1821819,921.0
1822820,931.0
1823821,952.0
1824822,906.0
1825823,924.0
1826824,955.0
1827825,952.0
1828826,756.0
1829827,896.0
1830828,680.0
1831829,0.0
1832830,948.0
1833831,937.0
1834832,967.0
1835833,919.0
1836834,847.0
1837835,927.0
1838836,910.0
1839837,931.0
1840838,961.0
1841839,947.0
1842840,960.0
1843841,515.0
1844842,930.0
1845843,640.0
1846844,804.0
1847845,941.0
1848846,908.0
1849847,944.0
1850848,812.0
1851849,960.0
1852850,786.0
1853851,940.0
1854852,928.0
1855853,769.0
1856854,925.0
1857855,811.0
1858856,733.0
1859857,760.0
1860858,883.0
1861859,719.0
1862860,656.0
1863861,901.0
1864862,789.0
1865863,521.0
1866864,888.0
1867865,684.0
1868866,941.0
1869867,845.0
1870868,779.0
1871869,945.0
1872870,768.0
1873871,978.0
1874872,958.0
1875873,922.0
1876874,945.0
1877875,915.0
1878876,958.0
1879877,908.0
1880878,897.0
1881879,781.0
1882880,936.0
1883881,961.0
1884882,940.0
1885883,898.0
1886884,934.0
1887885,867.0
1888886,823.0
1889887,365.0
1890888,744.0
1891889,872.0
1892890,968.0
1893891,837.0
1894892,969.0
1895893,914.0
1896894,932.0
1897895,970.0
1898896,877.0
1899897,849.0
1900898,260.0
1901899,863.0
1902900,841.0
1903901,747.0
1904902,772.0
1905903,953.0
1906904,933.0
1907905,818.0
1908906,471.0
1909907,822.0
1910908,969.0
1911909,979.0
1912910,929.0
1913911,753.0
1914912,910.0
1915913,960.0
1916914,384.0
1917915,955.0
1918916,753.0
1919917,459.0
1920918,957.0
1921919,802.0
1922920,892.0
1923921,955.0
1924922,541.0
1925923,945.0
1926924,978.0
1927925,972.0
1928926,703.0
1929927,683.0
1930928,921.0
1931929,560.0
1932930,456.0
1933931,0.0
1934932,988.0
1935933,931.0
1936934,940.0
1937935,869.0
1938936,877.0
1939937,962.0
1940938,929.0
1941939,823.0
1942940,937.0
1943941,0.0
1944942,983.0
1945943,978.0
1946944,762.0
1947945,885.0
1948946,858.0
1949947,835.0
1950948,922.0
1951949,853.0
1952950,0.0
1953951,933.0
1954952,771.0
1955953,834.0
1956954,928.0
1957955,942.0
1958956,962.0
1959957,136.0
1960958,978.0
1961959,956.0
1962960,928.0
1963961,914.0
1964962,935.0
1965963,848.0
1966964,956.0
1967965,886.0
1968966,876.0
1969967,711.0
1970968,888.0
1971969,878.0
1972970,878.0
1973971,947.0
1974972,932.0
1975973,873.0
1976974,859.0
1977975,891.0
1978976,942.0
1979977,850.0
1980978,802.0
1981979,457.0
1982980,640.0
1983981,301.0
1984982,906.0
1985983,944.0
1986984,913.0
1987985,843.0
1988986,930.0
1989987,977.0
1990988,932.0
1991989,911.0
1992990,961.0
1993991,866.0
1994992,984.0
1995993,900.0
1996994,943.0
1997995,940.0
1998996,914.0
1999997,818.0
2000998,0.0
2001999,937.0
2003000,353.0
2004001,662.0
2005002,816.0
2006003,917.0
2007004,780.0
2008005,0.0
2009006,927.0
2010007,651.0
2011008,840.0
2012009,630.0
2013010,776.0
2014011,951.0
2015012,0.0
2016013,956.0
2017014,745.0
2018015,943.0
2019016,941.0
2020017,486.0
2021018,0.0
2022019,934.0
2023020,856.0
2024021,904.0
2025022,916.0
2026023,985.0
2027024,919.0
2028025,860.0
2029026,0.0
2030027,946.0
2031028,923.0
2032029,890.0
2033030,837.0
2034031,837.0
2035032,610.0
2036033,925.0
2037034,788.0
2038035,882.0
2039036,680.0
2040037,928.0
2041038,967.0
2042039,871.0
2043040,948.0
2044041,0.0
2045042,918.0
2046043,944.0
2047044,947.0
2048045,860.0
2049046,947.0
2050047,953.0
2051048,877.0
2052049,929.0
2053050,715.0
2054051,927.0
2055052,907.0
2056053,649.0
2057054,949.0
2058055,971.0
2059056,571.0
2060057,884.0
2061058,960.0
2062059,864.0
2063060,939.0
2064061,966.0
2065062,948.0
2066063,927.0
2067064,862.0
2068065,954.0
2069066,901.0
2070067,893.0
2071068,836.0
2072069,934.0
2073070,970.0
2074071,789.0
2075072,998.0
2076073,0.0
2077074,862.0
2078075,974.0
2079076,857.0
2080077,963.0
2081078,0.0
2082079,940.0
2083080,910.0
2084081,791.0
2085082,918.0
2086083,908.0
2087084,920.0
2088085,907.0
2089086,979.0
2090087,560.0
2091088,896.0
2092089,958.0
2093090,701.0
2094091,943.0
2095092,933.0
2096093,882.0
2097094,911.0
2098095,985.0
2099096,950.0
2100097,935.0
2101098,956.0
2102099,783.0
2103100,653.0
2104101,443.0
2105102,643.0
2106103,898.0
2107104,938.0
2108105,866.0
2109106,858.0
2110107,931.0
2111108,760.0
2112109,925.0
2113110,957.0
2114111,935.0
2115112,926.0
2116113,924.0
2117114,933.0
2118115,975.0
2119116,943.0
2120117,904.0
2121118,917.0
2122119,964.0
2123120,953.0
2124121,933.0
2125122,932.0
2126123,986.0
2127124,927.0
2128125,976.0
2129126,953.0
2130127,580.0
2131128,883.0
2132129,942.0
2133130,940.0
2134131,963.0
2135132,0.0
2136133,936.0
2137134,998.0
2138135,848.0
2139136,632.0
2140137,0.0
2141138,963.0
2142139,903.0
2143140,864.0
2144141,710.0
2145142,888.0
2146143,968.0
2147144,940.0
2148145,873.0
2149146,914.0
2150147,867.0
2151148,962.0
2152149,501.0
2153150,906.0
2154151,958.0
2155152,930.0
2156153,931.0
2157154,751.0
2158155,851.0
2159156,648.0
2160157,856.0
2161158,693.0
2162159,625.0
2163160,940.0
2164161,745.0
2165162,901.0
2166163,886.0
2167164,914.0
2168165,924.0
2169166,248.0
2170167,266.0
2171168,900.0
2172169,476.0
2173170,862.0
2174171,616.0
2175172,777.0
2176173,951.0
2177174,984.0
2178175,643.0
2179176,887.0
2180177,828.0
2181178,795.0
2182179,911.0
2183180,941.0
2184181,947.0
2185182,917.0
2186183,821.0
2187184,0.0
2188185,695.0
2189186,0.0
2190187,953.0
2191188,771.0
2192189,912.0
2193190,397.0
2194191,0.0
2195192,743.0
2196193,925.0
2197194,27.0
2198195,923.0
2199196,887.0
2200197,963.0
2201198,915.0
2202199,944.0
2203200,861.0
2204201,815.0
2205202,947.0
2206203,766.0
2207204,800.0
2208205,283.0
2209206,891.0
2210207,683.0
2211208,871.0
2212209,969.0
2213210,944.0
2214211,904.0
2215212,946.0
2216213,0.0
2217214,946.0
2218215,900.0
2219216,486.0
2220217,739.0
2221218,958.0
2222219,957.0
2223220,953.0
2224221,863.0
2225222,587.0
2226223,348.0
2227224,944.0
2228225,944.0
2229226,908.0
2230227,986.0
2231228,518.0
2232229,956.0
2233230,0.0
2234231,931.0
2235232,805.0
2236233,663.0
2237234,893.0
2238235,897.0
2239236,537.0
2240237,904.0
2241238,913.0
2242239,965.0
2243240,812.0
2244241,954.0
2245242,0.0
2246243,753.0
2247244,937.0
2248245,900.0
2249246,825.0
2250247,956.0
2251248,960.0
2252249,918.0
2253250,619.0
2254251,0.0
2255252,909.0
2256253,807.0
2257254,880.0
2258255,955.0
2259256,879.0
2260257,978.0
2261258,733.0
2262259,882.0
2263260,943.0
2264261,994.0
2265262,870.0
2266263,986.0
2267264,957.0
2268265,918.0
2269266,0.0
2270267,926.0
2271268,634.0
2272269,277.0
2273270,645.0
2274271,823.0
2275272,981.0
2276273,950.0
2277274,919.0
2278275,986.0
2279276,891.0
2280277,726.0
2281278,707.0
2282279,922.0
2283280,937.0
2284281,878.0
2285282,979.0
2286283,949.0
2287284,506.0
2288285,8.0
2289286,952.0
2290287,950.0
2291288,902.0
2292289,0.0
2293290,943.0
2294291,946.0
2295292,903.0
2296293,917.0
2297294,904.0
2298295,1000.0
2299296,846.0
2300297,921.0
2301298,823.0
2302299,906.0
2303300,817.0
2304301,496.0
2305302,701.0
2306303,954.0
2307304,819.0
2308305,956.0
2309306,837.0
2310307,20.0
2311308,938.0
2312309,892.0
2313310,0.0
2314311,782.0
2315312,892.0
2316313,897.0
2317314,849.0
2318315,840.0
2319316,426.0
2320317,682.0
2321318,860.0
2322319,911.0
2323320,0.0
2324321,985.0
2325322,953.0
2326323,910.0
2327324,922.0
2328325,0.0
2329326,926.0
2330327,853.0
2331328,641.0
2332329,670.0
2333330,515.0
2334331,976.0
2335332,0.0
2336333,970.0
2337334,968.0
2338335,0.0
2339336,0.0
2340337,944.0
2341338,0.0
2342339,835.0
2343340,912.0
2344341,935.0
2345342,670.0
2346343,912.0
2347344,935.0
2348345,0.0
2349346,951.0
2350347,932.0
2351348,700.0
2352349,915.0
2353350,967.0
2354351,0.0
2355352,966.0
2356353,952.0
2357354,970.0
2358355,849.0
2359356,792.0
2360357,978.0
2361358,923.0
2362359,647.0
2363360,838.0
2364361,889.0
2365362,793.0
2366363,673.0
2367364,855.0
2368365,949.0
2369366,945.0
2370367,0.0
2371368,973.0
2372369,848.0
2373370,947.0
2374371,916.0
2375372,962.0
2376373,514.0
2377374,940.0
2378375,831.0
2379376,932.0
2380377,952.0
2381378,797.0
2382379,605.0
2383380,8.0
2384381,952.0
2385382,959.0
2386383,982.0
2387384,957.0
2388385,0.0
2389386,863.0
2390387,691.0
2391388,816.0
2392389,830.0
2393390,692.0
2394391,815.0
2395392,973.0
2396393,938.0
2397394,959.0
2398395,652.0
2399396,948.0
2400397,920.0
2401398,914.0
2402399,928.0
2403400,937.0
2404401,978.0
2405402,917.0
2406403,989.0
2407404,612.0
2408405,951.0
2409406,966.0
2410407,701.0
2411408,879.0
2412409,696.0
2413410,950.0
2414411,881.0
2415412,963.0
2416413,907.0
2417414,935.0
2418415,0.0
2419416,1000.0
2420417,903.0
2421418,628.0
2422419,320.0
2423420,699.0
2424421,945.0
2425422,968.0
2426423,884.0
2427424,973.0
2428425,942.0
2429426,909.0
2430427,933.0
2431428,0.0
2432429,954.0
2433430,629.0
2434431,819.0
2435432,903.0
2436433,945.0
2437434,870.0
2438435,971.0
2439436,929.0
2440437,721.0
2441438,937.0
2442439,857.0
2443440,956.0
2444441,965.0
2445442,956.0
2446443,831.0
2447444,919.0
2448445,937.0
2449446,955.0
2450447,817.0
2451448,863.0
2452449,986.0
2453450,944.0
2454451,893.0
2455452,0.0
2456453,914.0
2457454,914.0
2458455,896.0
2459456,567.0
2460457,917.0
2461458,836.0
2462459,898.0
2463460,471.0
2464461,905.0
2465462,983.0
2466463,547.0
2467464,929.0
2468465,919.0
2469466,867.0
2470467,953.0
2471468,699.0
2472469,870.0
2473470,989.0
2474471,625.0
2475472,548.0
2476473,934.0
2477474,763.0
2478475,906.0
2479476,194.0
2480477,853.0
2481478,499.0
2482479,971.0
2483480,805.0
2484481,859.0
2485482,980.0
2486483,946.0
2487484,706.0
2488485,969.0
2489486,892.0
2490487,978.0
2491488,846.0
2492489,585.0
2493490,966.0
2494491,917.0
2495492,876.0
2496493,613.0
2497494,0.0
2498495,576.0
2499496,578.0
2500497,926.0
2501498,806.0
2502499,954.0
2503500,493.0
2504501,680.0
2505502,933.0
2506503,936.0
2507504,756.0
2508505,5.0
2509506,865.0
2510507,927.0
2511508,953.0
2512509,971.0
2513510,969.0
2514511,926.0
2515512,957.0
2516513,934.0
2517514,0.0
2518515,694.0
2519516,551.0
2520517,0.0
2521518,806.0
2522519,787.0
2523520,981.0
2524521,964.0
2525522,925.0
2526523,817.0
2527524,896.0
2528525,798.0
2529526,935.0
2530527,941.0
2531528,554.0
2532529,746.0
2533530,835.0
2534531,961.0
2535532,930.0
2536533,971.0
2537534,792.0
2538535,959.0
2539536,932.0
2540537,942.0
2541538,908.0
2542539,919.0
2543540,945.0
2544541,949.0
2545542,964.0
2546543,822.0
2547544,936.0
2548545,461.0
2549546,898.0
2550547,862.0
2551548,932.0
2552549,933.0
2553550,953.0
2554551,642.0
2555552,974.0
2556553,0.0
2557554,966.0
2558555,832.0
2559556,758.0
2560557,946.0
2561558,880.0
2562559,823.0
2563560,955.0
2564561,924.0
2565562,896.0
2566563,299.0
2567564,486.0
2568565,0.0
2569566,953.0
2570567,908.0
2571568,920.0
2572569,902.0
2573570,963.0
2574571,893.0
2575572,859.0
2576573,691.0
2577574,902.0
2578575,575.0
2579576,36.0
2580577,889.0
2581578,556.0
2582579,0.0
2583580,905.0
2584581,955.0
2585582,838.0
2586583,621.0
2587584,803.0
2588585,739.0
2589586,974.0
2590587,949.0
2591588,0.0
2592589,659.0
2593590,6.0
2594591,879.0
2595592,915.0
2596593,915.0
2597594,956.0
2598595,932.0
2599596,966.0
2600597,963.0
2601598,0.0
2602599,908.0
2603600,918.0
2604601,952.0
2605602,0.0
2606603,958.0
2607604,931.0
2608605,984.0
2609606,712.0
2610607,866.0
2611608,913.0
2612609,916.0
2613610,973.0
2614611,786.0
2615612,845.0
2616613,863.0
2617614,934.0
2618615,953.0
2619616,938.0
2620617,920.0
2621618,998.0
2622619,956.0
2623620,929.0
2624621,915.0
2625622,966.0
2626623,831.0
2627624,894.0
2628625,869.0
2629626,970.0
2630627,949.0
2631628,830.0
2632629,942.0
2633630,884.0
2634631,925.0
2635632,470.0
2636633,908.0
2637634,876.0
2638635,925.0
2639636,957.0
2640637,615.0
2641638,0.0
2642639,9.0
2643640,674.0
2644641,920.0
2645642,961.0
2646643,902.0
2647644,765.0
2648645,0.0
2649646,923.0
2650647,920.0
2651648,980.0
2652649,808.0
2653650,782.0
2654651,967.0
2655652,958.0
2656653,964.0
2657654,875.0
2658655,946.0
2659656,665.0
2660657,721.0
2661658,825.0
2662659,970.0
2663660,801.0
2664661,910.0
2665662,0.0
2666663,867.0
2667664,944.0
2668665,726.0
2669666,831.0
2670667,915.0
2671668,968.0
2672669,943.0
2673670,902.0
2674671,967.0
2675672,947.0
2676673,944.0
2677674,0.0
2678675,944.0
2679676,952.0
2680677,996.0
2681678,2.0
2682679,877.0
2683680,971.0
2684681,752.0
2685682,940.0
2686683,794.0
2687684,828.0
2688685,764.0
2689686,997.0
2690687,959.0
2691688,921.0
2692689,981.0
2693690,942.0
2694691,894.0
2695692,934.0
2696693,845.0
2697694,891.0
2698695,866.0
2699696,837.0
2700697,936.0
2701698,800.0
2702699,952.0
2703700,933.0
2704701,978.0
2705702,845.0
2706703,861.0
2707704,931.0
2708705,957.0
2709706,963.0
2710707,412.0
2711708,769.0
2712709,529.0
2713710,854.0
2714711,917.0
2715712,707.0
2716713,789.0
2717714,963.0
2718715,0.0
2719716,961.0
2720717,944.0
2721718,941.0
2722719,926.0
2723720,831.0
2724721,943.0
2725722,984.0
2726723,924.0
2727724,804.0
2728725,935.0
2729726,923.0
2730727,980.0
2731728,951.0
2732729,954.0
2733730,941.0
2734731,980.0
2735732,916.0
2736733,910.0
2737734,628.0
2738735,962.0
2739736,954.0
2740737,809.0
2741738,756.0
2742739,918.0
2743740,927.0
2744741,946.0
2745742,0.0
2746743,974.0
2747744,0.0
2748745,981.0
2749746,951.0
2750747,285.0
2751748,851.0
2752749,963.0
2753750,803.0
2754751,957.0
2755752,861.0
2756753,793.0
2757754,524.0
2758755,862.0
2759756,953.0
2760757,0.0
2761758,924.0
2762759,888.0
2763760,139.0
2764761,0.0
2765762,715.0
2766763,821.0
2767764,944.0
2768765,964.0
2769766,87.0
2770767,954.0
2771768,960.0
2772769,785.0
2773770,8.0
2774771,946.0
2775772,0.0
2776773,626.0
2777774,657.0
2778775,952.0
2779776,961.0
2780777,728.0
2781778,946.0
2782779,924.0
2783780,669.0
2784781,675.0
2785782,980.0
2786783,980.0
2787784,962.0
2788785,744.0
2789786,904.0
2790787,947.0
2791788,950.0
2792789,858.0
2793790,864.0
2794791,958.0
2795792,871.0
2796793,960.0
2797794,963.0
2798795,846.0
2799796,971.0
2800797,935.0
2801798,877.0
2802799,881.0
2803800,827.0
2804801,0.0
2805802,879.0
2806803,877.0
2807804,854.0
2808805,878.0
2809806,940.0
2810807,874.0
2811808,909.0
2812809,869.0
2813810,950.0
2814811,945.0
2815812,942.0
2816813,922.0
2817814,933.0
2818815,788.0
2819816,946.0
2820817,953.0
2821818,984.0
2822819,920.0
2823820,931.0
2824821,954.0
2825822,814.0
2826823,0.0
2827824,958.0
2828825,990.0
2829826,0.0
2830827,951.0
2831828,919.0
2832829,119.0
2833830,914.0
2834831,892.0
2835832,575.0
2836833,0.0
2837834,959.0
2838835,900.0
2839836,773.0
2840837,907.0
2841838,45.0
2842839,925.0
2843840,983.0
2844841,936.0
2845842,915.0
2846843,945.0
2847844,939.0
2848845,964.0
2849846,939.0
2850847,498.0
2851848,912.0
2852849,979.0
2853850,901.0
2854851,956.0
2855852,900.0
2856853,901.0
2857854,853.0
2858855,0.0
2859856,577.0
2860857,382.0
2861858,852.0
2862859,984.0
2863860,956.0
2864861,0.0
2865862,990.0
2866863,0.0
2867864,904.0
2868865,924.0
2869866,955.0
2870867,651.0
2871868,980.0
2872869,941.0
2873870,914.0
2874871,940.0
2875872,0.0
2876873,964.0
2877874,949.0
2878875,958.0
2879876,0.0
2880877,0.0
2881878,995.0
2882879,924.0
2883880,972.0
2884881,992.0
2885882,935.0
2886883,0.0
2887884,911.0
2888885,894.0
2889886,968.0
2890887,931.0
2891888,957.0
2892889,956.0
2893890,888.0
2894891,950.0
2895892,889.0
2896893,938.0
2897894,865.0
2898895,851.0
2899896,959.0
2900897,965.0
2901898,945.0
2902899,962.0
2903900,880.0
2904901,961.0
2905902,571.0
2906903,888.0
2907904,927.0
2908905,870.0
2909906,976.0
2910907,576.0
2911908,977.0
2912909,983.0
2913910,945.0
2914911,947.0
2915912,953.0
2916913,729.0
2917914,942.0
2918915,946.0
2919916,948.0
2920917,755.0
2921918,945.0
2922919,962.0
2923920,981.0
2924921,942.0
2925922,985.0
2926923,943.0
2927924,968.0
2928925,970.0
2929926,951.0
2930927,910.0
2931928,868.0
2932929,675.0
2933930,927.0
2934931,900.0
2935932,819.0
2936933,0.0
2937934,864.0
2938935,929.0
2939936,928.0
2940937,952.0
2941938,989.0
2942939,934.0
2943940,957.0
2944941,513.0
2945942,759.0
2946943,952.0
2947944,952.0
2948945,959.0
2949946,929.0
2950947,793.0
2951948,914.0
2952949,952.0
2953950,644.0
2954951,741.0
2955952,919.0
2956953,854.0
2957954,46.0
2958955,934.0
2959956,940.0
2960957,0.0
2961958,927.0
2962959,940.0
2963960,960.0
2964961,932.0
2965962,972.0
2966963,932.0
2967964,600.0
2968965,828.0
2969966,902.0
2970967,948.0
2971968,953.0
2972969,934.0
2973970,948.0
2974971,931.0
2975972,981.0
2976973,914.0
2977974,939.0
2978975,0.0
2979976,960.0
2980977,954.0
2981978,877.0
2982979,946.0
2983980,987.0
2984981,941.0
2985982,943.0
2986983,919.0
2987984,432.0
2988985,912.0
2989986,871.0
2990987,478.0
2991988,968.0
2992989,892.0
2993990,0.0
2994991,901.0
2995992,925.0
2996993,969.0
2997994,943.0
2998995,827.0
2999996,944.0
3000997,872.0
3001998,940.0
3002999,1000.0
3004000,945.0
3005001,955.0
3006002,952.0
3007003,814.0
3008004,905.0
3009005,921.0
3010006,942.0
3011007,993.0
3012008,979.0
3013009,940.0
3014010,937.0
3015011,960.0
3016012,970.0
3017013,815.0
3018014,934.0
3019015,961.0
3020016,909.0
3021017,977.0
3022018,962.0
3023019,723.0
3024020,806.0
3025021,682.0
3026022,926.0
3027023,934.0
3028024,935.0
3029025,873.0
3030026,927.0
3031027,924.0
3032028,942.0
3033029,976.0
3034030,949.0
3035031,884.0
3036032,864.0
3037033,944.0
3038034,847.0
3039035,0.0
3040036,954.0
3041037,909.0
3042038,716.0
3043039,904.0
3044040,857.0
3045041,477.0
3046042,937.0
3047043,947.0
3048044,758.0
3049045,822.0
3050046,938.0
3051047,971.0
3052048,970.0
3053049,969.0
3054050,948.0
3055051,957.0
3056052,840.0
3057053,965.0
3058054,934.0
3059055,712.0
3060056,929.0
3061057,980.0
3062058,706.0
3063059,810.0
3064060,956.0
3065061,845.0
3066062,957.0
3067063,946.0
3068064,958.0
3069065,966.0
3070066,817.0
3071067,865.0
3072068,932.0
3073069,966.0
3074070,944.0
3075071,966.0
3076072,995.0
3077073,919.0
3078074,938.0
3079075,958.0
3080076,970.0
3081077,968.0
3082078,684.0
3083079,946.0
3084080,754.0
3085081,633.0
3086082,971.0
3087083,978.0
3088084,752.0
3089085,956.0
3090086,317.0
3091087,961.0
3092088,777.0
3093089,915.0
3094090,982.0
3095091,719.0
3096092,954.0
3097093,0.0
3098094,891.0
3099095,880.0
3100096,994.0
3101097,831.0
3102098,810.0
3103099,936.0
3104100,964.0
3105101,975.0
3106102,914.0
3107103,795.0
3108104,768.0
3109105,970.0
3110106,969.0
3111107,939.0
3112108,857.0
3113109,954.0
3114110,913.0
3115111,913.0
3116112,955.0
3117113,736.0
3118114,223.0
3119115,945.0
3120116,976.0
3121117,702.0
3122118,926.0
3123119,933.0
3124120,975.0
3125121,655.0
3126122,964.0
3127123,0.0
3128124,958.0
3129125,947.0
3130126,976.0
3131127,998.0
3132128,548.0
3133129,952.0
3134130,954.0
3135131,870.0
3136132,688.0
3137133,922.0
3138134,916.0
3139135,941.0
3140136,944.0
3141137,907.0
3142138,949.0
3143139,861.0
3144140,875.0
3145141,951.0
3146142,887.0
3147143,614.0
3148144,836.0
3149145,889.0
3150146,953.0
3151147,916.0
3152148,937.0
3153149,811.0
3154150,831.0
3155151,959.0
3156152,935.0
3157153,523.0
3158154,895.0
3159155,915.0
3160156,719.0
3161157,0.0
3162158,663.0
3163159,936.0
3164160,551.0
3165161,939.0
3166162,871.0
3167163,999.0
3168164,957.0
3169165,923.0
3170166,838.0
3171167,739.0
3172168,5.0
3173169,728.0
3174170,921.0
3175171,924.0
3176172,959.0
3177173,969.0
3178174,932.0
3179175,847.0
3180176,894.0
3181177,654.0
3182178,998.0
3183179,927.0
3184180,934.0
3185181,958.0
3186182,900.0
3187183,870.0
3188184,949.0
3189185,737.0
3190186,951.0
3191187,816.0
3192188,571.0
3193189,971.0
3194190,743.0
3195191,714.0
3196192,955.0
3197193,940.0
3198194,928.0
3199195,724.0
3200196,927.0
3201197,956.0
3202198,968.0
3203199,962.0
3204200,815.0
3205201,0.0
3206202,235.0
3207203,936.0
3208204,657.0
3209205,955.0
3210206,841.0
3211207,832.0
3212208,891.0
3213209,859.0
3214210,863.0
3215211,872.0
3216212,945.0
3217213,938.0
3218214,941.0
3219215,967.0
3220216,958.0
3221217,957.0
3222218,953.0
3223219,922.0
3224220,947.0
3225221,848.0
3226222,957.0
3227223,930.0
3228224,956.0
3229225,866.0
3230226,937.0
3231227,912.0
3232228,978.0
3233229,936.0
3234230,964.0
3235231,950.0
3236232,953.0
3237233,963.0
3238234,1000.0
3239235,561.0
3240236,877.0
3241237,965.0
3242238,962.0
3243239,0.0
3244240,0.0
3245241,954.0
3246242,869.0
3247243,841.0
3248244,937.0
3249245,968.0
3250246,923.0
3251247,698.0
3252248,827.0
3253249,713.0
3254250,943.0
3255251,940.0
3256252,879.0
3257253,930.0
3258254,966.0
3259255,953.0
3260256,725.0
3261257,951.0
3262258,884.0
3263259,808.0
3264260,564.0
3265261,930.0
3266262,966.0
3267263,906.0
3268264,910.0
3269265,936.0
3270266,821.0
3271267,962.0
3272268,936.0
3273269,952.0
3274270,621.0
3275271,919.0
3276272,885.0
3277273,969.0
3278274,868.0
3279275,1.0
3280276,284.0
3281277,825.0
3282278,705.0
3283279,791.0
3284280,964.0
3285281,956.0
3286282,922.0
3287283,854.0
3288284,958.0
3289285,791.0
3290286,932.0
3291287,943.0
3292288,957.0
3293289,939.0
3294290,769.0
3295291,845.0
3296292,931.0
3297293,359.0
3298294,935.0
3299295,953.0
3300296,907.0
3301297,871.0
3302298,990.0
3303299,948.0
3304300,933.0
3305301,967.0
3306302,0.0
3307303,917.0
3308304,775.0
3309305,945.0
3310306,977.0
3311307,859.0
3312308,920.0
3313309,917.0
3314310,924.0
3315311,912.0
3316312,979.0
3317313,947.0
3318314,960.0
3319315,906.0
3320316,915.0
3321317,930.0
3322318,949.0
3323319,948.0
3324320,933.0
3325321,903.0
3326322,925.0
3327323,968.0
3328324,954.0
3329325,827.0
3330326,901.0
3331327,938.0
3332328,951.0
3333329,824.0
3334330,965.0
3335331,0.0
3336332,0.0
3337333,973.0
3338334,980.0
3339335,938.0
3340336,956.0
3341337,0.0
3342338,908.0
3343339,957.0
3344340,956.0
3345341,965.0
3346342,861.0
3347343,949.0
3348344,470.0
3349345,782.0
3350346,678.0
3351347,902.0
3352348,949.0
3353349,900.0
3354350,863.0
3355351,923.0
3356352,940.0
3357353,801.0
3358354,958.0
3359355,822.0
3360356,0.0
3361357,905.0
3362358,955.0
3363359,38.0
3364360,947.0
3365361,928.0
3366362,968.0
3367363,0.0
3368364,922.0
3369365,855.0
3370366,950.0
3371367,948.0
3372368,979.0
3373369,697.0
3374370,937.0
3375371,953.0
3376372,970.0
3377373,817.0
3378374,440.0
3379375,930.0
3380376,926.0
3381377,935.0
3382378,910.0
3383379,34.0
3384380,927.0
3385381,939.0
3386382,949.0
3387383,752.0
3388384,962.0
3389385,625.0
3390386,872.0
3391387,867.0
3392388,782.0
3393389,778.0
3394390,848.0
3395391,951.0
3396392,927.0
3397393,463.0
3398394,907.0
3399395,708.0
3400396,882.0
3401397,961.0
3402398,957.0
3403399,928.0
3404400,850.0
3405401,788.0
3406402,949.0
3407403,955.0
3408404,919.0
3409405,873.0
3410406,876.0
3411407,830.0
3412408,870.0
3413409,988.0
3414410,0.0
3415411,567.0
3416412,805.0
3417413,955.0
3418414,729.0
3419415,851.0
3420416,970.0
3421417,939.0
3422418,48.0
3423419,965.0
3424420,946.0
3425421,928.0
3426422,524.0
3427423,961.0
3428424,925.0
3429425,955.0
3430426,849.0
3431427,951.0
3432428,592.0
3433429,950.0
3434430,897.0
3435431,999.0
3436432,906.0
3437433,924.0
3438434,969.0
3439435,937.0
3440436,973.0
3441437,953.0
3442438,899.0
3443439,842.0
3444440,767.0
3445441,929.0
3446442,916.0
3447443,984.0
3448444,943.0
3449445,940.0
3450446,945.0
3451447,935.0
3452448,178.0
3453449,217.0
3454450,894.0
3455451,814.0
3456452,921.0
3457453,947.0
3458454,938.0
3459455,795.0
3460456,827.0
3461457,944.0
3462458,952.0
3463459,939.0
3464460,956.0
3465461,957.0
3466462,0.0
3467463,920.0
3468464,884.0
3469465,0.0
3470466,946.0
3471467,884.0
3472468,953.0
3473469,588.0
3474470,961.0
3475471,988.0
3476472,680.0
3477473,963.0
3478474,960.0
3479475,983.0
3480476,976.0
3481477,637.0
3482478,901.0
3483479,951.0
3484480,936.0
3485481,864.0
3486482,774.0
3487483,864.0
3488484,626.0
3489485,981.0
3490486,962.0
3491487,895.0
3492488,775.0
3493489,837.0
3494490,969.0
3495491,8.0
3496492,910.0
3497493,961.0
3498494,0.0
3499495,952.0
3500496,809.0
3501497,929.0
3502498,262.0
3503499,915.0
3504500,0.0
3505501,978.0
3506502,985.0
3507503,836.0
3508504,975.0
3509505,931.0
3510506,976.0
3511507,971.0
3512508,924.0
3513509,0.0
3514510,916.0
3515511,961.0
3516512,840.0
3517513,902.0
3518514,775.0
3519515,903.0
3520516,950.0
3521517,957.0
3522518,977.0
3523519,964.0
3524520,928.0
3525521,884.0
3526522,620.0
3527523,991.0
3528524,371.0
3529525,979.0
3530526,933.0
3531527,958.0
3532528,979.0
3533529,921.0
3534530,879.0
3535531,957.0
3536532,611.0
3537533,0.0
3538534,961.0
3539535,0.0
3540536,960.0
3541537,476.0
3542538,532.0
3543539,957.0
3544540,944.0
3545541,408.0
3546542,834.0
3547543,902.0
3548544,948.0
3549545,795.0
3550546,325.0
3551547,0.0
3552548,398.0
3553549,798.0
3554550,923.0
3555551,0.0
3556552,842.0
3557553,846.0
3558554,864.0
3559555,904.0
3560556,938.0
3561557,942.0
3562558,899.0
3563559,961.0
3564560,961.0
3565561,939.0
3566562,953.0
3567563,912.0
3568564,854.0
3569565,863.0
3570566,0.0
3571567,921.0
3572568,945.0
3573569,973.0
3574570,960.0
3575571,446.0
3576572,940.0
3577573,976.0
3578574,295.0
3579575,990.0
3580576,963.0
3581577,0.0
3582578,936.0
3583579,803.0
3584580,937.0
3585581,547.0
3586582,923.0
3587583,550.0
3588584,961.0
3589585,937.0
3590586,899.0
3591587,781.0
3592588,944.0
3593589,832.0
3594590,0.0
3595591,959.0
3596592,482.0
3597593,825.0
3598594,870.0
3599595,924.0
3600596,854.0
3601597,590.0
3602598,960.0
3603599,725.0
3604600,915.0
3605601,927.0
3606602,954.0
3607603,948.0
3608604,0.0
3609605,926.0
3610606,953.0
3611607,835.0
3612608,0.0
3613609,305.0
3614610,989.0
3615611,951.0
3616612,970.0
3617613,919.0
3618614,956.0
3619615,748.0
3620616,937.0
3621617,832.0
3622618,947.0
3623619,886.0
3624620,959.0
3625621,691.0
3626622,780.0
3627623,948.0
3628624,893.0
3629625,938.0
3630626,982.0
3631627,849.0
3632628,831.0
3633629,893.0
3634630,960.0
3635631,932.0
3636632,947.0
3637633,905.0
3638634,955.0
3639635,958.0
3640636,825.0
3641637,949.0
3642638,932.0
3643639,941.0
3644640,862.0
3645641,938.0
3646642,978.0
3647643,0.0
3648644,888.0
3649645,929.0
3650646,895.0
3651647,936.0
3652648,958.0
3653649,836.0
3654650,925.0
3655651,976.0
3656652,959.0
3657653,856.0
3658654,973.0
3659655,966.0
3660656,963.0
3661657,914.0
3662658,656.0
3663659,972.0
3664660,740.0
3665661,205.0
3666662,797.0
3667663,257.0
3668664,881.0
3669665,957.0
3670666,942.0
3671667,576.0
3672668,942.0
3673669,845.0
3674670,781.0
3675671,925.0
3676672,952.0
3677673,991.0
3678674,968.0
3679675,939.0
3680676,115.0
3681677,367.0
3682678,917.0
3683679,945.0
3684680,956.0
3685681,942.0
3686682,894.0
3687683,846.0
3688684,937.0
3689685,971.0
3690686,921.0
3691687,950.0
3692688,975.0
3693689,0.0
3694690,865.0
3695691,960.0
3696692,871.0
3697693,945.0
3698694,928.0
3699695,918.0
3700696,940.0
3701697,946.0
3702698,830.0
3703699,825.0
3704700,955.0
3705701,952.0
3706702,838.0
3707703,972.0
3708704,946.0
3709705,0.0
3710706,839.0
3711707,949.0
3712708,942.0
3713709,976.0
3714710,969.0
3715711,874.0
3716712,800.0
3717713,968.0
3718714,967.0
3719715,948.0
3720716,948.0
3721717,822.0
3722718,244.0
3723719,851.0
3724720,353.0
3725721,859.0
3726722,971.0
3727723,988.0
3728724,853.0
3729725,805.0
3730726,338.0
3731727,932.0
3732728,949.0
3733729,973.0
3734730,710.0
3735731,949.0
3736732,824.0
3737733,826.0
3738734,937.0
3739735,675.0
3740736,961.0
3741737,927.0
3742738,918.0
3743739,965.0
3744740,942.0
3745741,823.0
3746742,599.0
3747743,977.0
3748744,934.0
3749745,988.0
3750746,936.0
3751747,883.0
3752748,737.0
3753749,940.0
3754750,927.0
3755751,940.0
3756752,952.0
3757753,961.0
3758754,925.0
3759755,811.0
3760756,783.0
3761757,873.0
3762758,0.0
3763759,619.0
3764760,719.0
3765761,871.0
3766762,870.0
3767763,802.0
3768764,848.0
3769765,805.0
3770766,876.0
3771767,801.0
3772768,695.0
3773769,929.0
3774770,836.0
3775771,794.0
3776772,966.0
3777773,854.0
3778774,913.0
3779775,868.0
3780776,926.0
3781777,853.0
3782778,830.0
3783779,904.0
3784780,964.0
3785781,936.0
3786782,946.0
3787783,0.0
3788784,914.0
3789785,865.0
3790786,959.0
3791787,818.0
3792788,962.0
3793789,938.0
3794790,951.0
3795791,981.0
3796792,954.0
3797793,823.0
3798794,849.0
3799795,966.0
3800796,949.0
3801797,868.0
3802798,933.0
3803799,897.0
3804800,903.0
3805801,681.0
3806802,947.0
3807803,964.0
3808804,984.0
3809805,951.0
3810806,955.0
3811807,924.0
3812808,934.0
3813809,960.0
3814810,956.0
3815811,945.0
3816812,939.0
3817813,962.0
3818814,955.0
3819815,983.0
3820816,730.0
3821817,962.0
3822818,855.0
3823819,738.0
3824820,902.0
3825821,979.0
3826822,957.0
3827823,587.0
3828824,685.0
3829825,865.0
3830826,936.0
3831827,964.0
3832828,800.0
3833829,956.0
3834830,917.0
3835831,942.0
3836832,955.0
3837833,981.0
3838834,977.0
3839835,935.0
3840836,969.0
3841837,935.0
3842838,798.0
3843839,999.0
3844840,871.0
3845841,610.0
3846842,902.0
3847843,975.0
3848844,947.0
3849845,958.0
3850846,875.0
3851847,972.0
3852848,957.0
3853849,858.0
3854850,819.0
3855851,953.0
3856852,926.0
3857853,926.0
3858854,962.0
3859855,957.0
3860856,858.0
3861857,868.0
3862858,906.0
3863859,744.0
3864860,965.0
3865861,953.0
3866862,911.0
3867863,982.0
3868864,409.0
3869865,843.0
3870866,952.0
3871867,893.0
3872868,959.0
3873869,827.0
3874870,872.0
3875871,924.0
3876872,745.0
3877873,933.0
3878874,984.0
3879875,951.0
3880876,959.0
3881877,935.0
3882878,0.0
3883879,874.0
3884880,0.0
3885881,966.0
3886882,873.0
3887883,936.0
3888884,979.0
3889885,951.0
3890886,934.0
3891887,713.0
3892888,958.0
3893889,867.0
3894890,949.0
3895891,0.0
3896892,939.0
3897893,830.0
3898894,970.0
3899895,962.0
3900896,941.0
3901897,978.0
3902898,958.0
3903899,832.0
3904900,926.0
3905901,949.0
3906902,945.0
3907903,941.0
3908904,972.0
3909905,846.0
3910906,964.0
3911907,898.0
3912908,938.0
3913909,45.0
3914910,924.0
3915911,959.0
3916912,944.0
3917913,761.0
3918914,968.0
3919915,868.0
3920916,856.0
3921917,964.0
3922918,959.0
3923919,962.0
3924920,968.0
3925921,139.0
3926922,967.0
3927923,957.0
3928924,949.0
3929925,747.0
3930926,687.0
3931927,963.0
3932928,973.0
3933929,687.0
3934930,936.0
3935931,950.0
3936932,908.0
3937933,924.0
3938934,970.0
3939935,934.0
3940936,831.0
3941937,961.0
3942938,962.0
3943939,719.0
3944940,846.0
3945941,837.0
3946942,947.0
3947943,829.0
3948944,929.0
3949945,952.0
3950946,0.0
3951947,845.0
3952948,871.0
3953949,921.0
3954950,828.0
3955951,888.0
3956952,972.0
3957953,905.0
3958954,939.0
3959955,948.0
3960956,981.0
3961957,827.0
3962958,716.0
3963959,848.0
3964960,845.0
3965961,669.0
3966962,903.0
3967963,816.0
3968964,951.0
3969965,972.0
3970966,799.0
3971967,933.0
3972968,190.0
3973969,928.0
3974970,939.0
3975971,932.0
3976972,938.0
3977973,935.0
3978974,778.0
3979975,947.0
3980976,978.0
3981977,944.0
3982978,992.0
3983979,799.0
3984980,962.0
3985981,985.0
3986982,963.0
3987983,209.0
3988984,143.0
3989985,958.0
3990986,817.0
3991987,962.0
3992988,855.0
3993989,916.0
3994990,906.0
3995991,941.0
3996992,963.0
3997993,944.0
3998994,982.0
3999995,856.0
4000996,968.0
4001997,960.0
4002998,945.0
4003999,936.0
4005000,935.0
4006001,938.0
4007002,808.0
4008003,935.0
4009004,924.0
4010005,920.0
4011006,823.0
4012007,898.0
4013008,949.0
4014009,949.0
4015010,813.0
4016011,929.0
4017012,959.0
4018013,823.0
4019014,708.0
4020015,946.0
4021016,996.0
4022017,933.0
4023018,918.0
4024019,864.0
4025020,0.0
4026021,942.0
4027022,898.0
4028023,858.0
4029024,728.0
4030025,916.0
4031026,878.0
4032027,987.0
4033028,940.0
4034029,29.0
4035030,4.0
4036031,933.0
4037032,953.0
4038033,847.0
4039034,744.0
4040035,963.0
4041036,786.0
4042037,520.0
4043038,237.0
4044039,541.0
4045040,407.0
4046041,913.0
4047042,953.0
4048043,957.0
4049044,966.0
4050045,952.0
4051046,881.0
4052047,982.0
4053048,806.0
4054049,954.0
4055050,957.0
4056051,955.0
4057052,981.0
4058053,936.0
4059054,980.0
4060055,896.0
4061056,955.0
4062057,915.0
4063058,509.0
4064059,874.0
4065060,960.0
4066061,852.0
4067062,903.0
4068063,843.0
4069064,967.0
4070065,857.0
4071066,891.0
4072067,949.0
4073068,821.0
4074069,986.0
4075070,949.0
4076071,969.0
4077072,962.0
4078073,966.0
4079074,948.0
4080075,811.0
4081076,943.0
4082077,931.0
4083078,941.0
4084079,898.0
4085080,969.0
4086081,934.0
4087082,798.0
4088083,962.0
4089084,962.0
4090085,942.0
4091086,853.0
4092087,936.0
4093088,931.0
4094089,969.0
4095090,973.0
4096091,962.0
4097092,973.0
4098093,0.0
4099094,949.0
4100095,938.0
4101096,737.0
4102097,972.0
4103098,856.0
4104099,697.0
4105100,943.0
4106101,962.0
4107102,926.0
4108103,931.0
4109104,949.0
4110105,939.0
4111106,913.0
4112107,972.0
4113108,957.0
4114109,938.0
4115110,959.0
4116111,931.0
4117112,991.0
4118113,919.0
4119114,956.0
4120115,991.0
4121116,920.0
4122117,834.0
4123118,814.0
4124119,955.0
4125120,933.0
4126121,967.0
4127122,902.0
4128123,837.0
4129124,857.0
4130125,947.0
4131126,878.0
4132127,677.0
4133128,778.0
4134129,883.0
4135130,947.0
4136131,967.0
4137132,810.0
4138133,935.0
4139134,784.0
4140135,929.0
4141136,955.0
4142137,747.0
4143138,995.0
4144139,892.0
4145140,808.0
4146141,522.0
4147142,938.0
4148143,936.0
4149144,817.0
4150145,663.0
4151146,953.0
4152147,765.0
4153148,873.0
4154149,912.0
4155150,931.0
4156151,967.0
4157152,970.0
4158153,958.0
4159154,983.0
4160155,780.0
4161156,930.0
4162157,907.0
4163158,964.0
4164159,857.0
4165160,919.0
4166161,934.0
4167162,972.0
4168163,935.0
4169164,952.0
4170165,964.0
4171166,984.0
4172167,730.0
4173168,935.0
4174169,945.0
4175170,952.0
4176171,960.0
4177172,966.0
4178173,956.0
4179174,848.0
4180175,969.0
4181176,933.0
4182177,907.0
4183178,998.0
4184179,963.0
4185180,939.0
4186181,965.0
4187182,926.0
4188183,957.0
4189184,858.0
4190185,813.0
4191186,688.0
4192187,947.0
4193188,959.0
4194189,949.0
4195190,937.0
4196191,992.0
4197192,948.0
4198193,928.0
4199194,915.0
4200195,20.0
4201196,966.0
4202197,960.0
4203198,777.0
4204199,771.0
4205200,947.0
4206201,950.0
4207202,943.0
4208203,897.0
4209204,927.0
4210205,944.0
4211206,628.0
4212207,975.0
4213208,948.0
4214209,646.0
4215210,910.0
4216211,930.0
4217212,857.0
4218213,223.0
4219214,616.0
4220215,971.0
4221216,934.0
4222217,58.0
4223218,925.0
4224219,974.0
4225220,933.0
4226221,942.0
4227222,955.0
4228223,977.0
4229224,928.0
4230225,2.0
4231226,935.0
4232227,996.0
4233228,917.0
4234229,956.0
4235230,927.0
4236231,971.0
4237232,761.0
4238233,948.0
4239234,850.0
4240235,963.0
4241236,171.0
4242237,611.0
4243238,875.0
4244239,946.0
4245240,933.0
4246241,900.0
4247242,918.0
4248243,882.0
4249244,943.0
4250245,925.0
4251246,881.0
4252247,892.0
4253248,969.0
4254249,887.0
4255250,989.0
4256251,791.0
4257252,939.0
4258253,842.0
4259254,996.0
4260255,727.0
4261256,965.0
4262257,870.0
4263258,812.0
4264259,885.0
4265260,902.0
4266261,555.0
4267262,899.0
4268263,961.0
4269264,972.0
4270265,22.0
4271266,852.0
4272267,596.0
4273268,853.0
4274269,979.0
4275270,925.0
4276271,916.0
4277272,968.0
4278273,808.0
4279274,963.0
4280275,0.0
4281276,951.0
4282277,954.0
4283278,977.0
4284279,934.0
4285280,971.0
4286281,934.0
4287282,961.0
4288283,955.0
4289284,957.0
4290285,871.0
4291286,932.0
4292287,853.0
4293288,957.0
4294289,937.0
4295290,925.0
4296291,975.0
4297292,748.0
4298293,917.0
4299294,949.0
4300295,854.0
4301296,965.0
4302297,944.0
4303298,612.0
4304299,863.0
4305300,955.0
4306301,857.0
4307302,965.0
4308303,778.0
4309304,990.0
4310305,914.0
4311306,794.0
4312307,839.0
4313308,955.0
4314309,599.0
4315310,954.0
4316311,940.0
4317312,0.0
4318313,862.0
4319314,770.0
4320315,0.0
4321316,964.0
4322317,953.0
4323318,607.0
4324319,970.0
4325320,950.0
4326321,784.0
4327322,743.0
4328323,941.0
4329324,884.0
4330325,841.0
4331326,949.0
4332327,949.0
4333328,923.0
4334329,917.0
4335330,729.0
4336331,713.0
4337332,800.0
4338333,942.0
4339334,835.0
4340335,721.0
4341336,763.0
4342337,964.0
4343338,962.0
4344339,862.0
4345340,889.0
4346341,969.0
4347342,975.0
4348343,932.0
4349344,1000.0
4350345,966.0
4351346,976.0
4352347,962.0
4353348,835.0
4354349,919.0
4355350,595.0
4356351,847.0
4357352,0.0
4358353,815.0
4359354,946.0
4360355,959.0
4361356,928.0
4362357,694.0
4363358,923.0
4364359,895.0
4365360,917.0
4366361,941.0
4367362,765.0
4368363,0.0
4369364,968.0
4370365,626.0
4371366,950.0
4372367,868.0
4373368,847.0
4374369,842.0
4375370,978.0
4376371,903.0
4377372,919.0
4378373,919.0
4379374,971.0
4380375,982.0
4381376,950.0
4382377,977.0
4383378,908.0
4384379,803.0
4385380,894.0
4386381,784.0
4387382,917.0
4388383,915.0
4389384,753.0
4390385,0.0
4391386,844.0
4392387,907.0
4393388,851.0
4394389,689.0
4395390,900.0
4396391,970.0
4397392,984.0
4398393,972.0
4399394,946.0
4400395,959.0
4401396,942.0
4402397,934.0
4403398,946.0
4404399,920.0
4405400,857.0
4406401,973.0
4407402,925.0
4408403,930.0
4409404,952.0
4410405,878.0
4411406,966.0
4412407,947.0
4413408,930.0
4414409,806.0
4415410,841.0
4416411,921.0
4417412,954.0
4418413,976.0
4419414,0.0
4420415,796.0
4421416,926.0
4422417,966.0
4423418,808.0
4424419,989.0
4425420,925.0
4426421,969.0
4427422,916.0
4428423,956.0
4429424,954.0
4430425,941.0
4431426,935.0
4432427,873.0
4433428,0.0
4434429,936.0
4435430,942.0
4436431,913.0
4437432,698.0
4438433,938.0
4439434,998.0
4440435,845.0
4441436,791.0
4442437,725.0
4443438,871.0
4444439,936.0
4445440,599.0
4446441,962.0
4447442,974.0
4448443,970.0
4449444,895.0
4450445,969.0
4451446,587.0
4452447,773.0
4453448,932.0
4454449,906.0
4455450,895.0
4456451,913.0
4457452,891.0
4458453,885.0
4459454,959.0
4460455,983.0
4461456,957.0
4462457,942.0
4463458,931.0
4464459,838.0
4465460,13.0
4466461,0.0
4467462,953.0
4468463,917.0
4469464,910.0
4470465,959.0
4471466,925.0
4472467,975.0
4473468,953.0
4474469,934.0
4475470,952.0
4476471,655.0
4477472,959.0
4478473,945.0
4479474,0.0
4480475,887.0
4481476,988.0
4482477,955.0
4483478,949.0
4484479,934.0
4485480,949.0
4486481,980.0
4487482,973.0
4488483,800.0
4489484,956.0
4490485,921.0
4491486,895.0
4492487,971.0
4493488,954.0
4494489,923.0
4495490,659.0
4496491,924.0
4497492,982.0
4498493,915.0
4499494,977.0
4500495,3.0
4501496,753.0
4502497,939.0
4503498,961.0
4504499,974.0
4505500,995.0
4506501,912.0
4507502,865.0
4508503,659.0
4509504,968.0
4510505,809.0
4511506,901.0
4512507,969.0
4513508,956.0
4514509,862.0
4515510,922.0
4516511,936.0
4517512,964.0
4518513,950.0
4519514,922.0
4520515,959.0
4521516,800.0
4522517,903.0
4523518,983.0
4524519,939.0
4525520,911.0
4526521,913.0
4527522,931.0
4528523,808.0
4529524,976.0
4530525,982.0
4531526,924.0
4532527,935.0
4533528,996.0
4534529,975.0
4535530,940.0
4536531,917.0
4537532,956.0
4538533,902.0
4539534,966.0
4540535,958.0
4541536,804.0
4542537,903.0
4543538,711.0
4544539,881.0
4545540,987.0
4546541,960.0
4547542,781.0
4548543,959.0
4549544,951.0
4550545,927.0
4551546,948.0
4552547,905.0
4553548,0.0
4554549,895.0
4555550,470.0
4556551,956.0
4557552,932.0
4558553,947.0
4559554,931.0
4560555,916.0
4561556,766.0
4562557,824.0
4563558,933.0
4564559,907.0
4565560,677.0
4566561,939.0
4567562,909.0
4568563,943.0
4569564,766.0
4570565,975.0
4571566,915.0
4572567,928.0
4573568,633.0
4574569,968.0
4575570,774.0
4576571,953.0
4577572,864.0
4578573,382.0
4579574,943.0
4580575,915.0
4581576,754.0
4582577,0.0
4583578,947.0
4584579,955.0
4585580,729.0
4586581,906.0
4587582,918.0
4588583,946.0
4589584,956.0
4590585,941.0
4591586,940.0
4592587,939.0
4593588,891.0
4594589,966.0
4595590,668.0
4596591,782.0
4597592,954.0
4598593,836.0
4599594,920.0
4600595,964.0
4601596,951.0
4602597,938.0
4603598,832.0
4604599,941.0
4605600,983.0
4606601,866.0
4607602,846.0
4608603,995.0
4609604,882.0
4610605,979.0
4611606,554.0
4612607,908.0
4613608,983.0
4614609,945.0
4615610,912.0
4616611,951.0
4617612,981.0
4618613,973.0
4619614,886.0
4620615,0.0
4621616,944.0
4622617,958.0
4623618,971.0
4624619,935.0
4625620,911.0
4626621,961.0
4627622,964.0
4628623,852.0
4629624,935.0
4630625,979.0
4631626,946.0
4632627,904.0
4633628,786.0
4634629,893.0
4635630,707.0
4636631,245.0
4637632,915.0
4638633,595.0
4639634,938.0
4640635,920.0
4641636,971.0
4642637,0.0
4643638,988.0
4644639,892.0
4645640,0.0
4646641,943.0
4647642,896.0
4648643,949.0
4649644,934.0
4650645,851.0
4651646,965.0
4652647,962.0
4653648,926.0
4654649,976.0
4655650,902.0
4656651,883.0
4657652,951.0
4658653,935.0
4659654,934.0
4660655,911.0
4661656,769.0
4662657,931.0
4663658,955.0
4664659,900.0
4665660,920.0
4666661,919.0
4667662,917.0
4668663,835.0
4669664,944.0
4670665,929.0
4671666,910.0
4672667,938.0
4673668,828.0
4674669,959.0
4675670,760.0
4676671,947.0
4677672,774.0
4678673,843.0
4679674,743.0
4680675,961.0
4681676,938.0
4682677,718.0
4683678,28.0
4684679,802.0
4685680,949.0
4686681,325.0
4687682,986.0
4688683,965.0
4689684,953.0
4690685,876.0
4691686,938.0
4692687,930.0
4693688,915.0
4694689,684.0
4695690,921.0
4696691,956.0
4697692,929.0
4698693,808.0
4699694,971.0
4700695,645.0
4701696,887.0
4702697,954.0
4703698,861.0
4704699,970.0
4705700,963.0
4706701,951.0
4707702,837.0
4708703,917.0
4709704,944.0
4710705,982.0
4711706,959.0
4712707,999.0
4713708,925.0
4714709,951.0
4715710,0.0
4716711,869.0
4717712,958.0
4718713,714.0
4719714,846.0
4720715,909.0
4721716,956.0
4722717,976.0
4723718,975.0
4724719,846.0
4725720,809.0
4726721,972.0
4727722,880.0
4728723,863.0
4729724,0.0
4730725,986.0
4731726,933.0
4732727,951.0
4733728,853.0
4734729,944.0
4735730,944.0
4736731,838.0
4737732,875.0
4738733,965.0
4739734,977.0
4740735,892.0
4741736,859.0
4742737,953.0
4743738,946.0
4744739,852.0
4745740,951.0
4746741,957.0
4747742,947.0
4748743,869.0
4749744,843.0
4750745,492.0
4751746,969.0
4752747,974.0
4753748,969.0
4754749,919.0
4755750,911.0
4756751,976.0
4757752,912.0
4758753,957.0
4759754,0.0
4760755,955.0
4761756,912.0
4762757,835.0
4763758,611.0
4764759,940.0
4765760,41.0
4766761,945.0
4767762,652.0
4768763,745.0
4769764,933.0
4770765,934.0
4771766,797.0
4772767,953.0
4773768,917.0
4774769,141.0
4775770,874.0
4776771,941.0
4777772,952.0
4778773,684.0
4779774,842.0
4780775,970.0
4781776,928.0
4782777,863.0
4783778,890.0
4784779,948.0
4785780,926.0
4786781,443.0
4787782,899.0
4788783,869.0
4789784,629.0
4790785,941.0
4791786,960.0
4792787,931.0
4793788,858.0
4794789,939.0
4795790,928.0
4796791,897.0
4797792,849.0
4798793,986.0
4799794,913.0
4800795,980.0
4801796,870.0
4802797,992.0
4803798,885.0
4804799,861.0
4805800,945.0
4806801,845.0
4807802,987.0
4808803,859.0
4809804,796.0
4810805,975.0
4811806,946.0
4812807,938.0
4813808,955.0
4814809,888.0
4815810,960.0
4816811,842.0
4817812,949.0
4818813,985.0
4819814,885.0
4820815,939.0
4821816,952.0
4822817,944.0
4823818,910.0
4824819,921.0
4825820,979.0
4826821,925.0
4827822,897.0
4828823,921.0
4829824,976.0
4830825,973.0
4831826,959.0
4832827,957.0
4833828,950.0
4834829,845.0
4835830,939.0
4836831,871.0
4837832,900.0
4838833,954.0
4839834,794.0
4840835,940.0
4841836,931.0
4842837,931.0
4843838,434.0
4844839,666.0
4845840,946.0
4846841,817.0
4847842,959.0
4848843,987.0
4849844,917.0
4850845,932.0
4851846,771.0
4852847,916.0
4853848,944.0
4854849,884.0
4855850,920.0
4856851,937.0
4857852,910.0
4858853,918.0
4859854,959.0
4860855,791.0
4861856,954.0
4862857,931.0
4863858,932.0
4864859,947.0
4865860,970.0
4866861,944.0
4867862,117.0
4868863,933.0
4869864,953.0
4870865,970.0
4871866,908.0
4872867,972.0
4873868,733.0
4874869,928.0
4875870,917.0
4876871,884.0
4877872,833.0
4878873,834.0
4879874,980.0
4880875,915.0
4881876,946.0
4882877,932.0
4883878,951.0
4884879,931.0
4885880,916.0
4886881,957.0
4887882,942.0
4888883,964.0
4889884,939.0
4890885,951.0
4891886,933.0
4892887,938.0
4893888,771.0
4894889,992.0
4895890,845.0
4896891,838.0
4897892,580.0
4898893,983.0
4899894,977.0
4900895,891.0
4901896,954.0
4902897,959.0
4903898,843.0
4904899,900.0
4905900,931.0
4906901,948.0
4907902,938.0
4908903,939.0
4909904,930.0
4910905,971.0
4911906,831.0
4912907,928.0
4913908,907.0
4914909,940.0
4915910,963.0
4916911,945.0
4917912,977.0
4918913,966.0
4919914,886.0
4920915,944.0
4921916,951.0
4922917,883.0
4923918,802.0
4924919,881.0
4925920,914.0
4926921,227.0
4927922,937.0
4928923,953.0
4929924,933.0
4930925,951.0
4931926,755.0
4932927,966.0
4933928,792.0
4934929,970.0
4935930,739.0
4936931,967.0
4937932,904.0
4938933,923.0
4939934,994.0
4940935,947.0
4941936,967.0
4942937,955.0
4943938,914.0
4944939,930.0
4945940,986.0
4946941,887.0
4947942,1000.0
4948943,971.0
4949944,925.0
4950945,823.0
4951946,958.0
4952947,954.0
4953948,925.0
4954949,911.0
4955950,920.0
4956951,951.0
4957952,944.0
4958953,768.0
4959954,918.0
4960955,927.0
4961956,954.0
4962957,957.0
4963958,600.0
4964959,963.0
4965960,916.0
4966961,932.0
4967962,894.0
4968963,794.0
4969964,904.0
4970965,922.0
4971966,681.0
4972967,860.0
4973968,949.0
4974969,686.0
4975970,943.0
4976971,954.0
4977972,949.0
4978973,938.0
4979974,922.0
4980975,979.0
4981976,982.0
4982977,809.0
4983978,919.0
4984979,979.0
4985980,958.0
4986981,974.0
4987982,954.0
4988983,723.0
4989984,817.0
4990985,789.0
4991986,801.0
4992987,952.0
4993988,931.0
4994989,921.0
4995990,963.0
4996991,823.0
4997992,933.0
4998993,840.0
4999994,959.0
5000995,769.0
5001996,808.0
5002997,980.0
5003998,836.0
5004999,804.0
5006000,984.0
5007001,955.0
5008002,939.0
5009003,844.0
5010004,955.0
5011005,976.0
5012006,996.0
5013007,824.0
5014008,926.0
5015009,856.0
5016010,912.0
5017011,985.0
5018012,346.0
5019013,339.0
5020014,931.0
5021015,751.0
5022016,692.0
5023017,956.0
5024018,838.0
5025019,930.0
5026020,891.0
5027021,868.0
5028022,932.0
5029023,933.0
5030024,0.0
5031025,826.0
5032026,951.0
5033027,987.0
5034028,983.0
5035029,749.0
5036030,952.0
5037031,966.0
5038032,957.0
5039033,863.0
5040034,986.0
5041035,958.0
5042036,845.0
5043037,743.0
5044038,976.0
5045039,522.0
5046040,972.0
5047041,983.0
5048042,922.0
5049043,948.0
5050044,892.0
5051045,947.0
5052046,919.0
5053047,963.0
5054048,923.0
5055049,983.0
5056050,892.0
5057051,892.0
5058052,940.0
5059053,950.0
5060054,925.0
5061055,975.0
5062056,873.0
5063057,951.0
5064058,927.0
5065059,899.0
5066060,954.0
5067061,942.0
5068062,985.0
5069063,962.0
5070064,907.0
5071065,864.0
5072066,866.0
5073067,762.0
5074068,976.0
5075069,933.0
5076070,945.0
5077071,961.0
5078072,956.0
5079073,947.0
5080074,745.0
5081075,972.0
5082076,970.0
5083077,957.0
5084078,934.0
5085079,740.0
5086080,833.0
5087081,812.0
5088082,957.0
5089083,985.0
5090084,974.0
5091085,933.0
5092086,919.0
5093087,712.0
5094088,947.0
5095089,899.0
5096090,936.0
5097091,877.0
5098092,956.0
5099093,760.0
5100094,198.0
5101095,923.0
5102096,836.0
5103097,622.0
5104098,856.0
5105099,768.0
5106100,847.0
5107101,965.0
5108102,895.0
5109103,946.0
5110104,934.0
5111105,963.0
5112106,672.0
5113107,975.0
5114108,783.0
5115109,305.0
5116110,872.0
5117111,940.0
5118112,969.0
5119113,881.0
5120114,639.0
5121115,926.0
5122116,923.0
5123117,920.0
5124118,0.0
5125119,888.0
5126120,952.0
5127121,938.0
5128122,894.0
5129123,961.0
5130124,938.0
5131125,936.0
5132126,0.0
5133127,940.0
5134128,822.0
5135129,682.0
5136130,825.0
5137131,723.0
5138132,976.0
5139133,940.0
5140134,959.0
5141135,965.0
5142136,937.0
5143137,933.0
5144138,886.0
5145139,959.0
5146140,963.0
5147141,772.0
5148142,696.0
5149143,958.0
5150144,948.0
5151145,954.0
5152146,962.0
5153147,971.0
5154148,924.0
5155149,941.0
5156150,924.0
5157151,939.0
5158152,947.0
5159153,931.0
5160154,932.0
5161155,971.0
5162156,942.0
5163157,803.0
5164158,940.0
5165159,620.0
5166160,830.0
5167161,944.0
5168162,975.0
5169163,943.0
5170164,975.0
5171165,892.0
5172166,950.0
5173167,916.0
5174168,980.0
5175169,930.0
5176170,948.0
5177171,859.0
5178172,943.0
5179173,958.0
5180174,957.0
5181175,964.0
5182176,921.0
5183177,918.0
5184178,938.0
5185179,807.0
5186180,935.0
5187181,840.0
5188182,962.0
5189183,982.0
5190184,818.0
5191185,935.0
5192186,934.0
5193187,839.0
5194188,930.0
5195189,732.0
5196190,0.0
5197191,909.0
5198192,931.0
5199193,973.0
5200194,934.0
5201195,940.0
5202196,942.0
5203197,938.0
5204198,929.0
5205199,876.0
5206200,823.0
5207201,837.0
5208202,0.0
5209203,787.0
5210204,955.0
5211205,918.0
5212206,929.0
5213207,956.0
5214208,931.0
5215209,822.0
5216210,948.0
5217211,899.0
5218212,938.0
5219213,808.0
5220214,677.0
5221215,948.0
5222216,948.0
5223217,930.0
5224218,958.0
5225219,745.0
5226220,969.0
5227221,884.0
5228222,918.0
5229223,944.0
5230224,759.0
5231225,859.0
5232226,838.0
5233227,919.0
5234228,931.0
5235229,955.0
5236230,940.0
5237231,928.0
5238232,932.0
5239233,932.0
5240234,862.0
5241235,659.0
5242236,859.0
5243237,869.0
5244238,835.0
5245239,922.0
5246240,929.0
5247241,943.0
5248242,792.0
5249243,962.0
5250244,952.0
5251245,962.0
5252246,936.0
5253247,972.0
5254248,926.0
5255249,995.0
5256250,930.0
5257251,976.0
5258252,832.0
5259253,945.0
5260254,1000.0
5261255,967.0
5262256,960.0
5263257,0.0
5264258,963.0
5265259,960.0
5266260,793.0
5267261,952.0
5268262,982.0
5269263,956.0
5270264,952.0
5271265,945.0
5272266,890.0
5273267,900.0
5274268,965.0
5275269,0.0
5276270,940.0
5277271,925.0
5278272,872.0
5279273,937.0
5280274,954.0
5281275,947.0
5282276,901.0
5283277,670.0
5284278,884.0
5285279,666.0
5286280,937.0
5287281,775.0
5288282,966.0
5289283,954.0
5290284,960.0
5291285,659.0
5292286,916.0
5293287,898.0
5294288,969.0
5295289,972.0
5296290,951.0
5297291,929.0
5298292,739.0
5299293,951.0
5300294,929.0
5301295,882.0
5302296,971.0
5303297,984.0
5304298,956.0
5305299,921.0
5306300,1000.0
5307301,751.0
5308302,936.0
5309303,960.0
5310304,944.0
5311305,623.0
5312306,956.0
5313307,944.0
5314308,0.0
5315309,939.0
5316310,938.0
5317311,961.0
5318312,973.0
5319313,881.0
5320314,956.0
5321315,939.0
5322316,955.0
5323317,935.0
5324318,934.0
5325319,953.0
5326320,958.0
5327321,996.0
5328322,977.0
5329323,934.0
5330324,910.0
5331325,969.0
5332326,974.0
5333327,380.0
5334328,923.0
5335329,920.0
5336330,976.0
5337331,947.0
5338332,932.0
5339333,924.0
5340334,821.0
5341335,960.0
5342336,895.0
5343337,925.0
5344338,740.0
5345339,720.0
5346340,941.0
5347341,973.0
5348342,952.0
5349343,913.0
5350344,836.0
5351345,846.0
5352346,913.0
5353347,0.0
5354348,954.0
5355349,938.0
5356350,762.0
5357351,897.0
5358352,198.0
5359353,906.0
5360354,917.0
5361355,928.0
5362356,663.0
5363357,956.0
5364358,932.0
5365359,345.0
5366360,951.0
5367361,740.0
5368362,756.0
5369363,832.0
5370364,0.0
5371365,880.0
5372366,916.0
5373367,919.0
5374368,924.0
5375369,949.0
5376370,942.0
5377371,927.0
5378372,931.0
5379373,947.0
5380374,946.0
5381375,987.0
5382376,946.0
5383377,979.0
5384378,961.0
5385379,706.0
5386380,862.0
5387381,926.0
5388382,937.0
5389383,840.0
5390384,895.0
5391385,888.0
5392386,965.0
5393387,835.0
5394388,940.0
5395389,910.0
5396390,971.0
5397391,980.0
5398392,966.0
5399393,951.0
5400394,891.0
5401395,978.0
5402396,787.0
5403397,855.0
5404398,921.0
5405399,947.0
5406400,921.0
5407401,905.0
5408402,812.0
5409403,971.0
5410404,597.0
5411405,973.0
5412406,779.0
5413407,750.0
5414408,315.0
5415409,969.0
5416410,943.0
5417411,953.0
5418412,966.0
5419413,0.0
5420414,930.0
5421415,916.0
5422416,967.0
5423417,906.0
5424418,979.0
5425419,951.0
5426420,951.0
5427421,799.0
5428422,915.0
5429423,974.0
5430424,952.0
5431425,802.0
5432426,969.0
5433427,838.0
5434428,915.0
5435429,840.0
5436430,902.0
5437431,929.0
5438432,964.0
5439433,586.0
5440434,941.0
5441435,978.0
5442436,859.0
5443437,946.0
5444438,956.0
5445439,942.0
5446440,734.0
5447441,950.0
5448442,747.0
5449443,905.0
5450444,969.0
5451445,969.0
5452446,836.0
5453447,0.0
5454448,927.0
5455449,956.0
5456450,898.0
5457451,2.0
5458452,939.0
5459453,945.0
5460454,858.0
5461455,988.0
5462456,957.0
5463457,829.0
5464458,884.0
5465459,915.0
5466460,857.0
5467461,947.0
5468462,960.0
5469463,969.0
5470464,948.0
5471465,987.0
5472466,959.0
5473467,957.0
5474468,853.0
5475469,800.0
5476470,935.0
5477471,509.0
5478472,931.0
5479473,935.0
5480474,894.0
5481475,951.0
5482476,824.0
5483477,825.0
5484478,814.0
5485479,962.0
5486480,954.0
5487481,816.0
5488482,928.0
5489483,919.0
5490484,958.0
5491485,975.0
5492486,946.0
5493487,518.0
5494488,949.0
5495489,955.0
5496490,28.0
5497491,955.0
5498492,923.0
5499493,858.0
5500494,930.0
5501495,861.0
5502496,887.0
5503497,918.0
5504498,971.0
5505499,954.0
5506500,822.0
5507501,802.0
5508502,937.0
5509503,926.0
5510504,916.0
5511505,970.0
5512506,840.0
5513507,864.0
5514508,941.0
5515509,929.0
5516510,658.0
5517511,850.0
5518512,945.0
5519513,817.0
5520514,529.0
5521515,764.0
5522516,947.0
5523517,785.0
5524518,0.0
5525519,929.0
5526520,934.0
5527521,952.0
5528522,740.0
5529523,954.0
5530524,968.0
5531525,962.0
5532526,812.0
5533527,896.0
5534528,887.0
5535529,940.0
5536530,933.0
5537531,854.0
5538532,860.0
5539533,973.0
5540534,877.0
5541535,0.0
5542536,974.0
5543537,950.0
5544538,890.0
5545539,668.0
5546540,952.0
5547541,825.0
5548542,935.0
5549543,960.0
5550544,908.0
5551545,902.0
5552546,957.0
5553547,956.0
5554548,977.0
5555549,854.0
5556550,805.0
5557551,894.0
5558552,900.0
5559553,784.0
5560554,793.0
5561555,878.0
5562556,941.0
5563557,875.0
5564558,953.0
5565559,19.0
5566560,862.0
5567561,950.0
5568562,678.0
5569563,920.0
5570564,850.0
5571565,955.0
5572566,853.0
5573567,837.0
5574568,963.0
5575569,807.0
5576570,965.0
5577571,924.0
5578572,872.0
5579573,908.0
5580574,974.0
5581575,1000.0
5582576,946.0
5583577,924.0
5584578,967.0
5585579,962.0
5586580,974.0
5587581,858.0
5588582,943.0
5589583,968.0
5590584,967.0
5591585,0.0
5592586,961.0
5593587,929.0
5594588,962.0
5595589,862.0
5596590,953.0
5597591,734.0
5598592,887.0
5599593,950.0
5600594,789.0
5601595,918.0
5602596,969.0
5603597,825.0
5604598,882.0
5605599,940.0
5606600,939.0
5607601,794.0
5608602,891.0
5609603,856.0
5610604,848.0
5611605,966.0
5612606,959.0
5613607,975.0
5614608,843.0
5615609,951.0
5616610,927.0
5617611,948.0
5618612,917.0
5619613,925.0
5620614,926.0
5621615,977.0
5622616,747.0
5623617,936.0
5624618,961.0
5625619,933.0
5626620,867.0
5627621,843.0
5628622,867.0
5629623,910.0
5630624,1000.0
5631625,948.0
5632626,900.0
5633627,575.0
5634628,913.0
5635629,891.0
5636630,731.0
5637631,920.0
5638632,916.0
5639633,940.0
5640634,990.0
5641635,983.0
5642636,931.0
5643637,960.0
5644638,961.0
5645639,941.0
5646640,999.0
5647641,952.0
5648642,857.0
5649643,852.0
5650644,697.0
5651645,982.0
5652646,864.0
5653647,936.0
5654648,950.0
5655649,891.0
5656650,949.0
5657651,808.0
5658652,934.0
5659653,770.0
5660654,653.0
5661655,985.0
5662656,948.0
5663657,960.0
5664658,959.0
5665659,734.0
5666660,965.0
5667661,815.0
5668662,949.0
5669663,925.0
5670664,883.0
5671665,946.0
5672666,822.0
5673667,912.0
5674668,968.0
5675669,965.0
5676670,933.0
5677671,973.0
5678672,867.0
5679673,971.0
5680674,728.0
5681675,954.0
5682676,904.0
5683677,921.0
5684678,950.0
5685679,76.0
5686680,947.0
5687681,924.0
5688682,791.0
5689683,782.0
5690684,960.0
5691685,882.0
5692686,838.0
5693687,881.0
5694688,757.0
5695689,921.0
5696690,800.0
5697691,891.0
5698692,935.0
5699693,797.0
5700694,951.0
5701695,913.0
5702696,927.0
5703697,976.0
5704698,964.0
5705699,359.0
5706700,991.0
5707701,946.0
5708702,963.0
5709703,768.0
5710704,930.0
5711705,858.0
5712706,957.0
5713707,0.0
5714708,603.0
5715709,834.0
5716710,935.0
5717711,932.0
5718712,973.0
5719713,952.0
5720714,944.0
5721715,967.0
5722716,976.0
5723717,893.0
5724718,926.0
5725719,964.0
5726720,945.0
5727721,881.0
5728722,841.0
5729723,865.0
5730724,808.0
5731725,993.0
5732726,955.0
5733727,977.0
5734728,825.0
5735729,816.0
5736730,872.0
5737731,953.0
5738732,890.0
5739733,967.0
5740734,970.0
5741735,973.0
5742736,924.0
5743737,948.0
5744738,755.0
5745739,951.0
5746740,630.0
5747741,957.0
5748742,951.0
5749743,736.0
5750744,831.0
5751745,927.0
5752746,949.0
5753747,970.0
5754748,955.0
5755749,853.0
5756750,915.0
5757751,979.0
5758752,747.0
5759753,965.0
5760754,930.0
5761755,968.0
5762756,973.0
5763757,938.0
5764758,912.0
5765759,963.0
5766760,984.0
5767761,784.0
5768762,961.0
5769763,916.0
5770764,704.0
5771765,984.0
5772766,945.0
5773767,808.0
5774768,950.0
5775769,909.0
5776770,835.0
5777771,984.0
5778772,843.0
5779773,962.0
5780774,985.0
5781775,955.0
5782776,972.0
5783777,946.0
5784778,963.0
5785779,975.0
5786780,238.0
5787781,822.0
5788782,957.0
5789783,707.0
5790784,949.0
5791785,985.0
5792786,866.0
5793787,952.0
5794788,968.0
5795789,976.0
5796790,968.0
5797791,725.0
5798792,826.0
5799793,753.0
5800794,962.0
5801795,962.0
5802796,957.0
5803797,924.0
5804798,0.0
5805799,906.0
5806800,731.0
5807801,683.0
5808802,924.0
5809803,614.0
5810804,969.0
5811805,619.0
5812806,955.0
5813807,941.0
5814808,723.0
5815809,935.0
5816810,1000.0
5817811,966.0
5818812,597.0
5819813,928.0
5820814,739.0
5821815,942.0
5822816,889.0
5823817,976.0
5824818,887.0
5825819,950.0
5826820,936.0
5827821,835.0
5828822,970.0
5829823,953.0
5830824,924.0
5831825,891.0
5832826,956.0
5833827,941.0
5834828,933.0
5835829,968.0
5836830,949.0
5837831,726.0
5838832,818.0
5839833,971.0
5840834,951.0
5841835,939.0
5842836,930.0
5843837,886.0
5844838,789.0
5845839,887.0
5846840,916.0
5847841,764.0
5848842,345.0
5849843,884.0
5850844,946.0
5851845,812.0
5852846,950.0
5853847,945.0
5854848,922.0
5855849,933.0
5856850,908.0
5857851,945.0
5858852,786.0
5859853,966.0
5860854,725.0
5861855,842.0
5862856,928.0
5863857,0.0
5864858,518.0
5865859,955.0
5866860,957.0
5867861,925.0
5868862,932.0
5869863,935.0
5870864,953.0
5871865,970.0
5872866,951.0
5873867,936.0
5874868,959.0
5875869,963.0
5876870,961.0
5877871,963.0
5878872,873.0
5879873,948.0
5880874,951.0
5881875,941.0
5882876,972.0
5883877,946.0
5884878,909.0
5885879,950.0
5886880,932.0
5887881,931.0
5888882,959.0
5889883,966.0
5890884,960.0
5891885,772.0
5892886,696.0
5893887,787.0
5894888,949.0
5895889,905.0
5896890,790.0
5897891,524.0
5898892,659.0
5899893,905.0
5900894,706.0
5901895,937.0
5902896,966.0
5903897,916.0
5904898,986.0
5905899,990.0
5906900,954.0
5907901,950.0
5908902,866.0
5909903,946.0
5910904,829.0
5911905,906.0
5912906,710.0
5913907,938.0
5914908,852.0
5915909,835.0
5916910,944.0
5917911,904.0
5918912,898.0
5919913,956.0
5920914,940.0
5921915,905.0
5922916,924.0
5923917,973.0
5924918,678.0
5925919,809.0
5926920,1000.0
5927921,10.0
5928922,880.0
5929923,928.0
5930924,763.0
5931925,915.0
5932926,614.0
5933927,939.0
5934928,924.0
5935929,962.0
5936930,763.0
5937931,914.0
5938932,963.0
5939933,881.0
5940934,858.0
5941935,791.0
5942936,970.0
5943937,898.0
5944938,949.0
5945939,785.0
5946940,937.0
5947941,944.0
5948942,979.0
5949943,960.0
5950944,976.0
5951945,963.0
5952946,960.0
5953947,867.0
5954948,931.0
5955949,166.0
5956950,915.0
5957951,278.0
5958952,959.0
5959953,730.0
5960954,675.0
5961955,925.0
5962956,0.0
5963957,636.0
5964958,922.0
5965959,975.0
5966960,874.0
5967961,941.0
5968962,964.0
5969963,901.0
5970964,189.0
5971965,935.0
5972966,862.0
5973967,840.0
5974968,912.0
5975969,932.0
5976970,923.0
5977971,88.0
5978972,978.0
5979973,929.0
5980974,776.0
5981975,0.0
5982976,949.0
5983977,814.0
5984978,844.0
5985979,958.0
5986980,851.0
5987981,870.0
5988982,913.0
5989983,818.0
5990984,960.0
5991985,875.0
5992986,809.0
5993987,919.0
5994988,923.0
5995989,956.0
5996990,908.0
5997991,958.0
5998992,953.0
5999993,939.0
6000994,936.0
6001995,958.0
6002996,949.0
6003997,904.0
6004998,940.0
6005999,894.0
6007000,925.0
6008001,988.0
6009002,854.0
6010003,844.0
6011004,952.0
6012005,943.0
6013006,890.0
6014007,987.0
6015008,801.0
6016009,925.0
6017010,933.0
6018011,951.0
6019012,916.0
6020013,959.0
6021014,969.0
6022015,761.0
6023016,934.0
6024017,923.0
6025018,171.0
6026019,989.0
6027020,932.0
6028021,915.0
6029022,840.0
6030023,937.0
6031024,949.0
6032025,842.0
6033026,909.0
6034027,968.0
6035028,101.0
6036029,953.0
6037030,875.0
6038031,869.0
6039032,966.0
6040033,800.0
6041034,954.0
6042035,934.0
6043036,930.0
6044037,126.0
6045038,940.0
6046039,947.0
6047040,0.0
6048041,870.0
6049042,830.0
6050043,851.0
6051044,861.0
6052045,927.0
6053046,938.0
6054047,781.0
6055048,942.0
6056049,754.0
6057050,964.0
6058051,603.0
6059052,787.0
6060053,858.0
6061054,955.0
6062055,964.0
6063056,964.0
6064057,969.0
6065058,0.0
6066059,957.0
6067060,342.0
6068061,721.0
6069062,0.0
6070063,966.0
6071064,994.0
6072065,946.0
6073066,978.0
6074067,963.0
6075068,762.0
6076069,856.0
6077070,0.0
6078071,1000.0
6079072,955.0
6080073,800.0
6081074,929.0
6082075,937.0
6083076,955.0
6084077,934.0
6085078,925.0
6086079,963.0
6087080,938.0
6088081,946.0
6089082,950.0
6090083,348.0
6091084,917.0
6092085,962.0
6093086,956.0
6094087,774.0
6095088,949.0
6096089,926.0
6097090,907.0
6098091,933.0
6099092,604.0
6100093,828.0
6101094,966.0
6102095,969.0
6103096,978.0
6104097,931.0
6105098,930.0
6106099,937.0
6107100,924.0
6108101,397.0
6109102,848.0
6110103,912.0
6111104,967.0
6112105,924.0
6113106,955.0
6114107,991.0
6115108,907.0
6116109,937.0
6117110,812.0
6118111,956.0
6119112,963.0
6120113,963.0
6121114,948.0
6122115,894.0
6123116,938.0
6124117,949.0
6125118,927.0
6126119,821.0
6127120,956.0
6128121,951.0
6129122,882.0
6130123,933.0
6131124,944.0
6132125,940.0
6133126,974.0
6134127,926.0
6135128,374.0
6136129,648.0
6137130,949.0
6138131,912.0
6139132,912.0
6140133,757.0
6141134,970.0
6142135,951.0
6143136,971.0
6144137,800.0
6145138,960.0
6146139,898.0
6147140,988.0
6148141,875.0
6149142,952.0
6150143,939.0
6151144,953.0
6152145,824.0
6153146,908.0
6154147,942.0
6155148,979.0
6156149,858.0
6157150,629.0
6158151,983.0
6159152,970.0
6160153,962.0
6161154,954.0
6162155,948.0
6163156,838.0
6164157,664.0
6165158,798.0
6166159,834.0
6167160,834.0
6168161,931.0
6169162,969.0
6170163,986.0
6171164,958.0
6172165,967.0
6173166,971.0
6174167,0.0
6175168,813.0
6176169,936.0
6177170,336.0
6178171,929.0
6179172,889.0
6180173,954.0
6181174,841.0
6182175,995.0
6183176,879.0
6184177,910.0
6185178,944.0
6186179,963.0
6187180,947.0
6188181,933.0
6189182,931.0
6190183,780.0
6191184,916.0
6192185,972.0
6193186,964.0
6194187,924.0
6195188,940.0
6196189,791.0
6197190,840.0
6198191,555.0
6199192,951.0
6200193,979.0
6201194,883.0
6202195,925.0
6203196,965.0
6204197,937.0
6205198,0.0
6206199,957.0
6207200,509.0
6208201,963.0
6209202,884.0
6210203,986.0
6211204,941.0
6212205,928.0
6213206,966.0
6214207,772.0
6215208,981.0
6216209,942.0
6217210,950.0
6218211,961.0
6219212,800.0
6220213,964.0
6221214,916.0
6222215,940.0
6223216,951.0
6224217,972.0
6225218,984.0
6226219,963.0
6227220,966.0
6228221,839.0
6229222,972.0
6230223,992.0
6231224,945.0
6232225,955.0
6233226,943.0
6234227,943.0
6235228,947.0
6236229,975.0
6237230,951.0
6238231,706.0
6239232,872.0
6240233,949.0
6241234,893.0
6242235,974.0
6243236,967.0
6244237,963.0
6245238,847.0
6246239,923.0
6247240,980.0
6248241,962.0
6249242,953.0
6250243,810.0
6251244,948.0
6252245,980.0
6253246,950.0
6254247,777.0
6255248,921.0
6256249,905.0
6257250,985.0
6258251,909.0
6259252,932.0
6260253,980.0
6261254,951.0
6262255,895.0
6263256,889.0
6264257,907.0
6265258,910.0
6266259,764.0
6267260,0.0
6268261,957.0
6269262,938.0
6270263,10.0
6271264,920.0
6272265,958.0
6273266,981.0
6274267,971.0
6275268,862.0
6276269,949.0
6277270,910.0
6278271,988.0
6279272,0.0
6280273,932.0
6281274,972.0
6282275,455.0
6283276,938.0
6284277,649.0
6285278,973.0
6286279,820.0
6287280,956.0
6288281,632.0
6289282,900.0
6290283,729.0
6291284,961.0
6292285,776.0
6293286,717.0
6294287,782.0
6295288,938.0
6296289,944.0
6297290,551.0
6298291,0.0
6299292,954.0
6300293,934.0
6301294,828.0
6302295,0.0
6303296,981.0
6304297,969.0
6305298,948.0
6306299,938.0
6307300,927.0
6308301,978.0
6309302,862.0
6310303,957.0
6311304,961.0
6312305,952.0
6313306,980.0
6314307,958.0
6315308,933.0
6316309,786.0
6317310,953.0
6318311,964.0
6319312,935.0
6320313,871.0
6321314,921.0
6322315,784.0
6323316,969.0
6324317,944.0
6325318,969.0
6326319,960.0
6327320,909.0
6328321,803.0
6329322,971.0
6330323,993.0
6331324,891.0
6332325,968.0
6333326,754.0
6334327,941.0
6335328,833.0
6336329,899.0
6337330,781.0
6338331,801.0
6339332,978.0
6340333,937.0
6341334,948.0
6342335,903.0
6343336,999.0
6344337,953.0
6345338,887.0
6346339,952.0
6347340,0.0
6348341,994.0
6349342,795.0
6350343,972.0
6351344,872.0
6352345,915.0
6353346,943.0
6354347,596.0
6355348,939.0
6356349,223.0
6357350,329.0
6358351,965.0
6359352,969.0
6360353,937.0
6361354,842.0
6362355,968.0
6363356,929.0
6364357,928.0
6365358,970.0
6366359,741.0
6367360,809.0
6368361,943.0
6369362,945.0
6370363,960.0
6371364,829.0
6372365,909.0
6373366,761.0
6374367,940.0
6375368,961.0
6376369,195.0
6377370,941.0
6378371,956.0
6379372,776.0
6380373,959.0
6381374,772.0
6382375,698.0
6383376,935.0
6384377,965.0
6385378,880.0
6386379,772.0
6387380,912.0
6388381,930.0
6389382,958.0
6390383,972.0
6391384,964.0
6392385,927.0
6393386,947.0
6394387,962.0
6395388,910.0
6396389,909.0
6397390,914.0
6398391,983.0
6399392,871.0
6400393,943.0
6401394,754.0
6402395,987.0
6403396,911.0
6404397,957.0
6405398,980.0
6406399,873.0
6407400,989.0
6408401,0.0
6409402,966.0
6410403,969.0
6411404,935.0
6412405,970.0
6413406,846.0
6414407,968.0
6415408,955.0
6416409,949.0
6417410,879.0
6418411,936.0
6419412,817.0
6420413,937.0
6421414,695.0
6422415,806.0
6423416,0.0
6424417,942.0
6425418,954.0
6426419,844.0
6427420,352.0
6428421,930.0
6429422,978.0
6430423,944.0
6431424,924.0
6432425,983.0
6433426,949.0
6434427,863.0
6435428,896.0
6436429,904.0
6437430,796.0
6438431,954.0
6439432,861.0
6440433,0.0
6441434,908.0
6442435,8.0
6443436,963.0
6444437,947.0
6445438,884.0
6446439,925.0
6447440,954.0
6448441,945.0
6449442,952.0
6450443,952.0
6451444,976.0
6452445,935.0
6453446,943.0
6454447,923.0
6455448,658.0
6456449,965.0
6457450,946.0
6458451,996.0
6459452,969.0
6460453,943.0
6461454,739.0
6462455,855.0
6463456,972.0
6464457,802.0
6465458,977.0
6466459,969.0
6467460,905.0
6468461,982.0
6469462,934.0
6470463,735.0
6471464,855.0
6472465,905.0
6473466,947.0
6474467,898.0
6475468,876.0
6476469,952.0
6477470,621.0
6478471,926.0
6479472,0.0
6480473,977.0
6481474,900.0
6482475,955.0
6483476,937.0
6484477,988.0
6485478,941.0
6486479,964.0
6487480,967.0
6488481,949.0
6489482,285.0
6490483,532.0
6491484,954.0
6492485,797.0
6493486,544.0
6494487,973.0
6495488,991.0
6496489,892.0
6497490,956.0
6498491,896.0
6499492,945.0
6500493,957.0
6501494,737.0
6502495,943.0
6503496,689.0
6504497,953.0
6505498,918.0
6506499,877.0
6507500,758.0
6508501,775.0
6509502,681.0
6510503,968.0
6511504,930.0
6512505,896.0
6513506,909.0
6514507,986.0
6515508,864.0
6516509,933.0
6517510,927.0
6518511,959.0
6519512,584.0
6520513,952.0
6521514,953.0
6522515,976.0
6523516,895.0
6524517,738.0
6525518,0.0
6526519,958.0
6527520,943.0
6528521,784.0
6529522,640.0
6530523,0.0
6531524,918.0
6532525,914.0
6533526,951.0
6534527,907.0
6535528,967.0
6536529,837.0
6537530,944.0
6538531,763.0
6539532,587.0
6540533,702.0
6541534,966.0
6542535,908.0
6543536,972.0
6544537,746.0
6545538,868.0
6546539,846.0
6547540,960.0
6548541,891.0
6549542,263.0
6550543,958.0
6551544,930.0
6552545,968.0
6553546,957.0
6554547,952.0
6555548,946.0
6556549,886.0
6557550,0.0
6558551,947.0
6559552,941.0
6560553,836.0
6561554,797.0
6562555,681.0
6563556,950.0
6564557,959.0
6565558,780.0
6566559,950.0
6567560,921.0
6568561,974.0
6569562,980.0
6570563,982.0
6571564,961.0
6572565,806.0
6573566,971.0
6574567,985.0
6575568,904.0
6576569,965.0
6577570,956.0
6578571,944.0
6579572,830.0
6580573,0.0
6581574,926.0
6582575,986.0
6583576,964.0
6584577,960.0
6585578,989.0
6586579,976.0
6587580,831.0
6588581,818.0
6589582,989.0
6590583,2.0
6591584,957.0
6592585,912.0
6593586,794.0
6594587,963.0
6595588,950.0
6596589,955.0
6597590,961.0
6598591,0.0
6599592,943.0
6600593,961.0
6601594,890.0
6602595,933.0
6603596,643.0
6604597,960.0
6605598,636.0
6606599,795.0
6607600,948.0
6608601,742.0
6609602,906.0
6610603,903.0
6611604,795.0
6612605,942.0
6613606,933.0
6614607,882.0
6615608,934.0
6616609,628.0
6617610,964.0
6618611,946.0
6619612,949.0
6620613,900.0
6621614,957.0
6622615,944.0
6623616,980.0
6624617,960.0
6625618,915.0
6626619,890.0
6627620,966.0
6628621,929.0
6629622,812.0
6630623,982.0
6631624,853.0
6632625,908.0
6633626,844.0
6634627,761.0
6635628,941.0
6636629,874.0
6637630,862.0
6638631,833.0
6639632,961.0
6640633,949.0
6641634,906.0
6642635,900.0
6643636,967.0
6644637,777.0
6645638,950.0
6646639,945.0
6647640,563.0
6648641,979.0
6649642,845.0
6650643,952.0
6651644,960.0
6652645,933.0
6653646,951.0
6654647,940.0
6655648,992.0
6656649,955.0
6657650,945.0
6658651,984.0
6659652,463.0
6660653,824.0
6661654,906.0
6662655,949.0
6663656,952.0
6664657,0.0
6665658,962.0
6666659,914.0
6667660,929.0
6668661,936.0
6669662,772.0
6670663,959.0
6671664,938.0
6672665,943.0
6673666,962.0
6674667,858.0
6675668,518.0
6676669,258.0
6677670,900.0
6678671,949.0
6679672,983.0
6680673,805.0
6681674,933.0
6682675,932.0
6683676,860.0
6684677,958.0
6685678,747.0
6686679,916.0
6687680,886.0
6688681,808.0
6689682,953.0
6690683,803.0
6691684,911.0
6692685,856.0
6693686,970.0
6694687,956.0
6695688,970.0
6696689,941.0
6697690,915.0
6698691,0.0
6699692,967.0
6700693,963.0
6701694,905.0
6702695,887.0
6703696,490.0
6704697,931.0
6705698,991.0
6706699,736.0
6707700,944.0
6708701,967.0
6709702,623.0
6710703,938.0
6711704,954.0
6712705,904.0
6713706,969.0
6714707,975.0
6715708,982.0
6716709,935.0
6717710,888.0
6718711,941.0
6719712,949.0
6720713,894.0
6721714,968.0
6722715,996.0
6723716,949.0
6724717,0.0
6725718,831.0
6726719,0.0
6727720,950.0
6728721,851.0
6729722,990.0
6730723,878.0
6731724,955.0
6732725,966.0
6733726,712.0
6734727,950.0
6735728,740.0
6736729,0.0
6737730,634.0
6738731,793.0
6739732,951.0
6740733,848.0
6741734,865.0
6742735,952.0
6743736,950.0
6744737,946.0
6745738,913.0
6746739,969.0
6747740,903.0
6748741,988.0
6749742,944.0
6750743,889.0
6751744,962.0
6752745,961.0
6753746,945.0
6754747,805.0
6755748,933.0
6756749,982.0
6757750,914.0
6758751,962.0
6759752,827.0
6760753,927.0
6761754,810.0
6762755,950.0
6763756,908.0
6764757,925.0
6765758,945.0
6766759,870.0
6767760,959.0
6768761,972.0
6769762,770.0
6770763,811.0
6771764,902.0
6772765,0.0
6773766,884.0
6774767,865.0
6775768,712.0
6776769,948.0
6777770,849.0
6778771,849.0
6779772,0.0
6780773,969.0
6781774,854.0
6782775,942.0
6783776,985.0
6784777,832.0
6785778,183.0
6786779,841.0
6787780,905.0
6788781,867.0
6789782,808.0
6790783,907.0
6791784,935.0
6792785,892.0
6793786,885.0
6794787,949.0
6795788,960.0
6796789,947.0
6797790,960.0
6798791,949.0
6799792,865.0
6800793,738.0
6801794,976.0
6802795,924.0
6803796,968.0
6804797,928.0
6805798,598.0
6806799,753.0
6807800,945.0
6808801,598.0
6809802,984.0
6810803,902.0
6811804,958.0
6812805,509.0
6813806,879.0
6814807,876.0
6815808,909.0
6816809,886.0
6817810,742.0
6818811,795.0
6819812,544.0
6820813,917.0
6821814,950.0
6822815,910.0
6823816,949.0
6824817,820.0
6825818,926.0
6826819,975.0
6827820,902.0
6828821,781.0
6829822,569.0
6830823,0.0
6831824,955.0
6832825,850.0
6833826,892.0
6834827,925.0
6835828,768.0
6836829,0.0
6837830,938.0
6838831,975.0
6839832,957.0
6840833,801.0
6841834,931.0
6842835,916.0
6843836,933.0
6844837,963.0
6845838,792.0
6846839,906.0
6847840,765.0
6848841,969.0
6849842,937.0
6850843,910.0
6851844,928.0
6852845,930.0
6853846,743.0
6854847,969.0
6855848,981.0
6856849,924.0
6857850,931.0
6858851,956.0
6859852,932.0
6860853,895.0
6861854,631.0
6862855,895.0
6863856,895.0
6864857,881.0
6865858,970.0
6866859,909.0
6867860,950.0
6868861,952.0
6869862,403.0
6870863,942.0
6871864,180.0
6872865,869.0
6873866,0.0
6874867,0.0
6875868,233.0
6876869,949.0
6877870,907.0
6878871,918.0
6879872,890.0
6880873,818.0
6881874,968.0
6882875,956.0
6883876,893.0
6884877,954.0
6885878,864.0
6886879,934.0
6887880,945.0
6888881,782.0
6889882,848.0
6890883,938.0
6891884,965.0
6892885,756.0
6893886,752.0
6894887,898.0
6895888,948.0
6896889,964.0
6897890,856.0
6898891,968.0
6899892,674.0
6900893,841.0
6901894,950.0
6902895,965.0
6903896,945.0
6904897,850.0
6905898,969.0
6906899,949.0
6907900,919.0
6908901,911.0
6909902,969.0
6910903,942.0
6911904,940.0
6912905,899.0
6913906,953.0
6914907,818.0
6915908,927.0
6916909,7.0
6917910,967.0
6918911,921.0
6919912,959.0
6920913,318.0
6921914,869.0
6922915,860.0
6923916,800.0
6924917,951.0
6925918,751.0
6926919,943.0
6927920,940.0
6928921,824.0
6929922,964.0
6930923,946.0
6931924,952.0
6932925,945.0
6933926,951.0
6934927,958.0
6935928,960.0
6936929,964.0
6937930,964.0
6938931,973.0
6939932,949.0
6940933,856.0
6941934,949.0
6942935,987.0
6943936,991.0
6944937,946.0
6945938,951.0
6946939,932.0
6947940,938.0
6948941,957.0
6949942,409.0
6950943,896.0
6951944,932.0
6952945,296.0
6953946,861.0
6954947,0.0
6955948,911.0
6956949,876.0
6957950,956.0
6958951,922.0
6959952,898.0
6960953,961.0
6961954,973.0
6962955,908.0
6963956,937.0
6964957,947.0
6965958,803.0
6966959,837.0
6967960,937.0
6968961,799.0
6969962,965.0
6970963,837.0
6971964,790.0
6972965,874.0
6973966,904.0
6974967,948.0
6975968,901.0
6976969,932.0
6977970,969.0
6978971,981.0
6979972,0.0
6980973,0.0
6981974,953.0
6982975,947.0
6983976,952.0
6984977,867.0
6985978,944.0
6986979,981.0
6987980,951.0
6988981,995.0
6989982,919.0
6990983,954.0
6991984,962.0
6992985,128.0
6993986,955.0
6994987,961.0
6995988,942.0
6996989,772.0
6997990,970.0
6998991,779.0
6999992,924.0
7000993,950.0
7001994,945.0
7002995,962.0
7003996,231.0
7004997,931.0
7005998,863.0
7006999,964.0
7008000,971.0
7009001,938.0
7010002,920.0
7011003,829.0
7012004,892.0
7013005,974.0
7014006,940.0
7015007,958.0
7016008,888.0
7017009,807.0
7018010,861.0
7019011,953.0
7020012,958.0
7021013,924.0
7022014,975.0
7023015,861.0
7024016,949.0
7025017,784.0
7026018,894.0
7027019,927.0
7028020,926.0
7029021,961.0
7030022,951.0
7031023,928.0
7032024,888.0
7033025,938.0
7034026,953.0
7035027,882.0
7036028,899.0
7037029,951.0
7038030,34.0
7039031,818.0
7040032,946.0
7041033,884.0
7042034,921.0
7043035,919.0
7044036,926.0
7045037,644.0
7046038,920.0
7047039,964.0
7048040,908.0
7049041,786.0
7050042,895.0
7051043,939.0
7052044,784.0
7053045,975.0
7054046,779.0
7055047,951.0
7056048,879.0
7057049,940.0
7058050,963.0
7059051,668.0
7060052,927.0
7061053,780.0
7062054,898.0
7063055,933.0
7064056,843.0
7065057,941.0
7066058,939.0
7067059,570.0
7068060,957.0
7069061,963.0
7070062,778.0
7071063,994.0
7072064,959.0
7073065,961.0
7074066,959.0
7075067,949.0
7076068,833.0
7077069,956.0
7078070,981.0
7079071,950.0
7080072,728.0
7081073,744.0
7082074,868.0
7083075,965.0
7084076,864.0
7085077,997.0
7086078,946.0
7087079,939.0
7088080,856.0
7089081,957.0
7090082,935.0
7091083,919.0
7092084,841.0
7093085,924.0
7094086,0.0
7095087,721.0
7096088,791.0
7097089,769.0
7098090,975.0
7099091,972.0
7100092,934.0
7101093,939.0
7102094,752.0
7103095,929.0
7104096,959.0
7105097,847.0
7106098,724.0
7107099,966.0
7108100,917.0
7109101,255.0
7110102,952.0
7111103,685.0
7112104,943.0
7113105,943.0
7114106,918.0
7115107,825.0
7116108,801.0
7117109,802.0
7118110,967.0
7119111,900.0
7120112,932.0
7121113,865.0
7122114,11.0
7123115,905.0
7124116,887.0
7125117,860.0
7126118,589.0
7127119,953.0
7128120,773.0
7129121,932.0
7130122,740.0
7131123,909.0
7132124,940.0
7133125,915.0
7134126,914.0
7135127,832.0
7136128,768.0
7137129,940.0
7138130,930.0
7139131,941.0
7140132,942.0
7141133,934.0
7142134,890.0
7143135,949.0
7144136,608.0
7145137,935.0
7146138,965.0
7147139,715.0
7148140,57.0
7149141,729.0
7150142,934.0
7151143,923.0
7152144,785.0
7153145,965.0
7154146,855.0
7155147,931.0
7156148,957.0
7157149,996.0
7158150,924.0
7159151,976.0
7160152,974.0
7161153,894.0
7162154,959.0
7163155,941.0
7164156,952.0
7165157,964.0
7166158,941.0
7167159,977.0
7168160,434.0
7169161,985.0
7170162,707.0
7171163,900.0
7172164,924.0
7173165,957.0
7174166,945.0
7175167,248.0
7176168,952.0
7177169,829.0
7178170,954.0
7179171,944.0
7180172,926.0
7181173,957.0
7182174,886.0
7183175,899.0
7184176,598.0
7185177,911.0
7186178,978.0
7187179,965.0
7188180,952.0
7189181,879.0
7190182,589.0
7191183,796.0
7192184,818.0
7193185,959.0
7194186,948.0
7195187,938.0
7196188,927.0
7197189,919.0
7198190,946.0
7199191,875.0
7200192,0.0
7201193,639.0
7202194,941.0
7203195,978.0
7204196,943.0
7205197,805.0
7206198,875.0
7207199,930.0
7208200,928.0
7209201,986.0
7210202,966.0
7211203,0.0
7212204,953.0
7213205,941.0
7214206,979.0
7215207,727.0
7216208,704.0
7217209,958.0
7218210,935.0
7219211,0.0
7220212,972.0
7221213,954.0
7222214,929.0
7223215,995.0
7224216,850.0
7225217,962.0
7226218,919.0
7227219,950.0
7228220,966.0
7229221,955.0
7230222,901.0
7231223,804.0
7232224,959.0
7233225,947.0
7234226,764.0
7235227,931.0
7236228,984.0
7237229,960.0
7238230,713.0
7239231,240.0
7240232,984.0
7241233,803.0
7242234,993.0
7243235,942.0
7244236,960.0
7245237,824.0
7246238,705.0
7247239,947.0
7248240,944.0
7249241,927.0
7250242,913.0
7251243,940.0
7252244,923.0
7253245,782.0
7254246,978.0
7255247,915.0
7256248,691.0
7257249,745.0
7258250,953.0
7259251,920.0
7260252,734.0
7261253,1.0
7262254,925.0
7263255,941.0
7264256,977.0
7265257,291.0
7266258,806.0
7267259,794.0
7268260,971.0
7269261,981.0
7270262,932.0
7271263,890.0
7272264,0.0
7273265,867.0
7274266,970.0
7275267,879.0
7276268,802.0
7277269,929.0
7278270,929.0
7279271,919.0
7280272,936.0
7281273,889.0
7282274,858.0
7283275,971.0
7284276,999.0
7285277,10.0
7286278,958.0
7287279,971.0
7288280,994.0
7289281,831.0
7290282,934.0
7291283,788.0
7292284,939.0
7293285,801.0
7294286,988.0
7295287,799.0
7296288,954.0
7297289,978.0
7298290,0.0
7299291,779.0
7300292,923.0
7301293,953.0
7302294,837.0
7303295,893.0
7304296,687.0
7305297,942.0
7306298,839.0
7307299,934.0
7308300,585.0
7309301,655.0
7310302,889.0
7311303,936.0
7312304,866.0
7313305,0.0
7314306,969.0
7315307,929.0
7316308,0.0
7317309,957.0
7318310,830.0
7319311,943.0
7320312,927.0
7321313,940.0
7322314,996.0
7323315,968.0
7324316,855.0
7325317,933.0
7326318,953.0
7327319,716.0
7328320,945.0
7329321,727.0
7330322,813.0
7331323,458.0
7332324,937.0
7333325,0.0
7334326,426.0
7335327,929.0
7336328,957.0
7337329,895.0
7338330,986.0
7339331,961.0
7340332,961.0
7341333,875.0
7342334,955.0
7343335,930.0
7344336,944.0
7345337,12.0
7346338,965.0
7347339,858.0
7348340,0.0
7349341,950.0
7350342,796.0
7351343,852.0
7352344,916.0
7353345,789.0
7354346,951.0
7355347,933.0
7356348,855.0
7357349,921.0
7358350,724.0
7359351,921.0
7360352,724.0
7361353,931.0
7362354,938.0
7363355,777.0
7364356,769.0
7365357,942.0
7366358,997.0
7367359,991.0
7368360,950.0
7369361,932.0
7370362,704.0
7371363,895.0
7372364,942.0
7373365,937.0
7374366,973.0
7375367,964.0
7376368,905.0
7377369,967.0
7378370,980.0
7379371,941.0
7380372,572.0
7381373,974.0
7382374,898.0
7383375,861.0
7384376,966.0
7385377,390.0
7386378,791.0
7387379,979.0
7388380,761.0
7389381,942.0
7390382,940.0
7391383,848.0
7392384,855.0
7393385,925.0
7394386,945.0
7395387,925.0
7396388,973.0
7397389,837.0
7398390,967.0
7399391,928.0
7400392,909.0
7401393,307.0
7402394,915.0
7403395,926.0
7404396,958.0
7405397,659.0
7406398,913.0
7407399,833.0
7408400,935.0
7409401,895.0
7410402,933.0
7411403,942.0
7412404,905.0
7413405,938.0
7414406,778.0
7415407,863.0
7416408,943.0
7417409,725.0
7418410,944.0
7419411,852.0
7420412,950.0
7421413,972.0
7422414,882.0
7423415,884.0
7424416,543.0
7425417,963.0
7426418,930.0
7427419,961.0
7428420,975.0
7429421,823.0
7430422,961.0
7431423,918.0
7432424,962.0
7433425,801.0
7434426,962.0
7435427,900.0
7436428,928.0
7437429,961.0
7438430,743.0
7439431,955.0
7440432,951.0
7441433,933.0
7442434,930.0
7443435,788.0
7444436,953.0
7445437,895.0
7446438,889.0
7447439,990.0
7448440,947.0
7449441,947.0
7450442,948.0
7451443,913.0
7452444,964.0
7453445,934.0
7454446,924.0
7455447,912.0
7456448,939.0
7457449,793.0
7458450,917.0
7459451,767.0
7460452,177.0
7461453,975.0
7462454,886.0
7463455,778.0
7464456,791.0
7465457,775.0
7466458,955.0
7467459,673.0
7468460,729.0
7469461,924.0
7470462,779.0
7471463,996.0
7472464,737.0
7473465,976.0
7474466,970.0
7475467,822.0
7476468,921.0
7477469,957.0
7478470,816.0
7479471,849.0
7480472,756.0
7481473,731.0
7482474,871.0
7483475,847.0
7484476,968.0
7485477,901.0
7486478,871.0
7487479,926.0
7488480,975.0
7489481,723.0
7490482,978.0
7491483,883.0
7492484,960.0
7493485,825.0
7494486,976.0
7495487,725.0
7496488,896.0
7497489,850.0
7498490,971.0
7499491,952.0
7500492,983.0
7501493,872.0
7502494,784.0
7503495,954.0
7504496,848.0
7505497,772.0
7506498,735.0
7507499,947.0
7508500,930.0
7509501,753.0
7510502,963.0
7511503,916.0
7512504,792.0
7513505,945.0
7514506,898.0
7515507,729.0
7516508,784.0
7517509,935.0
7518510,872.0
7519511,760.0
7520512,957.0
7521513,966.0
7522514,938.0
7523515,773.0
7524516,751.0
7525517,954.0
7526518,907.0
7527519,886.0
7528520,830.0
7529521,240.0
7530522,765.0
7531523,887.0
7532524,727.0
7533525,942.0
7534526,961.0
7535527,928.0
7536528,944.0
7537529,910.0
7538530,924.0
7539531,948.0
7540532,961.0
7541533,940.0
7542534,939.0
7543535,967.0
7544536,954.0
7545537,777.0
7546538,941.0
7547539,906.0
7548540,926.0
7549541,957.0
7550542,927.0
7551543,929.0
7552544,790.0
7553545,965.0
7554546,950.0
7555547,879.0
7556548,945.0
7557549,933.0
7558550,909.0
7559551,885.0
7560552,925.0
7561553,912.0
7562554,931.0
7563555,781.0
7564556,706.0
7565557,892.0
7566558,961.0
7567559,860.0
7568560,950.0
7569561,974.0
7570562,940.0
7571563,937.0
7572564,905.0
7573565,988.0
7574566,949.0
7575567,852.0
7576568,969.0
7577569,944.0
7578570,795.0
7579571,943.0
7580572,699.0
7581573,0.0
7582574,907.0
7583575,962.0
7584576,899.0
7585577,851.0
7586578,736.0
7587579,4.0
7588580,880.0
7589581,671.0
7590582,964.0
7591583,948.0
7592584,951.0
7593585,964.0
7594586,2.0
7595587,890.0
7596588,980.0
7597589,906.0
7598590,935.0
7599591,951.0
7600592,941.0
7601593,921.0
7602594,892.0
7603595,648.0
7604596,904.0
7605597,946.0
7606598,946.0
7607599,994.0
7608600,888.0
7609601,948.0
7610602,923.0
7611603,956.0
7612604,934.0
7613605,873.0
7614606,989.0
7615607,925.0
7616608,916.0
7617609,533.0
7618610,814.0
7619611,964.0
7620612,918.0
7621613,623.0
7622614,804.0
7623615,979.0
7624616,975.0
7625617,890.0
7626618,956.0
7627619,979.0
7628620,960.0
7629621,936.0
7630622,945.0
7631623,840.0
7632624,843.0
7633625,962.0
7634626,889.0
7635627,926.0
7636628,955.0
7637629,943.0
7638630,808.0
7639631,970.0
7640632,914.0
7641633,957.0
7642634,919.0
7643635,987.0
7644636,924.0
7645637,980.0
7646638,734.0
7647639,932.0
7648640,820.0
7649641,952.0
7650642,931.0
7651643,947.0
7652644,988.0
7653645,922.0
7654646,933.0
7655647,953.0
7656648,975.0
7657649,959.0
7658650,533.0
7659651,830.0
7660652,794.0
7661653,0.0
7662654,912.0
7663655,984.0
7664656,967.0
7665657,947.0
7666658,855.0
7667659,855.0
7668660,966.0
7669661,941.0
7670662,967.0
7671663,946.0
7672664,946.0
7673665,845.0
7674666,782.0
7675667,832.0
7676668,799.0
7677669,962.0
7678670,947.0
7679671,646.0
7680672,942.0
7681673,801.0
7682674,965.0
7683675,963.0
7684676,852.0
7685677,954.0
7686678,895.0
7687679,932.0
7688680,750.0
7689681,910.0
7690682,941.0
7691683,670.0
7692684,890.0
7693685,755.0
7694686,966.0
7695687,919.0
7696688,944.0
7697689,960.0
7698690,846.0
7699691,905.0
7700692,940.0
7701693,955.0
7702694,929.0
7703695,753.0
7704696,928.0
7705697,911.0
7706698,919.0
7707699,588.0
7708700,892.0
7709701,0.0
7710702,949.0
7711703,931.0
7712704,926.0
7713705,226.0
7714706,928.0
7715707,929.0
7716708,955.0
7717709,966.0
7718710,948.0
7719711,683.0
7720712,731.0
7721713,936.0
7722714,942.0
7723715,929.0
7724716,962.0
7725717,743.0
7726718,922.0
7727719,961.0
7728720,934.0
7729721,949.0
7730722,928.0
7731723,927.0
7732724,954.0
7733725,940.0
7734726,786.0
7735727,945.0
7736728,737.0
7737729,910.0
7738730,923.0
7739731,945.0
7740732,452.0
7741733,603.0
7742734,957.0
7743735,918.0
7744736,937.0
7745737,852.0
7746738,985.0
7747739,855.0
7748740,922.0
7749741,906.0
7750742,883.0
7751743,979.0
7752744,960.0
7753745,973.0
7754746,956.0
7755747,964.0
7756748,958.0
7757749,950.0
7758750,942.0
7759751,959.0
7760752,930.0
7761753,821.0
7762754,965.0
7763755,891.0
7764756,949.0
7765757,943.0
7766758,947.0
7767759,941.0
7768760,798.0
7769761,740.0
7770762,981.0
7771763,40.0
7772764,950.0
7773765,933.0
7774766,810.0
7775767,560.0
7776768,959.0
7777769,0.0
7778770,928.0
7779771,811.0
7780772,646.0
7781773,849.0
7782774,564.0
7783775,908.0
7784776,971.0
7785777,930.0
7786778,956.0
7787779,902.0
7788780,936.0
7789781,694.0
7790782,933.0
7791783,154.0
7792784,935.0
7793785,898.0
7794786,787.0
7795787,912.0
7796788,559.0
7797789,871.0
7798790,809.0
7799791,970.0
7800792,0.0
7801793,986.0
7802794,941.0
7803795,841.0
7804796,13.0
7805797,918.0
7806798,495.0
7807799,919.0
7808800,967.0
7809801,0.0
7810802,915.0
7811803,935.0
7812804,923.0
7813805,934.0
7814806,0.0
7815807,910.0
7816808,908.0
7817809,686.0
7818810,955.0
7819811,842.0
7820812,952.0
7821813,923.0
7822814,967.0
7823815,941.0
7824816,799.0
7825817,946.0
7826818,792.0
7827819,930.0
7828820,968.0
7829821,898.0
7830822,871.0
7831823,811.0
7832824,771.0
7833825,882.0
7834826,955.0
7835827,940.0
7836828,930.0
7837829,821.0
7838830,904.0
7839831,950.0
7840832,485.0
7841833,0.0
7842834,0.0
7843835,966.0
7844836,978.0
7845837,951.0
7846838,929.0
7847839,940.0
7848840,935.0
7849841,938.0
7850842,930.0
7851843,944.0
7852844,837.0
7853845,926.0
7854846,706.0
7855847,942.0
7856848,950.0
7857849,831.0
7858850,865.0
7859851,749.0
7860852,974.0
7861853,881.0
7862854,743.0
7863855,905.0
7864856,943.0
7865857,754.0
7866858,828.0
7867859,952.0
7868860,946.0
7869861,934.0
7870862,913.0
7871863,900.0
7872864,833.0
7873865,927.0
7874866,941.0
7875867,958.0
7876868,767.0
7877869,802.0
7878870,836.0
7879871,883.0
7880872,920.0
7881873,932.0
7882874,775.0
7883875,890.0
7884876,962.0
7885877,969.0
7886878,971.0
7887879,967.0
7888880,963.0
7889881,893.0
7890882,960.0
7891883,946.0
7892884,955.0
7893885,828.0
7894886,901.0
7895887,811.0
7896888,959.0
7897889,508.0
7898890,338.0
7899891,930.0
7900892,0.0
7901893,919.0
7902894,914.0
7903895,914.0
7904896,997.0
7905897,602.0
7906898,902.0
7907899,973.0
7908900,977.0
7909901,883.0
7910902,802.0
7911903,697.0
7912904,927.0
7913905,819.0
7914906,957.0
7915907,944.0
7916908,952.0
7917909,934.0
7918910,922.0
7919911,983.0
7920912,899.0
7921913,209.0
7922914,933.0
7923915,263.0
7924916,921.0
7925917,407.0
7926918,931.0
7927919,649.0
7928920,952.0
7929921,950.0
7930922,795.0
7931923,854.0
7932924,961.0
7933925,928.0
7934926,749.0
7935927,931.0
7936928,947.0
7937929,821.0
7938930,824.0
7939931,955.0
7940932,902.0
7941933,620.0
7942934,967.0
7943935,944.0
7944936,915.0
7945937,762.0
7946938,912.0
7947939,929.0
7948940,927.0
7949941,930.0
7950942,933.0
7951943,939.0
7952944,936.0
7953945,932.0
7954946,899.0
7955947,866.0
7956948,972.0
7957949,941.0
7958950,916.0
7959951,882.0
7960952,965.0
7961953,717.0
7962954,943.0
7963955,954.0
7964956,873.0
7965957,942.0
7966958,942.0
7967959,541.0
7968960,926.0
7969961,957.0
7970962,995.0
7971963,967.0
7972964,0.0
7973965,873.0
7974966,766.0
7975967,950.0
7976968,946.0
7977969,766.0
7978970,954.0
7979971,959.0
7980972,960.0
7981973,961.0
7982974,846.0
7983975,954.0
7984976,962.0
7985977,983.0
7986978,986.0
7987979,945.0
7988980,776.0
7989981,927.0
7990982,937.0
7991983,889.0
7992984,942.0
7993985,919.0
7994986,95.0
7995987,949.0
7996988,917.0
7997989,724.0
7998990,901.0
7999991,657.0
8000992,924.0
8001993,1000.0
8002994,946.0
8003995,1.0
8004996,778.0
8005997,940.0
8006998,820.0
8007999,767.0
8009000,922.0
8010001,920.0
8011002,960.0
8012003,723.0
8013004,958.0
8014005,956.0
8015006,957.0
8016007,937.0
8017008,815.0
8018009,924.0
8019010,951.0
8020011,916.0
8021012,951.0
8022013,982.0
8023014,985.0
8024015,946.0
8025016,933.0
8026017,949.0
8027018,829.0
8028019,800.0
8029020,880.0
8030021,930.0
8031022,280.0
8032023,946.0
8033024,912.0
8034025,912.0
8035026,903.0
8036027,940.0
8037028,834.0
8038029,923.0
8039030,781.0
8040031,772.0
8041032,941.0
8042033,945.0
8043034,954.0
8044035,961.0
8045036,714.0
8046037,980.0
8047038,0.0
8048039,807.0
8049040,952.0
8050041,937.0
8051042,937.0
8052043,845.0
8053044,968.0
8054045,937.0
8055046,957.0
8056047,797.0
8057048,944.0
8058049,747.0
8059050,855.0
8060051,762.0
8061052,923.0
8062053,756.0
8063054,834.0
8064055,917.0
8065056,939.0
8066057,632.0
8067058,963.0
8068059,0.0
8069060,918.0
8070061,935.0
8071062,910.0
8072063,947.0
8073064,958.0
8074065,958.0
8075066,863.0
8076067,917.0
8077068,929.0
8078069,865.0
8079070,939.0
8080071,966.0
8081072,878.0
8082073,777.0
8083074,960.0
8084075,967.0
8085076,970.0
8086077,976.0
8087078,966.0
8088079,970.0
8089080,964.0
8090081,884.0
8091082,950.0
8092083,925.0
8093084,748.0
8094085,816.0
8095086,965.0
8096087,876.0
8097088,909.0
8098089,930.0
8099090,892.0
8100091,946.0
8101092,986.0
8102093,933.0
8103094,914.0
8104095,923.0
8105096,706.0
8106097,847.0
8107098,923.0
8108099,958.0
8109100,899.0
8110101,930.0
8111102,923.0
8112103,689.0
8113104,908.0
8114105,920.0
8115106,964.0
8116107,970.0
8117108,970.0
8118109,0.0
8119110,942.0
8120111,955.0
8121112,930.0
8122113,907.0
8123114,731.0
8124115,831.0
8125116,941.0
8126117,944.0
8127118,897.0
8128119,683.0
8129120,950.0
8130121,0.0
8131122,841.0
8132123,731.0
8133124,901.0
8134125,915.0
8135126,937.0
8136127,953.0
8137128,892.0
8138129,931.0
8139130,728.0
8140131,878.0
8141132,8.0
8142133,944.0
8143134,824.0
8144135,946.0
8145136,703.0
8146137,951.0
8147138,975.0
8148139,845.0
8149140,910.0
8150141,943.0
8151142,933.0
8152143,887.0
8153144,926.0
8154145,971.0
8155146,749.0
8156147,872.0
8157148,949.0
8158149,963.0
8159150,929.0
8160151,944.0
8161152,958.0
8162153,893.0
8163154,907.0
8164155,973.0
8165156,886.0
8166157,928.0
8167158,787.0
8168159,990.0
8169160,759.0
8170161,947.0
8171162,937.0
8172163,885.0
8173164,865.0
8174165,804.0
8175166,964.0
8176167,763.0
8177168,814.0
8178169,603.0
8179170,956.0
8180171,948.0
8181172,808.0
8182173,924.0
8183174,754.0
8184175,923.0
8185176,906.0
8186177,933.0
8187178,662.0
8188179,943.0
8189180,898.0
8190181,940.0
8191182,906.0
8192183,999.0
8193184,979.0
8194185,944.0
8195186,921.0
8196187,837.0
8197188,952.0
8198189,946.0
8199190,937.0
8200191,788.0
8201192,462.0
8202193,906.0
8203194,721.0
8204195,839.0
8205196,0.0
8206197,980.0
8207198,899.0
8208199,931.0
8209200,880.0
8210201,924.0
8211202,963.0
8212203,928.0
8213204,941.0
8214205,868.0
8215206,939.0
8216207,936.0
8217208,824.0
8218209,926.0
8219210,863.0
8220211,982.0
8221212,805.0
8222213,931.0
8223214,854.0
8224215,962.0
8225216,902.0
8226217,886.0
8227218,821.0
8228219,737.0
8229220,759.0
8230221,851.0
8231222,970.0
8232223,953.0
8233224,909.0
8234225,954.0
8235226,818.0
8236227,964.0
8237228,938.0
8238229,904.0
8239230,956.0
8240231,966.0
8241232,761.0
8242233,944.0
8243234,938.0
8244235,958.0
8245236,986.0
8246237,878.0
8247238,980.0
8248239,824.0
8249240,763.0
8250241,751.0
8251242,893.0
8252243,719.0
8253244,901.0
8254245,959.0
8255246,983.0
8256247,797.0
8257248,0.0
8258249,817.0
8259250,954.0
8260251,909.0
8261252,903.0
8262253,851.0
8263254,908.0
8264255,959.0
8265256,41.0
8266257,893.0
8267258,922.0
8268259,971.0
8269260,952.0
8270261,707.0
8271262,806.0
8272263,979.0
8273264,794.0
8274265,862.0
8275266,784.0
8276267,281.0
8277268,726.0
8278269,984.0
8279270,962.0
8280271,953.0
8281272,960.0
8282273,946.0
8283274,917.0
8284275,964.0
8285276,942.0
8286277,933.0
8287278,954.0
8288279,911.0
8289280,956.0
8290281,939.0
8291282,944.0
8292283,836.0
8293284,916.0
8294285,941.0
8295286,920.0
8296287,941.0
8297288,771.0
8298289,970.0
8299290,940.0
8300291,844.0
8301292,927.0
8302293,809.0
8303294,915.0
8304295,967.0
8305296,775.0
8306297,954.0
8307298,920.0
8308299,768.0
8309300,735.0
8310301,949.0
8311302,620.0
8312303,957.0
8313304,951.0
8314305,738.0
8315306,852.0
8316307,564.0
8317308,670.0
8318309,899.0
8319310,756.0
8320311,985.0
8321312,864.0
8322313,933.0
8323314,973.0
8324315,968.0
8325316,841.0
8326317,945.0
8327318,860.0
8328319,886.0
8329320,655.0
8330321,921.0
8331322,949.0
8332323,936.0
8333324,955.0
8334325,951.0
8335326,858.0
8336327,769.0
8337328,920.0
8338329,953.0
8339330,932.0
8340331,918.0
8341332,797.0
8342333,970.0
8343334,967.0
8344335,751.0
8345336,943.0
8346337,927.0
8347338,971.0
8348339,894.0
8349340,884.0
8350341,829.0
8351342,828.0
8352343,763.0
8353344,972.0
8354345,964.0
8355346,973.0
8356347,963.0
8357348,828.0
8358349,967.0
8359350,835.0
8360351,952.0
8361352,788.0
8362353,844.0
8363354,914.0
8364355,814.0
8365356,959.0
8366357,868.0
8367358,732.0
8368359,683.0
8369360,783.0
8370361,957.0
8371362,909.0
8372363,863.0
8373364,965.0
8374365,928.0
8375366,827.0
8376367,0.0
8377368,707.0
8378369,921.0
8379370,959.0
8380371,943.0
8381372,798.0
8382373,821.0
8383374,802.0
8384375,987.0
8385376,851.0
8386377,900.0
8387378,863.0
8388379,923.0
8389380,903.0
8390381,964.0
8391382,940.0
8392383,925.0
8393384,935.0
8394385,723.0
8395386,785.0
8396387,769.0
8397388,972.0
8398389,945.0
8399390,734.0
8400391,793.0
8401392,895.0
8402393,939.0
8403394,896.0
8404395,0.0
8405396,980.0
8406397,846.0
8407398,673.0
8408399,906.0
8409400,848.0
8410401,925.0
8411402,62.0
8412403,943.0
8413404,974.0
8414405,844.0
8415406,930.0
8416407,950.0
8417408,943.0
8418409,730.0
8419410,838.0
8420411,959.0
8421412,929.0
8422413,934.0
8423414,905.0
8424415,778.0
8425416,977.0
8426417,823.0
8427418,813.0
8428419,968.0
8429420,934.0
8430421,893.0
8431422,721.0
8432423,676.0
8433424,972.0
8434425,904.0
8435426,988.0
8436427,930.0
8437428,920.0
8438429,757.0
8439430,949.0
8440431,958.0
8441432,656.0
8442433,971.0
8443434,902.0
8444435,907.0
8445436,797.0
8446437,928.0
8447438,882.0
8448439,974.0
8449440,915.0
8450441,920.0
8451442,814.0
8452443,899.0
8453444,988.0
8454445,936.0
8455446,818.0
8456447,937.0
8457448,924.0
8458449,973.0
8459450,937.0
8460451,933.0
8461452,982.0
8462453,882.0
8463454,911.0
8464455,979.0
8465456,961.0
8466457,968.0
8467458,954.0
8468459,788.0
8469460,954.0
8470461,905.0
8471462,946.0
8472463,815.0
8473464,883.0
8474465,962.0
8475466,949.0
8476467,813.0
8477468,932.0
8478469,913.0
8479470,936.0
8480471,925.0
8481472,933.0
8482473,930.0
8483474,889.0
8484475,887.0
8485476,744.0
8486477,939.0
8487478,955.0
8488479,929.0
8489480,790.0
8490481,918.0
8491482,886.0
8492483,937.0
8493484,996.0
8494485,757.0
8495486,939.0
8496487,896.0
8497488,854.0
8498489,883.0
8499490,946.0
8500491,953.0
8501492,771.0
8502493,967.0
8503494,827.0
8504495,918.0
8505496,727.0
8506497,925.0
8507498,445.0
8508499,793.0
8509500,768.0
8510501,952.0
8511502,939.0
8512503,942.0
8513504,728.0
8514505,984.0
8515506,968.0
8516507,875.0
8517508,807.0
8518509,976.0
8519510,913.0
8520511,942.0
8521512,729.0
8522513,921.0
8523514,896.0
8524515,815.0
8525516,905.0
8526517,966.0
8527518,931.0
8528519,927.0
8529520,674.0
8530521,821.0
8531522,962.0
8532523,947.0
8533524,808.0
8534525,930.0
8535526,947.0
8536527,951.0
8537528,859.0
8538529,919.0
8539530,918.0
8540531,953.0
8541532,923.0
8542533,898.0
8543534,913.0
8544535,951.0
8545536,684.0
8546537,799.0
8547538,835.0
8548539,937.0
8549540,10.0
8550541,931.0
8551542,304.0
8552543,912.0
8553544,950.0
8554545,619.0
8555546,947.0
8556547,908.0
8557548,846.0
8558549,951.0
8559550,941.0
8560551,129.0
8561552,948.0
8562553,918.0
8563554,889.0
8564555,970.0
8565556,709.0
8566557,907.0
8567558,754.0
8568559,797.0
8569560,951.0
8570561,869.0
8571562,913.0
8572563,959.0
8573564,747.0
8574565,979.0
8575566,808.0
8576567,938.0
8577568,988.0
8578569,984.0
8579570,919.0
8580571,959.0
8581572,948.0
8582573,206.0
8583574,947.0
8584575,914.0
8585576,751.0
8586577,940.0
8587578,769.0
8588579,842.0
8589580,950.0
8590581,904.0
8591582,670.0
8592583,925.0
8593584,973.0
8594585,940.0
8595586,902.0
8596587,773.0
8597588,949.0
8598589,877.0
8599590,879.0
8600591,966.0
8601592,832.0
8602593,952.0
8603594,910.0
8604595,957.0
8605596,885.0
8606597,911.0
8607598,924.0
8608599,886.0
8609600,761.0
8610601,71.0
8611602,856.0
8612603,899.0
8613604,807.0
8614605,903.0
8615606,920.0
8616607,927.0
8617608,1000.0
8618609,932.0
8619610,895.0
8620611,880.0
8621612,871.0
8622613,918.0
8623614,938.0
8624615,918.0
8625616,911.0
8626617,952.0
8627618,836.0
8628619,888.0
8629620,944.0
8630621,944.0
8631622,963.0
8632623,922.0
8633624,950.0
8634625,896.0
8635626,857.0
8636627,950.0
8637628,865.0
8638629,932.0
8639630,917.0
8640631,900.0
8641632,970.0
8642633,944.0
8643634,956.0
8644635,797.0
8645636,777.0
8646637,957.0
8647638,643.0
8648639,934.0
8649640,641.0
8650641,943.0
8651642,921.0
8652643,966.0
8653644,919.0
8654645,840.0
8655646,962.0
8656647,895.0
8657648,750.0
8658649,895.0
8659650,961.0
8660651,908.0
8661652,859.0
8662653,966.0
8663654,925.0
8664655,748.0
8665656,912.0
8666657,902.0
8667658,793.0
8668659,861.0
8669660,925.0
8670661,978.0
8671662,616.0
8672663,931.0
8673664,944.0
8674665,978.0
8675666,952.0
8676667,963.0
8677668,920.0
8678669,926.0
8679670,911.0
8680671,952.0
8681672,812.0
8682673,858.0
8683674,0.0
8684675,813.0
8685676,756.0
8686677,958.0
8687678,959.0
8688679,965.0
8689680,950.0
8690681,956.0
8691682,974.0
8692683,922.0
8693684,940.0
8694685,932.0
8695686,581.0
8696687,947.0
8697688,930.0
8698689,941.0
8699690,879.0
8700691,948.0
8701692,947.0
8702693,986.0
8703694,917.0
8704695,966.0
8705696,958.0
8706697,794.0
8707698,919.0
8708699,848.0
8709700,973.0
8710701,818.0
8711702,838.0
8712703,923.0
8713704,711.0
8714705,1000.0
8715706,988.0
8716707,965.0
8717708,959.0
8718709,772.0
8719710,959.0
8720711,895.0
8721712,957.0
8722713,766.0
8723714,939.0
8724715,933.0
8725716,822.0
8726717,734.0
8727718,952.0
8728719,908.0
8729720,0.0
8730721,966.0
8731722,625.0
8732723,935.0
8733724,965.0
8734725,986.0
8735726,913.0
8736727,922.0
8737728,978.0
8738729,968.0
8739730,946.0
8740731,932.0
8741732,939.0
8742733,974.0
8743734,961.0
8744735,884.0
8745736,757.0
8746737,813.0
8747738,707.0
8748739,819.0
8749740,908.0
8750741,935.0
8751742,981.0
8752743,781.0
8753744,914.0
8754745,965.0
8755746,959.0
8756747,927.0
8757748,757.0
8758749,734.0
8759750,829.0
8760751,777.0
8761752,964.0
8762753,866.0
8763754,966.0
8764755,987.0
8765756,977.0
8766757,943.0
8767758,946.0
8768759,957.0
8769760,963.0
8770761,954.0
8771762,962.0
8772763,944.0
8773764,951.0
8774765,991.0
8775766,945.0
8776767,840.0
8777768,959.0
8778769,945.0
8779770,961.0
8780771,874.0
8781772,972.0
8782773,857.0
8783774,954.0
8784775,780.0
8785776,922.0
8786777,820.0
8787778,765.0
8788779,812.0
8789780,991.0
8790781,783.0
8791782,934.0
8792783,870.0
8793784,974.0
8794785,953.0
8795786,938.0
8796787,835.0
8797788,952.0
8798789,954.0
8799790,929.0
8800791,797.0
8801792,959.0
8802793,952.0
8803794,961.0
8804795,946.0
8805796,966.0
8806797,511.0
8807798,947.0
8808799,900.0
8809800,739.0
8810801,987.0
8811802,973.0
8812803,971.0
8813804,945.0
8814805,948.0
8815806,773.0
8816807,848.0
8817808,943.0
8818809,820.0
8819810,803.0
8820811,951.0
8821812,923.0
8822813,919.0
8823814,917.0
8824815,893.0
8825816,916.0
8826817,961.0
8827818,940.0
8828819,942.0
8829820,961.0
8830821,937.0
8831822,944.0
8832823,646.0
8833824,606.0
8834825,959.0
8835826,823.0
8836827,984.0
8837828,570.0
8838829,971.0
8839830,900.0
8840831,940.0
8841832,939.0
8842833,899.0
8843834,870.0
8844835,986.0
8845836,855.0
8846837,950.0
8847838,836.0
8848839,945.0
8849840,928.0
8850841,590.0
8851842,959.0
8852843,942.0
8853844,396.0
8854845,962.0
8855846,800.0
8856847,918.0
8857848,967.0
8858849,642.0
8859850,960.0
8860851,956.0
8861852,943.0
8862853,954.0
8863854,805.0
8864855,904.0
8865856,749.0
8866857,956.0
8867858,940.0
8868859,723.0
8869860,942.0
8870861,980.0
8871862,930.0
8872863,841.0
8873864,826.0
8874865,817.0
8875866,890.0
8876867,915.0
8877868,981.0
8878869,922.0
8879870,919.0
8880871,961.0
8881872,894.0
8882873,807.0
8883874,850.0
8884875,881.0
8885876,971.0
8886877,810.0
8887878,954.0
8888879,923.0
8889880,924.0
8890881,932.0
8891882,0.0
8892883,953.0
8893884,962.0
8894885,933.0
8895886,946.0
8896887,939.0
8897888,892.0
8898889,795.0
8899890,733.0
8900891,946.0
8901892,910.0
8902893,948.0
8903894,950.0
8904895,962.0
8905896,946.0
8906897,904.0
8907898,937.0
8908899,952.0
8909900,916.0
8910901,987.0
8911902,952.0
8912903,929.0
8913904,1000.0
8914905,0.0
8915906,848.0
8916907,978.0
8917908,975.0
8918909,975.0
8919910,954.0
8920911,909.0
8921912,709.0
8922913,9.0
8923914,24.0
8924915,963.0
8925916,943.0
8926917,902.0
8927918,953.0
8928919,943.0
8929920,951.0
8930921,734.0
8931922,939.0
8932923,761.0
8933924,447.0
8934925,288.0
8935926,973.0
8936927,750.0
8937928,948.0
8938929,901.0
8939930,941.0
8940931,914.0
8941932,685.0
8942933,829.0
8943934,987.0
8944935,927.0
8945936,919.0
8946937,951.0
8947938,929.0
8948939,887.0
8949940,812.0
8950941,920.0
8951942,807.0
8952943,951.0
8953944,360.0
8954945,967.0
8955946,920.0
8956947,952.0
8957948,931.0
8958949,954.0
8959950,936.0
8960951,969.0
8961952,950.0
8962953,823.0
8963954,958.0
8964955,956.0
8965956,812.0
8966957,921.0
8967958,726.0
8968959,940.0
8969960,943.0
8970961,789.0
8971962,927.0
8972963,951.0
8973964,801.0
8974965,844.0
8975966,959.0
8976967,666.0
8977968,953.0
8978969,952.0
8979970,925.0
8980971,976.0
8981972,932.0
8982973,854.0
8983974,907.0
8984975,968.0
8985976,963.0
8986977,953.0
8987978,200.0
8988979,998.0
8989980,711.0
8990981,873.0
8991982,950.0
8992983,980.0
8993984,806.0
8994985,976.0
8995986,858.0
8996987,959.0
8997988,0.0
8998989,885.0
8999990,922.0
9000991,916.0
9001992,768.0
9002993,950.0
9003994,906.0
9004995,938.0
9005996,92.0
9006997,922.0
9007998,901.0
9008999,917.0
9010000,746.0
9011001,858.0
9012002,250.0
9013003,885.0
9014004,810.0
9015005,950.0
9016006,0.0
9017007,951.0
9018008,941.0
9019009,943.0
9020010,796.0
9021011,893.0
9022012,885.0
9023013,946.0
9024014,925.0
9025015,946.0
9026016,905.0
9027017,797.0
9028018,908.0
9029019,955.0
9030020,675.0
9031021,905.0
9032022,0.0
9033023,988.0
9034024,992.0
9035025,946.0
9036026,929.0
9037027,787.0
9038028,955.0
9039029,875.0
9040030,949.0
9041031,913.0
9042032,31.0
9043033,937.0
9044034,905.0
9045035,960.0
9046036,791.0
9047037,912.0
9048038,957.0
9049039,763.0
9050040,953.0
9051041,766.0
9052042,924.0
9053043,771.0
9054044,966.0
9055045,967.0
9056046,900.0
9057047,758.0
9058048,824.0
9059049,912.0
9060050,910.0
9061051,908.0
9062052,988.0
9063053,830.0
9064054,742.0
9065055,811.0
9066056,769.0
9067057,972.0
9068058,949.0
9069059,916.0
9070060,867.0
9071061,622.0
9072062,943.0
9073063,898.0
9074064,908.0
9075065,909.0
9076066,778.0
9077067,728.0
9078068,0.0
9079069,966.0
9080070,925.0
9081071,957.0
9082072,880.0
9083073,947.0
9084074,969.0
9085075,964.0
9086076,829.0
9087077,790.0
9088078,940.0
9089079,281.0
9090080,944.0
9091081,943.0
9092082,898.0
9093083,918.0
9094084,937.0
9095085,766.0
9096086,46.0
9097087,912.0
9098088,945.0
9099089,972.0
9100090,953.0
9101091,962.0
9102092,869.0
9103093,896.0
9104094,960.0
9105095,884.0
9106096,926.0
9107097,889.0
9108098,980.0
9109099,934.0
9110100,942.0
9111101,924.0
9112102,921.0
9113103,954.0
9114104,940.0
9115105,720.0
9116106,955.0
9117107,733.0
9118108,968.0
9119109,967.0
9120110,944.0
9121111,924.0
9122112,827.0
9123113,949.0
9124114,941.0
9125115,934.0
9126116,972.0
9127117,940.0
9128118,964.0
9129119,887.0
9130120,635.0
9131121,924.0
9132122,900.0
9133123,847.0
9134124,818.0
9135125,967.0
9136126,759.0
9137127,971.0
9138128,773.0
9139129,928.0
9140130,967.0
9141131,764.0
9142132,927.0
9143133,967.0
9144134,971.0
9145135,0.0
9146136,945.0
9147137,882.0
9148138,955.0
9149139,961.0
9150140,629.0
9151141,945.0
9152142,959.0
9153143,200.0
9154144,983.0
9155145,936.0
9156146,437.0
9157147,953.0
9158148,873.0
9159149,923.0
9160150,976.0
9161151,837.0
9162152,971.0
9163153,945.0
9164154,904.0
9165155,402.0
9166156,862.0
9167157,969.0
9168158,898.0
9169159,730.0
9170160,959.0
9171161,941.0
9172162,928.0
9173163,927.0
9174164,853.0
9175165,862.0
9176166,703.0
9177167,946.0
9178168,918.0
9179169,746.0
9180170,866.0
9181171,815.0
9182172,935.0
9183173,932.0
9184174,732.0
9185175,972.0
9186176,928.0
9187177,969.0
9188178,926.0
9189179,877.0
9190180,945.0
9191181,880.0
9192182,953.0
9193183,936.0
9194184,903.0
9195185,950.0
9196186,942.0
9197187,245.0
9198188,926.0
9199189,935.0
9200190,398.0
9201191,942.0
9202192,784.0
9203193,876.0
9204194,874.0
9205195,898.0
9206196,926.0
9207197,846.0
9208198,945.0
9209199,922.0
9210200,928.0
9211201,982.0
9212202,938.0
9213203,39.0
9214204,842.0
9215205,945.0
9216206,973.0
9217207,965.0
9218208,925.0
9219209,940.0
9220210,929.0
9221211,945.0
9222212,933.0
9223213,957.0
9224214,912.0
9225215,869.0
9226216,897.0
9227217,957.0
9228218,946.0
9229219,930.0
9230220,957.0
9231221,770.0
9232222,924.0
9233223,964.0
9234224,963.0
9235225,969.0
9236226,762.0
9237227,927.0
9238228,955.0
9239229,970.0
9240230,849.0
9241231,944.0
9242232,832.0
9243233,958.0
9244234,975.0
9245235,808.0
9246236,801.0
9247237,922.0
9248238,983.0
9249239,830.0
9250240,876.0
9251241,944.0
9252242,957.0
9253243,975.0
9254244,759.0
9255245,688.0
9256246,969.0
9257247,915.0
9258248,936.0
9259249,794.0
9260250,833.0
9261251,692.0
9262252,969.0
9263253,915.0
9264254,976.0
9265255,904.0
9266256,977.0
9267257,959.0
9268258,906.0
9269259,888.0
9270260,894.0
9271261,932.0
9272262,315.0
9273263,949.0
9274264,591.0
9275265,746.0
9276266,954.0
9277267,2.0
9278268,849.0
9279269,897.0
9280270,521.0
9281271,956.0
9282272,976.0
9283273,720.0
9284274,968.0
9285275,939.0
9286276,961.0
9287277,395.0
9288278,948.0
9289279,981.0
9290280,808.0
9291281,179.0
9292282,969.0
9293283,846.0
9294284,945.0
9295285,950.0
9296286,844.0
9297287,928.0
9298288,766.0
9299289,951.0
9300290,941.0
9301291,0.0
9302292,0.0
9303293,931.0
9304294,957.0
9305295,913.0
9306296,929.0
9307297,926.0
9308298,936.0
9309299,963.0
9310300,943.0
9311301,966.0
9312302,948.0
9313303,711.0
9314304,955.0
9315305,934.0
9316306,940.0
9317307,929.0
9318308,936.0
9319309,893.0
9320310,8.0
9321311,798.0
9322312,907.0
9323313,942.0
9324314,935.0
9325315,928.0
9326316,925.0
9327317,947.0
9328318,952.0
9329319,981.0
9330320,934.0
9331321,974.0
9332322,297.0
9333323,827.0
9334324,929.0
9335325,803.0
9336326,924.0
9337327,903.0
9338328,861.0
9339329,872.0
9340330,885.0
9341331,982.0
9342332,862.0
9343333,807.0
9344334,946.0
9345335,932.0
9346336,962.0
9347337,945.0
9348338,903.0
9349339,827.0
9350340,916.0
9351341,828.0
9352342,894.0
9353343,927.0
9354344,990.0
9355345,736.0
9356346,934.0
9357347,886.0
9358348,831.0
9359349,913.0
9360350,965.0
9361351,961.0
9362352,876.0
9363353,871.0
9364354,945.0
9365355,927.0
9366356,766.0
9367357,594.0
9368358,927.0
9369359,962.0
9370360,968.0
9371361,709.0
9372362,813.0
9373363,920.0
9374364,938.0
9375365,825.0
9376366,970.0
9377367,807.0
9378368,970.0
9379369,963.0
9380370,951.0
9381371,912.0
9382372,910.0
9383373,950.0
9384374,953.0
9385375,546.0
9386376,894.0
9387377,953.0
9388378,957.0
9389379,962.0
9390380,967.0
9391381,832.0
9392382,807.0
9393383,960.0
9394384,961.0
9395385,817.0
9396386,976.0
9397387,862.0
9398388,904.0
9399389,918.0
9400390,843.0
9401391,956.0
9402392,864.0
9403393,939.0
9404394,966.0
9405395,0.0
9406396,467.0
9407397,956.0
9408398,947.0
9409399,917.0
9410400,629.0
9411401,846.0
9412402,965.0
9413403,971.0
9414404,727.0
9415405,898.0
9416406,947.0
9417407,958.0
9418408,930.0
9419409,957.0
9420410,940.0
9421411,763.0
9422412,303.0
9423413,943.0
9424414,845.0
9425415,934.0
9426416,945.0
9427417,957.0
9428418,947.0
9429419,927.0
9430420,982.0
9431421,941.0
9432422,764.0
9433423,834.0
9434424,993.0
9435425,913.0
9436426,751.0
9437427,938.0
9438428,802.0
9439429,960.0
9440430,929.0
9441431,909.0
9442432,950.0
9443433,414.0
9444434,966.0
9445435,805.0
9446436,943.0
9447437,952.0
9448438,943.0
9449439,646.0
9450440,873.0
9451441,940.0
9452442,702.0
9453443,855.0
9454444,935.0
9455445,949.0
9456446,920.0
9457447,965.0
9458448,817.0
9459449,886.0
9460450,909.0
9461451,934.0
9462452,806.0
9463453,914.0
9464454,954.0
9465455,730.0
9466456,906.0
9467457,957.0
9468458,942.0
9469459,939.0
9470460,948.0
9471461,712.0
9472462,938.0
9473463,768.0
9474464,939.0
9475465,910.0
9476466,763.0
9477467,553.0
9478468,253.0
9479469,950.0
9480470,909.0
9481471,785.0
9482472,946.0
9483473,788.0
9484474,849.0
9485475,962.0
9486476,977.0
9487477,987.0
9488478,881.0
9489479,947.0
9490480,984.0
9491481,853.0
9492482,974.0
9493483,988.0
9494484,989.0
9495485,968.0
9496486,958.0
9497487,925.0
9498488,928.0
9499489,833.0
9500490,932.0
9501491,864.0
9502492,928.0
9503493,974.0
9504494,469.0
9505495,673.0
9506496,962.0
9507497,927.0
9508498,975.0
9509499,961.0
9510500,919.0
9511501,938.0
9512502,940.0
9513503,939.0
9514504,955.0
9515505,949.0
9516506,942.0
9517507,904.0
9518508,824.0
9519509,775.0
9520510,910.0
9521511,861.0
9522512,929.0
9523513,775.0
9524514,953.0
9525515,380.0
9526516,886.0
9527517,946.0
9528518,949.0
9529519,824.0
9530520,915.0
9531521,947.0
9532522,953.0
9533523,989.0
9534524,947.0
9535525,949.0
9536526,914.0
9537527,818.0
9538528,861.0
9539529,909.0
9540530,812.0
9541531,0.0
9542532,966.0
9543533,938.0
9544534,964.0
9545535,936.0
9546536,613.0
9547537,825.0
9548538,902.0
9549539,958.0
9550540,877.0
9551541,901.0
9552542,893.0
9553543,843.0
9554544,557.0
9555545,771.0
9556546,929.0
9557547,925.0
9558548,939.0
9559549,928.0
9560550,950.0
9561551,959.0
9562552,923.0
9563553,952.0
9564554,912.0
9565555,291.0
9566556,942.0
9567557,983.0
9568558,901.0
9569559,940.0
9570560,945.0
9571561,864.0
9572562,957.0
9573563,706.0
9574564,934.0
9575565,750.0
9576566,939.0
9577567,975.0
9578568,907.0
9579569,977.0
9580570,938.0
9581571,946.0
9582572,921.0
9583573,440.0
9584574,948.0
9585575,962.0
9586576,882.0
9587577,769.0
9588578,944.0
9589579,764.0
9590580,977.0
9591581,886.0
9592582,978.0
9593583,939.0
9594584,972.0
9595585,940.0
9596586,650.0
9597587,761.0
9598588,953.0
9599589,903.0
9600590,953.0
9601591,936.0
9602592,985.0
9603593,902.0
9604594,629.0
9605595,887.0
9606596,649.0
9607597,470.0
9608598,929.0
9609599,904.0
9610600,976.0
9611601,6.0
9612602,936.0
9613603,953.0
9614604,787.0
9615605,550.0
9616606,0.0
9617607,955.0
9618608,926.0
9619609,925.0
9620610,928.0
9621611,953.0
9622612,820.0
9623613,958.0
9624614,966.0
9625615,963.0
9626616,914.0
9627617,743.0
9628618,854.0
9629619,937.0
9630620,976.0
9631621,990.0
9632622,585.0
9633623,979.0
9634624,899.0
9635625,951.0
9636626,961.0
9637627,905.0
9638628,955.0
9639629,890.0
9640630,947.0
9641631,944.0
9642632,885.0
9643633,802.0
9644634,672.0
9645635,963.0
9646636,945.0
9647637,789.0
9648638,865.0
9649639,959.0
9650640,949.0
9651641,928.0
9652642,944.0
9653643,946.0
9654644,935.0
9655645,846.0
9656646,880.0
9657647,929.0
9658648,967.0
9659649,929.0
9660650,962.0
9661651,931.0
9662652,972.0
9663653,977.0
9664654,876.0
9665655,965.0
9666656,944.0
9667657,137.0
9668658,925.0
9669659,921.0
9670660,946.0
9671661,939.0
9672662,965.0
9673663,954.0
9674664,937.0
9675665,963.0
9676666,945.0
9677667,930.0
9678668,975.0
9679669,944.0
9680670,854.0
9681671,958.0
9682672,998.0
9683673,978.0
9684674,942.0
9685675,949.0
9686676,680.0
9687677,924.0
9688678,368.0
9689679,909.0
9690680,774.0
9691681,973.0
9692682,880.0
9693683,958.0
9694684,816.0
9695685,947.0
9696686,825.0
9697687,823.0
9698688,941.0
9699689,951.0
9700690,932.0
9701691,277.0
9702692,947.0
9703693,946.0
9704694,946.0
9705695,941.0
9706696,941.0
9707697,958.0
9708698,892.0
9709699,952.0
9710700,907.0
9711701,971.0
9712702,891.0
9713703,891.0
9714704,966.0
9715705,944.0
9716706,819.0
9717707,979.0
9718708,965.0
9719709,877.0
9720710,872.0
9721711,950.0
9722712,0.0
9723713,931.0
9724714,909.0
9725715,957.0
9726716,864.0
9727717,959.0
9728718,964.0
9729719,917.0
9730720,887.0
9731721,940.0
9732722,894.0
9733723,854.0
9734724,922.0
9735725,967.0
9736726,694.0
9737727,972.0
9738728,889.0
9739729,745.0
9740730,929.0
9741731,954.0
9742732,874.0
9743733,934.0
9744734,885.0
9745735,842.0
9746736,719.0
9747737,919.0
9748738,935.0
9749739,943.0
9750740,944.0
9751741,791.0
9752742,955.0
9753743,927.0
9754744,955.0
9755745,964.0
9756746,918.0
9757747,927.0
9758748,905.0
9759749,948.0
9760750,844.0
9761751,801.0
9762752,947.0
9763753,916.0
9764754,827.0
9765755,926.0
9766756,887.0
9767757,804.0
9768758,0.0
9769759,848.0
9770760,956.0
9771761,939.0
9772762,911.0
9773763,930.0
9774764,961.0
9775765,923.0
9776766,973.0
9777767,845.0
9778768,907.0
9779769,767.0
9780770,939.0
9781771,517.0
9782772,680.0
9783773,952.0
9784774,660.0
9785775,787.0
9786776,945.0
9787777,859.0
9788778,786.0
9789779,722.0
9790780,856.0
9791781,901.0
9792782,873.0
9793783,841.0
9794784,930.0
9795785,903.0
9796786,941.0
9797787,930.0
9798788,945.0
9799789,957.0
9800790,977.0
9801791,970.0
9802792,676.0
9803793,891.0
9804794,935.0
9805795,964.0
9806796,790.0
9807797,896.0
9808798,955.0
9809799,836.0
9810800,878.0
9811801,897.0
9812802,8.0
9813803,931.0
9814804,927.0
9815805,967.0
9816806,692.0
9817807,925.0
9818808,908.0
9819809,942.0
9820810,881.0
9821811,919.0
9822812,897.0
9823813,962.0
9824814,969.0
9825815,820.0
9826816,943.0
9827817,929.0
9828818,968.0
9829819,968.0
9830820,923.0
9831821,793.0
9832822,950.0
9833823,961.0
9834824,959.0
9835825,0.0
9836826,931.0
9837827,922.0
9838828,767.0
9839829,806.0
9840830,862.0
9841831,793.0
9842832,962.0
9843833,934.0
9844834,941.0
9845835,911.0
9846836,943.0
9847837,927.0
9848838,949.0
9849839,899.0
9850840,966.0
9851841,710.0
9852842,934.0
9853843,820.0
9854844,910.0
9855845,814.0
9856846,992.0
9857847,955.0
9858848,731.0
9859849,950.0
9860850,857.0
9861851,943.0
9862852,860.0
9863853,976.0
9864854,953.0
9865855,915.0
9866856,919.0
9867857,966.0
9868858,920.0
9869859,962.0
9870860,909.0
9871861,969.0
9872862,831.0
9873863,887.0
9874864,940.0
9875865,856.0
9876866,943.0
9877867,951.0
9878868,949.0
9879869,947.0
9880870,977.0
9881871,928.0
9882872,742.0
9883873,916.0
9884874,753.0
9885875,730.0
9886876,822.0
9887877,934.0
9888878,977.0
9889879,967.0
9890880,807.0
9891881,950.0
9892882,953.0
9893883,947.0
9894884,897.0
9895885,907.0
9896886,799.0
9897887,957.0
9898888,713.0
9899889,0.0
9900890,951.0
9901891,889.0
9902892,970.0
9903893,771.0
9904894,872.0
9905895,121.0
9906896,872.0
9907897,945.0
9908898,925.0
9909899,298.0
9910900,958.0
9911901,943.0
9912902,649.0
9913903,902.0
9914904,966.0
9915905,834.0
9916906,947.0
9917907,980.0
9918908,910.0
9919909,835.0
9920910,897.0
9921911,633.0
9922912,850.0
9923913,883.0
9924914,966.0
9925915,964.0
9926916,922.0
9927917,970.0
9928918,840.0
9929919,972.0
9930920,946.0
9931921,949.0
9932922,978.0
9933923,946.0
9934924,936.0
9935925,549.0
9936926,861.0
9937927,0.0
9938928,880.0
9939929,865.0
9940930,928.0
9941931,923.0
9942932,969.0
9943933,976.0
9944934,978.0
9945935,758.0
9946936,855.0
9947937,955.0
9948938,901.0
9949939,612.0
9950940,926.0
9951941,985.0
9952942,861.0
9953943,921.0
9954944,933.0
9955945,946.0
9956946,874.0
9957947,781.0
9958948,956.0
9959949,950.0
9960950,865.0
9961951,879.0
9962952,906.0
9963953,762.0
9964954,866.0
9965955,758.0
9966956,930.0
9967957,936.0
9968958,945.0
9969959,870.0
9970960,844.0
9971961,792.0
9972962,753.0
9973963,942.0
9974964,981.0
9975965,941.0
9976966,936.0
9977967,885.0
9978968,961.0
9979969,819.0
9980970,918.0
9981971,888.0
9982972,755.0
9983973,947.0
9984974,78.0
9985975,769.0
9986976,761.0
9987977,656.0
9988978,917.0
9989979,889.0
9990980,997.0
9991981,929.0
9992982,810.0
9993983,964.0
