timestep,episodic_return
1000,7.269444410603873
2001,5.495368558881239
3002,5.325568949720402
4003,6.684912640943396
5004,5.822671307414823
6005,4.2552697952709915
7006,5.591685538229232
8007,5.477646195965895
9008,4.242089234918804
10009,5.339395059529122
11010,3.8070621467433714
12011,3.2302269486138355
13012,5.976666037841606
14013,6.467869142113744
15014,7.3680887886134245
16015,10.068221132387555
17016,6.890624642809403
18017,12.537699351051971
19018,13.98749956451088
20019,14.631930888648755
21020,12.336503009566814
22021,7.491398698776435
23022,9.153847845093596
24023,7.537842035272638
25024,9.610331419942984
26025,22.66250744146725
27026,17.132823167849974
28027,21.376002024204507
29028,19.392225070059627
30029,17.019055988759074
31030,21.626055612282297
32031,14.67945552934297
33032,21.068341633777404
34033,28.805615842098895
35034,28.972043704393947
36035,22.038035483470164
37036,23.63673006873936
38037,32.821541068379524
39038,27.789455181729714
40039,31.959735577669896
41040,32.329392103328445
42041,37.655326635376206
43042,48.410570305529305
44043,42.8940187994293
45044,43.851160705864324
46045,43.67301830625605
47046,35.17129039803954
48047,35.75156746183212
49048,45.46282307575604
50049,63.868471528688595
51050,63.72076103629156
52051,64.02217016230605
53052,51.34129280115267
54053,54.21748453859795
55054,53.89823839967292
56055,51.42891925728184
57056,63.508447164506485
58057,72.86685831436913
59058,74.78703969500182
60059,80.7202517002538
61060,82.84990653753441
62061,78.89149553794856
63062,85.63496222312432
64063,84.43595007200412
65064,75.04689609053501
66065,95.46008390022175
67066,88.14014481827274
68067,94.82388065878489
69068,91.32252904582582
70069,103.20791272194367
71070,62.41466513086973
72071,87.99349155226487
73072,66.71420158687026
74073,110.86861427330216
75074,111.30188466286943
76075,110.78186019943502
77076,104.81290574534782
78077,105.80113226909656
79078,91.7015474408808
80079,95.37438879917676
81080,102.3740336773021
82081,96.65165266418987
83082,107.49943635252006
84083,39.14794184209296
85084,33.91591981054063
86085,113.75926796072085
87086,89.51841468794052
88087,101.99621360520918
89088,95.7657502751036
90089,99.32153977559123
91090,45.71298037228454
92091,91.45347601802554
93092,122.96785946208736
94093,97.53748828885631
95094,88.93894742759713
96095,117.13419398264348
97096,134.29799827583486
98097,81.18438292500788
99098,128.99815212862796
100099,67.47718456365978
101100,133.20212605728335
102101,114.29570970917936
103102,131.11787907653928
104103,87.38651943459946
105104,116.33198698273245
106105,105.10290848555886
107106,103.21613239822318
108107,69.86817657516269
109108,33.12810096613051
110109,48.84350684528872
111110,169.75017092974142
112111,56.45901040160598
113112,69.3295517092988
114113,117.94646343556897
115114,73.13430380953056
116115,53.17443692944629
117116,86.73836236516408
118117,154.24643961942823
119118,28.96887842577344
120119,150.28017729910565
121120,127.30359709204627
122121,91.65337877279958
123122,90.123461435675
124123,164.87709223690362
125124,151.589075044854
126125,152.99457954113612
127126,139.8560564181714
128127,155.49129923607236
129128,49.45165251448867
130129,78.60186944449534
131130,40.84295556459652
132131,186.84872924825174
133132,138.81481888872273
134133,58.01868693425003
135134,160.10881179409645
136135,135.62343696085557
137136,118.10708374156593
138137,166.7554654760606
139138,142.13518912453733
140139,61.58909078043396
141140,169.77834762555045
142141,59.19446961725614
143142,94.79226266429967
144143,167.79768351830435
145144,185.77507778058725
146145,128.8918117580267
147146,154.24202824383076
148147,58.30773891853237
149148,122.52100355875685
150149,165.10562891353467
151150,173.58765719497245
152151,34.08921494347257
153152,105.04061649675594
154153,50.36017980768643
155154,59.99891953347205
156155,36.32255735698146
157156,120.65641780345928
158157,68.88985987381734
159158,159.48214291933553
160159,162.74061829622713
161160,153.9102935924353
162161,165.1805931378235
163162,162.57600656460673
164163,186.45129133487822
165164,160.28923183111516
166165,183.3799712513315
167166,142.81756906220053
168167,173.77558334818744
169168,146.29459491887272
170169,120.36162560455615
171170,63.58278676082303
172171,213.0854122500761
173172,79.27754804369587
174173,70.9938224732291
175174,91.4817312230928
176175,165.4173806426847
177176,179.8688384486419
178177,204.09625008094724
179178,167.27794330122967
180179,75.66463007699059
181180,217.8074054829806
182181,198.68892049037652
183182,85.70142112470752
184183,217.2665076986778
185184,122.55019262678543
186185,215.64678850450787
187186,155.65792270340188
188187,219.58266869570645
189188,121.2154698529652
190189,165.65174242097876
191190,79.27908737433523
192191,202.16199408347956
193192,154.76161122876252
194193,196.5939204385462
195194,172.79181047882108
196195,56.140719816600104
197196,116.79413091674321
198197,72.37450733947148
199198,201.35489359225048
200199,211.06616381674337
201200,56.96136527885139
202201,208.2675908653897
203202,154.14769499550155
204203,34.429697570277945
205204,167.50565520020783
206205,115.18744600714355
207206,187.4087237587327
208207,115.09649215631977
209208,98.4084176218024
210209,222.41208987525494
211210,260.99470090209985
212211,244.73322519126035
213212,96.14455078290214
214213,197.77276191916778
215214,59.23019653728113
216215,32.35983549055779
217216,198.5054413175258
218217,224.79064913345408
219218,218.13979674537046
220219,66.72757167834651
221220,206.01488580524662
222221,56.95625408608801
223222,83.62609329232814
224223,180.42622461235476
225224,175.9339146712064
226225,242.155013386722
227226,66.98673327780378
228227,142.6910252400877
229228,196.05280923184867
230229,107.59027719825446
231230,147.94337813545113
232231,64.06459313420855
233232,195.60280811587606
234233,62.767675939062606
235234,211.0552356590714
236235,237.5962710190583
237236,37.23149670319872
238237,237.2933658714376
239238,186.20561828430647
240239,99.84514706062681
241240,261.5954718869009
242241,107.60588507901394
243242,190.60707893802535
244243,152.18823764478833
245244,217.49705679073617
246245,253.70595017875496
247246,102.10690957899244
248247,272.92724291623585
249248,272.47997601830906
250249,136.00082597296498
251250,143.63754856519597
252251,256.5434713901612
253252,179.61859254243265
254253,290.3756729127733
255254,263.5334009345212
256255,243.2619388944148
257256,139.3006409288227
258257,82.29500200502103
259258,251.8868695537648
260259,289.67852752356737
261260,259.44968303561774
262261,153.07471846857788
263262,258.1510884550674
264263,243.3871002526943
265264,82.16761412027907
266265,282.83490140764565
267266,114.67658993294866
268267,248.97810972000562
269268,266.35664830118634
270269,262.42979400769786
271270,273.1517920591785
272271,244.344481387554
273272,301.18663885943545
274273,122.67561225562966
275274,246.62820780096226
276275,206.37540243606927
277276,314.8101117051168
278277,212.83160486144132
279278,90.20876531124026
280279,248.9082011557856
281280,198.68434213937977
282281,305.4790454836888
283282,243.13682007442299
284283,290.96731494046765
285284,314.5644397754531
286285,105.04387437300727
287286,289.9854611121978
288287,151.1910043355399
289288,285.29248304383367
290289,283.7426302856976
291290,262.9687567314195
292291,292.91250670262775
293292,268.4698165988136
294293,282.67724661048123
295294,188.48318659889244
296295,275.2754605375559
297296,148.55070833224968
298297,287.2748039883656
299298,290.33163745125404
300299,83.6039734559115
301300,332.6997393057348
302301,108.85705203526113
303302,230.89797619216696
304303,238.51169258499476
305304,316.5030987105724
306305,281.90682957309997
307306,305.9499085223005
308307,216.56494833393134
309308,30.60696734068705
310309,67.85022970215125
311310,260.83775044853354
312311,331.4162142507352
313312,284.5726115469826
314313,225.9376426836074
315314,203.75869027110997
316315,330.43868815785777
317316,77.83166237107001
318317,293.9495581455416
319318,273.93330139888457
320319,336.4634042169466
321320,196.1199750520557
322321,344.0746583168758
323322,286.0434761477482
324323,317.9000133255217
325324,46.95617097981927
326325,130.03634230860533
327326,117.3620143276243
328327,282.553191651195
329328,290.0959689301059
330329,283.47480101865426
331330,245.88992408622687
332331,310.20657187357284
333332,33.621479656985315
334333,273.301795540698
335334,129.3212233795983
336335,64.09078660207459
337336,328.7673136648666
338337,282.83127100451355
339338,235.25736233578232
340339,110.90105821083395
341340,288.858383940131
342341,325.75002363043325
343342,185.7188880535712
344343,320.6618486216677
345344,161.49743549748118
346345,244.48174267403326
347346,154.4168326854689
348347,76.74263641742884
349348,296.55666360990404
350349,242.27623838641753
351350,112.52664784477244
352351,298.6756974571402
353352,59.25175127063461
354353,329.2931116320052
355354,54.576002270405404
356355,300.513829227866
357356,61.91040681401127
358357,347.05740787402056
359358,316.85138086999933
360359,33.34027952002476
361360,295.11654712011733
362361,291.9254598957619
363362,351.0011346467295
364363,93.79160647513005
365364,308.0951863803925
366365,316.9520797016144
367366,298.36793360850453
368367,288.5787599668681
369368,331.3874185899166
370369,325.1039857730599
371370,165.94202365328698
372371,96.66166086347624
373372,340.00272969173375
374373,289.8765002171352
375374,329.6178519333145
376375,275.4803154974557
377376,315.596964741984
378377,355.68009676234533
379378,149.7461331127177
380379,347.26614754172056
381380,332.5303032908778
382381,204.42935840915672
383382,345.4200694100535
384383,290.0211859332084
385384,356.12281261128476
386385,321.49794976388574
387386,346.62072384973953
388387,341.7520674497209
389388,203.73659561181964
390389,328.6212064362553
391390,194.6083296708094
392391,223.0466279160613
393392,372.00901595188384
394393,266.995572305794
395394,265.90293140703704
396395,29.012436849024
397396,280.05781305764157
398397,365.61958362111915
399398,304.1449071526653
400399,384.24152824128686
401400,336.7489513491475
402401,367.03734480373856
403402,251.0568515200027
404403,362.04113614520213
405404,261.06521576049334
406405,66.71839709487095
407406,65.29885406090287
408407,371.0358316403065
409408,263.2515139356103
410409,352.3233076896051
411410,352.6030139770749
412411,346.7389380444681
413412,264.6388584133061
414413,360.5980551778749
415414,332.3241445496613
416415,367.596349988238
417416,143.5281863944686
418417,121.66135705681756
419418,376.5018961539035
420419,125.9099692298503
421420,150.85624726944044
422421,359.2341266146327
423422,354.1498061688342
424423,344.88615945625764
425424,162.23323673302963
426425,173.41392963708842
427426,365.5777544169156
428427,360.61199335790064
429428,366.1908548661998
430429,266.488627822772
431430,134.84765450686564
432431,204.75814151540808
433432,362.6212072130663
434433,351.1853204290523
435434,360.3669945407067
436435,187.96958201014218
437436,238.1196986480467
438437,227.40887688354084
439438,363.96271591197495
440439,379.6998754690838
441440,380.76322060696907
442441,389.2803954900691
443442,290.1228607066347
444443,369.3489757345881
445444,169.85552253723978
446445,35.10936698641846
447446,349.67659417192306
448447,378.51631348999143
449448,389.9859440418411
450449,203.53139445756608
451450,275.7472547407588
452451,177.4861853784712
453452,302.0311971693354
454453,236.6363120618423
455454,331.8826371404405
456455,359.59840105031134
457456,368.8319033635346
458457,255.8750078965512
459458,244.11698348820798
460459,192.41077687415756
461460,49.568333440074895
462461,131.8561076204851
463462,367.69925807042483
464463,76.55103126805979
465464,393.39459766894845
466465,373.51868229571716
467466,359.94513020734104
468467,389.89147633392935
469468,424.7408577054332
470469,37.605392135561
471470,376.11765180578186
472471,95.2419690681682
473472,157.48487652318983
474473,363.9732190512121
475474,183.76236445871717
476475,293.5492756821817
477476,359.42556474180685
478477,377.5889987420154
479478,388.7372406121456
480479,286.3109825250554
481480,348.5126900036404
482481,250.90009995185397
483482,244.7212555609867
484483,249.95285993089735
485484,291.267805094128
486485,305.3019475952612
487486,392.34151182195427
488487,403.3181985599067
489488,328.8154969889561
490489,394.24777990117417
491490,203.65257444790657
492491,363.9742988293582
493492,391.3075777300753
494493,380.8380995491625
495494,353.40405447396785
496495,399.18195097765914
497496,252.19319307686231
498497,283.9505664361406
499498,402.3924323225221
500499,394.26772140364
501500,400.5960697740219
502501,379.56670013500684
503502,381.9070043474061
504503,392.40449967918926
505504,199.2294518229241
506505,357.6236980158742
507506,382.4545224763582
508507,420.76907739465776
509508,92.41096585312016
510509,381.4732007023559
511510,367.3143598740666
512511,380.91892316922
513512,389.6527034028691
514513,392.6245327044101
515514,291.56193946675234
516515,278.42547686310917
517516,423.97654510869324
518517,423.0119259027905
519518,337.07050815579885
520519,398.1766808862977
521520,174.70504109118778
522521,383.154741283916
523522,401.23769927553053
524523,118.02578682685927
525524,409.2039554429366
526525,392.060039780537
527526,299.84378480634894
528527,409.6623132124934
529528,405.88448968800856
530529,394.3760488214088
531530,404.067277062382
532531,266.7587641403384
533532,305.0524671491369
534533,348.7304785746683
535534,421.587460228233
536535,403.9054686096621
537536,346.07750450198716
538537,385.9963047125808
539538,307.0721062390887
540539,395.1905080319522
541540,413.72558741074147
542541,428.4026849055982
543542,413.83208408961
544543,397.04788825886135
545544,292.4390035592144
546545,400.9626031743772
547546,430.8702619912322
548547,316.0410752914905
549548,400.7106014349431
550549,439.8636088046897
551550,426.911692584416
552551,246.45476304191828
553552,141.37057679048783
554553,327.6379563763174
555554,414.8224944626204
556555,239.76033300163434
557556,414.9152143371916
558557,386.4806253242083
559558,365.36694488760355
560559,459.93978240998683
561560,416.8789755066154
562561,432.9869145568211
563562,292.32200739328243
564563,438.6869044566269
565564,428.88584939255
566565,317.64994642602386
567566,424.7655448449484
568567,448.575592188964
569568,426.60882397078007
570569,414.7064749587497
571570,321.99580271280547
572571,426.0496289181732
573572,427.9127364435845
574573,454.74651160410826
575574,299.77483338317836
576575,443.17908216064893
577576,61.05573293480129
578577,432.41500899706233
579578,300.5287963225791
580579,382.8456058304851
581580,421.45021019760003
582581,443.73845262654754
583582,428.9533968218652
584583,414.9445482173039
585584,245.7459265487965
586585,443.49594916743393
587586,424.1253559048576
588587,351.88693323192547
589588,428.06924527486143
590589,375.8593134109618
591590,206.1268440774266
592591,168.77509048729712
593592,294.4795574868337
594593,399.95854515604793
595594,395.80109309274775
596595,456.19724158201
597596,108.86178553546584
598597,308.4352655468309
599598,456.05305249072376
600599,342.46429919726296
601600,336.0411291359016
602601,388.0359347559874
603602,439.76031104111917
604603,453.75142974382834
605604,403.3297336398975
606605,351.9134551241397
607606,441.3361130927941
608607,406.34821502710224
609608,297.4606348233349
610609,454.99874511331984
611610,471.3844991237643
612611,424.52248547863024
613612,411.82294219357027
614613,427.4801415152851
615614,435.71289819561895
616615,483.15883615309133
617616,464.7776910872697
618617,452.7087456866733
619618,451.8003465190177
620619,55.03959297827258
621620,310.0355258261291
622621,275.63532112197447
623622,480.2826242274972
624623,453.47583264612234
625624,474.5531467239739
626625,478.19057855237656
627626,447.5824677441
628627,489.25985030177605
629628,355.3007525955592
630629,458.2824436813803
631630,479.47196684258256
632631,486.8530607951921
633632,468.8596834313485
634633,441.254039423044
635634,465.67053308620495
636635,464.90609045095096
637636,490.26338325955777
638637,298.50574611351067
639638,173.3768186990556
640639,497.584050206649
641640,494.3003483181057
642641,461.62132171689456
643642,425.0429627331941
644643,485.10494186180887
645644,489.68302062949175
646645,458.31746853029097
647646,412.2833246281652
648647,319.4331732509695
649648,313.57993657191116
650649,310.58703750630855
651650,454.5395134733619
652651,51.33072108848843
653652,471.8927444222539
654653,506.12483478439685
655654,473.88401540738306
656655,472.0938595378339
657656,500.9656736388686
658657,292.8712012313674
659658,373.1110779275859
660659,468.33673999499865
661660,169.34356995229007
662661,503.63127504190595
663662,430.6484980552849
664663,103.2442521588455
665664,480.3533500589273
666665,334.11264143282085
667666,413.5782378510357
668667,463.7708415792887
669668,98.32773038964973
670669,465.9277253755779
671670,456.2126043810929
672671,484.9123279844025
673672,119.91948697249052
674673,193.23504544262178
675674,480.4340200984764
676675,474.90612967914984
677676,239.8080691245686
678677,435.0098867217289
679678,455.34775082049117
680679,480.1195806170071
681680,488.66974419774675
682681,483.6588461962008
683682,453.95097508412056
684683,501.47990211907177
685684,455.770097952843
686685,519.710057654483
687686,490.44667645413034
688687,521.6374935574722
689688,469.3376225670729
690689,109.65705905254055
691690,321.2250100206976
692691,255.72997871701185
693692,425.6977518954475
694693,118.23719531771697
695694,167.43125877795964
696695,446.28740479687264
697696,454.61391947741936
698697,489.9261627454426
699698,462.7856805392952
700699,489.05067478571783
701700,471.9394266268608
702701,450.49304801613715
703702,457.9696104485872
704703,419.76122265603857
705704,372.01265082005455
706705,55.95323791536418
707706,72.67521769466627
708707,488.2738239915354
709708,254.55782105306173
710709,511.13784708485633
711710,487.1255931817934
712711,161.01064404543888
713712,499.90517862498945
714713,487.6060310563898
715714,487.6606589219941
716715,484.4580026521972
717716,473.77675829442256
718717,359.8788953829562
719718,466.2192438507422
720719,516.1477392163414
721720,476.9087112316381
722721,497.98393982379594
723722,507.71539693401974
724723,470.18935688310046
725724,522.5064684027712
726725,494.34290313595005
727726,512.5326328226489
728727,389.51956869919064
729728,529.5820285992704
730729,392.61536408231666
731730,289.7333409493948
732731,497.3656286222298
733732,498.4987268468264
734733,516.0383259906492
735734,495.0021997256018
736735,470.2909209294022
737736,496.7249844985687
738737,472.63935968178964
739738,515.5151775362903
740739,515.3582986933092
741740,503.1679277676016
742741,493.5633299522971
743742,506.79946152574996
744743,497.3485829375561
745744,517.2896778833459
746745,507.1446547939266
747746,522.5772005690899
748747,267.4365895917645
749748,492.02230033344364
750749,342.88477507483583
751750,499.2563427062529
752751,487.10450042838755
753752,536.1732243040127
754753,504.8390056008107
755754,163.79227102650532
756755,336.29982294859207
757756,465.1900274467938
758757,494.73190087232973
759758,325.4800823329019
760759,493.62526861735597
761760,472.54355358294316
762761,439.7604546940692
763762,497.1099138656106
764763,519.1265061550145
765764,160.06624811876182
766765,403.23502522220105
767766,493.98594155989133
768767,379.8293607794129
769768,491.0022273263422
770769,482.09093935509196
771770,473.6840256078152
772771,446.7702646193203
773772,459.862209998824
774773,473.07224489274745
775774,247.4099209257537
776775,543.7515370616101
777776,202.04408433665648
778777,57.34941613688697
779778,305.07238505463647
780779,512.7824356104084
781780,268.5232186906227
782781,491.25597519159464
783782,516.4338003594768
784783,89.69146749158318
785784,472.64975353863235
786785,357.1148237310936
787786,540.2025568862409
788787,477.52038126456193
789788,402.07004788772963
790789,523.8414320771452
791790,475.6638334648438
792791,492.93573975608115
793792,465.48981489077977
794793,515.1391569262559
795794,213.11260392013315
796795,490.0124883263078
797796,425.8986409804835
798797,35.8800709710516
799798,488.27668171262167
800799,338.89913681003105
801800,523.3798294786432
802801,61.53262243646137
803802,358.27793551950896
804803,518.5987478993324
805804,178.50439102398656
806805,496.72373892772833
807806,121.46862769370559
808807,546.499541266686
809808,503.5857994755657
810809,482.65698831968285
811810,442.7996945812414
812811,214.6780352239989
813812,506.59973920190794
814813,509.803093205767
815814,511.469497100157
816815,503.75303077231433
817816,473.48561070146474
818817,479.91768225147507
819818,510.0800235486295
820819,227.65097519895747
821820,473.11130968224074
822821,481.82974602415874
823822,411.02375718810316
824823,506.9430970622207
825824,311.9153214395699
826825,145.17152974206246
827826,504.31706682131
828827,523.9753446154258
829828,462.6317750498276
830829,228.76337093409842
831830,535.9843827658916
832831,287.21340142396286
833832,527.7335023669721
834833,525.9662087724993
835834,463.5668555291129
836835,315.9286044630788
837836,502.5875090948619
838837,477.08526734802956
839838,516.9999783555857
840839,520.7091485159227
841840,462.13513378690664
842841,494.1403311449397
843842,489.4027708458643
844843,507.1082837128269
845844,496.07428346297036
846845,469.85096542679605
847846,514.5214563374518
848847,523.6306201683087
849848,468.329916366752
850849,475.8624402526124
851850,142.625619954961
852851,341.0131231244402
853852,467.69511502888133
854853,478.9916347000747
855854,524.5075147761885
856855,532.0686403673408
857856,534.3217771495695
858857,343.53157583096294
859858,257.26310678029307
860859,531.4857960988711
861860,520.1744144190096
862861,405.98466083719245
863862,386.035325751468
864863,515.1636689316815
865864,487.6278251033114
866865,533.8356293872076
867866,495.73031835842795
868867,511.88178012076827
869868,328.40050107248214
870869,526.0750530901031
871870,524.3253852009168
872871,335.8641759614069
873872,333.73197981690004
874873,67.48010635569516
875874,546.0622195085524
876875,523.7269799491812
877876,298.5022445120115
878877,516.6318852792667
879878,542.682891685496
880879,527.5873052374698
881880,513.2566845146812
882881,538.3778017000935
883882,525.6709689754799
884883,520.0001254761416
885884,468.7760997410363
886885,504.08855504278523
887886,122.41247186724728
888887,533.3558402108426
889888,395.84918121575777
890889,497.39457460742057
891890,540.9156215047011
892891,575.4518793076983
893892,491.2487474991426
894893,537.9087284924996
895894,517.7102580758861
896895,521.9872458934716
897896,557.4211701697967
898897,547.6650791370344
899898,467.26062870919463
900899,544.2206198878455
901900,555.0211034029867
902901,527.2126378690929
903902,523.6710622401384
904903,558.9058296099257
905904,493.8523678687625
906905,548.1072286582779
907906,533.1029524418595
908907,543.3888169045642
909908,529.699970438516
910909,464.1046800854459
911910,241.74006126200322
912911,513.4809931207378
913912,545.3048371146174
914913,531.1962594360969
915914,503.9433528326265
916915,532.169254280545
917916,531.6865661467101
918917,538.1792531732033
919918,541.4401373898731
920919,548.4112671758937
921920,540.765817677457
922921,472.2626807410456
923922,486.7572084565206
924923,539.6440871839965
925924,494.2378488944779
926925,508.18450557557065
927926,559.8154945441655
928927,560.3901635362287
929928,256.90654106232785
930929,502.5155237764363
931930,513.9330485511703
932931,522.2587255136701
933932,539.69000867283
934933,518.6282577854091
935934,520.6514643791774
936935,504.4093426658507
937936,534.4971820930921
938937,492.33912370090496
939938,393.19255355317443
940939,534.3841071508972
941940,506.8431211366119
942941,522.0547132941045
943942,520.8523684981992
944943,493.6304441782777
945944,520.5923824479762
946945,500.0249727577868
947946,523.1551744442129
948947,384.9939754514589
949948,531.1574113941003
950949,521.8190540696853
951950,517.5362623929661
952951,507.2262655613803
953952,456.83148193141534
954953,510.33788851822703
955954,529.2230724344101
956955,542.859518600846
957956,481.9792995844701
958957,518.6443672074498
959958,485.800732753902
960959,528.3956519017146
961960,496.0881847159399
962961,536.5993377125717
963962,555.7399100332868
964963,515.2689038801876
965964,545.8456029360112
966965,542.2831890050983
967966,522.215712053769
968967,564.1929250721282
969968,537.0157213956703
970969,513.1339260876246
971970,522.6607553820062
972971,467.0174063072984
973972,515.1431725405646
974973,534.4733799948149
975974,556.7322279405746
976975,505.4556753905783
977976,122.73999477986203
978977,540.7698923249671
979978,524.866909963987
980979,561.2507332363839
981980,525.2345498396927
982981,466.43798736012343
983982,521.2214582868725
984983,283.6837210935554
985984,486.9724970609229
986985,303.0725365630268
987986,545.6934341565036
988987,470.7768021556078
989988,500.66523918176586
990989,512.5000161284647
991990,534.7874918161566
992991,160.9171090839784
993992,149.7726848904414
994993,521.5730523654177
995994,542.9128420116923
996995,547.2912113471326
997996,142.40142986402967
998997,219.6805618148836
999998,546.6570213186016
1000999,542.0032612544028
1002000,511.9691662568131
1003001,571.965388877352
1004002,70.46948112559092
1005003,131.91524647721636
1006004,538.6499976396315
1007005,438.14313078617226
1008006,534.8077874817573
1009007,559.9047676674546
1010008,542.2263625168007
1011009,349.7726426347905
1012010,520.9017748425896
1013011,322.97243693243604
1014012,549.1298409584372
1015013,150.34878813814285
1016014,558.7555008041951
1017015,556.0764129605917
1018016,558.7161881445624
1019017,519.8628040605558
1020018,549.1233049081096
1021019,532.5337051827946
1022020,560.1693777724511
1023021,549.6768364757654
1024022,555.8714795416707
1025023,447.5769711854099
1026024,507.8937781045542
1027025,552.2087729201578
1028026,334.2293757586293
1029027,527.7845276768095
1030028,442.1242559705315
1031029,558.3929956547398
1032030,558.8195352714949
1033031,526.5449344323742
1034032,422.4718726774907
1035033,36.85039831078246
1036034,554.7050511278564
1037035,520.4444496111928
1038036,561.3204086399945
1039037,131.73762936653395
1040038,567.9531705635552
1041039,546.0237412587971
1042040,488.804243593738
1043041,459.0822919062928
1044042,457.0207705013377
1045043,539.724474344095
1046044,298.7430177455764
1047045,540.1119526278493
1048046,567.7318727990089
1049047,428.33331028917337
1050048,498.32116720516615
1051049,89.41147327652818
1052050,578.6842016005235
1053051,501.71800919387033
1054052,265.5909345415312
1055053,508.14015654715774
1056054,318.9202779541247
1057055,530.6486156086668
1058056,345.52500396242516
1059057,479.40723524083626
1060058,486.2694597619566
1061059,88.4730799215935
1062060,428.7630137645115
1063061,406.4513458160696
1064062,86.58347443051805
1065063,581.7722344566533
1066064,527.032134204913
1067065,508.02223661191476
1068066,543.2467240131648
1069067,357.0791613599178
1070068,543.2025906486452
1071069,174.9020249026161
1072070,178.85053759842503
1073071,551.4437883992578
1074072,540.2748826812101
1075073,509.088330313722
1076074,538.5399610307355
1077075,543.8455486451293
1078076,526.912313162013
1079077,532.2661433335652
1080078,509.0821150562772
1081079,527.2604611017516
1082080,165.54458319586843
1083081,572.362702664235
1084082,534.8705411396136
1085083,544.2785890578047
1086084,537.9279516132548
1087085,558.6205748732101
1088086,567.2238772393209
1089087,515.7655039494922
1090088,482.96532428686675
1091089,365.8216828724982
1092090,178.32417545974513
1093091,361.6086226891747
1094092,563.1221963515442
1095093,547.1905859758632
1096094,419.1494055447221
1097095,539.0757481443154
1098096,569.4781173519337
1099097,577.1103467106199
1100098,499.81170245263814
1101099,509.18373517407537
1102100,131.92436996289
1103101,591.843762692835
1104102,534.6036276764236
1105103,548.7296650057334
1106104,524.8365139376882
1107105,567.2360596736323
1108106,384.0502118752514
1109107,560.2985317778815
1110108,355.71632645348
1111109,313.4162854451406
1112110,508.92653326847903
1113111,347.97030201792325
1114112,317.22377097506376
1115113,476.70227045942056
1116114,424.92727002492205
1117115,538.0007925196925
1118116,559.3432227659235
1119117,581.9490210010609
1120118,557.0264713481749
1121119,538.6193866196245
1122120,553.8859704085569
1123121,577.557797349827
1124122,575.5161609903569
1125123,578.128031363213
1126124,560.4932986253856
1127125,207.98108941095074
1128126,554.9170081489995
1129127,201.10567817168547
1130128,204.705966166917
1131129,571.1685242089058
1132130,154.26831310172744
1133131,577.3515638641414
1134132,567.8454592157043
1135133,577.5766897220212
1136134,261.8178336099061
1137135,594.6852269064558
1138136,557.3820422356873
1139137,553.6297054482786
1140138,552.6613092980708
1141139,566.1890367236074
1142140,553.7869155130245
1143141,373.23313165978334
1144142,542.8559291171506
1145143,540.5868366534137
1146144,574.7565897899815
1147145,588.0651280106727
1148146,134.7141211886058
1149147,552.4416002624057
1150148,544.0851058595382
1151149,526.4047790685066
1152150,421.88972047445674
1153151,504.38976820235234
1154152,584.795560199304
1155153,574.1522238515462
1156154,544.4170463639931
1157155,583.3286841824836
1158156,597.7749784533704
1159157,549.5723801157624
1160158,99.67579156905222
1161159,519.6990960074793
1162160,573.506148278796
1163161,583.4968270027808
1164162,575.2498250773945
1165163,567.7336981195144
1166164,556.1452328439991
1167165,568.4599322911954
1168166,241.06469147144102
1169167,559.2388383617533
1170168,544.3464586206745
1171169,594.802036643533
1172170,575.2139314547334
1173171,209.5159850039221
1174172,609.7473291041283
1175173,565.3904951143506
1176174,544.2791787004224
1177175,588.8126493194242
1178176,102.5957953882163
1179177,544.4336106337464
1180178,569.5677496661729
1181179,541.4882990192253
1182180,554.628177383332
1183181,570.4821739473963
1184182,543.0491653767435
1185183,333.1323472751644
1186184,542.4427508972183
1187185,500.3986052789998
1188186,561.9321415677333
1189187,608.3869104271373
1190188,588.5071742109013
1191189,555.6027000817885
1192190,580.866517332808
1193191,357.54689952094435
1194192,577.7149526376254
1195193,551.24719714939
1196194,502.7918846572407
1197195,431.33359969925687
1198196,589.1314978356231
1199197,130.71696842845296
1200198,521.5942522630104
1201199,436.4876445116378
1202200,576.9618704558633
1203201,550.5479040313372
1204202,604.3949259835482
1205203,349.75856921010046
1206204,265.42987842012064
1207205,555.6575243460663
1208206,560.3920733906676
1209207,557.429690795334
1210208,184.45817572811774
1211209,567.8513640011068
1212210,547.7787713647158
1213211,553.392583371962
1214212,573.743335800939
1215213,604.2994202479173
1216214,590.2172139870273
1217215,552.3234103541487
1218216,421.3403183778202
1219217,542.8115381619003
1220218,419.3629683567659
1221219,562.3793170017805
1222220,541.5670817759386
1223221,454.93679487966494
1224222,580.1828318625761
1225223,586.3567210057761
1226224,572.6753990291355
1227225,550.3673148042203
1228226,603.3538299760025
1229227,566.2564014132704
1230228,298.94151187597674
1231229,573.8274564767569
1232230,580.091854393991
1233231,530.624788799521
1234232,551.8835241799616
1235233,215.81590009296772
1236234,582.8440945254563
1237235,593.2139010922558
1238236,231.25471941356025
1239237,548.2115640247952
1240238,395.2437065176645
1241239,584.6814058636006
1242240,544.8624449379711
1243241,600.7009931519184
1244242,554.5238236836698
1245243,558.9222844528299
1246244,575.2690956319626
1247245,597.043348812717
1248246,90.29037266647921
1249247,253.27245474328657
1250248,542.1352002519724
1251249,411.2374315684617
1252250,153.4592259284607
1253251,531.2202588003978
1254252,583.1141950852555
1255253,578.2012075928343
1256254,527.9716963175124
1257255,584.2212653296386
1258256,261.86162894917453
1259257,384.63855411535144
1260258,577.0738850575748
1261259,230.0585265673285
1262260,568.9361926121906
1263261,342.614763439837
1264262,545.0173946285685
1265263,563.1711066157593
1266264,270.24043541798324
1267265,541.998104659981
1268266,555.1956831466235
1269267,537.2745750047196
1270268,593.6785601518986
1271269,569.3257436936316
1272270,601.1883938984703
1273271,592.7735049143175
1274272,542.2698908480534
1275273,205.24880182431454
1276274,583.5338839853326
1277275,342.12297190327104
1278276,575.2470192139979
1279277,533.1142435370324
1280278,581.5757808210757
1281279,453.25819596903466
1282280,599.0486420705007
1283281,591.007897108018
1284282,362.1520171542298
1285283,316.45558553067247
1286284,492.2890651692548
1287285,584.3534099550312
1288286,591.9493786206298
1289287,617.3586928507461
1290288,574.1148134500469
1291289,593.4202772315878
1292290,138.5236668393247
1293291,406.79681171023674
1294292,614.5143830532144
1295293,552.5524392342465
1296294,560.8575076039463
1297295,535.5237613878992
1298296,552.1161597440517
1299297,566.2043515085851
1300298,597.8433179709848
1301299,578.4705330669178
1302300,599.8229510452948
1303301,143.30025376456683
1304302,358.52468988501926
1305303,621.4611866921985
1306304,511.9045790626022
1307305,418.7170306098353
1308306,145.44165208722745
1309307,596.8174892818199
1310308,581.5327825609623
1311309,599.2068880511049
1312310,272.8511779916347
1313311,533.0326075496868
1314312,90.92046749844769
1315313,574.9690945080366
1316314,562.3172687513096
1317315,585.3795234585123
1318316,588.5554877563052
1319317,595.0547506949664
1320318,609.9959341254026
1321319,585.1493624441694
1322320,602.9947068117148
1323321,354.8374471112583
1324322,448.11670453813656
1325323,109.5563576173791
1326324,361.7667480799092
1327325,579.5469587166986
1328326,570.8420757225796
1329327,564.4691244354229
1330328,586.5280950659582
1331329,85.0788182642715
1332330,572.4375476727074
1333331,574.5672698267676
1334332,599.5476184871708
1335333,603.9547788615097
1336334,571.5897567573717
1337335,352.4532009889326
1338336,555.6630114865876
1339337,431.39623325820526
1340338,149.0418153111408
1341339,552.1189970887624
1342340,586.2857485786009
1343341,569.1868213244402
1344342,599.096963177064
1345343,491.07753853721454
1346344,516.0831218444569
1347345,603.4818929774153
1348346,568.9528904613704
1349347,303.3869820845324
1350348,623.9801793847851
1351349,612.9226972786665
1352350,405.94214533538945
1353351,612.4160692632079
1354352,574.1605798875354
1355353,615.7754418758356
1356354,478.0293831859291
1357355,573.0471936272364
1358356,603.6894531702831
1359357,606.0012164461973
1360358,614.466714431858
1361359,138.17766967787202
1362360,559.1628457926824
1363361,528.7080540451315
1364362,345.81900601576325
1365363,133.95197656450696
1366364,583.2142454944119
1367365,289.9928236729234
1368366,520.5849862763414
1369367,580.8062789127711
1370368,600.9605954913383
1371369,349.55819292807786
1372370,579.4616650506983
1373371,327.28809122089604
1374372,550.4259530810087
1375373,633.2628583272543
1376374,596.8435820874328
1377375,358.212049745493
1378376,612.637157654293
1379377,233.00141891304588
1380378,232.69434648779995
1381379,200.44943744767951
1382380,634.7487650721151
1383381,612.3079005851043
1384382,559.8356203800982
1385383,429.1566096864903
1386384,605.0196406183836
1387385,572.5817139164075
1388386,620.3017609376241
1389387,499.1094140426431
1390388,614.7150878469537
1391389,604.8479007084492
1392390,586.2177518254817
1393391,135.6372418380342
1394392,593.2977315509844
1395393,613.8839254246897
1396394,586.7481920297341
1397395,618.6634863793471
1398396,551.1444181541807
1399397,611.0353806621564
1400398,602.6460604980007
1401399,585.7842813328731
1402400,128.16755186733928
1403401,504.6903733983424
1404402,552.0794330420855
1405403,588.325256667635
1406404,615.8547461158605
1407405,600.0441841044377
1408406,607.0912810068069
1409407,629.5197507364236
1410408,576.01275660889
1411409,607.7949743785925
1412410,556.633867217702
1413411,611.433268589736
1414412,575.0697151936896
1415413,524.7477484009569
1416414,602.7974403949368
1417415,603.0219160324782
1418416,584.2556779088037
1419417,559.0173700833503
1420418,607.5010464877228
1421419,611.8399449258038
1422420,579.0179674817015
1423421,623.6453420724994
1424422,406.3513756707034
1425423,359.4268271767557
1426424,573.2930221444498
1427425,624.6897920396001
1428426,597.6134962583913
1429427,637.2851931103149
1430428,591.367380182615
1431429,465.808068152353
1432430,622.3599369881421
1433431,577.3333767491354
1434432,633.0378422683278
1435433,583.0122226032695
1436434,554.4132581124935
1437435,654.9704163366503
1438436,643.3610834407621
1439437,608.0773867323143
1440438,341.90702542851966
1441439,605.5275107430449
1442440,197.0564038226638
1443441,588.0309606124301
1444442,404.6273913280544
1445443,633.0089437535729
1446444,611.1058107716874
1447445,200.55596432398482
1448446,368.84725474153663
1449447,628.6727791430626
1450448,586.5526645778446
1451449,586.952360134849
1452450,546.0195009977695
1453451,603.1900356650298
1454452,607.5226849370192
1455453,599.8591040185485
1456454,619.2802238638563
1457455,194.62927958380848
1458456,462.7343565174894
1459457,604.286285725531
1460458,612.3415184927454
1461459,295.95239916325596
1462460,580.1132795563246
1463461,145.95370357104406
1464462,561.036287554245
1465463,612.5989774011018
1466464,612.9413972617245
1467465,585.3706522104377
1468466,605.6935123211489
1469467,605.4286934339402
1470468,596.0668439979893
1471469,549.3166019482293
1472470,603.8871492194462
1473471,613.2249629376779
1474472,608.3586346298642
1475473,578.4260383099703
1476474,540.330234538158
1477475,588.8274020771622
1478476,571.331119167361
1479477,593.7603945595986
1480478,590.2391977531537
1481479,617.4703143963852
1482480,608.7266425671487
1483481,401.5802059829753
1484482,583.2918460835394
1485483,611.1081801247842
1486484,513.2889239466667
1487485,489.34785641857695
1488486,600.134824854039
1489487,310.40773924478077
1490488,572.32347716577
1491489,620.5042471285972
1492490,642.6084318094549
1493491,588.0733309785613
1494492,596.6604522489002
1495493,609.4959934969345
1496494,579.985140783058
1497495,608.6289722341146
1498496,604.9125688637444
1499497,263.5326077739667
1500498,190.3807464241754
1501499,592.7890810781843
1502500,610.1293791488641
1503501,605.9353017095187
1504502,595.6186543917571
1505503,596.5602353666129
1506504,577.6923534580601
1507505,613.9040063178463
1508506,582.8271383535666
1509507,562.6752655744517
1510508,543.9320184217984
1511509,613.8276326904327
1512510,625.4581045084755
1513511,617.8341522843945
1514512,606.1512611844955
1515513,562.5440076044854
1516514,607.3456867229172
1517515,540.5198906155438
1518516,612.4892293573591
1519517,611.1182954577143
1520518,604.4279352489569
1521519,536.4258810207501
1522520,195.02746478207607
1523521,593.2006407203485
1524522,578.0911073463213
1525523,626.1397038190422
1526524,621.5619416866119
1527525,622.6254350536734
1528526,580.3299516508506
1529527,582.5797580382205
1530528,612.0470874239137
1531529,597.4062467112655
1532530,588.1509611503154
1533531,603.4248224921269
1534532,537.3209546822295
1535533,567.4726343647703
1536534,576.7570524059432
1537535,598.214209740818
1538536,611.1908249558408
1539537,614.6303819001733
1540538,603.4474058914642
1541539,647.2180197505405
1542540,617.5060998300602
1543541,166.05250314984139
1544542,580.7177516958403
1545543,620.2376815307381
1546544,391.02150213840156
1547545,583.471930461054
1548546,619.111231179874
1549547,606.0270540422939
1550548,599.1267232246609
1551549,589.3694410368596
1552550,619.1877200883386
1553551,578.521170436087
1554552,612.7862253697903
1555553,611.7116342707542
1556554,599.8921265516618
1557555,560.8305692291877
1558556,70.56670795036437
1559557,555.2227619962268
1560558,632.2806298066425
1561559,586.2328440403872
1562560,618.7400087058131
1563561,606.5783882077816
1564562,220.97319108308355
1565563,470.437254603913
1566564,632.147619668783
1567565,589.6497072389086
1568566,560.5895622558239
1569567,629.7913171199484
1570568,591.052215523369
1571569,338.2890824187029
1572570,605.2910636993722
1573571,571.5395543980885
1574572,601.8517677607533
1575573,644.666254354699
1576574,570.6622650867995
1577575,591.2083475699759
1578576,625.3804029664484
1579577,574.7919438106039
1580578,633.0905149789183
1581579,120.92942350240952
1582580,642.6631852692454
1583581,619.7012203799331
1584582,244.9831522007018
1585583,279.9094839340246
1586584,606.7020245007718
1587585,571.5192704780566
1588586,591.1591973490622
1589587,135.34590395678194
1590588,575.558743392015
1591589,548.3839846696811
1592590,534.0445531891356
1593591,154.50348829244905
1594592,567.4463561198763
1595593,566.116607116662
1596594,275.6782845062215
1597595,571.348675303357
1598596,600.2654578974233
1599597,562.0943144301222
1600598,472.79099330055874
1601599,580.7298130080873
1602600,595.8999941863359
1603601,574.181176113519
1604602,583.6588163021153
1605603,601.8068407458416
1606604,618.1945757923282
1607605,590.2952586794102
1608606,577.3024785901395
1609607,591.9304845323164
1610608,599.5666026856559
1611609,624.1912765685139
1612610,616.1293687734112
1613611,633.8856967117997
1614612,155.70798902278264
1615613,589.9505390819897
1616614,600.8020093468585
1617615,586.6931834587161
1618616,547.1943624813263
1619617,586.6521465841477
1620618,401.30437053209
1621619,592.1831692282339
1622620,615.8041047002024
1623621,521.7252223591345
1624622,623.0262880136307
1625623,112.41679707424511
1626624,597.9063771897129
1627625,585.4484039842816
1628626,522.877877222598
1629627,185.08721881276065
1630628,594.9025151027106
1631629,606.2049891015436
1632630,201.06433982502335
1633631,598.5996265077523
1634632,631.1433871298938
1635633,626.4605732375795
1636634,623.9629405269035
1637635,370.66401555202225
1638636,575.2910466842137
1639637,614.2497368440654
1640638,621.0886429374782
1641639,630.1013032302623
1642640,500.2156391770929
1643641,260.1913805902622
1644642,592.200181558706
1645643,618.9814296382518
1646644,602.5206297828694
1647645,567.3732963636581
1648646,568.0690943076539
1649647,617.4579383938132
1650648,606.7346638858869
1651649,147.55908458862862
1652650,604.586434708678
1653651,624.9547740146271
1654652,617.1824111389757
1655653,322.22529304295847
1656654,630.9468217139738
1657655,147.11022887620103
1658656,282.5260045532223
1659657,592.7268007876158
1660658,600.887430947993
1661659,575.744845989475
1662660,617.0605078584158
1663661,495.7804998537234
1664662,554.5607414209397
1665663,569.9867659507262
1666664,337.75935799670543
1667665,585.2585206589595
1668666,131.2299470514966
1669667,616.3049149482014
1670668,566.6831150674743
1671669,619.7902778609995
1672670,630.5776268463335
1673671,534.8814203469395
1674672,626.5193975722084
1675673,633.2469949818993
1676674,581.4244192972509
1677675,333.6696371687007
1678676,578.4990821619779
1679677,609.062992317852
1680678,604.7692552508455
1681679,626.1904025031646
1682680,605.3570249653227
1683681,602.4255741450621
1684682,595.0592414133806
1685683,623.9638025424296
1686684,282.72834831531503
1687685,507.97203485815714
1688686,423.4775150939124
1689687,625.1175963986893
1690688,616.8361557816428
1691689,609.5400134759592
1692690,618.3995753972163
1693691,620.9102525414842
1694692,599.2803243073387
1695693,586.6741273835008
1696694,588.140955062065
1697695,575.1362771747365
1698696,585.8796020106928
1699697,591.1810149181221
1700698,640.2630225815178
1701699,616.5017875718765
1702700,605.015894476273
1703701,591.5633430961889
1704702,623.4159673499023
1705703,615.1562648815157
1706704,596.7699642071241
1707705,614.6438213364233
1708706,561.1252700328989
1709707,565.1874514111475
1710708,621.4397190537495
1711709,612.088792678022
1712710,562.4469705853908
1713711,586.7620337961893
1714712,586.1003840470064
1715713,611.2726137525461
1716714,246.60371074831934
1717715,594.3263039415367
1718716,603.360245956405
1719717,615.0030419812196
1720718,620.3175562660198
1721719,550.204371839196
1722720,566.2537498151033
1723721,301.64131709502124
1724722,362.4332522801869
1725723,607.5251494648328
1726724,559.6632313040512
1727725,612.1400937602657
1728726,606.8300334564159
1729727,591.8804371823862
1730728,591.9964435252382
1731729,593.022199260063
1732730,602.0736226202665
1733731,635.2492190955616
1734732,616.6083228298229
1735733,617.8272321305245
1736734,600.8184900220928
1737735,587.5898871410429
1738736,597.6989061045316
1739737,467.72507242021953
1740738,593.0961346368962
1741739,612.7290905797638
1742740,577.1783384542151
1743741,548.4644571726767
1744742,443.9887187001053
1745743,558.8287928399802
1746744,575.7447012305886
1747745,614.3254451295979
1748746,586.8074363233056
1749747,558.6051454672308
1750748,629.4047250586965
1751749,597.1913728571591
1752750,606.2403732857997
1753751,188.1544360433806
1754752,560.6334981978526
1755753,625.9059135189573
1756754,617.6747714301343
1757755,605.9693627785068
1758756,176.57548982460233
1759757,594.8815365084504
1760758,614.8729187707513
1761759,515.9800335726595
1762760,90.49346995946043
1763761,567.9059801748333
1764762,102.18527596853275
1765763,557.9278373931423
1766764,298.45313716084405
1767765,611.6814503824506
1768766,601.0715514791283
1769767,595.0995999090658
1770768,589.3914217496998
1771769,394.9343449479801
1772770,482.9879778811838
1773771,628.8925548026174
1774772,556.9629837500587
1775773,616.4427586676167
1776774,618.8497797296926
1777775,594.5341242041399
1778776,326.87336375715245
1779777,224.55002833171778
1780778,553.9081842940816
1781779,584.4631488029512
1782780,605.8573233746765
1783781,615.9096887853152
1784782,243.76516861753828
1785783,552.5377558291761
1786784,557.8539445666381
1787785,604.8785700091257
1788786,590.4789643226093
1789787,624.1014900964789
1790788,583.5338372299389
1791789,572.0632416858459
1792790,613.8553526478439
1793791,616.125981541172
1794792,555.8806283923317
1795793,616.9896474226513
1796794,580.2688374572828
1797795,566.8940429461278
1798796,564.4641785965728
1799797,591.5131335910373
1800798,324.329853548545
1801799,555.8153854297756
1802800,568.7160538219929
1803801,318.59550837332205
1804802,446.71795182109327
1805803,586.556220168857
1806804,578.2375355542721
1807805,507.3152228251007
1808806,565.9386487578321
1809807,608.1855776929979
1810808,629.7363308149675
1811809,607.7929972486463
1812810,569.2321988507834
1813811,591.8273225705644
1814812,641.4139296327561
1815813,611.4866251903512
1816814,633.4360853547182
1817815,558.5061732554818
1818816,605.266527743128
1819817,581.0361394826542
1820818,608.1128079899815
1821819,633.4461194259759
1822820,626.8825846366658
1823821,528.2661300519026
1824822,602.2500854563954
1825823,612.6739063268435
1826824,559.2151158611233
1827825,628.4096835246864
1828826,539.6040844777477
1829827,593.5760064511695
1830828,588.1588553668391
1831829,564.9794199705744
1832830,571.5670530078554
1833831,493.6695952493349
1834832,569.5997244458671
1835833,612.0161263108942
1836834,551.5790830858379
1837835,608.2724872041747
1838836,593.7498643640743
1839837,620.3112737622597
1840838,354.9223245548496
1841839,288.62768877312004
1842840,576.4446815167636
1843841,630.156923203923
1844842,609.3298470570776
1845843,381.2010809960697
1846844,627.1754085493659
1847845,625.1376834417259
1848846,636.583915332848
1849847,618.866568189038
1850848,597.8357161717101
1851849,151.53112982488125
1852850,618.6487137727024
1853851,616.1050377045674
1854852,550.8623838731957
1855853,619.975903440186
1856854,591.5249415168146
1857855,604.552318168311
1858856,608.800302536361
1859857,620.6755297979095
1860858,600.9995308739377
1861859,617.3319351823928
1862860,561.2425944137475
1863861,575.4217568424887
1864862,587.5410735567106
1865863,620.5145107620173
1866864,628.0932213333781
1867865,650.2966984061135
1868866,128.45744085885875
1869867,620.252062807476
1870868,647.8880715735409
1871869,174.40110750455034
1872870,600.4862685015661
1873871,605.489914708731
1874872,96.06657991685114
1875873,638.948356276605
1876874,601.1513695700304
1877875,70.59184488138463
1878876,554.0059958709088
1879877,615.1623604393782
1880878,543.8331608455518
1881879,571.0727866497625
1882880,633.8053639859808
1883881,98.90969694840757
1884882,636.9427776191678
1885883,581.1807768090889
1886884,539.8792386285095
1887885,630.69090652257
1888886,567.8807066410534
1889887,592.7488057104217
1890888,625.4894502320861
1891889,584.9504480403976
1892890,483.9000368220772
1893891,587.4083808629214
1894892,553.8676053016966
1895893,611.6172340067375
1896894,630.680791438853
1897895,279.77784022725876
1898896,632.8942046424189
1899897,613.750936240523
1900898,614.4642433061714
1901899,646.3471913991176
1902900,583.459978826292
1903901,578.040950557485
1904902,533.0617689201536
1905903,584.1094503516158
1906904,568.2107447445026
1907905,551.0488923142553
1908906,619.864087748051
1909907,253.27782478726573
1910908,609.0726210289424
1911909,197.09118338317958
1912910,638.2793933624688
1913911,652.0945639483541
1914912,624.0481132141667
1915913,621.285715419928
1916914,646.0198992940924
1917915,639.3063606093177
1918916,588.8974969971032
1919917,578.9435627177711
1920918,612.2736924341796
1921919,254.44029561909633
1922920,564.358578771075
1923921,594.5359124342772
1924922,569.6639987292497
1925923,610.4544430600125
1926924,218.5626447094523
1927925,578.5536747623073
1928926,564.7463476071636
1929927,570.0380407476172
1930928,377.35858127613284
1931929,582.8673986873491
1932930,634.8248690984905
1933931,585.171082384834
1934932,424.1120686769187
1935933,401.71330382979517
1936934,570.4088952576006
1937935,589.7825903470765
1938936,139.02277735264826
1939937,614.0485473608566
1940938,538.1774857244123
1941939,583.6856749275761
1942940,391.6399554476034
1943941,450.84964947599315
1944942,562.1190569288466
1945943,533.1422719983927
1946944,575.8348953824494
1947945,208.54253294811312
1948946,283.86664569533286
1949947,582.8479878972971
1950948,485.50523349862453
1951949,588.7762961517677
1952950,627.1951010207773
1953951,426.1726357827125
1954952,595.0238546898814
1955953,562.7127692185466
1956954,604.6977578002156
1957955,574.1264727532229
1958956,593.3735363934611
1959957,328.18198922748076
1960958,563.8027917069816
1961959,555.8860206068604
1962960,604.7525627422146
1963961,539.8285697110664
1964962,607.1185346313778
1965963,543.3971577038875
1966964,507.5201059402795
1967965,570.3140528888542
1968966,334.2323874853666
1969967,485.1586732747985
1970968,573.7793666464337
1971969,553.32214486277
1972970,511.52505898817327
1973971,605.7650055447151
1974972,389.785971033808
1975973,586.1570408946101
1976974,613.2652745400499
1977975,574.0074647289902
1978976,635.0039001147279
1979977,609.0377864709285
1980978,617.1544235371499
1981979,627.7815062735862
1982980,550.299044937742
1983981,308.0415515767253
1984982,299.0168274257281
1985983,577.1784927042233
1986984,574.9229862303623
1987985,465.2807571346299
1988986,577.6310766203973
1989987,627.5284318068566
1990988,578.165109220971
1991989,605.9818231735519
1992990,543.7356091699776
1993991,580.1729029533367
1994992,295.7950403884347
1995993,543.6298434181144
1996994,583.3112168229911
1997995,580.7104470618775
1998996,307.9386728189363
1999997,566.6071116017044
2000998,422.08174148287077
2001999,578.1347492944733
2003000,581.6820497140834
2004001,583.0647720870837
2005002,263.8380777405496
2006003,439.50221188123885
2007004,347.52416786098644
2008005,622.4450770548573
2009006,577.3475419881954
2010007,559.8612088413479
2011008,581.1969997115336
2012009,511.171135280691
2013010,569.2437884638472
2014011,518.4198002585299
2015012,507.6680463649988
2016013,408.3208854617884
2017014,316.9986471528887
2018015,524.5133123052032
2019016,290.0412451370085
2020017,575.0084945425338
2021018,273.062195021511
2022019,542.4109551500419
2023020,533.6930988835512
2024021,515.9242414341742
2025022,582.2910481527599
2026023,579.0770601402766
2027024,192.61225233586012
2028025,295.11751867052703
2029026,199.61370106833533
2030027,575.2494232191194
2031028,549.6720692863778
2032029,560.5442470314201
2033030,358.1293405800924
2034031,480.301053953879
2035032,399.4134110053373
2036033,579.8976915681931
2037034,509.51207509474676
2038035,315.6435258560769
2039036,551.3375986751299
2040037,548.9803222733713
2041038,500.60560791865436
2042039,242.01276735886773
2043040,570.9455785786064
2044041,345.2133115677808
2045042,522.5122933651676
2046043,200.5834584084711
2047044,599.9336663308029
2048045,516.1277235744194
2049046,559.2425764393394
2050047,384.4422708969101
2051048,145.16061960169483
2052049,473.1803531453372
2053050,552.8401284615493
2054051,547.7402475544629
2055052,576.3486455697017
2056053,551.7531178633004
2057054,557.2225280355168
2058055,540.2248079965133
2059056,512.3940657256285
2060057,602.5635305058601
2061058,587.8503323525756
2062059,602.8045540924462
2063060,595.9901136584484
2064061,463.45013268764666
2065062,603.9230621534277
2066063,535.2396141857139
2067064,555.764457652569
2068065,576.7705973431941
2069066,623.9524534656608
2070067,584.6139954062568
2071068,607.1883488382524
2072069,594.530935236031
2073070,608.210692887614
2074071,608.9384922919369
2075072,564.015279665048
2076073,320.54903248017257
2077074,597.7259775397499
2078075,379.8286770126148
2079076,565.3642637316979
2080077,547.0218927764489
2081078,593.68976929635
2082079,605.816395325825
2083080,58.22164477078065
2084081,583.602382326036
2085082,591.8089689232202
2086083,576.7869254519181
2087084,609.8296732445252
2088085,604.8036017478794
2089086,279.24823837417387
2090087,617.2205151133799
2091088,586.2982292930146
2092089,533.9683478011685
2093090,564.9648335305137
2094091,536.7675973249759
2095092,605.0758859836708
2096093,613.6277961699801
2097094,573.6549379872712
2098095,582.9997528983988
2099096,533.917140772406
2100097,621.5528354491717
2101098,602.709323485049
2102099,591.4670375825106
2103100,601.1784966197987
2104101,634.8535930065591
2105102,399.98393364917746
2106103,579.902630814973
2107104,575.3195446333782
2108105,598.102981929317
2109106,551.5259956706815
2110107,603.390400940121
2111108,608.0686995016663
2112109,509.4439524678392
2113110,609.7280698228897
2114111,591.3939385136807
2115112,609.9918065100561
2116113,602.5365224303405
2117114,581.7594990800441
2118115,603.5874600162696
2119116,405.07045132139217
2120117,608.4111758655641
2121118,74.58926582500398
2122119,611.8082863811712
2123120,590.7562272650081
2124121,166.94479897719162
2125122,267.21497699618055
2126123,584.6902655323437
2127124,613.7259858038311
2128125,588.4736913418936
2129126,612.1064663877296
2130127,597.5226689385617
2131128,610.9630249982304
2132129,202.09091909083867
2133130,328.22574402944605
2134131,175.630697896123
2135132,608.2326569361168
2136133,394.6504249687365
2137134,587.8760736235006
2138135,617.8953139498557
2139136,599.4401341707472
2140137,614.4161712055428
2141138,596.3352750394354
2142139,597.4418975375006
2143140,425.3842437662769
2144141,577.9966286452739
2145142,520.2527718871095
2146143,614.4916922493771
2147144,564.0769849630609
2148145,597.1554710147166
2149146,581.6693636598536
2150147,623.6840013818737
2151148,551.1050045363037
2152149,553.7118198766755
2153150,577.0449491666518
2154151,544.028790473732
2155152,444.98374245426714
2156153,624.5470915017552
2157154,557.2116297323389
2158155,611.1162602740274
2159156,605.12157512756
2160157,506.5326273361462
2161158,601.3176101131239
2162159,219.67046875447846
2163160,154.65529699908745
2164161,630.3055607225173
2165162,601.4783023214669
2166163,600.4276203191451
2167164,500.75666977662013
2168165,601.7555894464565
2169166,610.4553580857536
2170167,636.6625830385873
2171168,563.0874416908105
2172169,514.2962298171656
2173170,612.5621150934742
2174171,579.6993238831963
2175172,153.93890281259974
2176173,616.7119687496676
2177174,559.5379436352795
2178175,622.3341556134502
2179176,623.7987247130318
2180177,250.25949216982255
2181178,535.8742259019737
2182179,632.9544959569731
2183180,493.4300209244585
2184181,269.50199290328436
2185182,558.8101549816478
2186183,465.1026257714272
2187184,602.5436874063633
2188185,152.40979307739198
2189186,622.0191278530762
2190187,300.69805746961725
2191188,581.1730647575066
2192189,575.2196731114715
2193190,547.353644587272
2194191,616.0954340972648
2195192,613.6240281181153
2196193,623.4463805694263
2197194,632.4251797721098
2198195,583.5292853962687
2199196,609.16765492727
2200197,621.3547107029614
2201198,616.2445125656732
2202199,298.02085006415695
2203200,132.2971637347407
2204201,625.0089644471714
2205202,154.9414654657223
2206203,296.0982896452683
2207204,599.7097341226697
2208205,609.9862507076327
2209206,588.5467545842592
2210207,585.2918398185278
2211208,611.1376818127317
2212209,563.4078895328289
2213210,569.2746839472426
2214211,607.3436090506514
2215212,582.5003666094701
2216213,571.6612948722908
2217214,645.6981608257437
2218215,633.3555804817845
2219216,603.6252333850318
2220217,625.4868352016833
2221218,615.1178275400479
2222219,532.1335441529947
2223220,574.0213084176869
2224221,607.8269418426772
2225222,594.4205878544788
2226223,585.2280198956577
2227224,527.5265299011094
2228225,465.5281637689875
2229226,378.1203691585997
2230227,572.2150348630688
2231228,614.0731710054864
2232229,586.8999641762717
2233230,609.0848829521805
2234231,650.3131365559951
2235232,583.0202095693631
2236233,595.3666537046304
2237234,584.353561734574
2238235,515.7252781684125
2239236,516.8365469674836
2240237,575.775977687439
2241238,623.2591784284567
2242239,590.1823016864356
2243240,641.1982219332309
2244241,599.5492040314197
2245242,570.5650414310862
2246243,632.2827921259379
2247244,174.74869013060714
2248245,598.6460296933321
2249246,559.6071007340344
2250247,610.1521354644995
2251248,588.1804531818674
2252249,604.2180568086866
2253250,460.71599040936417
2254251,565.7174309453649
2255252,600.7294031962526
2256253,589.4229227366596
2257254,616.4499172888999
2258255,564.289704327243
2259256,620.4763567453147
2260257,578.6410690610174
2261258,613.1662325615727
2262259,648.0792039649966
2263260,533.5047488423697
2264261,621.6478501463986
2265262,637.0860062801283
2266263,592.4802795883044
2267264,617.6916566036465
2268265,614.2825788732761
2269266,556.4375221987622
2270267,612.9956412769062
2271268,597.6235196207509
2272269,610.652317959819
2273270,578.7666086218245
2274271,635.2975045706788
2275272,582.6966695115663
2276273,628.4420399882539
2277274,617.3698246053244
2278275,614.4592539639701
2279276,614.743473550979
2280277,606.345488900654
2281278,619.1452841319185
2282279,621.8114476900422
2283280,579.6259048251792
2284281,600.0289782705096
2285282,621.5783636939511
2286283,569.5316866815554
2287284,609.525198308057
2288285,621.3524128579184
2289286,98.59684286077074
2290287,648.4466391009148
2291288,601.8944241391259
2292289,609.6373346413337
2293290,611.9558608745446
2294291,612.906886449463
2295292,406.41559477188326
2296293,618.146840337343
2297294,566.9888939129532
2298295,393.1543586401523
2299296,634.0484997047653
2300297,639.652152154404
2301298,645.3746581346599
2302299,626.8768852153177
2303300,582.8463049047167
2304301,616.3083848924977
2305302,654.0198214017498
2306303,624.0412307685962
2307304,639.0077003188243
2308305,595.7644334686674
2309306,628.9345316060006
2310307,621.8233676580415
2311308,255.16566014972977
2312309,612.5566276739866
2313310,187.33045801678432
2314311,626.8617462893087
2315312,591.3289548428943
2316313,544.3053190613314
2317314,601.3138812638128
2318315,477.62129785288545
2319316,619.5506514902057
2320317,597.7381642081677
2321318,464.06200921748456
2322319,619.8212907122513
2323320,621.897670339552
2324321,625.8781592521258
2325322,467.84128442172766
2326323,554.4015439736451
2327324,607.4753638630383
2328325,618.9438943993176
2329326,518.192614661526
2330327,626.1023947208533
2331328,603.865349885087
2332329,92.13081361510167
2333330,594.3199551331609
2334331,638.6746344083039
2335332,630.5953168159675
2336333,560.2028399276456
2337334,568.7096338714698
2338335,640.3433139501358
2339336,453.3117626670658
2340337,336.4432589954044
2341338,315.5259009893261
2342339,282.5606384440153
2343340,258.627414165092
2344341,637.7829812536461
2345342,612.8293673582784
2346343,628.4389597187518
2347344,562.6655947534326
2348345,611.6091182731811
2349346,579.037575558391
2350347,81.37588330512123
2351348,647.5864353901383
2352349,641.0908188686792
2353350,598.4576448263845
2354351,602.8050963090019
2355352,611.0541841285258
2356353,609.001796875218
2357354,289.0887051702596
2358355,638.8557206218103
2359356,603.2345873777178
2360357,606.9074730718708
2361358,490.3412332154613
2362359,616.9095696973648
2363360,622.6925901734675
2364361,609.4697957561797
2365362,474.98412730453185
2366363,627.0486901842113
2367364,612.6696977596358
2368365,269.6352036226976
2369366,444.01111635584704
2370367,639.5828439796768
2371368,568.9232525387041
2372369,647.9601468923414
2373370,107.67884590659831
2374371,643.3835176754899
2375372,633.035273291402
2376373,612.6186861341974
2377374,312.03709261037216
2378375,622.3799813725094
2379376,650.1700043767659
2380377,281.1684174650245
2381378,374.3061331495766
2382379,634.6043664084395
2383380,629.1141446175045
2384381,653.941893645681
2385382,614.93565558157
2386383,651.9427097623384
2387384,597.1213989378781
2388385,625.2839480831948
2389386,604.8528638197903
2390387,182.50018653913145
2391388,632.3354120495069
2392389,642.907474571454
2393390,368.74524012489513
2394391,53.225856503369
2395392,614.3625208995395
2396393,413.02691518653177
2397394,610.0355108292136
2398395,616.0874973989787
2399396,626.2793872038302
2400397,604.4631528246848
2401398,591.0636595955604
2402399,617.0125102251072
2403400,631.3696501195304
2404401,614.0605695056244
2405402,621.9876792486665
2406403,644.461991664095
2407404,617.9142976336237
2408405,333.5424279833586
2409406,628.1578868442102
2410407,662.8199311374782
2411408,608.8377343627238
2412409,521.5863172810881
2413410,449.89785409173334
2414411,623.3109176424084
2415412,619.232766089203
2416413,614.6262457891305
2417414,605.6485114747244
2418415,595.5328610487413
2419416,618.6129038342841
2420417,646.931532094591
2421418,620.8401247858548
2422419,610.0107531253068
2423420,634.8896762859268
2424421,415.76730979111386
2425422,199.34618986722685
2426423,509.5758995464878
2427424,620.2712268529452
2428425,636.2539790157686
2429426,258.45520244632297
2430427,631.340677619801
2431428,164.26117489651716
2432429,616.2406585379449
2433430,442.685635861244
2434431,608.9582393111546
2435432,368.2181292807877
2436433,497.1418094907742
2437434,638.6397348111065
2438435,576.9525671895968
2439436,600.3206016006803
2440437,611.1727517256171
2441438,311.2294686235684
2442439,112.93505282932895
2443440,628.1110809860565
2444441,607.8789972330652
2445442,592.1350415230261
2446443,631.4475843185527
2447444,603.2822921367889
2448445,144.70682413422713
2449446,613.2019206470995
2450447,588.7090486291736
2451448,582.3737180768126
2452449,625.6694789226814
2453450,635.3263927712193
2454451,395.65869080281095
2455452,631.5917193795133
2456453,635.739661156597
2457454,598.2653991042837
2458455,616.7286769337503
2459456,603.9831123409205
2460457,159.18690022762544
2461458,621.11035126026
2462459,619.9260142783794
2463460,609.9962501978627
2464461,620.1757081349042
2465462,603.0442032389789
2466463,259.0350631225429
2467464,592.714052179
2468465,612.205623598944
2469466,600.0856244210684
2470467,229.4864518940623
2471468,587.4521186758113
2472469,417.36917494009407
2473470,602.4837722320691
2474471,605.5350872275412
2475472,627.9860629696209
2476473,524.8854071106254
2477474,479.0007702484759
2478475,328.00503677922137
2479476,623.2720090045439
2480477,614.3664001744389
2481478,606.5537735404536
2482479,616.8070981567246
2483480,557.6329534418886
2484481,633.6786024883289
2485482,621.3391311225407
2486483,555.5902864220277
2487484,339.2892698092709
2488485,589.9278937265976
2489486,612.2336900195263
2490487,619.732327001432
2491488,631.3812966358073
2492489,606.2780907450629
2493490,640.2849020276628
2494491,593.349543971403
2495492,609.058115551471
2496493,443.93651393405077
2497494,300.72844545811625
2498495,598.0604304178179
2499496,547.0446018465607
2500497,362.93698742113617
2501498,554.5144258496662
2502499,633.898744099209
2503500,640.5458497650565
2504501,601.9916278420513
2505502,532.0667888553284
2506503,624.8497805994647
2507504,625.8486301590649
2508505,628.9233080532217
2509506,590.8780695717127
2510507,621.1076266497835
2511508,420.21066335464855
2512509,486.66024457472906
2513510,630.8758009691259
2514511,620.787564032855
2515512,657.017660331524
2516513,682.3985158812955
2517514,632.1905926141388
2518515,608.0203997406232
2519516,622.1263542457916
2520517,649.1609732255332
2521518,589.5168063884784
2522519,312.5034009170395
2523520,593.4943114468542
2524521,605.6467342860936
2525522,634.4518567879912
2526523,630.1025332834463
2527524,595.596741705295
2528525,593.1193469525451
2529526,640.5789922768464
2530527,624.6267211809314
2531528,596.8117529897615
2532529,634.0820822000549
2533530,629.1348953484321
2534531,561.587296358019
2535532,617.5013953139378
2536533,638.200790667996
2537534,633.8162025784775
2538535,592.9724619949395
2539536,608.4418275635322
2540537,615.3851975392464
2541538,557.6227581742745
2542539,627.2100053068725
2543540,638.9678309168746
2544541,626.8454904747241
2545542,607.1309746222086
2546543,590.6019127351495
2547544,639.3466301667986
2548545,613.5999972494313
2549546,618.3540965060404
2550547,631.6667478381091
2551548,646.0053049064489
2552549,531.4416999826967
2553550,635.1672463170122
2554551,612.3529191451502
2555552,638.5789157209717
2556553,609.6230112883866
2557554,595.6090613422073
2558555,620.6296297516517
2559556,569.4251123573521
2560557,621.7616488839948
2561558,634.5339251649388
2562559,583.0173642243348
2563560,624.622373418028
2564561,602.1690822038157
2565562,648.3144601329413
2566563,598.9438483399259
2567564,638.0823299403166
2568565,562.5338968875062
2569566,640.1992086758472
2570567,621.1950774511056
2571568,614.8040999913662
2572569,596.6526746297423
2573570,618.6744608411524
2574571,627.7342455567112
2575572,606.4747307221729
2576573,652.3865936488705
2577574,615.813046078425
2578575,591.4725116284612
2579576,617.4211982443715
2580577,596.748587510283
2581578,609.6392225297666
2582579,595.1745942543324
2583580,592.6469708254898
2584581,484.14689051601835
2585582,596.2895636914272
2586583,597.015839596401
2587584,591.732727985219
2588585,600.4664086947306
2589586,610.6456618653217
2590587,588.8241744644275
2591588,610.015289542206
2592589,600.5095359196259
2593590,608.7631572704046
2594591,619.1087702823864
2595592,596.5347265791493
2596593,606.7559252403413
2597594,610.4612137898996
2598595,611.6168132517488
2599596,588.2219470524292
2600597,604.2819337616148
2601598,607.7314191858601
2602599,373.3755905514637
2603600,623.0083609388307
2604601,607.6148669011172
2605602,624.3282026022575
2606603,613.9783580759258
2607604,608.6794302983415
2608605,619.392674672187
2609606,608.7443178580892
2610607,619.7858525027126
2611608,348.62822993603976
2612609,595.9795223027512
2613610,626.203405427412
2614611,622.9461433220979
2615612,584.9571626696151
2616613,368.73496440269656
2617614,619.030973707418
2618615,623.1883751831589
2619616,632.6022407070283
2620617,609.5874703693794
2621618,585.2663745957791
2622619,420.25850306953527
2623620,286.8002849505296
2624621,623.6147851693727
2625622,616.8458113417443
2626623,596.8192455060358
2627624,633.3446858908428
2628625,435.8193922403268
2629626,613.6163399206707
2630627,613.5208534494894
2631628,617.678933961938
2632629,632.2680026344168
2633630,588.5269307824939
2634631,627.754292976945
2635632,512.5610546527549
2636633,227.7234665553182
2637634,610.3085438320871
2638635,596.719823679639
2639636,594.7435939275025
2640637,543.0950007962758
2641638,603.8933114637516
2642639,600.5023018765667
2643640,593.1469268181477
2644641,587.467077649603
2645642,581.3424830476338
2646643,642.5794048711971
2647644,610.8751189292814
2648645,582.6824312435916
2649646,523.5981635727744
2650647,602.6666994423546
2651648,610.0004580984647
2652649,593.4306951125909
2653650,601.3721158349581
2654651,616.729542388953
2655652,628.853189211839
2656653,601.5304641836204
2657654,247.831531409521
2658655,575.7606965178107
2659656,586.0175092699125
2660657,602.4229701643064
2661658,624.2477271262146
2662659,549.5116030795882
2663660,604.0365049803868
2664661,614.9817695445432
2665662,598.0602075847394
2666663,635.6068835730772
2667664,606.7408421482057
2668665,591.7862325428806
2669666,633.1365732566192
2670667,605.045075930596
2671668,581.3054989692133
2672669,620.4982948011238
2673670,589.3352657988335
2674671,626.8577719845148
2675672,624.2320427639954
2676673,604.7515632493235
2677674,446.64636683640845
2678675,613.1806328345781
2679676,595.57687427532
2680677,289.6022923243857
2681678,633.3569899014033
2682679,546.3925391186566
2683680,330.45466607775097
2684681,623.052254843095
2685682,637.7174615148699
2686683,596.3983182514995
2687684,627.5168484586763
2688685,607.4183834893387
2689686,81.06269820798515
2690687,603.903526360778
2691688,586.9926926965021
2692689,591.4595769242916
2693690,494.5952483831912
2694691,605.619277713844
2695692,604.6943566326313
2696693,568.753006679417
2697694,610.633321699378
2698695,514.3217538525488
2699696,629.1903492225441
2700697,245.38293400354607
2701698,614.3854490799872
2702699,45.707472342699106
2703700,618.5875102601268
2704701,429.30731046910364
2705702,637.7583764727831
2706703,275.36119691824024
2707704,138.42461361900064
2708705,616.0651995088188
2709706,650.4330964478688
2710707,619.1076404854476
2711708,489.5066818835578
2712709,639.4728978602473
2713710,614.7646388124318
2714711,620.0742691962984
2715712,609.3231115043942
2716713,621.2285747522822
2717714,614.7990103417368
2718715,627.4835172342911
2719716,651.8356262531775
2720717,639.0096217166828
2721718,565.6869972318963
2722719,618.0815653212123
2723720,442.73041926836527
2724721,624.4989148213479
2725722,587.8917698734032
2726723,607.4973539076169
2727724,641.4320066833981
2728725,127.99260936690209
2729726,611.8782086385683
2730727,67.44365071506414
2731728,248.3440983000534
2732729,449.35399777092607
2733730,642.2568613350714
2734731,601.491253608688
2735732,179.1737943800299
2736733,579.8828365037446
2737734,628.7015010286854
2738735,68.9577884341906
2739736,620.3426187974669
2740737,132.60582797309024
2741738,587.4264128294701
2742739,561.5168212401733
2743740,279.56885660135987
2744741,624.7998028249659
2745742,633.1051912124997
2746743,584.0042370716645
2747744,594.9441478612131
2748745,569.326587321536
2749746,542.6929146125904
2750747,589.6850550605322
2751748,588.9604555082643
2752749,619.6395683182527
2753750,623.2811128760997
2754751,604.0355692375905
2755752,571.0294563944203
2756753,587.0896410753011
2757754,647.7188256788453
2758755,549.7524863526736
2759756,603.158080379745
2760757,575.9828539506083
2761758,629.4806515991298
2762759,603.7339622049068
2763760,600.6740549867429
2764761,540.9181177611138
2765762,245.1984715721301
2766763,467.1656686140767
2767764,614.7813394672798
2768765,564.9828486073559
2769766,612.9845289887692
2770767,252.35825481124527
2771768,594.9683141802192
2772769,616.2195433029268
2773770,605.376906541755
2774771,604.7000564823087
2775772,610.2915425668587
2776773,181.42955640912874
2777774,548.440469530021
2778775,590.0773500220686
2779776,577.9241120294239
2780777,645.0951027838563
2781778,636.0135073896689
2782779,588.6399394051056
2783780,649.5589412836291
2784781,590.0017938074911
2785782,633.2347499573186
2786783,635.9972504513263
2787784,167.63435655688923
2788785,608.8047879915032
2789786,257.376095997591
2790787,641.2700733369651
2791788,547.3757689182574
2792789,621.0749201472316
2793790,610.3818615516024
2794791,636.7112220332372
2795792,620.9631934221815
2796793,632.3871698971864
2797794,608.6127805382398
2798795,650.1177447558416
2799796,633.8176783859406
2800797,593.7326725604162
2801798,414.4904875418676
2802799,592.4159494077148
2803800,621.1601351423157
2804801,624.8958838083892
2805802,601.5140471043068
2806803,631.5184942994138
2807804,617.228867024499
2808805,603.2746443434993
2809806,625.1259896900974
2810807,590.7559850519734
2811808,616.8771978510496
2812809,649.5276321609842
2813810,615.8580297276533
2814811,648.5034609924718
2815812,653.9522224755027
2816813,632.4794381677617
2817814,613.8253795686765
2818815,633.4061730892946
2819816,627.8202024346663
2820817,607.1783874428569
2821818,620.8967249825954
2822819,621.1212153064608
2823820,619.0182612305651
2824821,662.4416569752947
2825822,613.7028018195186
2826823,589.3076822022185
2827824,268.03858357123136
2828825,630.29320669401
2829826,634.1551442145324
2830827,604.4770151403902
2831828,625.8214037009341
2832829,584.9190872147626
2833830,609.6497777859887
2834831,632.442445177623
2835832,606.0943824095037
2836833,562.4401666385833
2837834,519.0632020848791
2838835,626.3521830669212
2839836,643.0469599004076
2840837,633.0407460381579
2841838,639.0535666177269
2842839,608.1425905133163
2843840,572.6174748472322
2844841,613.6711701605103
2845842,270.80172741119355
2846843,621.1149518947421
2847844,618.1904496527973
2848845,571.8161571886912
2849846,570.6463908393148
2850847,567.5404034266652
2851848,602.9214171919047
2852849,109.7880109134274
2853850,635.750865700908
2854851,621.7422553735174
2855852,581.3438673714159
2856853,626.3753907292746
2857854,627.2423059451329
2858855,571.889394166113
2859856,185.228318231768
2860857,619.9675445956547
2861858,282.44405145787226
2862859,610.6757205449674
2863860,614.8702933679758
2864861,620.7188031346911
2865862,620.1443192089098
2866863,594.9685933389725
2867864,615.4000807243558
2868865,587.7133875396844
2869866,421.56171135921505
2870867,621.643576613492
2871868,620.691162277975
2872869,620.4456997691254
2873870,639.6931549840618
2874871,589.4332928101779
2875872,620.8177969754556
2876873,603.5332586119353
2877874,562.6406326360634
2878875,627.1300280880929
2879876,602.0612824806885
2880877,618.4196000422089
2881878,619.3345901891723
2882879,601.9488390428065
2883880,620.4804603666199
2884881,620.5188771764713
2885882,587.3035765559207
2886883,622.8897589241484
2887884,581.6836233825211
2888885,624.8229657896883
2889886,605.9720421049738
2890887,597.6883420924105
2891888,623.2869697263337
2892889,623.2546759919819
2893890,644.8003108644648
2894891,614.0863129762944
2895892,618.8326165822721
2896893,641.6007730339786
2897894,565.815065147485
2898895,636.4037829806207
2899896,598.6505200777138
2900897,425.24359099446445
2901898,599.7239739155931
2902899,603.9305954968688
2903900,618.7267507445099
2904901,607.3521340408489
2905902,600.7120253480856
2906903,613.4255136721384
2907904,585.8142521527243
2908905,584.0513099341458
2909906,359.40419774261363
2910907,588.6316516469035
2911908,593.9391795008348
2912909,632.6936346114351
2913910,398.0151480436667
2914911,632.4449563406155
2915912,532.8778979341773
2916913,611.6683609898663
2917914,630.5539679707384
2918915,615.4660859146485
2919916,604.9593538748169
2920917,646.2542808825743
2921918,578.5021796249723
2922919,614.4817367410507
2923920,353.91615045275256
2924921,630.7838439654122
2925922,495.2574583943504
2926923,604.6755231607526
2927924,574.8922577079783
2928925,562.9196653536411
2929926,594.9738611085583
2930927,121.1676978236829
2931928,624.5903993321994
2932929,614.3033112658142
2933930,613.2168961901148
2934931,472.31093576971926
2935932,625.3272777660928
2936933,586.4335026961821
2937934,615.794072374402
2938935,571.0431165011707
2939936,606.9515386492606
2940937,329.2706665414201
2941938,586.8630273007891
2942939,579.5806021858718
2943940,566.8444778040322
2944941,595.5429592160626
2945942,631.8228817632557
2946943,641.8168275417645
2947944,150.83153296320253
2948945,599.5434558257606
2949946,263.1542440360959
2950947,636.2998210960835
2951948,350.35582050172695
2952949,600.0433407671769
2953950,557.2479792838966
2954951,572.6241213170257
2955952,613.8940107596281
2956953,443.8849770747272
2957954,622.6951721124897
2958955,632.4832514083142
2959956,632.2088314688666
2960957,596.2639521109089
2961958,581.5694210350053
2962959,333.8497432844209
2963960,629.7745992546859
2964961,583.0075796584637
2965962,566.3784329985629
2966963,586.6134588780498
2967964,560.4462108799187
2968965,613.8446604249816
2969966,635.4670550728276
2970967,110.38600901358123
2971968,633.2824127763708
2972969,609.8637117889989
2973970,601.012184823447
2974971,623.2138185398917
2975972,617.0235123914537
2976973,591.0015404788958
2977974,610.6691642662202
2978975,439.57238240048366
2979976,616.1839376395004
2980977,614.229366572859
2981978,437.72379115904886
2982979,590.1508435519329
2983980,242.2406528207357
2984981,590.0207733269566
2985982,459.4666751712359
2986983,595.1131491413257
2987984,624.4879820583415
2988985,611.4127562367717
2989986,605.7699014237368
2990987,600.9042547769678
2991988,429.75355642276946
2992989,555.3205764665344
2993990,545.9365623940589
2994991,578.1667637763877
2995992,614.6417597317081
2996993,549.7873089340944
2997994,621.9566665076723
2998995,67.98540731338055
2999996,472.9552443587091
3000997,513.7008656852065
3001998,324.8188775768468
3002999,574.592408473774
3004000,618.1444962405909
3005001,588.9359294646036
3006002,586.9581242375453
3007003,584.3700166603693
3008004,597.3459618989027
3009005,614.4747168186078
3010006,246.1585412715102
3011007,572.2651346144127
3012008,621.018745864888
3013009,365.58903312497523
3014010,620.5862426052321
3015011,624.8043832675281
3016012,602.6584634916863
3017013,612.1310159716796
3018014,584.8429696207959
3019015,55.257076955996425
3020016,629.6807087274017
3021017,224.03549857673872
3022018,613.841660515389
3023019,594.2687130665176
3024020,626.7337066793594
3025021,619.0943361315057
3026022,213.154299136894
3027023,637.310638061992
3028024,575.7143149694311
3029025,613.2726955322427
3030026,629.8944070129238
3031027,409.2065468190573
3032028,640.2348863002043
3033029,584.8950741627749
3034030,604.6317128839956
3035031,602.3526375896355
3036032,625.8605617747941
3037033,622.5430302877637
3038034,571.14222753912
3039035,623.3987195271484
3040036,570.1377880997819
3041037,633.5109784854162
3042038,598.552211789578
3043039,609.3883739288148
3044040,628.4169915804403
3045041,609.5587073180718
3046042,488.2155274863273
3047043,619.3554923749186
3048044,620.2205316054974
3049045,636.3553537681133
3050046,606.3032957787675
3051047,614.3367536520877
3052048,623.3504555286831
3053049,621.3630662054562
3054050,587.8178002032136
3055051,330.7097259290919
3056052,322.77028292354515
3057053,599.6032594634474
3058054,632.1829714505524
3059055,598.418933044652
3060056,607.8994171043481
3061057,599.6817687508013
3062058,642.5793067868024
3063059,607.036543370821
3064060,76.30699644457863
3065061,656.4586896867037
3066062,640.6838275612731
3067063,398.07187943275426
3068064,218.43307821365926
3069065,642.8067060345929
3070066,613.8838783958369
3071067,604.368405519995
3072068,608.847338207971
3073069,601.8778407639429
3074070,610.6895784644242
3075071,638.8622119132706
3076072,589.5244125424424
3077073,632.7684116166014
3078074,641.2645187153038
3079075,631.2601897443881
3080076,632.5464863208796
3081077,627.6361919249292
3082078,627.3293845006342
3083079,399.10679163758897
3084080,621.4133809725208
3085081,608.0386802568768
3086082,474.39294328019696
3087083,643.3002833050649
3088084,628.1348580877868
3089085,203.57465337934025
3090086,629.9559149333913
3091087,108.51745068339757
3092088,599.4399912938644
3093089,444.6307159438204
3094090,430.843708694336
3095091,129.98868473486488
3096092,627.58901966749
3097093,595.803729990993
3098094,282.2228443416361
3099095,624.0299165904497
3100096,327.63986106798325
3101097,609.8977142661021
3102098,636.2857029779693
3103099,607.835564417533
3104100,637.6098589960677
3105101,635.9878182076534
3106102,594.5649135033862
3107103,379.1988038018709
3108104,334.7052660787973
3109105,348.94495743701617
3110106,216.62653813737424
3111107,610.6396767795627
3112108,594.9601098618426
3113109,645.9728489391657
3114110,614.1276646158889
3115111,581.6606313908486
3116112,524.7321293669241
3117113,529.6410993910426
3118114,483.2055172151625
3119115,606.1830808015461
3120116,635.4884270999597
3121117,630.6393776675898
3122118,626.8326609005121
3123119,649.6587581404276
3124120,622.2862088476453
3125121,613.3932760136369
3126122,426.6231680599702
3127123,638.3024189438432
3128124,113.58948349271807
3129125,626.8964082033589
3130126,586.4591467282098
3131127,171.08448855317525
3132128,620.4137067386274
3133129,637.2733668698181
3134130,611.337558885552
3135131,626.206648159759
3136132,620.1542559863849
3137133,649.8701811641126
3138134,404.9162822593954
3139135,613.0601719144232
3140136,630.2124909259073
3141137,607.26140117244
3142138,625.3630707641514
3143139,627.3070373487786
3144140,611.8475074156803
3145141,586.3014199479238
3146142,615.540708331477
3147143,622.8823220869155
3148144,630.2014539714957
3149145,560.4583067422699
3150146,99.49279585842322
3151147,66.81527229858372
3152148,636.8418858312831
3153149,607.0571632528233
3154150,617.0601899745941
3155151,618.0405578938382
3156152,625.1177630715371
3157153,623.230462561332
3158154,136.70142571972153
3159155,630.2311481784648
3160156,608.1067960127658
3161157,628.5320876385603
3162158,601.0760559952033
3163159,627.852710079024
3164160,606.4009349626605
3165161,455.2525564211693
3166162,116.69227450230032
3167163,634.2335312616952
3168164,650.736841839736
3169165,652.98358835435
3170166,618.622237362496
3171167,121.79260046725587
3172168,241.1872133970447
3173169,638.2111797640611
3174170,354.35721057686595
3175171,645.9340616294211
3176172,604.4973860496574
3177173,649.8105285337591
3178174,613.5119553601455
3179175,641.2340097635592
3180176,630.7816554476252
3181177,592.5458459549417
3182178,548.5525527741862
3183179,634.5770796728972
3184180,608.817421773151
3185181,614.6112543386758
3186182,368.01518784006237
3187183,641.6987792421675
3188184,623.4862147206869
3189185,585.0450551223207
3190186,586.0089409840601
3191187,71.98636248809305
3192188,626.7976137532595
3193189,449.72763322079425
3194190,632.4466988547723
3195191,606.1082849424031
3196192,281.7106534312362
3197193,638.1470588053087
3198194,374.68573123434885
3199195,169.0055427902736
3200196,577.8590060506209
3201197,257.47527929176795
3202198,615.6994097511067
3203199,220.25436633708028
3204200,623.6538108890045
3205201,605.1858209861517
3206202,516.5674587986101
3207203,626.7246175141139
3208204,521.4142413167014
3209205,627.8560257738794
3210206,362.09553604683407
3211207,579.7707681181221
3212208,648.1086489424891
3213209,411.21218225203734
3214210,603.6636416412185
3215211,250.20070040216945
3216212,532.976390924683
3217213,622.8173983936829
3218214,598.5078421546646
3219215,610.4258443771813
3220216,600.5411331803391
3221217,582.6247043063113
3222218,627.898880166191
3223219,611.0603800968008
3224220,335.94753207289926
3225221,624.7112253767411
3226222,593.8934133800442
3227223,578.3840018507866
3228224,642.176092097255
3229225,610.7697930485479
3230226,640.1632168524566
3231227,393.7085401298536
3232228,543.5277047127898
3233229,546.5540933573268
3234230,629.5881952202391
3235231,537.2597111622503
3236232,619.6277392820508
3237233,562.1768873568873
3238234,640.8572203066036
3239235,627.8265536267604
3240236,616.0901025316767
3241237,595.9971153814768
3242238,422.2627786911439
3243239,584.3944960599867
3244240,634.2324332857384
3245241,615.5406140417363
3246242,196.58057546046862
3247243,544.5873818685479
3248244,500.30934491908556
3249245,621.5734076175306
3250246,606.2258565684289
3251247,618.1737761738873
3252248,607.7613590003506
3253249,634.4705913793476
3254250,564.0953210993557
3255251,625.2875528193854
3256252,592.6522319567262
3257253,463.4393974389061
3258254,600.448516698473
3259255,532.0960513014306
3260256,644.9611725113523
3261257,620.1862259344291
3262258,587.1927334027378
3263259,617.381063326623
3264260,608.2145620984401
3265261,569.6657431552126
3266262,123.66201827047564
3267263,575.6053636937856
3268264,619.5857894561659
3269265,573.7108781751544
3270266,587.7365294088141
3271267,599.1027575347422
3272268,624.3766683240956
3273269,444.23969415126317
3274270,85.23006753157132
3275271,241.44639110994632
3276272,505.57066770641865
3277273,574.1779126827
3278274,320.00871610889715
3279275,600.424680578224
3280276,604.4791152387606
3281277,605.1212841937697
3282278,373.24873327441924
3283279,584.5945261497156
3284280,477.60813830292915
3285281,634.561153683891
3286282,623.3823756070188
3287283,635.4972146708727
3288284,600.025937335512
3289285,590.7245595825254
3290286,583.1899004325489
3291287,99.48025166302344
3292288,159.83368801461378
3293289,592.4563837833592
3294290,613.5967471394985
3295291,595.536263065881
3296292,626.4265048249823
3297293,489.7776358501145
3298294,598.6223773800602
3299295,607.8692121805058
3300296,626.5405891201292
3301297,545.4143424937585
3302298,412.36583624119055
3303299,602.564772553282
3304300,560.4475554576993
3305301,611.0032824175372
3306302,70.2295894228702
3307303,599.8097630729621
3308304,581.1745191866657
3309305,466.08989523664286
3310306,433.8037260946234
3311307,592.8731577120102
3312308,411.2173094661111
3313309,593.0429284486759
3314310,554.0255740276236
3315311,635.2896828119477
3316312,73.48269481082667
3317313,509.10400170543227
3318314,319.2092765611738
3319315,476.02371984905557
3320316,593.0279417213351
3321317,414.232495434769
3322318,633.5817643587111
3323319,589.2930244784056
3324320,597.8977158006942
3325321,620.1479480757295
3326322,563.0483747397853
3327323,642.1606113267384
3328324,541.4277656452033
3329325,430.7781245996038
3330326,343.5107276157988
3331327,148.8445886713536
3332328,628.8386116654036
3333329,631.6126551884233
3334330,576.840168780112
3335331,551.5423959795439
3336332,602.109625880278
3337333,596.8840465085975
3338334,600.4216047052699
3339335,618.4072525405294
3340336,621.6232422879516
3341337,621.7627051897283
3342338,165.80179401887068
3343339,565.1531002084148
3344340,395.75261453445586
3345341,589.1886266217408
3346342,595.4444447140974
3347343,647.1797982624483
3348344,514.6197068081347
3349345,537.1060573162185
3350346,579.9285370376803
3351347,632.6006489159306
3352348,580.9145570381016
3353349,118.25964377902851
3354350,543.5946932881568
3355351,600.4601891496483
3356352,577.0034308267108
3357353,630.9932441603464
3358354,650.2762225623945
3359355,548.5636209491513
3360356,414.42689831141996
3361357,517.2729162317842
3362358,610.1357370127863
3363359,638.7322940839754
3364360,617.0859283080522
3365361,601.3315323540824
3366362,88.12723425783634
3367363,489.7937089021137
3368364,592.3713658233704
3369365,389.69834111519435
3370366,512.4908780552246
3371367,193.1901097551961
3372368,621.9546342121632
3373369,627.1864005965084
3374370,137.49928706149566
3375371,624.3096388035895
3376372,613.4960446642921
3377373,634.8102654872703
3378374,620.9163161815954
3379375,56.87635428322926
3380376,547.7301314229393
3381377,521.8650267326726
3382378,614.998088244457
3383379,646.2915274368312
3384380,436.6249873111086
3385381,89.82510795580747
3386382,606.0847558162945
3387383,80.32123663958724
3388384,664.0341156325516
3389385,68.2485255526917
3390386,609.2058963128784
3391387,617.1363273109384
3392388,113.02916245737859
3393389,620.6373136507781
3394390,248.25240553675073
3395391,594.7351107229315
3396392,581.4115812014627
3397393,620.2525648661361
3398394,618.766898438006
3399395,585.4214012600194
3400396,655.1518202804614
3401397,622.6502054698306
3402398,462.2988860647619
3403399,643.7152446098039
3404400,597.8313242233592
3405401,562.1820354844169
3406402,380.1157690064407
3407403,96.90648079638177
3408404,650.0269759504042
3409405,633.0061805437424
3410406,543.5566828187389
3411407,605.6013888730522
3412408,636.950590781103
3413409,625.928394778729
3414410,634.1137518628261
3415411,546.534595098679
3416412,414.63503687180923
3417413,120.2042992670151
3418414,633.7449693027185
3419415,617.9622597086267
3420416,604.8741052971337
3421417,614.9026162430202
3422418,651.4903498035615
3423419,503.5327463354669
3424420,641.0141491408351
3425421,665.5017646873378
3426422,162.62447687635674
3427423,618.5052053357541
3428424,653.3258796419483
3429425,273.58022548951635
3430426,613.6677025114972
3431427,623.1020054618965
3432428,549.6824534815947
3433429,665.2471727681526
3434430,629.9993471955507
3435431,611.3807916527736
3436432,597.5622227463099
3437433,638.190976390072
3438434,579.2586044611103
3439435,162.3786766968704
3440436,632.0156312030907
3441437,580.2509821027625
3442438,633.0035491798438
3443439,89.35862963640244
3444440,628.0139264257172
3445441,640.3944021605215
3446442,598.51466483332
3447443,629.2913491764062
3448444,659.2233861762911
3449445,537.2761996559905
3450446,592.2313481025368
3451447,633.2153032044816
3452448,570.608139479397
3453449,616.1102010507071
3454450,633.6306011477637
3455451,529.4369600391086
3456452,640.3715241203771
3457453,538.4951872688983
3458454,634.1836866625088
3459455,452.1099862625232
3460456,583.5110420728948
3461457,643.3221103280397
3462458,641.7058508996819
3463459,633.910957210573
3464460,645.538887944677
3465461,557.4234002422311
3466462,636.1885583563499
3467463,628.9546114034248
3468464,96.79897992277276
3469465,583.5324059731028
3470466,590.7349637564705
3471467,656.6181100329253
3472468,627.4820727080427
3473469,644.4946187326477
3474470,211.55795572797285
3475471,543.3709732961955
3476472,650.1770115827453
3477473,614.7876591946401
3478474,625.2320790701236
3479475,611.0444594949349
3480476,608.7293450567794
3481477,598.793322851369
3482478,595.161337530435
3483479,626.9746641062414
3484480,620.6788291869775
3485481,643.5926097806007
3486482,608.3930924327593
3487483,639.5662577784639
3488484,537.4585446528139
3489485,640.9814914944541
3490486,644.4851033716824
3491487,599.6796399864942
3492488,591.8345322094433
3493489,593.6253413553172
3494490,495.97168491187284
3495491,620.4238762476981
3496492,610.7458324963576
3497493,583.6621774130126
3498494,622.7012409551132
3499495,602.9821135135807
3500496,470.81421543572577
3501497,586.2804856525219
3502498,595.7839216397964
3503499,581.0913961568207
3504500,611.5612396779529
3505501,630.4420537758544
3506502,648.8146281988829
3507503,593.3289366007502
3508504,623.1568904978416
3509505,621.6665776183992
3510506,556.5510564208614
3511507,619.4512974613918
3512508,603.3609215904927
3513509,629.9601163865079
3514510,422.02994182821413
3515511,579.575602221218
3516512,605.3224109665296
3517513,629.6441024013936
3518514,631.202221770974
3519515,616.3130263107881
3520516,86.55352657391263
3521517,624.7385367466096
3522518,133.3117413467144
3523519,633.8658466085477
3524520,550.1725612970827
3525521,610.1326480511607
3526522,567.7543238452605
3527523,619.6970206991917
3528524,637.774121702643
3529525,618.3898882562542
3530526,617.3348489936411
3531527,603.2502016763084
3532528,610.8853613225122
3533529,608.719745214905
3534530,487.4235693613467
3535531,601.4383361625382
3536532,597.3011686631979
3537533,456.6346459622136
3538534,580.4704881059359
3539535,588.5311706042186
3540536,622.3440756074715
3541537,570.6098096878844
3542538,575.6748365794923
3543539,579.7668657430239
3544540,358.94358436760206
3545541,610.3359447732162
3546542,604.5118877439273
3547543,92.95637696774209
3548544,623.6185331960123
3549545,546.3947589670661
3550546,636.5146928171265
3551547,649.4714736714315
3552548,585.8735353759282
3553549,569.0156265928256
3554550,314.01581422402853
3555551,388.80427102169216
3556552,632.2054824151336
3557553,628.1143546180446
3558554,605.1543380284953
3559555,151.87466966159656
3560556,608.5820060320617
3561557,578.4387098700435
3562558,622.6823293332424
3563559,570.931701564002
3564560,558.6944700179795
3565561,607.3913547342271
3566562,200.72252948125498
3567563,613.5806009697474
3568564,600.433405094743
3569565,626.7079283659765
3570566,607.5334731846383
3571567,378.20081635000844
3572568,601.1994519127936
3573569,235.388652491525
3574570,577.5642367046166
3575571,515.9717056612237
3576572,638.9308746810578
3577573,639.303440819956
3578574,629.8190071979213
3579575,585.8402033964662
3580576,630.6748185709791
3581577,638.4875541956114
3582578,604.5122647289647
3583579,555.6457572805075
3584580,574.8951053135572
3585581,566.8298742552325
3586582,648.4447132830832
3587583,638.5022562261397
3588584,629.7393591002563
3589585,630.3767666249295
3590586,130.08432524705586
3591587,437.452138433278
3592588,193.4709522749215
3593589,632.9160836853019
3594590,633.4125368312673
3595591,588.435734308213
3596592,624.2759631568933
3597593,608.5581541904022
3598594,458.2215291814918
3599595,398.8375764220933
3600596,625.8980261947385
3601597,587.5697546259184
3602598,604.0781378275192
3603599,618.6345488995057
3604600,581.3518298992171
3605601,609.2866796955409
3606602,527.957573143804
3607603,612.9499462285941
3608604,623.7051862432342
3609605,602.6858837502823
3610606,578.2992818365449
3611607,621.5619662458894
3612608,631.629972531899
3613609,609.7362118257892
3614610,626.0580614352623
3615611,588.3648217385961
3616612,617.9213028553886
3617613,172.43559633462903
3618614,495.23055776031833
3619615,66.99633991553203
3620616,629.0840597994504
3621617,598.1739045210799
3622618,585.3660785954772
3623619,148.27527292084463
3624620,604.0272524630379
3625621,555.4499778916389
3626622,594.128485274194
3627623,192.34771576285172
3628624,176.01220691625423
3629625,618.8565074763865
3630626,630.5526202237328
3631627,467.40494879305487
3632628,599.7488153784944
3633629,107.42162594695917
3634630,576.9163316616206
3635631,587.7775984621898
3636632,642.2035288280887
3637633,647.0593885834489
3638634,621.0820401731397
3639635,646.1918082725548
3640636,409.9375303746316
3641637,600.5662005961719
3642638,642.2885632953087
3643639,629.2867750261066
3644640,593.4945690215375
3645641,589.1371394017999
3646642,601.9089631533361
3647643,503.32198286220284
3648644,626.2770537950645
3649645,624.0459570197963
3650646,626.0388840652957
3651647,649.3627736113884
3652648,628.0775802708436
3653649,634.3938309647468
3654650,653.8935027303746
3655651,631.053669124892
3656652,623.2227361228539
3657653,603.5997047797507
3658654,147.25388291816256
3659655,539.0925617777493
3660656,591.6850847583842
3661657,635.7661708937583
3662658,612.017684415324
3663659,520.9548379823
3664660,558.7456992312776
3665661,646.2796772182276
3666662,618.3069641419389
3667663,618.8454650940416
3668664,655.1093867474297
3669665,619.9732612024019
3670666,573.7189489586558
3671667,625.9062999508388
3672668,629.1663880846505
3673669,629.5065478927107
3674670,657.6804290164608
3675671,607.7025260069234
3676672,607.0216112022556
3677673,662.2368135564881
3678674,636.2021729597152
3679675,641.3226433643762
3680676,643.2708497045072
3681677,641.6228761095538
3682678,230.70056049223103
3683679,443.3858829384067
3684680,640.062269121918
3685681,613.4349373215621
3686682,652.3362883286088
3687683,614.2631900534652
3688684,633.8430452927104
3689685,490.13926250113457
3690686,639.7203382077092
3691687,639.1242506709415
3692688,578.4985991888958
3693689,514.7347116027307
3694690,617.2910935118022
3695691,624.6356871121756
3696692,114.05547784218658
3697693,609.327344019765
3698694,638.3267782717461
3699695,101.94975248854225
3700696,629.745521968608
3701697,516.4348705894349
3702698,625.8034885497881
3703699,608.3967714328131
3704700,613.0848320401299
3705701,607.3135560933063
3706702,626.7559596689625
3707703,588.9588823064903
3708704,582.429555637062
3709705,616.0083400383602
3710706,626.9471505678455
3711707,607.5131047240798
3712708,628.5684153030928
3713709,637.1621767054596
3714710,621.4137365536732
3715711,588.5213845160762
3716712,656.94987067421
3717713,639.6434647965353
3718714,649.3748224990561
3719715,620.7080060192579
3720716,79.03089581552716
3721717,632.4066708434057
3722718,609.4269978194424
3723719,631.4366315322253
3724720,237.61233251848236
3725721,587.4322482472923
3726722,512.0248047020862
3727723,628.6245622121803
3728724,99.97076045943912
3729725,619.9258555196186
3730726,599.8099655581462
3731727,639.7815608100431
3732728,469.39382694838474
3733729,277.2032477095816
3734730,627.1022281181853
3735731,634.5874131970933
3736732,623.518484296535
3737733,651.71350224018
3738734,598.2855693732239
3739735,638.4280068303035
3740736,638.7440117165464
3741737,638.5731713435783
3742738,163.0033090783449
3743739,653.1730805917085
3744740,166.83918944781078
3745741,628.4897989634431
3746742,613.6401336412924
3747743,606.0377771255878
3748744,644.6913944366302
3749745,630.8879174329481
3750746,639.2061997366327
3751747,622.6135044176251
3752748,597.8058090110028
3753749,619.1487337461034
3754750,597.7304612940186
3755751,648.4208361767984
3756752,280.9490392525945
3757753,638.9233438208765
3758754,582.5328470520409
3759755,633.5677217637823
3760756,463.5133109101797
3761757,641.5192740013706
3762758,637.4361181346959
3763759,634.3561848005309
3764760,607.5724088461195
3765761,615.6727589175953
3766762,605.2042746362561
3767763,654.0750277852521
3768764,629.0744919360986
3769765,608.5582596361694
3770766,650.3105901517196
3771767,145.3452893057809
3772768,637.4857505781504
3773769,188.05125070350078
3774770,597.4337679573254
3775771,632.8666297556582
3776772,625.8687724367204
3777773,654.0448685863282
3778774,595.6798076437864
3779775,599.6160098363354
3780776,601.25713595589
3781777,578.5792219163657
3782778,634.2033946671554
3783779,643.5326242516973
3784780,213.7996350484574
3785781,608.8168038277026
3786782,624.84913219763
3787783,262.0185904213916
3788784,641.2467443123425
3789785,633.0557953396415
3790786,622.2439552972046
3791787,229.87039183635198
3792788,233.48482105285092
3793789,615.404623193235
3794790,622.5983860985261
3795791,579.8610687130109
3796792,138.8571632432299
3797793,611.763069737253
3798794,528.4185134603658
3799795,665.8135442945523
3800796,605.8561752945812
3801797,621.3149849095014
3802798,622.3585716632695
3803799,603.7146102991275
3804800,140.39357204212197
3805801,601.8444889273078
3806802,603.6634463811681
3807803,556.5514816560204
3808804,199.12992723404338
3809805,637.2794865185605
3810806,626.8789976725528
3811807,628.9360787551445
3812808,621.4892651343908
3813809,559.2267379998
3814810,552.0238405513638
3815811,606.2582664857287
3816812,641.1770599287961
3817813,633.4912978008026
3818814,661.9897799187537
3819815,638.1357848790142
3820816,490.15930792550495
3821817,636.0969428404445
3822818,637.0934104411571
3823819,610.7088152289799
3824820,617.2539035425968
3825821,651.122615103136
3826822,643.9104957645804
3827823,623.3577977408553
3828824,618.9104980847787
3829825,597.3512614830375
3830826,636.1923204148605
3831827,638.0373541899537
3832828,591.7809240009504
3833829,579.0416747491552
3834830,636.4422436403577
3835831,618.0056980970313
3836832,578.6499586573011
3837833,625.2878083774023
3838834,584.8652300907775
3839835,607.1242273888238
3840836,622.5148333774748
3841837,595.1270272170425
3842838,631.6318519120227
3843839,619.3957537055162
3844840,591.5865633763502
3845841,628.5424507741499
3846842,599.1828984794856
3847843,617.1593122343404
3848844,477.03002061298406
3849845,613.4947666416537
3850846,317.8737185888705
3851847,629.2372320757371
3852848,643.5118533411402
3853849,588.4621000298736
3854850,633.8641161008804
3855851,606.3010639480336
3856852,654.0646963769271
3857853,582.4229332865568
3858854,611.0081934242082
3859855,139.00631211005503
3860856,634.6871375214591
3861857,596.4005969162239
3862858,621.1447147198464
3863859,608.2503996455304
3864860,634.3893222222754
3865861,621.1928069608236
3866862,525.2332068551377
3867863,645.113333117611
3868864,631.7163256184534
3869865,627.6560706508038
3870866,656.868229944884
3871867,601.3460154263615
3872868,199.02918286373904
3873869,645.574503456071
3874870,576.1521895329521
3875871,620.2853861291438
3876872,620.3937315686547
3877873,515.1972528266415
3878874,583.0470491346418
3879875,630.3534087924795
3880876,235.97256770875268
3881877,630.57640724925
3882878,556.7752238858609
3883879,667.7201380888299
3884880,589.6360372185729
3885881,617.9484075122384
3886882,635.4622200773733
3887883,666.8807058055545
3888884,645.5625285011938
3889885,634.0629066616951
3890886,134.00886187164676
3891887,648.7568226600285
3892888,633.0617094450565
3893889,650.5367924419033
3894890,618.5539914817637
3895891,273.6755011150072
3896892,618.4210770189923
3897893,630.3528227764263
3898894,659.6236962150635
3899895,598.3900987599203
3900896,147.1046572318089
3901897,607.5782939038465
3902898,181.0000867213257
3903899,326.3801339704364
3904900,136.41355498571443
3905901,525.4980067296789
3906902,639.950813617603
3907903,617.3073947885717
3908904,567.5538459638445
3909905,639.5338147418272
3910906,602.4918506975087
3911907,640.4577479616033
3912908,566.0659697574745
3913909,616.5586143277449
3914910,633.2743469488332
3915911,605.0608468653376
3916912,639.9390568773966
3917913,634.4721556292424
3918914,652.2408685922607
3919915,648.9248062023566
3920916,641.0978417043777
3921917,558.5241652205164
3922918,614.0676479186909
3923919,602.5815035821616
3924920,622.0207935484973
3925921,607.2511096730723
3926922,588.2749966118206
3927923,596.2156466266629
3928924,569.5600786760511
3929925,610.2006455118773
3930926,547.9948158510745
3931927,618.2346610233869
3932928,601.969948652012
3933929,641.133113178748
3934930,628.067904203562
3935931,639.7608481488577
3936932,609.6112637232417
3937933,553.7171734416809
3938934,418.6736655098583
3939935,474.1648078229044
3940936,607.9176832137688
3941937,612.8565747102823
3942938,600.3742903949858
3943939,633.6045080193512
3944940,626.9387749956556
3945941,592.977022390345
3946942,614.7961998918753
3947943,202.58812103859316
3948944,596.9657515438201
3949945,619.0116209757736
3950946,628.3395620878866
3951947,633.5834360220781
3952948,295.68531734449436
3953949,613.802210809311
3954950,545.0084040430177
3955951,639.2195630301624
3956952,610.8965695563493
3957953,600.7435892753404
3958954,581.9654268463896
3959955,643.5742994793209
3960956,635.4260829091683
3961957,646.8123542325033
3962958,617.2015666784863
3963959,600.367134528236
3964960,654.6348935371922
3965961,635.7135499364398
3966962,617.6856048468927
3967963,660.2534460415156
3968964,621.665834287372
3969965,635.3078239515718
3970966,647.4017999696695
3971967,344.3603806159759
3972968,628.9510997965373
3973969,593.5651987604194
3974970,444.5180290520697
3975971,554.9650476942268
3976972,596.3322796388245
3977973,68.13481745840093
3978974,638.4693601429201
3979975,510.0502045814734
3980976,275.5211939655969
3981977,614.7664859409838
3982978,611.1926446896812
3983979,339.0407149795234
3984980,611.8953067697553
3985981,647.9407326826821
3986982,600.8750386232057
3987983,414.3554929111175
3988984,595.4542275542304
3989985,608.859749872434
3990986,333.67693253399403
3991987,555.1590200739118
3992988,507.94158941773446
3993989,343.3696975597216
3994990,512.89601878384
3995991,545.6622675871453
3996992,582.1423722695247
3997993,625.3668280688464
3998994,631.9716499615528
3999995,617.8118180476811
4000996,607.681572175772
4001997,177.74997733298892
4002998,591.7714582780317
4003999,127.74118595597398
4005000,600.6029994044254
4006001,303.43053950360013
4007002,593.7395756581127
4008003,646.9074106579394
4009004,603.3683899677703
4010005,585.0136906475822
4011006,612.9052766770028
4012007,659.7618120082345
4013008,637.7863611126066
4014009,314.0108757048771
4015010,614.3389075229685
4016011,620.8681786181171
4017012,553.6416012617551
4018013,632.3002530166981
4019014,636.7770353155487
4020015,617.890570147788
4021016,578.3574745905723
4022017,556.1032659004946
4023018,629.2554773382944
4024019,568.8607193630507
4025020,592.6479436064308
4026021,635.8748707836822
4027022,554.7689164318452
4028023,504.6872593746077
4029024,665.0907695095905
4030025,216.17734373317944
4031026,590.1040327447507
4032027,630.7108282897054
4033028,533.6337188116138
4034029,166.03932506574873
4035030,614.3127720794142
4036031,622.3317517941724
4037032,276.4956610577881
4038033,613.2744713862849
4039034,622.8535611093309
4040035,593.9711865760161
4041036,623.5205434233814
4042037,641.3895319682316
4043038,640.243455972785
4044039,604.2288528216427
4045040,304.9053913763614
4046041,118.39290068442934
4047042,658.0972376733773
4048043,621.1989604274239
4049044,656.256246443164
4050045,627.6170734787521
4051046,610.2788331693209
4052047,596.9336566785842
4053048,583.3972231611934
4054049,615.2386189788313
4055050,616.2892609198296
4056051,605.622336425352
4057052,651.2209817307514
4058053,230.48948740860476
4059054,380.2624524214347
4060055,306.22412070223106
4061056,642.015109081295
4062057,620.7513478452953
4063058,533.3808724424674
4064059,616.4062263900315
4065060,648.9108435614163
4066061,645.2386936166156
4067062,591.7806699203329
4068063,638.6179898502528
4069064,566.5589068677285
4070065,579.2706898009963
4071066,640.2241388645432
4072067,632.1484971224316
4073068,402.0813168037061
4074069,611.3340514468673
4075070,395.43194442853377
4076071,616.6474817667607
4077072,642.1015880086397
4078073,581.1205424622469
4079074,654.5988631442118
4080075,595.7860283994901
4081076,645.0529640182194
4082077,629.3124745712066
4083078,632.4052855790057
4084079,624.2569151509136
4085080,615.2037777851236
4086081,630.555595335757
4087082,628.2700783613561
4088083,623.8806575315008
4089084,621.0594784236229
4090085,613.6493623048092
4091086,543.9798317302105
4092087,597.2911684694203
4093088,620.6992877518348
4094089,591.7085351883338
4095090,578.0868780925261
4096091,607.0578087275145
4097092,621.4981547378067
4098093,628.6800048382898
4099094,630.1690889673715
4100095,602.0186512215517
4101096,591.5168761649774
4102097,566.2058374009974
4103098,611.9833318019804
4104099,575.1697913406381
4105100,604.1698590231115
4106101,186.13767529416256
4107102,635.2428495555713
4108103,584.0355181747922
4109104,640.8024333281923
4110105,182.96967148443667
4111106,588.4047821789412
4112107,603.2262923885899
4113108,666.3348826405158
4114109,632.4380898588622
4115110,598.7898594692414
4116111,617.3492445525874
4117112,159.53603398040633
4118113,561.3913134407776
4119114,614.575236656211
4120115,602.1161159014526
4121116,480.05788869237614
4122117,585.6268892533362
4123118,578.0756607718413
4124119,171.23256838342638
4125120,600.8405633297523
4126121,45.44079910090952
4127122,296.4693780612605
4128123,549.7053289639946
4129124,607.9970993531549
4130125,592.144712366605
4131126,593.929764128883
4132127,592.8695357551998
4133128,628.5945430272486
4134129,621.5216653095043
4135130,576.2437924263882
4136131,606.8189836249518
4137132,574.3083680911857
4138133,590.0126595190345
4139134,452.3913335732987
4140135,613.6651153664884
4141136,489.1485832578462
4142137,617.1908825730993
4143138,579.1419231027546
4144139,439.6093705108915
4145140,556.3448402567401
4146141,604.5606484373385
4147142,578.8348775676584
4148143,602.861627636555
4149144,548.5428002801244
4150145,209.49339953246505
4151146,647.4246278221657
4152147,627.4830671922655
4153148,172.0696077320422
4154149,606.0787504266578
4155150,229.98389907308646
4156151,167.89759581567756
4157152,636.8505607277981
4158153,631.9410336675628
4159154,610.1474755929448
4160155,631.5581260256396
4161156,575.042188902856
4162157,602.616873434351
4163158,144.91925329284376
4164159,620.8280211998962
4165160,573.2624152635526
4166161,584.4767735027649
4167162,526.6903116809998
4168163,608.974752541385
4169164,605.282675983129
4170165,580.9252009612179
4171166,579.8858995644135
4172167,623.7765702218055
4173168,348.5184679751087
4174169,416.0537117621934
4175170,600.339139471487
4176171,651.7200546440666
4177172,602.9950341714879
4178173,393.7164056496172
4179174,614.2519505612631
4180175,586.3114760066064
4181176,600.9408834319901
4182177,623.1216804737797
4183178,623.7699835245414
4184179,536.3928666526427
4185180,608.9948174805686
4186181,606.7673899409988
4187182,610.3420142712514
4188183,597.7908927209975
4189184,597.0559097920387
4190185,624.3028681649669
4191186,591.4496876800213
4192187,626.4701306979978
4193188,584.5231219948098
4194189,601.2391284776953
4195190,644.7429654753414
4196191,618.636059918137
4197192,616.5177857226975
4198193,650.0206299470226
4199194,626.8602368901783
4200195,562.3994207264126
4201196,588.0053037899096
4202197,635.1619419377869
4203198,603.9294247818415
4204199,601.0721568970579
4205200,576.9382394021584
4206201,614.3189577783211
4207202,626.7681690330273
4208203,643.0567043234556
4209204,610.4272393323148
4210205,648.4711321788652
4211206,620.9149145759592
4212207,627.636166653822
4213208,619.3482258333006
4214209,609.2149701170581
4215210,582.1871113039829
4216211,575.1705601702982
4217212,621.2967645285324
4218213,639.7024984761366
4219214,615.9088557609809
4220215,446.26808159341033
4221216,633.282414274679
4222217,544.2957549125919
4223218,641.3567981081891
4224219,623.3659054691149
4225220,641.2149898671955
4226221,611.57791876379
4227222,639.7028496698197
4228223,617.9057800622044
4229224,664.2073517756879
4230225,547.7073629467288
4231226,538.7801888940704
4232227,605.2981527316448
4233228,635.7487184663225
4234229,640.9421609345758
4235230,652.8642050490273
4236231,586.1963627479751
4237232,638.0660120025802
4238233,620.8152317695078
4239234,618.2384289952698
4240235,561.8177264872859
4241236,639.0936326947127
4242237,591.6370549522347
4243238,596.619241384447
4244239,624.376948913329
4245240,609.0252947626997
4246241,629.6434563952357
4247242,596.2272186761028
4248243,628.9529498835615
4249244,647.8941962190755
4250245,535.4003212644841
4251246,641.7792706879117
4252247,634.2580758101332
4253248,640.9673737953754
4254249,636.6950490545527
4255250,658.191728588115
4256251,612.681004483298
4257252,609.3437662988749
4258253,660.1614848629007
4259254,638.608865186999
4260255,582.8092897057195
4261256,654.4684159299104
4262257,588.4941299344644
4263258,650.9060033843845
4264259,188.85349601112662
4265260,618.99225855382
4266261,644.1372353847928
4267262,649.4404451488365
4268263,617.8953507611701
4269264,653.5803756849855
4270265,615.0822766145404
4271266,623.899967921442
4272267,627.8566617546599
4273268,660.1043552597571
4274269,640.0242030943438
4275270,335.739065988896
4276271,646.6234772608017
4277272,337.6186812153954
4278273,603.6493852933514
4279274,611.5193530132366
4280275,531.0778980784731
4281276,103.29847274414355
4282277,618.4648224933643
4283278,626.0812473252181
4284279,629.4927994968419
4285280,602.8109630973742
4286281,263.3031346560403
4287282,558.8647527569982
4288283,636.1754279996491
4289284,627.1926040545411
4290285,631.3336920616883
4291286,620.6219780085788
4292287,594.8170037172056
4293288,662.3820397518183
4294289,621.3684075131098
4295290,586.7533110321112
4296291,635.3006511422581
4297292,623.5788639625255
4298293,596.6587669819664
4299294,618.5951419361828
4300295,618.8878842382302
4301296,495.74021737650867
4302297,389.7066607924353
4303298,634.1457296626273
4304299,620.0807280074127
4305300,495.7868638500159
4306301,556.8429136343669
4307302,619.7717160550593
4308303,289.2749282690647
4309304,618.6943737878155
4310305,650.4208388197466
4311306,632.4662044400327
4312307,605.2886982404763
4313308,492.58038779557575
4314309,629.139717152279
4315310,604.2355234095467
4316311,607.5144618184362
4317312,554.6766216135875
4318313,602.215575355311
4319314,579.9356110918778
4320315,398.10830502881475
4321316,615.5845794349564
4322317,630.4439975506074
4323318,365.35677389806136
4324319,606.2110039345627
4325320,593.664799559175
4326321,646.4460053305571
4327322,635.6464369798508
4328323,621.5237731803753
4329324,652.7204395650602
4330325,599.1870957675121
4331326,627.4143464945698
4332327,628.1993041754038
4333328,617.3783806911919
4334329,544.3894801009192
4335330,607.5620274006335
4336331,638.8885096783787
4337332,604.9293756907589
4338333,570.1783085930573
4339334,611.666905676961
4340335,575.151232397354
4341336,632.051692185335
4342337,652.6580614747276
4343338,587.2603952169525
4344339,540.9657000821617
4345340,656.9086416709471
4346341,472.23532629568444
4347342,622.965549876318
4348343,454.18017682087185
4349344,608.6620379471789
4350345,629.2214949620693
4351346,619.1038533673091
4352347,602.3374598023594
4353348,634.6123798068661
4354349,584.7869454807628
4355350,642.4161492315285
4356351,542.457955964205
4357352,641.3069811521659
4358353,623.6040674955681
4359354,654.0831626553834
4360355,634.8457229672357
4361356,641.5919404827149
4362357,591.3657620449551
4363358,640.4943013922807
4364359,618.9077939013439
4365360,627.4524551227976
4366361,594.7478696092346
4367362,639.8929921422422
4368363,623.8362885964424
4369364,28.080148445700857
4370365,577.2297899579601
4371366,614.3585453047414
4372367,615.2437509302152
4373368,554.9984928924812
4374369,585.2439124834365
4375370,639.7209084204169
4376371,621.351182973388
4377372,611.8702562452826
4378373,603.1090568781211
4379374,615.6376942482922
4380375,620.4866329827187
4381376,600.9402447649459
4382377,644.0724588010203
4383378,649.9726571123161
4384379,623.6986986877363
4385380,622.5319452020516
4386381,630.0445583976359
4387382,616.368869253702
4388383,619.1536708078352
4389384,617.5769783689155
4390385,632.2390455748781
4391386,212.4319937314892
4392387,269.8132404493589
4393388,639.1578573155779
4394389,543.1379863130904
4395390,68.0357879841763
4396391,628.1089516635766
4397392,651.1614466037253
4398393,639.0800070713817
4399394,648.6531657209189
4400395,496.8618128589398
4401396,622.2151861062317
4402397,463.7214272065666
4403398,627.1496729467939
4404399,595.748280863558
4405400,625.7696681706382
4406401,616.9292645114223
4407402,639.8411698462971
4408403,644.0199469969536
4409404,586.0772596789016
4410405,611.6766067498902
4411406,584.2961276969714
4412407,648.9502118765282
4413408,638.5357580249782
4414409,614.3359974722085
4415410,620.6246635936592
4416411,585.129981836254
4417412,553.0755752577968
4418413,610.1883867198133
4419414,276.78097684753703
4420415,611.8806202156547
4421416,644.2590001570774
4422417,623.4566544187264
4423418,632.462553971852
4424419,561.6044441773382
4425420,635.0502550044156
4426421,555.9704989607974
4427422,628.6077235651017
4428423,78.88339707200588
4429424,618.6047755874578
4430425,643.7338437161972
4431426,621.4540722677527
4432427,596.5724690853514
4433428,631.9497084349413
4434429,634.3145975561608
4435430,636.2388936218607
4436431,376.6097599951155
4437432,629.7099814763528
4438433,324.35260670774045
4439434,594.0643730402259
4440435,623.7079058860959
4441436,173.6343997656867
4442437,636.0840797227603
4443438,614.1208629267994
4444439,581.9954901364467
4445440,626.1421975521564
4446441,621.094577781323
4447442,642.187038203952
4448443,600.6312016221394
4449444,634.7160946554712
4450445,605.0841455756309
4451446,607.1570145751352
4452447,604.582550921586
4453448,502.8193907060178
4454449,434.1803502106037
4455450,276.6498875517889
4456451,578.8586177638224
4457452,616.7987699717113
4458453,618.2766474597651
4459454,565.3670402108822
4460455,579.6508828387265
4461456,548.5511866130836
4462457,614.3559949108026
4463458,606.9264348103355
4464459,299.84409276245395
4465460,611.3564641031534
4466461,612.446898189973
4467462,626.2410625666081
4468463,316.86001133032556
4469464,635.653939086338
4470465,582.4367011915273
4471466,123.17243180686353
4472467,622.8986516736442
4473468,572.0519125995487
4474469,608.7915353392418
4475470,631.4775993224954
4476471,624.4919897612726
4477472,426.7620053552784
4478473,257.0516695697475
4479474,633.8119594485872
4480475,331.2485742886857
4481476,218.40390608368818
4482477,348.1046799633661
4483478,642.7772900478124
4484479,465.0461263737228
4485480,315.2795280196454
4486481,595.255227026641
4487482,646.1217736007837
4488483,648.3235751171071
4489484,657.5658748367383
4490485,615.268664648442
4491486,646.4829828385581
4492487,608.8711409372938
4493488,628.2888963222822
4494489,418.90703634438154
4495490,645.6949797190623
4496491,666.2847232267751
4497492,626.8109819830173
4498493,670.9821666993062
4499494,467.2228207675431
4500495,584.2139607197767
4501496,611.7072307294261
4502497,640.9346526067169
4503498,638.886780569886
4504499,652.95334215095
4505500,627.0116203141927
4506501,647.8505660515909
4507502,593.997643131412
4508503,623.9920272691146
4509504,47.41472846757377
4510505,620.7406035904285
4511506,630.2423785093808
4512507,664.6612017560359
4513508,634.1249468918886
4514509,483.6119503817059
4515510,653.0686427581121
4516511,645.555361762214
4517512,606.1277265515289
4518513,640.5718987997719
4519514,619.7572426410503
4520515,635.0262824229372
4521516,654.9076738642608
4522517,622.0507522177481
4523518,621.7368690560314
4524519,643.5851636019952
4525520,646.5825997735453
4526521,636.1080357967919
4527522,624.8429556344654
4528523,327.6865690223637
4529524,650.5063867645202
4530525,633.7655341944933
4531526,640.4435815778648
4532527,580.8578057947443
4533528,663.7174126463775
4534529,622.3216803471861
4535530,621.0575040274492
4536531,574.5875266400406
4537532,671.1059128466103
4538533,101.35802539189174
4539534,609.5565521741036
4540535,638.3033543456719
4541536,607.1772024879672
4542537,660.3640731335887
4543538,504.0769215404277
4544539,645.1161152188688
4545540,623.0240929824118
4546541,638.0975618701502
4547542,588.111234044239
4548543,156.4655130666017
4549544,651.4909670851142
4550545,553.0664077610999
4551546,644.6525825933342
4552547,529.0870913902372
4553548,553.7160769484117
4554549,594.5409377706562
4555550,647.7729364405835
4556551,579.9837190140628
4557552,627.0178229773011
4558553,543.9743735866812
4559554,651.3662112837067
4560555,620.9017913978101
4561556,595.2485176192617
4562557,630.7234968655737
4563558,613.2881566864893
4564559,594.9571080177508
4565560,612.6859932890297
4566561,650.316356976153
4567562,624.3911531982019
4568563,550.874459342172
4569564,620.2617068867235
4570565,607.8424259556756
4571566,633.3385665147093
4572567,647.6272847166732
4573568,633.5104427033457
4574569,655.8270225464903
4575570,430.3558644406999
4576571,636.8710056256675
4577572,628.6611629204479
4578573,588.4988230502826
4579574,631.4781972308532
4580575,652.8583923276284
4581576,629.4489238434085
4582577,607.715704752062
4583578,605.4810802507698
4584579,656.9093239591796
4585580,273.06996780257157
4586581,565.7452620465236
4587582,636.7054310749176
4588583,532.8666274473354
4589584,637.2875296546207
4590585,607.04407111673
4591586,608.1637097173045
4592587,618.749131888069
4593588,628.174700615096
4594589,638.4587986459027
4595590,634.2905396774502
4596591,633.0304991819421
4597592,663.6292462754291
4598593,598.1298419666263
4599594,642.8123511296227
4600595,618.7419579206926
4601596,641.280331294795
4602597,641.0971981485227
4603598,621.9182419057736
4604599,656.2528828772492
4605600,650.7418263684733
4606601,632.6383213239377
4607602,638.2392361253192
4608603,638.9573666011839
4609604,621.6161720975273
4610605,616.1461830699878
4611606,235.74958225595998
4612607,628.3980174716429
4613608,628.8030639602631
4614609,587.1029167983536
4615610,604.0755485596937
4616611,459.8140856479449
4617612,621.3338823141886
4618613,635.3674706387786
4619614,434.52484789718545
4620615,517.2092290431494
4621616,229.96039716788485
4622617,417.55513746232015
4623618,618.8837696370412
4624619,513.9545041033813
4625620,659.7409818971937
4626621,640.5124825615346
4627622,603.1163179754068
4628623,622.3015331879427
4629624,612.166971482793
4630625,587.9237388062527
4631626,592.9655753098214
4632627,592.5586824244112
4633628,672.5591781569751
4634629,634.1499673679086
4635630,623.9462001651108
4636631,643.0710786287036
4637632,594.0693036903674
4638633,627.727137211179
4639634,620.5493842498122
4640635,638.1879386277141
4641636,596.8151171469257
4642637,605.3873685424344
4643638,629.483687296372
4644639,531.933681101006
4645640,655.7425144893579
4646641,532.8861908415187
4647642,545.59547949559
4648643,642.0457348354084
4649644,542.5637792123233
4650645,636.2657708367965
4651646,623.1519644066784
4652647,620.4918848925754
4653648,612.4209771899145
4654649,651.0699360789854
4655650,618.5706312713984
4656651,643.0284793861147
4657652,636.2256127862245
4658653,619.8832639112475
4659654,621.4946113641516
4660655,600.2873848930096
4661656,627.959647912355
4662657,642.1472463505213
4663658,410.90371034585615
4664659,546.8687861160861
4665660,624.186422133778
4666661,644.9766877038722
4667662,630.1406443597878
4668663,472.59412096574204
4669664,643.2648751288855
4670665,393.562118823866
4671666,585.1496993139575
4672667,605.7645889029203
4673668,644.7903370482571
4674669,637.4640828717949
4675670,608.3848281055934
4676671,623.2876918001641
4677672,658.4700739046943
4678673,502.3959695751627
4679674,298.1312443833353
4680675,629.5905308794711
4681676,615.9308808594654
4682677,620.0129282534268
4683678,582.2251061415932
4684679,616.4469902219271
4685680,600.2018336051472
4686681,563.2746688825553
4687682,635.391604995633
4688683,661.3035205182057
4689684,637.5090478360986
4690685,620.3985431298976
4691686,442.46808435476225
4692687,587.307360287784
4693688,650.7077519574004
4694689,617.300541837195
4695690,608.5012606026164
4696691,262.0809894585376
4697692,101.40930607660016
4698693,609.5009399287142
4699694,613.7454375637994
4700695,645.9028226057767
4701696,613.0670279087328
4702697,585.0509231695744
4703698,611.6869152608292
4704699,564.9521221041437
4705700,591.563233896738
4706701,629.6094015950495
4707702,656.9043340630648
4708703,602.8650579631288
4709704,622.7430917586645
4710705,300.67010772737206
4711706,614.5027454064542
4712707,649.5743031464079
4713708,601.68601275197
4714709,649.6291553864986
4715710,636.0773420723374
4716711,429.71120569255106
4717712,284.6002157810345
4718713,620.8466147860756
4719714,609.3405455446309
4720715,648.8320043482524
4721716,633.6504577165267
4722717,635.9065921610837
4723718,627.8843038791119
4724719,492.5670528030748
4725720,592.4936435418133
4726721,608.5871776757974
4727722,613.9629244795838
4728723,289.16547614262896
4729724,548.4691144478016
4730725,481.56497458034636
4731726,175.56247746963314
4732727,622.3043540148623
4733728,606.4184417092342
4734729,656.9860965670279
4735730,632.4851023954357
4736731,625.2873291110151
4737732,627.8750375028962
4738733,623.1231717758089
4739734,611.5297020564427
4740735,544.1220278322653
4741736,636.368077169226
4742737,627.1293612232989
4743738,606.2649655110528
4744739,613.4862595667435
4745740,630.1768303996201
4746741,606.046772536679
4747742,602.6579633483617
4748743,229.87504476002772
4749744,650.7511938755991
4750745,615.9495649016462
4751746,649.1650150675092
4752747,619.8542508800225
4753748,633.500672224795
4754749,645.6412913565525
4755750,588.3253678370329
4756751,655.9930094434758
4757752,600.8132279812139
4758753,634.4497055952077
4759754,648.9167522067398
4760755,662.3029935758007
4761756,644.4345113862536
4762757,631.7448022621506
4763758,626.5659306537182
4764759,636.3422596982031
4765760,587.7687505200772
4766761,625.3820240293401
4767762,611.1600183422089
4768763,667.028216178465
4769764,631.0292918310845
4770765,662.9443748251699
4771766,176.78417984465287
4772767,623.5047741972329
4773768,632.7902666504873
4774769,655.8551075952463
4775770,600.1985213490162
4776771,614.2104345026258
4777772,635.8681945557187
4778773,668.0799297484771
4779774,634.6698083923899
4780775,656.3476395460759
4781776,620.7091719798618
4782777,267.0316019242723
4783778,597.6335279158727
4784779,632.9748197298344
4785780,278.0908771616898
4786781,637.855111946928
4787782,654.992370188829
4788783,648.6765449752033
4789784,644.6396716410185
4790785,633.8321239361795
4791786,659.8070449535269
4792787,587.825627114198
4793788,638.3487075403248
4794789,629.4241329284358
4795790,561.1293343294457
4796791,614.0830717310129
4797792,625.791937959654
4798793,307.19592414965507
4799794,641.4965654932327
4800795,645.7028186885915
4801796,225.06125515911486
4802797,636.3152614338494
4803798,616.7604850529591
4804799,548.203740021531
4805800,629.5163201812528
4806801,594.0396626003068
4807802,635.4357976904001
4808803,515.8246197138477
4809804,652.6309136255129
4810805,658.5248747413468
4811806,620.851421787784
4812807,639.2811641918985
4813808,667.0182876848545
4814809,637.123909483431
4815810,643.8854868323983
4816811,636.281317607715
4817812,626.094092098891
4818813,625.8065823751534
4819814,662.5014580837369
4820815,595.7887508007109
4821816,604.9776370909732
4822817,637.5454131567336
4823818,325.2038434107497
4824819,603.686348082658
4825820,640.1055892549991
4826821,619.6444150805194
4827822,636.1700486220635
4828823,641.1482061928639
4829824,615.3283802238348
4830825,638.4138968077042
4831826,634.5974693791921
4832827,641.9502183808805
4833828,628.6661228785588
4834829,632.2256742561361
4835830,666.5360049422178
4836831,635.6192641715539
4837832,609.7595351882104
4838833,630.7188687472395
4839834,628.571488242645
4840835,653.4478920520182
4841836,604.7810194574812
4842837,364.27891881563386
4843838,604.8932914813231
4844839,609.0973150139939
4845840,633.2040434713032
4846841,383.80732482153854
4847842,612.8951199562119
4848843,621.6102954778913
4849844,521.4884102791253
4850845,489.4633612135203
4851846,571.356402814058
4852847,610.9078299198187
4853848,606.7894098340018
4854849,582.2346828460238
4855850,641.3056828039757
4856851,681.196283867694
4857852,643.702557534651
4858853,612.333403736762
4859854,629.874098048472
4860855,482.9908624688286
4861856,634.2205403671603
4862857,667.4384526392042
4863858,624.1527822189374
4864859,616.2397414364925
4865860,668.9291324723657
4866861,557.5359278385357
4867862,576.6610985684107
4868863,671.3995919646773
4869864,584.1312130385592
4870865,631.2960007792751
4871866,623.0351985664772
4872867,447.5486613603255
4873868,644.7240448361518
4874869,576.8418342109007
4875870,648.1763263006151
4876871,617.6702331311476
4877872,628.2688975986123
4878873,283.3169255453809
4879874,630.5020764874212
4880875,644.2301917837883
4881876,617.1227149536626
4882877,631.6107908528836
4883878,662.6938439813462
4884879,634.3001885182947
4885880,629.5992922836161
4886881,596.3492460974647
4887882,602.1704553810118
4888883,375.43558913225905
4889884,632.0838981868508
4890885,624.6239882182083
4891886,599.3210147077408
4892887,623.793002747614
4893888,599.8680598312527
4894889,427.4847038154447
4895890,235.33688634625693
4896891,655.2468334036959
4897892,635.9310528634658
4898893,640.9567446771983
4899894,642.2930434526094
4900895,663.1545447839561
4901896,648.4083438120045
4902897,630.5720442783241
4903898,649.998497907003
4904899,684.7132267677842
4905900,619.5298849959128
4906901,626.9054344415529
4907902,618.7976754725593
4908903,598.0085186777379
4909904,584.5991953723964
4910905,642.6168083265115
4911906,656.3518137177405
4912907,588.155944465101
4913908,583.817841921043
4914909,597.0413602136401
4915910,649.5429142468751
4916911,661.6996949423182
4917912,622.5212878537004
4918913,557.3424824259163
4919914,637.3208799917725
4920915,612.754881861804
4921916,640.8278369175204
4922917,643.3666408874242
4923918,650.9369446197298
4924919,449.3371096883881
4925920,622.3838155277529
4926921,654.1329176828127
4927922,649.8131058826214
4928923,620.2006997277214
4929924,479.4672755206325
4930925,418.462159211647
4931926,346.2693769801132
4932927,558.5020232535816
4933928,158.292767487337
4934929,258.1312397594262
4935930,636.3295678267137
4936931,601.697055702499
4937932,661.9081872851373
4938933,641.4589475064327
4939934,644.8168139234077
4940935,642.8729342060626
4941936,332.06686064785964
4942937,341.2564256113776
4943938,449.3540721046618
4944939,625.8526291596268
4945940,623.5800723745772
4946941,607.4731104775607
4947942,631.652475061682
4948943,656.7815819454034
4949944,622.8844758802367
4950945,629.3837768252777
4951946,539.9702000119539
4952947,629.0427627523635
4953948,607.5547719519658
4954949,634.5835821259055
4955950,571.4744201311827
4956951,646.3854292223646
4957952,624.5473584511082
4958953,624.935905453688
4959954,187.35309290371583
4960955,661.9852793370599
4961956,120.37120800008323
4962957,627.0919999449286
4963958,648.2923884782476
4964959,648.0253094475217
4965960,587.392108036381
4966961,612.4576100066844
4967962,648.594077705737
4968963,630.5123810572037
4969964,637.1678917455137
4970965,609.3020642616376
4971966,628.9206431613183
4972967,596.4993643563117
4973968,596.7769990147983
4974969,576.7646816691073
4975970,577.06839406053
4976971,643.8301191944602
4977972,632.2431842177534
4978973,532.8982806100844
4979974,634.3532955590096
4980975,457.5969774441494
4981976,390.0874073943119
4982977,566.8463192380459
4983978,657.3727584973963
4984979,632.3968500760815
4985980,507.9397000730882
4986981,584.6704305892665
4987982,604.7582765015964
4988983,572.6023554309921
4989984,612.2005107048202
4990985,608.3678058032232
4991986,619.9702916306162
4992987,660.5460575829546
4993988,638.730677678462
4994989,583.3128664116457
4995990,631.1778962004021
4996991,618.1788996957272
4997992,620.1819381477787
4998993,253.5028309450025
4999994,639.4474435979914
5000995,352.16327910101126
5001996,636.4731756594133
5002997,643.6259452422961
5003998,655.0883813190335
5004999,618.892692385848
5006000,606.7801932149429
5007001,646.7228998869426
5008002,244.0967982193241
5009003,615.01001594035
5010004,135.58642363906742
5011005,599.9361443207017
5012006,638.4780684078911
5013007,625.173745505729
5014008,567.7906833672117
5015009,656.0592468740161
5016010,638.6830669474924
5017011,188.12706608474937
5018012,395.67699336719113
5019013,635.0678020869909
5020014,637.1801680188897
5021015,639.7518224458838
5022016,615.1144026164611
5023017,635.9533307837323
5024018,616.5098243217709
5025019,631.0508372951516
5026020,376.82716068072034
5027021,645.8426487522297
5028022,639.5465626212964
5029023,98.3765609285251
5030024,598.1976410819128
5031025,583.7294284404495
5032026,645.4839460336422
5033027,371.57593981280246
5034028,637.2795872187364
5035029,614.4712274895779
5036030,633.3196964327523
5037031,663.9800546619681
5038032,630.4806305138612
5039033,598.5226461091215
5040034,665.9385401592723
5041035,601.3760035604214
5042036,434.52026241960345
5043037,615.464396725299
5044038,627.7694647121506
5045039,598.7972858776701
5046040,646.5884925735893
5047041,629.8858461358526
5048042,545.6535681669535
5049043,656.2453248386204
5050044,617.9222512098607
5051045,636.0770920936294
5052046,609.6046748290862
5053047,606.7335240511986
5054048,622.4318906438524
5055049,612.7601949164872
5056050,593.2645632038875
5057051,589.6689864977817
5058052,548.5704193737063
5059053,651.6281131599684
5060054,590.9704052078454
5061055,382.26107649064636
5062056,672.1732958407712
5063057,629.879800767915
5064058,632.8952241277203
5065059,651.4312899456532
5066060,628.0166539784534
5067061,635.400899522512
5068062,615.167509785378
5069063,640.7783405861633
5070064,648.5207626072603
5071065,563.8654325766962
5072066,633.0809464090437
5073067,617.4107237824051
5074068,616.1191298353924
5075069,603.9484803776426
5076070,587.8530441315052
5077071,652.6849118084151
5078072,613.2543049059457
5079073,641.1653286055448
5080074,622.1012280069473
5081075,578.1396689931504
5082076,615.0119780901476
5083077,632.2132350263801
5084078,81.73544699551175
5085079,604.0836661331359
5086080,644.3210324768291
5087081,628.7993308809904
5088082,634.4620788627758
5089083,605.9624981919637
5090084,624.4496488206364
5091085,586.6508948029957
5092086,145.44575215159503
5093087,524.2116089278994
5094088,605.4603474367925
5095089,637.57546775103
5096090,627.4567939826119
5097091,628.1059889562569
5098092,528.2490074788597
5099093,625.3686742676612
5100094,435.0202898288176
5101095,654.9743014886693
5102096,559.4530371604488
5103097,582.1147360553402
5104098,594.0385802848363
5105099,580.0331837414749
5106100,547.3441147290572
5107101,630.5609845965796
5108102,212.72911786151792
5109103,53.989206610558774
5110104,629.8127023051501
5111105,640.8017078278053
5112106,643.5447436006377
5113107,628.7664577088005
5114108,327.12298805427486
5115109,278.0512664884284
5116110,606.001452341324
5117111,580.1982606982061
5118112,636.2659428437403
5119113,607.1112885165967
5120114,616.5023049503196
5121115,645.0898819485327
5122116,640.8828617345256
5123117,560.4632960798218
5124118,583.1218207084813
5125119,638.0773779371954
5126120,459.16947106071143
5127121,640.613385275795
5128122,265.2175093641249
5129123,39.5136908971696
5130124,138.8373901219931
5131125,617.6217118988483
5132126,642.5313191303047
5133127,632.7430758741806
5134128,383.01253628703995
5135129,502.68151399993224
5136130,203.89992325033413
5137131,614.3219999444466
5138132,613.2470854331901
5139133,481.8361791988745
5140134,635.3557504112374
5141135,576.1661253548176
5142136,596.30336489437
5143137,277.7259943306369
5144138,613.7658149748461
5145139,153.97680800534195
5146140,636.6752762916103
5147141,647.2338885497884
5148142,657.5597481067763
5149143,632.0359003489867
5150144,572.7879440009419
5151145,631.1096323320164
5152146,647.216746428847
5153147,629.4771343637378
5154148,570.6814686673999
5155149,458.15912943145196
5156150,626.5648722582769
5157151,641.977747738303
5158152,627.8756036653178
5159153,602.0294726036728
5160154,589.1200412041087
5161155,626.6010464265289
5162156,618.0673433441318
5163157,576.3990712557805
5164158,589.8384183721845
5165159,592.5719795134709
5166160,661.9175873168655
5167161,606.7260543452245
5168162,275.70537148767136
5169163,185.12172684347868
5170164,631.8345448032189
5171165,359.9167780774686
5172166,596.6776392496312
5173167,265.1130633638867
5174168,604.1285970260465
5175169,581.2186208890346
5176170,209.90354594651726
5177171,629.1456281175055
5178172,587.8808092756326
5179173,492.3289529522076
5180174,557.9819099336202
5181175,321.23524488289445
5182176,607.3205634530651
5183177,617.4086703515367
5184178,632.931545389968
5185179,605.8789225975571
5186180,620.4730414853198
5187181,152.57364183481693
5188182,612.6048700077362
5189183,482.43654258307225
5190184,410.96672395724306
5191185,625.8962126940972
5192186,606.2856448267139
5193187,620.4758960800423
5194188,602.6794012326521
5195189,632.330876257772
5196190,650.0850278299068
5197191,602.0144447091023
5198192,623.9084270179864
5199193,610.7370996064908
5200194,642.1828459937458
5201195,631.1191447186347
5202196,383.98635023304126
5203197,621.974610664765
5204198,605.746146920528
5205199,621.8061353289875
5206200,621.7496783414897
5207201,629.0294378189511
5208202,616.6197196724437
5209203,633.5606348670434
5210204,276.18157149637403
5211205,667.2550959875978
5212206,634.2407476202233
5213207,599.0746374433455
5214208,622.9038674064691
5215209,417.806814472521
5216210,461.19526524182487
5217211,580.7211142117495
5218212,613.4924364099152
5219213,627.7309161615665
5220214,556.1981302516692
5221215,616.8326363153577
5222216,626.5995910468464
5223217,593.5530006604155
5224218,635.9708625234402
5225219,569.6837641362616
5226220,542.3787283731849
5227221,598.3941905790439
5228222,287.1620540036993
5229223,607.2816994049534
5230224,601.9480107545144
5231225,625.6507136878907
5232226,177.03743239986534
5233227,638.8331238806343
5234228,607.4970845311027
5235229,643.7175150998668
5236230,158.23275417429676
5237231,633.5120398550381
5238232,541.5679129608418
5239233,631.9156544698938
5240234,599.6062960328588
5241235,631.5439948297657
5242236,616.2715601892749
5243237,628.5366347992727
5244238,606.7568598153141
5245239,574.8901008232423
5246240,603.8705558009558
5247241,601.0743455898565
5248242,573.5885205470255
5249243,636.9927298570641
5250244,468.997129701688
5251245,543.9151038752254
5252246,619.2364266954493
5253247,590.4536518002952
5254248,600.9613689316475
5255249,509.75018134864615
5256250,660.5827925767715
5257251,470.1297903993774
5258252,45.08789640132496
5259253,617.6035379997979
5260254,349.35740544982724
5261255,609.0483385247671
5262256,474.26589421284064
5263257,354.8011612807022
5264258,589.1077200098803
5265259,608.4352234895338
5266260,621.2037652747166
5267261,603.3871759127705
5268262,646.3462974681732
5269263,630.3458021789826
5270264,572.7421520006743
5271265,626.8501084001124
5272266,628.6538422692092
5273267,646.8950774670452
5274268,604.3864823260637
5275269,597.3693542202237
5276270,614.8488617393251
5277271,646.3767474571254
5278272,609.9345127363105
5279273,615.2163446207896
5280274,281.1377246664798
5281275,629.4230731192149
5282276,605.5214280144922
5283277,626.4056055196812
5284278,659.5685266107971
5285279,465.3039208079838
5286280,541.879634161624
5287281,626.1733000329663
5288282,586.7971383755853
5289283,611.3111976995611
5290284,548.9795932376438
5291285,611.6518887341216
5292286,551.371760640235
5293287,596.2845879687654
5294288,610.7980190869964
5295289,445.35305547361185
5296290,526.6107290811752
5297291,60.718031741861495
5298292,624.5589322094137
5299293,293.5550326051819
5300294,624.3192397564811
5301295,178.21912818015366
5302296,629.1104080081037
5303297,632.5541095278903
5304298,624.297818293936
5305299,630.8732530380471
5306300,637.5183877244526
5307301,641.0808128367623
5308302,446.11244849487014
5309303,628.7387040600292
5310304,630.0968629334748
5311305,516.1637886522935
5312306,644.2356517323926
5313307,623.7448323222318
5314308,623.8830129683068
5315309,629.4457149847011
5316310,590.0138794364751
5317311,629.5574657874263
5318312,594.3848015446581
5319313,638.5955723856777
5320314,614.4243585909685
5321315,605.9171024497533
5322316,574.4305772755512
5323317,632.8974198450557
5324318,628.7882797828511
5325319,607.303253515048
5326320,632.8187412829438
5327321,630.8246704583249
5328322,445.8485906721849
5329323,409.16089998572926
5330324,612.6220451439098
5331325,645.0083442433311
5332326,626.8023043658789
5333327,555.8168465530456
5334328,598.0540959072288
5335329,578.2356408161706
5336330,616.1189233959365
5337331,621.3346010151516
5338332,629.020699127934
5339333,645.626026859752
5340334,656.9519093647026
5341335,629.3653570354121
5342336,641.7977601719518
5343337,619.957120177815
5344338,254.93966714526022
5345339,634.4276758202702
5346340,662.5460858638805
5347341,641.4135160743565
5348342,559.3539743702311
5349343,652.3418755916933
5350344,652.7986312166914
5351345,634.2841769070412
5352346,619.145107704738
5353347,283.9889267034762
5354348,612.2115525230287
5355349,568.2906715090647
5356350,619.0583039433831
5357351,599.3390232439241
5358352,672.4724822778049
5359353,631.4472768533113
5360354,630.0109611450157
5361355,661.594936153112
5362356,642.5604958163281
5363357,581.2071477632703
5364358,628.6620983471197
5365359,591.2348554661605
5366360,621.0571758812815
5367361,633.0518786268595
5368362,584.8659869036607
5369363,576.8025173699692
5370364,632.1817909913115
5371365,500.03620869943757
5372366,621.8853647164768
5373367,356.5580254674105
5374368,599.7621501835428
5375369,609.0471249832896
5376370,579.057072815638
5377371,277.03144822496023
5378372,656.9554811528752
5379373,615.9795534316479
5380374,648.7562266213712
5381375,625.6443135263589
5382376,638.3775651946997
5383377,630.2995861819572
5384378,615.3240289365251
5385379,632.972172114566
5386380,598.1924761815717
5387381,607.3503946287614
5388382,652.7000072263272
5389383,641.9032129336215
5390384,603.1903746254708
5391385,595.7510866362459
5392386,631.4181376520885
5393387,618.2888871696879
5394388,638.8492135783295
5395389,646.8374194832035
5396390,592.4678324687117
5397391,351.0403844627149
5398392,604.6565050445411
5399393,620.5008611897096
5400394,611.851865521118
5401395,605.9473972337328
5402396,514.0362328018491
5403397,185.44154590684832
5404398,559.4190618111755
5405399,613.9932427932133
5406400,630.3616173949916
5407401,644.659821944126
5408402,627.058333256516
5409403,636.5004932032856
5410404,481.39721077047125
5411405,44.43720716605951
5412406,407.0562648004515
5413407,615.6858683982249
5414408,603.5191154207513
5415409,556.0277258472366
5416410,650.8767570770627
5417411,627.3233972755332
5418412,562.3958547647355
5419413,595.0900007840112
5420414,624.5621312174554
5421415,591.476646236512
5422416,591.579053637358
5423417,624.6118540938597
5424418,568.162548419026
5425419,614.9612591308163
5426420,227.562300821624
5427421,573.656820693381
5428422,621.8054855976014
5429423,471.0756819710282
5430424,621.2093460022932
5431425,644.5817393241972
5432426,215.41392346922484
5433427,238.65105403747276
5434428,626.7046347615733
5435429,531.7979929014484
5436430,640.4392005988312
5437431,549.0313706884332
5438432,652.1172326535863
5439433,629.3396258387163
5440434,527.6313578600603
5441435,645.0116586705253
5442436,672.2746030968517
5443437,581.6342695465019
5444438,393.251362648201
5445439,647.6475606988748
5446440,629.8104985332759
5447441,626.9901534392861
5448442,607.8986088826026
5449443,527.5601829316407
5450444,475.9483817401883
5451445,598.4799913050967
5452446,109.24286973813877
5453447,610.1833822959928
5454448,654.8735626674769
5455449,638.505731154845
5456450,529.6727169384501
5457451,649.0322825397956
5458452,502.5918443669921
5459453,190.55238209811438
5460454,610.7305071848133
5461455,643.2701302401497
5462456,597.8066668325007
5463457,591.659664917475
5464458,661.2618470197672
5465459,639.1616626010466
5466460,579.8680652786873
5467461,591.708675451372
5468462,347.688139094309
5469463,640.5399827742497
5470464,589.3568711035936
5471465,80.15075479791864
5472466,611.0116995944358
5473467,604.7810581222634
5474468,592.6028221170398
5475469,643.756632789571
5476470,614.9876558199729
5477471,561.6385587854854
5478472,635.4617004737607
5479473,638.3048485312727
5480474,292.68292604588885
5481475,219.1635070509407
5482476,591.3999784897887
5483477,629.4373736658338
5484478,594.4349764465813
5485479,633.3576703036911
5486480,278.43072398477597
5487481,619.4682561675529
5488482,615.2834059674768
5489483,625.9848325283293
5490484,595.6064128478307
5491485,115.83877734932912
5492486,627.3414675180734
5493487,621.63752737128
5494488,289.81355000138024
5495489,609.9572440242629
5496490,331.44583718036364
5497491,56.16737387921105
5498492,538.8375674315974
5499493,53.05841690631367
5500494,649.3725894972862
5501495,619.8536489219892
5502496,670.9708771888539
5503497,628.3109363484033
5504498,626.1133104797462
5505499,611.8925758558967
5506500,635.7341677201497
5507501,599.6713841722105
5508502,526.8340547082778
5509503,638.3311032888488
5510504,645.9807095329415
5511505,628.0348439659509
5512506,597.7020432997442
5513507,576.0298921271173
5514508,644.764460256536
5515509,590.7273771522442
5516510,631.746668904629
5517511,606.3882560671057
5518512,630.7082088959521
5519513,507.25868245038833
5520514,682.301390330408
5521515,545.2783603470913
5522516,182.88745258495032
5523517,468.4690876989877
5524518,635.6114614438961
5525519,649.6656361868361
5526520,523.3945381169367
5527521,588.1541826220996
5528522,600.960021726966
5529523,587.6356330756997
5530524,659.4632883188565
5531525,627.2493609198515
5532526,644.5144073011023
5533527,580.7796503020456
5534528,514.8299478048547
5535529,491.2126953070076
5536530,494.860346169314
5537531,605.7851777169628
5538532,639.4255059925932
5539533,523.1759975760226
5540534,580.5695973831643
5541535,646.1047285658328
5542536,595.6725397187911
5543537,307.4156978517009
5544538,609.1518375021662
5545539,439.09942504823664
5546540,648.4815006235307
5547541,120.45143251766683
5548542,174.25292994392396
5549543,567.1510077110787
5550544,666.9685336955919
5551545,627.1396041068649
5552546,583.0383746682896
5553547,577.5342985311155
5554548,600.8374799935028
5555549,653.2174988447961
5556550,532.3710319049272
5557551,656.6219433696276
5558552,615.1727677634838
5559553,579.0972991825299
5560554,459.5738316013436
5561555,572.8806839041205
5562556,599.1248366664894
5563557,612.9850508174362
5564558,597.5512771337834
5565559,625.0083344178745
5566560,660.7551141670658
5567561,600.9730904435302
5568562,614.7469120019011
5569563,590.5391623772342
5570564,614.4204786189267
5571565,633.4670220056324
5572566,614.2079418010363
5573567,99.68658768188307
5574568,636.3312341395408
5575569,489.8098431627799
5576570,647.7281323956972
5577571,605.4628675358305
5578572,585.2609855077774
5579573,553.1193429823566
5580574,591.7999868702849
5581575,190.77121950727107
5582576,567.3913886194222
5583577,174.61023254659045
5584578,365.0248391618689
5585579,633.4284620606275
5586580,378.6110838721273
5587581,610.4737069536811
5588582,588.3023750410258
5589583,635.9977544317088
5590584,618.803406685937
5591585,605.1041816682412
5592586,618.5586767894102
5593587,598.0891990596673
5594588,616.3685093153579
5595589,636.7588566980688
5596590,594.8136314164234
5597591,611.5959431136315
5598592,618.6457354306378
5599593,602.6906440967058
5600594,570.2430066764533
5601595,618.6270161342935
5602596,580.1632663554874
5603597,635.0876652839981
5604598,592.8403710384847
5605599,560.0871484801364
5606600,563.6014465340022
5607601,617.7569473671758
5608602,627.5260037208953
5609603,595.9446496878552
5610604,556.8475288709137
5611605,587.9606956197148
5612606,457.9102240565994
5613607,585.1537253694646
5614608,638.8712639664737
5615609,627.7749564826431
5616610,630.0124373503531
5617611,190.12436292766688
5618612,590.9153895022165
5619613,645.5378612375373
5620614,584.2579141031478
5621615,594.6237076198994
5622616,655.219885238439
5623617,652.6909575585913
5624618,323.4957084464573
5625619,640.6862558949148
5626620,614.3721189201424
5627621,653.8402898646447
5628622,604.6895840992266
5629623,614.3507926345737
5630624,553.7101256854263
5631625,647.6472289640639
5632626,663.087777914167
5633627,565.9913310872818
5634628,415.2067273005622
5635629,621.991840252593
5636630,654.1279977942602
5637631,608.5875529951231
5638632,652.205100615843
5639633,584.2412125973556
5640634,625.2226186376761
5641635,644.8662876926837
5642636,312.93541411117195
5643637,525.9516258442379
5644638,537.3508253698079
5645639,620.6487622648888
5646640,605.9972202279644
5647641,613.4173573461812
5648642,654.2104317901086
5649643,604.1736978874396
5650644,650.6994723311694
5651645,624.1214915247424
5652646,620.4523878026945
5653647,538.1808016008802
5654648,640.0397937986229
5655649,643.4623492379059
5656650,667.9223686699846
5657651,530.2368614997541
5658652,257.01158109826355
5659653,592.8536389754505
5660654,608.0669745116122
5661655,470.77873594152896
5662656,636.9062472524432
5663657,626.3937242833143
5664658,648.9538673803233
5665659,645.6148069731669
5666660,614.8898803910139
5667661,587.6474895676515
5668662,596.7653892968851
5669663,341.65779377352476
5670664,640.6988941020037
5671665,651.9107602124058
5672666,635.9864672588744
5673667,280.1036438041524
5674668,548.9125487374606
5675669,608.3280589097759
5676670,545.9604781431194
5677671,673.6211230400555
5678672,603.8767085362216
5679673,580.3625505810169
5680674,622.0212336771652
5681675,641.0520012989259
5682676,650.2083543192506
5683677,629.8337498906996
5684678,617.6389649742442
5685679,301.2626162543156
5686680,610.2075716967543
5687681,658.7998425965885
5688682,626.9944628159121
5689683,621.1215006949859
5690684,612.3990342064419
5691685,634.3866811977498
5692686,636.5692214400124
5693687,628.9450151649221
5694688,621.8063783385412
5695689,612.5436408506761
5696690,637.5310543879219
5697691,612.3125275957318
5698692,618.3252841164212
5699693,637.8543861786876
5700694,642.489934435041
5701695,636.2214878187727
5702696,636.6051617297044
5703697,641.883451511135
5704698,649.5228274853088
5705699,234.82983184957607
5706700,630.834494181802
5707701,616.8713640827403
5708702,621.4094571906155
5709703,636.4068280519145
5710704,614.1970049241147
5711705,635.0404437452428
5712706,635.0419497301918
5713707,660.4246201277258
5714708,560.7109356824177
5715709,647.5176585495691
5716710,642.7251640365765
5717711,629.1775579545962
5718712,609.6185967853504
5719713,627.4820190891531
5720714,504.5753132045933
5721715,650.6303924837424
5722716,593.5594020865244
5723717,608.4020989104496
5724718,636.4706264714513
5725719,273.27835642572086
5726720,629.9335903476095
5727721,610.1753131343293
5728722,613.9711316266073
5729723,617.9118925513097
5730724,648.9637347693247
5731725,653.9332412004926
5732726,636.323599746168
5733727,651.1682749816953
5734728,624.5340677634293
5735729,659.4460056276304
5736730,617.7421796403977
5737731,643.2628248570344
5738732,619.2540923301265
5739733,637.2524974581127
5740734,637.3647113953067
5741735,622.0393455843157
5742736,586.4526356194485
5743737,579.4948181302645
5744738,615.7400320973715
5745739,526.7041514956827
5746740,648.1874509603069
5747741,119.96512367699393
5748742,59.27905823314288
5749743,630.2799042795085
5750744,613.8577433790697
5751745,652.3682632274243
5752746,656.7664006447986
5753747,599.5427894176753
5754748,642.9029472981347
5755749,645.5445599213932
5756750,365.58744944826475
5757751,655.5436867538352
5758752,657.0998358843742
5759753,658.1691196976034
5760754,663.2181776854665
5761755,633.8576670876973
5762756,640.4272110461901
5763757,666.2699567924416
5764758,627.2295615810339
5765759,652.2844744926211
5766760,623.2248276647944
5767761,666.1441703309571
5768762,346.88507202238617
5769763,650.8456398416063
5770764,645.8768117737521
5771765,645.9954906843282
5772766,631.1539185277828
5773767,651.6749516392894
5774768,650.2315268426881
5775769,626.4986931775936
5776770,671.7373886106983
5777771,568.0754152790371
5778772,658.5878814280386
5779773,642.6026427230366
5780774,636.49713298311
5781775,490.79031302545627
5782776,611.0323289550944
5783777,627.7970260587648
5784778,619.0841132691681
5785779,623.2578161624305
5786780,671.9481541956523
5787781,584.2090236478288
5788782,653.0585365836203
5789783,596.3544652410422
5790784,603.326501216827
5791785,663.3098086300031
5792786,648.3051146587014
5793787,638.1723641355046
5794788,620.6878337408086
5795789,648.040398263232
5796790,611.3236073315247
5797791,630.4145912318211
5798792,589.1779618536048
5799793,628.5888047810444
5800794,499.17708380527097
5801795,636.3001250198005
5802796,636.7190462297381
5803797,199.45211781147697
5804798,664.1387497835303
5805799,647.3062904312775
5806800,639.2090509084828
5807801,636.1169614996064
5808802,656.2854048363417
5809803,648.5600629981161
5810804,626.5898720469992
5811805,625.2643897082263
5812806,649.5750218788979
5813807,629.8888951642448
5814808,348.03809709349025
5815809,574.5679535462787
5816810,634.0305662222926
5817811,571.6582280731649
5818812,635.6354873621675
5819813,634.0530521023455
5820814,522.0525416539355
5821815,637.163035040139
5822816,566.6631372879355
5823817,650.1734959179793
5824818,666.8618572219297
5825819,640.1670453745069
5826820,638.1733665358839
5827821,458.21175093499807
5828822,606.0077002207748
5829823,630.4636393634987
5830824,650.4227418155859
5831825,642.8150258933296
5832826,676.0325904111364
5833827,624.3107737209496
5834828,610.1807205538946
5835829,193.65211125067998
5836830,515.4070262114504
5837831,513.335070348239
5838832,635.3877070343334
5839833,307.10600943826614
5840834,617.1167743236109
5841835,669.6868609176487
5842836,637.7530316331284
5843837,579.9985910755189
5844838,636.6730961191354
5845839,637.3986520954544
5846840,643.2277508925125
5847841,308.492819074689
5848842,621.0093313478354
5849843,654.51956191255
5850844,204.60816921587238
5851845,657.0637990994015
5852846,636.6351101070702
5853847,640.9102976113525
5854848,662.7032690201793
5855849,663.2380022141824
5856850,623.098874255164
5857851,651.6662674172884
5858852,654.6641811179035
5859853,633.4322175841686
5860854,451.7998829978362
5861855,623.5142409396295
5862856,628.9089007710879
5863857,614.0486635567697
5864858,648.4719467247537
5865859,655.7784894962531
5866860,562.8688961834375
5867861,392.2938744964806
5868862,585.3975467763236
5869863,643.6280068054774
5870864,590.2767651962616
5871865,380.9890227708242
5872866,402.03497699611637
5873867,575.4604200868976
5874868,306.3084073826444
5875869,639.2613115101611
5876870,503.2809652258757
5877871,344.51624348391834
5878872,341.83626487445343
5879873,424.5004013989669
5880874,595.8139978904816
5881875,651.974097894977
5882876,671.1649928456266
5883877,634.2417969908646
5884878,602.7110017671525
5885879,604.8273578109321
5886880,126.2343230825551
5887881,652.11278595133
5888882,643.0425097181264
5889883,187.9292312875886
5890884,615.400869251502
5891885,584.3680374508224
5892886,398.3989828457624
5893887,626.4241083715876
5894888,644.1047465779719
5895889,409.7102242928732
5896890,516.4496926660293
5897891,165.37716719904756
5898892,193.43811581660765
5899893,578.0460866317684
5900894,630.5808566138754
5901895,409.2874350149354
5902896,642.5618959407799
5903897,646.680418916735
5904898,602.0271813422181
5905899,579.6808152169614
5906900,666.6854037904087
5907901,387.8299397821313
5908902,564.4762445319573
5909903,242.04756322042192
5910904,633.4474489122986
5911905,573.0265778282401
5912906,523.1970915688391
5913907,686.1540338787821
5914908,632.2610780344323
5915909,424.635583747584
5916910,604.8945368977262
5917911,647.6943285086253
5918912,617.858015343831
5919913,680.2652058691446
5920914,627.0071258020672
5921915,296.175496242731
5922916,591.596059610401
5923917,96.65588141925053
5924918,637.1218051182993
5925919,603.5352051077556
5926920,630.4802231384059
5927921,608.0908372351912
5928922,635.1420208141556
5929923,673.604243165367
5930924,660.3301944707387
5931925,625.7226465863974
5932926,625.29818708777
5933927,664.1415084339101
5934928,196.34705983195383
5935929,585.6366235270352
5936930,657.1628438354537
5937931,544.3716633249712
5938932,613.6448023549283
5939933,560.6593394985488
5940934,97.988114222247
5941935,633.8438728838717
5942936,615.9340146029679
5943937,658.8017846310385
5944938,613.1426776409432
5945939,677.2142294052608
5946940,654.9711021017916
5947941,181.82231745888168
5948942,672.3683862872203
5949943,625.3942098175637
5950944,582.089564058934
5951945,644.8205608948634
5952946,608.7421103944598
5953947,638.0237672044758
5954948,590.311239575297
5955949,625.7993247497607
5956950,661.7085977989093
5957951,656.5649037942969
5958952,656.7685809566246
5959953,230.39975444033576
5960954,577.978125589097
5961955,454.77467661465295
5962956,642.8089448006875
5963957,613.8639168885319
5964958,653.5920584242402
5965959,532.8427572247392
5966960,94.50887706425422
5967961,661.4574782373336
5968962,528.3862566320361
5969963,592.0067904546843
5970964,576.8581233895865
5971965,603.1330555211513
5972966,628.0258285965027
5973967,604.4423290543004
5974968,313.69006099557697
5975969,646.127311715361
5976970,588.6113121049071
5977971,624.5698739806173
5978972,667.3134417770273
5979973,611.5905110621428
5980974,573.5471496775932
5981975,605.2969043671907
5982976,659.9763304702863
5983977,629.7125735396985
5984978,628.0355099983211
5985979,649.544222375557
5986980,633.1089693954453
5987981,667.8135326890402
5988982,608.8314386435208
5989983,620.6842479433362
5990984,658.005316598696
5991985,363.27419251058365
5992986,611.1335133923086
5993987,621.7345808575366
5994988,618.2682268931625
5995989,574.8377504074837
5996990,581.4251868760026
5997991,561.7435088069565
5998992,650.5101014410806
5999993,658.1367319885488
6000994,622.586421947494
6001995,434.0781245032924
6002996,642.4121520175855
6003997,638.7715584431259
6004998,675.4987230139002
6005999,639.6328649061732
6007000,215.23900188126927
6008001,665.8516096274724
6009002,627.9035599708909
6010003,643.325172114239
6011004,662.1934131074865
6012005,579.3796583043976
6013006,603.810987410969
6014007,629.0567376670773
6015008,662.2255438119969
6016009,658.0225487439379
6017010,578.3611548408152
6018011,635.3055342927519
6019012,671.4108789595446
6020013,637.5691116116227
6021014,297.55156646459403
6022015,611.4645251603743
6023016,579.7810414097216
6024017,635.3332019775125
6025018,662.7243230036814
6026019,576.0102932845632
6027020,644.5784646747098
6028021,678.5836277683443
6029022,687.9130337082214
6030023,621.9727373256011
6031024,618.6014001184997
6032025,379.1084750758681
6033026,633.8700206190741
6034027,324.6863720195107
6035028,643.9028906888622
6036029,657.1122783371092
6037030,662.272560585546
6038031,490.83318428803057
6039032,615.3837193489792
6040033,626.8561424647748
6041034,636.6659246385468
6042035,643.0977367824648
6043036,616.0487958659121
6044037,621.8185997316313
6045038,290.6200290880619
6046039,640.884104874176
6047040,489.61845932101795
6048041,500.133124067673
6049042,164.68744674778506
6050043,648.5521450442674
6051044,628.2048017047457
6052045,579.6544570315746
6053046,665.4894245530816
6054047,663.0005038775136
6055048,655.6499224555047
6056049,634.176196007979
6057050,616.2530294083227
6058051,561.0874548938101
6059052,636.8387019463568
6060053,638.9964471710645
6061054,679.6566676720548
6062055,642.5603469083572
6063056,249.0291501849635
6064057,666.1478695322232
6065058,625.20744980909
6066059,644.7647164594678
6067060,660.1758176697712
6068061,597.1089506198335
6069062,506.0930608053628
6070063,679.1091591479952
6071064,658.0418056089667
6072065,664.9119210613222
6073066,625.0678649027453
6074067,274.814751357471
6075068,662.0622663417005
6076069,652.3951389329325
6077070,544.2568130227979
6078071,647.2730793107723
6079072,558.6496706585352
6080073,592.0738528670817
6081074,467.3527779695767
6082075,567.3741246314894
6083076,603.0506449725593
6084077,311.6674742012752
6085078,465.79321392248926
6086079,528.6025958563301
6087080,639.1061482242061
6088081,639.069564354685
6089082,642.2665723972699
6090083,534.0309464485422
6091084,628.1977718399156
6092085,611.8198545630856
6093086,543.0716951555779
6094087,628.274034319494
6095088,656.06759299149
6096089,614.4515961268897
6097090,644.6491788604268
6098091,604.160180935605
6099092,635.1642907729699
6100093,647.8571377553696
6101094,655.5259384695408
6102095,611.6245729080442
6103096,659.4425806870548
6104097,613.1462200093932
6105098,248.3048142237298
6106099,471.0355423738449
6107100,94.92345529094678
6108101,580.886474371367
6109102,615.0474981442957
6110103,592.6424194728365
6111104,630.481567519038
6112105,625.299870635346
6113106,631.465140664949
6114107,596.626750975464
6115108,173.06407711933997
6116109,236.044462472469
6117110,571.61684683823
6118111,647.1833274165887
6119112,282.37209073577435
6120113,608.3438267052179
6121114,583.5590050490337
6122115,488.84320956750423
6123116,527.7153291811363
6124117,169.64452646975593
6125118,612.2747209608191
6126119,615.9978517924166
6127120,614.0463893084452
6128121,288.9404363217993
6129122,171.2068705626772
6130123,592.0487531073787
6131124,147.6428995535502
6132125,479.76903848695275
6133126,623.2198437864379
6134127,506.8429278726346
6135128,620.52939263735
6136129,389.65370765685185
6137130,579.1198178858209
6138131,628.9982111045024
6139132,631.5346094969383
6140133,614.2132469907455
6141134,530.1670391394509
6142135,207.04145654941613
6143136,407.0648746128906
6144137,655.3361022657415
6145138,664.1286075150532
6146139,575.875237767517
6147140,634.421946717803
6148141,646.7263327646697
6149142,642.2150370018298
6150143,476.0971724691448
6151144,165.79850285593588
6152145,544.0223956097892
6153146,61.2492827792372
6154147,447.4604268482942
6155148,357.280853631314
6156149,325.10132477977737
6157150,560.3157702320531
6158151,541.5321860005075
6159152,624.5406981773763
6160153,378.7642328815361
6161154,646.9523949955388
6162155,595.0545809859302
6163156,636.8069742696734
6164157,598.2351046093565
6165158,629.7723598869047
6166159,625.6523159049293
6167160,619.2453957633062
6168161,626.9678240338756
6169162,621.874101913408
6170163,229.5532953595368
6171164,647.9170935095419
6172165,198.24879764500045
6173166,570.1287024763702
6174167,535.6044501630478
6175168,633.9563351716367
6176169,579.7574254055049
6177170,606.3427662397007
6178171,628.8199598010551
6179172,632.553197364177
6180173,624.8715034555519
6181174,618.1055387206678
6182175,576.3787997031313
6183176,633.258475658234
6184177,636.7747514738159
6185178,623.6353154457363
6186179,605.8832372673028
6187180,607.4087024234501
6188181,607.6489078552746
6189182,148.1853076474908
6190183,643.0056946443179
6191184,84.15459730151564
6192185,577.5693911148978
6193186,601.4417454131848
6194187,640.5411285981518
6195188,371.5007161369607
6196189,562.2731009123469
6197190,638.7339137472634
6198191,553.7756697077723
6199192,639.3944098860655
6200193,615.8917747995213
6201194,628.2582565357341
6202195,99.95978087131972
6203196,614.4835375394754
6204197,644.9910019812083
6205198,582.5517801199302
6206199,602.5069790179117
6207200,636.3869433413075
6208201,634.2114759311758
6209202,629.6227928059144
6210203,628.9435809092328
6211204,642.0631859135285
6212205,659.7277740103659
6213206,612.2688066670826
6214207,647.336056890576
6215208,541.7275310471339
6216209,625.3734562851566
6217210,310.493289963341
6218211,584.3052146232675
6219212,604.1303412019728
6220213,616.9082458554703
6221214,615.1512364826475
6222215,656.0049939922702
6223216,607.6374907755966
6224217,598.9791437176774
6225218,360.47455461601425
6226219,656.3274649548413
6227220,655.5102821826757
6228221,590.0182997110066
6229222,565.8797446308803
6230223,561.8899706938245
6231224,655.1546474332764
6232225,620.5440300644868
6233226,636.2758456223527
6234227,314.5599491619817
6235228,662.0719076399556
6236229,644.6165475201913
6237230,653.4162798960479
6238231,112.06504594459378
6239232,598.4360585050222
6240233,649.1524866672283
6241234,581.8362158102744
6242235,232.401133608351
6243236,609.6363166961544
6244237,656.1826119560393
6245238,627.4782611913099
6246239,610.4147622786982
6247240,638.3618589224894
6248241,588.6035071751228
6249242,601.9928863151079
6250243,612.1917571556837
6251244,604.9634921894584
6252245,604.7211560852245
6253246,539.444724569724
6254247,597.6317104775487
6255248,634.9401370253568
6256249,669.5159194359935
6257250,628.8417441081551
6258251,658.3955753856025
6259252,619.3322935895617
6260253,586.6390095151341
6261254,550.5390324476666
6262255,490.55789712568514
6263256,642.0373273125509
6264257,595.8308126756184
6265258,636.7259792088852
6266259,572.3295153357071
6267260,620.199333927227
6268261,648.6795967034213
6269262,636.5090353156592
6270263,649.8325998700798
6271264,594.4062415705387
6272265,659.2071699866386
6273266,572.2219046957555
6274267,626.5502763887181
6275268,432.6353225542148
6276269,627.5023220991274
6277270,617.3805436578925
6278271,629.3168877087961
6279272,604.0576359521231
6280273,625.3414059071614
6281274,35.439741311920876
6282275,578.868783561522
6283276,332.8606795403483
6284277,643.7986052978482
6285278,646.1414267132983
6286279,579.9101615954118
6287280,601.0070337769172
6288281,379.0391858553787
6289282,432.40290285071404
6290283,465.61314216944294
6291284,644.0045942779225
6292285,516.1560411040136
6293286,575.8548716140787
6294287,629.236978082261
6295288,621.6327270557406
6296289,242.90228952928908
6297290,619.9583153505905
6298291,595.9905806241641
6299292,311.02359517933763
6300293,594.6506706134787
6301294,600.0562361830007
6302295,468.98960105497076
6303296,400.9747472609256
6304297,636.2524654136507
6305298,580.9221744679686
6306299,622.435134466509
6307300,553.9121442264624
6308301,603.9958079290957
6309302,648.9315510765084
6310303,395.8325779396872
6311304,525.0507092903733
6312305,591.2197542173068
6313306,645.9513564184188
6314307,620.7925743164637
6315308,597.6104815009935
6316309,410.8127421180987
6317310,636.287756408259
6318311,561.5154246406876
6319312,633.606250757309
6320313,573.6048687481159
6321314,642.7769210888258
6322315,566.1173222937285
6323316,627.2673264405861
6324317,600.374953375449
6325318,545.9112120969644
6326319,642.4628698168402
6327320,423.62393459732635
6328321,547.782163481461
6329322,649.5798622628051
6330323,615.8801069907034
6331324,633.4932987635997
6332325,619.1705070830228
6333326,481.12797476344025
6334327,608.9365874734566
6335328,667.7837186501539
6336329,536.3169475117066
6337330,593.9202746315608
6338331,623.4796819501718
6339332,610.9018305548211
6340333,571.4054914539932
6341334,638.7271587902147
6342335,651.1671814993123
6343336,647.3364415454622
6344337,591.3019652436224
6345338,552.0782066759789
6346339,577.105028010185
6347340,629.5477283262637
6348341,645.711533296688
6349342,630.5881851253115
6350343,104.7730060787165
6351344,647.5178691051761
6352345,595.3572388745026
6353346,557.0134964731868
6354347,294.10254877797496
6355348,637.8071321285653
6356349,614.7578750782892
6357350,606.7282146404685
6358351,626.4760993846448
6359352,669.8359515695456
6360353,650.5373981846348
6361354,181.61140175010982
6362355,604.27118972071
6363356,607.1347640448954
6364357,661.3907533398743
6365358,652.91409344996
6366359,313.05707923534146
6367360,587.2607672690947
6368361,598.6865877661571
6369362,258.7051596661276
6370363,640.0798245539557
6371364,306.50331301612306
6372365,36.04879397044158
6373366,568.9505939873942
6374367,645.5732327877106
6375368,607.1401594167585
6376369,481.51346554247357
6377370,642.3748097152692
6378371,579.7044528088851
6379372,397.24429841053853
6380373,635.2640544718978
6381374,556.9753379920447
6382375,649.7516966526433
6383376,355.53351742240324
6384377,633.9816728339541
6385378,515.8317553318044
6386379,598.1942864276303
6387380,614.5582625784851
6388381,537.9791934369034
6389382,669.2181611005828
6390383,142.5895719498685
6391384,92.79774075620288
6392385,643.4782050528765
6393386,661.3449924646978
6394387,681.5528329266335
6395388,620.0200074393055
6396389,478.86229765362214
6397390,647.4334349719518
6398391,371.21921797611026
6399392,617.7026844790129
6400393,629.9450484411663
6401394,627.0259044127988
6402395,266.95370541692836
6403396,588.5465751648522
6404397,655.3172322023986
6405398,649.8134166120856
6406399,650.7598876136406
6407400,594.993007029042
6408401,630.087340473443
6409402,652.5909404234438
6410403,618.1183227663839
6411404,568.2642160161155
6412405,90.21897611667131
6413406,566.8378597925889
6414407,277.7648294795855
6415408,621.0413134518203
6416409,635.0657764815597
6417410,610.873273143472
6418411,567.165207127147
6419412,615.0657209740506
6420413,568.4514232269187
6421414,623.6356779506858
6422415,654.0170773964281
6423416,607.0396078361316
6424417,618.6865775506891
6425418,624.5340512432683
6426419,638.4629992742096
6427420,592.2058887634029
6428421,625.8984942004264
6429422,605.4483502365349
6430423,548.0172588486638
6431424,631.153406643984
6432425,607.8180697896776
6433426,644.9737478152687
6434427,504.02624687526685
6435428,624.5552591595407
6436429,640.0656518693793
6437430,606.3901518685913
6438431,615.418010930003
6439432,602.4962958010907
6440433,519.6397244709026
6441434,558.5517804428429
6442435,639.4394857335813
6443436,620.3991961639729
6444437,643.1939953055289
6445438,665.7564149098368
6446439,604.6176168751375
6447440,677.9426934929157
6448441,627.9053685362911
6449442,659.8439292648443
6450443,602.8797503072079
6451444,635.0498328593561
6452445,544.3276553907667
6453446,655.6200213976853
6454447,628.3922013436207
6455448,432.83423174489144
6456449,633.1384631388322
6457450,618.2812443950514
6458451,628.8522169517905
6459452,400.1055496279186
6460453,623.0447439812244
6461454,618.30414717624
6462455,628.5202934665986
6463456,639.7741067961417
6464457,587.9518920761417
6465458,592.8081598938461
6466459,638.3025186873404
6467460,564.6828808661463
6468461,646.7033202563225
6469462,366.47807652885706
6470463,579.5464169270335
6471464,469.30939948355615
6472465,621.1798821947128
6473466,508.85076474846744
6474467,615.3984940982631
6475468,652.8858840033965
6476469,659.2351352329322
6477470,643.5719802132104
6478471,351.81496422529057
6479472,627.3397632355402
6480473,582.7018545955756
6481474,192.35852678020962
6482475,612.3353843173088
6483476,565.0492678301222
6484477,461.84342467892463
6485478,641.8046858119861
6486479,638.1913384719855
6487480,567.8294498024583
6488481,645.5700849125445
6489482,556.8491738714586
6490483,642.9947289596861
6491484,637.156873083233
6492485,606.4018653512444
6493486,492.2379426049949
6494487,630.7667400633594
6495488,172.46615017405486
6496489,631.9674981809283
6497490,585.8039725484222
6498491,475.6303958073622
6499492,633.770428482563
6500493,589.1285176536755
6501494,643.6513244219899
6502495,648.352892097546
6503496,270.78223914133673
6504497,630.2139316500793
6505498,684.0555009287107
6506499,665.0770082157716
6507500,419.00891922897296
6508501,581.966069516143
6509502,611.1803110237769
6510503,626.8499141949408
6511504,535.148440691569
6512505,269.9461627997628
6513506,577.9034637975202
6514507,579.1163805665643
6515508,639.7666171783823
6516509,629.1160265071535
6517510,619.1933439203126
6518511,588.473985880873
6519512,615.7095133730386
6520513,632.1431231236666
6521514,624.9539073788116
6522515,476.4504034657937
6523516,593.1745868700743
6524517,564.2785084568387
6525518,645.1306379214708
6526519,639.0592383313884
6527520,638.0999011548693
6528521,596.1012432347381
6529522,593.653891593134
6530523,588.0665506587391
6531524,598.7334067683702
6532525,528.3954729504497
6533526,611.3774343256212
6534527,628.3578403016013
6535528,301.6492812612263
6536529,648.3220665464548
6537530,624.5621603937558
6538531,617.0701541648727
6539532,635.2836122702687
6540533,587.5468022893308
6541534,658.4346009947935
6542535,424.06457329254556
6543536,529.2170522471213
6544537,334.4693480763958
6545538,656.9776830030205
6546539,636.8076747639477
6547540,636.8608615421788
6548541,554.5249255438562
6549542,597.7848376362098
6550543,503.0513357460175
6551544,645.7720677364833
6552545,655.1083357733647
6553546,564.4247353604355
6554547,567.7407251797387
6555548,677.8494733022641
6556549,597.5584886648987
6557550,644.3978255394054
6558551,620.4621008618166
6559552,223.03105204425827
6560553,651.4213120112371
6561554,610.7515900244432
6562555,635.3317119853929
6563556,608.7333950453891
6564557,642.484507271618
6565558,334.4141808015179
6566559,98.96714549461204
6567560,636.3119785840379
6568561,612.083354414055
6569562,198.37840953082252
6570563,637.5977958868252
6571564,638.3530331292379
6572565,233.05805103026444
6573566,590.695122378092
6574567,516.1683963792884
6575568,643.3746190684884
6576569,615.2480149807258
6577570,267.65099432778766
6578571,575.0760204847033
6579572,661.7314424173011
6580573,673.8296414298283
6581574,184.92529586026305
6582575,646.9668620439147
6583576,628.368847110031
6584577,605.3324845100343
6585578,599.694067203859
6586579,614.7571751117648
6587580,621.3613208711133
6588581,556.5639409654054
6589582,593.1639515531793
6590583,620.707545921686
6591584,261.15415865624897
6592585,643.3604868249117
6593586,652.1602621741911
6594587,527.5649857051139
6595588,642.7934688134634
6596589,635.266572223017
6597590,623.710494344714
6598591,499.4118055010798
6599592,550.6618601339842
6600593,640.4869087808376
6601594,603.765058705111
6602595,635.0644798056449
6603596,495.0013487058518
6604597,618.6248116211059
6605598,549.5651997048295
6606599,602.4070560295505
6607600,622.5041622013388
6608601,628.9612620832544
6609602,640.3005169949313
6610603,650.898628689983
6611604,638.9046276780375
6612605,655.1350306405407
6613606,661.4110361811606
6614607,648.2409127243933
6615608,634.4529717243238
6616609,638.8900299158562
6617610,642.405660813633
6618611,638.4884231977742
6619612,628.9171327985056
6620613,639.2441288716946
6621614,617.7660895384516
6622615,659.0797920886976
6623616,634.4113127261508
6624617,660.987443170317
6625618,568.1740481527769
6626619,642.7161263559075
6627620,216.15223035390267
6628621,620.9202913446506
6629622,649.9192879642324
6630623,462.99480123294984
6631624,537.7363075580531
6632625,637.5575844601897
6633626,643.0291931920692
6634627,656.240468777126
6635628,573.1049913163218
6636629,628.8243220344956
6637630,635.7574703084866
6638631,620.3507200151494
6639632,290.57931582432707
6640633,634.0971852556393
6641634,672.175979789381
6642635,635.2259493374763
6643636,267.56038593053944
6644637,575.4393182536164
6645638,276.89813881183545
6646639,629.9354691873342
6647640,610.2040006063379
6648641,628.7224019673656
6649642,533.1521843467506
6650643,507.3844348519674
6651644,625.0379430852183
6652645,639.5125209708971
6653646,629.5872396661852
6654647,645.594584744435
6655648,604.9873862088501
6656649,641.1367544368848
6657650,654.2782719554193
6658651,616.4839850239324
6659652,468.7646934487724
6660653,660.698861786088
6661654,443.1242262409196
6662655,610.6969372077532
6663656,173.25899419141265
6664657,573.2421946130679
6665658,625.3002286533109
6666659,551.6337510836136
6667660,632.2867920192589
6668661,641.8336487084712
6669662,662.9307378392384
6670663,648.3036438121105
6671664,381.9162775853479
6672665,106.96959400066177
6673666,488.3162419972875
6674667,654.3191834153158
6675668,324.15070434973984
6676669,647.6274721518758
6677670,335.1129967131761
6678671,654.5063937969855
6679672,648.4472499156477
6680673,622.1397899805506
6681674,650.4447376819327
6682675,240.06885846813464
6683676,627.6679988332464
6684677,636.3125315141489
6685678,629.1657229743688
6686679,682.511796000926
6687680,574.5718796496514
6688681,619.3912913633125
6689682,298.7949950593542
6690683,586.6866400029002
6691684,589.2407260951079
6692685,554.7550886804828
6693686,613.8914328972363
6694687,665.9955741096635
6695688,179.9348339902859
6696689,626.2051393477544
6697690,648.719164372061
6698691,602.3225477392745
6699692,647.8745282842929
6700693,583.4610875655842
6701694,512.8664833699946
6702695,19.221810172245355
6703696,661.7888130567464
6704697,630.8785852371454
6705698,619.4282079625527
6706699,440.1484747193278
6707700,297.36678987599004
6708701,656.6163684647579
6709702,609.9424896286447
6710703,634.3473925222731
6711704,612.8693307101489
6712705,436.8962090855689
6713706,611.2411820012303
6714707,668.8553031391654
6715708,650.8944446296741
6716709,640.6409098851611
6717710,82.1892999396079
6718711,230.2292095145189
6719712,623.8507966376434
6720713,607.4712916123729
6721714,402.01359082234455
6722715,594.3013273868789
6723716,670.3900828211994
6724717,610.402774199065
6725718,634.3364897075771
6726719,653.8648921830564
6727720,643.3051579421858
6728721,500.441891115812
6729722,322.8776398399677
6730723,591.8896418671482
6731724,641.1708292601805
6732725,614.4087605391979
6733726,639.2670016382386
6734727,645.0057424629259
6735728,632.1754890245069
6736729,303.03923673080703
6737730,502.45880801809164
6738731,632.9345752605815
6739732,425.99352261380056
6740733,630.8838286181555
6741734,480.593331008076
6742735,131.83960487181483
6743736,637.4268417092177
6744737,640.0644497912791
6745738,604.9514453276435
6746739,613.418855297345
6747740,575.3856130144582
6748741,576.4101510845223
6749742,646.4679699812606
6750743,566.51748623267
6751744,607.1423620665057
6752745,617.5902927495265
6753746,622.289658087918
6754747,217.97662079451888
6755748,372.6291223248815
6756749,676.1029037887041
6757750,288.5622078629216
6758751,661.5869302391777
6759752,614.5279281108172
6760753,119.7649611231614
6761754,613.340227817511
6762755,574.4829876856988
6763756,646.3295194484873
6764757,602.9031109515645
6765758,642.5651325005971
6766759,680.8534494223996
6767760,573.9509595101777
6768761,643.918732380829
6769762,463.92279864685594
6770763,637.48071151308
6771764,677.5248605335197
6772765,229.10858398637794
6773766,610.1904200904703
6774767,615.2294776110868
6775768,641.5625253973045
6776769,654.7335232566102
6777770,600.7087946860933
6778771,549.0309629961009
6779772,600.8027362538412
6780773,634.443113116929
6781774,583.637327968407
6782775,554.7730548958389
6783776,664.1785481627547
6784777,628.5003900338173
6785778,618.0437011109166
6786779,639.0264407473197
6787780,629.7709235425201
6788781,595.2457518342326
6789782,252.08458013271456
6790783,645.7211802764097
6791784,600.483538520876
6792785,502.31901482165557
6793786,611.8669187218994
6794787,608.5170647918712
6795788,665.0091089806484
6796789,608.4977030935249
6797790,636.7204141612754
6798791,658.5213658535204
6799792,626.6701862496376
6800793,661.484023371164
6801794,677.8002281676396
6802795,633.8934343905375
6803796,611.7029769116258
6804797,619.1409202699565
6805798,317.03103308426415
6806799,671.4312912386058
6807800,651.3146823874805
6808801,642.1740314268835
6809802,639.7179145183475
6810803,619.9064053279634
6811804,596.3600181511206
6812805,655.9153814510297
6813806,605.7613190375503
6814807,636.9238575459805
6815808,649.0411183827177
6816809,642.3047735112461
6817810,702.3070089140866
6818811,435.32989553117585
6819812,653.2465601496941
6820813,604.0567009131339
6821814,580.569616733322
6822815,560.2807420388806
6823816,264.5172149858728
6824817,647.5047510092282
6825818,630.4907939590071
6826819,248.57843156967834
6827820,633.6364199569284
6828821,652.9941087461627
6829822,641.4013648849383
6830823,620.6073497772074
6831824,561.0504198073752
6832825,662.4308571590465
6833826,565.0924786181536
6834827,628.7910346688461
6835828,671.3404827069972
6836829,635.346429235175
6837830,650.5450054691923
6838831,653.1451128067596
6839832,563.3972879170664
6840833,206.9759495843852
6841834,640.3057849039991
6842835,370.86457487050893
6843836,647.7973458570256
6844837,631.7366591664043
6845838,643.8653187323008
6846839,639.1302902662935
6847840,653.6185472731383
6848841,599.1607549279347
6849842,578.3646524019771
6850843,560.5238247585365
6851844,676.1495574690812
6852845,615.4272845151239
6853846,625.6471341737255
6854847,641.5322445699841
6855848,652.8032576000228
6856849,597.3538992462272
6857850,634.5747935918388
6858851,652.1849947679381
6859852,600.0970917536588
6860853,131.8789330754411
6861854,220.01800773690292
6862855,639.7451667537224
6863856,663.4712361479919
6864857,654.9707712742427
6865858,621.1071106960899
6866859,626.5793568572072
6867860,637.7844476856231
6868861,663.000682118349
6869862,655.4232451610175
6870863,626.03257547488
6871864,628.9386345194796
6872865,71.74607208970001
6873866,608.29425074257
6874867,629.105995783693
6875868,292.957697435864
6876869,623.963004300331
6877870,639.7621632469035
6878871,628.7348995757336
6879872,646.0924946937091
6880873,427.97520890741487
6881874,619.8349054477361
6882875,640.5382339599835
6883876,535.9242905371577
6884877,652.7146088442529
6885878,664.9975895149983
6886879,634.6581650137468
6887880,641.3293561742339
6888881,618.0134197334398
6889882,619.103010433024
6890883,644.6095452513586
6891884,653.8471841809744
6892885,637.0154927057498
6893886,207.84201520227634
6894887,643.0205939298085
6895888,623.4297206660503
6896889,652.8774053782045
6897890,346.47876782182703
6898891,546.105598692062
6899892,581.762489277748
6900893,592.0520396132893
6901894,618.9699964118364
6902895,597.979102699375
6903896,455.0139245430984
6904897,633.2352533366449
6905898,603.0275653225966
6906899,526.9539380827468
6907900,612.4428681252474
6908901,615.6139120717872
6909902,604.8643530696731
6910903,228.25164285980873
6911904,606.633185375243
6912905,614.0289278865052
6913906,634.6974304467956
6914907,612.1368514639397
6915908,633.4481867258821
6916909,596.1792936463135
6917910,649.2928867032676
6918911,611.8765984916316
6919912,320.18669363038595
6920913,635.3528507904599
6921914,541.8561500626809
6922915,607.6684717697484
6923916,99.33747548110209
6924917,599.6108633348789
6925918,626.900482681362
6926919,664.1370691749956
6927920,623.3501154135218
6928921,659.4437046976499
6929922,498.18359388985584
6930923,645.7441085440579
6931924,627.8511277453773
6932925,644.0115716566825
6933926,313.53528526957933
6934927,632.9552504178258
6935928,587.5400726875106
6936929,646.359913102116
6937930,533.706219537453
6938931,688.2756176930285
6939932,202.45887595569735
6940933,547.1620277923965
6941934,618.8406810264188
6942935,616.7584624437661
6943936,658.032889258414
6944937,643.2821918544926
6945938,592.2853780211021
6946939,635.5250496982355
6947940,664.0046664279057
6948941,678.693370448673
6949942,619.9531376078386
6950943,654.9629755238368
6951944,554.8004156835334
6952945,539.1596553904882
6953946,492.94721865621557
6954947,620.3707832943304
6955948,675.1836351904625
6956949,633.334317028128
6957950,582.4317813080983
6958951,646.3240895191148
6959952,645.3682213681635
6960953,549.4566151638164
6961954,640.535468366928
6962955,649.9199074861501
6963956,592.5621000250852
6964957,666.984742946541
6965958,651.8369554521344
6966959,634.6530731938508
6967960,652.4768168493746
6968961,618.687435558214
6969962,567.8403552208804
6970963,659.588799648644
6971964,99.30583490650999
6972965,375.7978027900455
6973966,646.4657738425376
6974967,593.0860980645875
6975968,605.6659453589558
6976969,444.59382997397813
6977970,656.5710477286137
6978971,678.1622487679119
6979972,99.65954162407557
6980973,333.30292137268094
6981974,111.19280884095988
6982975,585.5528354887014
6983976,661.8924097768581
6984977,663.2503442183669
6985978,647.0967382465831
6986979,547.319094000086
6987980,586.0018330200382
6988981,638.1738207478619
6989982,612.1262207366796
6990983,612.0145541559347
6991984,626.3695070991928
6992985,657.7587455318152
6993986,607.7085340521988
6994987,635.4053344204393
6995988,444.00846714867066
6996989,648.5325791886636
6997990,154.992100224392
6998991,587.8481127109892
6999992,648.0631448082734
7000993,540.7797177780102
7001994,549.778991066846
7002995,609.5223659552289
7003996,653.8028984337833
7004997,555.471629887946
7005998,644.4534175337494
7006999,239.76815629841954
7008000,571.050388446555
7009001,541.5604664139521
7010002,663.4118366014544
7011003,627.5473836313815
7012004,615.8649541587972
7013005,525.8549164846124
7014006,274.15927658351575
7015007,663.9073405388077
7016008,464.12147948286747
7017009,239.49196225356675
7018010,253.13572505458993
7019011,599.3614835592402
7020012,646.2971782862151
7021013,611.0091726382117
7022014,251.622305998984
7023015,278.16829939481147
7024016,528.3569671416317
7025017,669.6213085228787
7026018,114.80738110483776
7027019,628.6216207078675
7028020,663.8906556982469
7029021,673.5921280267486
7030022,640.0656013945909
7031023,638.4799023364848
7032024,638.6702743088616
7033025,642.0758106836852
7034026,511.19431819372437
7035027,241.5147271434209
7036028,643.130579314192
7037029,419.21597274841594
7038030,634.764520483112
7039031,568.1210523697539
7040032,614.1932510167618
7041033,636.8961155175792
7042034,542.4144759214373
7043035,397.6620845230703
7044036,624.141445451843
7045037,638.820497563543
7046038,641.1618501902283
7047039,666.1953727543265
7048040,631.0607901638325
7049041,577.5820592421858
7050042,672.9369796957409
7051043,644.56728632794
7052044,633.7871088133741
7053045,611.5330616099129
7054046,641.0567369196765
7055047,659.7010600305676
7056048,566.4018222765357
7057049,670.869237707931
7058050,595.1609189249572
7059051,613.7561259605636
7060052,665.9602956226115
7061053,135.31432444770505
7062054,357.96425542086627
7063055,559.2032181148403
7064056,111.70493452589511
7065057,593.3288791479921
7066058,394.8754203125945
7067059,530.5290745122837
7068060,615.6523297693087
7069061,458.64888337914397
7070062,653.3733296827681
7071063,610.4069885405565
7072064,148.40633616684156
7073065,634.4505257470175
7074066,509.57384439668476
7075067,634.8114160687733
7076068,656.0646480097645
7077069,646.7021749164367
7078070,584.8253743074399
7079071,593.7279081803515
7080072,631.239009691225
7081073,609.5881527452165
7082074,27.17571834764012
7083075,657.1056285041203
7084076,558.314036622773
7085077,619.8161014853674
7086078,584.651811767534
7087079,617.9422529599588
7088080,630.817608599439
7089081,648.7710705820505
7090082,673.7953179093048
7091083,648.8732411022181
7092084,353.4729694548188
7093085,638.465598962765
7094086,606.5679423205481
7095087,645.7474413787551
7096088,641.3354163083368
7097089,641.7383017682105
7098090,474.38601101136953
7099091,666.9788445202547
7100092,688.9630992653714
7101093,659.5577540602892
7102094,636.5044059199781
7103095,550.0171487905424
7104096,590.7768004521511
7105097,659.1910586800498
7106098,636.699375449331
7107099,636.264245161735
7108100,599.2274174527429
7109101,624.4992830962623
7110102,631.8827111906005
7111103,607.5928231426742
7112104,575.9534473843688
7113105,662.2852271131391
7114106,561.8606228121135
7115107,641.7401723787491
7116108,577.1646503081656
7117109,253.03931217590264
7118110,543.7560995024286
7119111,642.8845857531913
7120112,625.0149706198937
7121113,660.2126849452463
7122114,621.5251845507723
7123115,613.7291535039377
7124116,636.3766406524811
7125117,663.0137293570214
7126118,219.53107310028756
7127119,275.57405337679296
7128120,678.4299449883605
7129121,639.750037657197
7130122,659.9865984083474
7131123,662.0469115221267
7132124,665.8758521548488
7133125,653.5545497437921
7134126,658.4632793846839
7135127,623.1750155287014
7136128,655.4229847376188
7137129,154.7507737148758
7138130,468.1396346169163
7139131,541.3810884981054
7140132,234.96257021469563
7141133,652.3490566523465
7142134,580.4387144731803
7143135,636.8003945307715
7144136,642.7299793920675
7145137,657.8647397937042
7146138,658.2975872039528
7147139,691.7253072586465
7148140,663.400352900763
7149141,369.82574111315614
7150142,635.674654839737
7151143,579.4658184424461
7152144,252.77858379290694
7153145,669.7286466150532
7154146,654.525959464088
7155147,639.5906191588064
7156148,622.5550722001963
7157149,622.007440065579
7158150,617.8213566437921
7159151,513.7749093125168
7160152,551.7994147699864
7161153,661.7802025128245
7162154,659.5288027943167
7163155,644.4782567901551
7164156,155.49108507058614
7165157,625.8286272270615
7166158,636.176283209936
7167159,645.60808095395
7168160,648.0283167435614
7169161,639.7209929512493
7170162,651.4962499764206
7171163,546.6115193559135
7172164,647.7634258354349
7173165,654.5317096637207
7174166,598.9977001531404
7175167,642.7959728429869
7176168,636.7697462755981
7177169,629.371637264087
7178170,370.1302928686504
7179171,631.6000000104576
7180172,658.093226149839
7181173,650.7919850345745
7182174,649.1738320303649
7183175,160.63365649795597
7184176,636.9784416551075
7185177,603.7800529952209
7186178,285.45212505890527
7187179,640.6442364131169
7188180,621.7842326218549
7189181,635.6367703238445
7190182,659.2161073189449
7191183,625.3243044393421
7192184,645.3123719533187
7193185,671.8585254014896
7194186,557.0854517615703
7195187,581.3495823688702
7196188,576.318641820902
7197189,370.74938295186985
7198190,547.0950616462676
7199191,669.4463727005328
7200192,644.7289504266305
7201193,591.1253505743905
7202194,634.6680503149529
7203195,663.7040713211294
7204196,664.529351922349
7205197,599.9352204113495
7206198,650.9417786934288
7207199,595.826855579838
7208200,644.398030034139
7209201,643.957383813866
7210202,616.7303885937266
7211203,630.7609622129166
7212204,579.6818442142286
7213205,637.8077523754366
7214206,569.1868942300459
7215207,650.7664921741674
7216208,468.35816711487314
7217209,604.3322476141918
7218210,649.3426096505888
7219211,651.442700342891
7220212,653.4822092591029
7221213,630.2114807225623
7222214,529.9575190825452
7223215,646.2111184589113
7224216,550.1755699577552
7225217,676.8372811610757
7226218,625.2311223711321
7227219,638.8333361332719
7228220,650.537151426048
7229221,642.4551902091298
7230222,646.4463657180228
7231223,653.3813260367605
7232224,618.1264317794352
7233225,639.2449211293183
7234226,665.9292437735412
7235227,652.7663136359103
7236228,624.7101761348886
7237229,206.9080577167191
7238230,605.7428699262435
7239231,200.8936887122456
7240232,495.68660755386986
7241233,574.7486024688353
7242234,504.65248055110493
7243235,677.8316411608359
7244236,504.78478579395136
7245237,74.89889672222961
7246238,657.0559046118216
7247239,589.6398110336884
7248240,600.7967867951947
7249241,626.1739755329477
7250242,599.5118412144542
7251243,642.1666632461216
7252244,650.9265968578085
7253245,656.6901971557966
7254246,633.0780538435528
7255247,570.6059587414179
7256248,578.3957570395498
7257249,654.660344012813
7258250,219.21813963087484
7259251,657.5482387552779
7260252,523.5974034863267
7261253,614.4997616188108
7262254,279.47359714330656
7263255,109.39811960094539
7264256,629.4067816130148
7265257,656.1270583340367
7266258,654.9331935965151
7267259,595.2346112269564
7268260,675.8037133303603
7269261,409.98522226951036
7270262,562.9239821529271
7271263,665.11213134818
7272264,539.2088169201095
7273265,606.5429564223637
7274266,636.1859874084486
7275267,451.00803396456166
7276268,633.2853614569522
7277269,475.8669060530875
7278270,622.0541962237749
7279271,604.0362180257923
7280272,636.6262434123868
7281273,430.1819483670687
7282274,664.6236088178941
7283275,581.7269134657289
7284276,666.9624825357648
7285277,683.8632531530127
7286278,653.2643936793577
7287279,623.6252787837392
7288280,106.40462064009604
7289281,640.0534962381292
7290282,664.3894891290281
7291283,638.2181660594931
7292284,652.5813928335233
7293285,638.3196214078249
7294286,647.5718415307213
7295287,613.5185266869526
7296288,646.2519539646541
7297289,589.9258643946127
7298290,635.1922156103639
7299291,441.2052287075857
7300292,630.221744852006
7301293,633.8868775965148
7302294,637.0218569657181
7303295,669.5271068233167
7304296,427.1073208582949
7305297,657.3527622201161
7306298,636.4446360535084
7307299,663.3668967318945
7308300,655.4411641221988
7309301,409.19310400867226
7310302,676.2634539515311
7311303,581.8665673279936
7312304,672.0645524742548
7313305,639.6635909536881
7314306,588.0058829839602
7315307,433.8683251881105
7316308,586.0486665404144
7317309,604.449072682973
7318310,582.5179755924436
7319311,588.6949528739739
7320312,631.4175680824674
7321313,667.7036439230178
7322314,582.1231944844402
7323315,656.5743293834271
7324316,299.89489592687755
7325317,430.536482469975
7326318,480.76136924715615
7327319,639.0904810499449
7328320,679.2895643117381
7329321,649.6496345188089
7330322,339.0567156947891
7331323,613.3077132162066
7332324,657.8372057247914
7333325,570.9582650598069
7334326,665.9254560492341
7335327,79.59685685731814
7336328,580.5364946552648
7337329,655.9838470324443
7338330,644.9048113060304
7339331,674.9250295319071
7340332,637.2469665641581
7341333,556.4957392982924
7342334,651.8531369499966
7343335,620.513235486927
7344336,586.0914244600563
7345337,632.5297651990895
7346338,591.0523448527157
7347339,604.5681173268036
7348340,634.326254532571
7349341,645.0132942468883
7350342,522.1329701813173
7351343,651.8885772839623
7352344,592.1108420345003
7353345,619.938538710892
7354346,616.6642943544773
7355347,555.7349786569554
7356348,149.19476322008842
7357349,610.582677328958
7358350,156.15495030103432
7359351,389.07905656072984
7360352,638.7760239427549
7361353,617.0125689794447
7362354,625.747186947025
7363355,257.1925894885104
7364356,648.1919822480236
7365357,120.8150905616704
7366358,643.5745603332836
7367359,480.29164184268853
7368360,590.5372852422521
7369361,581.1377913400718
7370362,626.8590300206886
7371363,638.9914694083664
7372364,629.3310284438567
7373365,647.7345179485213
7374366,553.762562686814
7375367,134.13173104365737
7376368,176.95755430512327
7377369,618.4498028356624
7378370,619.3767697217794
7379371,559.8999026082083
7380372,617.3953029885988
7381373,652.5396864295617
7382374,660.6116341147807
7383375,602.5149561608711
7384376,625.1681329429538
7385377,531.0850442600738
7386378,630.6081197055117
7387379,648.7773262361222
7388380,325.5978313688461
7389381,222.01441974818556
7390382,237.7259064336956
7391383,567.0542736008534
7392384,640.88095761583
7393385,160.06254737319048
7394386,647.4061663811973
7395387,146.12887631900918
7396388,604.0968434874756
7397389,579.8782596852519
7398390,566.4395550006867
7399391,617.9534563516688
7400392,636.4457295330416
7401393,596.4329655013057
7402394,614.0374455548338
7403395,648.4822779241623
7404396,144.9002310432762
7405397,619.6080748195787
7406398,638.1781137959949
7407399,606.6903600869329
7408400,622.1011688055534
7409401,203.9015049527318
7410402,565.0742028536721
7411403,499.60363990310003
7412404,151.89821376059777
7413405,597.760530312679
7414406,653.6279526956702
7415407,632.4260228213928
7416408,578.3756799543686
7417409,130.61768340648
7418410,596.1107638930279
7419411,630.1328952311123
7420412,611.6570616416193
7421413,579.0647250933453
7422414,477.7294589720626
7423415,629.3875512923406
7424416,654.7408628987112
7425417,663.9336403854061
7426418,632.3382054368858
7427419,242.86450265610748
7428420,223.76910060028442
7429421,575.4666151762082
7430422,478.85067277026263
7431423,646.4947848736717
7432424,652.9887023224373
7433425,658.8018896437161
7434426,613.1109008511227
7435427,646.0552526595479
7436428,655.5637176584995
7437429,489.8528417032079
7438430,527.5738884065134
7439431,111.04960714599059
7440432,227.0419787376366
7441433,445.6521127099065
7442434,583.2286873313255
7443435,261.1153391514766
7444436,663.7447879758811
7445437,667.371511475987
7446438,545.5866473877913
7447439,156.43547444724146
7448440,635.4334282407756
7449441,657.8421164040677
7450442,588.4060250300234
7451443,579.0820946263199
7452444,469.2486123238963
7453445,550.2921788240486
7454446,621.6751620943809
7455447,227.58164892716707
7456448,601.8461349831099
7457449,622.3262254041532
7458450,644.0332565075792
7459451,660.9617306930267
7460452,376.3221103144696
7461453,601.5717104642129
7462454,623.3621490870248
7463455,613.6913541385777
7464456,423.1366877734238
7465457,604.6824687943689
7466458,648.2077568192777
7467459,661.4638498378562
7468460,560.0553970855574
7469461,581.4330876383615
7470462,657.5122403035917
7471463,620.7203421458164
7472464,557.6735098655414
7473465,446.0465400836782
7474466,563.6780502935094
7475467,626.8535927836498
7476468,524.8808536075492
7477469,554.0363255110973
7478470,79.35664858997576
7479471,619.9565056333515
7480472,612.6659304719086
7481473,602.1866290944546
7482474,666.0038109515641
7483475,121.81480936700046
7484476,626.4194005147973
7485477,586.2366305025397
7486478,619.6260035157254
7487479,614.8747903297061
7488480,599.882764441423
7489481,661.3009781342272
7490482,471.2373344568186
7491483,609.0599014005744
7492484,586.7747649840197
7493485,550.2319957362838
7494486,526.080800621981
7495487,392.5711746801048
7496488,641.267850569716
7497489,625.2581724430588
7498490,594.278361632904
7499491,620.9054773121835
7500492,618.3733628520938
7501493,614.1760426621091
7502494,646.0061522714468
7503495,591.4997788463039
7504496,641.6376560631558
7505497,649.9411437463247
7506498,656.471641411079
7507499,546.7894770595135
7508500,658.4785139430229
7509501,429.7933394463823
7510502,673.6764192265923
7511503,598.602956666209
7512504,646.6898910498189
7513505,647.5694121548429
7514506,610.7481780749364
7515507,238.98835701589013
7516508,654.4388038665911
7517509,590.6001180602321
7518510,627.1114933762086
7519511,307.7420317001238
7520512,153.1719454173423
7521513,528.610258685851
7522514,564.4181930238854
7523515,667.7612082519813
7524516,663.6242785685477
7525517,635.5176947445545
7526518,172.64041525054708
7527519,626.1372379072402
7528520,518.539281731716
7529521,391.7016427414505
7530522,656.6386904876313
7531523,269.77746763075925
7532524,646.6993007169074
7533525,543.9110100638625
7534526,641.3918341449157
7535527,617.1214329538803
7536528,588.0747073659508
7537529,631.6348661963303
7538530,517.815992587902
7539531,646.021064214495
7540532,610.5635461438201
7541533,600.8730933615647
7542534,652.5370629498215
7543535,537.0222266473912
7544536,546.8391243786017
7545537,591.4066630819045
7546538,645.4172132422781
7547539,418.65482307872213
7548540,605.9369821490645
7549541,177.78001897716254
7550542,612.4892395563918
7551543,499.91385854147217
7552544,610.3185763819089
7553545,614.2170114773128
7554546,610.8077534851724
7555547,560.1759507105261
7556548,579.4500058190017
7557549,618.3941379363542
7558550,493.9535414263909
7559551,523.910928449223
7560552,287.2018347519397
7561553,402.86334912060653
7562554,629.989044691873
7563555,631.3593583260088
7564556,648.9864761360448
7565557,617.1136618343743
7566558,634.9805413078038
7567559,591.1626452429425
7568560,559.2440751566381
7569561,638.1448398276272
7570562,628.4090836481631
7571563,114.9693233796162
7572564,632.6203268586937
7573565,622.9187691275416
7574566,59.22362642358323
7575567,629.7636530956823
7576568,606.7455321950566
7577569,613.8365703056575
7578570,376.5421828833236
7579571,410.04769701886926
7580572,648.9600825952571
7581573,602.400528878161
7582574,635.8989686222919
7583575,557.5183167123618
7584576,234.9762678079032
7585577,599.5322607810763
7586578,392.1895400994008
7587579,534.1981317425124
7588580,531.226297349898
7589581,627.9579834518412
7590582,393.92093746345756
7591583,663.3741806255812
7592584,637.4151314603245
7593585,626.1496354934653
7594586,655.4742488228694
7595587,653.1910039033887
7596588,666.1456206821397
7597589,635.6075648323169
7598590,563.2237209762809
7599591,639.019979259724
7600592,630.1726420549263
7601593,559.1599096663303
7602594,127.48104586321902
7603595,585.3522875622496
7604596,111.13781771193781
7605597,257.3150060892558
7606598,614.9340622113994
7607599,634.8062223186192
7608600,649.3484922296559
7609601,636.1600572600739
7610602,578.9555645315165
7611603,603.6095792578628
7612604,591.5048554038613
7613605,646.5844012486488
7614606,585.6427116413034
7615607,641.4084852569197
7616608,514.0809135880298
7617609,601.2536061789801
7618610,538.2217832199665
7619611,644.4624760090272
7620612,583.2181300879274
7621613,149.14424665495764
7622614,622.4995161341344
7623615,646.5056605349924
7624616,576.826885533478
7625617,209.27871911717668
7626618,641.8391167158459
7627619,605.6822173084644
7628620,611.8318862998451
7629621,581.0909120087279
7630622,638.9860371578274
7631623,624.6647864767908
7632624,599.5323001036583
7633625,382.84983918379385
7634626,584.5745240244755
7635627,337.253019969552
7636628,622.4921735715762
7637629,607.9236734467246
7638630,411.9056665757792
7639631,570.5002016874214
7640632,586.0188874949628
7641633,298.21863268249643
7642634,368.18450409190086
7643635,680.5855521978141
7644636,233.51409991241368
7645637,565.131682644086
7646638,510.80532317072556
7647639,278.6951627219586
7648640,664.6909597216692
7649641,623.5688740903003
7650642,616.393974798339
7651643,621.7940284189758
7652644,482.11252076032196
7653645,643.9418338499969
7654646,657.4058845201057
7655647,644.4419488772597
7656648,666.8559420702888
7657649,637.8345926365664
7658650,595.5405969030542
7659651,571.4866683926425
7660652,611.6699641694672
7661653,594.3334610237903
7662654,400.59634318591935
7663655,615.3570223587225
7664656,469.1490428965336
7665657,613.315021654525
7666658,171.896700354559
7667659,570.2884516042795
7668660,677.6522475582715
7669661,587.8311485750125
7670662,644.6919426893812
7671663,652.474985694914
7672664,643.6568575045618
7673665,626.1714136398904
7674666,652.3619210186721
7675667,668.4755074872721
7676668,628.5245399851899
7677669,621.5969641923558
7678670,500.0531000261836
7679671,256.0086413374375
7680672,500.9036078706383
7681673,572.8734635900428
7682674,655.5344744645926
7683675,621.7124968190902
7684676,428.9119207151043
7685677,613.6623609233254
7686678,648.389847467707
7687679,505.0117819116493
7688680,97.43071615465745
7689681,655.4180455493636
7690682,620.2386765947342
7691683,623.6718879307496
7692684,240.91533400414306
7693685,631.4615876021489
7694686,597.097533143282
7695687,647.3316707063631
7696688,550.5513852024221
7697689,423.1897383432614
7698690,652.5388938491011
7699691,568.9245735821771
7700692,626.5439828850136
7701693,616.0435839795551
7702694,640.7431172813002
7703695,644.5327574951094
7704696,590.9564792850971
7705697,601.7650226512256
7706698,579.7824708888188
7707699,585.3029765960224
7708700,555.6255840731733
7709701,652.4725822533067
7710702,624.6492214510888
7711703,504.9344255784814
7712704,661.2615424734403
7713705,635.0262291799635
7714706,578.0157116744617
7715707,623.509243779224
7716708,602.4936585317545
7717709,152.6943458341014
7718710,421.75256581691247
7719711,326.9070373250263
7720712,606.2244811199258
7721713,280.82062810144856
7722714,338.46412773982433
7723715,623.5442191492183
7724716,561.697166178826
7725717,564.2246425571008
7726718,611.7170921937312
7727719,656.8896861218755
7728720,571.3253376326937
7729721,651.428532447925
7730722,622.2341795648284
7731723,593.301160283336
7732724,647.7231589102018
7733725,643.2767269310509
7734726,500.42148881636007
7735727,646.9547042926284
7736728,564.1524512061858
7737729,596.9545297275446
7738730,567.0206118755591
7739731,546.7036502745302
7740732,678.5986353662043
7741733,452.5985585925054
7742734,654.8821204582072
7743735,580.501416353402
7744736,629.5611688193146
7745737,560.6005939064403
7746738,612.5648841117182
7747739,661.2643147186963
7748740,649.8609270181224
7749741,635.2166494792482
7750742,603.4693206258273
7751743,607.3912418874324
7752744,630.6364710791304
7753745,580.3306434641715
7754746,381.69429340646246
7755747,598.6610499058437
7756748,134.58811638774554
7757749,637.5814501994777
7758750,645.6372471468121
7759751,543.197664241025
7760752,547.4744244596844
7761753,620.1098184178823
7762754,472.8663171522937
7763755,614.4138866334982
7764756,629.1416570365606
7765757,612.8301779000279
7766758,626.0657445095754
7767759,640.9475684309882
7768760,309.03262737493384
7769761,655.9562173041616
7770762,609.3801160630074
7771763,660.1136754819192
7772764,568.5448468035536
7773765,656.0066106279356
7774766,610.5494323992204
7775767,629.4324234882844
7776768,635.0851023697068
7777769,653.5557977319255
7778770,232.5262695301835
7779771,606.9742673395133
7780772,633.9071773538356
7781773,518.0999098433141
7782774,154.82282632441928
7783775,638.8087785836228
7784776,383.049828831078
7785777,630.1883413229024
7786778,261.038417242538
7787779,637.6527499843687
7788780,628.7655857883366
7789781,618.8464716676494
7790782,674.811814084509
7791783,632.3136665573904
7792784,593.6642073826514
7793785,619.7537662740824
7794786,622.6802605286676
7795787,367.29844445428677
7796788,548.4511850076274
7797789,596.712899367209
7798790,603.4710347415215
7799791,589.8773186758056
7800792,452.75405817462354
7801793,584.2070735770624
7802794,669.1851607688432
7803795,614.3222377210533
7804796,657.6107376260081
7805797,673.6613733435246
7806798,580.6146968987325
7807799,547.870412723508
7808800,669.7864384301382
7809801,642.3624977761893
7810802,592.7910005149877
7811803,640.4028812283499
7812804,626.4648973374485
7813805,319.3098980784269
7814806,638.9141226223097
7815807,683.0241431734192
7816808,321.34291372684186
7817809,569.0774191235088
7818810,665.6833067432812
7819811,599.6911344502018
7820812,435.5810936023544
7821813,645.7136378659934
7822814,563.3619543319578
7823815,512.2914149443733
7824816,664.496764687688
7825817,609.1907688423902
7826818,649.3923653729752
7827819,611.33882968859
7828820,296.37656953435317
7829821,680.5639246600392
7830822,628.9027194779211
7831823,656.7016232787458
7832824,571.6631352986528
7833825,527.9330972127108
7834826,647.9212008679937
7835827,567.6136772305666
7836828,509.1972469812018
7837829,263.9455848441468
7838830,634.1814660943828
7839831,493.5577882801875
7840832,630.138787801269
7841833,652.6235096507378
7842834,202.45279796775293
7843835,606.8966054994572
7844836,650.9000578919046
7845837,647.608934490601
7846838,565.5903080700979
7847839,667.2693623598502
7848840,546.0239250659633
7849841,628.4794530971863
7850842,637.1746951316417
7851843,648.5283436731405
7852844,227.46671933719617
7853845,635.3061375070848
7854846,657.8609823964922
7855847,338.94291879195106
7856848,645.185944906966
7857849,615.0252523515527
7858850,633.1500223108565
7859851,630.8443350546069
7860852,664.4866399792356
7861853,628.3453640481711
7862854,636.6810584609703
7863855,653.2319917144044
7864856,581.9045589121196
7865857,654.2814952479268
7866858,616.6117293839131
7867859,559.1839549885499
7868860,585.5791444112868
7869861,352.3370477506604
7870862,659.1461222416236
7871863,617.7252278984341
7872864,606.3403163827066
7873865,208.88630349907245
7874866,631.2853795092245
7875867,620.1968482071691
7876868,166.44194233221074
7877869,656.7950845395482
7878870,639.6712007672857
7879871,646.0541593667896
7880872,647.6736519249451
7881873,642.8926127658839
7882874,562.4719580144333
7883875,651.3577643269574
7884876,634.7902302042859
7885877,584.4666576686155
7886878,654.5095121137819
7887879,640.422924079331
7888880,607.0362214577997
7889881,634.9667992517647
7890882,478.62675098808705
7891883,164.99773459935162
7892884,591.6723384298424
7893885,569.5616281791556
7894886,606.6290240477559
7895887,627.0682213193294
7896888,570.9097985630773
7897889,600.5805166067413
7898890,602.5153174648367
7899891,615.3671744383566
7900892,581.8650440037603
7901893,639.6470198436954
7902894,627.6877159542992
7903895,628.8926751546729
7904896,583.9894885879615
7905897,601.6616610688361
7906898,658.7099363981239
7907899,650.4379029330845
7908900,452.3445570948554
7909901,140.5913772302498
7910902,610.202530069051
7911903,636.0820965785687
7912904,641.9219765143312
7913905,636.7168488703533
7914906,582.1655463487468
7915907,645.5300189355901
7916908,619.7565158052047
7917909,158.84931228972607
7918910,647.611902775112
7919911,582.409546452835
7920912,675.8938721644466
7921913,346.5120390998945
7922914,617.4146174318977
7923915,656.5182413877594
7924916,619.4792230031907
7925917,526.7790976253856
7926918,217.1873983665669
7927919,684.3981798918559
7928920,601.8425543280575
7929921,629.963462181659
7930922,619.3990719924534
7931923,631.7202189190501
7932924,587.1483520463647
7933925,406.04444926015924
7934926,176.05015709579237
7935927,356.1473695266257
7936928,200.67610843920517
7937929,652.7719935136115
7938930,616.8845608812786
7939931,651.2102564437491
7940932,391.56083399164044
7941933,680.1212307793178
7942934,517.4304427226747
7943935,633.587194370323
7944936,647.0088331089418
7945937,129.94771598277538
7946938,655.4637948593409
7947939,637.1239963218444
7948940,578.0515545152559
7949941,639.6188740124373
7950942,366.46987001288466
7951943,577.2296228403582
7952944,615.6390018164569
7953945,331.0377970971883
7954946,642.9479630547778
7955947,599.2547683044762
7956948,647.6311472706681
7957949,677.2564695708048
7958950,590.3940057035749
7959951,97.60254354368128
7960952,645.9935479437712
7961953,661.304580050295
7962954,608.1453176490719
7963955,637.006927673865
7964956,200.44877482996597
7965957,652.9899054278426
7966958,592.9409336838961
7967959,649.4843421624373
7968960,618.1930321326172
7969961,571.4764900162751
7970962,534.614384073194
7971963,580.4803476826422
7972964,641.0893530778071
7973965,607.783601085661
7974966,471.6699789207461
7975967,153.60182859160534
7976968,582.911038248151
7977969,569.303649261276
7978970,541.48054549451
7979971,145.21112563841876
7980972,646.3092040512631
7981973,580.4218323813589
7982974,663.9787927918009
7983975,649.8395544845392
7984976,542.6656580688675
7985977,661.8200942103005
7986978,585.3976636831129
7987979,576.4513019161044
7988980,670.7325449463392
7989981,180.15810141228604
7990982,573.0994766290489
7991983,625.2613541151135
7992984,604.5079993489951
7993985,591.904295513364
7994986,647.5743527304642
7995987,597.1168606500297
7996988,395.0579624921748
7997989,368.98784922041824
7998990,613.8985387600652
7999991,618.9847274885086
8000992,644.883269725968
8001993,602.0204447453151
8002994,620.1388036710141
8003995,565.7767960372876
8004996,569.0005027150455
8005997,586.0681325928373
8006998,638.0402195208218
8007999,441.401100091847
8009000,597.0352786734971
8010001,363.7335334417262
8011002,547.6825029994766
8012003,597.5186214112389
8013004,172.26181274843228
8014005,669.0467432778755
8015006,541.8671721999244
8016007,656.9931348354926
8017008,600.250320338942
8018009,662.6830145889404
8019010,651.0717493256973
8020011,467.45037584801463
8021012,639.0756647660245
8022013,620.0026497011972
8023014,622.9393538314098
8024015,630.3730353039261
8025016,629.1493940286579
8026017,605.6129194741338
8027018,652.9159936815992
8028019,196.6277229563558
8029020,651.7860530338189
8030021,630.2114829515662
8031022,675.8461819665957
8032023,335.5554781655765
8033024,655.5457036144705
8034025,647.6463704722989
8035026,581.2922300194158
8036027,653.1930322825748
8037028,645.4127423143382
8038029,284.44316012332405
8039030,487.4683948403335
8040031,513.3298207353738
8041032,440.021612906965
8042033,636.9993590154538
8043034,628.9054715890288
8044035,643.3945998575994
8045036,248.33132034188634
8046037,510.27864141649724
8047038,635.2304669325366
8048039,675.9514703061417
8049040,264.20742112681717
8050041,633.2956102159262
8051042,647.2457708619787
8052043,533.7190999359207
8053044,603.7833751356976
8054045,663.1345217474255
8055046,616.2881268523967
8056047,650.4447016921164
8057048,646.180055531478
8058049,621.7068818443385
8059050,240.51914963709766
8060051,646.8746920529245
8061052,638.7502388519234
8062053,630.7511698948032
8063054,670.6370555109528
8064055,457.8831476360378
8065056,640.3005713730303
8066057,449.43244382033345
8067058,612.2760185270706
8068059,332.7376414926101
8069060,637.9764359251092
8070061,580.1020453533971
8071062,635.6639074376046
8072063,362.84163811601553
8073064,676.3580162337429
8074065,239.18330571651097
8075066,639.0654010979039
8076067,306.5467756928321
8077068,635.4214914262669
8078069,644.7586383135026
8079070,463.2575989048259
8080071,610.7037535051721
8081072,648.6947444254791
8082073,620.0376422600341
8083074,635.2597176453222
8084075,661.8754191685169
8085076,549.2878231923178
8086077,542.1484308390629
8087078,474.47250331685433
8088079,652.5966430492203
8089080,303.0515845651162
8090081,681.4970502502088
8091082,651.2902151599453
8092083,591.2756686535181
8093084,591.2866922903645
8094085,638.6094698903865
8095086,627.5287736355463
8096087,650.006548153453
8097088,636.3843527547801
8098089,384.18244214478744
8099090,657.372517573802
8100091,657.8060918898225
8101092,608.0454072035187
8102093,604.2661236445697
8103094,662.1289184862234
8104095,584.4702883396333
8105096,656.2467208750166
8106097,603.1725781229877
8107098,601.541533705454
8108099,567.1352112010987
8109100,563.7303338719247
8110101,664.6431678139805
8111102,567.2579936943624
8112103,658.5437100787963
8113104,658.5792001924214
8114105,640.8912369120533
8115106,637.7166506878863
8116107,644.0880688835625
8117108,638.3208839724132
8118109,666.424589901665
8119110,336.7634372638807
8120111,616.8058511403357
8121112,632.5583440706642
8122113,609.398804920758
8123114,642.3120616375835
8124115,567.1116473963675
8125116,617.9908288016536
8126117,579.9740821450274
8127118,634.6713302002333
8128119,659.02325509311
8129120,558.4379756232462
8130121,630.8449464590379
8131122,541.7170142835993
8132123,633.9465458266632
8133124,271.3293372069708
8134125,602.4462857610933
8135126,381.612466620477
8136127,375.56549626719294
8137128,623.9523134848471
8138129,635.903848871571
8139130,430.49913266363825
8140131,659.1221505166017
8141132,392.73551075682343
8142133,621.3124982649168
8143134,617.6922297636663
8144135,117.91226053126792
8145136,586.3222967726599
8146137,344.14296221713647
8147138,553.746949208855
8148139,647.7134860256429
8149140,673.2946246060824
8150141,494.8251159656982
8151142,543.0013635497219
8152143,654.4138624334654
8153144,509.93108292470185
8154145,577.3100569870173
8155146,663.1064383239935
8156147,580.9756774542725
8157148,647.6626020728711
8158149,293.6667239899833
8159150,311.07612616489047
8160151,664.7715888490578
8161152,508.80801885832227
8162153,360.96177797659567
8163154,621.4112040401951
8164155,477.6602405299675
8165156,663.0696701811719
8166157,624.7681867987807
8167158,625.0296429417897
8168159,626.2116232445832
8169160,614.7122752745678
8170161,519.2261127332205
8171162,636.5600560966382
8172163,606.8896744730847
8173164,634.7175195999038
8174165,659.154987423366
8175166,633.1782297660249
8176167,588.4297970795383
8177168,599.3195051842988
8178169,607.1164130468883
8179170,608.9067293531172
8180171,419.07075176249407
8181172,561.3513479922932
8182173,637.0009034985952
8183174,637.4912155289569
8184175,635.8863464326474
8185176,648.5706984426421
8186177,528.5554269139719
8187178,618.8604343045786
8188179,605.9080137810934
8189180,646.7259905728803
8190181,662.9062421444264
8191182,610.1002871085836
8192183,610.4205704661566
8193184,639.512503462359
8194185,637.9009854310169
8195186,344.6646368337862
8196187,604.3068951683936
8197188,643.0203257529174
8198189,326.68057010817273
8199190,351.65808288536107
8200191,625.3569907486649
8201192,582.9905105016591
8202193,648.0460090756982
8203194,582.2768020563175
8204195,662.3505602970145
8205196,263.86683399830997
8206197,258.7061774603586
8207198,560.8587791703391
8208199,619.1876596793178
8209200,515.3365143180301
8210201,552.0079009311229
8211202,654.2788206953745
8212203,633.9502027825838
8213204,531.9600217004481
8214205,643.6111701134212
8215206,557.7078385117788
8216207,637.2955293977444
8217208,520.7692412987763
8218209,664.1004746788312
8219210,309.03378919391093
8220211,690.7305705338457
8221212,244.949265579029
8222213,648.4546385231845
8223214,487.8297000070348
8224215,602.0311284592934
8225216,544.9166704325994
8226217,657.4636580247818
8227218,156.85739548328124
8228219,627.9381878814771
8229220,647.8123710239532
8230221,614.0231035724619
8231222,617.9278553178642
8232223,659.1327867046346
8233224,658.0360687475003
8234225,658.6571247434475
8235226,595.1613542694113
8236227,636.6150934705778
8237228,632.9924890133084
8238229,639.0834737669268
8239230,632.7577294249355
8240231,646.9015798091176
8241232,606.3384729485783
8242233,561.3214615845307
8243234,654.8226093950428
8244235,453.02065405971564
8245236,574.6269314586594
8246237,640.3890803171583
8247238,600.7557643480661
8248239,598.37273071895
8249240,630.5135340158498
8250241,476.6198375448875
8251242,651.1964061822916
8252243,608.0529258951361
8253244,665.5072489092814
8254245,628.6802450288518
8255246,597.4150594533675
8256247,179.8411019239456
8257248,358.5306291690719
8258249,629.188689710872
8259250,663.6118003358076
8260251,649.268626236033
8261252,652.6962553428741
8262253,640.7353056666186
8263254,659.9451475246166
8264255,660.883980981202
8265256,677.0207140556032
8266257,506.52480717855025
8267258,639.5963339125013
8268259,593.4309228415549
8269260,256.7041268702309
8270261,581.7908826640066
8271262,661.3037426511931
8272263,504.8857629081276
8273264,633.658967621644
8274265,583.2524581407777
8275266,623.2459177243995
8276267,569.4485577311461
8277268,639.3853703325071
8278269,634.704490799498
8279270,212.94034590473643
8280271,642.5197811328704
8281272,646.3527363971426
8282273,654.9715515117917
8283274,651.1987936527248
8284275,444.47420426993006
8285276,703.1800431773331
8286277,634.4099510886879
8287278,619.5516963001434
8288279,570.5379522417213
8289280,627.9701456378413
8290281,616.1716827221408
8291282,609.9901997470464
8292283,617.3643806499842
8293284,663.6798658276398
8294285,202.87624775092056
8295286,635.0054209394101
8296287,570.5657826704044
8297288,618.1638178513845
8298289,350.25008762668097
8299290,637.7167350163691
8300291,419.82273475958647
8301292,665.8889469000304
8302293,422.7959315980496
8303294,663.4721578770586
8304295,647.2830600454713
8305296,625.5767002651332
8306297,645.6732644155654
8307298,619.2641921605101
8308299,617.7603372752205
8309300,610.5728900718285
8310301,573.8955390604407
8311302,651.9942938664432
8312303,645.5928423725596
8313304,428.90769972264764
8314305,553.4658073570854
8315306,646.9928266552687
8316307,550.8575428543073
8317308,394.6838862199868
8318309,629.5003858772893
8319310,660.9224430394858
8320311,313.7728609652444
8321312,354.12513799082865
8322313,649.8713549321437
8323314,630.0702266360711
8324315,437.3994817580157
8325316,564.2705086371043
8326317,610.1441970590251
8327318,617.3522277790033
8328319,649.5573155701804
8329320,647.250679027868
8330321,554.6497382908054
8331322,527.3190166812236
8332323,474.6206851608369
8333324,596.527282356627
8334325,634.504021971057
8335326,570.7054205114407
8336327,635.2475017633956
8337328,548.6687680340534
8338329,671.6197636759107
8339330,670.84544146177
8340331,663.189964618944
8341332,642.0905372790779
8342333,653.2657955889158
8343334,654.6646874927397
8344335,666.9493199670754
8345336,585.3694565884933
8346337,576.7333360381161
8347338,668.4512218579243
8348339,647.2098421823234
8349340,691.4151675700862
8350341,616.4753682675805
8351342,665.9500035253211
8352343,469.6064242491939
8353344,581.7248682299573
8354345,420.457678219896
8355346,648.9707529574599
8356347,480.6001484828503
8357348,683.7618620599276
8358349,603.5258673706393
8359350,568.8338804799702
8360351,537.082499072945
8361352,613.5591474602
8362353,668.755360703565
8363354,352.8538323174779
8364355,612.2086710034275
8365356,445.08411130149216
8366357,598.8279905689366
8367358,620.7654749592127
8368359,665.0244133733672
8369360,687.9798171566626
8370361,624.7817838759051
8371362,361.12080854963756
8372363,628.4055109349504
8373364,630.5261979275443
8374365,592.1047574821409
8375366,452.61770333335005
8376367,500.98089518325105
8377368,644.4596695736661
8378369,600.6589924263117
8379370,575.4146182320309
8380371,168.84929469754132
8381372,662.1741465341754
8382373,574.3746692047341
8383374,590.3607290406608
8384375,642.0003374586285
8385376,560.6305345770448
8386377,628.0988234995781
8387378,574.8125664124959
8388379,608.8936620647861
8389380,586.6721722109284
8390381,605.4967603594189
8391382,172.71491941296557
8392383,622.080433133393
8393384,680.2468138198236
8394385,579.4705691382302
8395386,610.9807880152292
8396387,575.4549352537407
8397388,631.1260690387094
8398389,571.9802008784864
8399390,639.9921120551951
8400391,616.4638185481743
8401392,681.7195109847685
8402393,544.7913101186837
8403394,665.1237736838114
8404395,636.7937233323771
8405396,608.6469153429432
8406397,584.6560283284093
8407398,293.6289614545664
8408399,639.7619561026052
8409400,624.0012311644441
8410401,646.8088604421242
8411402,600.3572320309495
8412403,614.5851482451641
8413404,584.5762913187699
8414405,298.82628331450394
8415406,636.7321206008866
8416407,554.2279096359733
8417408,555.9934316404189
8418409,615.9739459017314
8419410,615.343099503612
8420411,641.08742559044
8421412,649.87687073764
8422413,634.4828706600571
8423414,650.5662062743695
8424415,659.1997561382723
8425416,626.5371199424903
8426417,649.0654633194521
8427418,183.0112370090119
8428419,633.9696715355165
8429420,221.67268310516044
8430421,626.0423980902576
8431422,610.1141220460124
8432423,633.5058978079659
8433424,518.4020001787795
8434425,611.9106111438385
8435426,621.7552100201203
8436427,627.8671082074655
8437428,183.30990945907155
8438429,612.7754180418792
8439430,663.3383736191707
8440431,620.7206642399659
8441432,650.1505102853787
8442433,645.0354586682544
8443434,665.2245208388979
8444435,649.0439279350687
8445436,657.1640193413829
8446437,688.4663379876024
8447438,643.9909619615584
8448439,643.124456187856
8449440,628.9765438451561
8450441,653.2742681519732
8451442,586.404324825834
8452443,570.2601628115694
8453444,623.013668413102
8454445,570.1000882863724
8455446,619.6213391075486
8456447,640.8774920762045
8457448,552.2396499142648
8458449,579.2123886352456
8459450,594.8736822275889
8460451,605.5600726317151
8461452,650.6887217357983
8462453,587.3699861258643
8463454,642.9918267755514
8464455,598.4210129879506
8465456,255.9235356559623
8466457,444.90976801516115
8467458,623.264968506989
8468459,586.4731371756612
8469460,595.5905665570995
8470461,591.3974322270246
8471462,580.6653231702894
8472463,369.0919201615259
8473464,630.8035132231879
8474465,624.2800944370048
8475466,585.0155968253945
8476467,635.9434790878959
8477468,304.7930061611645
8478469,656.8796850841709
8479470,377.2907895882301
8480471,239.49500011972447
8481472,664.4647573006151
8482473,608.6703904153371
8483474,507.6931687517452
8484475,631.5456441468525
8485476,602.09102468195
8486477,427.01988166099596
8487478,645.4586887548526
8488479,616.8282073759406
8489480,151.93668558169767
8490481,639.7411794905078
8491482,644.8413510136647
8492483,640.8339117348859
8493484,684.7969204693255
8494485,663.9704203185355
8495486,597.7326088374979
8496487,625.8856855315532
8497488,663.4456679697129
8498489,678.1552666719489
8499490,652.9017152298214
8500491,638.2571390970081
8501492,634.857074669291
8502493,515.6188004432457
8503494,671.3754930984157
8504495,645.2154329826823
8505496,310.2323837321277
8506497,303.76056037806393
8507498,608.8198282184825
8508499,617.5799268651431
8509500,656.5337167468451
8510501,293.3792947618933
8511502,658.1939453104039
8512503,639.1616770778671
8513504,627.2096259700684
8514505,284.46573032471036
8515506,671.4424690912899
8516507,655.2305143998564
8517508,633.8890741833768
8518509,164.8204333333583
8519510,517.5702435258635
8520511,557.4014775205013
8521512,638.9989407066168
8522513,564.3134649187017
8523514,663.7205643023167
8524515,181.67409100312352
8525516,626.3606083278435
8526517,617.1847211319013
8527518,628.1286116134632
8528519,635.4263118386596
8529520,634.907123739459
8530521,646.2461717570412
8531522,471.596404774371
8532523,594.7827772775529
8533524,646.1007689959871
8534525,647.2692812722308
8535526,328.7602099583368
8536527,622.9880758360973
8537528,335.67773128459817
8538529,149.57368280953565
8539530,618.203487429817
8540531,660.4103724606525
8541532,656.5128752995982
8542533,618.080736031841
8543534,636.7233074267788
8544535,671.1813510965877
8545536,657.532679035506
8546537,672.8387161315503
8547538,668.6666347849434
8548539,611.8136887406945
8549540,619.9424897785494
8550541,654.4904912088442
8551542,659.6973416230994
8552543,592.8622534175602
8553544,554.7597404050515
8554545,641.255209769257
8555546,620.0460183127814
8556547,650.1260582611991
8557548,633.9144353571332
8558549,631.1898838847994
8559550,634.7887090110381
8560551,603.5898431990173
8561552,622.7571121363947
8562553,30.727919080602412
8563554,678.4880803836227
8564555,408.0320424986059
8565556,387.5525915588831
8566557,615.0299838360581
8567558,654.7065282375529
8568559,219.94900002088215
8569560,676.3882140998795
8570561,468.9029490059997
8571562,580.4787595668462
8572563,651.0759384687756
8573564,599.6501790413458
8574565,278.45189355414726
8575566,650.9841355246828
8576567,631.3851149545887
8577568,641.8104066634693
8578569,513.1237613358287
8579570,662.2861584911695
8580571,651.4896135713593
8581572,673.479976665423
8582573,671.3228143586396
8583574,494.02799684226466
8584575,569.6418158162925
8585576,638.9871351291763
8586577,615.2943276909301
8587578,616.5676690713765
8588579,619.6305256599055
8589580,382.7261301373547
8590581,623.9702633835859
8591582,629.0075782645
8592583,628.3993429312718
8593584,653.7260622211296
8594585,658.5998550449931
8595586,663.0089063627255
8596587,652.2953127530981
8597588,606.3010340352386
8598589,643.955898612422
8599590,644.5050442297345
8600591,617.3960995112847
8601592,647.9941874137803
8602593,647.9947599439538
8603594,647.6725333570197
8604595,600.4958050343206
8605596,476.45367983183013
8606597,133.33812070874754
8607598,650.761053803686
8608599,604.4519143338791
8609600,514.1330152008208
8610601,672.5515282208858
8611602,666.5760306501317
8612603,641.5153329307874
8613604,655.9853318410712
8614605,213.65581972974383
8615606,625.4719686874589
8616607,648.3999803346996
8617608,292.7040578427787
8618609,623.0793195041364
8619610,664.9933957811807
8620611,607.6466473416863
8621612,631.8470771278676
8622613,662.1469536039139
8623614,613.9744500260497
8624615,648.0958136609268
8625616,677.8030467791514
8626617,676.3233602005514
8627618,552.230854094015
8628619,597.3966784258628
8629620,624.7959251464771
8630621,655.4721341841973
8631622,494.155958571062
8632623,667.8530511854854
8633624,412.7947271899875
8634625,636.876594622795
8635626,598.9016172913636
8636627,658.0222153249757
8637628,318.1916719213258
8638629,656.4547029445351
8639630,640.7981242218378
8640631,623.83062817363
8641632,648.771685710552
8642633,593.1239961820187
8643634,665.3795473481659
8644635,682.3704678404871
8645636,667.236079506843
8646637,604.2942228279944
8647638,637.6331500721965
8648639,647.4389825959996
8649640,651.7815354693128
8650641,609.2468655737323
8651642,574.7404057955187
8652643,611.1665128001866
8653644,598.8520937789066
8654645,653.2591138852403
8655646,615.4775864253585
8656647,642.4133457155455
8657648,634.3119384951425
8658649,685.9454124475945
8659650,349.1341023420402
8660651,660.5617506668925
8661652,596.3797267114415
8662653,636.5716996653048
8663654,555.8181403184335
8664655,668.9375228444025
8665656,238.859730197891
8666657,599.0275138078258
8667658,670.9940482895206
8668659,218.1221648494973
8669660,665.9762633068589
8670661,651.0624396626945
8671662,675.4800803813935
8672663,625.0589541198935
8673664,475.9741708006269
8674665,429.7481381907473
8675666,439.53867883993803
8676667,619.1988387490504
8677668,630.1666448795028
8678669,630.7412794214902
8679670,685.8271490038162
8680671,642.0558738853564
8681672,474.01251590694227
8682673,560.1396240960308
8683674,644.5930470437023
8684675,549.9506319179695
8685676,612.0122473717033
8686677,215.42240279946904
8687678,686.1385727714411
8688679,660.2325001940355
8689680,631.4884823268993
8690681,657.824742269087
8691682,586.8780751668103
8692683,157.7857162467722
8693684,655.9117178771065
8694685,656.740711188344
8695686,465.473576557001
8696687,383.47892490723945
8697688,668.0727852511578
8698689,630.4725948693165
8699690,160.7676001536049
8700691,613.4308995256829
8701692,634.9521286496644
8702693,653.0643531612612
8703694,638.3827585908806
8704695,595.4866586431043
8705696,661.422004884684
8706697,668.691376995776
8707698,298.8732556039611
8708699,657.4626569511014
8709700,655.0362943718593
8710701,631.908017839361
8711702,651.8090447266794
8712703,639.2420364392209
8713704,595.5576309452243
8714705,661.2366173380473
8715706,608.6776087944814
8716707,607.3711934686437
8717708,604.5669354132652
8718709,609.1397184178603
8719710,622.7837182098473
8720711,570.2326082607052
8721712,652.468073427507
8722713,647.0681040212313
8723714,282.5378305943413
8724715,675.1692809576629
8725716,683.0235609327813
8726717,594.897562853672
8727718,681.6926859598482
8728719,568.358261405716
8729720,340.3600091869658
8730721,630.560074960326
8731722,569.3879501906845
8732723,668.626716427855
8733724,641.9558850410588
8734725,573.6897631825436
8735726,682.3847029139649
8736727,636.4527410452881
8737728,669.7293046171485
8738729,650.1256761951108
8739730,576.9141486861323
8740731,668.3949135450704
8741732,644.1254020267277
8742733,618.3903512203221
8743734,645.3672146787014
8744735,464.37000093533084
8745736,635.7555581154585
8746737,634.0276941508369
8747738,600.2319545575752
8748739,590.4597667394396
8749740,652.8963388059027
8750741,631.5327582032659
8751742,669.5699361046882
8752743,576.3147981487446
8753744,630.4234214625807
8754745,639.7013837291034
8755746,528.9865980333009
8756747,631.6676932726929
8757748,664.0816140166311
8758749,634.6889224214599
8759750,617.8109045826268
8760751,611.0784650875593
8761752,660.3157166746699
8762753,528.9663267446937
8763754,669.4958243143449
8764755,637.6201336664018
8765756,675.7320879917088
8766757,635.3012979630511
8767758,638.7262108043418
8768759,646.434129970821
8769760,659.9315690813842
8770761,667.9146918302829
8771762,667.3037796631504
8772763,645.5712570163686
8773764,500.62504542426905
8774765,641.4524079105754
8775766,272.6602058430211
8776767,602.0389930027311
8777768,644.0724587893183
8778769,378.2105230860779
8779770,612.1792270886559
8780771,620.902922115097
8781772,591.5395961044145
8782773,616.6382151736104
8783774,570.2638636197237
8784775,649.0728694836396
8785776,203.80308136997905
8786777,615.3265214726005
8787778,675.8275710470649
8788779,644.9663846734855
8789780,598.2504550159664
8790781,650.9865520356174
8791782,651.1612597893055
8792783,672.1135023333376
8793784,636.1613389702432
8794785,665.6296812890349
8795786,652.2716769852345
8796787,626.7099233946052
8797788,630.7607289037364
8798789,608.2024125745982
8799790,641.1922651623487
8800791,648.4429146397748
8801792,610.1982048877114
8802793,609.4767496891872
8803794,581.869652176397
8804795,603.8595961652043
8805796,664.253797486144
8806797,648.5383884988769
8807798,597.1349360699257
8808799,634.0814249723737
8809800,655.9173565852111
8810801,632.3452049364125
8811802,634.3048963878889
8812803,634.8233849242037
8813804,638.885909026866
8814805,291.4444652809508
8815806,684.6648765313157
8816807,654.3258205065432
8817808,628.8887111621042
8818809,656.2905528858106
8819810,659.8211640212024
8820811,661.2857532835807
8821812,521.1778516135398
8822813,271.2893104269378
8823814,356.5040704895109
8824815,393.5212719522058
8825816,629.3653849087597
8826817,627.9683229690684
8827818,647.2324443030014
8828819,568.0180511727311
8829820,668.6238744831735
8830821,635.4835326724826
8831822,572.8289825464327
8832823,622.2031857354785
8833824,578.6207743455192
8834825,251.12648365692874
8835826,657.9977786673733
8836827,430.68731029717435
8837828,425.5009948419018
8838829,644.5761221198206
8839830,273.63551411376085
8840831,405.8614851377372
8841832,595.7059344185784
8842833,580.1450077551997
8843834,397.73153547868327
8844835,636.0976055779457
8845836,662.8160658078696
8846837,571.5432507016282
8847838,220.52330461945056
8848839,681.6215218658638
8849840,617.5791349205172
8850841,624.5225299381256
8851842,663.9437299371684
8852843,428.25836208052607
8853844,630.3517699042461
8854845,648.1784831904787
8855846,673.8638599144173
8856847,629.6139793338776
8857848,642.51569139514
8858849,651.152258130936
8859850,654.7171284621149
8860851,607.3845514305262
8861852,605.9392281375407
8862853,649.1996217953033
8863854,645.5845177471491
8864855,558.5726028366568
8865856,658.3751672631789
8866857,667.8452116572043
8867858,662.6844465233905
8868859,627.0799962448094
8869860,643.1035251446891
8870861,647.2182066633193
8871862,651.5294464264039
8872863,664.7985906782548
8873864,556.3581567370726
8874865,654.464418717862
8875866,668.2883341184895
8876867,598.575452278935
8877868,148.43431353481014
8878869,652.7887736142901
8879870,643.3762295847121
8880871,79.91448490946959
8881872,667.237636527525
8882873,657.0056171470527
8883874,632.9583397763848
8884875,678.4228981877169
8885876,636.9301830340067
8886877,653.2509904348171
8887878,682.7799897279715
8888879,667.2433771997313
8889880,643.9456946146702
8890881,641.8136890383837
8891882,249.5404126569711
8892883,260.6118026041038
8893884,622.2306763040111
8894885,578.0431471825204
8895886,534.4218400880452
8896887,616.8044361594408
8897888,661.2288444404461
8898889,636.9454385379576
8899890,629.7826808853619
8900891,660.2836300709179
8901892,618.072957436361
8902893,626.154530725602
8903894,626.1548692551977
8904895,198.75722307949755
8905896,462.74171628292805
8906897,645.4311239647353
8907898,620.2379334505379
8908899,655.4365368381182
8909900,629.1383516409433
8910901,674.972315956208
8911902,664.6436041570089
8912903,623.4888658329926
8913904,629.408491236329
8914905,161.34518734521933
8915906,647.0028049527605
8916907,615.3354564726103
8917908,581.3285167660283
8918909,660.8106365645806
8919910,637.2216089359498
8920911,661.2175818388185
8921912,664.7215676840168
8922913,573.2611945487196
8923914,611.0130524160788
8924915,582.2205056900116
8925916,560.8399233676129
8926917,669.4552641623152
8927918,649.2318627320923
8928919,671.4122220579078
8929920,632.7349163117666
8930921,664.0577021003849
8931922,685.8903171174775
8932923,620.7934170107131
8933924,658.3100175223686
8934925,616.7336441816057
8935926,637.0341829742674
8936927,651.5473914415891
8937928,660.6779034417585
8938929,308.02689931346134
8939930,646.1459941358737
8940931,616.5605835779375
8941932,668.307284431683
8942933,606.5217205503433
8943934,655.2595712269493
8944935,583.1373157716555
8945936,515.1709889740102
8946937,613.5392569482224
8947938,661.7170481779009
8948939,662.1495816102527
8949940,591.1130256466997
8950941,256.98678800560555
8951942,656.1510265289265
8952943,507.87828149370614
8953944,647.4149317509456
8954945,679.5470033811396
8955946,570.7522327955243
8956947,631.3385312755172
8957948,623.6832732043799
8958949,606.0778641543735
8959950,519.2566453088273
8960951,682.3891234371755
8961952,595.9509131124464
8962953,623.3159250921113
8963954,113.69875660880206
8964955,652.5431361080197
8965956,679.4440177050063
8966957,664.0826959129525
8967958,687.5072673970653
8968959,616.1359212646295
8969960,626.3830525449074
8970961,669.9021420865604
8971962,454.74998054438254
8972963,675.8942667138305
8973964,646.7773030362415
8974965,671.8115580087626
8975966,589.3096978952159
8976967,637.9211686643988
8977968,639.3466829833103
8978969,622.7178131669809
8979970,652.6026084170011
8980971,583.985312101624
8981972,653.5634529004458
8982973,656.1568931422339
8983974,642.0402546393958
8984975,489.6451898928792
8985976,652.2157269793756
8986977,653.1641324011842
8987978,620.240734685475
8988979,622.7823314895027
8989980,616.5988100696233
8990981,671.3049769441524
8991982,594.6419516457788
8992983,411.57451318079694
8993984,657.0854634856247
8994985,619.2310715406398
8995986,624.9502692419433
8996987,651.6287089738046
8997988,632.9827290017955
8998989,628.818740325789
8999990,657.450054618131
9000991,598.5276152074932
9001992,367.69122797347325
9002993,639.9414772004889
9003994,586.6939874583926
9004995,670.6428936177805
9005996,561.1714015850675
9006997,620.4986051473184
9007998,698.8346551217204
9008999,453.608652975031
9010000,628.4775255037354
9011001,634.3683704291166
9012002,663.8221945659689
9013003,598.9771521776294
9014004,228.47854921135658
9015005,598.0404048581435
9016006,125.66766257818233
9017007,657.0785496062076
9018008,651.5225024158392
9019009,637.3594924071901
9020010,562.780365073974
9021011,649.0456988018248
9022012,632.395558627125
9023013,672.0533761174582
9024014,155.89642370915743
9025015,288.09758738109934
9026016,561.380096152388
9027017,639.1951076042926
9028018,616.6800776515381
9029019,645.1457292209943
9030020,346.88512330236256
9031021,634.832566568035
9032022,664.3154469118423
9033023,638.3242381612735
9034024,632.5509744017362
9035025,152.4780662523865
9036026,171.9790266538438
9037027,597.6068778241017
9038028,668.0318278237788
9039029,661.8402678287554
9040030,405.86385276077993
9041031,618.0831917382461
9042032,654.5439051616618
9043033,622.5929138734548
9044034,625.1284251492318
9045035,595.8187221664584
9046036,618.7660280592798
9047037,657.0536882966708
9048038,583.6185862180373
9049039,411.439633767656
9050040,631.8285698588902
9051041,662.2652170428353
9052042,633.7428431228242
9053043,620.370886993638
9054044,653.2903189850363
9055045,546.4821459319791
9056046,681.1219106814148
9057047,589.946093724153
9058048,649.5941076423738
9059049,343.96773641758045
9060050,340.96493727891436
9061051,662.5060445533263
9062052,640.6559466386477
9063053,682.6819126697069
9064054,381.5258359708288
9065055,630.7482851001395
9066056,297.9627327542362
9067057,356.553803835961
9068058,336.76204347438244
9069059,627.5556884557151
9070060,671.8827612547215
9071061,298.36158364290895
9072062,633.0106086783426
9073063,667.0039454376673
9074064,510.4058015336317
9075065,634.5828248637058
9076066,631.7233144302555
9077067,655.0025269233964
9078068,620.1114893943577
9079069,666.507266526967
9080070,663.3512723129106
9081071,622.1119891648776
9082072,623.965750333503
9083073,609.6834888657622
9084074,670.7103006193405
9085075,645.5820416802394
9086076,631.7933716831964
9087077,606.8261149803421
9088078,638.6816840759333
9089079,633.7414348604101
9090080,647.4320993560729
9091081,663.369508866544
9092082,650.4047480456572
9093083,523.5579556608991
9094084,613.7303045310675
9095085,659.2278190520155
9096086,508.61927423705947
9097087,659.4876825179574
9098088,642.9770727242711
9099089,624.9501296432568
9100090,655.5628618936042
9101091,456.39286325020015
9102092,629.7674790659646
9103093,669.8631585243604
9104094,629.0370841842015
9105095,434.55237560887855
9106096,607.5616325808077
9107097,652.7583808670936
9108098,648.5782043727494
9109099,657.9980031930415
9110100,446.6075159492983
9111101,609.837849008336
9112102,641.1214442900011
9113103,659.2847292142546
9114104,466.20232566771085
9115105,666.8305593062621
9116106,583.6200395720041
9117107,675.6219659767571
9118108,379.69070255285015
9119109,638.9117630393615
9120110,605.5141798380038
9121111,635.4277590297577
9122112,615.7016544238985
9123113,484.2073445656277
9124114,642.0128619011549
9125115,622.061559541424
9126116,571.6424911689962
9127117,629.6801026397354
9128118,650.6053082532331
9129119,614.7884146081739
9130120,631.7150239884139
9131121,158.04048054783632
9132122,633.1599062781235
9133123,679.3757752381495
9134124,647.2707128242444
9135125,648.8455341597838
9136126,256.24465490282245
9137127,447.79298609151203
9138128,398.5236486003434
9139129,655.6909878297578
9140130,655.5485886217547
9141131,421.61132142801165
9142132,279.5379868315946
9143133,629.012444846225
9144134,655.4254256925451
9145135,632.2507165294242
9146136,627.151019110913
9147137,605.725457484482
9148138,654.4117577713813
9149139,632.4353474216599
9150140,647.4300724008878
9151141,649.7977898876607
9152142,654.0309153288771
9153143,611.9496822545183
9154144,642.7148938082731
9155145,483.53832848185385
9156146,619.6916945862448
9157147,662.7776115215177
9158148,644.6439582998154
9159149,462.60967687882084
9160150,627.2003378436209
9161151,662.2475828634292
9162152,671.9022494370485
9163153,684.659983750426
9164154,617.3374814726445
9165155,614.402418591427
9166156,637.3629580359884
9167157,649.9925670941203
9168158,668.7545918677467
9169159,553.2054552418783
9170160,656.6512963828345
9171161,662.7044503511886
9172162,669.438263840407
9173163,595.2454495842788
9174164,679.2780105938972
9175165,600.3877438882116
9176166,605.7409053912244
9177167,654.3531113055993
9178168,634.1694445892108
9179169,601.913435959715
9180170,627.8276029251764
9181171,650.5456761572729
9182172,638.1050229206978
9183173,625.8482521425295
9184174,647.5799620792644
9185175,663.5770622090109
9186176,630.5758974932864
9187177,659.8093446657626
9188178,638.6301072784922
9189179,630.7709723703803
9190180,521.5289223887426
9191181,662.5824047296456
9192182,673.7415278244697
9193183,343.4407468890301
9194184,306.4253462469365
9195185,418.97641078683364
9196186,634.6555276406004
9197187,649.3493693003342
9198188,202.93905840334634
9199189,649.2602444576502
9200190,592.0981036944941
9201191,633.4964550528289
9202192,644.0230936710249
9203193,648.4184229885497
9204194,582.3617131221944
9205195,129.0253375746232
9206196,636.5098883589508
9207197,642.3194167396686
9208198,612.9260015547322
9209199,569.551364094337
9210200,652.7703484096761
9211201,325.9459405580591
9212202,510.14545842496676
9213203,629.1692903372189
9214204,633.7373819543858
9215205,688.4525949782234
9216206,643.9159359286548
9217207,612.2811213066711
9218208,594.6966043674894
9219209,460.1219186830076
9220210,653.5984341855644
9221211,618.0891670898278
9222212,96.08175589063899
9223213,633.995526314849
9224214,200.92368119411472
9225215,639.5258143657433
9226216,668.6853612261273
9227217,622.0874614944535
9228218,381.8944882304815
9229219,667.3161174209117
9230220,666.95171378221
9231221,317.329990010986
9232222,555.455794916439
9233223,670.1441550582443
9234224,634.55566692731
9235225,640.3557912361476
9236226,424.59644477639154
9237227,628.7729141292738
9238228,642.5127584745821
9239229,203.78123384567374
9240230,639.5710986752308
9241231,669.0103965759037
9242232,387.28459070659466
9243233,639.3036593632808
9244234,598.7749733921057
9245235,642.7487481386039
9246236,623.2321177355044
9247237,596.8176172190687
9248238,624.3338192358618
9249239,664.686668914859
9250240,503.1301998697671
9251241,577.9085261209091
9252242,534.3096539299264
9253243,659.4187140578041
9254244,691.7221653579454
9255245,621.1707301607549
9256246,637.6869721176506
9257247,669.5416855742026
9258248,634.9408375981444
9259249,631.8022685690012
9260250,644.7037627673602
9261251,656.6543122610636
9262252,330.62656642964924
9263253,661.3995973834244
9264254,422.38496214639997
9265255,659.1997447930289
9266256,653.4060111366081
9267257,670.4220779543429
9268258,615.3063750215886
9269259,672.7020755218232
9270260,626.6428934732573
9271261,615.6671764196228
9272262,634.4768833691602
9273263,631.3327002699504
9274264,664.6349927834361
9275265,495.7274258342381
9276266,655.0940454340072
9277267,664.8901870328816
9278268,569.2792684198818
9279269,630.4716478701472
9280270,606.8670254650553
9281271,662.1489738714657
9282272,658.9732426756491
9283273,655.8636998897142
9284274,333.29217098084706
9285275,644.7426963673694
9286276,653.4992779349285
9287277,243.0000887456544
9288278,641.0123605487065
9289279,643.6282237300081
9290280,638.3339490852749
9291281,653.2683548211259
9292282,639.2102705448373
9293283,491.43781786131655
9294284,625.6574727681536
9295285,315.45839125927847
9296286,651.8904133597998
9297287,675.572502929001
9298288,633.5249147059874
9299289,634.8543312399034
9300290,644.242585537211
9301291,661.6613055568051
9302292,649.1083029144141
9303293,581.234972148377
9304294,598.9619390559392
9305295,655.1634663451093
9306296,674.1574408415345
9307297,660.9433525401104
9308298,645.4004612709733
9309299,499.38512522810385
9310300,582.0161286680038
9311301,673.4979563653667
9312302,633.7748106630695
9313303,653.3613791391642
9314304,654.1397865713436
9315305,173.568118105399
9316306,636.1563850007424
9317307,668.190715355946
9318308,262.3784310632669
9319309,253.65379241871128
9320310,612.953750247665
9321311,661.686869259889
9322312,655.8453935312992
9323313,548.3253787992337
9324314,656.8152784131487
9325315,127.95543117572888
9326316,644.8394140556644
9327317,683.9898488183521
9328318,652.410417327093
9329319,652.1942671882082
9330320,635.4836312202029
9331321,649.911389255759
9332322,655.8151486441867
9333323,649.8141655070712
9334324,575.5957880681226
9335325,477.0772686276281
9336326,688.1589891991557
9337327,643.0594135140078
9338328,651.3420570843998
9339329,683.4773015917197
9340330,610.2957645645535
9341331,658.0861472249538
9342332,627.25609578698
9343333,638.9701911189567
9344334,420.98899175759334
9345335,629.4049379168733
9346336,652.6710085530386
9347337,549.5554055155604
9348338,621.3311437843672
9349339,647.9000483907448
9350340,138.79876343615874
9351341,629.8076965951449
9352342,631.4980744347478
9353343,567.5105699841909
9354344,599.9044305219617
9355345,633.1190133817448
9356346,634.8474356697848
9357347,620.0981609912367
9358348,644.6182220147105
9359349,672.5807735348827
9360350,660.0333386349735
9361351,641.7993757922886
9362352,644.1692132402533
9363353,664.5180833759446
9364354,326.9583288801137
9365355,610.6704923694182
9366356,616.5977567899912
9367357,622.7079797367111
9368358,649.3629711806049
9369359,515.801995027978
9370360,639.540304903327
9371361,341.35059011494184
9372362,633.679317000208
9373363,650.6476314022486
9374364,638.2126893000974
9375365,650.4568330845216
9376366,646.8300931448509
9377367,661.4468979588108
9378368,651.6522962853454
9379369,654.1629903472867
9380370,660.3968144912798
9381371,671.58943748993
9382372,275.7023977198042
9383373,644.5771962737717
9384374,444.15658623899196
9385375,585.2190856115639
9386376,646.4085377773678
9387377,611.8967981149948
9388378,631.0606605885039
9389379,470.53296643296784
9390380,674.3502026140726
9391381,669.2214175774621
9392382,619.1711310014874
9393383,620.1981349177869
9394384,627.7554754140713
9395385,336.4994495844247
9396386,650.1065866691981
9397387,199.29113585885585
9398388,640.8449645958069
9399389,656.5980949145782
9400390,617.720146510665
9401391,343.85907927516615
9402392,290.81844356918907
9403393,646.460040657799
9404394,613.8873969000832
9405395,335.8617004701817
9406396,672.2891754855631
9407397,652.2233487212782
9408398,680.8612898358667
9409399,626.2120878390126
9410400,682.6948174462442
9411401,243.91813868473562
9412402,660.8391866589651
9413403,605.609663702949
9414404,521.2662898754279
9415405,654.6803173830225
9416406,632.0875738476683
9417407,135.63594869868075
9418408,621.2543218691485
9419409,301.07387682808917
9420410,632.7317783678075
9421411,624.0077134198657
9422412,639.2167465660617
9423413,571.6579401667187
9424414,614.344760058975
9425415,662.039165340757
9426416,663.4351570024425
9427417,629.1700556731444
9428418,602.0136105297361
9429419,669.4699557040433
9430420,592.6964237244543
9431421,627.9538700904849
9432422,637.3213595545276
9433423,610.494532384926
9434424,566.5021327957077
9435425,621.8897974027944
9436426,237.30186763459824
9437427,652.6096127273374
9438428,461.9530439025296
9439429,639.6041935450035
9440430,652.939282811794
9441431,623.6452709538443
9442432,555.597744311647
9443433,622.2077351272533
9444434,602.466851470298
9445435,610.6392014345944
9446436,635.5416348566766
9447437,615.5649339440749
9448438,629.734405066804
9449439,639.681694090387
9450440,657.9805103760092
9451441,654.0167998668865
9452442,667.3587445220494
9453443,309.4199087059577
9454444,663.1213317112613
9455445,609.1105501055362
9456446,663.7574577091862
9457447,677.1808548194568
9458448,442.35588722706007
9459449,533.5272853890636
9460450,266.00116122593766
9461451,644.4611263771714
9462452,654.0265607581654
9463453,668.4019037955464
9464454,623.8527523950924
9465455,422.65913087910064
9466456,667.3296271435089
9467457,622.2310127346117
9468458,556.2479375365083
9469459,421.6095635162739
9470460,596.4561124206244
9471461,610.3860214363829
9472462,530.7044582253785
9473463,643.4947311751528
9474464,642.7619915553836
9475465,618.5619565637124
9476466,690.6012579278408
9477467,631.0467291221095
9478468,459.34087600097365
9479469,443.4405859851315
9480470,666.2645782780875
9481471,684.1936471131573
9482472,191.14131332798797
9483473,661.3045442590395
9484474,643.245680889843
9485475,612.4214859681538
9486476,611.6554462329163
9487477,668.4612222426774
9488478,663.6038491507977
9489479,537.241843690979
9490480,683.1866151142893
9491481,652.3328318026693
9492482,568.5462107192151
9493483,648.3643758948023
9494484,639.1978559844302
9495485,623.5030683772754
9496486,543.5322563329
9497487,629.5334072521875
9498488,669.6374569770411
9499489,644.9957711871707
9500490,643.3237196778874
9501491,623.4476687691106
9502492,520.5928750540514
9503493,653.6580215750446
9504494,625.7200067797155
9505495,696.4248055405789
9506496,654.024628759808
9507497,553.8225491380086
9508498,667.5340776357309
9509499,620.8754336062406
9510500,444.10075852731575
9511501,673.2727237445245
9512502,667.447862928821
9513503,645.0765697694181
9514504,556.7655727611151
9515505,643.5035163604302
9516506,646.2191542730653
9517507,300.68868667814263
9518508,655.1131434626012
9519509,671.0133032287033
9520510,607.9241786752871
9521511,568.9893118018422
9522512,627.8140868620841
9523513,249.81442164917527
9524514,612.4131558069931
9525515,663.138562985092
9526516,660.9353264883488
9527517,654.841510528434
9528518,616.8287964697796
9529519,663.6845684973532
9530520,666.6064267016575
9531521,146.88451790776693
9532522,632.2010393955059
9533523,625.2587726178816
9534524,647.1958966610297
9535525,630.5563425082747
9536526,669.1307852307342
9537527,219.56360876283688
9538528,645.2191964218783
9539529,642.3092703165479
9540530,550.3202197784434
9541531,673.9635596127395
9542532,617.9870668259438
9543533,641.4864762087702
9544534,628.0013533682668
9545535,650.0683076191453
9546536,655.0370090801849
9547537,115.57431464389396
9548538,610.9585077394205
9549539,644.9759736649279
9550540,404.57367752447016
9551541,651.9297580989806
9552542,596.8011136336198
9553543,621.384678148358
9554544,663.364456649393
9555545,371.39225589690983
9556546,663.2419319224953
9557547,655.3888567669972
9558548,663.9350957056968
9559549,606.4846838668908
9560550,628.3220077348678
9561551,593.9719852104184
9562552,656.2310719128344
9563553,658.419926186386
9564554,610.2026764060814
9565555,580.8120562352527
9566556,581.6333353939281
9567557,662.2563860283566
9568558,651.1126583645015
9569559,657.7691815803356
9570560,642.7659048953616
9571561,409.1055987749828
9572562,336.6389030661587
9573563,679.9821288292871
9574564,627.5070975101078
9575565,628.5676262213357
9576566,635.0844113840672
9577567,649.0926341881211
9578568,636.6957907327916
9579569,661.4946110766512
9580570,645.568232648751
9581571,650.9260759288478
9582572,558.3662473148277
9583573,475.0958512355099
9584574,598.4080383735541
9585575,607.0109420005966
9586576,465.7185694975948
9587577,489.75143642941714
9588578,621.9895140152938
9589579,623.4754945359429
9590580,304.86681840251424
9591581,644.2161576451063
9592582,511.05813856541204
9593583,639.7467325918954
9594584,665.0123934781475
9595585,643.9161683053371
9596586,153.3440859151011
9597587,630.1473445546104
9598588,657.6662248132704
9599589,606.6002024305207
9600590,657.7421548361337
9601591,622.0931369876332
9602592,666.3328915556594
9603593,623.426158664004
9604594,651.2177189082936
9605595,628.3690293352927
9606596,639.7762871674732
9607597,676.7434953341087
9608598,642.6954469246084
9609599,641.7586247370333
9610600,632.7035126763515
9611601,342.1972855337147
9612602,647.0358102443167
9613603,646.4196506852702
9614604,538.5045527758354
9615605,687.5332133709574
9616606,638.9017936178057
9617607,611.2833012390163
9618608,635.5210559964108
9619609,280.3548448365281
9620610,299.9806585051668
9621611,664.0186941369653
9622612,637.3218928158142
9623613,538.4442743711509
9624614,645.2761401090982
9625615,658.288865714059
9626616,678.8550723682331
9627617,571.1467664579153
9628618,652.7996077737961
9629619,640.7697894116315
9630620,696.8886856281633
9631621,669.9985921754509
9632622,681.2841132121146
9633623,617.2844290935016
9634624,649.5917305060285
9635625,656.6606173112876
9636626,668.6141911888556
9637627,648.1789856043894
9638628,648.6937143601675
9639629,661.630084309413
9640630,563.0486367159772
9641631,620.5386711249974
9642632,630.1423016556083
9643633,624.6811150370165
9644634,652.2968313238713
9645635,645.3502175133984
9646636,649.025143246775
9647637,658.3081288289461
9648638,609.4433067653704
9649639,654.1551297667089
9650640,629.3697711747203
9651641,645.2428961591063
9652642,416.8304265073151
9653643,621.6894577138462
9654644,295.0447907773095
9655645,592.7215944054462
9656646,659.395829663178
9657647,637.6220600288799
9658648,625.5199447840303
9659649,672.3351623192598
9660650,616.1597511938919
9661651,669.8212263924668
9662652,647.0910057705293
9663653,636.0319835379229
9664654,620.8177122542141
9665655,589.7646163659568
9666656,572.5779821391526
9667657,610.9513984756411
9668658,689.3661415368023
9669659,609.5688910243393
9670660,654.1512917926954
9671661,631.7987673753229
9672662,593.297674078622
9673663,649.2862743665028
9674664,663.712534216806
9675665,328.111468895021
9676666,611.4871414298273
9677667,664.6209617110935
9678668,413.2520387269528
9679669,614.4572195324575
9680670,633.4086895491163
9681671,654.6367050840811
9682672,144.69368498445218
9683673,620.3147791472843
9684674,666.2041445134862
9685675,617.9454940429528
9686676,656.0973455028474
9687677,644.0521006472442
9688678,598.1018941925246
9689679,481.0762856360715
9690680,633.7177919112833
9691681,653.0205364334051
9692682,482.03336236690296
9693683,337.03872454661985
9694684,661.5845994026012
9695685,655.2276304776695
9696686,625.6207166408684
9697687,636.7834632068383
9698688,513.848984072588
9699689,225.4344207621833
9700690,319.0539236962718
9701691,179.81610610349904
9702692,654.2238110373429
9703693,634.2023226463289
9704694,544.5160717345581
9705695,198.7846709936345
9706696,648.1881090053492
9707697,387.1610742005623
9708698,612.7573199319887
9709699,610.4692013336538
9710700,672.6469200904812
9711701,647.4713660336816
9712702,581.7339619594686
9713703,687.3610120634776
9714704,564.9307781812328
9715705,622.7608585128986
9716706,633.9719148147528
9717707,645.2132052460904
9718708,562.1901258040629
9719709,622.4028279272122
9720710,672.0640067024681
9721711,668.4595246033796
9722712,628.8770099703823
9723713,665.1224125266002
9724714,665.6228294548648
9725715,314.90836675786153
9726716,207.5693106901658
9727717,426.1572020651997
9728718,581.0468412822318
9729719,142.7618466739322
9730720,661.3434694438079
9731721,217.28574599991177
9732722,625.4494808427633
9733723,662.7900184301812
9734724,657.4278690792337
9735725,247.57284084393973
9736726,638.8554978797414
9737727,357.8761322209396
9738728,537.7181588069682
9739729,620.9473798413522
9740730,656.2091262345194
9741731,603.9943007382036
9742732,672.5370818775854
9743733,674.6010295448506
9744734,638.4990227349708
9745735,557.8206372875031
9746736,627.8019197782008
9747737,546.0310815744118
9748738,692.6154745119151
9749739,672.4549828703956
9750740,688.0615558216691
9751741,652.0236719117946
9752742,263.91242751554125
9753743,616.9617615968399
9754744,636.752623897802
9755745,254.2316267881879
9756746,605.3633684541352
9757747,625.8659334805554
9758748,654.2056191812522
9759749,572.862354904285
9760750,690.4370277171547
9761751,569.1692824565177
9762752,656.532318676365
9763753,121.88514668040007
9764754,312.59721928661736
9765755,658.199099876904
9766756,602.5427636181595
9767757,657.0358518671128
9768758,651.3438720498604
9769759,197.7448663341292
9770760,631.8325287591068
9771761,597.770381869287
9772762,630.8104280849291
9773763,497.44373552438856
9774764,409.954422054045
9775765,665.7616749994315
9776766,655.8809034800455
9777767,305.38205947404697
9778768,664.6406070464042
9779769,646.5706981684251
9780770,676.1354923047307
9781771,627.1883576402863
9782772,661.9892763356179
9783773,622.9029875157823
9784774,600.8646839998834
9785775,648.8611425998797
9786776,588.7270242373701
9787777,663.5738120918585
9788778,647.7605513793952
9789779,625.8117947398584
9790780,640.8912194460945
9791781,643.4580036829799
9792782,108.53679465058995
9793783,625.381622860628
9794784,155.67284042917709
9795785,621.3424749727727
9796786,388.54022850310946
9797787,661.5617983810675
9798788,617.6860270401414
9799789,625.0042529233496
9800790,559.8577564041595
9801791,640.8765386726545
9802792,624.0181545245263
9803793,587.1365040807813
9804794,652.7629375361672
9805795,634.8855812456724
9806796,666.912354329575
9807797,618.8432201032776
9808798,299.3489448268764
9809799,342.9242067215218
9810800,684.9708932122628
9811801,349.7888355388138
9812802,652.6596658400148
9813803,671.6181199254077
9814804,649.5789849831045
9815805,614.2374704402824
9816806,638.2105112122324
9817807,647.3223293499981
9818808,650.4983716866893
9819809,657.0057608713687
9820810,661.7743925024672
9821811,663.2371674820514
9822812,645.5752212113408
9823813,619.9226392539263
9824814,658.3691945698299
9825815,614.4272910853133
9826816,672.8911947502918
9827817,673.063912252586
9828818,591.3818114692361
9829819,332.58529757034796
9830820,633.92485799852
9831821,670.5526715028162
9832822,658.3557891447152
9833823,282.68604116863156
9834824,633.9768050177913
9835825,220.18701622309
9836826,500.36949484099745
9837827,654.6554262296729
9838828,668.5022703523122
9839829,446.378317602355
9840830,602.9194516311306
9841831,650.6264942274605
9842832,610.5767338759177
9843833,638.8013425790414
9844834,384.0195271761583
9845835,644.5103225493017
9846836,629.4074061196953
9847837,684.6309863669019
9848838,624.6316819364014
9849839,637.5912081121736
9850840,671.151378695686
9851841,630.3629106067325
9852842,660.9153538066495
9853843,623.5115026456557
9854844,425.0276701743711
9855845,622.4749855713293
9856846,645.8535075604101
9857847,399.66799760945287
9858848,638.4868348567367
9859849,644.9747982122962
9860850,636.8038309841055
9861851,446.02354842329737
9862852,430.95894096053104
9863853,304.4456303565826
9864854,319.5105746123253
9865855,568.1287283294215
9866856,647.1899256198286
9867857,672.100231439054
9868858,630.2244958961884
9869859,613.3472736034391
9870860,650.8694222555134
9871861,653.6762209241502
9872862,508.99267970648674
9873863,629.5389248646501
9874864,478.4058484870025
9875865,225.7408855555283
9876866,606.4388178249953
9877867,509.6234921083158
9878868,661.3086324887356
9879869,670.1429767245595
9880870,440.04856677957184
9881871,658.5843025621634
9882872,660.6296727531019
9883873,377.74946166761356
9884874,632.3162635688288
9885875,646.2385015524296
9886876,660.6142292311577
9887877,606.6786241108804
9888878,662.3914444553272
9889879,341.35175082371023
9890880,463.96456191242305
9891881,584.5257044198638
9892882,594.8429363131477
9893883,599.8308891520506
9894884,660.5371537197112
9895885,640.8606494423045
9896886,600.7990677953148
9897887,637.6977398910997
9898888,629.3933695321931
9899889,675.895042572154
9900890,579.0900184612486
9901891,618.3059930214703
9902892,599.392623662982
9903893,640.0165627931373
9904894,650.3244970595024
9905895,294.07720015089
9906896,629.491035878364
9907897,373.4334237955836
9908898,627.1907981946595
9909899,613.0184939638588
9910900,646.7668564401379
9911901,574.5548621224292
9912902,642.7008490669937
9913903,675.7172513056879
9914904,641.8608717942283
9915905,555.6061780350669
9916906,668.820607729685
9917907,249.62348377121418
9918908,491.6371930674152
9919909,597.176529217901
9920910,667.6303396701257
9921911,677.3441012831397
9922912,649.0554835351352
9923913,659.2397239967486
9924914,650.9467388769935
9925915,578.8617924326448
9926916,684.8036436384126
9927917,617.528133391835
9928918,687.3728276465478
9929919,596.466598773633
9930920,648.4950589001744
9931921,624.6278575487653
9932922,548.4175401552249
9933923,646.1243620428098
9934924,561.9862090572135
9935925,691.6552033373958
9936926,653.9551292113673
9937927,621.1203910051273
9938928,627.0402624716575
9939929,658.4832079029819
9940930,362.2757517631056
9941931,652.1832705157909
9942932,631.6711522463976
9943933,666.5292415169703
9944934,662.0775267220715
9945935,613.0639242438857
9946936,651.4293221238336
9947937,669.8584097178336
9948938,586.4077484666965
9949939,642.8604106575347
9950940,661.7582446583934
9951941,575.4955489791117
9952942,625.6895925560245
9953943,490.68241185853515
9954944,646.1778880643526
9955945,652.3837957271368
9956946,590.3720547917377
9957947,523.4683901075268
9958948,600.2305636428439
9959949,611.238385400748
9960950,653.0961392547895
9961951,653.0672905011232
9962952,531.4658954339833
9963953,580.9255699132685
9964954,621.6994105740092
9965955,645.3817312360495
9966956,583.535514670659
9967957,465.76187762002144
9968958,608.6580564899607
9969959,625.1703470844941
9970960,652.1780161822586
9971961,612.1770982206888
9972962,132.65086288852157
9973963,637.8363040868647
9974964,653.1011784933459
9975965,599.9377702331726
9976966,662.7123059274631
9977967,640.802048495649
9978968,543.0775369188025
9979969,377.61004765974775
9980970,572.9408159513275
9981971,647.4451908164712
9982972,648.7598454761634
9983973,654.2430092125778
9984974,641.6151229761869
9985975,635.9468181923577
9986976,618.0298900189588
9987977,667.3726293757774
9988978,563.26917425919
9989979,666.6274192188469
9990980,300.7062935976935
9991981,670.2506974596802
9992982,635.4833729126344
9993983,611.8077980653251
