timestep,episodic_return
1000,64.7230121104817
2001,104.95517774749125
3002,96.09070660884514
4003,74.17951105196869
5004,81.97459947085167
6005,90.16912482583646
7006,177.4730826219101
8007,100.49167872722208
9008,93.33689323293092
10009,48.65729488333222
11010,73.13654192209235
12011,73.27978757794575
13012,117.5134783674576
14013,83.74825458362685
15014,105.30099787473002
16015,99.55839781472673
17016,73.26126026405068
18017,83.58398550527778
19018,207.13753708228683
20019,75.71764170612175
21020,134.38290037476528
22021,164.31126304139056
23022,77.3279697620855
24023,88.98305914484658
25024,75.91506397577787
26025,67.83380525657327
27026,105.55605149528553
28027,130.02419577720363
29028,165.3996088520386
30029,84.87072309100142
31030,64.19423187758716
32031,143.25740206181814
33032,217.1771268069952
34033,141.81750112335476
35034,136.52098916875212
36035,122.15070562180689
37036,88.13410169055611
38037,146.98661175345677
39038,136.67565970086326
40039,51.681535730669204
41040,120.53744625899448
42041,168.7208795346086
43042,197.52987953719042
44043,183.60883103410129
45044,179.57712608993458
46045,160.10583775617775
47046,173.99981942480875
48047,191.0429583500847
49048,172.19059913221358
50049,192.90282167373482
51050,188.28419277774321
52051,219.53892604780958
53052,202.57549759556065
54053,203.31612641436203
55054,171.8611615626807
56055,222.55003847349676
57056,163.0057700128501
58057,179.5700539850439
59058,239.78045613653256
60059,209.75998394812862
61060,209.56781352766603
62061,323.5369488843632
63062,240.79379972287086
64063,302.1819391762892
65064,226.22098049283528
66065,270.9637662816579
67066,183.9494789163527
68067,246.26631783656705
69068,231.0734970953611
70069,272.9071145895599
71070,177.8148417935887
72071,257.98157863177045
73072,243.36485651089598
74073,241.28856158597605
75074,330.06182630395017
76075,274.0738737459209
77076,284.9189928880797
78077,297.12527314207387
79078,369.5205245444435
80079,442.19834472315597
81080,232.71842512128
82081,288.53398749784685
83082,232.22752740621638
84083,342.9106406297028
85084,339.31786056956435
86085,374.8645052865689
87086,273.32829242642464
88087,289.87754107664097
89088,332.5738302306582
90089,371.27772094232387
91090,311.71420615787287
92091,324.3773205268215
93092,417.80894256367003
94093,308.9631725817764
95094,348.07121939084584
96095,437.96714006414544
97096,420.2250070466114
98097,357.9796164649269
99098,294.6154860336292
100099,368.765438102457
101100,371.4104482212759
102101,377.3623766878372
103102,400.6436888253168
104103,299.1802738560622
105104,366.2117828443997
106105,299.71809146837074
107106,290.77649521788396
108107,331.76623037684016
109108,339.49343797552194
110109,377.3807351686425
111110,302.4811605518809
112111,347.3389016532112
113112,259.88579575362184
114113,277.6370215000718
115114,272.88783540039293
116115,296.47492422644666
117116,300.3786698706223
118117,285.6624130484571
119118,198.29237135008566
120119,318.02064061173746
121120,284.71941040801244
122121,291.0706790737563
123122,297.8157143776692
124123,290.02252324140983
125124,376.5931438795758
126125,295.4094070519502
127126,307.5328226328123
128127,347.69180770221163
129128,332.7203220419613
130129,389.45543750559114
131130,325.49224206023615
132131,377.8175276250179
133132,333.14734833826816
134133,342.1105555802667
135134,318.4996624522344
136135,298.21320524252354
137136,378.8451702198818
138137,406.721523793919
139138,338.06209985302
140139,372.6814832884333
141140,287.41857205098967
142141,399.73709905697467
143142,367.8733130833157
144143,332.69473089389953
145144,338.0739872234177
146145,402.31496930004755
147146,248.60230339204622
148147,287.0950502131416
149148,366.5954209608616
150149,360.2296305955777
151150,375.20882666965423
152151,350.9179977033101
153152,349.6400709688587
154153,319.3739354525479
155154,380.4554632515059
156155,373.67380886965736
157156,209.76605163930802
158157,322.61809618505646
159158,303.7628578390912
160159,306.56535284858273
161160,303.49060292822475
162161,322.43957085081934
163162,392.170817837209
164163,351.77848834104117
165164,235.3973415715459
166165,223.3906284809488
167166,325.04195778460377
168167,311.39036434020846
169168,313.1283925857697
170169,352.6178787046663
171170,354.7743747578766
172171,314.38181061419203
173172,364.9550001556134
174173,338.33122770974165
175174,339.1433816217191
176175,374.80644250284206
177176,383.7100307587371
178177,416.6968597070373
179178,492.6980422703246
180179,361.5299419512327
181180,314.6882286311184
182181,381.21329304677937
183182,392.68432264791124
184183,312.9746943701372
185184,283.2069463620834
186185,285.5920900938387
187186,319.69795558034997
188187,331.7547583284149
189188,375.9274228002038
190189,272.92713871523335
191190,292.09493645925716
192191,319.3210899108405
193192,288.0292847215654
194193,271.85006932757767
195194,418.6540911649232
196195,308.404109005693
197196,372.5898732658626
198197,322.506640221643
199198,181.67403333629917
200199,302.46672887808467
201200,385.6227339804867
202201,384.7094949922296
203202,458.51115222986755
204203,337.82690531952767
205204,317.6712579313824
206205,168.6354358426973
207206,385.3324350776326
208207,270.23730913557654
209208,402.2020902993273
210209,337.0824193119095
211210,374.82774077521356
212211,385.95530453367076
213212,441.13444239150874
214213,384.7063357698474
215214,367.87225110660626
216215,476.44358855758844
217216,316.98932452539435
218217,374.64369850477703
219218,371.53217615076113
220219,359.05346404279027
221220,373.3572230706789
222221,371.41269937445975
223222,391.44450051536137
224223,281.6568031540762
225224,446.00596771013795
226225,317.1069749946503
227226,290.6874455825753
228227,407.7429041760455
229228,429.1552084104406
230229,376.53168203846536
231230,461.7132178088828
232231,457.5343478600156
233232,461.25940906908164
234233,423.35535401601
235234,328.68236545546466
236235,494.4676538483186
237236,437.90290384284907
238237,416.1624755426672
239238,360.9907330342414
240239,363.0117596016819
241240,551.2709283493044
242241,380.68166718172364
243242,254.43280576338506
244243,319.5366856197458
245244,340.29686377188244
246245,361.62496571081846
247246,417.21513610366895
248247,465.3532983963813
249248,347.66269821468495
250249,511.54880923889954
251250,376.0057926782179
252251,402.209314585163
253252,495.92179835408257
254253,404.7577132657264
255254,447.3191467594841
256255,370.23776770793995
257256,424.45177764846926
258257,421.73795483245334
259258,247.18634088258662
260259,407.6977380813501
261260,450.8572152068853
262261,445.444868722768
263262,602.7724056282248
264263,538.9285483035039
265264,582.2467395153095
266265,605.9841730297074
267266,602.9825655190674
268267,549.772392357345
269268,263.3430005990607
270269,473.7158559072393
271270,560.4650225161461
272271,402.8299102665304
273272,353.8365965165212
274273,488.969931015858
275274,420.9670184788333
276275,507.1317686613959
277276,407.52043569299565
278277,313.8192662743849
279278,257.192316985045
280279,421.86342910703047
281280,502.2836337990279
282281,668.438250730895
283282,664.3746195549775
284283,532.3770728765685
285284,688.8080199775088
286285,373.9901949494624
287286,682.0275205876388
288287,659.932954552605
289288,561.500388724448
290289,632.3802567807661
291290,632.4369748901041
292291,509.09062477273767
293292,644.105513858216
294293,668.3114616842844
295294,638.1029511410526
296295,247.1623930402229
297296,442.9992336367862
298297,642.4711897736835
299298,572.8629782257256
300299,315.5704679899963
301300,379.12199729365
302301,611.1022740135301
303302,576.8474174812112
304303,671.2609702593599
305304,685.3691558727595
306305,240.6615381230829
307306,574.1739940043232
308307,297.8975399073058
309308,386.892404802799
310309,501.6897027974444
311310,407.77414044063033
312311,586.5120510936276
313312,389.71143860321274
314313,453.05714795282665
315314,419.47706324979924
316315,607.4297598048455
317316,377.3866512337213
318317,694.2944381656365
319318,470.39014316344424
320319,603.9528621834436
321320,427.5818765195902
322321,541.2141795658721
323322,442.22892902171424
324323,590.3640008649127
325324,684.0264014625373
326325,521.9719461205261
327326,690.4245095663337
328327,695.5565744429342
329328,679.8190029984229
330329,696.132133405437
331330,692.8852864477498
332331,583.0277163047713
333332,686.7452596049753
334333,624.4249588794794
335334,618.4211278008254
336335,660.6214411614657
337336,657.8708552901549
338337,589.4018990089223
339338,667.2340059406657
340339,623.4087363286275
341340,623.8255794920399
342341,693.9125155564008
343342,568.7352503774848
344343,573.8466424545811
345344,408.273587774549
346345,327.7712048672265
347346,646.0585081229324
348347,579.0405882925311
349348,341.4899855642349
350349,286.0865242658578
351350,517.5498531762476
352351,485.684632540264
353352,411.3297526396482
354353,517.1815861822271
355354,572.057255166852
356355,655.2238863207884
357356,647.9895440750399
358357,619.378366153331
359358,680.6467171178483
360359,589.5921063846426
361360,333.7197228200378
362361,610.6627612224536
363362,676.3521286317135
364363,523.1409825193255
365364,646.4786497085071
366365,615.9262563856504
367366,487.40717897692775
368367,540.3120880400502
369368,547.9852983579286
370369,513.6506992346616
371370,612.2838083076957
372371,390.0766426414827
373372,638.0828210353126
374373,653.7437983237927
375374,663.5873738435183
376375,556.8844729082576
377376,594.4220793899185
378377,599.8573776680064
379378,562.7459443542075
380379,542.0646031170726
381380,593.2728336386397
382381,571.3867780423791
383382,572.8346828350564
384383,610.3118867957784
385384,538.4163416616253
386385,587.8520456900202
387386,534.6860704648934
388387,281.08793301914153
389388,436.6604144695996
390389,546.5455192179627
391390,401.7682294431022
392391,392.5824391641935
393392,283.86266867614194
394393,335.5521053498809
395394,559.544960783489
396395,512.6519827694473
397396,531.1987566323974
398397,517.12647041915
399398,519.1175776984375
400399,600.4742371621428
401400,557.145051940097
402401,310.48629106584116
403402,639.3621804499242
404403,506.4511530011407
405404,672.0984505950962
406405,645.7598226398985
407406,660.9786302278801
408407,548.2623955020132
409408,654.7680338403189
410409,671.8606929448117
411410,691.5151011296599
412411,279.72308026287516
413412,580.8625672885457
414413,626.9339778805625
415414,637.792805391908
416415,519.5301355008911
417416,653.2377649994139
418417,646.3626280351399
419418,615.4379543509529
420419,649.9535159179446
421420,624.4309936922072
422421,550.5432032571899
423422,523.0799460435754
424423,617.4134454848235
425424,609.3474719791595
426425,636.0739386175453
427426,622.8354068016192
428427,619.6653402601261
429428,637.0012433922283
430429,606.597545940975
431430,658.3638072520498
432431,659.2212320924161
433432,611.0410981277388
434433,672.1837479564834
435434,592.1327050090886
436435,615.2040158843994
437436,654.3059142532317
438437,680.392817936964
439438,667.0549805193253
440439,626.1142349738408
441440,468.3263031205196
442441,661.7494170532891
443442,645.8088564223439
444443,666.6327187741622
445444,605.5964340003339
446445,679.8696364866253
447446,679.035006448584
448447,648.8007326576529
449448,683.8793124678313
450449,404.4940355825583
451450,637.8001057502795
452451,641.7297759408455
453452,98.32734879451706
454453,587.1660737306141
455454,659.2371342288709
456455,431.79258179969156
457456,485.41589192881315
458457,260.5949239226134
459458,615.6306525985057
460459,502.7895605937378
461460,627.4074697240792
462461,461.13519527861456
463462,645.7638984872376
464463,650.262778356841
465464,678.6786833861948
466465,663.4667124873565
467466,658.9020815420147
468467,678.1616767090123
469468,517.5041775636794
470469,447.54802032236836
471470,677.5526810822523
472471,512.8815589649149
473472,539.7893501856555
474473,575.1064149513782
475474,630.2809040220424
476475,415.1564760960411
477476,616.6665648279918
478477,673.2334172389243
479478,516.9978116432763
480479,657.5078368896362
481480,563.4292002961712
482481,476.0972565608935
483482,619.2231161897354
484483,288.499611709296
485484,556.8206405221423
486485,633.092199749324
487486,638.0119797529949
488487,664.9719650252686
489488,642.6463903853048
490489,667.412285041804
491490,652.9143145985021
492491,460.5066538805918
493492,639.9291623747813
494493,662.3525283605485
495494,615.6375116357389
496495,617.9561253099449
497496,698.5352142491342
498497,676.0273805432346
499498,674.551824318432
500499,659.0720934210945
501500,687.2905607788955
502501,648.9269438657733
503502,631.5577658563433
504503,599.0538471954599
505504,537.0686413764599
506505,601.0370540905434
507506,544.9566297665373
508507,582.2985912131276
509508,594.7698009050805
510509,477.3546211811648
511510,599.4265762871792
512511,606.2518887693162
513512,531.0148498639489
514513,636.8521535452786
515514,583.1772584861959
516515,486.04052510110125
517516,238.67562865597094
518517,436.2606486160569
519518,403.3185096960292
520519,450.16594404090284
521520,586.068728471598
522521,473.38389525492545
523522,560.3950817565734
524523,546.5145913514234
525524,291.00622810384453
526525,441.5615269261192
527526,503.2263818734333
528527,325.6859521836537
529528,373.1947058026097
530529,489.1782642549925
531530,466.7552602518272
532531,269.97233326627054
533532,506.00382407617167
534533,548.2064468587007
535534,415.30031436986235
536535,430.4095846209569
537536,580.5555275815037
538537,635.6018492507269
539538,508.5716685475193
540539,189.76726127547076
541540,620.0300699724077
542541,605.4933945445407
543542,263.4295424008396
544543,607.251042359956
545544,317.98164156142167
546545,441.7511772685404
547546,624.5322842870368
548547,631.9640983663542
549548,664.1392130287148
550549,497.824339356116
551550,210.93992182542206
552551,169.01458913736096
553552,382.0265247410717
554553,618.0678506415253
555554,531.069824351004
556555,575.4154824422745
557556,457.9875798631161
558557,451.7849850180284
559558,566.263879457763
560559,608.1358387962705
561560,587.7047099938809
562561,563.8791488510853
563562,612.5617483469412
564563,592.7328733795176
565564,631.7860374631377
566565,628.273415524078
567566,638.1620079936256
568567,621.3213814945785
569568,643.94116119585
570569,637.3134596062766
571570,450.01562789993426
572571,641.2448846430516
573572,656.8696611720815
574573,667.9495929165834
575574,648.9087263509716
576575,215.5429983593504
577576,632.83384858831
578577,632.4003809336118
579578,664.106916934472
580579,680.3758494423263
581580,608.0898527047348
582581,675.7694783273279
583582,233.83698234983612
584583,636.876975511415
585584,417.5215328564998
586585,640.2240637809634
587586,507.0745706786104
588587,628.1237740014786
589588,670.1103307291136
590589,653.119464965883
591590,666.7442144848816
592591,680.1542796098613
593592,681.5548849032176
594593,516.4090592633667
595594,635.1965212446785
596595,678.9574442186324
597596,612.7973195542339
598597,485.2889637129297
599598,665.1097692754232
600599,661.9156601067667
601600,679.0673722079639
602601,626.4313292450187
603602,608.1394513283863
604603,254.0644403512493
605604,612.7456926302099
606605,556.6065109979467
607606,244.57223624039406
608607,539.6917881574736
609608,536.0082276336644
610609,567.4014071531375
611610,265.9271618714875
612611,422.28134998271605
613612,380.95240824283013
614613,595.6506062780003
615614,607.4938822835949
616615,388.65938670222783
617616,644.1592053430411
618617,648.0349705694122
619618,244.4687264541578
620619,618.2990868703075
621620,617.2218843171142
622621,295.79745410457986
623622,598.652538137987
624623,582.669106097885
625624,486.69126065583885
626625,448.97741513575517
627626,612.887233624567
628627,556.3362051511816
629628,626.0075755465368
630629,549.2836655278843
631630,640.6114951068897
632631,606.721241169286
633632,317.9732386587433
634633,618.7618136176953
635634,349.8042291330521
636635,584.4633776784785
637636,511.0297509229145
638637,493.3805597607548
639638,507.43521959630556
640639,530.1163536863157
641640,613.7773197776777
642641,482.7471602989604
643642,351.20902617576655
644643,560.4739663607739
645644,644.0393765240499
646645,615.7595229148891
647646,600.4178511111029
648647,449.079044713864
649648,560.693467274539
650649,444.70871162015794
651650,466.85368619412395
652651,574.7856505862236
653652,365.4467044925729
654653,600.5830321914655
655654,261.59236610861075
656655,385.80891958980357
657656,309.75821913148155
658657,476.97250088510293
659658,623.5646843048083
660659,582.7624233733565
661660,538.8655766624635
662661,571.5599306329982
663662,571.4416591404575
664663,391.7951466564834
665664,560.5395750776931
666665,625.1235989500602
667666,339.2246396346974
668667,292.3335066165237
669668,400.26844883491395
670669,648.0546717854698
671670,316.78318452276034
672671,574.6114081219692
673672,214.6143199339699
674673,506.7597972040796
675674,453.8561456959728
676675,418.453261968279
677676,339.1213308477883
678677,352.1311736436431
679678,534.192991423475
680679,461.9806497162519
681680,420.2891735175293
682681,356.6039129356747
683682,332.8078853059255
684683,438.19907237599386
685684,438.77749387461495
686685,463.09066021361184
687686,429.27929030508875
688687,486.19499643733275
689688,503.1196533772501
690689,334.09254131254403
691690,529.0241891884953
692691,556.7552981618139
693692,565.3657754234029
694693,422.35859979059865
695694,474.8664113195291
696695,484.3412452613529
697696,564.2854400829208
698697,545.1180874585593
699698,582.3765239645289
700699,586.1823467227094
701700,594.5638883484568
702701,565.1708216203831
703702,246.70902405102026
704703,607.5196565901842
705704,600.6453110584557
706705,586.8272298292072
707706,648.295395167084
708707,639.878990942073
709708,563.4111617856469
710709,648.7831305902903
711710,670.3583950401377
712711,523.6127838922125
713712,692.0241285223485
714713,614.8354023763754
715714,688.5763683337971
716715,538.0658745515433
717716,442.5462322895903
718717,431.65986066019855
719718,667.8244172907243
720719,672.7335086560499
721720,679.4418507973759
722721,202.6056239330997
723722,629.8578837288688
724723,576.7132352538936
725724,503.91163676836686
726725,628.5473498228878
727726,336.08588710668977
728727,690.1725544288446
729728,500.37286862413487
730729,510.47691682205016
731730,625.3714396883947
732731,659.7959035530122
733732,665.1669142576694
734733,677.4941211617256
735734,639.7902951282388
736735,652.399547511433
737736,603.9066108830314
738737,485.1644672883223
739738,456.76849655426145
740739,594.7040561357611
741740,639.8506402045929
742741,421.96935176968157
743742,633.5163952751119
744743,508.77629774746856
745744,566.175191558489
746745,576.6828198550135
747746,478.55550932425064
748747,157.87899327551315
749748,630.9767530798523
750749,686.0578608565592
751750,682.931827539375
752751,596.8609149994754
753752,331.6362561568031
754753,459.6898309260783
755754,494.4800027881097
756755,463.4516803740693
757756,436.60201927503834
758757,679.7877789417561
759758,681.8108489095258
760759,482.41673426679347
761760,605.1323205296404
762761,475.888066279148
763762,689.5626301108191
764763,668.8712280237772
765764,693.8319325251368
766765,676.5855131612365
767766,687.3330589348644
768767,404.6819781111912
769768,488.19371801063596
770769,577.9242811444484
771770,617.0410492985269
772771,458.7457944211919
773772,557.1296146403757
774773,168.58304115634607
775774,258.9123441406671
776775,677.6596355013613
777776,675.6878966448205
778777,169.96302876789352
779778,493.9415104933993
780779,175.23342402369485
781780,502.64180588905197
782781,528.9584643912206
783782,610.5923915011543
784783,653.5417088784909
785784,578.2124822501476
786785,490.60276286027533
787786,672.8759349943432
788787,486.56771405796474
789788,668.6126359032052
790789,635.4351505685373
791790,646.8767416323595
792791,652.7486792193423
793792,632.2864637943437
794793,669.7832731098649
795794,678.082087270067
796795,658.0433618560247
797796,688.4123933448533
798797,686.0017524757234
799798,659.2473275349247
800799,673.6328576655015
801800,655.29965043964
802801,656.5236846767974
803802,623.9152830703532
804803,657.8785390956767
805804,148.032947484985
806805,437.1538594218181
807806,375.7187484030618
808807,651.0811465224411
809808,321.61724515022985
810809,543.6159909038923
811810,675.1271092552186
812811,653.634311536717
813812,625.9816658065365
814813,599.272645342094
815814,270.43036919735073
816815,498.84705948579324
817816,481.55669217353903
818817,601.8933806874458
819818,648.5721885865808
820819,642.5173296966128
821820,674.324941210745
822821,672.3494567566087
823822,663.3272969745498
824823,496.13732039520625
825824,593.3088057554243
826825,350.82734882047566
827826,630.7961020708661
828827,278.8406251401723
829828,271.7249311437873
830829,680.2974548715009
831830,367.080292112818
832831,359.39012212726334
833832,444.49343938788894
834833,291.1478693391049
835834,483.88008915620316
836835,341.1320385224211
837836,253.57711024393032
838837,409.5887987798008
839838,671.4481500852007
840839,537.7125503622516
841840,287.07913298734115
842841,451.1713562281028
843842,471.5572267575577
844843,655.4124729937998
845844,201.1426096175021
846845,543.8446727469455
847846,422.48951253666826
848847,652.3996016046206
849848,483.567993300701
850849,295.0382667868549
851850,593.5839576621341
852851,538.9498672328427
853852,587.7846705633568
854853,522.9706719584408
855854,486.8320623693188
856855,563.337481258365
857856,601.6448020892936
858857,382.19320943686836
859858,638.5558080992238
860859,492.3840784345885
861860,489.6569770408885
862861,532.1125773472579
863862,413.07720440239353
864863,645.9079517994062
865864,502.96136609320934
866865,530.0741918905893
867866,295.70875483883515
868867,540.3918934791886
869868,649.1947764445224
870869,422.61199667798735
871870,545.6925046460653
872871,551.5478768910705
873872,280.07802177169555
874873,389.8479060952351
875874,593.0502949315985
876875,639.2399799122992
877876,635.1487926747199
878877,367.81274466121863
879878,650.003751941328
880879,643.0291251611866
881880,655.0358207800472
882881,598.1540599581257
883882,594.9504635656473
884883,652.3122028036307
885884,645.5400855663179
886885,623.2458054693815
887886,668.5125162174857
888887,618.2976097032727
889888,409.13083514046383
890889,398.4463217192233
891890,673.2794481438442
892891,655.5400874270944
893892,623.146341366238
894893,371.83541019537125
895894,632.0001914624661
896895,631.0033972424771
897896,646.3701569624675
898897,652.4330227407422
899898,644.2614080758909
900899,637.3257955767458
901900,615.3299705713168
902901,312.35303135082927
903902,586.3601588384734
904903,552.8501614091523
905904,266.20725430708103
906905,654.1823231070641
907906,631.5727019618614
908907,650.5778125915293
909908,602.2991510020641
910909,587.2926096281305
911910,659.2235492930258
912911,610.855395196052
913912,652.8848573246911
914913,534.6678424759679
915914,631.0792974494485
916915,407.2150372732218
917916,439.5129253651949
918917,609.9450610725626
919918,634.9333249970917
920919,530.8641015299632
921920,570.9646357021941
922921,568.7280051721714
923922,680.4202014114817
924923,685.7363717580523
925924,671.6259847145683
926925,599.7587546240234
927926,620.8707169870848
928927,680.5627417233187
929928,316.936651733925
930929,512.5019601750148
931930,421.442293497496
932931,624.2858157327046
933932,631.969803178789
934933,690.0077555056757
935934,602.7085610457652
936935,292.2611450300754
937936,677.5024414797334
938937,510.72367773905034
939938,686.9645228282216
940939,682.4159199641574
941940,643.1618692658824
942941,638.2160027138893
943942,648.4725472208356
944943,522.187880901185
945944,546.3261715062247
946945,684.4234066476653
947946,649.6938088519503
948947,675.6088172869748
949948,619.7434313491971
950949,639.5629079995543
951950,404.6427248407726
952951,674.9476845845438
953952,569.2626033053889
954953,331.4182673058515
955954,265.91942225371446
956955,597.3126608389123
957956,377.7049836976644
958957,630.5091828946271
959958,278.00216017042476
960959,573.7339551497943
961960,599.9162954292085
962961,635.411701369473
963962,579.2173230852734
964963,483.5513445096711
965964,585.6751569553284
966965,632.2647282173721
967966,480.4301549800046
968967,229.76099934680065
969968,452.5387220065548
970969,676.9743074018072
971970,663.2200788680533
972971,638.4378801979315
973972,637.7813555442438
974973,617.2809959820041
975974,649.0943787841132
976975,677.2240081644735
977976,646.4315665026506
978977,454.7674461813595
979978,306.13292450597726
980979,267.5377287951951
981980,252.17879206835764
982981,648.4608203679513
983982,597.2077758659552
984983,653.6029177498535
985984,237.40137747949962
986985,604.1592135611194
987986,615.4877595345819
988987,387.5161418551485
989988,658.4647748244411
990989,504.9333091241157
991990,548.3905580060978
992991,566.751330065565
993992,681.1022647768607
994993,269.37247334263026
995994,447.04721077911506
996995,608.1589175409092
997996,676.4929607937083
998997,587.0936664272583
999998,634.686014251975
1000999,652.3888399109718
1002000,605.6970006306651
1003001,621.8908683770549
1004002,332.1860318050657
1005003,650.7797267670852
1006004,239.84089822471995
1007005,658.8786580277225
1008006,279.56118547096963
1009007,681.4222410634975
1010008,460.458628038569
1011009,686.3809378408388
1012010,688.0790197609798
1013011,617.5424293081558
1014012,662.107456576626
1015013,674.9937991684752
1016014,658.8380006902705
1017015,659.9815671045856
1018016,649.4018903392274
1019017,631.2413251544466
1020018,568.1530486060797
1021019,669.9166845556664
1022020,620.4246497793903
1023021,501.5563190912455
1024022,630.0800871398135
1025023,649.4446898733052
1026024,635.1239929197868
1027025,184.9570354889979
1028026,393.81586861429275
1029027,672.9739323734265
1030028,395.3585598500255
1031029,605.2705137806229
1032030,655.5687259456902
1033031,677.0003169770672
1034032,643.2205251950193
1035033,264.4723591530377
1036034,689.4526299179367
1037035,482.29911624429326
1038036,327.974814531882
1039037,261.92947087791737
1040038,649.5006621863358
1041039,642.5278594756807
1042040,660.0973566124649
1043041,643.2599400905237
1044042,279.86647939826594
1045043,451.3509647772974
1046044,262.5112294792026
1047045,609.2743696567587
1048046,378.27858792047033
1049047,231.82478721300407
1050048,202.47131245108167
1051049,630.4704185804186
1052050,523.8909314366927
1053051,646.8614050257095
1054052,667.1401379000598
1055053,615.9143815423497
1056054,636.4035088765619
1057055,384.38679027058635
1058056,662.6762279817644
1059057,209.04880342088197
1060058,578.6812843573219
1061059,669.636410333375
1062060,620.6390327697313
1063061,650.853123111719
1064062,671.6130103739349
1065063,343.44671671047814
1066064,673.3334479994421
1067065,591.4999138189609
1068066,420.5296072265949
1069067,465.0365816063279
1070068,660.6677436512671
1071069,681.7373017595202
1072070,657.931839721096
1073071,207.15677341755085
1074072,673.3807887548471
1075073,676.2058108497026
1076074,645.0798845029342
1077075,538.0075215464755
1078076,578.1350422160762
1079077,392.7971625849646
1080078,178.51718457049384
1081079,609.1098877988437
1082080,300.7329612121367
1083081,612.3446877604792
1084082,637.4135187438443
1085083,650.609707776602
1086084,601.4359094620257
1087085,539.1089360722286
1088086,620.4935576928564
1089087,211.57364490504537
1090088,555.4083897629356
1091089,621.3475996663266
1092090,557.6069441287997
1093091,575.3821136247365
1094092,615.0284296704126
1095093,626.5176633539251
1096094,662.8386811990999
1097095,657.9414974575047
1098096,369.48710349512464
1099097,280.01812360819133
1100098,203.60970936340613
1101099,619.9880292179555
1102100,653.7725596050897
1103101,325.9048883533294
1104102,562.989723849065
1105103,481.9256059417991
1106104,670.1236393209772
1107105,666.9608797996101
1108106,599.8340129022843
1109107,629.9063516788581
1110108,642.3288069772316
1111109,625.6104566372932
1112110,644.5129794984048
1113111,543.8509210239566
1114112,645.1289453878164
1115113,637.2227467687259
1116114,292.04146986855613
1117115,648.184327058568
1118116,599.5955010112041
1119117,512.3918278460967
1120118,623.1222529785978
1121119,490.6746725666973
1122120,609.7335281051866
1123121,555.0376177147103
1124122,468.97899002658016
1125123,631.48667059687
1126124,608.8050095049581
1127125,633.6353380871777
1128126,598.6418530510081
1129127,539.4097783650066
1130128,583.590446998951
1131129,629.5208325744196
1132130,619.7662745607188
1133131,543.2217078863816
1134132,587.1949718316614
1135133,617.5304369495784
1136134,293.79325096340443
1137135,477.3509310869576
1138136,571.6744548627612
1139137,194.24270562685058
1140138,590.95958412881
1141139,587.3381315554044
1142140,618.7270969582484
1143141,376.2899680532776
1144142,332.16443324074254
1145143,432.69915121863005
1146144,463.1246909567138
1147145,541.6075527882575
1148146,323.4228069432533
1149147,594.7153217794549
1150148,463.2361011695057
1151149,515.9808162520912
1152150,581.5996535553423
1153151,306.05894258808445
1154152,579.9940703827135
1155153,597.2590010115907
1156154,169.89808489844484
1157155,644.8029160819267
1158156,599.6272111723058
1159157,656.9032376279158
1160158,538.3707872250806
1161159,618.7341605465415
1162160,621.3836699195925
1163161,614.8535810047616
1164162,537.5003008216876
1165163,455.61121444489834
1166164,585.4859973499459
1167165,594.7236316759544
1168166,617.555879181917
1169167,420.2575626011102
1170168,595.4230724070817
1171169,627.7877845564931
1172170,565.1581072431115
1173171,410.8689342590738
1174172,395.5064478085997
1175173,451.0575142871658
1176174,514.4266695684382
1177175,427.57991892978464
1178176,535.8981454729069
1179177,259.3475682482907
1180178,512.8129120528354
1181179,546.5093568992298
1182180,260.6262792376203
1183181,465.37893178958336
1184182,509.5855732506238
1185183,386.4277072964311
1186184,482.7948261620213
1187185,391.0113207212924
1188186,599.1095863162892
1189187,588.5821846599463
1190188,343.06155776203366
1191189,578.9754852463391
1192190,581.0298067303394
1193191,530.5523456524894
1194192,615.4442998696967
1195193,603.8836750800755
1196194,508.80480682712636
1197195,598.2220096314555
1198196,303.27511369965197
1199197,549.9269612188834
1200198,502.5566734451414
1201199,190.476365960859
1202200,554.9921371744293
1203201,551.4905004656199
1204202,607.3877070086837
1205203,567.9914365076398
1206204,290.2948707593716
1207205,635.0315314911026
1208206,653.8195273132509
1209207,371.33511074617917
1210208,565.2497917198854
1211209,576.5852908969333
1212210,623.0547016405482
1213211,493.5288376093763
1214212,511.1698197575688
1215213,210.3361055567192
1216214,288.0069338937154
1217215,617.7374827008011
1218216,383.03848930705226
1219217,532.2472392089015
1220218,422.52223260443407
1221219,611.1755452194767
1222220,616.9172857576359
1223221,568.12023891543
1224222,230.23333817023538
1225223,464.6471190680026
1226224,570.2531351514639
1227225,611.244319601346
1228226,633.536475519417
1229227,563.6969636101022
1230228,615.9355508992436
1231229,615.8125315707324
1232230,356.7412291035165
1233231,608.7666468591698
1234232,563.9653754316274
1235233,568.0815491712995
1236234,620.1079093731389
1237235,598.9512718311546
1238236,612.4288539839187
1239237,613.3703830818283
1240238,451.88011934739717
1241239,614.7204205505251
1242240,569.4146844090017
1243241,625.7575803182832
1244242,569.8824876644983
1245243,671.0848882141626
1246244,587.70855400489
1247245,593.2402418933511
1248246,579.2978317306171
1249247,333.6264307138432
1250248,274.4324687409846
1251249,602.7464583727982
1252250,536.2471501277317
1253251,595.7170638057133
1254252,299.0855845868971
1255253,585.825509707129
1256254,433.86393160562284
1257255,598.961946712386
1258256,396.7501759737374
1259257,610.8954423922315
1260258,398.4525959086696
1261259,551.2391915098573
1262260,515.5909012943223
1263261,577.740264134763
1264262,628.860094137544
1265263,493.0489828814801
1266264,551.9940091925556
1267265,652.5387117334917
1268266,524.0730299406573
1269267,651.3647927887837
1270268,619.0316559746033
1271269,608.1869836469062
1272270,438.6461297673061
1273271,516.2520548495982
1274272,196.52155935498385
1275273,259.57120474060747
1276274,494.4291426087153
1277275,415.92754902560193
1278276,599.4201628754329
1279277,576.887354304411
1280278,239.81818013198267
1281279,558.3736352166877
1282280,263.56779144509954
1283281,200.28738803119137
1284282,237.81701375128637
1285283,634.8612807584112
1286284,643.5774171110502
1287285,578.2871073538463
1288286,543.7076345255272
1289287,610.1259638378106
1290288,642.8816305212728
1291289,611.1819790056602
1292290,393.34624772681076
1293291,427.3091664302637
1294292,633.6800573765323
1295293,603.045546131699
1296294,658.513398932904
1297295,628.0240877105326
1298296,622.9125402373674
1299297,570.0887638831389
1300298,637.5181679160049
1301299,648.3390959217677
1302300,613.5104794638813
1303301,597.2533873909979
1304302,254.89219851370302
1305303,369.10604288068396
1306304,515.1766789313599
1307305,165.91986695409994
1308306,604.9460487126493
1309307,561.7575435936249
1310308,256.85351933267856
1311309,556.6875879199948
1312310,584.009711939786
1313311,464.58495384929574
1314312,594.1415901113564
1315313,212.1746227120802
1316314,545.6134877221428
1317315,631.665799692835
1318316,386.95714058764634
1319317,369.95585145021545
1320318,185.52643709184753
1321319,593.2124877069023
1322320,528.5064728189482
1323321,415.27851744106243
1324322,600.489769761599
1325323,635.0782472364015
1326324,476.58569237629166
1327325,528.0344400548476
1328326,592.9744329032123
1329327,352.07126686124616
1330328,585.6466647765089
1331329,609.2586474157108
1332330,640.4537029143975
1333331,627.776956757489
1334332,556.1745330272884
1335333,508.1855927585371
1336334,597.5614055844596
1337335,192.17775223248123
1338336,616.7979830344982
1339337,614.0991666195449
1340338,178.79429103609655
1341339,617.3611325255537
1342340,617.4606183354223
1343341,613.9587824431981
1344342,503.216856309204
1345343,531.4289921902587
1346344,595.1271115537301
1347345,243.963071364389
1348346,600.850097611759
1349347,628.7556902498706
1350348,218.18171762001137
1351349,615.8780018344104
1352350,621.6793571913807
1353351,565.7595177038772
1354352,653.0099682991677
1355353,348.25859282446635
1356354,623.237899639834
1357355,641.8556019101503
1358356,467.68159290548635
1359357,630.4601458664731
1360358,617.7535738156881
1361359,625.1517354727775
1362360,656.3213789610306
1363361,594.8843071979333
1364362,679.483235494476
1365363,649.3265890770504
1366364,671.6610950486158
1367365,606.0242676135813
1368366,669.9997301102865
1369367,665.3912502014015
1370368,353.91783523181715
1371369,658.6508242475633
1372370,669.0971119781906
1373371,669.0633749461447
1374372,344.0909357652384
1375373,657.5031392964606
1376374,669.5073559030028
1377375,628.9067708398564
1378376,672.4088873449842
1379377,664.3353558182548
1380378,586.6915537012076
1381379,376.96438002102036
1382380,673.1961065587
1383381,630.6500879596139
1384382,600.2531875157835
1385383,622.4800945750972
1386384,615.3790005965407
1387385,658.6105781159221
1388386,644.0634139269843
1389387,655.5004387447018
1390388,608.4756689558498
1391389,628.3022270156054
1392390,521.30107183623
1393391,667.6364718463008
1394392,593.0363943287009
1395393,648.6755467391546
1396394,475.4729749630399
1397395,232.39260121174576
1398396,571.8830758543812
1399397,547.8268408062094
1400398,279.2409377153506
1401399,601.801659263263
1402400,401.0198841119158
1403401,329.7004679327733
1404402,657.5902615107736
1405403,651.5161910116835
1406404,641.3766303586103
1407405,643.212902112438
1408406,281.85017021175065
1409407,622.4270642818914
1410408,636.9117027999008
1411409,615.4381764359304
1412410,630.2199081638439
1413411,660.4860971157183
1414412,270.6814395849075
1415413,636.6259650380927
1416414,624.2695769911901
1417415,645.959422948285
1418416,645.8662506052441
1419417,615.5811021479716
1420418,617.279903235741
1421419,647.7064288141104
1422420,280.26990006990303
1423421,652.2915627525862
1424422,638.158350322416
1425423,657.1137956388969
1426424,283.97267010276767
1427425,643.7739370593483
1428426,248.3455664538736
1429427,652.9999332995471
1430428,636.2016348525318
1431429,619.073324086554
1432430,630.6864793125825
1433431,660.6890195895768
1434432,178.49238074778953
1435433,518.4096721908901
1436434,642.6887739507599
1437435,519.4717856567389
1438436,641.925202133781
1439437,644.4489857728124
1440438,586.3239878799164
1441439,652.7278247035518
1442440,651.7944942518548
1443441,223.77397356120596
1444442,523.7744128029076
1445443,669.1677127903911
1446444,667.5775616732028
1447445,428.0875950532716
1448446,410.54606358736277
1449447,659.7419211234227
1450448,667.877638053179
1451449,635.0688599346022
1452450,652.2588361802791
1453451,168.2385179969645
1454452,648.8787172557026
1455453,447.18140984160743
1456454,669.2896610992557
1457455,425.5477869542344
1458456,658.5209045921405
1459457,635.2259650186754
1460458,204.93006290100618
1461459,496.3085717971979
1462460,661.0001062645241
1463461,676.049226739544
1464462,660.9614879608071
1465463,639.6794799590801
1466464,459.2551397027203
1467465,616.4676740696286
1468466,664.1455537007869
1469467,363.63915290349956
1470468,341.26107973061
1471469,629.6163468122407
1472470,562.9483748415571
1473471,322.3000777861988
1474472,658.6919283196142
1475473,615.708059521901
1476474,644.4292035271018
1477475,647.388989108767
1478476,554.9251246011997
1479477,656.2196854673501
1480478,627.1148847940794
1481479,635.6838817597915
1482480,643.9976950951732
1483481,634.1420087981202
1484482,647.5529118343869
1485483,502.24413038170684
1486484,666.3254248870146
1487485,665.6347969151046
1488486,678.078252102475
1489487,207.7328083460506
1490488,245.35599114181528
1491489,603.7028202966883
1492490,265.8061358300044
1493491,585.1295913533274
1494492,551.8243381586474
1495493,311.07615311190034
1496494,539.4516798682492
1497495,487.9720056335439
1498496,640.6750040003092
1499497,644.0546750285325
1500498,394.60314723873495
1501499,663.4771865903134
1502500,671.2237026178357
1503501,639.3251385882203
1504502,651.1270399731544
1505503,647.1057324863103
1506504,659.9959817512797
1507505,303.0300805401627
1508506,627.190547349233
1509507,617.9398052388906
1510508,636.5719893434554
1511509,600.5097737164742
1512510,632.4446319940824
1513511,622.6396293006433
1514512,374.3095103660362
1515513,589.663071868945
1516514,627.5342999719899
1517515,587.9301903262522
1518516,672.3769979899162
1519517,647.6767658057739
1520518,584.7778702226614
1521519,307.09224273826
1522520,580.9576077672286
1523521,605.9741887089097
1524522,612.0140044505139
1525523,616.2093267705684
1526524,650.8431493930213
1527525,573.4451289982409
1528526,615.7717201713835
1529527,654.5895188086879
1530528,253.19901643163047
1531529,646.2680012264243
1532530,642.9346153497147
1533531,301.4637349234539
1534532,676.8776187562817
1535533,666.1837445217029
1536534,644.9370841120893
1537535,651.7603958077237
1538536,648.487268312028
1539537,463.94771670733013
1540538,334.3975906533988
1541539,653.3978580157269
1542540,659.6149788036311
1543541,406.22190333722904
1544542,650.4272669894589
1545543,243.97383505795332
1546544,670.0488092033017
1547545,241.67424699141998
1548546,641.1870541347049
1549547,376.21078817785934
1550548,662.2363890244477
1551549,572.5826482071209
1552550,635.9365660119715
1553551,591.531611097336
1554552,669.7702282819048
1555553,648.3071440271744
1556554,661.8722541175724
1557555,680.1464960859583
1558556,651.1972394893455
1559557,656.418553255379
1560558,660.7184439552204
1561559,668.4979426022204
1562560,633.6087069831751
1563561,670.6245790456163
1564562,665.0074162767003
1565563,670.0286870919446
1566564,647.3270057302892
1567565,682.8357964689524
1568566,670.823739093724
1569567,656.8439999454314
1570568,656.7909328581007
1571569,657.8740879917544
1572570,649.3515020230469
1573571,511.71060469812636
1574572,649.6808935557549
1575573,654.3225257424432
1576574,616.1750974616042
1577575,659.6738924168145
1578576,669.1122529534407
1579577,649.9097121622071
1580578,494.0320017454068
1581579,633.2902498536973
1582580,655.6662964264993
1583581,612.8153787244736
1584582,625.7173486627888
1585583,379.59076146639023
1586584,612.5226179660243
1587585,653.8904288568485
1588586,589.3381045854637
1589587,651.7498422564647
1590588,663.9029304614319
1591589,644.5246772312598
1592590,658.0093082507029
1593591,641.3004664609788
1594592,642.2032846156974
1595593,668.7338584581779
1596594,650.4510310530961
1597595,669.9943885524956
1598596,665.9742394376262
1599597,666.6917398780093
1600598,672.2205827123337
1601599,679.139617727093
1602600,672.148546004246
1603601,676.3908401286424
1604602,233.14283034175878
1605603,649.5760773513259
1606604,654.519505417141
1607605,658.9881886110843
1608606,664.572193418714
1609607,624.8329604413447
1610608,267.8351787041878
1611609,605.8582039217281
1612610,588.3331804264955
1613611,617.7443027265687
1614612,588.8711454821423
1615613,223.59324525299735
1616614,500.1108439384561
1617615,450.4746985619013
1618616,574.4452879174888
1619617,435.8957732988286
1620618,629.6855609124286
1621619,555.947491071598
1622620,342.76201041731167
1623621,239.96338107025315
1624622,508.8367642372667
1625623,263.29779591433464
1626624,185.07006139647413
1627625,648.9988382285459
1628626,689.1024601492869
1629627,656.5447089774389
1630628,606.0598076042414
1631629,655.0437757175544
1632630,663.8568751430056
1633631,649.8991796726887
1634632,657.0425236869955
1635633,656.3816016419335
1636634,666.5810281325299
1637635,653.2136068325362
1638636,197.86332983362928
1639637,228.87319994979126
1640638,349.1856231206887
1641639,671.4070924609367
1642640,596.0842685306235
1643641,542.9639125456249
1644642,292.64237106152143
1645643,562.5514292915857
1646644,643.2927689993417
1647645,365.48853108473355
1648646,521.564399210862
1649647,349.669709329042
1650648,603.7994803304808
1651649,369.18425268398227
1652650,555.9299226306653
1653651,441.6542386270957
1654652,565.0343049883801
1655653,264.54548145394335
1656654,608.6687194547067
1657655,486.3301249178154
1658656,493.663818567523
1659657,445.4571889163743
1660658,461.50659091792073
1661659,628.5706899310617
1662660,594.2454454144204
1663661,624.5724290211848
1664662,585.2970242292222
1665663,630.2853369947458
1666664,490.394876441206
1667665,623.8968089624315
1668666,665.8688261917333
1669667,493.7124021788204
1670668,661.8157429306722
1671669,681.3396429816718
1672670,603.1474364004551
1673671,642.1214355271741
1674672,656.2438336823517
1675673,652.9760721413146
1676674,665.9117473411343
1677675,348.6956758735602
1678676,377.1554412427645
1679677,607.6711406464387
1680678,658.7696066836244
1681679,676.1206205003963
1682680,618.7096383985007
1683681,664.0787891141811
1684682,678.7363226225314
1685683,667.9803999447535
1686684,519.1219933376241
1687685,616.8476795307394
1688686,526.8665931833476
1689687,653.7785967348542
1690688,682.4738103624602
1691689,658.1253839039534
1692690,674.7138300229807
1693691,633.9862321692066
1694692,669.5925584763771
1695693,610.5913870544102
1696694,633.1913967281162
1697695,671.2479748494048
1698696,567.3404533015932
1699697,673.5610600419161
1700698,670.380067021879
1701699,668.9833914478301
1702700,238.41829962494333
1703701,212.54129544359267
1704702,629.5767445214852
1705703,630.841215500714
1706704,642.3634577441175
1707705,583.6861259202444
1708706,636.6303446190427
1709707,620.2256813856211
1710708,599.7193643760091
1711709,425.79709346471924
1712710,240.4423320648842
1713711,456.93940115375403
1714712,609.042270478732
1715713,669.5829856026321
1716714,648.1503259351978
1717715,608.7537915034862
1718716,201.69056364986903
1719717,624.6084020743264
1720718,609.3622493030626
1721719,649.0818861195775
1722720,670.3400691892023
1723721,249.56084664909798
1724722,301.426892681858
1725723,635.625107385397
1726724,667.3179737234807
1727725,610.1348669404822
1728726,669.9328224611864
1729727,600.5631355881894
1730728,637.2319244104626
1731729,656.7130069116787
1732730,648.2052055755511
1733731,665.7158916135463
1734732,655.6357050956098
1735733,380.1458247225309
1736734,659.5610699924849
1737735,508.6865859128531
1738736,632.0865271287487
1739737,679.2410283630259
1740738,602.6226058185622
1741739,668.8913305694139
1742740,674.2310139479762
1743741,176.23006407970487
1744742,212.3796454335331
1745743,183.4311974671247
1746744,610.8258332265993
1747745,452.1239627948249
1748746,641.434201105708
1749747,531.3304666883419
1750748,652.8565190083958
1751749,681.9320116224754
1752750,433.10077772649555
1753751,614.7989059298856
1754752,672.8534508895946
1755753,650.676083041147
1756754,616.5442203272506
1757755,655.013278538896
1758756,289.3027798123627
1759757,641.109094139325
1760758,650.6449047135885
1761759,626.1077756981505
1762760,584.74543132983
1763761,456.17183538338344
1764762,626.4399694294397
1765763,601.9798039027188
1766764,567.1601354005354
1767765,432.33378561765164
1768766,657.1902415982544
1769767,651.2518520952923
1770768,541.6654568017337
1771769,611.680229068828
1772770,667.9210786163445
1773771,447.1246748124045
1774772,613.7395478900883
1775773,659.7869361665307
1776774,660.5382257161766
1777775,572.902220295013
1778776,530.2786362726245
1779777,614.5463976119878
1780778,662.5749496404117
1781779,426.7554937161591
1782780,647.9092424738855
1783781,666.7247867126963
1784782,668.0339225724292
1785783,648.4770262654806
1786784,629.4775936633096
1787785,647.2625019922489
1788786,660.4045363238563
1789787,552.5830194801265
1790788,583.5842022049052
1791789,498.8771420627442
1792790,625.6868620728754
1793791,236.08261220431388
1794792,246.83764213855875
1795793,195.0232197671507
1796794,659.4768872688203
1797795,471.6677433511195
1798796,625.6634145478449
1799797,576.9888198078714
1800798,617.1544164848625
1801799,667.2787281153218
1802800,660.6892169680698
1803801,658.929237588025
1804802,405.6358042969517
1805803,640.2336474623737
1806804,512.2116919245435
1807805,633.6844903755363
1808806,337.8195341706537
1809807,622.9755897230157
1810808,550.9683588796391
1811809,587.1031470636124
1812810,524.771324398698
1813811,430.27834880003223
1814812,222.5426842424377
1815813,201.8965016448294
1816814,551.7424252454946
1817815,628.962635971063
1818816,519.1600250526863
1819817,646.833178215699
1820818,654.2246855565941
1821819,647.1998803102663
1822820,621.2530888623522
1823821,404.7423076914782
1824822,639.4143631508128
1825823,656.7315971324487
1826824,647.4770414239431
1827825,504.94918664477973
1828826,343.6636617238391
1829827,510.78008770083255
1830828,631.8433346355285
1831829,667.8296520978897
1832830,173.32600885233515
1833831,631.3702605108573
1834832,600.0565642592679
1835833,664.1119373715521
1836834,648.9894307093243
1837835,571.4724619736899
1838836,596.5159243969595
1839837,638.8917219596038
1840838,657.7197412767262
1841839,230.86354322028114
1842840,626.4991126279161
1843841,655.556253023303
1844842,677.6411063330138
1845843,662.67108399415
1846844,382.3511031037349
1847845,237.56745022530615
1848846,642.29388307095
1849847,651.5612018773626
1850848,518.978130200152
1851849,616.6662444462895
1852850,657.4831688512422
1853851,623.5606907343525
1854852,666.9040598047252
1855853,459.8376143138599
1856854,651.8520080760546
1857855,673.7519322465378
1858856,230.58495182359155
1859857,666.2714332135542
1860858,350.99170284135215
1861859,499.7868284313648
1862860,646.3682928307791
1863861,458.3082112809885
1864862,544.5785383483397
1865863,616.2841337457971
1866864,653.7728479527443
1867865,672.5443962635707
1868866,665.53765008451
1869867,565.4778685828612
1870868,612.5449528037893
1871869,350.78786219912297
1872870,301.3387100338014
1873871,624.2074461949824
1874872,298.4856740310026
1875873,482.55093266235525
1876874,620.8320440335627
1877875,621.731984347691
1878876,642.2253364790779
1879877,319.193955082556
1880878,590.6505492916891
1881879,647.1097786760962
1882880,223.07212890205622
1883881,204.96993882165663
1884882,347.426064630373
1885883,522.5958714371924
1886884,547.0350760823852
1887885,445.5744474456472
1888886,658.345582405422
1889887,305.55238511446817
1890888,525.3505731782246
1891889,241.19876870617531
1892890,673.0472196759852
1893891,687.0962383980974
1894892,549.0881541688508
1895893,674.8571617148955
1896894,330.05882747835807
1897895,646.7059539721604
1898896,632.3082977338604
1899897,637.139002207244
1900898,627.3522282200022
1901899,613.7412079523573
1902900,577.2299120398685
1903901,364.41390098241783
1904902,671.3940822631175
1905903,205.27362185121208
1906904,569.3024027071381
1907905,620.2311252866606
1908906,304.31798078790456
1909907,670.873933110783
1910908,674.0363279305793
1911909,220.45518817835824
1912910,670.1799057903822
1913911,271.553986845076
1914912,666.691982068033
1915913,542.8199268675966
1916914,627.663892419835
1917915,229.5776109121671
1918916,280.9574425314217
1919917,671.7496205292813
1920918,415.92194202534307
1921919,651.3570635640205
1922920,672.9149827855964
1923921,676.9352805653117
1924922,341.2317286519418
1925923,620.2681915784739
1926924,680.5986175017275
1927925,678.8917829688633
1928926,574.8899376668185
1929927,652.767650010577
1930928,202.73609572225715
1931929,266.6496200842272
1932930,600.4290052803285
1933931,653.3081054605071
1934932,431.1215896919222
1935933,637.8327077018412
1936934,649.9252199424353
1937935,646.1600052711677
1938936,645.4307315486124
1939937,633.7609659448698
1940938,627.5411968907839
1941939,462.15019343187987
1942940,616.9987362002166
1943941,600.375798963205
1944942,627.7870132667459
1945943,608.0475454544559
1946944,616.2754267291652
1947945,596.161493121135
1948946,602.8497667067935
1949947,525.0577673293259
1950948,595.5150654512565
1951949,599.6755863226774
1952950,597.0947533726019
1953951,537.7813334301013
1954952,598.4653888608101
1955953,612.1953380529542
1956954,609.2894381746544
1957955,236.87926380724087
1958956,582.5053651355726
1959957,236.04654345101258
1960958,630.5599219737651
1961959,628.3184883984342
1962960,172.50343360812033
1963961,608.7562090703502
1964962,239.36892585080238
1965963,659.7439927233114
1966964,373.27837430061965
1967965,621.894652970538
1968966,651.566734668724
1969967,407.90038063337204
1970968,664.54670483674
1971969,514.7602766391572
1972970,649.4609279818538
1973971,664.6825780150925
1974972,683.7173684689294
1975973,631.1903587457373
1976974,643.3078047327583
1977975,618.2231538464431
1978976,654.258120392456
1979977,552.8937576063797
1980978,255.61937782555668
1981979,616.7537555570375
1982980,364.55221386454605
1983981,550.951700973049
1984982,674.0450142215653
1985983,582.9927443832871
1986984,670.5534319048853
1987985,663.0337625830336
1988986,250.65172314146307
1989987,474.45716588417866
1990988,648.5272734400302
1991989,604.588555474053
1992990,623.5329290266429
1993991,460.70346071874746
1994992,250.77831395784102
1995993,614.0092172220852
1996994,593.3927351326347
1997995,209.04182629043763
1998996,593.3439600817985
1999997,636.4567318427316
2000998,479.95144255616265
2001999,607.7976025152966
2003000,211.02408188319492
2004001,350.5709267090964
2005002,264.58814831155894
2006003,283.8920452501049
2007004,322.4498567321199
2008005,650.5702132132906
2009006,548.576639016256
2010007,646.2343675311226
2011008,581.1764230642252
2012009,629.0511088295165
2013010,665.0969661098823
2014011,640.2922207002637
2015012,651.1211346512216
2016013,655.9371412224093
2017014,559.7968888468072
2018015,646.5648018760697
2019016,646.5863094047506
2020017,632.529011721684
2021018,570.6250167992374
2022019,662.9392536779063
2023020,646.1527897094093
2024021,657.3558531767801
2025022,238.24702243307274
2026023,629.9809438259272
2027024,639.9923524749082
2028025,643.4644745572882
2029026,640.9548564359081
2030027,283.3826744247838
2031028,662.8809082150382
2032029,645.5122193610231
2033030,657.9126259386937
2034031,336.5772470113028
2035032,656.6323437061939
2036033,681.1237351343474
2037034,626.1112742196655
2038035,678.7800556362643
2039036,562.7027538395917
2040037,313.3609914509867
2041038,674.6292871067091
2042039,269.6675829216195
2043040,635.0650265575432
2044041,683.1966063810781
2045042,644.5135138403632
2046043,681.0935854501722
2047044,357.06055224819994
2048045,648.0095603588387
2049046,582.5012323654465
2050047,659.2723945415563
2051048,657.3121844405632
2052049,641.4467024602724
2053050,291.3132605783518
2054051,653.9256367107702
2055052,660.7227938699582
2056053,677.2225115169692
2057054,224.01665276821865
2058055,241.85208410192405
2059056,662.2509010634739
2060057,659.8917505563422
2061058,390.1295695933156
2062059,647.8655639609956
2063060,455.40254694551817
2064061,388.52165187838693
2065062,247.34543218010194
2066063,569.1354775985741
2067064,561.7025996573894
2068065,671.1325950502238
2069066,665.0700370051328
2070067,648.4117505422814
2071068,661.8920362176115
2072069,533.440912329551
2073070,487.2823837615237
2074071,665.5323097121122
2075072,668.76935423196
2076073,651.9423851335375
2077074,653.7773948931081
2078075,658.5310908546081
2079076,653.895578763135
2080077,665.3817763647023
2081078,662.8373849287813
2082079,651.6504968316613
2083080,682.7364964357738
2084081,664.1721710549565
2085082,497.7622099520176
2086083,676.5817840119169
2087084,569.4347801262243
2088085,277.0399074098511
2089086,270.0999202658545
2090087,664.6581788472815
2091088,440.5435536412785
2092089,684.196456479731
2093090,657.0644288604462
2094091,643.4951905170061
2095092,684.0132753088865
2096093,616.8237254678144
2097094,234.39709620081314
2098095,462.19065752421244
2099096,664.9698860753529
2100097,652.9534564405253
2101098,465.857362883004
2102099,658.7530679234881
2103100,685.100894589739
2104101,661.8036287287489
2105102,659.7194495907811
2106103,617.8994629143306
2107104,646.6570449236037
2108105,568.891649952276
2109106,605.1607621262997
2110107,642.0899744719245
2111108,654.8580280766299
2112109,640.8359134608501
2113110,645.2502481539174
2114111,450.8957328949619
2115112,679.0033771537433
2116113,670.3635393431708
2117114,675.313499317392
2118115,473.496840327284
2119116,651.989773091598
2120117,652.8422408188974
2121118,556.9702873336087
2122119,635.7221084069253
2123120,684.1679100914351
2124121,675.0884441415362
2125122,662.1845671691269
2126123,318.53059350877817
2127124,651.163418475773
2128125,647.7192326749868
2129126,646.0580568806026
2130127,628.1424636112628
2131128,617.4786937709094
2132129,582.5976462752188
2133130,559.73706199532
2134131,663.5385199726331
2135132,666.8906387412057
2136133,139.27684234548846
2137134,571.3893871897618
2138135,617.2527713378712
2139136,629.1320649689409
2140137,647.5864931484303
2141138,622.7490951803468
2142139,636.2510567867923
2143140,526.146367853975
2144141,650.2839160492229
2145142,673.5573570274065
2146143,652.4864066206713
2147144,673.5727691670222
2148145,666.6058311492782
2149146,676.9177854876433
2150147,666.6350837403627
2151148,637.4050036220827
2152149,668.7362619322508
2153150,632.6314733562882
2154151,663.5221787566525
2155152,658.5282700160054
2156153,646.514360910417
2157154,225.29166626788054
2158155,321.15529624208403
2159156,665.7348617393134
2160157,632.7092860288134
2161158,595.9940275247177
2162159,596.7269059941
2163160,230.53362745661852
2164161,640.8615357055404
2165162,625.9711946025323
2166163,558.2917031624196
2167164,645.4783532178069
2168165,462.9632254790811
2169166,683.5092735376247
2170167,236.9676820891009
2171168,552.9559154521309
2172169,657.2609138446185
2173170,656.4423723477892
2174171,633.4774102720627
2175172,300.64532326578893
2176173,658.2548845671103
2177174,436.9704960661952
2178175,650.8770890443595
2179176,667.6214885217672
2180177,632.161238063463
2181178,677.4816689419881
2182179,652.6496194424722
2183180,588.375915281431
2184181,660.6820528267059
2185182,642.7595051096159
2186183,638.5911652118554
2187184,674.4080213476889
2188185,576.6810039488187
2189186,675.7539941083633
2190187,471.37363855578445
2191188,466.19385559423876
2192189,362.7246789849309
2193190,308.0650833579519
2194191,598.372227293965
2195192,321.01850257786464
2196193,301.0958749598282
2197194,657.8486732211617
2198195,642.3066612382094
2199196,644.7158724421955
2200197,598.2400827739264
2201198,640.8354959887163
2202199,641.6583033237531
2203200,397.70658144941007
2204201,612.0620036285885
2205202,318.6306871683498
2206203,628.8299934064454
2207204,645.9219867715293
2208205,641.2659589818717
2209206,614.6931518535505
2210207,615.1017057369867
2211208,664.6554481621531
2212209,641.6985674365696
2213210,268.0645419163927
2214211,640.8849081080897
2215212,614.5088339145444
2216213,630.1146608309525
2217214,174.0034178461615
2218215,252.7622085035964
2219216,633.2073960762337
2220217,591.6932732937406
2221218,627.1486445427153
2222219,350.4362161138273
2223220,299.82370150455074
2224221,351.2160072168219
2225222,347.369472494912
2226223,462.24229525623554
2227224,645.5528077308986
2228225,632.2423607193965
2229226,649.6258985303847
2230227,186.20069812355723
2231228,638.6176871639948
2232229,628.3055674720888
2233230,401.4776897108779
2234231,596.352100913295
2235232,685.5015377754773
2236233,366.18376077985295
2237234,343.137280324523
2238235,583.132865559949
2239236,510.9311452399793
2240237,667.5872079687862
2241238,687.2604406179315
2242239,642.7015463315287
2243240,458.0938400792739
2244241,601.5692797383905
2245242,598.5411087793844
2246243,612.6399702405299
2247244,620.6566514780909
2248245,634.2370395698948
2249246,606.4821637014643
2250247,278.1674100574654
2251248,618.4362522720829
2252249,620.0049919553064
2253250,624.6330717447731
2254251,646.9748646368711
2255252,669.5877434821097
2256253,641.1622475823426
2257254,655.3706859703802
2258255,659.5445575515859
2259256,651.8212539449471
2260257,636.9342760773482
2261258,664.5499638310183
2262259,547.3294637250943
2263260,682.9861172082225
2264261,665.3224049659952
2265262,656.166802229991
2266263,646.0602230174411
2267264,670.6935765510698
2268265,488.5265184002064
2269266,665.6741503582722
2270267,118.90939092152136
2271268,680.1573827435473
2272269,668.3532983270411
2273270,566.9163948130481
2274271,559.2610526998337
2275272,653.5554823227283
2276273,641.5600871035448
2277274,650.9415924142544
2278275,302.48179524986375
2279276,332.11538725656084
2280277,590.7960899020204
2281278,676.6491726993803
2282279,649.878361621019
2283280,687.6536035145443
2284281,567.9320783861648
2285282,610.5385836321317
2286283,539.8991308152011
2287284,680.9118134882143
2288285,663.9090108238237
2289286,308.7926699136405
2290287,679.3324923223215
2291288,665.1364785932583
2292289,549.7594788760488
2293290,537.1416363321974
2294291,680.6128007356562
2295292,671.3326779814996
2296293,650.0056689453721
2297294,672.1523643819007
2298295,641.6987415078306
2299296,644.3185887512998
2300297,638.2203431601939
2301298,675.5459361201713
2302299,664.0326766409696
2303300,657.8255258164796
2304301,645.7144974253389
2305302,645.770268282646
2306303,641.0144946138778
2307304,579.9951931135311
2308305,602.1504900732612
2309306,645.185742574839
2310307,653.8885725724706
2311308,655.9934389559489
2312309,599.2746031193751
2313310,676.1717748715348
2314311,584.393536897085
2315312,673.2989796777301
2316313,592.8844679319844
2317314,672.1899360345825
2318315,569.4280442372567
2319316,244.0115933364072
2320317,584.445131676268
2321318,511.9764283159475
2322319,607.3933263605722
2323320,626.0537302005378
2324321,263.3993781634114
2325322,605.3535167959768
2326323,600.7702989742762
2327324,566.4581458320894
2328325,650.3994543338497
2329326,361.29599493756626
2330327,318.6744295153082
2331328,393.0095979254751
2332329,380.4578771836065
2333330,440.2059900440473
2334331,339.48688642611467
2335332,433.8142092635181
2336333,659.4955006868893
2337334,644.448777044978
2338335,376.37388919912013
2339336,621.2008692909027
2340337,653.9692294996283
2341338,586.4626849615086
2342339,486.0842077386841
2343340,338.10154862175136
2344341,400.86627765852035
2345342,483.54363745203534
2346343,368.67201650067256
2347344,598.838419648918
2348345,607.0922049681094
2349346,286.4532303945663
2350347,600.9866119065263
2351348,626.5741861040863
2352349,604.0695493241091
2353350,623.2219982383064
2354351,625.0018897172487
2355352,618.327768953179
2356353,601.2449144791707
2357354,624.3573141649655
2358355,271.1793763812493
2359356,603.2128761971971
2360357,662.7445300235601
2361358,423.18340592574276
2362359,606.5052227782368
2363360,584.9048735258335
2364361,623.2482134709338
2365362,351.6532080241735
2366363,343.0254866450319
2367364,360.22569201488216
2368365,621.8915454403108
2369366,492.9731449089802
2370367,596.4206779325887
2371368,339.5698898914311
2372369,538.3451172337359
2373370,545.7639303189552
2374371,625.1988419043985
2375372,574.6691804308282
2376373,604.7289797939528
2377374,597.2721133832491
2378375,638.1324788384757
2379376,298.36327681477997
2380377,594.7487608779322
2381378,636.1455881473316
2382379,658.6938992888014
2383380,550.1360028068959
2384381,612.7360117336086
2385382,629.2078749310998
2386383,628.3838040042698
2387384,583.2939158361014
2388385,617.7645975964283
2389386,635.3051768550229
2390387,652.227120317898
2391388,648.0283283892398
2392389,648.4649222207497
2393390,614.7755388443143
2394391,636.8679587949621
2395392,671.1638539719102
2396393,668.7958524974948
2397394,624.458412702529
2398395,612.8848072605898
2399396,660.8076880487282
2400397,217.74995805750856
2401398,633.9714427298925
2402399,623.6655364929284
2403400,660.9666133667624
2404401,657.0248754724405
2405402,527.7089078562846
2406403,606.4038321525446
2407404,623.5706649663721
2408405,620.6065580266094
2409406,642.9972422862493
2410407,644.0995389858584
2411408,491.1404135990665
2412409,603.3222625315273
2413410,569.3329648472154
2414411,580.4643867975992
2415412,291.4279802708029
2416413,517.6176943807993
2417414,620.710096993103
2418415,631.031523914243
2419416,234.4642030131236
2420417,550.6430502823148
2421418,661.3290018512661
2422419,557.3894909776022
2423420,273.1597608322458
2424421,346.94525886207026
2425422,582.451575503289
2426423,304.923303714984
2427424,387.03093370385966
2428425,621.2498131976226
2429426,469.3078597434201
2430427,585.1645081152128
2431428,493.0394850926174
2432429,531.205359806127
2433430,422.2740784519953
2434431,589.8491818436233
2435432,603.5991840126576
2436433,355.16445154364163
2437434,608.3026497838918
2438435,647.0750118730643
2439436,623.2392997699045
2440437,636.5800572676823
2441438,623.7885936410203
2442439,555.5908173147388
2443440,611.7926880448053
2444441,615.4715235526074
2445442,622.6704127264157
2446443,554.9364902760291
2447444,625.8773114120074
2448445,646.4774025955842
2449446,659.0504611953924
2450447,648.2345553689447
2451448,639.9074538288545
2452449,571.0630894383553
2453450,655.1969669389986
2454451,595.3427153581838
2455452,607.9896629535939
2456453,641.4259130814802
2457454,647.7328311284159
2458455,617.5699039364423
2459456,508.8953070688568
2460457,650.9930385431958
2461458,295.87054267612706
2462459,592.5777700117171
2463460,600.0028611007068
2464461,664.3651609756967
2465462,613.6337521714665
2466463,600.9086553392789
2467464,600.9566396151531
2468465,629.2926931092319
2469466,642.7410364264371
2470467,567.7956486693964
2471468,610.3124185670113
2472469,647.0996417807603
2473470,601.8690484794517
2474471,612.7482034604299
2475472,437.02402860413696
2476473,605.8527567451782
2477474,634.6563773807743
2478475,491.8624028444226
2479476,650.6467786740344
2480477,378.36501648410945
2481478,570.7394014116721
2482479,585.4600025401265
2483480,435.98013508755025
2484481,586.7183410387453
2485482,619.8206180478371
2486483,611.293310641975
2487484,331.9725521879271
2488485,606.5928426463444
2489486,520.6370426418648
2490487,651.0057271956813
2491488,329.1471476708326
2492489,649.9176926693394
2493490,646.7115199646993
2494491,500.1584855143045
2495492,594.4910227939778
2496493,631.0238937813955
2497494,629.8929980282072
2498495,647.4704157316288
2499496,283.15879319251184
2500497,550.3303572405227
2501498,268.04569194708614
2502499,653.1489525917673
2503500,570.5694811243054
2504501,622.3848346429046
2505502,436.0031269216934
2506503,618.7622521356259
2507504,645.11315073357
2508505,615.2387563568603
2509506,636.2096578326058
2510507,287.0722915377685
2511508,673.5960034415288
2512509,486.73077170566756
2513510,655.506143227341
2514511,643.5744783213133
2515512,635.6322760060314
2516513,659.406159391542
2517514,669.0336706034013
2518515,617.9637218732414
2519516,648.1202284134323
2520517,291.5617778345763
2521518,210.51021043435492
2522519,561.4618172265544
2523520,402.4996167336099
2524521,617.0096998998372
2525522,365.12444537642585
2526523,640.6321855808275
2527524,642.4362197475522
2528525,660.8338372446672
2529526,471.8729253929906
2530527,671.3226879273348
2531528,663.5609004950339
2532529,311.62330863347313
2533530,667.728442385371
2534531,621.9134623810501
2535532,626.6258886178555
2536533,386.5461734746644
2537534,657.0112837953635
2538535,658.4259908949201
2539536,651.8263459900197
2540537,323.6228520811532
2541538,632.8445939554504
2542539,649.6247170166738
2543540,616.9956362784623
2544541,536.1419948063528
2545542,334.31279717111545
2546543,464.4015898211686
2547544,335.34328525467896
2548545,326.82677369670984
2549546,428.2315276086213
2550547,296.4571062406408
2551548,329.42963121254314
2552549,639.0780212126643
2553550,436.66986920800025
2554551,601.3979666730743
2555552,309.9262108953718
2556553,653.4816265875404
2557554,445.3991501599307
2558555,650.3008242791351
2559556,663.686228982762
2560557,600.9924829466818
2561558,553.9405545828349
2562559,595.0794183538987
2563560,532.9797372830369
2564561,653.2591158878857
2565562,645.5723902834017
2566563,649.8942136537845
2567564,451.45769557427843
2568565,622.874300823083
2569566,272.263571213393
2570567,636.9820188852893
2571568,554.6673403747524
2572569,663.4802703277019
2573570,647.173120671849
2574571,647.6195911951011
2575572,500.70914890936746
2576573,636.9398622449459
2577574,668.7795861841573
2578575,630.7713288267923
2579576,654.0395044737573
2580577,667.1360086912973
2581578,280.4805421340608
2582579,301.83312332760613
2583580,624.7275223231119
2584581,605.3959778712538
2585582,662.8353441418894
2586583,246.39963211003533
2587584,655.4334647816353
2588585,663.4684871249758
2589586,657.8795309987846
2590587,652.6980550888346
2591588,658.818317426388
2592589,654.2086011071588
2593590,679.3120477655403
2594591,646.1980173457692
2595592,666.5132968782764
2596593,465.3425703950908
2597594,338.24255800909634
2598595,666.5104512674372
2599596,645.4170618821025
2600597,444.85918795420713
2601598,652.9346771692286
2602599,601.7687250549673
2603600,492.0254745265493
2604601,643.6407416198344
2605602,645.4099562864037
2606603,638.7460099684633
2607604,626.5115603923505
2608605,372.4058389064641
2609606,606.1701940115979
2610607,298.5478920708536
2611608,383.51988425914504
2612609,637.9676088381899
2613610,474.63591325490523
2614611,616.2564634094043
2615612,586.9492560643014
2616613,641.9797696872143
2617614,634.7119386827163
2618615,306.88086387760205
2619616,628.7405484588091
2620617,429.71753962949606
2621618,622.3719916507538
2622619,650.5670734024728
2623620,652.7216600831773
2624621,648.6722991508367
2625622,492.1898900516482
2626623,554.0485373469127
2627624,531.3038861512886
2628625,374.2822516105085
2629626,665.4590269525559
2630627,279.56118662863634
2631628,293.25114051635705
2632629,649.2550547796143
2633630,646.6406044019955
2634631,647.3203441578087
2635632,655.2228454981189
2636633,598.674611121377
2637634,611.5088023724755
2638635,624.3634157813615
2639636,633.3179970417477
2640637,615.3763124910307
2641638,634.8968199574512
2642639,576.3888233071273
2643640,633.8532284909926
2644641,239.60336787729335
2645642,633.643756537411
2646643,616.1721510679683
2647644,285.4192611006849
2648645,439.7371836705086
2649646,234.17958842913055
2650647,348.5243329278279
2651648,411.4384652468523
2652649,495.5399392296497
2653650,585.6550062780242
2654651,601.2146623012068
2655652,307.40382762673636
2656653,477.7762793243687
2657654,666.2542318961415
2658655,644.008715523134
2659656,653.6392951196578
2660657,553.7521452324685
2661658,630.7693287702972
2662659,316.97422598493097
2663660,558.9293816970177
2664661,629.0713153421202
2665662,658.5718982386483
2666663,625.369828119182
2667664,261.56103306488
2668665,620.6248270025832
2669666,573.6999269749524
2670667,623.3942026245957
2671668,642.3325778900687
2672669,659.3226014209308
2673670,646.8695179687231
2674671,631.8951349875433
2675672,656.4256930408878
2676673,623.7320935587168
2677674,621.0516389520071
2678675,645.6609111209668
2679676,632.1504536429785
2680677,198.63197900046424
2681678,422.90475577744985
2682679,458.6730360012258
2683680,545.6090681622758
2684681,629.8317474207709
2685682,675.9289896740339
2686683,587.8265955041248
2687684,649.1702314044946
2688685,525.3717530477561
2689686,644.9093539324576
2690687,442.4983713359099
2691688,647.4885708191748
2692689,637.5826833504861
2693690,637.149734543789
2694691,661.7962521436342
2695692,667.896865784632
2696693,523.446680610812
2697694,652.2577400605737
2698695,626.7716812610817
2699696,302.35590488304877
2700697,622.5104423588807
2701698,611.5073029253693
2702699,667.1325633319304
2703700,656.8860438552466
2704701,657.6038646603436
2705702,659.9209122538276
2706703,630.8477034068897
2707704,653.9104691474992
2708705,656.974623663117
2709706,603.7425751551342
2710707,503.25919636783635
2711708,667.5701602883923
2712709,442.191106116473
2713710,663.6205803257434
2714711,417.58042463140373
2715712,667.7587354746425
2716713,651.399555111981
2717714,634.360546233764
2718715,648.3665522821987
2719716,299.82668679602244
2720717,484.23626485853976
2721718,337.1880890056252
2722719,648.5161600946819
2723720,649.7009946883614
2724721,648.4178707163918
2725722,652.7006223733721
2726723,519.860992645075
2727724,517.3848968647501
2728725,646.20108377314
2729726,612.3783331965155
2730727,638.1012580230166
2731728,624.873606456666
2732729,566.6615871912211
2733730,258.5474164986179
2734731,649.296836562548
2735732,645.722160875221
2736733,634.7162608587229
2737734,635.0021765650396
2738735,583.0482825398851
2739736,627.8046487430158
2740737,533.9999472621531
2741738,676.682237088618
2742739,636.9327488157718
2743740,525.3921301767981
2744741,630.3192116806879
2745742,637.9291660435031
2746743,517.1225014524864
2747744,608.9978507621141
2748745,646.4723164136125
2749746,595.3887151803148
2750747,646.2457758116287
2751748,612.9364889640256
2752749,629.1609830365076
2753750,626.5525120344781
2754751,594.8124988736797
2755752,624.3955094289673
2756753,186.0675298991976
2757754,541.1376870225229
2758755,562.9909222543959
2759756,602.212969279081
2760757,636.5289751097274
2761758,315.5641961230399
2762759,630.0191972908422
2763760,659.5512074464533
2764761,616.9177812494426
2765762,625.6514784931022
2766763,222.91570405992402
2767764,430.79317745065936
2768765,608.0055772012088
2769766,622.6846017082855
2770767,610.4318651904093
2771768,386.24533957275213
2772769,348.92038442394494
2773770,605.3397430964819
2774771,623.9570833470491
2775772,556.6216621033335
2776773,628.9096866964816
2777774,588.8965404046912
2778775,639.3111958598827
2779776,648.0786322743426
2780777,636.8614186522981
2781778,609.2548664117603
2782779,600.1506022324487
2783780,596.797022035732
2784781,631.1650321743219
2785782,616.9772525442465
2786783,608.5911276291828
2787784,668.2778391552183
2788785,621.1798213682973
2789786,624.4267491396419
2790787,626.3458502387095
2791788,647.2909585000069
2792789,629.625627816524
2793790,609.0044061484937
2794791,629.9716595446989
2795792,648.4409497411258
2796793,456.4708088986013
2797794,629.9199581643402
2798795,614.3858974472295
2799796,635.9984288614166
2800797,635.0626929996527
2801798,396.6536067933483
2802799,657.7705232717531
2803800,532.0291276742779
2804801,621.9141413097485
2805802,542.6207772386988
2806803,514.9699487736469
2807804,641.7511766537021
2808805,646.4972306452778
2809806,528.2669406143699
2810807,512.2485350241757
2811808,663.6495581951988
2812809,598.1596200343797
2813810,620.5279463313922
2814811,640.4563673837005
2815812,468.5016238597782
2816813,596.6981977412606
2817814,621.1055316219453
2818815,638.2940649527163
2819816,620.5130010953316
2820817,618.626996372546
2821818,593.108503077092
2822819,601.4810169098226
2823820,597.8453654348225
2824821,628.3439583039608
2825822,657.1689492107865
2826823,390.29295540670466
2827824,637.8271814938594
2828825,660.1022570610561
2829826,644.1688083389811
2830827,337.51825978466417
2831828,474.01959614859857
2832829,617.2007995285909
2833830,617.4286196398939
2834831,621.1966302030538
2835832,636.3114460725487
2836833,635.953787084089
2837834,629.6741853307984
2838835,620.513276490057
2839836,644.2892547208312
2840837,614.6995710895161
2841838,484.6734341292465
2842839,651.9660984793136
2843840,563.4825206244166
2844841,481.24525137133844
2845842,612.3486721885356
2846843,340.14214515450556
2847844,642.1147781337551
2848845,326.8723243752603
2849846,615.2925093792271
2850847,545.002996473404
2851848,637.3159272999584
2852849,651.9707105733669
2853850,601.6568000815292
2854851,402.2243696704092
2855852,645.8233706377245
2856853,321.00681281198746
2857854,484.229593582205
2858855,248.61849757583354
2859856,417.47379855613053
2860857,322.5336768879531
2861858,610.8487415834617
2862859,372.88199740826207
2863860,634.4340109497701
2864861,666.4616781492464
2865862,644.6109021732756
2866863,403.1298266913324
2867864,670.1021854002606
2868865,626.8521893753568
2869866,666.9842900183801
2870867,653.4134355436239
2871868,655.3585857837155
2872869,265.4756154153328
2873870,658.2253706662118
2874871,675.2592268829558
2875872,570.1604225647783
2876873,596.7946644578486
2877874,658.1307506697965
2878875,679.1082423369218
2879876,495.0245728539582
2880877,656.3654553211253
2881878,571.4309158515778
2882879,210.4516957327607
2883880,665.7296805343155
2884881,606.150707561124
2885882,655.8157217888399
2886883,534.89344652394
2887884,663.1704285389249
2888885,647.9093898595739
2889886,571.189894391398
2890887,503.29648895168367
2891888,497.0263758781426
2892889,681.7788388150531
2893890,680.9830722733159
2894891,660.7090475550689
2895892,662.5363963087926
2896893,660.3680672861527
2897894,567.0371581272752
2898895,411.08769634496855
2899896,674.3542192606351
2900897,668.338809161319
2901898,646.6989201772427
2902899,682.5077834477794
2903900,455.2336437542535
2904901,656.6219660134822
2905902,652.9744219753495
2906903,641.3495331631145
2907904,596.8430823795308
2908905,661.2578276484054
2909906,626.4326699735461
2910907,650.0103299985362
2911908,645.5534463122892
2912909,610.457812780259
2913910,619.1239028230115
2914911,440.1664843828174
2915912,650.476635077981
2916913,640.3644149054974
2917914,429.1853763967684
2918915,612.0974247758412
2919916,654.7435628488337
2920917,627.0445792181192
2921918,653.7343831955822
2922919,638.8605581214782
2923920,685.3322903961152
2924921,655.8559915201026
2925922,498.545137167681
2926923,641.9566129461671
2927924,644.7471913455495
2928925,622.8055313074134
2929926,636.9065791677365
2930927,659.7763999046775
2931928,350.44257728202064
2932929,640.8447745917651
2933930,568.4775441268954
2934931,668.5238659655896
2935932,656.4440024118508
2936933,679.2087831422788
2937934,651.5883333524283
2938935,634.2048624142883
2939936,654.0731635410716
2940937,514.9092774384056
2941938,651.9013088500939
2942939,385.5371743799526
2943940,634.546364360064
2944941,626.1475967578456
2945942,636.3321786857608
2946943,649.6953680396532
2947944,654.070066367813
2948945,634.7109803132146
2949946,606.3954784972286
2950947,664.4010519704848
2951948,651.5557418934366
2952949,662.5064427089492
2953950,640.0574378084167
2954951,660.5339011399501
2955952,650.0563664191484
2956953,226.661613479096
2957954,669.5314206512135
2958955,653.3403421275044
2959956,665.345572719071
2960957,627.7711778203072
2961958,663.5724941343532
2962959,609.408634945028
2963960,668.7697588536413
2964961,658.8245316460667
2965962,644.65811859596
2966963,663.6596933572582
2967964,605.0399137536051
2968965,645.2431895846345
2969966,500.4559043266542
2970967,652.912580079316
2971968,637.5903632031667
2972969,653.3083677199436
2973970,647.4183373857495
2974971,250.50896960232262
2975972,638.7594545046251
2976973,565.0392459270104
2977974,677.2203969124455
2978975,361.89524491761466
2979976,450.15556801531125
2980977,671.2213271173624
2981978,645.4079051499415
2982979,677.0362734501115
2983980,496.46380145448234
2984981,629.2315693254816
2985982,609.6377248789555
2986983,253.48842020832086
2987984,664.5807485104738
2988985,644.9090592242127
2989986,677.3497374890018
2990987,663.5481703005375
2991988,275.30556320192414
2992989,590.3590476771344
2993990,642.6055791858494
2994991,435.28953614962086
2995992,565.8800596087248
2996993,198.5139195554
2997994,609.467954737581
2998995,642.826214124664
2999996,545.5096788169524
3000997,671.5225831548412
3001998,645.6375371910954
3002999,665.9271801352338
3004000,602.0972448356173
3005001,307.24981454414143
3006002,667.3009782626915
3007003,656.1114370519197
3008004,625.3968753794577
3009005,304.936300308077
3010006,539.2222040473408
3011007,624.8881133353993
3012008,657.2117159370225
3013009,236.54388331991237
3014010,626.3497435097511
3015011,661.6623029258661
3016012,647.4643392614404
3017013,549.9936253860266
3018014,673.1630144818506
3019015,395.21397624342603
3020016,208.9203235470895
3021017,284.17676425392034
3022018,674.8436902414658
3023019,646.7882131681362
3024020,667.5274866418285
3025021,640.4353430307173
3026022,318.647709966582
3027023,600.9243089772162
3028024,433.4470177069674
3029025,669.620853334065
3030026,656.897507500578
3031027,632.3310158203653
3032028,598.6632112082618
3033029,644.6157637913162
3034030,353.0138477370273
3035031,418.8915059762627
3036032,648.7213690314113
3037033,670.0868145498155
3038034,663.2188071691888
3039035,678.3542550243776
3040036,664.9256040476264
3041037,635.8602942705523
3042038,537.3520242361803
3043039,633.7747234484788
3044040,641.9258395423641
3045041,611.8211123566576
3046042,643.6537927121644
3047043,630.9489560456165
3048044,628.4947631292965
3049045,644.2767661814113
3050046,521.2258185626437
3051047,434.95008709960507
3052048,561.8838017799584
3053049,624.4450136126308
3054050,620.9870310136397
3055051,324.61216683624593
3056052,623.0153200349823
3057053,621.085712947042
3058054,377.21686427175035
3059055,318.6447286460571
3060056,620.4825314145668
3061057,584.0464143045097
3062058,615.3408577232406
3063059,653.7426215277704
3064060,618.4769660266935
3065061,636.8661586589858
3066062,597.4434622132771
3067063,624.9349988435364
3068064,293.29157285200927
3069065,653.6103504234859
3070066,282.3308834900846
3071067,673.060666759421
3072068,393.2169261493359
3073069,336.39819518717013
3074070,653.5439588019591
3075071,652.9934134937346
3076072,636.6094208919948
3077073,490.5129933149369
3078074,597.3774091509774
3079075,560.941017312196
3080076,643.5822525465081
3081077,658.0912004330287
3082078,594.5436903104529
3083079,682.4921976713085
3084080,626.3038154051865
3085081,661.6189758585266
3086082,446.12862143714295
3087083,677.581512396684
3088084,684.1386996258053
3089085,671.3380102767084
3090086,665.3782520059445
3091087,628.752187309631
3092088,637.4319019078364
3093089,605.3171600260152
3094090,649.1699208808278
3095091,489.3156336728632
3096092,621.9086058699082
3097093,645.9888116656499
3098094,272.2478417165438
3099095,568.1102428920088
3100096,344.3598036290228
3101097,612.4659114280814
3102098,575.6089105669733
3103099,468.74309849517164
3104100,593.370498504407
3105101,558.8768741368896
3106102,375.11768576502186
3107103,490.5272151131746
3108104,644.7800679658814
3109105,437.11309802366105
3110106,662.1937784989317
3111107,653.7316542940714
3112108,641.8569451458958
3113109,409.2946389332967
3114110,630.9995370640856
3115111,656.4411211381018
3116112,602.943770414089
3117113,582.0717038494439
3118114,485.3216593491606
3119115,445.3153432503003
3120116,577.3358955023297
3121117,480.42633735744505
3122118,571.8602596364854
3123119,569.7639604527191
3124120,529.2593542053789
3125121,335.7749703966739
3126122,574.997170833055
3127123,560.8278965849241
3128124,576.8016948956224
3129125,347.67629235515096
3130126,520.0377271389202
3131127,558.1149502699991
3132128,541.788946654977
3133129,226.37305206311015
3134130,588.3871280670896
3135131,387.6962672561104
3136132,614.4996301920329
3137133,616.2356981162962
3138134,586.0731672166029
3139135,616.3688277224614
3140136,641.6301918145616
3141137,335.83243675607474
3142138,539.0617127234908
3143139,656.0598614113381
3144140,667.9226754493213
3145141,637.9683515279838
3146142,665.0694916400155
3147143,641.9176698674545
3148144,570.8312153775981
3149145,650.4543160885247
3150146,646.3421861738125
3151147,658.3086996265235
3152148,436.7149553985596
3153149,522.7016973353568
3154150,664.6389598226505
3155151,610.6858580507892
3156152,652.9195114641619
3157153,653.0674608114208
3158154,526.4382142049097
3159155,252.324004098861
3160156,620.3824390242306
3161157,659.7757040913382
3162158,459.0410150540605
3163159,624.3174912397969
3164160,666.4346322520613
3165161,660.9563810117716
3166162,649.5530142779012
3167163,629.7678065982005
3168164,632.0840259851233
3169165,667.6780246018035
3170166,467.64681890164803
3171167,668.8436041253815
3172168,679.5838810008305
3173169,650.8833780882352
3174170,678.4816487565954
3175171,660.2972540400586
3176172,678.9994573664816
3177173,678.0394562317989
3178174,673.4042317331441
3179175,627.677105956891
3180176,281.800615952926
3181177,655.9443311512986
3182178,226.8250477894028
3183179,661.005086759484
3184180,673.9478575958659
3185181,659.440947005571
3186182,680.9445924379157
3187183,671.325067591562
3188184,677.4650326654104
3189185,685.5391945190652
3190186,655.4575957880895
3191187,680.1637152127133
3192188,612.6768207488785
3193189,670.4685222903262
3194190,658.7281314984598
3195191,659.4099817239876
3196192,679.672290570426
3197193,688.1437709658236
3198194,666.849908564423
3199195,657.083321211358
3200196,545.6221592591914
3201197,659.3135661780112
3202198,660.1722295798725
3203199,653.0712881560689
3204200,386.5840765037176
3205201,669.2755261862065
3206202,374.4771818395021
3207203,666.2640320507484
3208204,664.7051994351455
3209205,640.1868780539189
3210206,606.0541544066876
3211207,438.79184415467
3212208,648.3245110164553
3213209,653.2305630205553
3214210,645.9417146750036
3215211,656.5073253796805
3216212,599.9437313808211
3217213,192.3315650512736
3218214,371.3324630490405
3219215,632.6110588850643
3220216,605.5585775214827
3221217,407.4586452804587
3222218,520.9261124433733
3223219,456.3591265422131
3224220,635.73047676558
3225221,535.2729068375511
3226222,664.3487564622301
3227223,623.2096663736933
3228224,647.9887146476206
3229225,650.2910657117477
3230226,474.37000951133064
3231227,552.4013849097989
3232228,550.0299062827769
3233229,550.5329254918533
3234230,606.8400141399309
3235231,617.6588748875583
3236232,629.2183540749475
3237233,631.1990274616631
3238234,210.35321198207006
3239235,640.4345105774042
3240236,456.96942865759877
3241237,636.4883892984438
3242238,673.3211066027183
3243239,627.994299990781
3244240,317.22082481439855
3245241,273.60929496334506
3246242,209.81152482853938
3247243,408.99112814652705
3248244,462.6080114784567
3249245,511.78334935548264
3250246,612.5168000041681
3251247,542.3514725103914
3252248,652.9484112692176
3253249,626.4317975205205
3254250,633.2938386130481
3255251,627.7924625813681
3256252,649.984083546259
3257253,639.449208136577
3258254,647.7994213632356
3259255,416.75924821376697
3260256,638.2263668319368
3261257,654.703463352809
3262258,622.9826102218104
3263259,661.4087558026604
3264260,625.0553165309669
3265261,649.4500002996969
3266262,529.1926584075253
3267263,638.5283631351367
3268264,648.2240496940301
3269265,498.72663772132756
3270266,581.7453615907751
3271267,666.941820641417
3272268,642.3032460175398
3273269,444.3537122320348
3274270,665.6954951414712
3275271,675.3337079700649
3276272,659.1140488252938
3277273,286.54674580525904
3278274,676.6400085936727
3279275,627.3467048397698
3280276,236.0117640185369
3281277,663.8565248533433
3282278,513.8497811795077
3283279,653.928220053477
3284280,653.1190135792237
3285281,612.6656223827822
3286282,681.5372105255022
3287283,671.2581923411723
3288284,423.2603140800072
3289285,676.3112001336397
3290286,673.1598383605694
3291287,434.9537640648642
3292288,536.2230375774179
3293289,677.6764488288934
3294290,651.3067228521778
3295291,677.1593920316418
3296292,670.7850369441043
3297293,649.7591026505415
3298294,670.9556017182335
3299295,648.5924220762114
3300296,667.9607533237486
3301297,649.0289088374825
3302298,662.1112790930899
3303299,677.4946140880949
3304300,647.9886130189091
3305301,667.2052280020166
3306302,656.2760438026586
3307303,674.4059029756693
3308304,648.7060007832266
3309305,634.0195945995107
3310306,626.506135671601
3311307,585.8791601961977
3312308,447.242205520728
3313309,465.70081241876426
3314310,424.7370750675337
3315311,675.2437644642055
3316312,656.8080080394276
3317313,677.0400238128118
3318314,646.6565145110329
3319315,660.3067021483329
3320316,654.3344402250654
3321317,628.6782146198905
3322318,592.0721700380633
3323319,651.9019046932086
3324320,384.56679033753716
3325321,558.5300137391233
3326322,634.1674756534912
3327323,613.6656724791708
3328324,633.3566344049241
3329325,583.5692462072376
3330326,481.201266984671
3331327,573.6315894028578
3332328,592.5056113746489
3333329,617.0008319980814
3334330,615.8375845311466
3335331,622.2821233342062
3336332,620.21942146907
3337333,630.9599876229971
3338334,461.78808983424864
3339335,611.1546866339195
3340336,661.1661114341942
3341337,603.7376274921716
3342338,618.2003176340821
3343339,645.011574801414
3344340,668.3687681364983
3345341,441.2980714676303
3346342,665.3418929727861
3347343,674.7437502005471
3348344,613.0043979815879
3349345,453.35310226561546
3350346,239.45810622593734
3351347,669.0447980921211
3352348,627.8375693062551
3353349,609.795041733367
3354350,667.8565840281132
3355351,647.9917381323658
3356352,669.7967371928028
3357353,276.92997216532194
3358354,665.5580904044608
3359355,654.7482441627783
3360356,670.0304180125822
3361357,656.990443918088
3362358,677.4858459897225
3363359,236.29556067517981
3364360,666.6009967135554
3365361,658.3002819945924
3366362,640.068110394649
3367363,547.6243564411396
3368364,651.5008363703067
3369365,644.0836191276429
3370366,647.2984691015923
3371367,629.2755411503321
3372368,630.9238951917201
3373369,642.6405401570618
3374370,678.5922519164914
3375371,650.634289650069
3376372,646.0490308716471
3377373,669.7473700056577
3378374,662.4019406298193
3379375,658.419756489999
3380376,657.3295987929388
3381377,675.1498840090101
3382378,641.7062669612168
3383379,666.8131034557636
3384380,658.300642606373
3385381,662.6440390764966
3386382,656.6806284740333
3387383,664.8482992381496
3388384,294.3858010572004
3389385,638.811624033965
3390386,570.7162003678848
3391387,653.3384414963357
3392388,652.7171396401653
3393389,666.1723870122864
3394390,648.1748768451649
3395391,294.56425746770765
3396392,653.6972951052877
3397393,634.2370157254644
3398394,637.3457478156298
3399395,644.1052931764001
3400396,620.6808629018254
3401397,627.874025792901
3402398,647.5688767875662
3403399,662.323180183473
3404400,620.15561968498
3405401,650.7901080318059
3406402,561.4979867015342
3407403,648.5348324893072
3408404,624.8340234285364
3409405,639.2346621827083
3410406,632.4402527558642
3411407,657.0118594706424
3412408,640.3405130711011
3413409,614.3171389946609
3414410,611.637984366985
3415411,574.2818017587183
3416412,566.2578720030394
3417413,254.77926954484175
3418414,450.8255511801728
3419415,582.8717104955864
3420416,209.00927956659953
3421417,601.3660691903393
3422418,593.7849755548082
3423419,270.9182400185246
3424420,589.2423226952307
3425421,454.1514917939624
3426422,579.1370700258057
3427423,629.1746641929794
3428424,599.0114788260322
3429425,365.20086535887845
3430426,402.7344900709524
3431427,619.8215562460506
3432428,504.6898211026896
3433429,332.3118361033732
3434430,616.6251638771658
3435431,642.648185243247
3436432,648.0762091889775
3437433,509.06455192745716
3438434,628.3698909463283
3439435,494.4149316084867
3440436,619.3610924167851
3441437,441.8357762897509
3442438,609.9992093023129
3443439,511.0211082328453
3444440,615.3776370961789
3445441,639.4548629859544
3446442,412.068985462331
3447443,277.92627607274176
3448444,233.68935106142638
3449445,638.0351230196195
3450446,617.6962786527196
3451447,475.2932765373173
3452448,608.4459877898803
3453449,591.3310001755437
3454450,309.45762043138063
3455451,179.37432619117013
3456452,510.4376008370044
3457453,593.7943038518815
3458454,632.6062457741114
3459455,659.3240425951007
3460456,652.2246498522288
3461457,344.49366526548414
3462458,639.0435932590736
3463459,642.3320639884497
3464460,403.9182118401489
3465461,638.0144814990006
3466462,455.33577495345014
3467463,634.5128402453904
3468464,627.5956274385311
3469465,613.387470383837
3470466,514.4506921005622
3471467,661.1128427878615
3472468,669.45342421814
3473469,653.213879473168
3474470,584.4859862207186
3475471,627.5393165057045
3476472,647.2557743901657
3477473,622.7146560004413
3478474,650.7142818688737
3479475,650.4360680928683
3480476,655.3710238870274
3481477,622.9343770260098
3482478,667.267796414144
3483479,622.3960526278614
3484480,647.1915761840384
3485481,657.4558634249317
3486482,673.4996972571231
3487483,654.4804197719287
3488484,660.2891331270067
3489485,630.9014943010131
3490486,580.5662256863562
3491487,644.7354752211694
3492488,574.6844473007786
3493489,469.20922761693015
3494490,671.8322684055445
3495491,595.9291080086231
3496492,648.2261907017655
3497493,668.0777636236273
3498494,667.1590766306996
3499495,673.1431989681261
3500496,649.8880105325856
3501497,522.977739884047
3502498,673.1966669942333
3503499,672.9051164899117
3504500,657.0816511661066
3505501,392.0015517201959
3506502,659.8697468209981
3507503,652.9365964652978
3508504,665.4075946104119
3509505,658.3903446656458
3510506,663.5190384430301
3511507,652.6390322889678
3512508,652.3318260707758
3513509,650.3196497137949
3514510,646.2789999873484
3515511,615.880054118697
3516512,668.6320320710163
3517513,668.0125587351771
3518514,634.4228759017229
3519515,630.0286390068392
3520516,644.3319244603282
3521517,659.2879459239848
3522518,632.7597680162859
3523519,473.34528279243983
3524520,659.5938940647695
3525521,646.1577739545703
3526522,491.28731205241746
3527523,280.6141629794238
3528524,621.3285318478326
3529525,562.6788355943154
3530526,425.9176820494118
3531527,342.0300857377553
3532528,650.5683546645272
3533529,529.5684542016262
3534530,609.5467074125502
3535531,248.79163639063324
3536532,572.1254157561474
3537533,638.6463766101203
3538534,368.27566337077474
3539535,665.3680690367586
3540536,343.68125550683015
3541537,622.0241177364583
3542538,632.3537727860474
3543539,585.2011775263502
3544540,279.9238125292259
3545541,621.6365312301182
3546542,656.9033071151225
3547543,490.89935706133735
3548544,649.3272203077098
3549545,624.0320181110379
3550546,387.9719832241311
3551547,437.8758813638032
3552548,504.0751988840689
3553549,639.9374461432287
3554550,563.2179942187952
3555551,564.905767041199
3556552,665.0490438955535
3557553,668.4947343804538
3558554,639.0999790598628
3559555,651.0878482595851
3560556,630.9706556403942
3561557,673.0005990627307
3562558,636.4714364940344
3563559,673.1357251262706
3564560,632.190110402963
3565561,588.9554190457718
3566562,655.1493824863489
3567563,661.7068720038723
3568564,298.13633464343604
3569565,642.1225862897495
3570566,574.2369710476245
3571567,485.2630887113756
3572568,642.4597359478571
3573569,399.9923904977936
3574570,418.38482978489316
3575571,616.6532266456124
3576572,628.3153197769716
3577573,259.94841254148736
3578574,641.5743375342641
3579575,380.6194346879673
3580576,619.241994837885
3581577,663.7315017688859
3582578,653.3684675104487
3583579,641.8263940025175
3584580,614.3708132418507
3585581,633.975773369231
3586582,428.9706191686141
3587583,386.47672826071846
3588584,306.6354730847266
3589585,628.1704956027373
3590586,564.0012872480734
3591587,576.9979188754826
3592588,622.6263457537922
3593589,337.04035100714907
3594590,446.0295780167591
3595591,319.4546294854868
3596592,284.3000050921079
3597593,614.4277122284857
3598594,414.4627876601459
3599595,479.9071968124082
3600596,645.3737849847965
3601597,617.8658044905081
3602598,254.37237698529597
3603599,320.29096781282146
3604600,326.6506759237652
3605601,595.2766478971139
3606602,586.313294824028
3607603,327.1987953163585
3608604,645.9743040182275
3609605,262.5766506366224
3610606,302.0347320411936
3611607,614.3853264129118
3612608,453.28057522255403
3613609,596.5795115826286
3614610,627.5534121365982
3615611,461.07449630387873
3616612,631.1943617975247
3617613,304.7269264195283
3618614,363.79012484250643
3619615,574.919718019144
3620616,572.4038227417025
3621617,361.3229994865228
3622618,643.2471690804161
3623619,611.4645734976788
3624620,333.68792844832774
3625621,619.5850748952616
3626622,623.9470157508879
3627623,667.471702332869
3628624,625.2113232454292
3629625,639.5393245682865
3630626,615.8302246257825
3631627,427.34122790347806
3632628,621.4611640311883
3633629,631.124371588587
3634630,554.2847991494212
3635631,407.1098302792442
3636632,541.2679490306327
3637633,505.8166607171256
3638634,514.8820697775676
3639635,574.0029361256068
3640636,614.6645959379827
3641637,605.6988409293637
3642638,510.8583527502715
3643639,626.7520049762205
3644640,488.77688438456426
3645641,635.3222697355772
3646642,591.3154715940371
3647643,608.6918689517312
3648644,591.7930531520478
3649645,517.9779007555827
3650646,610.9101734719301
3651647,583.3548403218008
3652648,505.8979232397119
3653649,617.4411940698543
3654650,377.6878770959976
3655651,507.06608749081636
3656652,626.3336098944316
3657653,624.5097297120158
3658654,374.07937807335
3659655,588.0472036487733
3660656,625.3559308656611
3661657,493.41700281017097
3662658,637.5290219002018
3663659,601.8801876285152
3664660,622.0595876623626
3665661,675.77495544493
3666662,410.40014182556143
3667663,625.3674348609089
3668664,616.252815162211
3669665,529.7610432665238
3670666,614.7454164865088
3671667,447.34595613439467
3672668,599.9243801589016
3673669,658.7578079686491
3674670,624.5111469422656
3675671,117.96842501453574
3676672,500.03227034108994
3677673,644.5687746217355
3678674,600.5162249147729
3679675,632.9758102159473
3680676,588.4090564423212
3681677,634.2129630531713
3682678,594.5480607723837
3683679,646.899440342314
3684680,457.5338544486745
3685681,639.2170990973618
3686682,599.9431730467085
3687683,621.1203673953466
3688684,540.4868464064949
3689685,429.8759709127254
3690686,589.8484327381648
3691687,632.6059518370488
3692688,629.4645857757238
3693689,643.0089580608764
3694690,471.7791720607423
3695691,591.0951264797714
3696692,644.60208796197
3697693,602.2345902204976
3698694,311.56811813097045
3699695,530.877192189915
3700696,594.1998393182379
3701697,560.797927824726
3702698,616.9417521460239
3703699,501.7102220086944
3704700,626.7955764020764
3705701,611.2644910164253
3706702,651.0091599348934
3707703,617.8713827850211
3708704,632.001380279752
3709705,641.7228254451815
3710706,586.3884695795456
3711707,626.5241353708107
3712708,639.9556619635819
3713709,644.474368100558
3714710,611.2697360732923
3715711,633.1786504895726
3716712,600.1221840992438
3717713,574.5594478651383
3718714,638.1733195385038
3719715,632.1188775001591
3720716,599.7371694044905
3721717,287.5923591966077
3722718,569.5045868625875
3723719,612.3353002909032
3724720,617.0932341919375
3725721,603.0722656679525
3726722,514.088627573567
3727723,449.46356898667216
3728724,610.1084585478299
3729725,592.3811707777472
3730726,602.5706433069564
3731727,352.311150004106
3732728,436.8799285276784
3733729,597.5188400457981
3734730,639.8733219046953
3735731,323.46579485227824
3736732,602.877677534443
3737733,622.9729373338829
3738734,615.9436623865442
3739735,655.201797355377
3740736,473.5296346729765
3741737,655.0698201583534
3742738,632.4042130895523
3743739,628.2148691102005
3744740,599.7991330783894
3745741,603.4609738377943
3746742,646.503754603661
3747743,586.8755396315701
3748744,242.68761611565387
3749745,454.1385292080393
3750746,262.18243246008745
3751747,578.0633122082676
3752748,582.4907001147757
3753749,334.7831539308683
3754750,443.4605926710708
3755751,553.3318854294597
3756752,423.1754182481184
3757753,608.9164567889702
3758754,607.741697796104
3759755,634.7341321047754
3760756,637.0071125338213
3761757,615.141289324917
3762758,605.4422245574041
3763759,599.0758240707731
3764760,626.8775811857687
3765761,621.0449853070465
3766762,631.52267003669
3767763,626.9605437032886
3768764,676.3283049496495
3769765,656.3298862729154
3770766,667.8478780678793
3771767,676.9032839735419
3772768,677.2694766343428
3773769,628.6727939334711
3774770,620.2360068586939
3775771,664.3546978741889
3776772,634.8771734929637
3777773,617.1777088103686
3778774,658.8756132132651
3779775,493.32024368354087
3780776,638.9864967971823
3781777,527.4441174175007
3782778,669.3072330722907
3783779,675.4763351137078
3784780,648.4947505400968
3785781,665.0901320657879
3786782,606.6466929319815
3787783,650.484213101779
3788784,634.1400595770186
3789785,664.4724879501628
3790786,670.2954354948781
3791787,659.1335164539611
3792788,677.4349080522251
3793789,537.0950457424175
3794790,326.5790820922634
3795791,661.5487999225606
3796792,387.6646211201693
3797793,671.1646050649151
3798794,663.89238594493
3799795,622.8782773908823
3800796,618.5869841251006
3801797,650.2840783563086
3802798,644.9683529645756
3803799,629.9360070437808
3804800,658.4231120653056
3805801,598.1285769042811
3806802,665.0973349810697
3807803,633.7345512241803
3808804,648.600532201656
3809805,666.4750268486749
3810806,644.6033525587866
3811807,635.5844658867466
3812808,671.8728189769201
3813809,678.6559574310596
3814810,674.3646498907515
3815811,654.9069117944587
3816812,670.743631004538
3817813,663.1691077958158
3818814,643.1277695787102
3819815,569.8310749253744
3820816,641.6147707830623
3821817,669.9359122244572
3822818,645.4359179321236
3823819,661.935745216429
3824820,544.4600270233191
3825821,670.9229548262322
3826822,642.7961917237211
3827823,650.8191914133217
3828824,675.2458997356039
3829825,649.7027054192492
3830826,624.6166616318219
3831827,677.667337028069
3832828,654.0224949836692
3833829,651.4226793465942
3834830,668.0170748309292
3835831,426.71897840672284
3836832,650.0165356350074
3837833,643.6442220923202
3838834,644.6806924345768
3839835,667.8399508197137
3840836,592.2605095421299
3841837,389.7121034794112
3842838,620.2765197046899
3843839,660.146347401691
3844840,643.0679856119581
3845841,625.4135824873233
3846842,660.1163953946642
3847843,637.1463023725753
3848844,628.084303783835
3849845,616.4566176402501
3850846,603.5801376313158
3851847,617.6102623950345
3852848,639.1536999470678
3853849,611.6020345971128
3854850,638.2613450662308
3855851,647.034768055008
3856852,611.3810690883892
3857853,620.4951708383261
3858854,607.1805173128294
3859855,604.8000077671394
3860856,509.06864085257
3861857,520.4956573974878
3862858,630.4979631937143
3863859,618.3221640004434
3864860,463.348719320004
3865861,640.2436610211034
3866862,250.79038772307518
3867863,515.9582135849686
3868864,617.270651623599
3869865,658.6988220498544
3870866,576.1238513956924
3871867,599.321879265522
3872868,204.412891851512
3873869,649.4465411374039
3874870,618.8194068947953
3875871,196.14991187767794
3876872,636.2136541840908
3877873,321.49472481555324
3878874,223.6579555624963
3879875,608.5210362778904
3880876,578.0989428747397
3881877,629.1440004322758
3882878,637.2754345072752
3883879,596.7997747477278
3884880,139.4678915252279
3885881,623.3793610949245
3886882,586.3100242467125
3887883,518.9161853779757
3888884,585.9596291628989
3889885,618.756734621278
3890886,629.7425280535512
3891887,641.3856134028697
3892888,273.9534366115164
3893889,673.520610838508
3894890,612.3532229932306
3895891,654.497993742648
3896892,612.173354796341
3897893,199.6019910437009
3898894,192.05355310572483
3899895,312.53266836001336
3900896,626.600923026574
3901897,633.0412344477586
3902898,637.8209033289364
3903899,647.809514309615
3904900,646.4633528325297
3905901,449.80916917225693
3906902,573.1105030014497
3907903,618.4074847762237
3908904,208.69132585013583
3909905,218.27283463657167
3910906,597.8304639188916
3911907,667.2735235676724
3912908,624.5658127974366
3913909,380.48337017607747
3914910,647.89886118184
3915911,665.7545723599095
3916912,595.5096100751113
3917913,641.7526092553929
3918914,657.0189378990301
3919915,640.5260276365565
3920916,630.5910337348316
3921917,640.4153194458075
3922918,250.68467882539025
3923919,685.3279079760674
3924920,629.4238456311369
3925921,671.2531894745528
3926922,654.8602615409231
3927923,638.3854654507363
3928924,593.2980136095924
3929925,639.1136694236044
3930926,635.2759366755323
3931927,645.4687736167119
3932928,574.7206991549422
3933929,647.471234859456
3934930,609.6591815629835
3935931,672.6539000013665
3936932,660.6045612013304
3937933,635.7201978258387
3938934,635.9495428472122
3939935,610.7867418218541
3940936,658.8445796932835
3941937,618.0600405116683
3942938,628.4275357184216
3943939,633.9015125805748
3944940,623.1212572325935
3945941,625.3363658795357
3946942,632.6441678069511
3947943,627.5042289695972
3948944,619.0161862155055
3949945,468.6684270376463
3950946,632.4505760497174
3951947,229.68680794818698
3952948,640.9533874440236
3953949,666.8301058715302
3954950,646.1721548574365
3955951,652.1650798586519
3956952,630.333071091482
3957953,475.8775279531483
3958954,652.4876395708773
3959955,638.7167335377125
3960956,640.6830713345001
3961957,642.8253329386476
3962958,645.418115995803
3963959,644.0161747508057
3964960,645.8693317942009
3965961,629.0588230810201
3966962,615.5766523213074
3967963,627.5718575444095
3968964,599.4765844059909
3969965,629.0832272786718
3970966,633.1951106477047
3971967,657.8679353017651
3972968,646.2785090486161
3973969,635.8944584018
3974970,634.8660001307212
3975971,620.2325722339672
3976972,608.2198724323573
3977973,674.4984831657699
3978974,632.4976150842974
3979975,654.1995961889878
3980976,639.7066087277217
3981977,624.8347096339745
3982978,637.6384728635406
3983979,632.5929256649393
3984980,633.2095226155254
3985981,535.7866216300466
3986982,610.3160289733831
3987983,641.4092955684876
3988984,656.6336312391829
3989985,612.3803604873063
3990986,616.2392301541762
3991987,607.5063099847632
3992988,491.3699384631384
3993989,492.09917369762616
3994990,582.0346300746372
3995991,612.3205771986078
3996992,626.054310807992
3997993,631.7610337263532
3998994,613.2070862583337
3999995,586.6080245245815
4000996,605.5813642085917
4001997,380.99682408380806
4002998,599.2289466003646
4003999,598.8286828838227
4005000,629.9035340326757
4006001,621.2462930075876
4007002,311.1642186810587
4008003,591.1539712126486
4009004,562.3000613395711
4010005,569.735514401154
4011006,595.857567267535
4012007,577.1938066730761
4013008,607.0789850814385
4014009,536.3427090119252
4015010,364.9280246611029
4016011,399.91187047930435
4017012,488.21522784547403
4018013,454.02116845364515
4019014,408.1580807482582
4020015,617.3343973300794
4021016,380.04105029750986
4022017,577.4463724821035
4023018,596.9547391474026
4024019,632.6171766498356
4025020,606.2863365857884
4026021,590.1309711976104
4027022,589.2312485862205
4028023,458.2250992271092
4029024,619.3675858364534
4030025,618.980722201702
4031026,629.0630070366167
4032027,563.6086572993443
4033028,525.4330105892966
4034029,629.77950960813
4035030,616.0278880149907
4036031,613.8692063760903
4037032,606.9927136375001
4038033,605.5752802020857
4039034,445.20791993452997
4040035,603.0581983493495
4041036,621.422041331007
4042037,620.8406412110805
4043038,609.3272547320845
4044039,612.6290555987737
4045040,634.3251968204073
4046041,605.5268555512312
4047042,629.9535699862201
4048043,624.821907558787
4049044,612.8747150820144
4050045,614.454948611354
4051046,563.7034803376193
4052047,603.2683275035815
4053048,517.3037915477951
4054049,165.0931258778658
4055050,624.1844984137913
4056051,614.8482769598771
4057052,601.1836256139184
4058053,184.99750961817887
4059054,613.7760702580902
4060055,587.782788762421
4061056,614.3797164735919
4062057,603.410659839657
4063058,523.8780713335583
4064059,558.7303844639652
4065060,598.501276937752
4066061,570.1609240783156
4067062,547.9032670883356
4068063,614.3289305130928
4069064,310.25018336421186
4070065,537.9164055606684
4071066,636.5780585413964
4072067,625.0184647342859
4073068,511.0634294250627
4074069,246.73271794318802
4075070,607.487862128911
4076071,639.0460342985558
4077072,638.0617224231609
4078073,604.1967618416347
4079074,207.3024952896126
4080075,643.6751368399692
4081076,632.5746644896761
4082077,451.8252167584166
4083078,564.9734019721207
4084079,445.92013998860557
4085080,540.300225352331
4086081,600.2428697081598
4087082,627.7636437803601
4088083,632.1234489956912
4089084,227.92817974552113
4090085,619.0914872617908
4091086,595.3436324029029
4092087,600.9429164628322
4093088,607.9391682736764
4094089,615.9840770371501
4095090,431.9152050780292
4096091,625.828587453594
4097092,634.1758316860984
4098093,315.40042207367213
4099094,239.96883045856106
4100095,636.4822096837776
4101096,619.7346563592059
4102097,643.977386551833
4103098,635.5717233953482
4104099,656.7193871521955
4105100,667.5701281124758
4106101,642.7409748809642
4107102,622.9642524762286
4108103,654.8328297664942
4109104,639.66128859047
4110105,635.6326434437973
4111106,609.5286198496046
4112107,606.696544302453
4113108,620.4758213780749
4114109,258.2361732546158
4115110,643.138120943402
4116111,646.6127885614682
4117112,632.1201737539908
4118113,622.1037227652525
4119114,631.5941953897235
4120115,634.3779426511907
4121116,638.0623147329303
4122117,629.7067527704634
4123118,611.4943955220957
4124119,619.3741517701801
4125120,635.5431612865455
4126121,536.363401392236
4127122,622.0520809593642
4128123,249.25657247875307
4129124,655.6031789539288
4130125,224.55134743094607
4131126,266.102184917254
4132127,619.1176618177036
4133128,632.3273620962165
4134129,643.4167180638502
4135130,633.3454672108847
4136131,639.2357323962842
4137132,649.3980965008654
4138133,632.441222681373
4139134,326.7361286491941
4140135,641.0280981041639
4141136,533.1106367750381
4142137,621.2606001856941
4143138,624.6778701022581
4144139,608.0094473162794
4145140,632.6257348915135
4146141,424.52174405409096
4147142,650.2331407621556
4148143,492.39690885066193
4149144,653.3519889384665
4150145,645.9691899919665
4151146,266.1342305205201
4152147,646.9652397927771
4153148,655.5136830200651
4154149,642.5818728742335
4155150,321.1738245412568
4156151,657.3888894952141
4157152,646.9273448042406
4158153,627.6678933440282
4159154,646.6858290168658
4160155,658.0210927497211
4161156,653.208206622306
4162157,644.653903305805
4163158,651.5918350955898
4164159,648.6127892955259
4165160,655.9620470285278
4166161,632.4978489808913
4167162,644.1854298194503
4168163,661.7938497214056
4169164,649.4590727116961
4170165,414.54475698623196
4171166,663.0018206667795
4172167,665.6897209521477
4173168,639.514287357192
4174169,673.2702036848004
4175170,650.6168056146781
4176171,673.5010011387989
4177172,650.1252314735196
4178173,659.144698400609
4179174,662.4735602329702
4180175,680.9958774067009
4181176,661.7998906972067
4182177,667.7729537573398
4183178,668.9419576999718
4184179,672.934978115981
4185180,674.8933070664331
4186181,682.0109175344583
4187182,684.9941789943696
4188183,657.4930023057584
4189184,647.6268901057897
4190185,663.6037299220193
4191186,677.456216011719
4192187,282.4854934599048
4193188,660.4598962761739
4194189,670.9555998531589
4195190,667.5040894676287
4196191,658.0877226312871
4197192,522.5199032878558
4198193,655.4665075451911
4199194,655.2761817636871
4200195,668.0089533225281
4201196,683.884875952462
4202197,414.4418373376532
4203198,653.2242479861253
4204199,622.117729070781
4205200,665.6503307073477
4206201,226.9804684572785
4207202,267.9022831942522
4208203,649.4379524346502
4209204,306.5549752076264
4210205,680.21975960275
4211206,669.9205286851455
4212207,668.1698441054389
4213208,653.7286894478584
4214209,188.75786737476378
4215210,664.8847711006089
4216211,250.5660778728128
4217212,639.3527001424321
4218213,640.5361190790109
4219214,675.5758609482292
4220215,444.02738876714847
4221216,655.1359968922989
4222217,668.8801382468423
4223218,661.0051824622138
4224219,666.4596432971352
4225220,667.6175471785187
4226221,669.9684063877659
4227222,670.041279062386
4228223,671.5048616956918
4229224,640.6819658424961
4230225,644.9636294187738
4231226,645.1553231155228
4232227,380.3520841123319
4233228,664.3158582226174
4234229,209.8394667184458
4235230,254.13987671886284
4236231,320.8538345129554
4237232,546.5673703507915
4238233,589.0492574942547
4239234,660.3060827199256
4240235,659.2036379009382
4241236,373.03971008447985
4242237,646.3393570069468
4243238,669.482089673716
4244239,278.14610582245575
4245240,610.2710344101592
4246241,202.21751337169522
4247242,225.83214683653324
4248243,452.23219629674475
4249244,388.6456698188365
4250245,600.0815411092866
4251246,631.2138161339229
4252247,318.94127603133154
4253248,534.5052570308846
4254249,654.2227425894938
4255250,650.2209095725829
4256251,662.8388483230456
4257252,662.6318167125559
4258253,351.7793957911254
4259254,635.1439502795463
4260255,620.5948012558883
4261256,482.9752424851965
4262257,457.4488687857043
4263258,253.28611202803427
4264259,531.3797462324584
4265260,529.1929009442097
4266261,657.1565470180801
4267262,672.1881956795519
4268263,631.9365504954607
4269264,537.3526360362487
4270265,667.1614866109794
4271266,306.5428835053305
4272267,442.9424739738943
4273268,531.5691768763735
4274269,654.6256015832319
4275270,299.96284441477684
4276271,661.4235952828047
4277272,615.7900520093182
4278273,665.2906052112087
4279274,630.0061210672633
4280275,658.3232072265758
4281276,372.4833289511169
4282277,451.939965568917
4283278,465.15162009098424
4284279,424.8558611692318
4285280,671.9066155777152
4286281,573.8371335872396
4287282,359.8858061064067
4288283,646.085562651168
4289284,299.3891559059154
4290285,653.6243458562759
4291286,656.5313354985454
4292287,351.2039127137076
4293288,648.3325202103179
4294289,666.415376480554
4295290,450.61657861331076
4296291,510.4085374794812
4297292,313.8445577724088
4298293,665.2715577816527
4299294,292.69892777089876
4300295,599.5873732496395
4301296,662.6249427238924
4302297,586.891846794402
4303298,675.8318754071578
4304299,673.5223324714998
4305300,318.6406915561569
4306301,629.180100602803
4307302,612.583539001718
4308303,673.6108482858859
4309304,183.94981561681118
4310305,279.591408026123
4311306,388.6325215280218
4312307,654.568608484602
4313308,400.48790076495317
4314309,512.7275967080321
4315310,417.53705503132056
4316311,260.8057571139432
4317312,601.7840391862757
4318313,294.4556193480322
4319314,400.92074051260926
4320315,661.2580518679305
4321316,484.2002184190109
4322317,418.5351097664919
4323318,507.8882190365586
4324319,637.8961476081925
4325320,665.5690416995602
4326321,354.1750799726376
4327322,654.067877031136
4328323,306.3110454229338
4329324,362.53766837369324
4330325,666.0032564636612
4331326,630.2831202181421
4332327,651.9469987831593
4333328,435.34844920131025
4334329,512.88136670055
4335330,512.6974878548082
4336331,669.5787193131447
4337332,407.42611245554247
4338333,662.7807125026491
4339334,650.0816590049861
4340335,652.3921295548458
4341336,308.9104964959992
4342337,438.04026913414765
4343338,348.44359843302055
4344339,658.1558391373723
4345340,631.8429640556691
4346341,542.0051988033048
4347342,518.0061246307941
4348343,274.47943372519586
4349344,552.6951794634813
4350345,568.1999147893673
4351346,663.6334312799778
4352347,663.4226812849546
4353348,669.8198588586154
4354349,252.19815184089583
4355350,614.5220622405059
4356351,658.6856471642778
4357352,654.6314286149809
4358353,664.6823969886634
4359354,661.4252110098039
4360355,184.59032213878356
4361356,668.0547247290822
4362357,534.9120437083474
4363358,337.37239322197064
4364359,655.8728438816627
4365360,667.6905095683203
4366361,660.09827455709
4367362,637.3568782296895
4368363,375.4264611909273
4369364,638.2771230052268
4370365,662.9588935525587
4371366,295.9324101997289
4372367,649.4228148530731
4373368,647.0967526454841
4374369,226.40759580563508
4375370,465.9076398475639
4376371,669.0125390877807
4377372,670.8931875272525
4378373,646.6662846029244
4379374,254.839453258393
4380375,495.30305900941494
4381376,323.202447313493
4382377,527.8244284517805
4383378,640.1496406974715
4384379,650.0843741645048
4385380,593.946961385596
4386381,372.36669073283616
4387382,286.81383160738216
4388383,485.44413915769087
4389384,641.1851690765814
4390385,623.9573781340601
4391386,591.3044740721017
4392387,515.2449890385873
4393388,668.9947627387571
4394389,663.3239910956692
4395390,566.1812628773578
4396391,303.2005803099597
4397392,656.1455800084993
4398393,652.0341718668711
4399394,626.4789474074606
4400395,658.9772900685537
4401396,678.9132474972145
4402397,670.9733324674146
4403398,680.7040161856696
4404399,658.4080732850775
4405400,658.7050777549285
4406401,634.0213153175685
4407402,652.635226993595
4408403,466.6023539368245
4409404,677.1456224668742
4410405,543.0365705677369
4411406,665.9001009502513
4412407,416.78936818477155
4413408,594.1985670242851
4414409,564.8442028300886
4415410,678.0614752610263
4416411,636.5116996736411
4417412,623.9462218104642
4418413,661.8095067062864
4419414,327.02184033956337
4420415,383.83841036262794
4421416,653.967636439187
4422417,227.44915466620364
4423418,679.231746555994
4424419,666.7428206559733
4425420,660.8799268533227
4426421,663.3374181702824
4427422,671.5221886789528
4428423,664.902757565513
4429424,375.83182727874095
4430425,668.533192069226
4431426,653.1264326914404
4432427,447.11514156451176
4433428,664.0773719894864
4434429,621.1625337232354
4435430,443.6723509688764
4436431,669.5459769861842
4437432,659.4930091357926
4438433,661.0652819428153
4439434,655.5451093421669
4440435,674.862791182933
4441436,654.9170392178944
4442437,258.62725099328725
4443438,406.009936586317
4444439,466.4458233233858
4445440,665.9708577610811
4446441,256.98985722572024
4447442,651.4594548119279
4448443,311.91462659368744
4449444,467.77027344277
4450445,649.989846224277
4451446,630.0127266657968
4452447,577.1010301226971
4453448,418.0239184293888
4454449,645.5025166739281
4455450,376.0107500399511
4456451,488.40839306521906
4457452,480.297258744766
4458453,643.8816843693991
4459454,443.18655357697077
4460455,559.178193933902
4461456,636.7759289457423
4462457,569.7868925698258
4463458,462.39493826776163
4464459,673.2254796597938
4465460,411.16090684652215
4466461,622.8287725396855
4467462,656.1966914801761
4468463,616.7201518602639
4469464,560.8023547299964
4470465,650.8762754781978
4471466,573.8855547999228
4472467,630.8540465239887
4473468,660.640121201251
4474469,635.290358189588
4475470,666.7094021135232
4476471,646.8396751465838
4477472,659.5111366936898
4478473,646.061738826542
4479474,644.2289270727086
4480475,506.9679244857601
4481476,447.99948760768416
4482477,632.931737759911
4483478,632.4615020694529
4484479,658.850590914884
4485480,610.974890097698
4486481,642.1513484424441
4487482,625.9241627788604
4488483,653.1107186346287
4489484,644.3676481946202
4490485,647.7152720110888
4491486,641.0628038429505
4492487,633.7487272294012
4493488,507.15506057542126
4494489,636.0514057543897
4495490,664.9479932790578
4496491,552.1884726607907
4497492,589.1032556063806
4498493,433.17338882969847
4499494,651.9989516377996
4500495,597.4623923666896
4501496,504.20935670207433
4502497,651.5165774373862
4503498,662.0988521201946
4504499,653.4531718181543
4505500,641.8269659089121
4506501,646.6023804899521
4507502,621.2342455552264
4508503,654.2212387766077
4509504,334.0293301425291
4510505,530.9279649225848
4511506,648.8283491649496
4512507,654.8135636130348
4513508,666.0703836504314
4514509,660.0580755416108
4515510,614.8193330893216
4516511,661.10328329856
4517512,667.5671016652699
4518513,649.5611630785971
4519514,365.8005202811036
4520515,435.9499992177477
4521516,656.8870584895808
4522517,675.2062395803421
4523518,656.5001862644767
4524519,668.5764827939254
4525520,608.9558980265251
4526521,656.7095371265722
4527522,656.9836633043894
4528523,632.5883298449127
4529524,664.6803409721773
4530525,622.7750375448592
4531526,623.3933037319994
4532527,534.0822045865663
4533528,555.3616406986548
4534529,658.5232724231446
4535530,295.7824036583297
4536531,370.5788122814621
4537532,512.5885595892055
4538533,623.7671595035075
4539534,514.5016486814504
4540535,633.8828127431078
4541536,633.7410108083394
4542537,377.4442233553861
4543538,465.8788778941983
4544539,664.3298100809457
4545540,655.9155403831843
4546541,636.5691842697141
4547542,648.8514441029149
4548543,438.0231770205902
4549544,617.444118859485
4550545,626.5931727855994
4551546,653.9956531141507
4552547,657.9182019290569
4553548,668.5590744792725
4554549,657.1257273341533
4555550,644.4942734940945
4556551,651.0194051093265
4557552,661.3296002718372
4558553,663.257223877818
4559554,661.2138882857396
4560555,644.1492648670848
4561556,522.6913714272728
4562557,320.3329838091156
4563558,661.763859697518
4564559,631.2797817689916
4565560,663.2170799628112
4566561,638.2129422128877
4567562,666.4119615134272
4568563,653.6168838345529
4569564,678.3452041277368
4570565,667.6748935256002
4571566,667.1803955344345
4572567,664.1142824768478
4573568,668.7196695588773
4574569,649.6310884915389
4575570,628.2496543418537
4576571,664.7115523764203
4577572,643.7227490733245
4578573,232.60413492759642
4579574,577.155042581414
4580575,679.2681292424002
4581576,675.7635440612936
4582577,662.9326129309023
4583578,667.1968354472295
4584579,394.15854760588263
4585580,405.4230316030427
4586581,668.1061231551051
4587582,658.5413459605925
4588583,658.105987033811
4589584,634.4339524672614
4590585,668.6084232277018
4591586,649.9121108268673
4592587,410.1152647533235
4593588,663.1703202265671
4594589,654.6967154576051
4595590,658.7158967878094
4596591,318.12955207163617
4597592,657.8863020127734
4598593,668.3205304458804
4599594,662.5475223043658
4600595,643.1439330464858
4601596,648.4463156398015
4602597,638.2237683068306
4603598,456.23528686863455
4604599,658.0135973806496
4605600,644.088909963536
4606601,608.4839443081519
4607602,667.3913899274027
4608603,625.6413833358845
4609604,331.2527982581835
4610605,569.6442112333402
4611606,638.2455909202907
4612607,660.1964558644576
4613608,538.5599456848435
4614609,647.7609390539957
4615610,662.735663865454
4616611,670.0115712001209
4617612,629.6341659151465
4618613,680.3241795049621
4619614,660.6398384444495
4620615,644.5820208486793
4621616,583.3851970320808
4622617,375.00188015520064
4623618,669.0947994726796
4624619,656.0673773937741
4625620,306.3224856963886
4626621,662.802422676251
4627622,660.5128444205467
4628623,576.0849323216381
4629624,574.6880817670791
4630625,659.0474016086406
4631626,663.5100327462582
4632627,661.1939648137744
4633628,670.4783969312035
4634629,654.1968439953981
4635630,660.1464415230469
4636631,658.6338797306672
4637632,634.2792875583026
4638633,597.6779104031008
4639634,621.2052678336815
4640635,364.3545645950549
4641636,630.2971478986863
4642637,668.9247730431948
4643638,658.2704596462808
4644639,643.047734000979
4645640,442.7359607492762
4646641,652.4439044060425
4647642,645.6559609930099
4648643,637.5817457480047
4649644,607.0254139922043
4650645,668.6738620739155
4651646,662.8461091063252
4652647,654.5546960103956
4653648,663.0610987946135
4654649,677.4268744060284
4655650,659.7775531254038
4656651,674.9962908078714
4657652,670.3561701448526
4658653,645.6844963314948
4659654,663.6508983731369
4660655,301.2859912480148
4661656,661.486105153556
4662657,666.5921382785039
4663658,541.233502705351
4664659,656.9265175354549
4665660,664.8014522935539
4666661,661.4746470628008
4667662,425.1388051684366
4668663,652.7621203037203
4669664,664.9641652768158
4670665,669.6225592579415
4671666,663.7255578354348
4672667,656.4374258530272
4673668,638.9217308349836
4674669,661.7415111536333
4675670,643.0513342141196
4676671,680.9630979066384
4677672,403.46189917544615
4678673,662.6380408553579
4679674,322.598136963364
4680675,648.0900891092506
4681676,632.7387590947172
4682677,279.9552244499994
4683678,498.5084797596499
4684679,624.7951755029179
4685680,667.8934027525241
4686681,652.1163207323142
4687682,412.0176609740145
4688683,637.4075248722409
4689684,676.9226547941761
4690685,657.6158540790245
4691686,659.7574237139329
4692687,518.8487213950658
4693688,554.44528610783
4694689,663.4761386404892
4695690,368.43566791551365
4696691,653.8232464027634
4697692,678.8761772863212
4698693,587.9559921419251
4699694,621.2168662814469
4700695,455.21235070415685
4701696,460.0763890112188
4702697,629.1158841984495
4703698,664.0652581587041
4704699,646.9589507263435
4705700,562.5701304381648
4706701,560.8708063587745
4707702,503.97901176511976
4708703,682.6909014394423
4709704,588.7478489065966
4710705,668.9738037718082
4711706,646.4823126683835
4712707,658.1729635970902
4713708,648.5340764487308
4714709,672.1218842516137
4715710,658.6489457561521
4716711,664.0162741463006
4717712,651.3475435699372
4718713,637.3572562361768
4719714,652.4719633914126
4720715,604.6030651261876
4721716,656.7234106552966
4722717,620.7975333738522
4723718,666.7147063078584
4724719,659.3188992352035
4725720,659.6393889361003
4726721,643.199063203306
4727722,650.293314108376
4728723,374.6854435303731
4729724,630.60339300899
4730725,485.86401375903404
4731726,660.7358987017656
4732727,335.31410502632286
4733728,673.8839593769573
4734729,347.5441538802809
4735730,600.8453878559354
4736731,581.3550845902954
4737732,660.4143641102215
4738733,606.9087411820757
4739734,637.5632737552676
4740735,638.9150610803174
4741736,629.1092484843123
4742737,662.354407477326
4743738,630.5925872057047
4744739,622.9829022587392
4745740,635.595419199755
4746741,652.3757502865346
4747742,524.1685230212573
4748743,446.20220894493315
4749744,633.8590071261904
4750745,660.9487705409038
4751746,588.1570584434133
4752747,504.68234799448254
4753748,638.2058419574536
4754749,673.911031068531
4755750,641.0699979287506
4756751,486.87972797168703
4757752,629.4465953799975
4758753,629.0031174005761
4759754,634.6068057313563
4760755,654.8161934503128
4761756,525.2670852141507
4762757,640.1259542272481
4763758,231.80757856759087
4764759,577.5884916425051
4765760,345.09964174448265
4766761,518.5995751419147
4767762,665.912968950629
4768763,647.2742151781902
4769764,536.5225511069704
4770765,664.464193084802
4771766,637.6443922784284
4772767,473.3106619189677
4773768,279.58336752887936
4774769,635.180220000974
4775770,469.7893535663332
4776771,621.0454321848449
4777772,623.25968372232
4778773,555.857907768229
4779774,436.6974196799349
4780775,648.0350533834809
4781776,631.3146894345466
4782777,621.1638135913585
4783778,551.0864102551308
4784779,628.847639080767
4785780,647.1879397021155
4786781,626.8005250950991
4787782,644.7933659742881
4788783,647.7859921983423
4789784,619.000234907416
4790785,610.1378049543229
4791786,615.2621276676492
4792787,577.8686583086643
4793788,378.56707102277267
4794789,604.3932579528879
4795790,439.15514207834985
4796791,620.2671193105173
4797792,469.33376540574125
4798793,494.36694691491397
4799794,619.1386510126861
4800795,331.83024745699373
4801796,637.6164241510785
4802797,537.0602511236509
4803798,255.1410252508151
4804799,459.98596877966696
4805800,622.40697190692
4806801,567.0740200743759
4807802,418.6840900604903
4808803,630.4165063276606
4809804,638.2703335361181
4810805,391.38772678172245
4811806,639.1971840253942
4812807,646.6612346508987
4813808,639.8412996915067
4814809,639.5282309514494
4815810,597.7806365288693
4816811,651.6145903453851
4817812,650.9545597977103
4818813,633.0744880817898
4819814,640.6176734596112
4820815,663.4659950699378
4821816,632.0378301180366
4822817,646.6889323902459
4823818,521.7437024032902
4824819,672.1933445364022
4825820,644.3403516484408
4826821,506.3774354948954
4827822,667.3281093497005
4828823,440.9698722934941
4829824,657.2725364409094
4830825,672.1641165759635
4831826,402.3546532290461
4832827,646.6950042929927
4833828,574.447569254936
4834829,653.2005622635162
4835830,612.3507439892102
4836831,657.7318438318306
4837832,655.9470082406367
4838833,650.5590794513698
4839834,585.7585729354787
4840835,387.1361894392926
4841836,609.2725463687796
4842837,625.1103466112946
4843838,644.6380854676852
4844839,563.5373699457754
4845840,655.1123723297256
4846841,308.7444282330057
4847842,637.4094445095185
4848843,650.0524385197962
4849844,648.0683197498131
4850845,513.0316762837019
4851846,656.3303207587485
4852847,662.518600241688
4853848,641.7053066187832
4854849,294.2084984341827
4855850,633.9122433356497
4856851,642.9664456935079
4857852,564.3153454394782
4858853,622.1967827852174
4859854,643.8103047654947
4860855,262.34253220236644
4861856,633.0994320123033
4862857,276.25694732753607
4863858,659.4157792356092
4864859,510.33416286391036
4865860,652.5622809400542
4866861,277.00025520747846
4867862,655.7259934654423
4868863,652.2707951019856
4869864,614.3851589534293
4870865,658.2075792003126
4871866,648.4557266392262
4872867,643.8127171762468
4873868,663.8721905053264
4874869,634.192686381261
4875870,639.1846720983032
4876871,625.7585407253982
4877872,483.59830487276326
4878873,594.3800986542608
4879874,625.2998275082336
4880875,518.9712470762021
4881876,345.8391801113941
4882877,493.862713475152
4883878,466.10924029458107
4884879,555.95019234731
4885880,368.1152330885329
4886881,500.0042245642
4887882,564.6653674011203
4888883,640.2043856203002
4889884,640.3565917795642
4890885,637.2047470856576
4891886,556.4290245154104
4892887,649.0834065136333
4893888,623.4828689862388
4894889,660.5409975447025
4895890,452.8454384196044
4896891,261.2359881855375
4897892,659.4801549194748
4898893,631.0121201835667
4899894,652.1573200239201
4900895,658.6211494835371
4901896,633.9970883469572
4902897,277.7973476449596
4903898,660.4404704019445
4904899,664.5597418146762
4905900,646.8197894815933
4906901,565.6262320041722
4907902,645.6876347898838
4908903,652.6129069866795
4909904,654.4859622035707
4910905,659.7599765848807
4911906,605.4951585015632
4912907,657.8687034863233
4913908,671.4799306689013
4914909,642.6011638592834
4915910,552.5527035459038
4916911,625.9512713547933
4917912,651.8596249238719
4918913,662.4264429104521
4919914,653.8210600442574
4920915,649.9714924193128
4921916,662.9673747731506
4922917,678.2143572314259
4923918,620.4882616463018
4924919,657.097942546598
4925920,412.8453871337526
4926921,655.5153035602667
4927922,675.1489043393832
4928923,656.9819124700617
4929924,641.2691705404333
4930925,659.1474513651748
4931926,660.0950946511755
4932927,655.4083092769451
4933928,294.2871650857897
4934929,667.5103020585706
4935930,663.2153869088182
4936931,656.771892441956
4937932,584.0688087229844
4938933,627.5405526409882
4939934,546.1759631664307
4940935,648.6121220617074
4941936,452.86293164561795
4942937,652.9825108085188
4943938,498.8207953523532
4944939,654.0486462913424
4945940,586.9075054498207
4946941,599.8109162343076
4947942,563.633106008281
4948943,645.0651775967754
4949944,634.2224136005775
4950945,626.5363641982696
4951946,632.1906481259548
4952947,286.212967557686
4953948,570.0474331556361
4954949,637.6246187521278
4955950,637.7116032393402
4956951,632.7856741298218
4957952,555.9727668041779
4958953,631.6387798075505
4959954,603.458560447458
4960955,635.9007741800676
4961956,388.57069495642486
4962957,502.63981607951354
4963958,544.7366874881195
4964959,602.9936298446296
4965960,615.2191533304186
4966961,622.3216809887169
4967962,391.1508885103429
4968963,628.0985425984682
4969964,415.96704304841336
4970965,617.7034315866566
4971966,570.687834299073
4972967,504.9007770314814
4973968,635.2698908654622
4974969,625.100639617551
4975970,600.2716495985574
4976971,628.2991340007552
4977972,653.6195112189197
4978973,645.6588286270211
4979974,456.3865885900309
4980975,236.87788016317063
4981976,569.6942403905086
4982977,389.5471174405415
4983978,477.44559994216945
4984979,403.43966409856245
4985980,561.9088149983338
4986981,314.2150447729875
4987982,522.9852438066806
4988983,638.0655409415635
4989984,554.4774605873819
4990985,599.5649318283866
4991986,632.4220689460382
4992987,609.1607672636553
4993988,338.9363543543446
4994989,605.2910922805061
4995990,483.23047715083527
4996991,623.0619223240906
4997992,340.851517908584
4998993,361.22786262890213
4999994,618.9801683224205
5000995,627.17176596111
5001996,489.9873769745853
5002997,640.9130861043518
5003998,634.8497835908265
5004999,638.9118232230887
5006000,372.2147275011288
5007001,311.36277037018107
5008002,290.4872398418748
5009003,260.37322348868264
5010004,445.81869892864023
5011005,639.0797251962405
5012006,436.773301091357
5013007,464.9519696105865
5014008,622.1891214421047
5015009,610.7036521407031
5016010,518.3299533713165
5017011,616.2547562129595
5018012,628.59460863782
5019013,551.8358168964803
5020014,488.9618373270043
5021015,636.9703463120751
5022016,593.8308045471883
5023017,598.2592637211812
5024018,611.4135799398157
5025019,351.5125591483381
5026020,332.32577237852524
5027021,275.82499369703106
5028022,538.3219104299333
5029023,442.1383652760395
5030024,476.34519925499444
5031025,614.5348595634204
5032026,401.2440396878239
5033027,353.59524707599536
5034028,602.3571303304931
5035029,424.43589143898714
5036030,510.85908905938993
5037031,500.87190252579387
5038032,593.9495165002123
5039033,338.5618104163032
5040034,607.8959888501386
5041035,325.14686364902605
5042036,493.64482050308794
5043037,566.6474716760283
5044038,551.0510437079513
5045039,615.5575790143648
5046040,586.023930869143
5047041,637.6113011486686
5048042,608.0917222902383
5049043,602.6886371324208
5050044,612.8073985296945
5051045,493.2083487179381
5052046,637.7926646972735
5053047,643.8447653680788
5054048,624.0785677198834
5055049,622.2873117915389
5056050,428.14212824440233
5057051,643.3972249192861
5058052,656.5846854481784
5059053,618.574725049875
5060054,636.6927319658765
5061055,640.6710826741556
5062056,608.6985841826375
5063057,623.136803649501
5064058,629.0636365440116
5065059,653.4918014848624
5066060,618.4001708073149
5067061,636.1376956929076
5068062,595.6687647085421
5069063,635.2021699304414
5070064,603.0443665451871
5071065,623.7372948902718
5072066,481.54537123440116
5073067,615.4403507279837
5074068,632.1157417573289
5075069,657.1498499184381
5076070,621.576740760874
5077071,350.04282669316933
5078072,633.1383432202194
5079073,615.1452098954675
5080074,629.3573722564496
5081075,645.0711837547472
5082076,627.9966604433392
5083077,631.327330074335
5084078,643.9607689768208
5085079,633.427748322801
5086080,629.622204274492
5087081,536.6310038812152
5088082,596.2707415790911
5089083,614.6624077122788
5090084,635.3975659082735
5091085,612.4462670932251
5092086,608.7706716425478
5093087,630.0399081153679
5094088,420.03038107496633
5095089,512.6180351629159
5096090,561.6772033549132
5097091,536.62071195328
5098092,545.7683386035161
5099093,642.4821511920014
5100094,284.45855820913243
5101095,616.3746758337281
5102096,623.6037842555219
5103097,210.83316564648774
5104098,633.1733402984773
5105099,361.68390477287267
5106100,643.4651901759141
5107101,633.0570156544965
5108102,261.6048650803887
5109103,625.7765670111263
5110104,593.1744456811778
5111105,605.9807553208437
5112106,628.6112263350102
5113107,627.0306162850281
5114108,628.8529954179204
5115109,652.4147753314484
5116110,633.328284677403
5117111,353.32143893236406
5118112,630.4094241151641
5119113,607.869903254664
5120114,611.8749438086177
5121115,559.4256816281435
5122116,394.0737953934856
5123117,332.77468094344835
5124118,581.4216864739827
5125119,638.0774455842454
5126120,575.8548852799684
5127121,521.9024517523454
5128122,646.8068098237248
5129123,637.5303270707061
5130124,654.2291781832687
5131125,629.5960204076729
5132126,655.4233226412013
5133127,654.6089556334699
5134128,652.7283314895327
5135129,649.1157168223298
5136130,636.1253463776668
5137131,644.9074943509901
5138132,640.8584108789098
5139133,645.3816408160341
5140134,625.9957837875646
5141135,620.4802058766826
5142136,610.9233137459239
5143137,483.87946458934533
5144138,264.89248800682685
5145139,649.2677201957814
5146140,517.7192504651478
5147141,634.0057582341432
5148142,648.5757587978065
5149143,653.5050558389787
5150144,641.7396997957974
5151145,611.2695254056138
5152146,645.7783607212349
5153147,647.2429544330583
5154148,647.280338816843
5155149,634.4106997763814
5156150,650.447264058052
5157151,577.9828311861506
5158152,603.1469361906765
5159153,649.6480524806303
5160154,643.0344919666206
5161155,641.2432504962239
5162156,642.3164257008976
5163157,628.2744378107503
5164158,602.127671751369
5165159,617.6516145239457
5166160,637.841604958132
5167161,499.1475172710176
5168162,621.8331706305381
5169163,594.85078359817
5170164,468.2408398686612
5171165,639.7782682203248
5172166,582.8033050181416
5173167,535.2483189198098
5174168,620.215147702515
5175169,616.3465736635845
5176170,602.0193875715604
5177171,555.9733189864428
5178172,546.9448897578128
5179173,609.5901165648332
5180174,557.5031035738374
5181175,574.8992493648029
5182176,617.0033930207308
5183177,582.964769711728
5184178,431.1389716461582
5185179,628.7641774085121
5186180,500.89252149585707
5187181,591.9076620297193
5188182,596.5144614335301
5189183,557.0498308396976
5190184,633.887410591816
5191185,624.2728528769123
5192186,561.4769703964489
5193187,582.3671674854614
5194188,536.4241603027536
5195189,610.1227989013448
5196190,596.8350887652148
5197191,661.6421884996988
5198192,445.24691208117395
5199193,632.2274297703974
5200194,633.2531327380107
5201195,650.0875219272898
5202196,641.8456686049662
5203197,611.0762615942189
5204198,332.88132463960346
5205199,628.1797255290955
5206200,618.8034816799892
5207201,633.5212827909932
5208202,660.2799839100151
5209203,660.8646961842951
5210204,659.4963550738939
5211205,662.136963554109
5212206,651.4972295895893
5213207,655.3508358067188
5214208,661.7239786982619
5215209,673.9894980680325
5216210,673.6221779575976
5217211,547.4610864802057
5218212,672.4199030606619
5219213,665.6976886860164
5220214,648.6922103645417
5221215,665.9782847071679
5222216,382.07409292695814
5223217,627.7728828467649
5224218,668.4201143509641
5225219,665.8517944261993
5226220,674.1234349015139
5227221,678.3133823814147
5228222,666.2080804199003
5229223,666.3671055757894
5230224,659.8861427912337
5231225,675.8784126793522
5232226,666.7681315522514
5233227,664.6075145648609
5234228,667.8751801758135
5235229,677.7000360008132
5236230,227.55766269440403
5237231,680.2494191962344
5238232,667.0512391525423
5239233,673.4190219556804
5240234,675.9629004745872
5241235,676.2735584505853
5242236,663.493866675282
5243237,352.0002394389641
5244238,669.2275597338593
5245239,655.937909266487
5246240,662.2436160404741
5247241,655.5989701584002
5248242,661.4451692656867
5249243,685.7597887815964
5250244,674.5651175534931
5251245,648.8315087964548
5252246,667.9965471881492
5253247,665.5580733863621
5254248,663.3616249947494
5255249,675.7822858584165
5256250,659.5331223436825
5257251,647.1457716282997
5258252,653.366080274455
5259253,671.708166517375
5260254,651.7337965864924
5261255,300.9119510938719
5262256,641.7806742941102
5263257,661.638342901859
5264258,262.5756474502113
5265259,617.6381647461922
5266260,565.8563112910657
5267261,663.4523288962661
5268262,495.1349359137865
5269263,648.3463009168277
5270264,432.6746608546862
5271265,671.5342437132509
5272266,512.4402477339032
5273267,654.3680199128445
5274268,669.5451424901576
5275269,663.5753544714462
5276270,661.0990403612061
5277271,652.9388854737585
5278272,666.0373113410186
5279273,648.0629070786065
5280274,660.9260954023414
5281275,290.61478924775463
5282276,658.3333132164659
5283277,662.1614658267486
5284278,660.4891154444359
5285279,661.7244816464354
5286280,647.6873876920371
5287281,663.2698227484882
5288282,617.304708118053
5289283,623.5563882602793
5290284,252.21096899434664
5291285,653.5219021132722
5292286,510.50038718546966
5293287,666.573209861901
5294288,326.5047517281225
5295289,656.4190060425373
5296290,525.967444452118
5297291,447.65081714881353
5298292,603.5630991849533
5299293,650.9536061545239
5300294,421.8420256016317
5301295,587.0547748929387
5302296,547.3216270650607
5303297,455.2654342343224
5304298,631.6663492949115
5305299,223.06775683767427
5306300,566.7245963656086
5307301,587.7414627624976
5308302,570.5677679814165
5309303,656.0131257746458
5310304,648.2597355318507
5311305,648.0931500693164
5312306,643.6555311959071
5313307,551.6136184473428
5314308,646.845575038607
5315309,490.92236512013005
5316310,646.4575149328504
5317311,555.9680265418307
5318312,643.4072678536384
5319313,627.609980213027
5320314,649.1350379456761
5321315,264.67155055224845
5322316,430.98906186307147
5323317,526.2428210547578
5324318,568.3702602708821
5325319,647.8834910442313
5326320,631.0678411559006
5327321,624.1323328683684
5328322,667.2947304270233
5329323,565.799832394249
5330324,519.5003681134074
5331325,327.1890305082475
5332326,645.0317528729844
5333327,652.2438409850062
5334328,571.5633793185682
5335329,644.653226796609
5336330,654.02696795139
5337331,653.8071402614545
5338332,648.8438570049417
5339333,666.8174416343224
5340334,608.5591313394909
5341335,651.3652355874144
5342336,670.1944098986773
5343337,669.6752956942418
5344338,661.3528753672846
5345339,654.0692557622066
5346340,673.6431575309009
5347341,297.63802480945606
5348342,621.8580660087362
5349343,619.3501582057706
5350344,480.41220954811587
5351345,660.04796975409
5352346,640.1856370598143
5353347,542.3425891232811
5354348,635.9285973391843
5355349,643.4165815358579
5356350,439.0126794048453
5357351,641.0014732371451
5358352,654.4162989556835
5359353,654.0159648395046
5360354,626.1085751592523
5361355,651.5453769901388
5362356,643.0965846921424
5363357,655.6010777698398
5364358,612.959052801202
5365359,647.4221850246565
5366360,654.7068431372188
5367361,614.6609209068228
5368362,661.0061413472503
5369363,656.9610184542297
5370364,662.40727648086
5371365,656.8439335826846
5372366,661.6681396007928
5373367,526.6912173054134
5374368,667.1709950912756
5375369,672.8358013870336
5376370,562.3149654147288
5377371,663.6097404099121
5378372,674.7076758155022
5379373,682.0009037103247
5380374,676.1014583987127
5381375,669.9811077868709
5382376,668.5892237158675
5383377,591.1567220865904
5384378,241.6063696640827
5385379,656.7970511555302
5386380,669.0301031774513
5387381,449.8202814822269
5388382,663.5867643568212
5389383,666.9552619704034
5390384,517.7544569899246
5391385,674.4508214624107
5392386,660.6578100998221
5393387,613.2499506392699
5394388,671.7416774454952
5395389,587.8110289168118
5396390,659.6326369948562
5397391,673.3909747649286
5398392,671.1220624792425
5399393,609.6779148759446
5400394,679.6694750159139
5401395,653.7570850583073
5402396,677.3549037085593
5403397,555.8517137325442
5404398,679.8547239522806
5405399,652.5104765720868
5406400,662.523874610165
5407401,676.464457584122
5408402,664.498889055579
5409403,657.0929367432475
5410404,672.2200202166076
5411405,673.0984964017064
5412406,544.3141895353581
5413407,600.8880217042332
5414408,599.1855458326154
5415409,663.4776529682716
5416410,657.4221516634656
5417411,665.3416073923206
5418412,675.6983243415306
5419413,666.1353144500063
5420414,664.9442534581568
5421415,250.84924480558394
5422416,667.0721242617448
5423417,365.237333272339
5424418,665.9643406830487
5425419,330.6968824778876
5426420,662.1803089883638
5427421,661.3999776890083
5428422,606.235954972512
5429423,663.9587303925257
5430424,653.8355743460212
5431425,644.6887542511624
5432426,295.342465804157
5433427,631.1434548808745
5434428,651.6570770603262
5435429,314.39933479857626
5436430,657.4120583934243
5437431,649.4131853011766
5438432,646.4193728176493
5439433,644.1699175617459
5440434,641.7705311306701
5441435,634.3579538332017
5442436,553.2738680004956
5443437,535.1240362983345
5444438,660.5174891180213
5445439,656.8443824813731
5446440,646.636420958054
5447441,641.7202869751394
5448442,659.8940626704081
5449443,622.8836504558799
5450444,396.07895056665814
5451445,315.14217526305276
5452446,653.4431510227379
5453447,511.8144565409988
5454448,670.0709346851626
5455449,520.879906800078
5456450,660.1227129529785
5457451,619.9099339741432
5458452,453.5811720202227
5459453,659.317947466614
5460454,493.96177652415054
5461455,651.6599653300768
5462456,580.7567801028122
5463457,649.3292776878623
5464458,395.09631585819324
5465459,431.2480958925246
5466460,631.232740794345
5467461,356.71805125574076
5468462,547.3539672853225
5469463,632.7086282850768
5470464,646.5552186346986
5471465,668.4231165497313
5472466,652.0466644631263
5473467,546.4306292644783
5474468,669.8562877305275
5475469,506.6338159827281
5476470,671.6559476292803
5477471,665.562689532442
5478472,573.0677711222905
5479473,651.9740106992502
5480474,659.0723891433938
5481475,662.1865452491548
5482476,658.9480166551091
5483477,330.2499845133498
5484478,666.0782844606877
5485479,663.6393207023089
5486480,233.98864352847144
5487481,457.7814937171453
5488482,618.1357412657457
5489483,660.3849359450868
5490484,652.0196634742741
5491485,654.0820687297414
5492486,365.6162199920875
5493487,600.737212112744
5494488,643.0629594287238
5495489,664.9282133072242
5496490,652.8054086908493
5497491,387.48134680503136
5498492,602.851856768293
5499493,631.7046572705185
5500494,657.8048666089562
5501495,186.84674705190704
5502496,662.1599832376484
5503497,649.228295765477
5504498,651.288313186244
5505499,645.5047253254635
5506500,641.329635325453
5507501,655.3954305883852
5508502,646.790473603798
5509503,652.271183927017
5510504,674.208022887826
5511505,647.469942996508
5512506,656.9735803637652
5513507,672.6290789946979
5514508,665.1761817783372
5515509,660.0572625654283
5516510,659.2335657950321
5517511,575.3401442494525
5518512,653.6166437735295
5519513,661.127106607175
5520514,659.5951623544772
5521515,405.3563625550509
5522516,659.0856404632111
5523517,664.8082203839705
5524518,541.926739941747
5525519,613.1874539569146
5526520,532.7430783477631
5527521,646.9921150784851
5528522,653.9286861884449
5529523,412.5971007512994
5530524,658.7279664978811
5531525,651.9255935447957
5532526,663.1078803843448
5533527,675.95557246736
5534528,652.2671702632589
5535529,610.729723486921
5536530,646.078440763598
5537531,606.9583944607529
5538532,620.8781716964787
5539533,397.5363406468425
5540534,309.7389154128229
5541535,648.7083844230906
5542536,473.74918505178175
5543537,563.7703374982704
5544538,634.2834214991868
5545539,637.3475902500693
5546540,630.846894932286
5547541,621.8776555190648
5548542,593.1781102743322
5549543,641.0661084288336
5550544,298.39781364003386
5551545,646.0205058883929
5552546,637.9479344379628
5553547,523.7255083085552
5554548,634.9557908938186
5555549,655.8659280915085
5556550,626.2171647386838
5557551,238.94415270555902
5558552,623.7323331177546
5559553,613.9438029510465
5560554,640.5954296415945
5561555,289.39233782235374
5562556,645.0208484648613
5563557,650.1359099398633
5564558,593.1414689203756
5565559,648.02505406523
5566560,642.8096504901595
5567561,533.1328368078084
5568562,646.0584190181629
5569563,632.0931363960738
5570564,544.578008416683
5571565,632.8310835157173
5572566,623.4393474195172
5573567,632.9568476887896
5574568,662.4663916036169
5575569,423.972258845497
5576570,627.6031853753215
5577571,645.2645001587607
5578572,651.5732472171566
5579573,672.202817943205
5580574,461.45655335847795
5581575,627.0594475098844
5582576,672.3964191953132
5583577,665.4082004758561
5584578,660.6948710810008
5585579,635.9961448713447
5586580,662.6161892689547
5587581,652.6779963712835
5588582,667.2195838984044
5589583,462.26997237724686
5590584,653.1382387543041
5591585,658.5073514504209
5592586,659.6075686633549
5593587,673.282706162162
5594588,644.8119263753454
5595589,660.0826015056106
5596590,629.1021818208487
5597591,663.0330918340247
5598592,647.5007042505224
5599593,655.4002666207548
5600594,660.7803727244066
5601595,653.5348901089869
5602596,379.5031479656766
5603597,652.3459581362883
5604598,641.6329665856796
5605599,643.8737168982816
5606600,644.3260823796741
5607601,421.51608096179575
5608602,644.2741241646443
5609603,657.0355312593734
5610604,665.3761134213804
5611605,328.911877262198
5612606,638.5902106351347
5613607,594.137770354983
5614608,424.88630240576487
5615609,632.4706463887311
5616610,649.5076558355006
5617611,642.0224808200742
5618612,653.1068170433866
5619613,632.9428246959068
5620614,401.50054541245214
5621615,639.6296734252325
5622616,646.9322802652728
5623617,649.4974881228139
5624618,617.7040175123014
5625619,578.2674057347615
5626620,576.2075639837869
5627621,364.2108507987422
5628622,660.596847327842
5629623,649.6365622469448
5630624,659.1195921647156
5631625,673.9752760641444
5632626,655.9506403706703
5633627,533.5176897543059
5634628,560.725845479753
5635629,660.6275689672392
5636630,660.136697360533
5637631,673.7982472533997
5638632,642.234407440676
5639633,632.8066906820474
5640634,660.9961687228714
5641635,667.4805686494105
5642636,659.1744007726705
5643637,661.8090921050767
5644638,652.1090179608158
5645639,642.0808253656526
5646640,655.0002359019348
5647641,656.6969367499219
5648642,642.9839879273519
5649643,570.5638395885117
5650644,511.26273046231046
5651645,408.0758417250996
5652646,638.6620296883208
5653647,644.8302918720278
5654648,269.07125999335483
5655649,631.2788766023505
5656650,642.5883667438025
5657651,320.2279826953026
5658652,424.2003953427807
5659653,651.1621466527345
5660654,656.3427885381182
5661655,645.544597340724
5662656,569.5611377309923
5663657,655.6235161481361
5664658,641.3825486949771
5665659,643.5324668328161
5666660,649.060904925286
5667661,643.7972004248688
5668662,648.1008869853613
5669663,647.9575478243872
5670664,648.8528972324121
5671665,643.1082464158392
5672666,289.03885553635905
5673667,621.5212862386214
5674668,610.4984935301782
5675669,625.7063913314252
5676670,627.3134896828982
5677671,627.4145160023944
5678672,457.2160519412268
5679673,599.7186670459148
5680674,342.15284594136915
5681675,608.3965774375941
5682676,610.0965260036811
5683677,616.4375864200407
5684678,613.0050441815241
5685679,617.5182768419206
5686680,634.9502747935902
5687681,299.1801657164315
5688682,626.3870371430914
5689683,645.8279419210154
5690684,641.5561370085808
5691685,649.4557977795992
5692686,648.8103984010097
5693687,549.4779786118767
5694688,634.241484200927
5695689,619.1726702037195
5696690,633.4763905571929
5697691,500.1096538300732
5698692,640.4506717312638
5699693,616.7669709031136
5700694,331.7135553384029
5701695,624.5675264784834
5702696,616.1340478786578
5703697,618.7687726244163
5704698,609.7199541389365
5705699,316.7694462363539
5706700,607.5099707769211
5707701,611.47620795828
5708702,627.3322265660031
5709703,632.1742260489206
5710704,623.2767168421578
5711705,584.12284705944
5712706,622.3565611294165
5713707,642.4617334232422
5714708,639.6015135161977
5715709,636.2456920640922
5716710,630.1954581803187
5717711,649.2831549298053
5718712,621.3635319688558
5719713,647.6146530757945
5720714,658.6040094397704
5721715,293.8079240871607
5722716,557.5428186304384
5723717,656.9337299325005
5724718,660.6251039752508
5725719,648.7129426789502
5726720,670.636363436075
5727721,663.8810433374465
5728722,664.7962359002854
5729723,668.5180955106272
5730724,650.7329443902063
5731725,662.5905589050195
5732726,320.46956157235405
5733727,672.5358876812454
5734728,666.2251938966583
5735729,619.9525519035191
5736730,476.2540059863484
5737731,661.019287184725
5738732,671.691452627136
5739733,663.1879281730197
5740734,657.7416202964497
5741735,661.5906676056693
5742736,672.0365207305364
5743737,666.0272377724738
5744738,675.2117207685903
5745739,609.0437163276919
5746740,669.1126092950399
5747741,643.1218202550882
5748742,595.3287759217434
5749743,655.500126163644
5750744,645.4660083005853
5751745,648.9236484074605
5752746,655.5872881337315
5753747,662.6820582655283
5754748,657.750154822076
5755749,572.8178696668729
5756750,632.7897950562055
5757751,520.2950527338942
5758752,669.1546033809294
5759753,416.7519153414313
5760754,282.6902332899687
5761755,667.4671840532027
5762756,649.4736820605298
5763757,344.68887159839915
5764758,653.6547616110852
5765759,648.4538568684324
5766760,660.3351074930877
5767761,666.6854788167037
5768762,660.8182588470396
5769763,581.5065543952663
5770764,648.3001300439921
5771765,645.9787690966502
5772766,591.5583587031128
5773767,649.9509085084362
5774768,646.3638642436575
5775769,653.9210422657707
5776770,645.8296654819012
5777771,652.2567157639511
5778772,491.84850463763627
5779773,591.5294315859547
5780774,307.48412651003724
5781775,643.1613329660503
5782776,647.5497290997318
5783777,649.3490809408464
5784778,626.8343451233936
5785779,443.39587971591817
5786780,628.3405754554569
5787781,637.5586776649234
5788782,307.4820127199716
5789783,328.5717895047432
5790784,651.2648233766016
5791785,649.0332292379954
5792786,628.4315363315388
5793787,634.3346985385293
5794788,622.4743936485531
5795789,554.8946229748512
5796790,333.70963749809675
