timestep,episodic_return
1000,2.6636162034223716
2001,0.0
3002,0.0
4003,13.2076201165157
5004,0.0
6005,7.098658265961348
7006,0.0
8007,0.0
9008,0.0
10009,0.0
11010,0.0
12011,10.920739764879094
13012,0.0
14013,0.0
15014,0.0
16015,0.0
17016,0.0
18017,0.0
19018,0.0
20019,0.0
21020,0.0
22021,0.0
23022,0.0
24023,0.0
25024,0.0
26025,21.45726236181977
27026,0.0
28027,0.0
29028,0.0
30029,0.0
31030,0.0
32031,0.0
33032,0.0
34033,5.387834373891093
35034,0.0
36035,0.0
37036,0.0
38037,0.0
39038,11.51418778661389
40039,0.0
41040,0.0
42041,7.0595362746690675
43042,6.203042712654197
44043,0.0
45044,3.472620908449717
46045,3.5555988513255863
47046,7.066013796149743
48047,0.0
49048,0.0
50049,0.0
51050,0.0
52051,0.0
53052,0.0
54053,0.0
55054,0.0
56055,0.0
57056,0.0
58057,0.0
59058,0.0
60059,0.0
61060,0.0
62061,14.393514590866637
63062,3.6346605021091314
64063,0.0
65064,0.0
66065,7.203496036949135
67066,0.0
68067,0.0
69068,16.76830644095658
70069,0.0
71070,0.0
72071,0.0
73072,0.0
74073,8.905131329696221
75074,0.0
76075,10.482148524814242
77076,0.0
78077,0.0
79078,0.0
80079,0.0
81080,6.366092357634918
82081,3.499404088576371
83082,0.0
84083,0.0
85084,0.0
86085,6.385297776913183
87086,0.0
88087,8.914035633394386
89088,0.0
90089,0.0
91090,8.184673396777242
92091,12.801224856781637
93092,0.0
94093,0.0
95094,0.0
96095,2.765946497577728
97096,0.0
98097,0.0
99098,0.0
100099,18.88353714717866
101100,0.0
102101,0.0
103102,0.0
104103,0.0
105104,0.0
106105,0.0
107106,13.47320288482914
108107,7.938499619618784
109108,0.0
110109,0.0
111110,0.0
112111,0.0
113112,22.706071092409466
114113,0.8862638381950492
115114,0.0
116115,0.0
117116,0.0
118117,0.0
119118,0.0
120119,0.0
121120,0.0
122121,0.0
123122,15.175117225298944
124123,0.0
125124,0.0
126125,9.975807742125571
127126,0.0
128127,0.0
129128,9.108106379632666
130129,0.0
131130,0.0
132131,0.0
133132,16.061278518200314
134133,11.839100439673931
135134,0.0
136135,0.0
137136,12.565031914271914
138137,0.0
139138,0.0
140139,0.0
141140,0.0
142141,0.0
143142,0.0
144143,0.0
145144,0.0
146145,0.0
147146,0.0
148147,23.462797015998085
149148,0.0
150149,10.936920753636999
151150,12.16039740723603
152151,0.0
153152,0.0
154153,0.0
155154,0.0
156155,13.353582575688167
157156,10.59494265560172
158157,0.0
159158,0.0
160159,10.73327113351567
161160,0.0
162161,0.0
163162,0.0
164163,0.0
165164,0.0
166165,0.0
167166,0.0
168167,0.0
169168,0.0
170169,0.0
171170,0.0
172171,3.7192918227798932
173172,0.0
174173,0.0
175174,0.0
176175,0.0
177176,0.0
178177,0.0
179178,0.0
180179,0.0
181180,4.489813696747335
182181,0.0
183182,0.0
184183,0.0
185184,0.0
186185,0.0
187186,0.0
188187,0.0
189188,0.0
190189,0.0
191190,0.0
192191,8.919585397552392
193192,0.0
194193,0.0
195194,0.0
196195,0.0
197196,0.0
198197,0.0
199198,0.0
200199,0.0
201200,0.0
202201,0.0
203202,25.317021912922346
204203,0.0
205204,15.255909901080793
206205,0.0
207206,2.7562588960222847
208207,1.84508227183399
209208,8.156825076965246
210209,15.437167185801515
211210,0.0
212211,0.0
213212,0.0
214213,0.0
215214,0.0
216215,0.0
217216,15.842893118645225
218217,8.901920461424503
219218,0.0
220219,0.0
221220,29.95358297332835
222221,0.0
223222,6.223829619755024
224223,0.0
225224,0.0
226225,0.0
227226,0.0
228227,0.0
229228,0.0
230229,0.0
231230,13.822566520361718
232231,0.0
233232,0.0
234233,12.494338435238397
235234,8.097356499434152
236235,6.404890424773798
237236,0.9504237503626083
238237,0.0
239238,0.0
240239,0.0
241240,27.77071766837424
242241,0.0
243242,0.0
244243,9.8077941855295
245244,0.0
246245,0.0
247246,32.75447828604504
248247,0.0
249248,13.60561983952844
250249,0.0
251250,0.0
252251,0.0
253252,0.0
254253,0.9126045473146587
255254,0.0
256255,0.0
257256,21.7235664689659
258257,0.0
259258,0.0
260259,0.0
261260,0.0
262261,7.045164893384914
263262,15.205061975253559
264263,0.0
265264,0.0
266265,0.0
267266,8.952541154730822
268267,0.0
269268,0.0
270269,0.0
271270,0.0
272271,0.0
273272,0.0
274273,0.0
275274,0.0
276275,0.0
277276,0.0
278277,0.0
279278,0.0
280279,0.0
281280,0.0
282281,0.0
283282,13.31475651759761
284283,0.0
285284,0.0
286285,0.0
287286,15.243769102366404
288287,13.324746767665584
289288,0.0
290289,17.000648447186045
291290,0.0
292291,0.0
293292,0.0
294293,17.098660385449833
295294,0.0
296295,0.0
297296,0.0
298297,0.0
299298,0.0
300299,14.536853961103176
301300,0.0
302301,15.080970502628057
303302,0.0
304303,0.0
305304,0.0
306305,0.0
307306,0.0
308307,0.0
309308,28.635357503991177
310309,0.0
311310,0.0
312311,0.0
313312,0.0
314313,0.0
315314,0.0
316315,0.0
317316,15.353354062079033
318317,0.0
319318,16.193097697446486
320319,0.0
321320,0.0
322321,0.0
323322,20.931281415062482
324323,0.0
325324,0.0
326325,0.0
327326,0.0
328327,0.0
329328,0.0
330329,0.0
331330,0.0
332331,0.0
333332,0.0
334333,0.0
335334,15.388300714282932
336335,0.0
337336,0.0
338337,0.0
339338,0.0
340339,4.53551978763629
341340,0.0
342341,0.0
343342,0.0
344343,0.0
345344,0.0
346345,0.0
347346,0.0
348347,0.0
349348,0.0
350349,0.0
351350,5.521668188259936
352351,0.0
353352,11.081928207851131
354353,0.0
355354,15.974912509841994
356355,0.0
357356,10.803252155055548
358357,0.0
359358,12.456558288229067
360359,0.0
361360,0.0
362361,6.422041344015242
363362,0.0
364363,26.439863271855288
365364,0.0
366365,32.270626810245474
367366,1.7666670308174082
368367,0.0
369368,0.0
370369,0.0
371370,13.41230353521014
372371,0.0
373372,0.0
374373,18.04466483771776
375374,4.635859331818614
376375,0.0
377376,12.00320815023635
378377,0.0
379378,0.0
380379,14.405630903737913
381380,27.995057368137267
382381,8.16037536868013
383382,0.0
384383,0.0
385384,18.13513137702291
386385,19.845506278983315
387386,18.1621166237337
388387,0.0
389388,0.0
390389,1.813755790396832
391390,0.0
392391,0.0
393392,4.575766451870218
394393,0.0
395394,0.0
396395,0.0
397396,0.0
398397,0.0
399398,0.9226510182114988
400399,0.0
401400,0.0
402401,0.0
403402,40.503537651234076
404403,16.20871884345223
405404,0.0
406405,0.0
407406,20.656989900332647
408407,0.0
409408,0.0
410409,0.0
411410,56.53544943254159
412411,12.762094101050964
413412,11.871963535511487
414413,0.0
415414,0.0
416415,11.785602563514429
417416,0.0
418417,0.0
419418,0.0
420419,0.0
421420,0.0
422421,0.0
423422,43.12845934813917
424423,0.0
425424,0.0
426425,0.0
427426,0.0
428427,0.0
429428,0.0
430429,0.0
431430,0.0
432431,0.0
433432,0.0
434433,13.469527792173603
435434,0.0
436435,0.0
437436,0.0
438437,0.0
439438,8.868476867112298
440439,0.0
441440,0.0
442441,0.0
443442,0.0
444443,0.0
445444,2.7234212182928665
446445,0.0
447446,0.0
448447,0.0
449448,23.888600430510706
450449,0.0
451450,0.0
452451,12.57311717090519
453452,0.0
454453,0.0
455454,17.014563809188626
456455,0.0
457456,17.21007213884056
458457,0.0
459458,12.00532755377154
460459,0.0
461460,21.833829302274907
462461,38.77397543300329
463462,0.0
464463,14.35482135981054
465464,0.0
466465,0.0
467466,22.404883446937035
468467,14.333818914676261
469468,0.0
470469,22.651375003692404
471470,28.77470986334921
472471,0.0
473472,25.33186469121267
474473,16.01109648724286
475474,17.00705656563817
476475,14.726267949871675
477476,0.0
478477,25.960762295643573
479478,20.58761611430391
480479,0.0
481480,7.066613955017263
482481,0.0
483482,0.0
484483,0.0
485484,0.0
486485,0.0
487486,0.0
488487,10.821562583569774
489488,8.074809808603774
490489,0.0
491490,0.0
492491,44.292184907191654
493492,0.0
494493,0.0
495494,0.0
496495,9.776364434300532
497496,0.0
498497,0.0
499498,15.98264875491332
500499,0.0
501500,0.0
502501,24.506381562147823
503502,0.0
504503,0.0
505504,10.748984516631767
506505,44.662903958000264
507506,0.0
508507,0.0
509508,0.0
510509,12.476675060385954
511510,0.0
512511,48.96905904751353
513512,1.8462639971517947
514513,0.0
515514,0.0
516515,0.0
517516,0.0
518517,12.581041543016845
519518,79.09116242018783
520519,7.310985710153123
521520,12.603901731277091
522521,21.216709337064692
523522,0.0
524523,67.2657924849061
525524,17.298521266122826
526525,14.451713506699932
527526,117.47286438207615
528527,53.37055341420145
529528,0.0
530529,0.0
531530,0.0
532531,99.15589124684695
533532,8.952518900353219
534533,30.857614500484782
535534,0.0
536535,28.766242131855666
537536,0.0
538537,0.0
539538,0.0
540539,0.0
541540,0.0
542541,17.325937883042993
543542,15.074093774057829
544543,0.0
545544,0.0
546545,30.88915831404188
547546,0.0
548547,16.821330929302576
549548,11.955746788471377
550549,0.0
551550,0.0
552551,0.0
553552,73.39068956799602
554553,0.0
555554,0.0
556555,45.13941570650529
557556,0.0
558557,0.0
559558,0.0
560559,0.0
561560,0.0
562561,0.0
563562,83.7074901889877
564563,65.0171414285591
565564,0.0
566565,75.18921840334393
567566,0.0
568567,77.71268519374065
569568,0.0
570569,62.5810514902389
571570,0.0
572571,94.27268245391957
573572,0.0
574573,0.0
575574,9.006015355243957
576575,0.0
577576,0.0
578577,0.0
579578,160.97274138394158
580579,0.0
581580,0.0
582581,168.94710678576985
583582,0.0
584583,7.3791508024412975
585584,93.40304925993993
586585,9.078293101301913
587586,115.83270309369007
588587,0.0
589588,0.0
590589,0.0
591590,0.0
592591,49.302935289814336
593592,146.84981750967816
594593,132.66628332158717
595594,139.0065583439541
596595,99.72531196601946
597596,199.33740528728288
598597,160.4909979321904
599598,0.0
600599,141.7824499077441
601600,0.0
602601,0.0
603602,0.0
604603,8.063027500205012
605604,193.93782710536087
606605,166.2270013322488
607606,51.93023277559619
608607,112.2556894524489
609608,0.0
610609,67.82968912819477
611610,186.16280644372316
612611,59.19149511492829
613612,0.0
614613,192.1441320824758
615614,0.0
616615,19.720043903546504
617616,204.85268684896778
618617,0.0
619618,0.0
620619,165.41380427341775
621620,0.0
622621,0.0
623622,199.7918535181817
624623,0.0
625624,18.082984365622472
626625,0.0
627626,0.0
628627,55.224260830289026
629628,0.0
630629,0.0
631630,0.0
632631,108.66365267909156
633632,0.0
634633,194.90653643381253
635634,0.0
636635,0.0
637636,0.0
638637,0.0
639638,0.0
640639,201.30238624291684
641640,0.0
642641,190.96032399115137
643642,0.0
644643,202.70758488985786
645644,206.3991569613507
646645,0.0
647646,0.0
648647,17.20636430900589
649648,0.0
650649,34.930977299591305
651650,235.3131699695787
652651,143.8345808475231
653652,0.0
654653,0.0
655654,188.0058640401441
656655,249.45010783904777
657656,0.0
658657,264.6182929010439
659658,24.563379598339882
660659,218.11285235203195
661660,0.0
662661,0.0
663662,0.0
664663,0.0
665664,0.0
666665,0.0
667666,0.0
668667,0.0
669668,0.0
670669,0.0
671670,13.51307108219708
672671,205.77277350246146
673672,0.0
674673,0.0
675674,0.0
676675,269.0496622323133
677676,265.88184079296076
678677,0.0
679678,0.0
680679,0.0
681680,0.0
682681,0.0
683682,0.0
684683,29.779250468370698
685684,231.13859544237366
686685,275.49128446032375
687686,0.0
688687,0.0
689688,0.0
690689,0.0
691690,0.0
692691,0.0
693692,0.0
694693,0.0
695694,226.5558489449769
696695,0.0
697696,277.337979579463
698697,0.0
699698,0.0
700699,0.0
701700,0.0
702701,0.0
703702,0.0
704703,0.0
705704,0.0
706705,252.48463897709905
707706,0.0
708707,0.0
709708,0.0
710709,0.0
711710,0.0
712711,0.0
713712,0.0
714713,0.0
715714,288.1744981974346
716715,312.03397537769155
717716,0.0
718717,236.90454397464907
719718,0.0
720719,196.59177066732997
721720,255.9399196866877
722721,39.809921683465824
723722,16.157848867732724
724723,236.54687077063804
725724,0.0
726725,0.0
727726,228.89395792227018
728727,238.08507472621406
729728,0.0
730729,107.71099720101807
731730,210.8141071719064
732731,15.308039088422392
733732,12.851632300281006
734733,213.04567788171343
735734,16.309495999946023
736735,0.0
737736,13.541587292760584
738737,0.0
739738,228.81568833058125
740739,0.0
741740,274.96060598605334
742741,284.40545759492665
743742,0.0
744743,0.0
745744,219.54409433035815
746745,11.791420626181528
747746,239.0350975638187
748747,0.0
749748,0.0
750749,256.62865193132563
751750,252.1943369901475
752751,0.0
753752,213.00693670352754
754753,0.0
755754,14.567362683973377
756755,0.0
757756,12.724271004141238
758757,186.0605984759498
759758,301.86927318323734
760759,0.0
761760,253.41801321844852
762761,250.31200697281255
763762,259.45875672339645
764763,0.0
765764,228.60058541204526
766765,264.4010566449146
767766,0.0
768767,0.0
769768,0.0
770769,4.434017809050559
771770,0.0
772771,219.817287540509
773772,0.0
774773,45.55484184348361
775774,0.0
776775,0.0
777776,267.0894307900587
778777,8.123336431701768
779778,0.0
780779,0.0
781780,305.14819723821955
782781,0.0
783782,9.960106453790813
784783,278.5024231715991
785784,208.67899095535984
786785,0.0
787786,0.0
788787,106.5592925705103
789788,0.0
790789,285.7761030481179
791790,0.0
792791,7.098689511974137
793792,0.0
794793,0.0
795794,298.57315477797744
796795,15.946068400741582
797796,271.01212497331323
798797,0.0
799798,14.304422930715923
800799,279.75928864939647
801800,0.0
802801,0.0
803802,0.0
804803,129.1249327788028
805804,0.0
806805,0.0
807806,280.1595344285611
808807,183.49373413911073
809808,0.0
810809,17.008612882971942
811810,0.0
812811,192.9662630936162
813812,325.5774889459997
814813,306.62640463405853
815814,295.82091676002074
816815,0.0
817816,0.0
818817,307.1172462704345
819818,0.0
820819,14.333035979974506
821820,0.0
822821,284.4166933411508
823822,0.0
824823,0.0
825824,299.4252285792062
826825,0.0
827826,267.0180217373649
828827,15.25230786985531
829828,0.0
830829,0.0
831830,3.6248410316987587
832831,15.980311839484903
833832,14.192420432310017
834833,287.8549359604226
835834,292.0353944571302
836835,317.14772987436515
837836,5.6104297278826465
838837,0.0
839838,0.0
840839,0.0
841840,315.0223289234291
842841,0.0
843842,327.1458786069946
844843,321.99664077867914
845844,0.0
846845,284.266360341995
847846,0.0
848847,0.0
849848,0.0
850849,0.0
851850,52.871192876331534
852851,0.0
853852,307.29044766903496
854853,339.49049002448015
855854,16.49620779309083
856855,0.0
857856,16.420789140114223
858857,323.74844736846643
859858,329.2210877727445
860859,0.0
861860,0.0
862861,0.0
863862,0.0
864863,5.215264966936618
865864,307.0142547492482
866865,0.0
867866,41.98912018624734
868867,0.0
869868,16.05206094852337
870869,0.0
871870,0.0
872871,0.0
873872,285.8059714614654
874873,0.0
875874,0.0
876875,0.0
877876,0.0
878877,0.0
879878,8.914867697988482
880879,0.0
881880,0.0
882881,0.0
883882,0.0
884883,302.1675451011854
885884,319.1051957979303
886885,0.0
887886,6.444523467707271
888887,0.0
889888,8.960109602171329
890889,0.0
891890,0.0
892891,312.5047727028249
893892,0.0
894893,0.0
895894,304.71526100212856
896895,0.0
897896,327.91359095797037
898897,308.1141315736125
899898,0.0
900899,296.11937453500076
901900,3.6099129936231025
902901,258.09792279657256
903902,337.79197402147855
904903,0.0
905904,0.0
906905,335.3082317938119
907906,0.0
908907,342.8567973451548
909908,0.0
910909,313.85798193516064
911910,0.0
912911,289.09087736725513
913912,307.7965862251483
914913,291.27174783233227
915914,0.0
916915,0.0
917916,0.0
918917,157.74121069066518
919918,298.4028037393215
920919,0.0
921920,279.6510327157122
922921,0.0
923922,0.0
924923,324.0349499295251
925924,345.280026875646
926925,310.88372798888935
927926,26.408716960555996
928927,315.5215260592605
929928,0.0
930929,0.0
931930,40.045578240007615
932931,0.0
933932,293.1988538759954
934933,289.60718899907994
935934,298.8724478349422
936935,128.5936763091443
937936,11.836585476452797
938937,0.0
939938,0.0
940939,0.0
941940,5.474107846904906
942941,26.220806196061776
943942,0.0
944943,0.0
945944,340.8787829068294
946945,0.0
947946,0.0
948947,0.0
949948,0.0
950949,0.0
951950,7.903821971343274
952951,283.03445249064754
953952,0.0
954953,283.5610775873873
955954,0.0
956955,297.1451132308346
957956,0.0
958957,345.5188065377117
959958,11.83535102959946
960959,0.0
961960,314.4401221430581
962961,0.0
963962,0.0
964963,11.926458195578958
965964,331.5530838554771
966965,0.0
967966,0.0
968967,0.0
969968,0.0
970969,293.8973028272406
971970,305.2520470700115
972971,23.718533047396747
973972,0.0
974973,346.68214976826647
975974,0.0
976975,0.0
977976,0.0
978977,315.27534044625037
979978,0.0
980979,318.66102028640853
981980,0.0
982981,0.0
983982,0.0
984983,0.0
985984,293.9176466244873
986985,339.2769172559416
987986,342.9334563821628
988987,0.0
989988,340.4419901462122
990989,288.43582354616933
991990,312.963505756993
992991,280.405506746805
993992,0.0
994993,0.0
995994,4.610047527893186
996995,0.0
997996,0.0
998997,26.7518860219574
999998,0.0
1000999,349.41323722098974
1002000,16.990996334990644
1003001,0.0
1004002,18.593758662607726
1005003,0.0
1006004,21.91320036151136
1007005,10.098728237705583
1008006,0.0
1009007,31.874065976449497
1010008,0.0
1011009,0.0
1012010,0.0
1013011,0.0
1014012,323.5571370225097
1015013,329.011040384279
1016014,0.0
1017015,0.0
1018016,315.6818409246138
1019017,0.0
1020018,18.062309215216146
1021019,0.0
1022020,0.0
1023021,320.4749559408361
1024022,23.11227712330402
1025023,0.0
1026024,163.32066586707234
1027025,0.0
1028026,0.0
1029027,0.0
1030028,0.0
1031029,0.0
1032030,0.0
1033031,240.95970774572137
1034032,0.0
1035033,0.0
1036034,8.07847720197825
1037035,0.0
1038036,16.397703595529094
1039037,0.0
1040038,302.8184933130992
1041039,0.0
1042040,7.4062900058239975
1043041,0.0
1044042,330.0893335717151
1045043,320.7099265100446
1046044,0.0
1047045,349.846127306417
1048046,0.0
1049047,322.53991725536315
1050048,0.0
1051049,309.5412370667949
1052050,0.0
1053051,0.0
1054052,345.49775492849216
1055053,0.0
1056054,314.21232747012823
1057055,0.0
1058056,0.0
1059057,0.0
1060058,0.0
1061059,0.0
1062060,24.63063468645619
1063061,255.47616235258653
1064062,0.0
1065063,0.0
1066064,32.96759655806861
1067065,0.0
1068066,340.54157183993954
1069067,0.0
1070068,0.0
1071069,0.0
1072070,0.0
1073071,0.0
1074072,0.0
1075073,32.399994484316956
1076074,0.0
1077075,8.052243748071485
1078076,32.67305142687964
1079077,0.0
1080078,0.0
1081079,9.29371426481898
1082080,0.0
1083081,345.8144991355484
1084082,289.6173592851839
1085083,0.0
1086084,0.0
1087085,13.427577844483684
1088086,0.0
1089087,368.66766389803877
1090088,0.0
1091089,0.0
1092090,0.0
1093091,14.325252320854034
1094092,328.3997651902005
1095093,0.0
1096094,21.803731573106695
1097095,0.0
1098096,83.0784803886279
1099097,4.473268226352689
1100098,344.9313252613945
1101099,318.1588178201825
1102100,0.0
1103101,0.0
1104102,0.0
1105103,365.04103779811516
1106104,0.0
1107105,0.0
1108106,365.5306715842969
1109107,344.8588025967689
1110108,18.045530237909503
1111109,0.0
1112110,330.01460039770876
1113111,0.0
1114112,0.0
1115113,0.0
1116114,0.0
1117115,326.5086936066507
1118116,0.0
1119117,0.0
1120118,0.0
1121119,0.0
1122120,365.34866745512096
1123121,0.0
1124122,0.0
1125123,0.0
1126124,358.06758090146286
1127125,362.8890927320015
1128126,378.13910113713797
1129127,363.17094264481295
1130128,346.7113163470381
1131129,0.0
1132130,29.169338344821234
1133131,39.710875636833244
1134132,0.0
1135133,398.73958883522346
1136134,30.60332758864242
1137135,349.1474895877939
1138136,0.0
1139137,0.0
1140138,365.43994155038456
1141139,0.0
1142140,378.685027043533
1143141,0.8827717240632211
1144142,0.0
1145143,339.3586780415455
1146144,315.41386722635826
1147145,24.566464421068368
1148146,0.0
1149147,0.0
1150148,0.0
1151149,377.09574601060694
1152150,44.565253541826536
1153151,380.0036995642165
1154152,374.6262890483263
1155153,0.0
1156154,365.9306393203966
1157155,0.0
1158156,39.05575665918831
1159157,378.98051169898935
1160158,0.0
1161159,0.0
1162160,371.36334508032445
1163161,0.0
1164162,362.797511350862
1165163,0.0
1166164,0.0
1167165,0.0
1168166,405.3574756642072
1169167,393.1086773171756
1170168,43.52607719975735
1171169,349.577227183438
1172170,0.0
1173171,0.0
1174172,376.8630774351656
1175173,0.0
1176174,0.0
1177175,0.0
1178176,0.0
1179177,0.0
1180178,0.0
1181179,0.0
1182180,361.43043868370506
1183181,0.0
1184182,392.1755637361768
1185183,0.0
1186184,350.7975176732797
1187185,0.0
1188186,32.67929623273664
1189187,362.79446617825624
1190188,347.711655064238
1191189,0.938909083392933
1192190,0.0
1193191,0.0
1194192,19.656231033475017
1195193,0.0
1196194,0.0
1197195,12.693105414903467
1198196,372.18633140001015
1199197,0.0
1200198,372.6052579697301
1201199,368.23345753721895
1202200,14.387376085529935
1203201,7.437801195786287
1204202,0.0
1205203,366.247941175792
1206204,0.0
1207205,0.0
1208206,0.0
1209207,0.0
1210208,0.0
1211209,0.0
1212210,371.6641539231909
1213211,385.05023660178784
1214212,0.0
1215213,0.0
1216214,0.0
1217215,17.583227778831372
1218216,0.0
1219217,0.0
1220218,9.049043992850937
1221219,364.441635545936
1222220,0.0
1223221,0.0
1224222,0.0
1225223,0.0
1226224,13.634629647557954
1227225,347.18621098212697
1228226,377.66246981389213
1229227,0.0
1230228,0.0
1231229,0.0
1232230,0.0
1233231,0.0
1234232,412.02624529212346
1235233,370.1905934712841
1236234,0.0
1237235,24.32730843363941
1238236,0.0
1239237,0.0
1240238,0.0
1241239,0.0
1242240,401.0731666422268
1243241,0.0
1244242,0.0
1245243,299.97721336496915
1246244,0.0
1247245,0.0
1248246,0.0
1249247,0.0
1250248,0.0
1251249,0.0
1252250,17.063052501256465
1253251,0.0
1254252,22.89330890033975
1255253,0.0
1256254,383.5143872405066
1257255,0.0
1258256,397.67915332886736
1259257,55.68010135253857
1260258,0.0
1261259,21.47582716549838
1262260,19.096874990280504
1263261,0.0
1264262,12.913088177260695
1265263,384.90302344566766
1266264,0.0
1267265,0.0
1268266,8.068437300895056
1269267,0.0
1270268,5.47360593947782
1271269,377.6402586163583
1272270,0.0
1273271,0.0
1274272,338.88216794214463
1275273,407.44688331064117
1276274,379.6561759928257
1277275,0.0
1278276,0.0
1279277,2.6377927542260284
1280278,0.0
1281279,142.22313094215042
1282280,312.31073835455413
1283281,20.315967222251114
1284282,377.84619361504696
1285283,112.99059685085932
1286284,0.0
1287285,385.1408601428443
1288286,0.0
1289287,426.59258989989587
1290288,367.9818336632051
1291289,0.0
1292290,0.0
1293291,0.0
1294292,395.20140965943347
1295293,369.0244174479669
1296294,402.4221356456409
1297295,376.3744586344165
1298296,0.0
1299297,12.945615145054042
1300298,31.093056430857345
1301299,71.9075520784858
1302300,0.0
1303301,0.0
1304302,0.0
1305303,0.0
1306304,388.896580734379
1307305,0.0
1308306,418.693607473272
1309307,20.02290381092393
1310308,20.447252143559673
1311309,0.0
1312310,377.5496658319422
1313311,349.0388253560238
1314312,377.0925963374752
1315313,0.0
1316314,0.0
1317315,362.7808493442273
1318316,374.696918991509
1319317,0.0
1320318,0.0
1321319,0.0
1322320,0.0
1323321,0.0
1324322,0.0
1325323,386.31347346370444
1326324,11.00976951951317
1327325,13.00872598602007
1328326,378.92620588428287
1329327,0.0
1330328,434.2262745237334
1331329,18.047552056952032
1332330,0.0
1333331,0.0
1334332,0.0
1335333,0.0
1336334,381.42526536082596
1337335,410.78393383498434
1338336,0.0
1339337,0.0
1340338,0.0
1341339,0.0
1342340,0.0
1343341,0.0
1344342,388.072249513492
1345343,0.0
1346344,0.0
1347345,0.0
1348346,404.07907615004984
1349347,404.99023322433703
1350348,2.684518368975611
1351349,342.8265914847848
1352350,392.4321690731771
1353351,377.5999135837702
1354352,302.3951730435495
1355353,0.0
1356354,0.0
1357355,0.0
1358356,368.3189245856073
1359357,404.50728922588536
1360358,406.50017985295364
1361359,0.0
1362360,0.0
1363361,14.619358142609926
1364362,407.8898123786722
1365363,305.3142905881684
1366364,0.0
1367365,0.0
1368366,0.0
1369367,0.0
1370368,413.3076538524383
1371369,0.0
1372370,427.4320943655842
1373371,0.0
1374372,0.0
1375373,0.0
1376374,0.0
1377375,0.0
1378376,374.63341960016214
1379377,29.14528314373588
1380378,37.674090138768825
1381379,0.0
1382380,0.0
1383381,0.0
1384382,27.221218387085752
1385383,0.0
1386384,421.24198512084354
1387385,0.0
1388386,395.23837164871543
1389387,373.54669745232974
1390388,378.70809606814436
1391389,17.715369680943652
1392390,18.887842388054125
1393391,408.5610772930113
1394392,422.3805906999172
1395393,352.2063624516329
1396394,425.32290767023187
1397395,0.0
1398396,0.0
1399397,0.0
1400398,410.5063577078941
1401399,52.13641523159562
1402400,0.0
1403401,0.0
1404402,10.847947813514393
1405403,0.0
1406404,423.7683643295755
1407405,0.0
1408406,348.17508494580346
1409407,0.0
1410408,0.0
1411409,298.74694990534834
1412410,0.0
1413411,0.0
1414412,6.5036905284589945
1415413,16.428467140422253
1416414,0.0
1417415,0.0
1418416,0.0
1419417,0.0
1420418,0.0
1421419,12.5953620656058
1422420,0.0
1423421,409.58349720305625
1424422,0.0
1425423,0.0
1426424,443.45599894591373
1427425,15.713440890331377
1428426,0.0
1429427,337.2238457614833
1430428,0.0
1431429,19.85148294344133
1432430,430.14896556364215
1433431,230.1620629254283
1434432,0.0
1435433,0.0
1436434,0.0
1437435,401.41669833937243
1438436,449.97170580292135
1439437,439.44326257617024
1440438,0.0
1441439,0.0
1442440,0.0
1443441,0.0
1444442,25.397515214250966
1445443,435.6830893522956
1446444,0.0
1447445,0.0
1448446,0.0
1449447,49.47436640054899
1450448,0.0
1451449,386.15450048164405
1452450,426.5494670903593
1453451,391.7035116835644
1454452,0.0
1455453,431.11303078778764
1456454,422.0529133221389
1457455,42.54555933783132
1458456,372.3039433926682
1459457,0.0
1460458,53.57343688033089
1461459,0.0
1462460,0.0
1463461,435.79977563336786
1464462,38.44218060911727
1465463,442.67979615772754
1466464,410.86425984443605
1467465,0.0
1468466,0.0
1469467,146.04526259947173
1470468,5.320982742843711
1471469,0.0
1472470,0.0
1473471,0.0
1474472,0.0
1475473,0.0
1476474,385.12012877020237
1477475,14.160744017063784
1478476,0.0
1479477,0.0
1480478,0.0
1481479,167.2369978131757
1482480,0.0
1483481,425.4343904049767
1484482,384.6886999768579
1485483,0.0
1486484,0.0
1487485,0.0
1488486,3.8787049119210852
1489487,270.12414538437775
1490488,438.7187814338513
1491489,0.0
1492490,0.0
1493491,411.5534844259705
1494492,0.0
1495493,0.0
1496494,0.0
1497495,57.464807652409334
1498496,191.73987188117073
1499497,0.0
1500498,432.5094139208057
1501499,0.0
1502500,396.9809316170257
1503501,347.5032375072173
1504502,0.0
1505503,0.0
1506504,0.0
1507505,386.32027186790464
1508506,0.0
1509507,0.0
1510508,0.0
1511509,444.23244972677617
1512510,0.0
1513511,7.383046627839432
1514512,0.0
1515513,0.0
1516514,0.0
1517515,0.0
1518516,384.9090151957406
1519517,0.0
1520518,439.41451259184225
1521519,433.65355759960835
1522520,402.8190638913427
1523521,419.13545368162363
1524522,11.684135429370743
1525523,0.0
1526524,460.7804816988821
1527525,0.0
1528526,405.67941888219775
1529527,428.89953689352205
1530528,0.0
1531529,0.0
1532530,26.89372475105597
1533531,0.0
1534532,441.47402694598037
1535533,0.0
1536534,63.3166709883769
1537535,0.0
1538536,0.0
1539537,420.7805694571004
1540538,0.0
1541539,0.0
1542540,0.0
1543541,432.5353153169032
1544542,0.0
1545543,0.0
1546544,394.8991689989389
1547545,0.0
1548546,398.72812197698636
1549547,0.0
1550548,0.0
1551549,0.0
1552550,458.1007122979374
1553551,437.0537110210025
1554552,0.0
1555553,17.352509922735273
1556554,433.67232252135756
1557555,0.0
1558556,451.5876708498347
1559557,0.0
1560558,13.39384735167224
1561559,110.39770425317128
1562560,0.0
1563561,0.0
1564562,427.3434213383694
1565563,27.281267354057032
1566564,0.0
1567565,38.62154094581488
1568566,459.7437716641938
1569567,0.0
1570568,0.0
1571569,179.44524959471434
1572570,431.6975345835415
1573571,0.0
1574572,0.0
1575573,0.0
1576574,0.0
1577575,0.0
1578576,0.0
1579577,0.0
1580578,0.0
1581579,0.0
1582580,0.0
1583581,67.40364835270839
1584582,3.537088124169724
1585583,448.351979644854
1586584,0.0
1587585,0.0
1588586,435.76203967391564
1589587,0.0
1590588,441.9679476305855
1591589,0.0
1592590,458.96892105252084
1593591,47.3622455105828
1594592,399.3310239070384
1595593,0.0
1596594,0.0
1597595,0.0
1598596,456.31250205061764
1599597,0.0
1600598,493.7797882267433
1601599,0.0
1602600,0.0
1603601,23.93801577432505
1604602,0.0
1605603,0.0
1606604,0.0
1607605,171.8587233316273
1608606,0.0
1609607,185.2290914162988
1610608,117.92487749315919
1611609,462.3392624597841
1612610,399.9425669479965
1613611,461.51022488872115
1614612,104.35964847211307
1615613,20.040759886625985
1616614,0.0
1617615,0.0
1618616,422.8501122463081
1619617,463.11568564612304
1620618,20.23292877259717
1621619,0.0
1622620,0.0
1623621,418.3899415273311
1624622,0.0
1625623,0.0
1626624,0.0
1627625,0.0
1628626,398.9792077629281
1629627,0.0
1630628,450.1898405942005
1631629,423.78583688089236
1632630,7.555052294091757
1633631,0.0
1634632,0.0
1635633,423.9551384550084
1636634,0.0
1637635,435.7292399692152
1638636,453.4061497081911
1639637,411.8906537404473
1640638,444.82612006317333
1641639,444.5907187307731
1642640,0.0
1643641,469.9220412416212
1644642,0.0
1645643,0.0
1646644,472.4587967498952
1647645,317.71552391012096
1648646,0.0
1649647,0.0
1650648,21.209722424897635
1651649,0.0
1652650,0.0
1653651,439.0452170452099
1654652,454.41393473381453
1655653,0.0
1656654,0.0
1657655,3.71268205427013
1658656,441.2834374765608
1659657,449.07140591447353
1660658,437.85154821646984
1661659,0.0
1662660,446.26053869593306
1663661,0.0
1664662,431.74469255039116
1665663,465.5967370258253
1666664,0.0
1667665,397.4969559020066
1668666,0.0
1669667,455.7154555628134
1670668,0.0
1671669,0.0
1672670,0.0
1673671,0.0
1674672,0.0
1675673,0.0
1676674,0.0
1677675,0.0
1678676,0.0
1679677,0.0
1680678,0.0
1681679,0.0
1682680,0.0
1683681,18.128529553041258
1684682,12.83781534283729
1685683,0.0
1686684,0.0
1687685,0.0
1688686,0.0
1689687,0.0
1690688,394.89721580685534
1691689,429.36681568218137
1692690,0.0
1693691,426.08279123425376
1694692,7.653690437966275
1695693,0.0
1696694,0.0
1697695,398.39871177017153
1698696,484.3602586312523
1699697,456.12525277106045
1700698,0.0
1701699,0.0
1702700,447.5514666588872
1703701,0.0
1704702,437.06917787502437
1705703,0.0
1706704,0.0
1707705,0.0
1708706,394.5749690042177
1709707,0.0
1710708,14.665583770843462
1711709,0.0
1712710,0.0
1713711,0.0
1714712,0.0
1715713,0.0
1716714,0.0
1717715,13.029050821737918
1718716,434.48378398733644
1719717,447.73057080851623
1720718,20.682301344282926
1721719,0.0
1722720,442.08085080469175
1723721,0.0
1724722,457.91864192446303
1725723,0.0
1726724,0.0
1727725,25.39782318265761
1728726,46.57741207812177
1729727,69.52206719284106
1730728,414.19009237044935
1731729,21.511635521006927
1732730,17.42777660823124
1733731,51.5303679300837
1734732,40.00440269599858
1735733,0.0
1736734,11.634617866881829
1737735,0.0
1738736,0.0
1739737,359.54530043034936
1740738,18.24991375597325
1741739,176.69153040473464
1742740,0.0
1743741,9.575614351128722
1744742,466.6389182396884
1745743,0.0
1746744,0.0
1747745,412.26498032456175
1748746,0.0
1749747,442.2485719480088
1750748,395.49176272610276
1751749,0.0
1752750,410.36721373335587
1753751,159.52447808835439
1754752,357.0221855452768
1755753,13.587425141017842
1756754,0.0
1757755,0.0
1758756,417.9653573343016
1759757,0.0
1760758,412.7901918107223
1761759,0.0
1762760,22.487219911859793
1763761,0.0
1764762,0.0
1765763,0.0
1766764,0.0
1767765,0.0
1768766,20.23330747526095
1769767,0.0
1770768,428.4147880199153
1771769,29.895239496438833
1772770,0.0
1773771,0.0
1774772,0.0
1775773,0.0
1776774,0.0
1777775,434.82635644423436
1778776,430.91893230372335
1779777,14.707171888363176
1780778,470.38380403784316
1781779,0.0
1782780,0.0
1783781,18.330451183522097
1784782,0.0
1785783,0.0
1786784,0.0
1787785,439.74622238098823
1788786,0.0
1789787,406.312114089396
1790788,0.0
1791789,0.0
1792790,0.0
1793791,0.0
1794792,0.0
1795793,428.7682328514303
1796794,9.161564772654094
1797795,433.77695149739014
1798796,0.0
1799797,438.32721177902425
1800798,0.0
1801799,0.0
1802800,15.642308661343145
1803801,39.52148681615459
1804802,0.0
1805803,0.0
1806804,197.54707331288247
1807805,397.32401487019774
1808806,0.0
1809807,11.461669055044961
1810808,391.7471203697392
1811809,336.0546960376919
1812810,22.25235321028863
1813811,310.48922202091654
1814812,428.66667830600534
1815813,44.557380278905825
1816814,0.0
1817815,0.0
1818816,408.73882533945243
1819817,11.850613724903813
1820818,0.0
1821819,0.0
1822820,0.0
1823821,14.50715678064061
1824822,0.0
1825823,412.20464298631646
1826824,38.76716063917217
1827825,444.76638046970214
1828826,442.4032610657682
1829827,33.581521657150184
1830828,0.0
1831829,379.6970199470121
1832830,0.0
1833831,0.0
1834832,10.16546390327698
1835833,85.94849610910758
1836834,461.2444488119488
1837835,0.0
1838836,0.0
1839837,0.0
1840838,0.0
1841839,16.132262451466662
1842840,302.43791520434326
1843841,387.41893563887896
1844842,421.8529306236464
1845843,0.0
1846844,10.193447231041706
1847845,414.5071527746593
1848846,16.576234007213465
1849847,11.03984927291428
1850848,418.83602408276545
1851849,32.023019472793145
1852850,0.0
1853851,15.564310084854283
1854852,0.0
1855853,29.57384977694659
1856854,28.457472181528416
1857855,251.4068956172263
1858856,417.55534095853164
1859857,32.784110501268096
1860858,0.0
1861859,0.0
1862860,406.47979181050977
1863861,0.0
1864862,417.9410454630039
1865863,0.0
1866864,0.0
1867865,429.76070020231805
1868866,403.2389039133706
1869867,0.0
1870868,0.0
1871869,0.0
1872870,444.33052340141273
1873871,457.02110143743477
1874872,386.3676480550865
1875873,0.0
1876874,332.2992812224585
1877875,0.0
1878876,0.0
1879877,46.096623100293726
1880878,12.824628734244083
1881879,9.181844380294859
1882880,0.0
1883881,435.8468555889175
1884882,0.0
1885883,450.4458789780978
1886884,186.18425585812543
1887885,0.0
1888886,395.70807083388996
1889887,9.376260785554043
1890888,0.0
1891889,0.0
1892890,11.811299613373878
1893891,0.0
1894892,0.0
1895893,0.0
1896894,436.4757324352049
1897895,0.0
1898896,452.72734865411974
1899897,0.0
1900898,150.9079895447436
1901899,0.0
1902900,0.0
1903901,0.0
1904902,0.0
1905903,0.0
1906904,467.04427618209934
1907905,0.0
1908906,439.1453824771165
1909907,0.0
1910908,0.0
1911909,423.7916201220499
1912910,454.2933424964803
1913911,459.27559226246956
1914912,16.54388206957957
1915913,130.99914096156698
1916914,422.5822307823825
1917915,0.0
1918916,424.9258362015661
1919917,414.89958444048176
1920918,0.0
1921919,0.0
1922920,449.0511617549829
1923921,0.0
1924922,400.3643415593196
1925923,0.0
1926924,418.976185370771
1927925,428.48355216138765
1928926,17.881687517479932
1929927,11.830847541213139
1930928,0.0
1931929,0.0
1932930,0.0
1933931,0.0
1934932,0.0
1935933,424.30341845160916
1936934,0.0
1937935,17.465207921655047
1938936,0.0
1939937,25.685872599605823
1940938,0.0
1941939,0.0
1942940,2.7792529358388616
1943941,412.1161995034922
1944942,0.0
1945943,431.3377883160446
1946944,0.0
1947945,0.0
1948946,431.7942374288197
1949947,10.211800667276957
1950948,0.0
1951949,0.0
1952950,0.0
1953951,34.449664301265635
1954952,0.0
1955953,397.0318198240427
1956954,264.82833705036836
1957955,0.0
1958956,0.0
1959957,471.8424070752718
1960958,14.831436580734648
1961959,444.05549642648646
1962960,0.0
1963961,0.0
1964962,0.0
1965963,419.9749659285408
1966964,0.0
1967965,434.1723621327368
1968966,0.0
1969967,3.9042713131318862
1970968,0.0
1971969,32.04179462259036
1972970,0.0
1973971,421.03560274603757
1974972,0.0
1975973,0.0
1976974,0.0
1977975,11.841049875926538
1978976,0.0
1979977,453.00939739383057
1980978,0.0
1981979,17.684948982378064
1982980,437.88017763969896
1983981,0.0
1984982,13.72697430902395
1985983,0.0
1986984,0.0
1987985,0.0
1988986,0.0
1989987,421.9475405721488
1990988,456.59942403739757
1991989,477.1945426042701
1992990,389.1556540692212
1993991,0.0
1994992,414.6815149725326
1995993,0.0
1996994,0.0
1997995,16.621155157877467
1998996,10.12025682404448
1999997,453.42434266689526
2000998,0.0
2001999,0.0
2003000,11.977100685701222
2004001,0.0
2005002,0.0
2006003,454.2373565798106
2007004,0.0
2008005,0.0
2009006,0.0
2010007,0.0
2011008,0.0
2012009,0.0
2013010,0.0
2014011,443.397214534617
2015012,0.0
2016013,0.0
2017014,0.0
2018015,0.0
2019016,0.0
2020017,0.0
2021018,0.0
2022019,0.0
2023020,419.8234463451076
2024021,0.0
2025022,437.0038118595352
2026023,439.3463635326278
2027024,12.12077329393711
2028025,18.177342531236643
2029026,0.0
2030027,0.0
2031028,402.731880607247
2032029,0.0
2033030,0.0
2034031,0.0
2035032,0.0
2036033,408.6706624386644
2037034,0.0
2038035,11.002051460056405
2039036,447.40717114627597
2040037,0.0
2041038,16.819853468782036
2042039,400.3087566457941
2043040,0.0
2044041,0.0
2045042,0.0
2046043,16.568767010265784
2047044,0.0
2048045,0.0
2049046,44.00664523221655
2050047,424.8518052937373
2051048,0.0
2052049,367.29966144888317
2053050,432.74015347299155
2054051,0.0
2055052,11.266304045850207
2056053,453.71258866394425
2057054,388.48581505755465
2058055,483.25601275225034
2059056,26.35123980855204
2060057,0.0
2061058,0.0
2062059,0.0
2063060,319.0749567845132
2064061,0.0
2065062,397.7857199577485
2066063,447.3384627589889
2067064,0.0
2068065,26.51792506119058
2069066,427.5996980212173
2070067,0.0
2071068,0.0
2072069,0.0
2073070,0.0
2074071,448.3818345011475
2075072,0.0
2076073,261.47749077872356
2077074,0.0
2078075,25.002768643684224
2079076,0.0
2080077,0.0
2081078,12.1440549475816
2082079,0.0
2083080,0.0
2084081,6.611580069084033
2085082,0.0
2086083,0.0
2087084,0.0
2088085,0.0
2089086,0.0
2090087,169.20080602786433
2091088,423.6500741965902
2092089,473.3561635628767
2093090,468.8613400831414
2094091,0.0
2095092,0.0
2096093,15.43714582059368
2097094,17.20027911333001
2098095,5.5856705512304
2099096,0.0
2100097,0.0
2101098,0.0
2102099,10.399888628919486
2103100,158.81232936368522
2104101,0.0
2105102,12.730470500503722
2106103,0.0
2107104,0.0
2108105,0.0
2109106,55.9415631528452
2110107,0.0
2111108,0.0
2112109,0.0
2113110,53.946592548840194
2114111,0.0
2115112,472.5462992164634
2116113,0.0
2117114,261.390211062693
2118115,0.0
2119116,321.3924658236823
2120117,456.92594284599375
2121118,0.0
2122119,4.57896801953826
2123120,0.0
2124121,0.0
2125122,0.0
2126123,18.31517945528123
2127124,0.0
2128125,0.0
2129126,482.7351267714086
2130127,423.358868102043
2131128,437.36845074346184
2132129,0.0
2133130,13.864407061221685
2134131,0.0
2135132,0.0
2136133,467.42389235298907
2137134,447.9046136381382
2138135,11.166861287957683
2139136,10.528388441810275
2140137,0.0
2141138,444.2327487182588
2142139,0.0
2143140,392.8672693911711
2144141,7.401643622027159
2145142,0.0
2146143,0.0
2147144,0.0
2148145,0.0
2149146,0.0
2150147,406.2884385142834
2151148,408.3137016969706
2152149,0.0
2153150,0.0
2154151,475.5441745568168
2155152,449.0493244029866
2156153,8.62346488767894
2157154,419.4663703056754
2158155,0.0
2159156,457.5727223903107
2160157,0.0
2161158,19.228251944870863
2162159,0.0
2163160,0.0
2164161,0.0
2165162,0.0
2166163,427.99511249597515
2167164,0.0
2168165,0.0
2169166,0.0
2170167,21.440849794084066
2171168,0.0
2172169,0.0
2173170,433.7450072667073
2174171,0.0
2175172,456.7932675343783
2176173,416.3635743783978
2177174,399.98039765342133
2178175,0.0
2179176,19.050421891321456
2180177,0.0
2181178,14.495142795046073
2182179,0.0
2183180,0.0
2184181,0.0
2185182,0.0
2186183,0.0
2187184,0.0
2188185,0.0
2189186,0.0
2190187,0.0
2191188,0.0
2192189,0.0
2193190,0.0
2194191,0.0
2195192,426.56101162022503
2196193,0.0
2197194,0.0
2198195,0.0
2199196,39.60824353264978
2200197,14.407265466029616
2201198,0.0
2202199,19.512377258084896
2203200,0.0
2204201,0.0
2205202,328.0760563702949
2206203,384.56274211447595
2207204,0.0
2208205,0.0
2209206,389.35387857655786
2210207,0.0
2211208,362.37614490988693
2212209,0.0
2213210,0.0
2214211,0.0
2215212,405.07560838240437
2216213,413.3665326861679
2217214,0.0
2218215,320.074711152983
2219216,414.9637522054365
2220217,0.0
2221218,405.7335546589316
2222219,0.0
2223220,0.0
2224221,12.191413859546097
2225222,0.0
2226223,398.161494385266
2227224,0.0
2228225,0.0
2229226,358.31193915424296
2230227,0.0
2231228,408.13828055962904
2232229,439.2716766177196
2233230,0.0
2234231,399.540182926622
2235232,9.315638959388805
2236233,0.0
2237234,0.0
2238235,427.3767344178504
2239236,0.0
2240237,485.52908329651063
2241238,390.72664418984084
2242239,29.954305984327764
2243240,0.0
2244241,0.0
2245242,0.0
2246243,0.0
2247244,0.0
2248245,0.0
2249246,0.0
2250247,6.143249332998822
2251248,455.9102355294103
2252249,16.236677618986434
2253250,20.042200136864793
2254251,7.575320801374323
2255252,0.0
2256253,0.0
2257254,0.0
2258255,0.0
2259256,0.0
2260257,441.36389287275364
2261258,0.0
2262259,0.0
2263260,0.0
2264261,0.0
2265262,418.74936063335196
2266263,0.0
2267264,18.362903717473195
2268265,38.358107535932184
2269266,0.0
2270267,0.0
2271268,21.636359992241424
2272269,438.3502243385378
2273270,0.0
2274271,0.0
2275272,0.0
2276273,439.3087111247906
2277274,0.0
2278275,402.679839465097
2279276,9.156615221731192
2280277,237.32098429758287
2281278,118.71928014344554
2282279,335.3352263916485
2283280,212.2316684318679
2284281,405.5922906807041
2285282,0.0
2286283,0.0
2287284,0.0
2288285,0.0
2289286,0.0
2290287,427.7043858273741
2291288,0.0
2292289,417.20380365117194
2293290,82.62704403395851
2294291,3.812560265048693
2295292,0.0
2296293,226.49019763197472
2297294,0.0
2298295,284.70619978207424
2299296,399.0694939423464
2300297,0.0
2301298,0.0
2302299,379.6660610963231
2303300,0.0
2304301,0.0
2305302,0.0
2306303,0.0
2307304,0.0
2308305,0.0
2309306,0.0
2310307,378.5203631557477
2311308,404.91135522894945
2312309,16.0853288059642
2313310,0.0
2314311,0.0
2315312,0.0
2316313,0.0
2317314,13.705075455430096
2318315,405.5445463071051
2319316,0.0
2320317,0.0
2321318,0.0
2322319,9.215475136138481
2323320,425.1199838983126
2324321,492.4142080458123
2325322,0.0
2326323,0.0
2327324,0.0
2328325,0.0
2329326,0.0
2330327,448.8463689825238
2331328,0.0
2332329,10.247935425720685
2333330,467.6399968369672
2334331,473.39506985243656
2335332,406.64206385911933
2336333,0.0
2337334,0.0
2338335,333.397266737994
2339336,0.0
2340337,421.94900274685807
2341338,0.0
2342339,0.0
2343340,0.0
2344341,0.0
2345342,428.8747727124346
2346343,0.0
2347344,0.0
2348345,0.0
2349346,0.0
2350347,0.0
2351348,0.0
2352349,358.84403183651506
2353350,0.0
2354351,0.0
2355352,456.28716330401124
2356353,102.93958780519783
2357354,452.43150394096756
2358355,28.30454652528112
2359356,415.99746301906333
2360357,0.0
2361358,0.0
2362359,19.295343728919526
2363360,0.0
2364361,0.0
2365362,11.851247071431384
2366363,0.0
2367364,424.47597687690774
2368365,478.9206558973664
2369366,0.0
2370367,0.0
2371368,0.0
2372369,452.79010928324294
2373370,0.0
2374371,0.0
2375372,23.890332261368474
2376373,463.18482560572136
2377374,0.0
2378375,424.2829752058233
2379376,198.13681492172475
2380377,0.0
2381378,0.0
2382379,465.6025239827054
2383380,0.0
2384381,434.7925845502519
2385382,440.902299821746
2386383,108.76364647619427
2387384,51.28320569963677
2388385,376.9168410363179
2389386,8.55952897243681
2390387,0.0
2391388,459.43340809872586
2392389,38.492434118931286
2393390,467.7343378733542
2394391,0.0
2395392,0.0
2396393,465.9065940079244
2397394,0.0
2398395,21.97443759647138
2399396,0.0
2400397,0.0
2401398,32.860621035102795
2402399,438.1681331996367
2403400,0.0
2404401,0.0
2405402,0.0
2406403,0.0
2407404,0.0
2408405,0.0
2409406,0.0
2410407,0.0
2411408,0.0
2412409,0.0
2413410,0.0
2414411,383.7466623061512
2415412,0.0
2416413,0.0
2417414,17.278749565960823
2418415,429.2594963603533
2419416,320.0626794658377
2420417,0.0
2421418,446.8915726457029
2422419,0.0
2423420,0.0
2424421,0.0
2425422,0.0
2426423,6.049373343778622
2427424,13.069855956101796
2428425,0.0
2429426,423.38081311427635
2430427,0.0
2431428,0.0
2432429,0.0
2433430,14.699323001530452
2434431,0.0
2435432,0.0
2436433,11.991831155884295
2437434,0.0
2438435,0.0
2439436,83.44471175414871
2440437,204.63189816697442
2441438,0.0
2442439,0.0
2443440,0.0
2444441,16.460346481179602
2445442,7.13844198777828
2446443,0.0
2447444,61.22726808553801
2448445,16.40021160618683
2449446,387.2092085676846
2450447,388.886178474957
2451448,0.0
2452449,0.0
2453450,436.9417343778743
2454451,10.958547776252846
2455452,98.51596773520586
2456453,6.2699883643282295
2457454,0.0
2458455,414.18406873696574
2459456,414.8524941509138
2460457,404.1543234162933
2461458,0.0
2462459,0.0
2463460,0.0
2464461,450.99479692323985
2465462,434.4217794493354
2466463,0.0
2467464,7.377404750767072
2468465,0.0
2469466,0.0
2470467,370.61625582411955
2471468,13.667960758555964
2472469,256.2903903963355
2473470,467.42179593323016
2474471,5.552763443696234
2475472,0.0
2476473,86.71524350702512
2477474,423.4188428128301
2478475,0.0
2479476,450.9297377058807
2480477,158.81983114580345
2481478,6.439481854145159
2482479,0.0
2483480,0.0
2484481,416.932496976955
2485482,466.9197014565339
2486483,0.0
2487484,452.5265550761201
2488485,0.0
2489486,0.0
2490487,327.45516600309395
2491488,399.87436124329776
2492489,136.8826054421477
2493490,384.7994605125606
2494491,0.0
2495492,424.2337566109368
2496493,0.0
2497494,388.80906221358634
2498495,0.0
2499496,426.02510033494616
2500497,456.61238484259223
2501498,431.41310083367483
2502499,0.0
2503500,0.0
2504501,461.2278213900444
2505502,0.0
2506503,0.0
2507504,0.0
2508505,0.0
2509506,0.0
2510507,8.336053037659859
2511508,358.3114228452979
2512509,391.9358451983376
2513510,0.0
2514511,0.0
2515512,11.721981441548307
2516513,21.14566284101128
2517514,0.0
2518515,432.49845628671017
2519516,0.0
2520517,493.7816218232353
2521518,0.0
2522519,0.0
2523520,416.4782268862315
2524521,423.8826716440778
2525522,0.0
2526523,0.0
2527524,457.645526551385
2528525,0.0
2529526,0.0
2530527,464.83177494774947
2531528,7.274620811260119
2532529,0.0
2533530,0.0
2534531,439.06276976570297
2535532,0.0
2536533,473.72468497509595
2537534,0.0
2538535,0.0
2539536,10.652509201799939
2540537,0.0
2541538,0.0
2542539,32.221750566870156
2543540,31.4537335370147
2544541,0.0
2545542,452.2627418360673
2546543,449.23455423211186
2547544,0.0
2548545,9.372032046571793
2549546,485.83658819636673
2550547,0.0
2551548,475.81650068808943
2552549,451.65464084874014
2553550,0.0
2554551,456.5497053163194
2555552,0.0
2556553,446.94356512345723
2557554,0.0
2558555,466.0472006164218
2559556,446.21267001515304
2560557,89.500210101084
2561558,478.19708317611605
2562559,0.0
2563560,0.0
2564561,0.0
2565562,6.459760314821881
2566563,0.0
2567564,17.32580800816648
2568565,0.0
2569566,0.0
2570567,446.90864497688693
2571568,18.547120670440357
2572569,180.39768570580077
2573570,18.11887954653766
2574571,0.0
2575572,449.8468986067938
2576573,458.2291083249285
2577574,0.0
2578575,0.0
2579576,474.64483675824243
2580577,0.0
2581578,0.0
2582579,519.4150117761352
2583580,12.73532654088326
2584581,34.514951905149495
2585582,263.051390895385
2586583,0.0
2587584,446.3750589245481
2588585,478.26024794837576
2589586,0.0
2590587,436.12418158199995
2591588,0.0
2592589,473.34061008021337
2593590,450.95470492736746
2594591,25.553691878194986
2595592,0.0
2596593,495.80266338994625
2597594,0.0
2598595,0.0
2599596,495.5940613849671
2600597,0.0
2601598,470.4293751603905
2602599,17.209612731434746
2603600,0.0
2604601,0.0
2605602,0.0
2606603,0.0
2607604,502.3572921878957
2608605,37.476372909564375
2609606,32.92667791254781
2610607,470.1677193419919
2611608,0.0
2612609,0.0
2613610,317.338458163239
2614611,0.0
2615612,0.0
2616613,0.0
2617614,499.92813030584654
2618615,459.0703947743062
2619616,0.0
2620617,466.4572922823576
2621618,62.91758371666361
2622619,8.246083609937042
2623620,16.49123097795491
2624621,0.0
2625622,5.323093589096837
2626623,461.68360913795186
2627624,0.0
2628625,20.285684028054238
2629626,0.0
2630627,0.0
2631628,0.0
2632629,303.03054343595915
2633630,448.45893400760303
2634631,0.0
2635632,32.258662988834516
2636633,0.0
2637634,0.0
2638635,0.0
2639636,0.0
2640637,473.3050192636653
2641638,0.0
2642639,6.333896838191883
2643640,48.13966832209405
2644641,360.15222827983166
2645642,0.0
2646643,22.07719315621627
2647644,0.0
2648645,0.0
2649646,449.99763502903573
2650647,10.149691215784387
2651648,0.0
2652649,275.48247483955146
2653650,472.67574741031075
2654651,28.825021830484246
2655652,0.0
2656653,420.3423268063374
2657654,437.6837890827236
2658655,0.0
2659656,11.912214197836464
2660657,0.0
2661658,0.0
2662659,0.0
2663660,94.82670966130986
2664661,429.13432634338915
2665662,0.0
2666663,0.0
2667664,0.0
2668665,0.0
2669666,439.571541857265
2670667,0.0
2671668,0.0
2672669,34.970112400662074
2673670,0.0
2674671,459.8947201256247
2675672,0.0
2676673,0.0
2677674,0.0
2678675,478.1859727318538
2679676,159.6409444067803
2680677,7.467958344016526
2681678,430.04923073920594
2682679,442.0869283989466
2683680,0.0
2684681,438.37429707579525
2685682,0.0
2686683,0.0
2687684,0.0
2688685,482.22605931631165
2689686,471.0413324144181
2690687,0.0
2691688,0.0
2692689,482.45857876435565
2693690,5.444856220968374
2694691,0.0
2695692,0.0
2696693,455.2956598210356
2697694,0.0
2698695,0.0
2699696,0.0
2700697,281.9414094636112
2701698,0.0
2702699,0.0
2703700,280.4773898551309
2704701,0.0
2705702,0.0
2706703,447.70944052741174
2707704,0.0
2708705,0.0
2709706,0.0
2710707,0.0
2711708,0.0
2712709,13.808265705429955
2713710,58.30478962193284
2714711,441.30789258985936
2715712,9.254264653950514
2716713,0.9364826751640749
2717714,0.0
2718715,456.0831530826002
2719716,0.0
2720717,25.08551496125051
2721718,459.5209057666954
2722719,18.156841514627374
2723720,177.2998071013796
2724721,0.0
2725722,474.6406472396688
2726723,0.0
2727724,23.517911008088628
2728725,0.0
2729726,0.0
2730727,6.293194337165646
2731728,18.44666085207336
2732729,0.0
2733730,0.0
2734731,8.379175656601642
2735732,26.200814334246907
2736733,95.27973116757927
2737734,0.0
2738735,460.2520338231605
2739736,485.4315229859985
2740737,24.32568002866079
2741738,0.0
2742739,430.30790209391625
2743740,455.3270781141479
2744741,0.0
2745742,29.070191532992748
2746743,482.0201150092601
2747744,0.0
2748745,0.0
2749746,453.1511951629639
2750747,448.9320098322692
2751748,481.39289144824716
2752749,0.0
2753750,0.0
2754751,0.0
2755752,0.0
2756753,217.7439809457789
2757754,0.0
2758755,484.03268372077196
2759756,0.0
2760757,15.671992288859514
2761758,0.0
2762759,447.9363081969943
2763760,0.0
2764761,363.15406814273865
2765762,0.0
2766763,0.0
2767764,483.4139770322441
2768765,0.0
2769766,426.18535173701133
2770767,0.0
2771768,0.0
2772769,30.012669613560682
2773770,437.97734603879223
2774771,442.0881482782351
2775772,477.14923626572374
2776773,0.0
2777774,23.048513747484527
2778775,0.0
2779776,402.4598381675385
2780777,0.0
2781778,0.0
2782779,0.0
2783780,9.755514289440857
2784781,0.0
2785782,465.84712438703974
2786783,0.0
2787784,0.0
2788785,0.0
2789786,483.23491523573836
2790787,23.706107096580162
2791788,23.672104360774068
2792789,0.0
2793790,0.0
2794791,213.78875672233454
2795792,0.0
2796793,28.921974000495084
2797794,50.897271892280806
2798795,0.0
2799796,487.51488275971894
2800797,0.0
2801798,0.0
2802799,1.9056329472127875
2803800,0.0
2804801,249.03248916282655
2805802,0.0
2806803,317.05639202262506
2807804,391.9686716465543
2808805,403.7840525196798
2809806,0.0
2810807,0.0
2811808,445.3724270138132
2812809,11.892613347922019
2813810,0.0
2814811,0.0
2815812,0.0
2816813,0.0
2817814,0.0
2818815,0.0
2819816,0.0
2820817,23.15546993928958
2821818,458.36256529382314
2822819,3.634848381039037
2823820,32.9046883955624
2824821,413.1835232259129
2825822,0.0
2826823,0.0
2827824,419.98471051744656
2828825,14.68588814651665
2829826,10.955150993761933
2830827,0.0
2831828,186.26683726372605
2832829,453.57872048368483
2833830,481.65622905451977
2834831,0.0
2835832,269.91528972026686
2836833,0.0
2837834,480.7527085294406
2838835,0.0
2839836,464.27275995750153
2840837,0.0
2841838,0.0
2842839,0.0
2843840,137.0712724264294
2844841,0.0
2845842,0.0
2846843,0.0
2847844,0.0
2848845,0.0
2849846,445.2554454482029
2850847,0.0
2851848,19.657840811478707
2852849,417.2660149891241
2853850,5.264991519890768
2854851,458.5902241331315
2855852,0.0
2856853,0.0
2857854,472.15165779354123
2858855,474.1681144854621
2859856,461.2719571652234
2860857,473.8624072863623
2861858,0.0
2862859,0.0
2863860,494.4190397401289
2864861,0.0
2865862,45.8633042756832
2866863,5.260768097275128
2867864,0.0
2868865,416.9395006557358
2869866,6.727289685214878
2870867,19.21097400426047
2871868,458.5900316111481
2872869,0.0
2873870,0.0
2874871,433.7492402240397
2875872,0.0
2876873,29.28682475174022
2877874,0.0
2878875,441.0851512744061
2879876,94.91956179155478
2880877,12.783882146332452
2881878,0.0
2882879,0.0
2883880,0.0
2884881,467.8952207816813
2885882,32.59609604454183
2886883,0.0
2887884,20.404178764243184
2888885,24.20191252657296
2889886,22.79640286156606
2890887,0.0
2891888,0.0
2892889,177.37292437577136
2893890,0.0
2894891,0.0
2895892,0.0
2896893,0.0
2897894,16.437154013116132
2898895,22.455288978352982
2899896,0.0
2900897,15.194168446107179
2901898,324.18096292022824
2902899,0.0
2903900,0.0
2904901,13.783686630169765
2905902,491.83498415738376
2906903,0.0
2907904,14.61409211486896
2908905,0.0
2909906,0.0
2910907,413.2552885139294
2911908,75.46193625020179
2912909,19.85451176191293
2913910,0.0
2914911,486.86898635327935
2915912,0.0
2916913,49.27010782652849
2917914,458.62469206939033
2918915,310.21007562290606
2919916,0.0
2920917,0.0
2921918,32.634484488475394
2922919,0.0
2923920,0.0
2924921,447.80417098618307
2925922,0.0
2926923,0.0
2927924,0.0
2928925,0.0
2929926,15.496170109752747
2930927,0.0
2931928,449.6514675843744
2932929,0.0
2933930,452.2016353971886
2934931,42.68562335013301
2935932,0.0
2936933,22.973794655037928
2937934,8.244018296537794
2938935,458.3490777886125
2939936,0.0
2940937,446.68505463994387
2941938,0.0
2942939,0.0
2943940,0.0
2944941,477.50303264281985
2945942,434.0249202278517
2946943,447.6934252636788
2947944,0.0
2948945,0.0
2949946,21.233184396645232
2950947,0.0
2951948,454.3839242119929
2952949,0.0
2953950,475.5090817905564
2954951,463.8162340054734
2955952,14.710855257773474
2956953,0.0
2957954,22.09180663604032
2958955,0.0
2959956,35.899870898863206
2960957,12.76532345702954
2961958,39.12656528269619
2962959,0.0
2963960,468.6460760377998
2964961,362.6986260732278
2965962,195.22713608691188
2966963,23.035879024632553
2967964,31.203246501626875
2968965,0.0
2969966,0.0
2970967,432.71125687713317
2971968,483.2869081208772
2972969,20.08225794478578
2973970,0.0
2974971,0.0
2975972,27.544098807739754
2976973,456.0346492124588
2977974,0.0
2978975,464.8260062582964
2979976,0.0
2980977,446.460595382985
2981978,39.6038973731076
2982979,449.7462440949864
2983980,0.0
2984981,101.55308725144857
2985982,0.0
2986983,236.2700818718628
2987984,0.0
2988985,439.3434995822676
2989986,445.69869362357014
2990987,45.005145606353565
2991988,12.818132043469205
2992989,0.0
2993990,94.88042776396145
2994991,138.682232111228
2995992,444.33835662225874
2996993,0.0
2997994,0.0
2998995,501.3330192875735
2999996,0.0
3000997,0.0
3001998,0.0
3002999,408.9444900808604
3004000,0.0
3005001,0.0
3006002,417.42236801964003
3007003,453.67476274707104
3008004,0.0
3009005,485.4346421449197
3010006,0.0
3011007,0.0
3012008,447.10759704856605
3013009,481.06572050314935
3014010,0.0
3015011,0.0
3016012,474.59948151797727
3017013,467.80553110795154
3018014,470.3320121602367
3019015,26.84981801294929
3020016,475.3686573215406
3021017,494.265864506891
3022018,12.78343967423002
3023019,0.0
3024020,13.043846430344058
3025021,232.33640066371248
3026022,0.0
3027023,489.88885426520676
3028024,0.0
3029025,0.0
3030026,0.0
3031027,0.0
3032028,453.90240083348647
3033029,4.831276619265328
3034030,457.3933546010475
3035031,478.1118860234014
3036032,452.53219042695315
3037033,0.0
3038034,0.0
3039035,464.6731756489627
3040036,0.0
3041037,10.94431388944165
3042038,487.41315627176147
3043039,0.0
3044040,0.0
3045041,498.3830509321545
3046042,0.0
3047043,0.0
3048044,403.8911291324353
3049045,0.0
3050046,0.0
3051047,0.0
3052048,0.0
3053049,0.0
3054050,0.0
3055051,473.73151781835634
3056052,0.0
3057053,0.0
3058054,396.0291581540091
3059055,511.3546325296646
3060056,0.0
3061057,32.67565561572081
3062058,0.0
3063059,0.0
3064060,0.0
3065061,0.0
3066062,15.589502706443799
3067063,0.0
3068064,0.0
3069065,465.54263656789414
3070066,480.52805248152504
3071067,0.0
3072068,0.0
3073069,2.7380292972632665
3074070,6.303362069842096
3075071,0.0
3076072,0.0
3077073,0.0
3078074,469.17784438888367
3079075,11.974877142505616
3080076,0.0
3081077,0.0
3082078,0.0
3083079,0.0
3084080,449.17581317830695
3085081,0.0
3086082,0.0
3087083,0.0
3088084,483.95319243592655
3089085,456.0683441415029
3090086,8.305358398595317
3091087,0.0
3092088,437.02380623302133
3093089,28.60781669874859
3094090,0.0
3095091,494.91488659559184
3096092,0.0
3097093,0.0
3098094,464.0933311778137
3099095,0.0
3100096,11.208989441594996
3101097,0.0
3102098,0.0
3103099,0.0
3104100,10.991342150624394
3105101,455.3434291639541
3106102,14.459125034050984
3107103,461.75762652342775
3108104,57.32061689353732
3109105,490.9352060279754
3110106,16.662812429717544
3111107,0.0
3112108,35.02019990507605
3113109,0.0
3114110,28.170449634056784
3115111,0.0
3116112,0.0
3117113,40.22061281824059
3118114,0.0
3119115,527.9476030806521
3120116,0.0
3121117,485.513392024733
3122118,0.0
3123119,26.84509439719853
3124120,499.8102667582071
3125121,0.0
3126122,0.0
3127123,0.0
3128124,0.0
3129125,450.9010457349209
3130126,0.0
3131127,0.0
3132128,0.0
3133129,463.6318168586223
3134130,0.0
3135131,0.0
3136132,0.0
3137133,0.0
3138134,0.0
3139135,0.0
3140136,453.374686619973
3141137,0.0
3142138,0.0
3143139,0.0
3144140,440.68578873599137
3145141,214.37756030552512
3146142,0.0
3147143,0.0
3148144,0.0
3149145,0.0
3150146,0.0
3151147,15.275593316233516
3152148,0.0
3153149,477.6514547902713
3154150,454.3642021983882
3155151,0.0
3156152,0.0
3157153,462.36754870890894
3158154,0.0
3159155,441.67354235545565
3160156,0.0
3161157,0.0
3162158,0.0
3163159,32.23403994792584
3164160,36.41750413010944
3165161,0.0
3166162,2.82961216096494
3167163,7.528631287445192
3168164,474.89178532585464
3169165,485.3081298476934
3170166,446.30879749218246
3171167,0.0
3172168,0.0
3173169,462.04554051944956
3174170,462.8554187167167
3175171,458.28978241550243
3176172,0.0
3177173,0.0
3178174,480.67627800015975
3179175,0.0
3180176,4.572750486196423
3181177,480.1624566872027
3182178,462.19765149617774
3183179,472.6603078148707
3184180,14.403635125004481
3185181,17.11261240481913
3186182,0.0
3187183,480.8528865552133
3188184,437.86096233129507
3189185,0.0
3190186,0.0
3191187,473.4292851976081
3192188,94.9827315695833
3193189,0.0
3194190,10.326350392547472
3195191,7.245989083450388
3196192,0.0
3197193,0.0
3198194,0.0
3199195,451.3294751318744
3200196,0.0
3201197,22.813326485214294
3202198,6.492269677772489
3203199,0.0
3204200,462.39182042551016
3205201,418.04271453765097
3206202,7.508393373260378
3207203,0.0
3208204,0.0
3209205,0.0
3210206,409.5338211258135
3211207,0.0
3212208,0.0
3213209,0.0
3214210,429.4488996086179
3215211,30.174763093167456
3216212,0.0
3217213,0.0
3218214,487.1616630307669
3219215,0.0
3220216,0.0
3221217,453.2607671524615
3222218,0.0
3223219,0.0
3224220,0.0
3225221,0.0
3226222,0.0
3227223,0.0
3228224,0.0
3229225,455.7567979361394
3230226,0.0
3231227,447.13387366071504
3232228,0.0
3233229,483.9360248434123
3234230,453.3506923017966
3235231,0.0
3236232,0.0
3237233,415.85404278774683
3238234,433.0026211272339
3239235,482.79382759192674
3240236,10.979583272757614
3241237,0.0
3242238,449.7363089875298
3243239,465.5319216577665
3244240,0.0
3245241,0.0
3246242,419.57210004851595
3247243,25.352445082641502
3248244,450.2825134295474
3249245,481.4790625093907
3250246,458.06552340102587
3251247,402.1359896375056
3252248,499.22729201733904
3253249,474.348968389644
3254250,0.0
3255251,399.69576395846593
3256252,469.4555728694073
3257253,53.012055183915464
3258254,20.54175315534705
3259255,0.0
3260256,445.62038961387907
3261257,16.18816129019943
3262258,0.0
3263259,0.0
3264260,0.0
3265261,0.0
3266262,0.0
3267263,0.0
3268264,0.0
3269265,454.23923421009175
3270266,9.018151318270121
3271267,0.0
3272268,446.3594547561024
3273269,0.0
3274270,0.0
3275271,33.83063765032889
3276272,24.968130386186424
3277273,15.302783611325479
3278274,444.2233124510522
3279275,62.55847070728769
3280276,0.0
3281277,0.0
3282278,0.0
3283279,453.9636918362642
3284280,0.0
3285281,10.10725144012848
3286282,0.0
3287283,0.0
3288284,385.1082240522935
3289285,489.3966934299497
3290286,0.0
3291287,447.46406602138853
3292288,136.03568627986078
3293289,0.0
3294290,0.871255926028026
3295291,0.0
3296292,461.99594670827526
3297293,0.0
3298294,0.0
3299295,177.44878603023093
3300296,17.449609526666816
3301297,0.0
3302298,445.81970797485224
3303299,0.0
3304300,0.0
3305301,471.23306418325427
3306302,9.547244434168329
3307303,0.0
3308304,0.0
3309305,0.0
3310306,0.0
3311307,27.160884487158974
3312308,440.7432427992627
3313309,376.05952988622096
3314310,438.0716447755963
3315311,0.0
3316312,0.0
3317313,0.0
3318314,0.0
3319315,450.8800012579988
3320316,0.0
3321317,11.147617752166186
3322318,0.0
3323319,449.4107618423368
3324320,0.0
3325321,0.0
3326322,0.0
3327323,0.0
3328324,0.0
3329325,461.82035996685426
3330326,20.544383677618683
3331327,0.0
3332328,0.0
3333329,458.06629256684784
3334330,0.0
3335331,27.886290498616155
3336332,0.0
3337333,0.0
3338334,0.0
3339335,27.40654059312868
3340336,14.524901851058285
3341337,0.0
3342338,0.0
3343339,474.0167779760118
3344340,0.0
3345341,0.0
3346342,459.9368651222512
3347343,0.0
3348344,0.0
3349345,25.30880481565068
3350346,0.0
3351347,0.0
3352348,0.0
3353349,469.6809297691308
3354350,513.6150230633493
3355351,0.0
3356352,450.34189857612716
3357353,19.19592203461405
3358354,0.0
3359355,0.0
3360356,0.0
3361357,472.03083372412436
3362358,40.1771799844221
3363359,0.0
3364360,428.45992418968837
3365361,453.13075795120795
3366362,438.97351101941086
3367363,0.0
3368364,480.62524962229406
3369365,0.0
3370366,339.0479751854128
3371367,0.0
3372368,467.25918354954155
3373369,10.81426696963573
3374370,55.121089857180316
3375371,499.8400774655591
3376372,0.0
3377373,0.0
3378374,0.0
3379375,0.0
3380376,365.9416160125346
3381377,467.23338490920264
3382378,0.0
3383379,0.0
3384380,439.78274748116394
3385381,0.0
3386382,26.201542255348507
3387383,0.0
3388384,39.53627547102841
3389385,0.0
3390386,35.656729608488114
3391387,29.46885570818856
3392388,0.0
3393389,2.692344497193454
3394390,413.50705614259925
3395391,34.17620355827443
3396392,455.2539381629533
3397393,431.3843552343035
3398394,0.0
3399395,0.0
3400396,0.0
3401397,461.0341013416365
3402398,16.443096435427083
3403399,0.0
3404400,430.6660868917234
3405401,0.0
3406402,431.99521601320384
3407403,0.0
3408404,0.0
3409405,13.356381134119129
3410406,0.0
3411407,421.0164383082284
3412408,0.0
3413409,23.230592715849813
3414410,0.0
3415411,0.0
3416412,425.55551906018195
3417413,0.0
3418414,0.0
3419415,0.0
3420416,0.0
3421417,480.9384782387956
3422418,0.0
3423419,16.29682877555016
3424420,24.054051010215073
3425421,434.70761395886154
3426422,14.563306378511767
3427423,37.35455004106123
3428424,0.0
3429425,0.0
3430426,0.0
3431427,482.42014709714454
3432428,21.068004985733094
3433429,0.0
3434430,0.0
3435431,0.0
3436432,133.68662276092135
3437433,429.31941621360096
3438434,0.0
3439435,481.9301544677346
3440436,18.91234296650412
3441437,0.0
3442438,0.0
3443439,57.469437772442525
3444440,442.67987465283176
3445441,367.4783820423213
3446442,0.0
3447443,407.62579925917305
3448444,0.0
3449445,290.2788485270278
3450446,0.0
3451447,14.714186251620381
3452448,431.1422703105939
3453449,0.0
3454450,0.0
3455451,0.0
3456452,19.81926739003357
3457453,394.08320599169895
3458454,459.84665160685455
3459455,396.9188272020979
3460456,0.0
3461457,0.0
3462458,0.0
3463459,0.0
3464460,385.8758144802705
3465461,16.470286129158048
3466462,0.0
3467463,0.0
3468464,0.0
3469465,0.0
3470466,432.52960317471775
3471467,0.0
3472468,0.0
3473469,0.0
3474470,11.743696823176762
3475471,0.0
3476472,412.19769181370754
3477473,0.0
3478474,12.7341932526765
3479475,0.0
3480476,444.079585485012
3481477,0.0
3482478,0.0
3483479,0.0
3484480,0.0
3485481,0.0
3486482,8.523034889247338
3487483,16.44882150562268
3488484,440.42641625057405
3489485,403.60407475004075
3490486,0.0
3491487,0.0
3492488,0.0
3493489,0.0
3494490,30.037432287048205
3495491,477.09753606700735
3496492,466.60291418781793
3497493,463.46092412898093
3498494,446.6850875710838
3499495,0.0
3500496,0.0
3501497,0.0
3502498,40.93090557143124
3503499,446.87431909277586
3504500,67.20150347992596
3505501,0.0
3506502,0.0
3507503,0.0
3508504,0.0
3509505,25.293441437244955
3510506,12.587362158970405
3511507,0.0
3512508,471.8313955525712
3513509,0.0
3514510,471.9208491175298
3515511,23.152447898355092
3516512,0.0
3517513,440.370204960984
3518514,0.0
3519515,412.9032965201603
3520516,0.0
3521517,439.67569799006316
3522518,420.8543162409144
3523519,0.0
3524520,476.63176589409704
3525521,25.304592478473577
3526522,0.0
3527523,0.0
3528524,0.0
3529525,452.91980205057973
3530526,441.0253721572088
3531527,0.0
3532528,0.0
3533529,449.1484490869685
3534530,0.0
3535531,456.4541979039819
3536532,0.0
3537533,0.0
3538534,0.0
3539535,17.16288692603897
3540536,0.0
3541537,456.54877268497563
3542538,429.22266162585055
3543539,0.0
3544540,408.8576532767814
3545541,8.223742616829927
3546542,0.0
3547543,0.0
3548544,465.3376382618266
3549545,0.0
3550546,0.0
3551547,0.0
3552548,68.64852042521922
3553549,0.0
3554550,0.0
3555551,431.37351529957937
3556552,0.0
3557553,33.024813227096516
3558554,410.5671522553068
3559555,14.415480723242482
3560556,0.0
3561557,0.0
3562558,490.14550654758284
3563559,421.2860466752618
3564560,480.47690915345754
3565561,12.808325889100557
3566562,488.09145479388644
3567563,0.0
3568564,0.0
3569565,14.668353122759155
3570566,0.0
3571567,0.0
3572568,16.947523101404162
3573569,0.0
3574570,457.05553054483846
3575571,0.0
3576572,17.02738246281692
3577573,0.0
3578574,0.0
3579575,7.0633583632680645
3580576,0.0
3581577,8.097745065540915
3582578,439.9169323796878
3583579,450.049792071958
3584580,0.0
3585581,0.0
3586582,500.8853388593511
3587583,3.4845555158128394
3588584,393.3428089265862
3589585,423.2635881797324
3590586,458.1483670127974
3591587,473.20543904552886
3592588,497.8210831326373
3593589,428.0706376023835
3594590,435.3180393003349
3595591,0.0
3596592,7.44014323923082
3597593,4.628332485195842
3598594,17.292663185505795
3599595,0.0
3600596,0.0
3601597,0.0
3602598,354.3212590668058
3603599,0.0
3604600,407.19480941785724
3605601,460.44967161576665
3606602,0.0
3607603,0.0
3608604,0.0
3609605,28.927175375930645
3610606,0.0
3611607,0.0
3612608,396.771838619781
3613609,0.0
3614610,451.94617647847815
3615611,18.625038627629642
3616612,398.2598369333333
3617613,0.0
3618614,0.0
3619615,483.6778492213158
3620616,0.0
3621617,9.251430787141642
3622618,462.07726563873933
3623619,451.6005537114499
3624620,0.0
3625621,0.0
3626622,463.24553824080806
3627623,18.829888040268806
3628624,0.0
3629625,467.4019011010723
3630626,0.0
3631627,0.0
3632628,484.79841790540746
3633629,0.0
3634630,0.0
3635631,0.0
3636632,0.0
3637633,10.092237185907125
3638634,425.56447358700615
3639635,0.0
3640636,464.01772131681486
3641637,0.0
3642638,0.0
3643639,0.0
3644640,0.0
3645641,26.178331345917105
3646642,409.7503293417127
3647643,451.52645598332236
3648644,420.74996607370684
3649645,0.0
3650646,0.0
3651647,0.0
3652648,0.0
3653649,402.7032224083871
3654650,0.0
3655651,0.0
3656652,0.0
3657653,441.1165789897984
3658654,489.09241334201766
3659655,475.9947294653646
3660656,448.71112255070625
3661657,0.0
3662658,0.0
3663659,0.0
3664660,0.0
3665661,458.10027038489267
3666662,488.1490645257076
3667663,446.14103362535894
3668664,0.0
3669665,0.0
3670666,0.0
3671667,15.37764559224692
3672668,430.31862791422105
3673669,16.48530479319607
3674670,0.0
3675671,0.0
3676672,0.0
3677673,0.0
3678674,0.0
3679675,0.0
3680676,0.0
3681677,26.794256818590142
3682678,417.5774186124893
3683679,401.23099636962024
3684680,0.0
3685681,0.0
3686682,0.0
3687683,14.54861028009256
3688684,457.7043839288939
3689685,26.31645386314792
3690686,424.21211435673376
3691687,0.0
3692688,0.0
3693689,25.78820331657134
3694690,0.0
3695691,0.0
3696692,386.59227212284077
3697693,0.0
3698694,465.81782275195405
3699695,0.0
3700696,9.160685738712555
3701697,421.5872944153435
3702698,0.0
3703699,0.0
3704700,0.0
3705701,9.241114180437304
3706702,23.861497687143803
3707703,53.24352655495446
3708704,0.0
3709705,0.0
3710706,59.92387852003654
3711707,0.0
3712708,467.3123927450315
3713709,0.0
3714710,41.86033716798047
3715711,0.0
3716712,0.0
3717713,0.0
3718714,409.9860928269524
3719715,0.0
3720716,441.4332467673093
3721717,427.5379735484446
3722718,468.01842920682105
3723719,0.0
3724720,0.0
3725721,0.0
3726722,0.0
3727723,15.330676684065855
3728724,0.0
3729725,34.661050769948965
3730726,26.46899152554388
3731727,484.88489728740154
3732728,0.0
3733729,426.1671576937791
3734730,0.0
3735731,0.0
3736732,0.0
3737733,429.48960896247297
3738734,0.0
3739735,0.0
3740736,0.0
3741737,0.0
3742738,0.0
3743739,0.0
3744740,477.67117317981877
3745741,441.95380866348194
3746742,0.0
3747743,0.0
3748744,454.5050349925191
3749745,474.2112704402422
3750746,0.0
3751747,397.41033975270597
3752748,0.0
3753749,0.0
3754750,0.0
3755751,68.42405191279772
3756752,0.0
3757753,0.0
3758754,0.0
3759755,0.0
3760756,0.0
3761757,0.0
3762758,0.0
3763759,0.0
3764760,0.0
3765761,0.0
3766762,420.97573611314544
3767763,438.38761328258164
3768764,13.44416080964811
3769765,0.0
3770766,0.0
3771767,465.01894015142153
3772768,3.626359962847871
3773769,0.0
3774770,0.0
3775771,0.0
3776772,15.405926482666638
3777773,0.0
3778774,59.536582878071464
3779775,452.74495970682307
3780776,430.77575160707624
3781777,0.0
3782778,17.32085807877245
3783779,430.22921330521245
3784780,451.8836620796346
3785781,1.7964648953596791
3786782,0.0
3787783,0.0
3788784,395.4770565030785
3789785,0.0
3790786,0.0
3791787,469.4673110468204
3792788,8.237364274129858
3793789,0.0
3794790,428.8070295189504
3795791,0.0
3796792,0.0
3797793,410.12714656486844
3798794,0.0
3799795,0.0
3800796,457.70190432966484
3801797,428.7594954549804
3802798,391.8341544216516
3803799,96.07117944926148
3804800,13.59385986336769
3805801,20.80197428954852
3806802,0.0
3807803,410.9875366312594
3808804,467.7106965230542
3809805,448.7538681291897
3810806,19.65709901104946
3811807,23.815138126689288
3812808,3.6988612556540312
3813809,433.9203629145917
3814810,0.0
3815811,0.0
3816812,0.0
3817813,418.1040725684867
3818814,463.343602783934
3819815,0.0
3820816,0.0
3821817,0.0
3822818,440.27233019241095
3823819,11.716149791806407
3824820,501.36044855005315
3825821,7.105103964707893
3826822,0.0
3827823,513.0877173897513
3828824,19.768964804476134
3829825,0.0
3830826,0.0
3831827,515.7763916031407
3832828,44.96856831212983
3833829,0.0
3834830,0.0
3835831,0.0
3836832,437.3360184704748
3837833,483.2903861054412
3838834,0.0
3839835,0.0
3840836,0.0
3841837,443.79100497247197
3842838,0.0
3843839,0.0
3844840,433.8221992750764
3845841,0.0
3846842,460.90929515369515
3847843,485.29517233536285
3848844,0.0
3849845,422.75192330164964
3850846,0.0
3851847,0.0
3852848,0.0
3853849,0.0
3854850,0.0
3855851,0.0
3856852,0.0
3857853,0.0
3858854,429.10382936558534
3859855,425.68609980782486
3860856,0.0
3861857,462.4663813125984
3862858,0.0
3863859,443.44932955306274
3864860,0.0
3865861,466.1434085800926
3866862,0.0
3867863,0.0
3868864,475.90104221957233
3869865,0.0
3870866,0.0
3871867,524.1916772118309
3872868,497.2112154337415
3873869,0.0
3874870,13.886728147645815
3875871,37.14481716283361
3876872,0.0
3877873,29.2969478887429
3878874,477.63859705622565
3879875,0.0
3880876,513.8570462546597
3881877,0.0
3882878,0.0
3883879,0.0
3884880,0.0
3885881,31.59471156167995
3886882,467.9726720124657
3887883,484.3320643223921
3888884,0.0
3889885,25.7612107568556
3890886,9.110961673429657
3891887,0.0
3892888,49.819521054506524
3893889,0.0
3894890,21.983953173406892
3895891,0.0
3896892,18.129805402934075
3897893,0.0
3898894,0.0
3899895,0.0
3900896,0.0
3901897,0.0
3902898,0.0
3903899,0.0
3904900,0.0
3905901,440.75931503177463
3906902,0.0
3907903,0.0
3908904,0.0
3909905,418.825057076603
3910906,486.8003486217701
3911907,481.90688146094305
3912908,0.0
3913909,0.0
3914910,409.8671101232421
3915911,446.44377427867164
3916912,0.0
3917913,0.0
3918914,21.59329479502635
3919915,466.1748807472286
3920916,0.0
3921917,19.215818601570977
3922918,468.604772120099
3923919,0.0
3924920,420.8107135237341
3925921,0.0
3926922,452.6255253826757
3927923,0.0
3928924,437.33014345844896
3929925,0.0
3930926,487.1109955204453
3931927,0.0
3932928,493.2006185993976
3933929,12.891909032266913
3934930,441.22935593947625
3935931,92.05272444557788
3936932,489.82485870235683
3937933,438.18089323621945
3938934,17.058295685448876
3939935,0.0
3940936,0.0
3941937,0.0
3942938,10.92754258113839
3943939,467.3940908211026
3944940,433.57280250438924
3945941,432.05024825970474
3946942,0.0
3947943,14.585550170767347
3948944,0.0
3949945,0.0
3950946,0.0
3951947,442.93951978389
3952948,0.0
3953949,0.0
3954950,0.0
3955951,523.7084061490214
3956952,0.0
3957953,0.0
3958954,0.0
3959955,0.0
3960956,0.0
3961957,0.0
3962958,0.0
3963959,0.0
3964960,478.0283817085362
3965961,0.0
3966962,18.220446327451953
3967963,0.0
3968964,488.3118637779544
3969965,0.0
3970966,0.0
3971967,511.47970297271183
3972968,0.0
3973969,452.4153387004984
3974970,424.7254066395052
3975971,446.28518040227675
3976972,410.532354008871
3977973,0.0
3978974,0.0
3979975,4.825218606028157
3980976,493.5906348463452
3981977,486.5210943022862
3982978,258.5088641010505
3983979,483.1298240382384
3984980,0.0
3985981,489.5351861092569
3986982,0.0
3987983,39.04302766730291
3988984,0.0
3989985,0.0
3990986,458.89815222523555
3991987,469.8427022421854
3992988,0.0
3993989,17.28207424606075
3994990,13.652231283628439
3995991,0.0
3996992,21.860061118520566
3997993,505.7378112330125
3998994,0.0
3999995,462.4207923239979
4000996,409.5201957084285
4001997,481.747351288113
4002998,0.0
4003999,432.8694727095968
4005000,0.0
4006001,0.0
4007002,0.0
4008003,0.0
4009004,17.580978184092814
4010005,0.0
4011006,458.4835803587788
4012007,17.228107901312903
4013008,0.0
4014009,0.0
4015010,58.71216856935117
4016011,490.28842199425304
4017012,489.3368742687768
4018013,17.259702392419644
4019014,0.0
4020015,470.62239670294827
4021016,0.0
4022017,8.1147035192488
4023018,0.0
4024019,0.0
4025020,9.059044973626127
4026021,459.22184284161705
4027022,20.73864553257109
4028023,0.0
4029024,57.88735550543097
4030025,0.0
4031026,0.0
4032027,0.0
4033028,0.0
4034029,455.8206267836681
4035030,0.0
4036031,0.0
4037032,0.0
4038033,502.43705512053396
4039034,0.0
4040035,493.5951050433905
4041036,0.0
4042037,0.0
4043038,0.0
4044039,0.0
4045040,0.0
4046041,0.0
4047042,0.0
4048043,0.0
4049044,421.89170865972557
4050045,448.47725224458816
4051046,0.0
4052047,18.837434919504183
4053048,485.1432787005159
4054049,11.10345673921646
4055050,0.0
4056051,0.0
4057052,0.0
4058053,0.0
4059054,447.17410889106236
4060055,0.0
4061056,486.60867876151605
4062057,0.0
4063058,440.4724433976296
4064059,0.0
4065060,0.0
4066061,0.0
4067062,330.6281273433097
4068063,445.6812376892353
4069064,0.0
4070065,0.0
4071066,0.0
4072067,485.32182497614684
4073068,0.0
4074069,486.4811348057317
4075070,0.0
4076071,0.0
4077072,0.0
4078073,0.0
4079074,492.85771683964333
4080075,0.0
4081076,0.0
4082077,0.0
4083078,461.6107885609671
4084079,0.0
4085080,0.0
4086081,0.0
4087082,33.527919801275914
4088083,496.9454686209545
4089084,0.0
4090085,465.3498640571363
4091086,459.42504162203875
4092087,21.327854734429714
4093088,486.0934739488863
4094089,0.0
4095090,0.0
4096091,498.0294548246754
4097092,12.870545331560308
4098093,0.0
4099094,461.9973942857783
4100095,30.017930132130115
4101096,468.7334511669261
4102097,0.0
4103098,0.0
4104099,0.0
4105100,0.0
4106101,0.0
4107102,0.0
4108103,435.32699089844886
4109104,0.0
4110105,0.0
4111106,448.7674018222941
4112107,0.0
4113108,21.99443249355631
4114109,454.1979859405676
4115110,0.0
4116111,0.0
4117112,0.0
4118113,14.801194011281384
4119114,430.6933559413993
4120115,0.0
4121116,343.45482513357
4122117,0.0
4123118,0.0
4124119,0.0
4125120,0.0
4126121,499.3342210684535
4127122,16.31727451544689
4128123,11.921805628073898
4129124,0.0
4130125,0.0
4131126,11.764797579368928
4132127,0.0
4133128,447.7109807803358
4134129,29.093364973527763
4135130,308.65668056817236
4136131,0.0
4137132,470.5018974169314
4138133,0.0
4139134,5.654818230367386
4140135,0.0
4141136,502.0860947770417
4142137,481.88093915580106
4143138,0.0
4144139,30.917039333755596
4145140,16.12623592257176
4146141,0.0
4147142,0.0
4148143,0.0
4149144,0.0
4150145,0.0
4151146,462.0934434205679
4152147,0.0
4153148,460.6928150262735
4154149,431.60006578016527
4155150,7.061129366611413
4156151,62.67006656120251
4157152,0.0
4158153,0.0
4159154,0.0
4160155,467.8418623375964
4161156,0.0
4162157,0.0
4163158,421.8420978508266
4164159,474.7614403461944
4165160,0.0
4166161,471.41136209520374
4167162,454.29679836953005
4168163,0.0
4169164,496.96722879523975
4170165,11.324176446221163
4171166,477.5566252790853
4172167,0.0
4173168,0.0
4174169,448.4445695401068
4175170,431.6999528258495
4176171,486.0243868885047
4177172,469.44519741183865
4178173,473.4187050251678
4179174,0.0
4180175,0.0
4181176,467.96111803908855
4182177,482.323999864451
4183178,433.11442049309534
4184179,13.647896826970488
4185180,0.0
4186181,0.0
4187182,0.0
4188183,0.0
4189184,0.0
4190185,24.687319692229064
4191186,0.0
4192187,489.90295560599606
4193188,461.0688096369199
4194189,0.0
4195190,446.3750238057242
4196191,17.398783896239397
4197192,484.64899699475666
4198193,0.0
4199194,0.0
4200195,26.28809159349927
4201196,0.0
4202197,0.0
4203198,173.80043810824827
4204199,502.86163745354924
4205200,0.0
4206201,19.52816582022448
4207202,458.84203242063853
4208203,480.7963198337426
4209204,473.0970598630379
4210205,61.91214248594231
4211206,0.0
4212207,12.989836861397203
4213208,0.0
4214209,445.0469814738712
4215210,288.66289538731405
4216211,471.53029854042893
4217212,0.0
4218213,0.0
4219214,0.0
4220215,475.9370030762153
4221216,0.0
4222217,45.71457050642385
4223218,25.284673970266127
4224219,0.0
4225220,0.0
4226221,0.0
4227222,0.0
4228223,0.0
4229224,476.89469189925506
4230225,454.069219762486
4231226,0.0
4232227,0.0
4233228,0.0
4234229,0.0
4235230,492.08714332959045
4236231,0.0
4237232,448.816409730333
4238233,11.061776447684352
4239234,0.0
4240235,12.617988561213062
4241236,8.026805124209115
4242237,0.0
4243238,23.899908240541222
4244239,0.0
4245240,462.8938691777772
4246241,0.0
4247242,126.24538523295456
4248243,31.106903383064967
4249244,0.0
4250245,478.1968868702292
4251246,0.0
4252247,449.22417556708746
4253248,481.48431701932515
4254249,0.0
4255250,0.0
4256251,0.0
4257252,457.22957030979575
4258253,471.7095974730286
4259254,467.6638969200507
4260255,0.0
4261256,476.38968692407315
4262257,469.2173266379863
4263258,0.0
4264259,0.0
4265260,0.0
4266261,29.053812628831697
4267262,447.69462379155925
4268263,13.583854192884134
4269264,3.6256757571691742
4270265,462.18685044454384
4271266,0.0
4272267,423.9945658385883
4273268,488.9299158059275
4274269,36.39807051271218
4275270,428.01527646543303
4276271,0.0
4277272,0.0
4278273,0.0
4279274,472.9323944908433
4280275,0.0
4281276,7.18438990700758
4282277,480.9614199065475
4283278,469.3787690737023
4284279,0.0
4285280,0.0
4286281,0.0
4287282,0.0
4288283,0.0
4289284,473.96405165261655
4290285,30.687020260558537
4291286,0.0
4292287,0.0
4293288,0.0
4294289,0.0
4295290,487.5554672286076
4296291,0.0
4297292,0.0
4298293,0.0
4299294,0.0
4300295,0.0
4301296,0.0
4302297,0.0
4303298,0.0
4304299,0.0
4305300,0.0
4306301,0.0
4307302,493.6205299880827
4308303,0.0
4309304,0.0
4310305,0.0
4311306,455.12592389924964
4312307,494.7024161240308
4313308,0.0
4314309,0.0
4315310,469.84447310810594
4316311,10.427806531423466
4317312,0.0
4318313,0.0
4319314,0.0
4320315,0.0
4321316,0.0
4322317,0.0
4323318,445.121853792609
4324319,25.6391392176267
4325320,452.21202927666957
4326321,0.0
4327322,0.0
4328323,0.0
4329324,435.6362896805491
4330325,0.0
4331326,0.0
4332327,15.371357210790421
4333328,0.0
4334329,334.43731802426794
4335330,466.0689581202222
4336331,478.0780005571937
4337332,0.0
4338333,325.0575378674595
4339334,94.48418219338338
4340335,0.0
4341336,14.825343390876398
4342337,497.3378543015932
4343338,36.405123060174496
4344339,0.0
4345340,0.0
4346341,0.0
4347342,471.10029436694634
4348343,0.0
4349344,456.4106959487963
4350345,403.9746361043055
4351346,0.0
4352347,26.79117213658667
4353348,443.5624968479126
4354349,37.380606263640765
4355350,0.0
4356351,0.0
4357352,0.0
4358353,0.0
4359354,0.0
4360355,22.190575989259393
4361356,380.46286921467777
4362357,32.49262463482368
4363358,460.50499909571926
4364359,0.0
4365360,179.67709038675798
4366361,0.0
4367362,428.2136586275697
4368363,0.0
4369364,0.0
4370365,0.0
4371366,463.6677815125153
4372367,23.9338359477223
4373368,455.72217646622795
4374369,0.0
4375370,468.3345002351123
4376371,0.9294115652462122
4377372,0.0
4378373,0.0
4379374,13.68512607211658
4380375,0.0
4381376,15.850534028234646
4382377,0.0
4383378,0.0
4384379,0.0
4385380,21.89133785322403
4386381,27.506890576752124
4387382,0.0
4388383,9.199887863741315
4389384,0.0
4390385,0.0
4391386,31.724602283099983
4392387,0.0
4393388,0.0
4394389,0.0
4395390,0.0
4396391,0.0
4397392,0.0
4398393,17.301948536627222
4399394,0.0
4400395,412.36664861516397
4401396,0.0
4402397,455.14859494180627
4403398,0.0
4404399,422.46247697572176
4405400,384.0537762012011
4406401,0.0
4407402,0.0
4408403,0.0
4409404,0.0
4410405,18.058374070892754
4411406,449.2940912573242
4412407,0.0
4413408,0.0
4414409,466.1529760013869
4415410,388.2719108700209
4416411,45.55172308729373
4417412,497.96173684760515
4418413,0.0
4419414,484.0482400333303
4420415,0.0
4421416,0.0
4422417,0.0
4423418,444.77002015210945
4424419,0.0
4425420,18.10606891446543
4426421,0.0
4427422,477.28180353091307
4428423,0.0
4429424,0.0
4430425,444.4830456143712
4431426,21.099370022684383
4432427,0.0
4433428,0.0
4434429,48.37634025873911
4435430,0.0
4436431,0.0
4437432,0.0
4438433,456.3999982015255
4439434,0.0
4440435,437.86053784786174
4441436,0.0
4442437,0.0
4443438,43.50900424082115
4444439,25.5699213587793
4445440,11.274531168219394
4446441,22.783859495137193
4447442,455.62278473460157
4448443,0.0
4449444,0.0
4450445,0.0
4451446,0.0
4452447,462.3994233454373
4453448,0.0
4454449,0.0
4455450,18.19430283516573
4456451,0.0
4457452,448.41256034796345
4458453,3.5864661313897486
4459454,425.2819805100782
4460455,0.0
4461456,1.8379071204320616
4462457,0.0
4463458,0.0
4464459,0.0
4465460,449.0799865862189
4466461,442.5600592125852
4467462,0.0
4468463,0.0
4469464,1.7699905937886213
4470465,0.0
4471466,499.0670709163771
4472467,467.2452038894355
4473468,0.0
4474469,468.87499108808277
4475470,464.9324870297237
4476471,451.5881466178396
4477472,0.0
4478473,29.35598871247615
4479474,20.005260109811765
4480475,465.76971339246785
4481476,0.0
4482477,24.092432322084495
4483478,428.90514227620343
4484479,0.0
4485480,0.0
4486481,363.9112123057133
4487482,0.0
4488483,456.03769929448544
4489484,0.0
4490485,0.0
4491486,0.0
4492487,21.63574046868687
4493488,0.0
4494489,18.0557410758018
4495490,0.0
4496491,40.393379439592266
4497492,454.48310430035076
4498493,0.0
4499494,0.0
4500495,448.5867952170573
4501496,451.8302437518183
4502497,0.0
4503498,19.010740735069763
4504499,491.8489697365505
4505500,0.0
4506501,448.4045921096204
4507502,465.298030773608
4508503,0.0
4509504,0.0
4510505,0.0
4511506,462.5922264582514
4512507,0.0
4513508,434.31731986535345
4514509,470.1358434590386
4515510,443.78962702859616
4516511,0.0
4517512,0.0
4518513,455.1234373455688
4519514,41.278363668655885
4520515,7.542487683812164
4521516,333.8952692456478
4522517,0.0
4523518,487.5771263653178
4524519,503.4459965501886
4525520,0.0
4526521,503.1217776662777
4527522,476.38233704174337
4528523,0.0
4529524,481.91245336833003
4530525,0.0
4531526,91.40204180709713
4532527,443.3262472353891
4533528,411.49753413272856
4534529,513.0514837729046
4535530,476.8216083645044
4536531,441.3739683115407
4537532,0.0
4538533,439.5361781365009
4539534,461.7545712768381
4540535,150.31760189551173
4541536,20.510427435376958
4542537,47.927804386125146
4543538,418.72514347227184
4544539,0.0
4545540,0.0
4546541,0.0
4547542,0.0
4548543,0.0
4549544,505.0929680185234
4550545,0.0
4551546,0.0
4552547,485.8006731041002
4553548,502.44018568157117
4554549,13.788921280177238
4555550,15.442207969193241
4556551,0.0
4557552,436.47029822053446
4558553,0.0
4559554,462.96254894316587
4560555,460.81272100676676
4561556,459.44484947101955
4562557,0.0
4563558,456.06528620053695
4564559,450.47753158839333
4565560,0.0
4566561,0.0
4567562,0.0
4568563,0.0
4569564,0.0
4570565,0.0
4571566,0.0
4572567,15.421165236036268
4573568,0.0
4574569,417.22953943257676
4575570,457.29939674034347
4576571,496.30391799193023
4577572,0.0
4578573,409.71014456279227
4579574,0.0
4580575,0.0
4581576,0.0
4582577,0.0
4583578,443.79673403270476
4584579,0.0
4585580,0.0
4586581,0.0
4587582,0.0
4588583,455.5229738811971
4589584,0.0
4590585,0.0
4591586,323.060508423566
4592587,16.400772033942662
4593588,439.42679336612633
4594589,52.81224882143766
4595590,464.3416050447266
4596591,0.0
4597592,0.0
4598593,10.477998765638754
4599594,0.0
4600595,355.70001128997245
4601596,0.0
4602597,14.635173256484986
4603598,0.0
4604599,471.6059511749726
4605600,0.0
4606601,28.632062350280084
4607602,0.0
4608603,462.48469535952296
4609604,0.0
4610605,0.0
4611606,452.83975655178557
4612607,503.91918606589013
4613608,0.0
4614609,429.8667990237664
4615610,469.3380144687178
4616611,0.0
4617612,421.36956878441526
4618613,447.31120422762405
4619614,0.0
4620615,475.5240483989867
4621616,0.0
4622617,0.0
4623618,0.0
4624619,0.0
4625620,449.39667700398434
4626621,0.0
4627622,466.6041107956959
4628623,463.3321521159329
4629624,0.0
4630625,431.8074252639642
4631626,18.01199055662561
4632627,0.0
4633628,460.9368896804669
4634629,484.0561364081127
4635630,59.94325458143427
4636631,501.0191555630191
4637632,0.0
4638633,0.0
4639634,0.0
4640635,22.767380577631094
4641636,505.79244371767624
4642637,0.0
4643638,442.27803890406653
4644639,487.51071275332896
4645640,429.7118660477651
4646641,447.2072091381539
4647642,0.0
4648643,472.42750259255985
4649644,0.0
4650645,14.672405913740851
4651646,12.097886942338654
4652647,463.0648043024728
4653648,507.78423294602476
4654649,492.29795016537355
4655650,26.297561549204897
4656651,0.0
4657652,0.0
4658653,0.0
4659654,49.3628648262644
4660655,432.0483509988595
4661656,0.0
4662657,0.0
4663658,21.521987064728382
4664659,495.6787685075605
4665660,0.0
4666661,0.0
4667662,505.232352681961
4668663,477.7241973992462
4669664,0.0
4670665,0.0
4671666,12.670845470297635
4672667,493.0188497234462
4673668,433.0098962168038
4674669,0.0
4675670,0.0
4676671,0.0
4677672,0.0
4678673,7.455996818586243
4679674,0.0
4680675,34.406937514216004
4681676,15.400946798476047
4682677,8.505312951375739
4683678,427.10316774612227
4684679,0.0
4685680,0.0
4686681,468.8272443500573
4687682,0.0
4688683,490.5712691160211
4689684,486.73582569032885
4690685,0.0
4691686,0.0
4692687,463.306025297106
4693688,469.9813827375524
4694689,478.2697270694261
4695690,489.118858405342
4696691,2.960364639882994
4697692,0.0
4698693,0.0
4699694,471.80571627357284
4700695,496.8249677819835
4701696,27.358687726230702
4702697,475.0886758104606
4703698,0.0
4704699,498.257689493749
4705700,463.8682153239243
4706701,0.0
4707702,0.0
4708703,493.93077756462384
4709704,0.0
4710705,0.0
4711706,0.0
4712707,0.0
4713708,160.35600166714732
4714709,470.3112135920382
4715710,0.0
4716711,0.0
4717712,501.85183118121245
4718713,17.4006950614876
4719714,455.43478350245283
4720715,0.0
4721716,0.0
4722717,482.8638256788655
4723718,0.0
4724719,0.0
4725720,0.0
4726721,435.54016920877837
4727722,0.0
4728723,15.394241384094904
4729724,477.57062564237
4730725,516.7429724625783
4731726,0.0
4732727,0.0
4733728,0.0
4734729,21.25723307194248
4735730,0.0
4736731,0.0
4737732,18.1032408626794
4738733,0.0
4739734,0.0
4740735,474.36998267193815
4741736,491.32163090219234
4742737,431.87374089389147
4743738,0.0
4744739,446.4855218030719
4745740,432.20468943626634
4746741,436.66001654279586
4747742,0.0
4748743,0.0
4749744,0.0
4750745,306.036924657559
4751746,507.64016166557303
4752747,446.19698607927626
4753748,452.96467866439383
4754749,495.95744204308534
4755750,462.6679769468184
4756751,0.0
4757752,444.1603984617821
4758753,0.0
4759754,153.4614493128556
4760755,0.0
4761756,0.0
4762757,0.0
4763758,455.0416403699542
4764759,0.0
4765760,249.3289642742085
4766761,0.0
4767762,445.44336359488307
4768763,0.0
4769764,0.0
4770765,453.5751445635241
4771766,0.0
4772767,485.87340079494874
4773768,0.0
4774769,18.091664350208077
4775770,14.660565478060999
4776771,0.0
4777772,0.0
4778773,8.464567298359556
4779774,458.81579822267554
4780775,492.63705194528615
4781776,468.15001208378965
4782777,0.0
4783778,0.0
4784779,0.0
4785780,0.0
4786781,0.0
4787782,0.0
4788783,471.90758469447456
4789784,0.0
4790785,0.0
4791786,0.0
4792787,489.7709640014014
4793788,454.17020860757214
4794789,0.0
4795790,144.16771016333445
4796791,482.0218348563318
4797792,0.0
4798793,0.0
4799794,421.92534230835935
4800795,0.0
4801796,0.0
4802797,510.153433063545
4803798,162.4347272589925
4804799,0.0
4805800,0.0
4806801,0.0
4807802,483.86699067800043
4808803,0.0
4809804,489.53916296734104
4810805,505.5040812781611
4811806,0.0
4812807,0.0
4813808,14.816383245645065
4814809,475.8210076548597
4815810,0.0
4816811,439.6434804712163
4817812,456.3639798987471
4818813,0.0
4819814,0.0
4820815,0.0
4821816,464.97601803022343
4822817,452.6755887178068
4823818,0.0
4824819,262.8177750780284
4825820,436.70854916402396
4826821,0.0
4827822,0.0
4828823,0.0
4829824,0.0
4830825,0.0
4831826,14.026286157401366
4832827,0.0
4833828,0.0
4834829,456.12264372515034
4835830,0.0
4836831,194.6698657659182
4837832,0.0
4838833,0.0
4839834,10.279270061067999
4840835,209.48993177460665
4841836,0.0
4842837,496.4457371904597
4843838,418.97405164042533
4844839,0.0
4845840,57.64570700814919
4846841,0.0
4847842,0.0
4848843,521.7904399881455
4849844,40.49705779006926
4850845,0.0
4851846,0.0
4852847,388.91668679489374
4853848,0.0
4854849,37.90807248402354
4855850,28.871198773518845
4856851,0.0
4857852,417.01752339282973
4858853,476.6722302470544
4859854,0.0
4860855,0.0
4861856,0.0
4862857,457.9478523309835
4863858,0.0
4864859,0.0
4865860,0.0
4866861,474.6243993484151
4867862,501.62049494484603
4868863,483.4311577822368
4869864,0.0
4870865,432.7255293913753
4871866,38.508418779282195
4872867,447.89610731977086
4873868,8.313744086860568
4874869,0.0
4875870,0.0
4876871,0.0
4877872,48.32015292970794
4878873,0.0
4879874,483.30243933106766
4880875,439.6534457716297
4881876,460.2517016903567
4882877,0.0
4883878,490.09911736524003
4884879,0.0
4885880,472.3716596564195
4886881,241.2653642935154
4887882,471.56854733011755
4888883,448.40894699893647
4889884,0.0
4890885,0.0
4891886,0.0
4892887,0.0
4893888,0.0
4894889,408.05972270255666
4895890,0.0
4896891,490.2483148347917
4897892,26.590899601088655
4898893,13.755585804348762
4899894,481.5537471321443
4900895,0.0
4901896,0.0
4902897,529.6209136891467
4903898,0.0
4904899,0.0
4905900,0.0
4906901,441.40796890529106
4907902,0.0
4908903,0.0
4909904,477.85709191529094
4910905,0.0
4911906,19.823414396686747
4912907,0.0
4913908,477.05433120660615
4914909,456.9671324813137
4915910,499.68987303952565
4916911,26.990570177017666
4917912,36.33430286715593
4918913,38.48920472114902
4919914,0.0
4920915,0.0
4921916,173.53149945847235
4922917,0.0
4923918,0.0
4924919,0.0
4925920,0.0
4926921,16.609554354507164
4927922,0.0
4928923,18.204886684163903
4929924,0.0
4930925,41.74170048693015
4931926,0.0
4932927,451.9662161280369
4933928,451.92428284094063
4934929,0.0
4935930,494.65569665715384
4936931,33.15362993501442
4937932,0.0
4938933,0.0
4939934,0.0
4940935,497.8147488217894
4941936,0.0
4942937,0.0
4943938,457.65391907166685
4944939,38.93352762819458
4945940,509.9724458412494
4946941,0.0
4947942,476.70425404128133
4948943,473.348503025322
4949944,0.0
4950945,0.0
4951946,0.0
4952947,44.74190484250316
4953948,0.0
4954949,14.61960680926613
4955950,480.6627592020519
4956951,424.5652881893462
4957952,443.36359139655104
4958953,0.0
4959954,0.0
4960955,0.0
4961956,16.287266831345093
4962957,493.71588849665926
4963958,33.98965970459513
4964959,494.40009340592576
4965960,0.0
4966961,516.5432443049372
4967962,0.0
4968963,0.0
4969964,485.36100000570025
4970965,12.853546750106865
4971966,516.4211241742466
4972967,423.6751401121335
4973968,0.0
4974969,0.0
4975970,0.0
4976971,0.0
4977972,26.550370887364885
4978973,0.0
4979974,0.0
4980975,0.0
4981976,464.6695569417418
4982977,435.5007719193914
4983978,16.545922547693543
4984979,0.0
4985980,490.5367831969573
4986981,0.0
4987982,0.0
4988983,0.0
4989984,0.0
4990985,0.0
4991986,0.0
4992987,494.2107476654925
4993988,0.0
4994989,508.8289951975487
4995990,0.0
4996991,0.0
4997992,463.0442240195705
4998993,445.929484591823
4999994,0.0
5000995,497.60265881288353
5001996,0.0
5002997,7.4405530443303025
5003998,0.0
5004999,469.60934845338033
5006000,0.0
5007001,0.0
5008002,0.0
5009003,0.0
5010004,0.0
5011005,0.0
5012006,483.5091836515743
5013007,0.0
5014008,0.0
5015009,0.0
5016010,16.46084350445038
5017011,0.0
5018012,14.246902028981065
5019013,0.0
5020014,0.0
5021015,0.0
5022016,0.0
5023017,498.08423973867997
5024018,0.0
5025019,0.0
5026020,0.0
5027021,0.0
5028022,448.7112608626004
5029023,0.0
5030024,496.11026988291866
5031025,0.0
5032026,0.0
5033027,0.0
5034028,0.0
5035029,0.0
5036030,492.50997309980596
5037031,0.0
5038032,13.693998379031543
5039033,481.26786125903334
5040034,424.82859418939785
5041035,508.3537949740645
5042036,435.1248713345622
5043037,13.535858479398678
5044038,0.0
5045039,475.13794947423406
5046040,26.4624401605241
5047041,405.25056755482336
5048042,0.0
5049043,0.0
5050044,0.0
5051045,437.4940194760083
5052046,0.0
5053047,8.392413937914748
5054048,0.0
5055049,458.7519434671524
5056050,486.9994364224469
5057051,464.80945672439015
5058052,0.0
5059053,508.91239405304816
5060054,468.80414321752477
5061055,0.0
5062056,4.6721901517384135
5063057,455.5171888981698
5064058,0.0
5065059,470.2815086079075
5066060,4.584283056610643
5067061,436.8350695029139
5068062,446.34245055408303
5069063,0.0
5070064,9.93696664814789
5071065,475.8028430287581
5072066,427.09042222104335
5073067,434.2016061666532
5074068,38.662018934414895
5075069,0.0
5076070,469.13918359036956
5077071,450.5346367220698
5078072,477.8424064361061
5079073,461.9388548309232
5080074,0.0
5081075,0.0
5082076,6.50291814003979
5083077,0.0
5084078,0.0
5085079,0.0
5086080,421.94949045713366
5087081,154.47281027816857
5088082,467.52692736498756
5089083,433.3088675560646
5090084,462.5251143252754
5091085,0.0
5092086,0.0
5093087,462.5824753153511
5094088,0.0
5095089,0.0
5096090,504.8108288432754
5097091,0.0
5098092,497.31594404352035
5099093,459.67927721543754
5100094,0.0
5101095,464.5017233219432
5102096,456.7483101149313
5103097,21.833008100806843
5104098,0.0
5105099,0.8966010064648966
5106100,435.1839664080858
5107101,0.0
5108102,11.80605798107668
5109103,8.040735589644244
5110104,404.52002778097705
5111105,0.0
5112106,25.462722562292104
5113107,22.73250444826877
5114108,0.0
5115109,0.0
5116110,458.87939276490107
5117111,0.0
5118112,474.27288775615784
5119113,0.0
5120114,0.0
5121115,71.37849439002812
5122116,0.0
5123117,12.797200030224346
5124118,0.0
5125119,0.0
5126120,12.527305532280154
5127121,0.0
5128122,479.75608307828344
5129123,439.6604133571046
5130124,450.621022001981
5131125,0.0
5132126,442.3834677939616
5133127,456.4771097723607
5134128,0.0
5135129,0.0
5136130,383.8460030018967
5137131,0.0
5138132,0.0
5139133,0.0
5140134,523.986894494115
5141135,460.3072692998219
5142136,0.0
5143137,19.33053785493913
5144138,0.0
5145139,506.6540321388414
5146140,0.0
5147141,0.0
5148142,0.0
5149143,456.8203566870951
5150144,0.0
5151145,480.4960986031899
5152146,510.2682051330515
5153147,0.0
5154148,0.0
5155149,0.0
5156150,0.0
5157151,45.914198858955665
5158152,0.0
5159153,0.0
5160154,454.8222519606885
5161155,449.3713403359692
5162156,0.0
5163157,22.633431834415628
5164158,0.0
5165159,478.57584546625424
5166160,443.569059156969
5167161,0.0
5168162,486.6494974755607
5169163,0.0
5170164,0.0
5171165,0.0
5172166,0.0
5173167,12.658334379440184
5174168,478.66262428542944
5175169,463.25020930598345
5176170,143.2481071534479
5177171,192.25251545732777
5178172,463.37726645871305
5179173,0.0
5180174,479.4285370471306
5181175,490.8503710633956
5182176,0.0
5183177,460.49594789908724
5184178,7.12858808902624
5185179,0.0
5186180,0.0
5187181,0.0
5188182,509.579374964511
5189183,0.0
5190184,0.0
5191185,482.67942112830065
5192186,487.8126991993448
5193187,475.651574589516
5194188,449.2556679053252
5195189,10.994079843441924
5196190,484.608164300207
5197191,0.0
5198192,6.429791099499749
5199193,0.0
5200194,453.8225036654065
5201195,475.6387272755758
5202196,0.0
5203197,13.678813766633384
5204198,0.0
5205199,0.0
5206200,0.0
5207201,7.544308961642182
5208202,0.0
5209203,424.15106490727965
5210204,0.0
5211205,0.0
5212206,450.1942358531652
5213207,113.8877221215066
5214208,418.68420279824466
5215209,0.0
5216210,28.06010816047182
5217211,0.0
5218212,453.5077403215448
5219213,449.96163972169506
5220214,0.0
5221215,0.0
5222216,0.0
5223217,15.999456717981753
5224218,0.0
5225219,21.969168945587267
5226220,0.0
5227221,0.0
5228222,0.0
5229223,453.08140708726
5230224,419.1800848051984
5231225,466.65481949629486
5232226,22.260821800443868
5233227,0.0
5234228,0.0
5235229,0.0
5236230,15.982155113635594
5237231,0.0
5238232,0.0
5239233,0.0
5240234,0.0
5241235,0.0
5242236,434.6620789593602
5243237,0.0
5244238,464.74661673336016
5245239,0.0
5246240,0.0
5247241,458.8699367186483
5248242,438.76732936269326
5249243,0.0
5250244,0.0
5251245,206.36904634067437
5252246,0.0
5253247,0.0
5254248,0.0
5255249,0.0
5256250,0.0
5257251,468.78351889908805
5258252,146.01594535717476
5259253,497.75402164573785
5260254,457.7963329885525
5261255,0.0
5262256,0.0
5263257,0.0
5264258,475.8600588193972
5265259,0.0
5266260,0.0
5267261,0.0
5268262,0.0
5269263,467.11896659314743
5270264,464.21880400994337
5271265,30.986273184587336
5272266,453.52653022440586
5273267,418.72248797081187
5274268,0.0
5275269,481.662453102749
5276270,0.0
5277271,0.0
5278272,0.0
5279273,0.0
5280274,0.0
5281275,478.6907682677377
5282276,0.0
5283277,441.76869615109115
5284278,127.16969210971537
5285279,0.0
5286280,488.6496989591587
5287281,491.2927070111629
5288282,0.0
5289283,0.0
5290284,0.0
5291285,484.2844437491461
5292286,387.75729966578314
5293287,504.90050568235887
5294288,485.50653030013495
5295289,0.0
5296290,68.55963932191347
5297291,0.0
5298292,0.0
5299293,496.52656087619283
5300294,0.0
5301295,0.0
5302296,0.0
5303297,29.412519287438034
5304298,0.0
5305299,463.58897798655164
5306300,0.0
5307301,0.0
5308302,0.0
5309303,436.8072157622859
5310304,16.655081541007977
5311305,456.337625356527
5312306,0.0
5313307,429.50848811821055
5314308,0.0
5315309,0.0
5316310,483.1306865899035
5317311,484.60986385722543
5318312,473.365885503885
5319313,0.0
5320314,0.0
5321315,0.0
5322316,508.2219205376888
5323317,480.8421952762093
5324318,0.0
5325319,0.0
5326320,0.0
5327321,0.0
5328322,0.0
5329323,165.51777222065482
5330324,423.7941326394552
5331325,0.0
5332326,0.0
5333327,412.8706326965476
5334328,469.4308692645
5335329,42.60162457682061
5336330,430.1526249106637
5337331,438.5234331983354
5338332,12.830233024869218
5339333,0.0
5340334,500.0049656741781
5341335,470.5057557186242
5342336,497.85321207846255
5343337,280.48065377291834
5344338,523.7957868284221
5345339,0.0
5346340,0.0
5347341,473.5002771756258
5348342,0.0
5349343,0.0
5350344,0.0
5351345,0.0
5352346,0.0
5353347,0.0
5354348,486.09513892752756
5355349,0.0
5356350,0.0
5357351,493.29022415272834
5358352,13.546174918645896
5359353,0.0
5360354,474.24463236025827
5361355,0.0
5362356,0.0
5363357,0.0
5364358,0.0
5365359,0.0
5366360,0.0
5367361,0.0
5368362,0.0
5369363,32.77474263907629
5370364,0.0
5371365,479.12020711498457
5372366,469.2171893481829
5373367,0.0
5374368,0.0
5375369,0.0
5376370,0.0
5377371,107.89872293663373
5378372,0.0
5379373,0.0
5380374,0.0
5381375,14.697255097138639
5382376,0.0
5383377,0.0
5384378,7.62540826591194
5385379,135.07945455776846
5386380,0.0
5387381,124.84625371287477
5388382,0.0
5389383,123.85621945220265
5390384,0.0
5391385,0.0
5392386,507.27638832862294
5393387,0.0
5394388,456.4762150239299
5395389,0.0
5396390,0.0
5397391,0.0
5398392,0.0
5399393,0.0
5400394,42.25566703861354
5401395,479.0381760722335
5402396,486.33869287766254
5403397,0.0
5404398,0.0
5405399,11.82917928396744
5406400,470.52263548268303
5407401,0.0
5408402,0.0
5409403,0.8977652071812982
5410404,445.7696669696754
5411405,0.0
5412406,286.34680033488087
5413407,0.0
5414408,8.351681130029952
5415409,503.1388976284748
5416410,26.343169682344723
5417411,490.15889549539787
5418412,499.5516240161754
5419413,0.0
5420414,491.0401469823407
5421415,0.0
5422416,9.140920564884055
5423417,0.0
5424418,19.452095889552208
5425419,17.622156174941
5426420,0.0
5427421,12.559829006853299
5428422,4.549522800436986
5429423,0.0
5430424,496.01433410380076
5431425,482.1998707906212
5432426,270.56372181836423
5433427,471.86418852536883
5434428,16.285529392838804
5435429,0.0
5436430,458.2544309731735
5437431,13.244492830999404
5438432,0.0
5439433,477.8903385906346
5440434,296.0628958270297
5441435,0.0
5442436,445.21005248350735
5443437,0.0
5444438,11.586064026018942
5445439,31.583054654347585
5446440,0.0
5447441,13.547695943510826
5448442,0.0
5449443,0.0
5450444,0.0
5451445,0.0
5452446,279.89296191514455
5453447,0.0
5454448,465.5472610719967
5455449,489.67389575188736
5456450,431.8380942432985
5457451,0.0
5458452,454.82092357240646
5459453,0.0
5460454,0.0
5461455,0.0
5462456,468.7255690564342
5463457,485.227745014495
5464458,0.0
5465459,36.049765332899064
5466460,0.0
5467461,0.0
5468462,469.41248812500015
5469463,0.0
5470464,0.0
5471465,0.0
5472466,510.18856356540067
5473467,0.0
5474468,467.0327621298076
5475469,19.339023045374187
5476470,55.81894196647094
5477471,0.0
5478472,0.0
5479473,0.0
5480474,0.0
5481475,479.9490196629394
5482476,434.8192039691729
5483477,505.1290922289247
5484478,0.0
5485479,2.7124748598159116
5486480,0.0
5487481,473.73079378728096
5488482,470.2525689634973
5489483,483.1767870270764
5490484,0.0
5491485,0.0
5492486,442.85863065935047
5493487,468.4448955962325
5494488,503.1647331518563
5495489,505.97587639326304
5496490,506.8230906340874
5497491,38.04433434374996
5498492,458.70850518500504
5499493,0.0
5500494,434.8782783207778
5501495,0.9356954389261544
5502496,0.0
5503497,469.33562410084414
5504498,1.789304598465686
5505499,510.02100674128155
5506500,0.0
5507501,0.0
5508502,0.0
5509503,0.0
5510504,481.01823008687325
5511505,0.0
5512506,346.2501278413346
5513507,18.527876886117415
5514508,475.37341180554796
5515509,0.0
5516510,0.0
5517511,0.0
5518512,0.0
5519513,483.1932632793053
5520514,0.0
5521515,383.1225911056717
5522516,11.082440736842718
5523517,465.81118620998944
5524518,454.7898828620942
5525519,0.0
5526520,496.7544689033761
5527521,0.0
5528522,0.0
5529523,7.3920642733552215
5530524,0.0
5531525,0.0
5532526,0.0
5533527,481.47046458425683
5534528,12.878663711284938
5535529,0.0
5536530,10.108404178104937
5537531,11.880817628247732
5538532,496.25798070649864
5539533,521.2485045900675
5540534,0.0
5541535,0.0
5542536,0.0
5543537,448.67280071165976
5544538,483.0251457447564
5545539,0.0
5546540,0.0
5547541,0.0
5548542,0.0
5549543,0.0
5550544,0.0
5551545,475.60160383817384
5552546,0.0
5553547,0.0
5554548,0.0
5555549,0.0
5556550,0.0
5557551,450.49271807485883
5558552,0.0
5559553,507.20226769359004
5560554,0.0
5561555,14.395817064424136
5562556,0.0
5563557,0.0
5564558,0.0
5565559,481.7329422966036
5566560,493.9668101709559
5567561,0.0
5568562,0.0
5569563,0.0
5570564,441.12159696901136
5571565,0.0
5572566,0.0
5573567,450.68443945052894
5574568,0.0
5575569,0.0
5576570,450.1764518327011
5577571,0.0
5578572,10.804777910760214
5579573,0.0
5580574,473.55150062475246
5581575,504.1456373392338
5582576,9.000147678006371
5583577,0.0
5584578,0.0
5585579,0.0
5586580,462.6920368441825
5587581,0.0
5588582,0.0
5589583,0.0
5590584,0.0
5591585,0.0
5592586,506.33228394104793
5593587,0.0
5594588,0.0
5595589,0.0
5596590,13.052599315436433
5597591,0.0
5598592,478.1360153397464
5599593,0.0
5600594,516.6430787094595
5601595,480.56221973021223
5602596,466.55560402863085
5603597,0.0
5604598,0.0
5605599,464.39187335653816
5606600,0.0
5607601,0.0
5608602,0.0
5609603,482.4925692390255
5610604,488.772563951236
5611605,0.0
5612606,449.92727823141286
5613607,0.0
5614608,430.0009391323471
5615609,482.1892124161235
5616610,10.038612365424793
5617611,484.7284308129321
5618612,21.623037242735773
5619613,495.4357122957334
5620614,0.0
5621615,459.0407569857785
5622616,493.6203840871911
5623617,455.7626555965627
5624618,500.59848383245105
5625619,0.0
5626620,479.0832498867257
5627621,460.84244837552956
5628622,0.0
5629623,0.0
5630624,0.0
5631625,0.0
5632626,0.0
5633627,498.0143454861703
5634628,0.0
5635629,460.79672421621956
5636630,0.0
5637631,467.365937597002
5638632,472.2132762928599
5639633,0.0
5640634,512.0631904537805
5641635,0.0
5642636,0.0
5643637,0.0
5644638,478.5063676754894
5645639,0.0
5646640,0.0
5647641,53.848890467497554
5648642,0.0
5649643,494.43760146737947
5650644,0.0
5651645,12.85615202683597
5652646,466.3643296831636
5653647,440.72829205044025
5654648,513.0280778998123
5655649,0.0
5656650,0.0
5657651,0.0
5658652,62.41858383578606
5659653,449.77387559344345
5660654,4.511861631286227
5661655,25.63607369172362
5662656,0.0
5663657,454.5779509628753
5664658,0.0
5665659,0.0
5666660,0.0
5667661,0.0
5668662,0.0
5669663,26.487600466193463
5670664,0.0
5671665,247.61839855980207
5672666,445.82350973664484
5673667,0.0
5674668,16.758266813654338
5675669,0.0
5676670,1.8818109060681594
5677671,28.07386403480145
5678672,11.99523797961763
5679673,486.5731249531887
5680674,0.0
5681675,0.0
5682676,486.6961561891448
5683677,19.19908663412792
5684678,0.0
5685679,461.194641054477
5686680,0.0
5687681,0.0
5688682,495.5740991786684
5689683,0.0
5690684,0.0
5691685,6.652081446536184
5692686,0.0
5693687,0.0
5694688,507.5163437710597
5695689,4.651074855611314
5696690,17.390374739868953
5697691,484.7499707023017
5698692,0.0
5699693,0.0
5700694,0.0
5701695,509.6624747533788
5702696,0.0
5703697,489.20047813430597
5704698,0.0
5705699,0.0
5706700,478.7821384276813
5707701,474.2892162347199
5708702,466.394952955892
5709703,477.7893325040396
5710704,0.0
5711705,479.1390634740572
5712706,462.15988522225075
5713707,0.0
5714708,477.9424963063827
5715709,0.0
5716710,0.0
5717711,483.0818716186854
5718712,502.3780755238885
5719713,0.0
5720714,21.011037447788684
5721715,0.0
5722716,402.5145667127217
5723717,0.0
5724718,0.0
5725719,0.0
5726720,0.0
5727721,0.0
5728722,458.96775561775104
5729723,501.41373330541745
5730724,472.2855490536345
5731725,488.2712280333983
5732726,0.0
5733727,460.8181169722033
5734728,494.4594528194603
5735729,452.34695696623305
5736730,0.0
5737731,0.0
5738732,489.58112504046267
5739733,0.0
5740734,0.0
5741735,0.0
5742736,0.0
5743737,0.0
5744738,0.0
5745739,0.0
5746740,474.69045756736983
5747741,0.0
5748742,474.53638837658093
5749743,0.0
5750744,8.361151397605973
5751745,458.3575831299378
5752746,0.0
5753747,486.5627913535317
5754748,0.0
5755749,0.0
5756750,497.15942149088755
5757751,0.0
5758752,504.7552239682433
5759753,510.0867045640348
5760754,0.0
5761755,21.767141992693293
5762756,0.0
5763757,0.0
5764758,0.0
5765759,0.0
5766760,481.31053144708505
5767761,0.0
5768762,0.0
5769763,381.3792972862442
5770764,0.0
5771765,0.0
5772766,0.0
5773767,445.2639657489004
5774768,0.0
5775769,454.3854641525523
5776770,0.0
5777771,0.0
5778772,477.89047165202305
5779773,8.188526925092027
5780774,522.901095592948
5781775,482.3582324609656
5782776,0.0
5783777,21.9991645284417
5784778,0.0
5785779,450.01327738091567
5786780,0.0
5787781,26.31804834331863
5788782,6.663597205965313
5789783,0.0
5790784,13.734164835396603
5791785,0.0
5792786,0.0
5793787,0.0
5794788,464.2034902097903
5795789,481.58060940325237
5796790,0.0
5797791,0.0
5798792,435.4758457526375
5799793,0.0
5800794,486.1499955287348
5801795,448.81182762522707
5802796,7.395422948198713
5803797,457.50715794940135
5804798,0.0
5805799,437.3739952224548
5806800,495.8977878031589
5807801,0.0
5808802,0.0
5809803,0.0
5810804,0.0
5811805,477.7085109374053
5812806,18.0558413625964
5813807,0.0
5814808,0.0
5815809,438.7041209255423
5816810,495.4432979427935
5817811,469.0970870704074
5818812,0.0
5819813,0.0
5820814,455.49677680861816
5821815,0.0
5822816,0.0
5823817,0.0
5824818,433.0945339094934
5825819,0.0
5826820,0.0
5827821,0.0
5828822,0.0
5829823,439.23722097026706
5830824,459.1051527955682
5831825,446.542032415467
5832826,10.75020784155966
5833827,0.0
5834828,0.0
5835829,0.0
5836830,0.0
5837831,501.6767568675255
5838832,0.0
5839833,0.0
5840834,0.0
5841835,452.41808110235354
5842836,435.2514969550423
5843837,469.4092079613559
5844838,0.0
5845839,0.0
5846840,482.576627090822
5847841,0.0
5848842,21.914560246703726
5849843,0.0
5850844,452.07210766837636
5851845,489.2854691239688
5852846,0.0
5853847,48.688750205069866
5854848,495.8980494210205
5855849,0.0
5856850,0.0
5857851,526.9812663747498
5858852,0.0
5859853,0.0
5860854,473.1185000555165
5861855,483.11148755880936
5862856,19.010835481428842
5863857,464.429412348789
5864858,0.0
5865859,0.0
5866860,8.275190657117898
5867861,0.0
5868862,0.0
5869863,475.5090509783859
5870864,451.4007573434812
5871865,0.0
5872866,461.08787691367706
5873867,0.0
5874868,450.72240555507557
5875869,447.3356836758441
5876870,431.3608520760094
5877871,0.0
5878872,477.24994694230656
5879873,0.0
5880874,437.5026960817164
5881875,464.76500266684064
5882876,0.0
5883877,462.0893450192122
5884878,0.0
5885879,0.0
5886880,0.0
5887881,0.0
5888882,0.0
5889883,485.76629207851084
5890884,11.797630657062896
5891885,0.0
5892886,467.649114978478
5893887,0.0
5894888,0.0
5895889,0.0
5896890,0.0
5897891,0.0
5898892,493.9145138659922
5899893,0.0
5900894,463.2717070001648
5901895,0.0
5902896,462.53307408459415
5903897,0.0
5904898,0.0
5905899,0.0
5906900,494.8432876114578
5907901,460.46193912769445
5908902,0.0
5909903,495.9892854859
5910904,0.0
5911905,3.602536797604847
5912906,0.0
5913907,0.0
5914908,444.46162337696046
5915909,0.0
5916910,13.753429494136329
5917911,0.0
5918912,432.8154384352159
5919913,485.23066511729417
5920914,460.8727071606673
5921915,0.0
5922916,500.0094457496894
5923917,0.0
5924918,0.0
5925919,466.2987964428718
5926920,465.67567891635497
5927921,0.0
5928922,0.0
5929923,0.0
5930924,11.745392578526232
5931925,0.0
5932926,0.0
5933927,70.28744962803611
5934928,12.814479701567496
5935929,454.4051929017198
5936930,9.152309860095325
5937931,0.0
5938932,0.0
5939933,19.45633041590208
5940934,0.0
5941935,458.7202100898138
5942936,487.2596654143591
5943937,0.0
5944938,488.6673394982822
5945939,456.0522518984201
5946940,20.428437974384348
5947941,484.49093562086443
5948942,0.0
5949943,0.0
5950944,0.0
5951945,0.0
5952946,5.478403152661836
5953947,0.0
5954948,519.0631573854772
5955949,17.06970206045266
5956950,0.0
5957951,9.02397896097195
5958952,459.7805625932779
5959953,460.0310644558141
5960954,474.4687100289908
5961955,0.0
5962956,0.0
5963957,473.7199047316658
5964958,486.0697770172992
5965959,20.331956966950525
5966960,481.89434575613535
5967961,0.0
5968962,493.3074772634632
5969963,0.0
5970964,0.0
5971965,0.0
5972966,0.0
5973967,0.0
5974968,454.99025826803523
5975969,0.0
5976970,11.72496782880035
5977971,0.0
5978972,0.0
5979973,468.86480817090495
5980974,447.3276386171977
5981975,0.0
5982976,10.818875289740824
5983977,484.8800180716034
5984978,0.0
5985979,0.0
5986980,454.8190444569846
5987981,448.3408397634349
5988982,0.0
5989983,417.2198840489198
5990984,0.0
5991985,0.0
5992986,16.514250405107262
5993987,482.7831253690013
5994988,0.0
5995989,3.692168514352548
5996990,0.0
5997991,0.0
5998992,0.0
5999993,0.0
6000994,14.606382069359931
6001995,0.0
6002996,441.78684704827714
6003997,0.0
6004998,0.0
6005999,465.77645174071785
6007000,462.72953337579327
6008001,470.71176685130905
6009002,433.75802417089574
6010003,0.0
6011004,0.0
6012005,0.0
6013006,472.31940294814444
6014007,0.0
6015008,481.5424938917296
6016009,24.09950502577188
6017010,0.0
6018011,463.0186651095178
6019012,15.543042382352368
6020013,474.1570441632317
6021014,12.600951027858782
6022015,0.0
6023016,446.4905570558859
6024017,0.0
6025018,8.211808080315874
6026019,0.0
6027020,0.0
6028021,472.9982289296185
6029022,13.41883486128515
6030023,0.0
6031024,0.0
6032025,18.973467413556136
6033026,0.0
6034027,0.0
6035028,484.00947941249683
6036029,0.0
6037030,482.4467304373817
6038031,449.32298449309616
6039032,0.0
6040033,0.0
6041034,467.3357673231582
6042035,0.0
6043036,489.518022465395
6044037,0.0
6045038,482.2499865749203
6046039,0.0
6047040,0.0
6048041,0.0
6049042,0.0
6050043,0.0
6051044,29.917114499370076
6052045,456.18103309580505
6053046,0.0
6054047,0.0
6055048,8.446639570455503
6056049,0.0
6057050,0.0
6058051,483.03652825042997
6059052,0.0
6060053,12.05069791254493
6061054,0.0
6062055,465.7308644528996
6063056,473.591977207334
6064057,0.0
6065058,0.0
6066059,0.0
6067060,436.9359867220825
6068061,0.0
6069062,0.0
6070063,0.0
6071064,0.0
6072065,0.0
6073066,0.0
6074067,456.0107578888156
6075068,0.0
6076069,486.3617104408558
6077070,0.0
6078071,501.39253903170925
6079072,0.0
6080073,0.0
6081074,10.239497970302304
6082075,499.543451203509
6083076,13.759141818309557
6084077,2.7224872975667846
6085078,451.57757526176226
6086079,17.103044168282402
6087080,7.2485507451787505
6088081,462.8770227416231
6089082,0.0
6090083,0.0
6091084,0.0
6092085,475.87894682075233
6093086,0.0
6094087,0.0
6095088,506.091778153922
6096089,0.0
6097090,487.45839059629725
6098091,0.0
6099092,20.024559345181288
6100093,0.0
6101094,483.51716704486785
6102095,12.575932338572601
6103096,0.0
6104097,7.4615392480686396
6105098,0.0
6106099,441.7645341088142
6107100,460.6842649577057
6108101,22.093813402687147
6109102,435.01172843836173
6110103,0.0
6111104,0.0
6112105,492.33420379758115
6113106,0.0
6114107,5.501601309203301
6115108,0.0
6116109,451.9896721029849
6117110,465.90915182387204
6118111,0.0
6119112,484.3215553009809
6120113,474.5350314821039
6121114,501.9173132058942
6122115,12.640848711157005
6123116,11.254007175586894
6124117,0.0
6125118,484.962882845967
6126119,0.0
6127120,498.4216732833998
6128121,0.0
6129122,25.01465124893543
6130123,468.76815572143096
6131124,0.0
6132125,21.10150980884715
6133126,0.0
6134127,25.23703186553753
6135128,419.32412216860297
6136129,451.54108920787934
6137130,17.261855746285775
6138131,465.43386920562745
6139132,0.0
6140133,0.0
6141134,11.81674079298095
6142135,0.0
6143136,522.4086891236908
6144137,478.5128389530727
6145138,0.0
6146139,450.38875656431134
6147140,425.5395538748531
6148141,505.9032005516731
6149142,0.0
6150143,0.0
6151144,88.7255744502232
6152145,0.0
6153146,0.0
6154147,483.9341903797085
6155148,0.0
6156149,451.4295711945181
6157150,0.0
6158151,0.0
6159152,480.58737178036387
6160153,0.0
6161154,0.0
6162155,0.0
6163156,474.5016554260046
6164157,489.40214111647174
6165158,0.0
6166159,0.0
6167160,478.0112530705547
6168161,487.90613228338424
6169162,0.0
6170163,14.27514373393929
6171164,0.0
6172165,469.8444619434806
6173166,0.0
6174167,479.3779371281298
6175168,11.917594244109432
6176169,459.9512195804345
6177170,0.0
6178171,0.0
6179172,0.0
6180173,0.0
6181174,405.3082744208991
6182175,15.535739626426569
6183176,0.0
6184177,17.92982680308547
6185178,0.0
6186179,0.0
6187180,455.3869845793867
6188181,0.0
6189182,470.13962100353115
6190183,472.0189674665762
6191184,499.80315622335655
6192185,0.0
6193186,0.0
6194187,486.3264097750887
6195188,428.5749031639218
6196189,0.0
6197190,476.30407516404705
6198191,461.0526811110825
6199192,500.27594254425185
6200193,479.80487407661354
6201194,0.0
6202195,0.0
6203196,442.49739197197715
6204197,4.5447205188417445
6205198,480.41468778613995
6206199,445.35826110674515
6207200,449.15331568193255
6208201,474.7309873965264
6209202,10.83615805363215
6210203,477.72763603067517
6211204,470.5825624828404
6212205,484.39697828649844
6213206,13.535352799321188
6214207,477.5291385355045
6215208,0.0
6216209,489.7545160965978
6217210,0.0
6218211,0.0
6219212,0.0
6220213,427.19585185468134
6221214,0.0
6222215,475.3245681220055
6223216,0.0
6224217,0.0
6225218,19.21432214764873
6226219,489.66962327245875
6227220,465.48403448073674
6228221,20.03491824286965
6229222,458.56128328027523
6230223,450.12967038348194
6231224,0.0
6232225,0.0
6233226,0.0
6234227,0.0
6235228,19.04079116954337
6236229,0.0
6237230,0.0
6238231,0.0
6239232,12.833277586451228
6240233,468.4156214839359
6241234,0.0
6242235,6.183153935905148
6243236,11.808223035067689
6244237,0.0
6245238,0.0
6246239,0.0
6247240,0.0
6248241,11.195988983934761
6249242,0.0
6250243,0.0
6251244,0.0
6252245,0.0
6253246,0.0
6254247,19.162497422961806
6255248,498.2335601514839
6256249,0.0
6257250,0.0
6258251,21.43493526361479
6259252,0.0
6260253,0.0
6261254,0.0
6262255,0.0
6263256,459.9908352988166
6264257,423.6584204455823
6265258,0.0
6266259,497.77444414672357
6267260,0.0
6268261,461.4071470901311
6269262,0.0
6270263,492.99242866310203
6271264,481.42139288205016
6272265,0.0
6273266,0.0
6274267,456.04188947046515
6275268,442.3567378467726
6276269,484.47119017261343
6277270,0.0
6278271,0.0
6279272,491.42346609640475
6280273,0.0
6281274,457.3545147486516
6282275,472.9696697393283
6283276,478.0431063537548
6284277,475.86711013004486
6285278,491.1231021345193
6286279,0.0
6287280,0.0
6288281,0.0
6289282,0.0
6290283,13.650624654354772
6291284,481.58803519442614
6292285,473.19309042632864
6293286,482.85371347705143
6294287,511.50053275533276
6295288,0.0
6296289,0.0
6297290,0.0
6298291,0.0
6299292,483.1271510593417
6300293,437.24224442220105
6301294,24.614976179406995
6302295,480.13253130517813
6303296,14.785865845082236
6304297,14.518066433468537
6305298,451.89995907637376
6306299,0.0
6307300,0.0
6308301,0.0
6309302,445.6951962594481
6310303,0.0
6311304,503.724065456187
6312305,0.0
6313306,0.0
6314307,462.5338573773812
6315308,0.0
6316309,465.21020310031514
6317310,0.0
6318311,497.92248773906647
6319312,0.0
6320313,0.0
6321314,501.30037396686237
6322315,498.84908895646555
6323316,442.7146520016131
6324317,500.6900538357947
6325318,471.99594838333053
6326319,505.9226606220986
6327320,499.18684251337237
6328321,505.88099772830395
6329322,503.2760394027386
6330323,20.310429517379454
6331324,476.34695698486206
6332325,451.6780783336901
6333326,0.0
6334327,0.0
6335328,0.0
6336329,504.81871141516905
6337330,0.0
6338331,11.799492591858815
6339332,487.903935343381
6340333,0.0
6341334,0.0
6342335,503.5448589260727
6343336,0.0
6344337,463.7136923603703
6345338,0.0
6346339,478.49592251058317
6347340,0.0
6348341,0.0
6349342,455.0917307257559
6350343,0.0
6351344,7.4392335181864935
6352345,0.0
6353346,0.0
6354347,459.15528055419105
6355348,0.0
6356349,449.9158278455351
6357350,0.0
6358351,499.7764480562672
6359352,498.77653046064006
6360353,478.2097989492447
6361354,0.0
6362355,46.07045179764082
6363356,0.0
6364357,0.0
6365358,489.8721560092765
6366359,476.28823453628974
6367360,479.4278927623202
6368361,3.7187580640050952
6369362,0.0
6370363,0.0
6371364,15.769871432769403
6372365,483.68659132878173
6373366,2.8443588626996616
6374367,0.0
6375368,510.7698793881359
6376369,491.67057950370804
6377370,498.10099638419075
6378371,504.60241845720424
6379372,491.75607664700846
6380373,460.0601593494432
6381374,0.0
6382375,511.1030760924188
6383376,497.51741613940726
6384377,0.0
6385378,476.6706554629407
6386379,0.0
6387380,0.0
6388381,517.4120409681518
6389382,0.0
6390383,466.8413868088583
6391384,0.0
6392385,0.0
6393386,483.2394093600048
6394387,479.4885282927399
6395388,13.715419178638868
6396389,0.0
6397390,0.0
6398391,0.0
6399392,0.0
6400393,7.2838752797690445
6401394,477.44025049036475
6402395,482.1406342192823
6403396,450.3733735568533
6404397,476.78402042363615
6405398,0.0
6406399,472.8041876157167
6407400,495.25040684858226
6408401,482.9951944445637
6409402,0.0
6410403,445.4433660862079
6411404,0.0
6412405,0.0
6413406,509.1405067872313
6414407,0.0
6415408,481.82433812807767
6416409,0.0
6417410,0.0
6418411,11.052144654454123
6419412,9.465997287416618
6420413,440.05848699490707
6421414,471.00834841246257
6422415,480.01417893857695
6423416,486.03246332396617
6424417,21.54196754037784
6425418,13.62660046108696
6426419,12.786652266835857
6427420,473.906272981337
6428421,476.7675828613199
6429422,450.2721448271088
6430423,0.0
6431424,0.0
6432425,0.0
6433426,0.0
6434427,14.99630547566808
6435428,461.7772807975241
6436429,0.0
6437430,0.0
6438431,0.0
6439432,477.55690200885533
6440433,0.0
6441434,0.0
6442435,0.0
6443436,486.49327078670854
6444437,0.0
6445438,500.5548977476895
6446439,480.14423835923236
6447440,0.0
6448441,479.68214612797453
6449442,0.0
6450443,26.388883443637578
6451444,0.0
6452445,0.0
6453446,474.93699829751534
6454447,12.938093362637645
6455448,0.0
6456449,478.3135558693961
6457450,499.6230279579122
6458451,465.6329005498491
6459452,0.0
6460453,475.2687304204908
6461454,25.611665252852926
6462455,11.73453626923347
6463456,513.3361123130475
6464457,0.0
6465458,0.0
6466459,0.0
6467460,0.0
6468461,44.03834505233205
6469462,0.0
6470463,0.0
6471464,496.56423724319063
6472465,518.5229281075094
6473466,21.671531459081002
6474467,502.00224016798194
6475468,10.21435257481552
6476469,0.0
6477470,0.0
6478471,0.0
6479472,32.42668157449996
6480473,0.0
6481474,0.0
6482475,503.61479391043696
6483476,0.0
6484477,0.0
6485478,11.791039578530713
6486479,0.0
6487480,466.72830403782285
6488481,0.0
6489482,444.22007402312863
6490483,5.512282879899947
6491484,0.0
6492485,0.0
6493486,470.59343211681653
6494487,0.0
6495488,498.9735286413004
6496489,0.0
6497490,0.0
6498491,485.4942824848118
6499492,0.0
6500493,0.0
6501494,498.70069617655275
6502495,18.340798654817288
6503496,18.171506836159242
6504497,0.0
6505498,516.670642408439
6506499,490.0742351737562
6507500,496.7189357534231
6508501,0.0
6509502,0.0
6510503,0.0
6511504,45.99213430813212
6512505,3.6944241569201006
6513506,485.4177549998371
6514507,0.0
6515508,482.17249503666324
6516509,0.0
6517510,475.03625664145784
6518511,18.38828834751882
6519512,0.0
6520513,0.0
6521514,0.0
6522515,501.12078668313325
6523516,502.7035297207112
6524517,0.0
6525518,0.0
6526519,18.109787799824705
6527520,495.95523615224425
6528521,0.0
6529522,508.4102825998379
6530523,0.0
6531524,0.0
6532525,7.425687115228721
6533526,12.874089844607395
6534527,0.0
6535528,472.8665607376768
6536529,497.1924554100372
6537530,491.0097179843435
6538531,0.0
6539532,0.0
6540533,0.0
6541534,516.7427187824038
6542535,459.58413822246786
6543536,0.0
6544537,0.0
6545538,508.7356832635067
6546539,503.8232405257786
6547540,0.0
6548541,0.0
6549542,0.0
6550543,473.93129428713814
6551544,0.0
6552545,10.100318978170884
6553546,470.6975258122522
6554547,476.4333769930228
6555548,475.2726169065948
6556549,0.0
6557550,0.0
6558551,503.31803912147683
6559552,500.6386063147563
6560553,0.0
6561554,0.0
6562555,524.0238239467486
6563556,0.0
6564557,477.0949276117962
6565558,0.0
6566559,504.04782253790296
6567560,0.0
6568561,0.0
6569562,0.0
6570563,0.0
6571564,8.131598686414755
6572565,0.0
6573566,482.20245500020735
6574567,7.339731323251025
6575568,0.0
6576569,494.6229511449813
6577570,0.0
6578571,0.0
6579572,478.0692660529988
6580573,500.3006210755736
6581574,0.0
6582575,498.7312892143507
6583576,0.0
6584577,457.07100683011805
6585578,491.75825185675257
6586579,457.9371312011905
6587580,7.548296018426596
6588581,483.0065076707819
6589582,512.7228907925797
6590583,13.631582236079694
6591584,0.0
6592585,0.0
6593586,13.863132767331093
6594587,0.0
6595588,0.0
6596589,0.0
6597590,291.30426883484193
6598591,495.0303359936492
6599592,463.6579638005575
6600593,0.0
6601594,0.0
6602595,0.0
6603596,0.0
6604597,518.8640771533428
6605598,0.0
6606599,18.1036951638899
6607600,0.0
6608601,0.0
6609602,505.0622160585766
6610603,0.0
6611604,491.20780188182215
6612605,0.0
6613606,0.0
6614607,533.6653707610244
6615608,0.0
6616609,0.0
6617610,0.0
6618611,501.29655022458644
6619612,0.0
6620613,469.78574168791175
6621614,15.59379391389711
6622615,0.0
6623616,19.821375264484686
6624617,0.0
6625618,0.0
6626619,475.9370436129832
6627620,0.0
6628621,0.0
6629622,0.0
6630623,513.8476931439066
6631624,0.0
6632625,13.733480245363626
6633626,0.0
6634627,0.0
6635628,21.972051805469196
6636629,0.0
6637630,0.0
6638631,2.68628023135299
6639632,488.2854429387405
6640633,0.0
6641634,0.0
6642635,495.7257416014364
6643636,480.1998548327082
6644637,0.0
6645638,515.4737321161195
6646639,20.3461002396456
6647640,0.0
6648641,482.69633401439876
6649642,512.4185819928508
6650643,7.541591823878219
6651644,470.49084624364934
6652645,0.0
6653646,13.501854610247735
6654647,0.0
6655648,0.0
6656649,0.0
6657650,452.0971155286108
6658651,0.0
6659652,0.0
6660653,0.0
6661654,0.0
6662655,0.0
6663656,0.0
6664657,0.0
6665658,502.7372505412768
6666659,0.0
6667660,501.0153673194913
6668661,464.6619110612619
6669662,0.0
6670663,489.1332985998149
6671664,0.0
6672665,0.0
6673666,505.33196840925734
6674667,459.5474412784769
6675668,519.5005486702491
6676669,496.56932794496913
6677670,475.90097086489124
6678671,0.0
6679672,0.0
6680673,0.0
6681674,469.77247268507153
6682675,487.13790364661173
6683676,495.12411620250657
6684677,10.355551733933826
6685678,472.04153821711594
6686679,0.0
6687680,478.0868561479428
6688681,0.0
6689682,35.85172197033572
6690683,475.80818218262067
6691684,490.60800653679775
6692685,485.55932101634
6693686,0.0
6694687,0.0
6695688,477.7723041202237
6696689,47.87937033159556
6697690,495.1702955085468
6698691,0.0
6699692,489.49899651249797
6700693,0.0
6701694,499.2769783742251
6702695,0.0
6703696,506.06084825399336
6704697,0.0
6705698,0.0
6706699,0.0
6707700,0.0
6708701,0.0
6709702,0.0
6710703,0.0
6711704,461.4904336796891
6712705,0.0
6713706,0.0
6714707,480.8526499725293
6715708,0.0
6716709,0.0
6717710,481.2369865592221
6718711,0.0
6719712,495.70791381226604
6720713,0.0
6721714,502.5393731972549
6722715,0.0
6723716,30.509883207079536
6724717,499.9304374615047
6725718,0.0
6726719,0.0
6727720,482.1105080800037
6728721,499.21052328839863
6729722,520.6368840332797
6730723,460.5081958367529
6731724,19.18637831850209
6732725,0.0
6733726,483.3498638682314
6734727,0.0
6735728,0.0
6736729,0.0
6737730,464.4980356111505
6738731,0.0
6739732,18.718756888522773
6740733,12.563909243083199
6741734,482.88527192344367
6742735,17.07913857143499
6743736,485.5154393653133
6744737,0.0
6745738,0.0
6746739,0.0
6747740,0.0
6748741,522.8801008163788
6749742,0.0
6750743,0.0
6751744,0.0
6752745,0.0
6753746,0.0
6754747,0.0
6755748,8.269221484308241
6756749,0.0
6757750,507.2561401414194
6758751,504.5828827890255
6759752,0.0
6760753,0.0
6761754,22.79032421329803
6762755,29.872579675432636
6763756,17.446230234638136
6764757,0.0
6765758,0.0
6766759,0.0
6767760,0.0
6768761,511.7129628862289
6769762,13.709939586997024
6770763,487.5275919374895
6771764,508.34401434622845
6772765,0.0
6773766,18.46432222896956
6774767,0.0
6775768,0.0
6776769,512.7697051024988
6777770,0.0
6778771,479.7089024977948
6779772,508.0559709676474
6780773,0.0
6781774,492.4712529815637
6782775,14.707846388674309
6783776,9.32609209439103
6784777,470.81664322281614
6785778,0.0
6786779,0.0
6787780,0.0
6788781,0.0
6789782,462.31170626226395
6790783,470.0669724842179
6791784,0.0
6792785,472.8838248037331
6793786,496.15292545932056
6794787,456.51580203678475
6795788,510.21059863003154
6796789,20.519234732975026
6797790,465.28367616654435
6798791,508.78106646253445
6799792,0.0
6800793,0.0
6801794,12.228011217277578
6802795,0.0
6803796,0.0
6804797,505.01330717513736
6805798,519.4015884006222
6806799,479.0509870671968
6807800,0.0
6808801,12.765541255237933
6809802,27.981878172936096
6810803,0.0
6811804,0.0
6812805,0.0
6813806,6.356269280538741
6814807,506.6990996600586
6815808,0.0
6816809,11.945566868805141
6817810,496.9999084409744
6818811,479.443865233736
6819812,0.0
6820813,0.0
6821814,495.23652964716547
6822815,0.0
6823816,0.0
6824817,0.0
6825818,21.279066801251126
6826819,25.936085060687443
6827820,0.0
6828821,0.0
6829822,37.939856162564304
6830823,0.0
6831824,0.0
6832825,0.0
6833826,497.6064997285408
6834827,520.0942180830068
6835828,0.0
6836829,0.0
6837830,0.0
6838831,0.0
6839832,10.209601703290488
6840833,495.80614107298845
6841834,508.06026579367773
6842835,0.0
6843836,0.0
6844837,0.0
6845838,0.0
6846839,0.0
6847840,0.0
6848841,506.7960182411054
6849842,0.0
6850843,0.0
6851844,0.0
6852845,505.76140370828
6853846,464.94723956195287
6854847,0.0
6855848,499.75765948845896
6856849,480.83717896417727
6857850,32.183274083264656
6858851,0.0
6859852,488.8088208722978
6860853,0.0
6861854,492.3502812415569
6862855,8.393752830870627
6863856,0.0
6864857,15.364100305494148
6865858,0.0
6866859,0.0
6867860,16.177301837892394
6868861,29.030869467710517
6869862,17.21236013551033
6870863,0.0
6871864,8.37858967923048
6872865,0.0
6873866,0.0
6874867,504.21415494577184
6875868,0.0
6876869,479.18750922007797
6877870,460.96033709306784
6878871,482.8757019671292
6879872,472.01696801826915
6880873,0.0
6881874,505.888578715699
6882875,486.0393687942938
6883876,496.4487081388939
6884877,12.590152576113038
6885878,0.0
6886879,0.0
6887880,0.0
6888881,0.0
6889882,8.032218291053436
6890883,505.5841344998628
6891884,487.1579690579998
6892885,21.234702347469906
6893886,446.6370575780379
6894887,0.0
6895888,0.0
6896889,0.0
6897890,486.979860955341
6898891,494.13285326957055
6899892,0.0
6900893,0.0
6901894,486.84357464676617
6902895,465.41724348816115
6903896,0.0
6904897,0.0
6905898,0.0
6906899,0.0
6907900,0.0
6908901,0.0
6909902,0.0
6910903,12.833395740314153
6911904,0.0
6912905,0.0
6913906,0.0
6914907,0.0
6915908,0.9064293048429579
6916909,19.971988240140934
6917910,79.7855409453327
6918911,460.8701283506038
6919912,0.0
6920913,11.952240676016926
6921914,0.0
6922915,0.0
6923916,0.0
6924917,17.38942210734725
6925918,464.7476010093908
6926919,0.0
6927920,19.246812156600146
6928921,455.319003191404
6929922,0.0
6930923,467.31558273955454
6931924,458.10575503570146
6932925,462.8740888681739
6933926,465.65378085646535
6934927,0.0
6935928,0.0
6936929,458.5526765338798
6937930,490.00054358998204
6938931,0.0
6939932,0.0
6940933,468.6962367466767
6941934,495.0284932890706
6942935,488.65795374685285
6943936,0.0
6944937,487.7968174605226
6945938,450.7940085219695
6946939,0.0
6947940,0.0
6948941,0.0
6949942,0.0
6950943,468.3299453772151
6951944,477.37319937493845
6952945,460.0315866766087
6953946,484.8053119367702
6954947,0.0
6955948,0.0
6956949,446.4879180230547
6957950,0.0
6958951,4.624889753760167
6959952,21.563890236192968
6960953,474.4697692208176
6961954,409.5400901604589
6962955,0.0
6963956,0.0
6964957,447.2629010196488
6965958,478.3417836445913
6966959,0.0
6967960,15.293478555448658
6968961,484.1306167318121
6969962,480.8274549502219
6970963,461.1570617011626
6971964,459.150974799634
6972965,0.0
6973966,441.45174385537825
6974967,468.5517127793376
6975968,463.2715878377908
6976969,467.5223494676591
6977970,0.0
6978971,473.9946200354775
6979972,0.0
6980973,0.0
6981974,0.0
6982975,0.0
6983976,453.38447477318505
6984977,504.39900631462575
6985978,496.0134540472743
6986979,0.0
6987980,0.0
6988981,25.712784855849126
6989982,0.0
6990983,15.424629913190337
6991984,423.8787101783924
6992985,455.4238509085492
6993986,468.55457176820323
6994987,496.4205744445797
6995988,0.0
6996989,0.0
6997990,0.0
6998991,0.0
6999992,8.031761963608291
7000993,17.555794736606327
7001994,0.0
7002995,467.46979329980525
7003996,0.0
7004997,0.0
7005998,11.848378906405557
7006999,0.0
7008000,0.0
7009001,465.8047193882416
7010002,0.0
7011003,0.0
7012004,9.328134632398731
7013005,0.0
7014006,0.0
7015007,17.073669102811422
7016008,0.0
7017009,23.227364057445445
7018010,11.725969738060213
7019011,487.1524570446736
7020012,0.0
7021013,0.0
7022014,444.3043235780789
7023015,481.77591077303987
7024016,0.0
7025017,444.05137310905394
7026018,13.527854592848264
7027019,0.0
7028020,0.0
7029021,23.322143338463512
7030022,480.52349192278797
7031023,22.496909023778333
7032024,360.84269052852227
7033025,9.209375526513526
7034026,0.0
7035027,0.0
7036028,13.677792625583098
7037029,0.0
7038030,0.0
7039031,39.649417826231605
7040032,18.81182346200071
7041033,0.0
7042034,0.0
7043035,32.35115385106189
7044036,459.760663513316
7045037,17.22657742369697
7046038,0.0
7047039,447.93945177028274
7048040,0.0
7049041,0.0
7050042,450.03333863006765
7051043,0.0
7052044,443.8399480920708
7053045,0.0
7054046,0.0
7055047,491.5144734277463
7056048,64.49767980297179
7057049,470.40824751292377
7058050,17.91376021604338
7059051,0.0
7060052,0.0
7061053,465.2897085825292
7062054,0.0
7063055,35.91274412921085
7064056,0.0
7065057,0.0
7066058,0.0
7067059,463.9341370621841
7068060,481.3484254847385
7069061,9.889919438317131
7070062,424.84943485239637
7071063,0.0
7072064,0.0
7073065,0.0
7074066,452.621422665097
7075067,0.0
7076068,14.602913190711883
7077069,449.56972859139574
7078070,12.897196079590131
7079071,0.0
7080072,494.15396740497306
7081073,442.2332137182072
7082074,480.66315474872323
7083075,492.81220687659004
7084076,0.0
7085077,0.0
7086078,0.0
7087079,0.0
7088080,0.0
7089081,476.8563285193299
7090082,19.159511745495987
7091083,0.0
7092084,0.0
7093085,0.0
7094086,0.0
7095087,0.0
7096088,471.8915430797922
7097089,14.914784599931712
7098090,477.6125140220952
7099091,0.0
7100092,470.92490462864276
7101093,0.0
7102094,0.0
7103095,480.98533329151604
7104096,0.0
7105097,0.0
7106098,0.0
7107099,474.39981990463275
7108100,499.85725724254496
7109101,513.8920025360443
7110102,0.0
7111103,468.05438987273914
7112104,0.0
7113105,419.4245133410549
7114106,493.2211171983739
7115107,0.0
7116108,28.412607396989397
7117109,0.0
7118110,0.0
7119111,0.0
7120112,479.9500130157935
7121113,501.14038722693397
7122114,449.55759847736255
7123115,453.87372294495947
7124116,50.00610226674856
7125117,0.8922842507313348
7126118,0.0
7127119,13.40630754444138
7128120,478.61733078423856
7129121,472.2930644498634
7130122,480.31927074341706
7131123,0.0
7132124,456.31524221601273
7133125,0.0
7134126,486.9107875358568
7135127,477.6734547276246
7136128,513.2632976907033
7137129,0.0
7138130,0.0
7139131,0.0
7140132,5.374244188366609
7141133,477.76471073380515
7142134,0.0
7143135,0.0
7144136,482.58382126429393
7145137,0.0
7146138,1.888786951206487
7147139,490.88773427246474
7148140,500.6090577756892
7149141,0.0
7150142,10.108014126235567
7151143,491.7087915291679
7152144,0.0
7153145,500.2850270916347
7154146,0.0
7155147,0.0
7156148,0.0
7157149,7.438898524434819
7158150,468.2850530359713
7159151,38.82538663620543
7160152,0.0
7161153,15.33190464514428
7162154,0.0
7163155,0.0
7164156,0.0
7165157,0.0
7166158,0.0
7167159,478.57235745897776
7168160,456.72804030406576
7169161,0.0
7170162,0.0
7171163,0.0
7172164,0.0
7173165,490.8067031210028
7174166,0.0
7175167,448.5496992319819
7176168,13.49881849135512
7177169,0.0
7178170,10.971756617805125
7179171,0.0
7180172,471.10178723054713
7181173,0.0
7182174,12.764649097826904
7183175,36.597025337327295
7184176,0.0
7185177,454.7231004327063
7186178,482.78579824821213
7187179,0.0
7188180,0.0
7189181,50.083269718660596
7190182,488.53574488256993
7191183,0.0
7192184,26.304565374084422
7193185,8.076644325791493
7194186,434.1764757401919
7195187,497.31120243990955
7196188,0.0
7197189,479.9339399011482
7198190,452.3101776923038
7199191,3.629358301218836
7200192,464.0839156355424
7201193,0.0
7202194,484.60364218215875
7203195,479.74823853829264
7204196,19.28788199475111
7205197,516.843429971329
7206198,0.0
7207199,478.6941053791038
7208200,17.446188299872876
7209201,454.0202508748117
7210202,0.0
7211203,501.71900812498205
7212204,440.11717332762714
7213205,512.8566503776909
7214206,0.0
7215207,0.0
7216208,0.0
7217209,6.438629503664357
7218210,0.0
7219211,80.43450416213759
7220212,0.0
7221213,417.8415444850113
7222214,0.0
7223215,0.0
7224216,470.8620385601752
7225217,0.0
7226218,0.0
7227219,472.57474991934345
7228220,473.40223258231947
7229221,12.810677419847073
7230222,455.7961502600426
7231223,0.0
7232224,440.8207185261462
7233225,0.0
7234226,0.0
7235227,0.0
7236228,454.22693171720397
7237229,470.196628751162
7238230,0.0
7239231,0.0
7240232,0.0
7241233,451.21298663887296
7242234,470.6780323948194
7243235,0.0
7244236,29.40372053663969
7245237,0.0
7246238,389.9648114495199
7247239,0.0
7248240,470.5165590698007
7249241,0.0
7250242,15.516741744539702
7251243,0.0
7252244,450.63110990625364
7253245,454.18629599927726
7254246,0.0
7255247,492.25834132002626
7256248,486.1989949085524
7257249,401.67251441440175
7258250,0.0
7259251,475.00212602435886
7260252,0.0
7261253,18.03361551557389
7262254,10.374091798636861
7263255,0.0
7264256,439.00390633587523
7265257,13.429200709070908
7266258,0.0
7267259,514.1077676286866
7268260,483.99403032802513
7269261,2.8336784752931936
7270262,453.28860603038123
7271263,454.0317341591861
7272264,0.0
7273265,10.176408082505434
7274266,0.0
7275267,0.0
7276268,431.2981670467684
7277269,0.0
7278270,438.1461486157375
7279271,40.54124765127852
7280272,0.0
7281273,440.9758359680758
7282274,459.43097025282043
7283275,453.33852008748096
7284276,0.0
7285277,10.075090979649227
7286278,473.7141302020452
7287279,444.13986451270995
7288280,0.0
7289281,0.0
7290282,0.0
7291283,0.0
7292284,472.59405224458527
7293285,465.15137162227853
7294286,0.0
7295287,0.0
7296288,0.0
7297289,443.5174042683552
7298290,0.0
7299291,0.0
7300292,459.9508483824879
7301293,0.0
7302294,0.0
7303295,0.0
7304296,0.0
7305297,476.83188112241163
7306298,472.7610365254207
7307299,450.48594185773084
7308300,0.0
7309301,0.0
7310302,490.0427637553639
7311303,501.2841500635909
7312304,470.1649989147097
7313305,0.0
7314306,475.93037468711015
7315307,0.0
7316308,23.570096269438064
7317309,0.0
7318310,456.23352578111036
7319311,16.600521861720473
7320312,504.3337655377715
7321313,21.005631702202056
7322314,29.642576500816773
7323315,16.61826942567149
7324316,6.458515983161938
7325317,0.0
7326318,462.3521760317723
7327319,448.9196883238408
7328320,0.0
7329321,26.20157220590467
7330322,12.206578157228233
7331323,0.0
7332324,0.0
7333325,0.0
7334326,0.0
7335327,444.90341067441733
7336328,0.0
7337329,0.0
7338330,0.0
7339331,422.12907881308854
7340332,0.0
7341333,457.3612703236144
7342334,0.0
7343335,447.05404487577164
7344336,0.0
7345337,0.0
7346338,0.0
7347339,474.4887812457409
7348340,490.3645826156738
7349341,0.0
7350342,12.483999585219177
7351343,0.0
7352344,438.74626263452507
7353345,0.0
7354346,20.81202094449038
7355347,476.0236946821952
7356348,479.6082203423622
7357349,0.0
7358350,425.36346687542436
7359351,0.0
7360352,496.89579760197967
7361353,421.0893046061491
7362354,0.0
7363355,471.1226902006141
7364356,491.3214902802407
7365357,0.0
7366358,18.360730372772096
7367359,465.6702006778886
7368360,485.18942922030294
7369361,0.0
7370362,476.104689635378
7371363,31.911219469301773
7372364,477.43610832449184
7373365,18.340120185448388
7374366,0.0
7375367,436.4747079600378
7376368,424.2884465931099
7377369,0.0
7378370,13.458343976080572
7379371,0.0
7380372,0.0
7381373,0.0
7382374,464.6954672692377
7383375,500.5119420859431
7384376,0.0
7385377,478.0402380780982
7386378,0.0
7387379,477.62761115841806
7388380,396.3652501015458
7389381,0.0
7390382,0.0
7391383,0.0
7392384,479.05968579117774
7393385,479.1648336500689
7394386,0.0
7395387,0.0
7396388,0.0
7397389,0.0
7398390,0.0
7399391,482.10168696357323
7400392,0.0
7401393,0.0
7402394,0.0
7403395,0.0
7404396,0.0
7405397,0.0
7406398,0.0
7407399,0.0
7408400,0.0
7409401,472.95371556790093
7410402,472.7820546265658
7411403,0.0
7412404,0.0
7413405,0.0
7414406,518.5183281383237
7415407,471.64510079285196
7416408,56.051972020047415
7417409,0.0
7418410,0.0
7419411,500.02675237063534
7420412,0.0
7421413,0.0
7422414,470.5344082009806
7423415,4.595716218978666
7424416,435.0695490088907
7425417,441.6485459755513
7426418,484.2032368408767
7427419,0.0
7428420,0.0
7429421,514.3785542469614
7430422,459.4456186067129
7431423,0.0
7432424,451.9328594303697
7433425,471.9885274270231
7434426,0.0
7435427,17.465788578049438
7436428,466.4762062422123
7437429,11.868563068412456
7438430,451.5429609848926
7439431,0.0
7440432,0.0
7441433,446.67140180298753
7442434,515.2365310561636
7443435,22.565133856318113
7444436,0.0
7445437,0.0
7446438,0.0
7447439,0.0
7448440,7.387909971518333
7449441,0.0
7450442,490.2586022229283
7451443,0.0
7452444,504.63547818120185
7453445,0.0
7454446,460.28714621203534
7455447,17.16332475550973
7456448,0.0
7457449,0.0
7458450,461.37027758548055
7459451,31.544910557407032
7460452,472.8586730451624
7461453,0.0
7462454,7.5623605187040335
7463455,0.0
7464456,477.3144168219913
7465457,0.0
7466458,512.1572514507666
7467459,0.0
7468460,226.93024613679685
7469461,20.66908390235763
7470462,6.398667096829058
7471463,444.14119502748355
7472464,0.0
7473465,17.128764206875296
7474466,17.282225788523082
7475467,451.04365004621536
7476468,0.0
7477469,456.26298271196225
7478470,484.19105725239535
7479471,0.0
7480472,11.347465877336251
7481473,457.1811386798347
7482474,15.342645848701668
7483475,0.0
7484476,470.3483264418398
7485477,468.52114835258675
7486478,0.0
7487479,481.13407254314154
7488480,473.38094872370135
7489481,468.1806541511705
7490482,16.836908150810974
7491483,0.0
7492484,0.0
7493485,2.7015602684972775
7494486,0.0
7495487,0.0
7496488,0.0
7497489,0.0
7498490,0.0
7499491,0.0
7500492,0.0
7501493,0.0
7502494,448.11178216237727
7503495,0.0
7504496,499.90234277858184
7505497,483.2940818480761
7506498,0.0
7507499,466.0616547312428
7508500,546.8544465619178
7509501,519.8273526459983
7510502,0.0
7511503,12.661647467363126
7512504,465.04634116342754
7513505,0.0
7514506,0.0
7515507,0.0
7516508,0.0
7517509,487.39070946440984
7518510,0.0
7519511,0.0
7520512,484.4994205768993
7521513,502.8833574557846
7522514,6.486753965527117
7523515,488.681462790617
7524516,0.0
7525517,0.0
7526518,494.62209470443275
7527519,511.90401808942846
7528520,0.0
7529521,0.0
7530522,495.8900397498644
7531523,480.6868469896513
7532524,20.92335468453855
7533525,13.443783052366094
7534526,0.0
7535527,0.0
7536528,0.0
7537529,521.0333419980569
7538530,487.72067510133667
7539531,511.9989783767786
7540532,17.045092011023204
7541533,14.485234459783003
7542534,0.0
7543535,0.0
7544536,0.0
7545537,0.0
7546538,0.0
7547539,0.0
7548540,474.41313692500603
7549541,12.609054950702987
7550542,0.0
7551543,0.0
7552544,0.0
7553545,0.0
7554546,16.22299939626204
7555547,9.168322244779759
7556548,0.0
7557549,0.0
7558550,486.7310387044068
7559551,494.0750604857235
7560552,0.0
7561553,498.7526051397806
7562554,17.4611639146068
7563555,0.0
7564556,489.1972655740105
7565557,0.0
7566558,0.0
7567559,513.9170508340135
7568560,9.35271081792143
7569561,498.242770267271
7570562,0.0
7571563,521.1455665046456
7572564,489.8788697931566
7573565,0.0
7574566,12.840094820448758
7575567,0.0
7576568,0.0
7577569,0.0
7578570,505.32837087219167
7579571,471.52146852802775
7580572,465.26715957973886
7581573,503.72018743293427
7582574,0.0
7583575,0.0
7584576,0.0
7585577,502.3557729314643
7586578,0.0
7587579,0.0
7588580,0.0
7589581,17.398606139396605
7590582,7.422834284192671
7591583,0.0
7592584,434.5217623012819
7593585,498.05268499048873
7594586,0.0
7595587,0.0
7596588,0.0
7597589,505.21446554668063
7598590,0.0
7599591,477.98025446541646
7600592,473.3754775422169
7601593,0.0
7602594,0.0
7603595,34.24193879446475
7604596,1.837583851856425
7605597,0.0
7606598,21.774185665205145
7607599,483.09630666910124
7608600,515.9001194945896
7609601,509.76512261027
7610602,19.150071787746942
7611603,506.27307966601074
7612604,19.626738858994802
7613605,0.0
7614606,480.9611905788291
7615607,504.7858067383449
7616608,0.0
7617609,0.0
7618610,0.0
7619611,0.0
7620612,516.4195213495204
7621613,0.0
7622614,0.0
7623615,8.281791881586095
7624616,0.0
7625617,507.91542759565374
7626618,0.0
7627619,469.46090080949034
7628620,0.0
7629621,500.206279136021
7630622,0.0
7631623,0.0
7632624,0.0
7633625,8.328018247737692
7634626,500.09552141026245
7635627,476.1129609667185
7636628,515.5501013047997
7637629,25.65778485014933
7638630,512.1082500430249
7639631,8.302377723865826
7640632,498.3073723800811
7641633,8.56732481945751
7642634,0.0
7643635,0.0
7644636,0.0
7645637,0.0
7646638,513.8521366173597
7647639,0.0
7648640,478.4493930705805
7649641,0.0
7650642,0.0
7651643,10.137956401699938
7652644,452.70715795249083
7653645,481.8208546110817
7654646,18.994246597394973
7655647,469.99224575344147
7656648,22.782758629680714
7657649,513.0008557975076
7658650,501.163997693971
7659651,0.0
7660652,0.0
7661653,0.0
7662654,0.0
7663655,0.0
7664656,3.6936717344862444
7665657,0.0
7666658,509.6635596239666
7667659,7.19977443369938
7668660,0.0
7669661,481.1200105755737
7670662,0.0
7671663,0.0
7672664,0.0
7673665,0.0
7674666,486.6000929389668
7675667,523.7354776860986
7676668,484.921862757949
7677669,0.0
7678670,10.033957435316301
7679671,4.685570770875841
7680672,9.906931613048279
7681673,18.29316897863745
7682674,0.0
7683675,0.0
7684676,0.0
7685677,0.0
7686678,495.1845425086306
7687679,488.03135289981776
7688680,0.0
7689681,457.6183766236184
7690682,10.884515629378026
7691683,0.0
7692684,0.8836285569667615
7693685,486.0577541671074
7694686,0.0
7695687,510.43126149651044
7696688,0.0
7697689,0.0
7698690,0.0
7699691,11.009718831570087
7700692,432.7525949548644
7701693,12.689017278254987
7702694,506.8656311396298
7703695,0.0
7704696,459.69477279681666
7705697,0.0
7706698,0.0
7707699,0.0
7708700,9.317926981523364
7709701,488.17504584958004
7710702,0.0
7711703,477.3609635639811
7712704,522.2094172392478
7713705,0.0
7714706,519.0816103413541
7715707,343.77499351139
7716708,0.0
7717709,0.0
7718710,0.0
7719711,0.0
7720712,0.0
7721713,479.6729681432936
7722714,494.34560820721373
7723715,467.239478777005
7724716,10.82517053967873
7725717,483.4191443623136
7726718,0.0
7727719,490.0756031656208
7728720,503.18443474680527
7729721,514.666982618513
7730722,20.88064439053216
7731723,0.0
7732724,482.6596270775891
7733725,503.312997750719
7734726,467.7254469668481
7735727,0.0
7736728,28.993004533573934
7737729,475.6079884927794
7738730,0.0
7739731,0.0
7740732,477.189892005447
7741733,534.4055526141887
7742734,473.0510379583918
7743735,0.0
7744736,425.9088959450802
7745737,526.7680465201589
7746738,0.0
7747739,0.0
7748740,13.733806778097868
7749741,0.0
7750742,0.0
7751743,492.5419895746986
7752744,0.0
7753745,518.8650046521036
7754746,0.0
7755747,0.0
7756748,485.18017484299736
7757749,452.1765432772399
7758750,476.3270349283303
7759751,0.0
7760752,0.0
7761753,0.0
7762754,0.0
7763755,0.0
7764756,0.0
7765757,0.0
7766758,496.0070068801467
7767759,0.0
7768760,0.0
7769761,0.0
7770762,0.0
7771763,0.0
7772764,521.6260252840295
7773765,0.0
7774766,494.53265131648465
7775767,0.0
7776768,0.0
7777769,0.0
7778770,9.459546678331975
7779771,0.0
7780772,499.2268175231595
7781773,493.835090141895
7782774,510.40348052827306
7783775,0.0
7784776,0.0
7785777,0.0
7786778,0.0
7787779,0.0
7788780,0.0
7789781,0.0
7790782,9.428401911898993
7791783,12.911204993591525
7792784,2.73543729406987
7793785,0.0
7794786,0.0
7795787,0.0
7796788,503.92177895667703
7797789,0.0
7798790,506.630200032443
7799791,0.0
7800792,0.0
7801793,13.808241309168345
7802794,0.0
7803795,498.6056199311406
7804796,480.4534647983268
7805797,16.932489041756693
7806798,0.0
7807799,26.7734257681372
7808800,0.0
7809801,492.91502545397094
7810802,9.155624915193263
7811803,0.0
7812804,0.0
7813805,0.0
7814806,507.9702134065879
7815807,0.0
7816808,0.0
7817809,0.0
7818810,4.582341632268094
7819811,0.0
7820812,0.0
7821813,512.2910592194048
7822814,0.0
7823815,414.8524800441909
7824816,509.7044477186397
7825817,487.37399846542826
7826818,512.5496021605352
7827819,12.87932971547309
7828820,0.0
7829821,12.871938097850657
7830822,478.13469638009934
7831823,0.0
7832824,477.9033243031568
7833825,0.0
7834826,0.0
7835827,16.429273712592916
7836828,0.0
7837829,527.6898912597113
7838830,18.046714690046173
7839831,512.6243903821395
7840832,516.8661249465157
7841833,0.0
7842834,0.0
7843835,0.0
7844836,0.0
7845837,476.0695999459076
7846838,16.426290837615102
7847839,506.13119295140393
7848840,0.0
7849841,4.583268771110115
7850842,488.3552336975458
7851843,0.0
7852844,498.41278524322445
7853845,0.0
7854846,5.7679947778556695
7855847,0.0
7856848,0.0
7857849,494.04060751017255
7858850,10.949325894510988
7859851,12.937100138928548
7860852,0.0
7861853,8.36746992630276
7862854,10.934367899618225
7863855,0.0
7864856,0.0
7865857,488.2575933523266
7866858,19.81628350051214
7867859,0.0
7868860,12.726116711591152
7869861,10.869428897187486
7870862,497.29244480811906
7871863,0.0
7872864,496.50779414928326
7873865,38.248941291905425
7874866,532.2552485197799
7875867,474.56383611771156
7876868,8.288027957197833
7877869,501.21906421815015
7878870,0.0
7879871,0.0
7880872,511.0090255619301
7881873,0.0
7882874,0.0
7883875,0.0
7884876,492.78233464491194
7885877,11.015651849601703
7886878,452.6956741962941
7887879,0.0
7888880,513.6357191894978
7889881,7.0674042303087745
7890882,498.6276199679273
7891883,504.6089214319923
7892884,488.5247027431089
7893885,0.0
7894886,0.0
7895887,482.7058702767861
7896888,465.7040721196538
7897889,503.2178491936244
7898890,0.0
7899891,18.7592347225273
7900892,497.4712362729792
7901893,0.0
7902894,0.0
7903895,0.0
7904896,499.69046804551107
7905897,0.0
7906898,12.740721234584104
7907899,0.0
7908900,510.8624939687711
7909901,0.0
7910902,0.0
7911903,480.4837981853986
7912904,0.0
7913905,10.065196201462971
7914906,0.0
7915907,533.1876940875974
7916908,0.0
7917909,0.0
7918910,0.0
7919911,504.3741254241799
7920912,7.379666523101522
7921913,0.0
7922914,0.0
7923915,0.0
7924916,0.0
7925917,0.0
7926918,476.95642754999875
7927919,499.51014295494457
7928920,429.16053964920695
7929921,0.0
7930922,0.0
7931923,0.0
7932924,0.0
7933925,0.0
7934926,0.0
7935927,0.0
7936928,20.91325560842526
7937929,512.1346875582608
7938930,2.749703203139671
7939931,0.0
7940932,500.1375214199211
7941933,511.8069243513238
7942934,509.38084059718824
7943935,530.3944004320756
7944936,488.7884667673953
7945937,0.0
7946938,0.0
7947939,496.5908088484859
7948940,492.11087106369575
7949941,54.80369586637006
7950942,52.19771899248286
7951943,0.0
7952944,0.0
7953945,514.2295561766385
7954946,8.396514336208012
7955947,497.35463986172584
7956948,507.2958334789026
7957949,0.0
7958950,509.81879700358354
7959951,512.3226621699362
7960952,0.0
7961953,0.0
7962954,0.0
7963955,22.38550297723707
7964956,465.6645759677631
7965957,0.0
7966958,0.0
7967959,14.411774773977553
7968960,437.9985197717447
7969961,0.0
7970962,0.0
7971963,0.0
7972964,0.0
7973965,7.370696825313855
7974966,0.0
7975967,0.0
7976968,37.17003279436541
7977969,507.67361509770774
7978970,0.0
7979971,0.0
7980972,485.16336140696114
7981973,0.0
7982974,0.0
7983975,477.2400916400939
7984976,504.0059203666466
7985977,0.0
7986978,11.908977420740442
7987979,0.0
7988980,508.40399645380813
7989981,0.0
7990982,0.0
7991983,0.0
7992984,474.621454994218
7993985,532.2020497582348
7994986,534.639676872713
7995987,0.0
7996988,0.0
7997989,22.141667303469323
7998990,508.5840659656284
7999991,0.0
8000992,0.0
8001993,0.0
8002994,14.55542674574534
8003995,0.0
8004996,14.754262144925377
8005997,497.92245453888074
8006998,0.0
8007999,0.0
8009000,509.5909838401774
8010001,0.0
8011002,0.0
8012003,520.7420523530214
8013004,0.0
8014005,0.0
8015006,0.0
8016007,506.4333790505904
8017008,516.1665408950487
8018009,0.0
8019010,495.8804324142908
8020011,0.0
8021012,12.834931278945936
8022013,18.20315479806442
8023014,0.0
8024015,505.1004209598427
8025016,0.0
8026017,0.0
8027018,13.656356184966956
8028019,0.0
8029020,0.0
8030021,0.0
8031022,504.45326883040707
8032023,3.9267635999928983
8033024,445.11014095853017
8034025,0.0
8035026,511.03773807328326
8036027,0.0
8037028,524.8585321059102
8038029,0.0
8039030,0.0
8040031,0.0
8041032,534.7804699306988
8042033,0.0
8043034,499.0074477128789
8044035,512.1894707698035
8045036,14.641292795554897
8046037,25.06397695685872
8047038,16.498351148431354
8048039,0.0
8049040,510.84562228575504
8050041,0.0
8051042,0.0
8052043,528.5256430704615
8053044,0.0
8054045,0.0
8055046,0.0
8056047,458.55227569657313
8057048,502.89774100531946
8058049,500.233293026679
8059050,0.0
8060051,11.020056099977788
8061052,0.0
8062053,483.86414420836456
8063054,495.0967017684249
8064055,0.0
8065056,11.280837582439766
8066057,474.57847402863786
8067058,494.06170542860184
8068059,490.0910006277614
8069060,478.61056774612854
8070061,0.0
8071062,0.0
8072063,0.0
8073064,0.0
8074065,20.213687195877164
8075066,481.6644833856828
8076067,0.0
8077068,502.122824448393
8078069,20.176349790411003
8079070,0.0
8080071,0.0
8081072,0.0
8082073,512.7722904369454
8083074,528.4313266116646
8084075,5.456625336826489
8085076,0.0
8086077,520.6715488905373
8087078,0.0
8088079,520.2160014500059
8089080,0.0
8090081,455.97492558147405
8091082,475.933184358288
8092083,0.0
8093084,514.2858741079791
8094085,451.98645924871147
8095086,443.65183222557204
8096087,0.0
8097088,471.4575182510215
8098089,0.0
8099090,0.0
8100091,498.3714189838563
8101092,487.58716035796914
8102093,12.853595618639472
8103094,3.581247825786084
8104095,30.73970063239524
8105096,39.656511236202796
8106097,0.0
8107098,20.71038522543197
8108099,0.0
8109100,493.81242794736795
8110101,523.8298474502633
8111102,532.0128753690102
8112103,0.0
8113104,0.0
8114105,13.741111271926332
8115106,543.319272051021
8116107,494.9795397129929
8117108,0.0
8118109,3.638774343176147
8119110,33.321457774650504
8120111,0.0
8121112,0.0
8122113,496.1349773407222
8123114,0.0
8124115,0.0
8125116,0.0
8126117,0.0
8127118,0.0
8128119,0.0
8129120,32.1109971239251
8130121,0.0
8131122,0.0
8132123,421.910260307241
8133124,3.6726361919832504
8134125,0.0
8135126,517.056104239429
8136127,0.0
8137128,0.0
8138129,517.5312375984097
8139130,0.0
8140131,0.0
8141132,510.87776938786124
8142133,0.0
8143134,506.9210109186185
8144135,447.16629500193875
8145136,0.0
8146137,482.27023152101214
8147138,0.0
8148139,469.9285425983264
8149140,506.5637924208697
8150141,3.6929129535414793
8151142,501.2154859124537
8152143,457.28343253524883
8153144,0.0
8154145,195.42696452326476
8155146,0.0
8156147,7.504792801502414
8157148,495.3796569253249
8158149,0.0
8159150,494.65744413654147
8160151,504.0842751532342
8161152,0.0
8162153,425.4097847493974
8163154,0.0
8164155,494.07756545394454
8165156,0.0
8166157,16.222603005427352
8167158,0.0
8168159,0.0
8169160,0.0
8170161,0.0
8171162,0.0
8172163,0.0
8173164,0.0
8174165,538.761010158909
8175166,483.01723525530656
8176167,0.0
8177168,0.0
8178169,0.0
8179170,0.0
8180171,0.0
8181172,512.5155072119635
8182173,0.0
8183174,0.0
8184175,0.0
8185176,0.0
8186177,0.0
8187178,477.172581901348
8188179,534.8011200909211
8189180,0.0
8190181,515.0986987520233
8191182,0.0
8192183,486.27246893455475
8193184,14.532207715681002
8194185,0.0
8195186,0.0
8196187,503.84311951851726
8197188,10.097099591759132
8198189,0.0
8199190,0.0
8200191,25.306248070554464
8201192,511.9918199917973
8202193,19.147910872439066
8203194,0.0
8204195,12.649118480973659
8205196,513.1041772215506
8206197,0.0
8207198,0.0
8208199,0.0
8209200,0.0
8210201,16.392800663174526
8211202,0.0
8212203,501.8787706316372
8213204,505.66312495945067
8214205,0.0
8215206,0.0
8216207,0.0
8217208,505.53955558182554
8218209,524.5737354599414
8219210,483.0453390064115
8220211,0.0
8221212,507.4244913584973
8222213,482.33027595950784
8223214,0.0
8224215,167.21303073423934
8225216,0.0
8226217,526.7895490512009
8227218,0.0
8228219,260.94549471259813
8229220,61.90632038058743
8230221,531.4818528356661
8231222,11.20176942620643
8232223,0.0
8233224,0.0
8234225,501.2190546543112
8235226,0.0
8236227,0.0
8237228,513.7215613465426
8238229,479.3433885106317
8239230,0.0
8240231,491.37742402829747
8241232,0.0
8242233,12.830403545962012
8243234,0.0
8244235,0.0
8245236,492.26348816633515
8246237,0.933108930687823
8247238,484.61072945341266
8248239,0.0
8249240,0.0
8250241,506.0216278377497
8251242,0.0
8252243,516.1303364251692
8253244,0.0
8254245,506.60016597805696
8255246,0.0
8256247,10.777116585580874
8257248,526.868409987806
8258249,0.0
8259250,0.0
8260251,479.14797068960195
8261252,273.5759207676372
8262253,0.0
8263254,0.0
8264255,0.0
8265256,13.957055490978687
8266257,0.0
8267258,0.0
8268259,11.201313165438293
8269260,467.6567091551345
8270261,0.0
8271262,469.81524810810475
8272263,0.0
8273264,504.91176902638375
8274265,0.0
8275266,0.0
8276267,0.0
8277268,0.0
8278269,0.0
8279270,0.0
8280271,8.299861085152527
8281272,0.0
8282273,0.0
8283274,496.27049796381255
8284275,497.3317543126847
8285276,12.894774141078036
8286277,0.0
8287278,0.0
8288279,0.0
8289280,38.656887474401515
8290281,0.0
8291282,0.0
8292283,0.0
8293284,0.0
8294285,0.0
8295286,0.0
8296287,0.0
8297288,501.00295392816616
8298289,506.55611584298373
8299290,0.0
8300291,0.0
8301292,0.0
8302293,514.9370949128322
8303294,14.699366161467742
8304295,11.250706867504785
8305296,0.0
8306297,527.895781611115
8307298,0.0
8308299,531.3966917239836
8309300,0.0
8310301,7.285651048429435
8311302,0.0
8312303,0.0
8313304,452.3393401749989
8314305,467.11454052920936
8315306,0.0
8316307,0.0
8317308,500.29262779434026
8318309,0.0
8319310,0.0
8320311,0.0
8321312,42.91817914069805
8322313,14.729611592169597
8323314,232.04448489321
8324315,0.0
8325316,0.0
8326317,514.4656132376304
8327318,0.0
8328319,0.0
8329320,514.5291788218902
8330321,0.0
8331322,489.4163234979147
8332323,0.0
8333324,0.0
8334325,0.0
8335326,0.0
8336327,0.0
8337328,12.97115027006859
8338329,0.0
8339330,0.0
8340331,151.76000791059278
8341332,551.6341043107715
8342333,0.0
8343334,0.0
8344335,515.4329514668592
8345336,0.0
8346337,0.0
8347338,0.0
8348339,0.0
8349340,0.0
8350341,519.9251246185204
8351342,3.6083956194372404
8352343,0.0
8353344,0.0
8354345,463.5908954184294
8355346,485.1805202829911
8356347,483.1231450502231
8357348,233.12093937953242
8358349,545.5043691598834
8359350,37.80073791407296
8360351,533.1506745639514
8361352,0.0
8362353,0.0
8363354,13.000028421003345
8364355,450.3057418365372
8365356,12.078732012071821
8366357,23.863269161240062
8367358,502.6252919066794
8368359,0.0
8369360,11.99411236575648
8370361,2.845501691702465
8371362,0.0
8372363,0.0
8373364,480.21709471343985
8374365,0.0
8375366,537.044131959734
8376367,0.0
8377368,469.8808422054179
8378369,508.8232481525986
8379370,516.1959200208862
8380371,0.0
8381372,0.0
8382373,20.256166318605523
8383374,0.0
8384375,536.1288979834296
8385376,9.315837202915716
8386377,518.0974153878689
8387378,513.820385335081
8388379,0.0
8389380,15.501722281494487
8390381,0.0
8391382,0.0
8392383,532.7738094285531
8393384,0.0
8394385,500.7245345575025
8395386,520.2402926134807
8396387,0.0
8397388,471.24547593059583
8398389,512.0857644183426
8399390,16.442041277867276
8400391,11.636024020631456
8401392,453.88478600189296
8402393,0.0
8403394,0.0
8404395,0.0
8405396,0.0
8406397,0.0
8407398,487.10289339718946
8408399,488.9359904520257
8409400,170.32847075214684
8410401,0.0
8411402,0.0
8412403,0.0
8413404,531.6397574257079
8414405,497.39252347698994
8415406,478.1316906487788
8416407,540.6057542329145
8417408,4.67606868733376
8418409,490.62225372824145
8419410,0.0
8420411,0.0
8421412,12.866245226510642
8422413,0.0
8423414,537.6725381903158
8424415,310.0170028494941
8425416,494.83193327449254
8426417,0.0
8427418,473.2499491240824
8428419,503.11300971899203
8429420,12.618672005040525
8430421,0.0
8431422,0.0
8432423,518.9390274780823
8433424,13.795037849346917
8434425,0.0
8435426,0.0
8436427,0.0
8437428,38.96390939651601
8438429,0.0
8439430,0.0
8440431,13.150740462629043
8441432,0.0
8442433,0.0
8443434,516.5636505615739
8444435,0.0
8445436,497.66246347573406
8446437,531.8646781199665
8447438,370.8091460336395
8448439,0.0
8449440,525.4989600457143
8450441,511.6686328615279
8451442,0.0
8452443,0.0
8453444,0.0
8454445,0.0
8455446,0.0
8456447,0.0
8457448,0.0
8458449,539.8678522319385
8459450,0.0
8460451,0.0
8461452,0.0
8462453,512.0533463732044
8463454,109.56878815271823
8464455,517.9070965088105
8465456,519.2009515352506
8466457,532.6834007808968
8467458,0.0
8468459,0.0
8469460,520.4880913597809
8470461,0.0
8471462,0.0
8472463,52.88289742421109
8473464,0.0
8474465,8.255877024195268
8475466,520.7139857954791
8476467,501.0743300072669
8477468,0.0
8478469,508.62218828245926
8479470,0.0
8480471,12.889141551258609
8481472,0.0
8482473,0.0
8483474,0.0
8484475,0.0
8485476,0.0
8486477,540.0577012429953
8487478,511.73168980131857
8488479,517.502424460193
8489480,0.0
8490481,0.0
8491482,485.16174051369234
8492483,0.0
8493484,520.7190108143416
8494485,523.8563587396711
8495486,13.673828345933298
8496487,0.0
8497488,0.0
8498489,0.0
8499490,529.3919020300012
8500491,8.522559682894089
8501492,139.20626914154008
8502493,0.0
8503494,0.0
8504495,0.0
8505496,517.1726345526117
8506497,33.96194565510833
8507498,0.0
8508499,516.2159714429736
8509500,0.0
8510501,498.94339391191966
8511502,469.1384034994802
8512503,539.396817425882
8513504,0.0
8514505,518.2474958120787
8515506,0.0
8516507,8.313505200375538
8517508,0.0
8518509,0.0
8519510,0.0
8520511,23.568911038202813
8521512,0.0
8522513,0.0
8523514,0.0
8524515,0.0
8525516,533.9055902525971
8526517,0.0
8527518,0.0
8528519,0.0
8529520,16.09204488027138
8530521,531.7809212093246
8531522,0.0
8532523,0.0
8533524,33.11025513077348
8534525,0.0
8535526,522.2034090490758
8536527,0.0
8537528,546.4904355986059
8538529,495.5881815268424
8539530,0.0
8540531,0.0
8541532,45.35032714773843
8542533,3.60281042501298
8543534,497.69008997470115
8544535,0.0
8545536,492.77241737943694
8546537,526.320484387766
8547538,0.0
8548539,0.0
8549540,329.1023530382788
8550541,485.96780486484835
8551542,492.73096694177525
8552543,559.6781679584419
8553544,500.92779812985873
8554545,0.0
8555546,535.5370510405445
8556547,0.0
8557548,0.0
8558549,0.0
8559550,0.0
8560551,0.0
8561552,0.0
8562553,14.325320730057303
8563554,15.81395188960926
8564555,521.1928646287247
8565556,217.3166698303049
8566557,528.1881005055083
8567558,525.3312424087716
8568559,0.0
8569560,0.0
8570561,0.0
8571562,0.0
8572563,0.0
8573564,0.0
8574565,508.17282529492405
8575566,0.0
8576567,0.0
8577568,538.220134192786
8578569,17.46065795740062
8579570,537.0074900073264
8580571,7.474949663401353
8581572,546.657314088251
8582573,0.0
8583574,0.0
8584575,0.0
8585576,513.6660102549417
8586577,0.0
8587578,0.0
8588579,524.4753555857436
8589580,0.0
8590581,0.0
8591582,0.0
8592583,0.0
8593584,0.0
8594585,517.5567807114004
8595586,528.2118220350848
8596587,0.0
8597588,12.89847091830448
8598589,0.0
8599590,9.218054625048252
8600591,514.3445569134212
8601592,482.53727075565774
8602593,0.0
8603594,13.09592818315767
8604595,0.0
8605596,0.0
8606597,0.0
8607598,509.09361244712767
8608599,13.683882266368883
8609600,13.64983272893404
8610601,502.86078964346433
8611602,0.0
8612603,449.1958118138666
8613604,0.0
8614605,527.1514174559562
8615606,482.1003927779052
8616607,0.0
8617608,0.0
8618609,0.0
8619610,543.296885217667
8620611,511.1873319856535
8621612,365.8041119229089
8622613,0.0
8623614,0.0
8624615,0.0
8625616,0.0
8626617,14.734569696236433
8627618,0.0
8628619,0.0
8629620,532.2714062110529
8630621,385.95597419783627
8631622,58.08948620304035
8632623,0.0
8633624,508.5755119589276
8634625,0.0
8635626,0.0
8636627,0.0
8637628,0.0
8638629,11.994448094846021
8639630,0.0
8640631,490.226575785034
8641632,0.0
8642633,0.0
8643634,0.0
8644635,495.40753681502747
8645636,16.633545636856866
8646637,513.9976553671419
8647638,0.0
8648639,0.0
8649640,541.5120146494867
8650641,484.29272993042724
8651642,0.0
8652643,0.0
8653644,516.9721227362587
8654645,523.3355912126661
8655646,7.053540969448521
8656647,0.0
8657648,0.0
8658649,14.585467464044758
8659650,545.9692685998263
8660651,541.7259375259557
8661652,486.452384401433
8662653,525.2948480122412
8663654,508.0599094911403
8664655,0.0
8665656,498.0650217666112
8666657,0.0
8667658,527.7726125621241
8668659,0.0
8669660,499.46255239886466
8670661,0.0
8671662,517.1890542512167
8672663,0.0
8673664,28.70413456942486
8674665,0.0
8675666,558.7042459552555
8676667,496.6517216007551
8677668,519.5414913500028
8678669,526.4668666564071
8679670,0.9013757237714535
8680671,0.0
8681672,0.0
8682673,502.96066856617324
8683674,0.0
8684675,0.0
8685676,0.0
8686677,0.0
8687678,29.666567687496975
8688679,504.5083950027818
8689680,0.0
8690681,482.5820712251112
8691682,0.0
8692683,0.0
8693684,27.476965311900216
8694685,499.36000547502846
8695686,0.0
8696687,0.0
8697688,0.0
8698689,0.0
8699690,0.0
8700691,0.0
8701692,0.0
8702693,0.0
8703694,0.0
8704695,0.0
8705696,0.0
8706697,10.977017338321719
8707698,0.0
8708699,14.384755772510134
8709700,7.243496790890816
8710701,0.0
8711702,526.4306689023888
8712703,0.0
8713704,0.0
8714705,471.42373750647357
8715706,0.0
8716707,0.0
8717708,504.83727247503714
8718709,24.547486168683022
8719710,3.744367086592515
8720711,0.0
8721712,0.0
8722713,495.8405835387217
8723714,482.9926568335624
8724715,521.4585014602214
8725716,2.7889198273398144
8726717,0.0
8727718,516.8109615471209
8728719,497.457432559355
8729720,504.10505449649736
8730721,0.0
8731722,0.0
8732723,529.4914867745892
8733724,0.0
8734725,0.0
8735726,0.0
8736727,0.0
8737728,0.0
8738729,483.67452772939413
8739730,0.0
8740731,0.0
8741732,496.4297115348971
8742733,25.57508707388264
8743734,526.6099892475263
8744735,515.1379359451826
8745736,410.3575678264192
8746737,518.7928880044905
8747738,482.17039959396607
8748739,0.0
8749740,523.1104319420276
8750741,0.0
8751742,0.0
8752743,505.42998620817747
8753744,0.0
8754745,539.8617596036847
8755746,0.0
8756747,514.433503067507
8757748,5.60399157988572
8758749,538.6280794555261
8759750,532.7150581192717
8760751,0.0
8761752,496.7299200697331
8762753,0.0
8763754,16.32063624989175
8764755,525.3248722361668
8765756,518.7457374268488
8766757,516.2644569651935
8767758,0.0
8768759,0.0
8769760,0.0
8770761,0.0
8771762,0.0
8772763,0.0
8773764,0.0
8774765,0.0
8775766,538.0210936106769
8776767,0.0
8777768,536.9604971868805
8778769,529.6683600333656
8779770,0.0
8780771,0.9259733563816471
8781772,0.0
8782773,538.1320663994545
8783774,0.0
8784775,8.372842251565178
8785776,0.0
8786777,0.0
8787778,0.0
8788779,38.335037020127196
8789780,0.0
8790781,0.0
8791782,519.4612990949581
8792783,510.11169897760664
8793784,0.0
8794785,2.69831706740364
8795786,0.0
8796787,478.2254905581211
8797788,496.50601326696744
8798789,35.14517672604313
8799790,0.0
8800791,42.24558711168416
8801792,0.0
8802793,0.0
8803794,515.7499919295716
8804795,511.4816213075766
8805796,520.3060190002196
8806797,17.87378897529962
8807798,533.2246450386396
8808799,504.4390535857629
8809800,490.55237223947836
8810801,512.2067170914869
8811802,479.2094405641495
8812803,13.397753853064756
8813804,506.9622739086369
8814805,0.0
8815806,558.774043006553
8816807,538.2916119800727
8817808,504.9755945536229
8818809,0.0
8819810,465.0612884472942
8820811,531.520368716897
8821812,465.99057198893865
8822813,0.0
8823814,526.2282167473084
8824815,550.5162953179688
8825816,523.4719262323631
8826817,0.0
8827818,0.0
8828819,0.0
8829820,0.0
8830821,17.473643222029246
8831822,507.80424180014717
8832823,502.0548614016015
8833824,514.8656191992006
8834825,8.374012686492998
8835826,514.8078683873966
8836827,0.0
8837828,0.0
8838829,0.0
8839830,529.9704686736164
8840831,475.22445666106574
8841832,189.67591364212225
8842833,512.9973022773127
8843834,34.49358241361574
8844835,534.5841279711774
8845836,517.5538469945656
8846837,540.0713564039861
8847838,0.0
8848839,0.0
8849840,0.0
8850841,472.0618030835461
8851842,480.5378484472947
8852843,471.75322671449527
8853844,534.3172807534238
8854845,509.4324557050307
8855846,0.0
8856847,0.0
8857848,0.0
8858849,0.0
8859850,430.55006354264003
8860851,0.0
8861852,17.548980763090924
8862853,0.0
8863854,22.618175082580482
8864855,17.473615761575665
8865856,13.584763500185359
8866857,0.0
8867858,510.768709335132
8868859,496.218049477479
8869860,505.8792642355826
8870861,0.0
8871862,0.0
8872863,520.3101620056824
8873864,17.46745706877394
8874865,0.0
8875866,508.494856148755
8876867,0.0
8877868,0.0
8878869,469.6230700975045
8879870,0.0
8880871,0.0
8881872,0.0
8882873,529.4093048838045
8883874,11.929877853479443
8884875,0.0
8885876,0.0
8886877,522.8449262475597
8887878,499.93568861179955
8888879,517.1360173493963
8889880,0.0
8890881,0.0
8891882,0.0
8892883,525.712952314873
8893884,0.0
8894885,102.50287011384094
8895886,6.256682506901371
8896887,0.0
8897888,454.9278618910887
8898889,505.3108469273135
8899890,503.80566119446627
8900891,0.0
8901892,12.796736994918685
8902893,0.0
8903894,0.0
8904895,535.0166794897826
8905896,0.0
8906897,0.0
8907898,0.0
8908899,500.37985130766464
8909900,19.12676103540161
8910901,499.2592445285387
8911902,534.9833044108777
8912903,0.0
8913904,0.0
8914905,17.17516088618095
8915906,0.0
8916907,0.0
8917908,489.897294339945
8918909,505.9196751721354
8919910,0.0
8920911,15.405834527966668
8921912,15.50285059741483
8922913,521.2716355379932
8923914,14.40109181943174
8924915,0.0
8925916,13.644942596976549
8926917,504.4367183405704
8927918,17.377470668672196
8928919,0.0
8929920,0.0
8930921,0.0
8931922,11.206038198244183
8932923,0.0
8933924,515.1752645601429
8934925,287.53059330360827
8935926,506.84728039095637
8936927,0.0
8937928,0.0
8938929,0.0
8939930,503.5992704983662
8940931,0.0
8941932,435.83649514033664
8942933,492.73975902941834
8943934,0.0
8944935,20.879912376392262
8945936,513.8164201220835
8946937,512.0630511199978
8947938,0.0
8948939,533.3071472633171
8949940,0.0
8950941,40.75444055575308
8951942,0.0
8952943,517.1867989921807
8953944,9.066517195711825
8954945,0.0
8955946,12.032363856780577
8956947,542.1039494979708
8957948,0.0
8958949,558.4283978225651
8959950,0.0
8960951,517.526259404029
8961952,0.0
8962953,557.7723279074027
8963954,0.0
8964955,18.695354550440097
8965956,537.0937853220232
8966957,0.0
8967958,19.34791386389788
8968959,455.04212925038394
8969960,489.4559149179935
8970961,531.0700811715054
8971962,489.93567882971803
8972963,8.122790880727589
8973964,0.0
8974965,0.0
8975966,499.58421193073224
8976967,484.0709818517494
8977968,535.121052155058
8978969,0.0
8979970,0.0
8980971,0.0
8981972,0.0
8982973,0.0
8983974,0.0
8984975,495.65163601074613
8985976,529.5789642869375
8986977,0.0
8987978,482.3370738926873
8988979,553.6912044000743
8989980,12.662452840030157
8990981,10.209951775659665
8991982,0.0
8992983,528.4875151437719
8993984,0.0
8994985,0.0
8995986,32.406333421206725
8996987,0.0
8997988,0.0
8998989,0.0
8999990,543.7081259309091
9000991,0.0
9001992,504.88323866856575
9002993,473.25951322517716
9003994,17.681687097341886
9004995,0.0
9005996,0.0
9006997,0.0
9007998,0.0
9008999,529.5900850504984
9010000,0.0
9011001,0.0
9012002,531.3250196997187
9013003,0.0
9014004,0.0
9015005,0.0
9016006,0.0
9017007,10.957249047360344
9018008,523.4163569230233
9019009,0.0
9020010,0.0
9021011,545.4863783268318
9022012,536.1389942715225
9023013,376.3261326889419
9024014,0.0
9025015,0.0
9026016,13.72213226677842
9027017,318.7406371963791
9028018,7.357168232490602
9029019,0.0
9030020,0.0
9031021,0.0
9032022,0.0
9033023,15.599074466141321
9034024,23.62376201051864
9035025,7.29122016151804
9036026,495.5400266622925
9037027,23.338699738429646
9038028,524.9877347684392
9039029,530.3780638808155
9040030,447.22257081568074
9041031,0.0
9042032,504.44520024327664
9043033,0.0
9044034,0.0
9045035,529.0059390159059
9046036,0.0
9047037,26.74553142100737
9048038,549.0566421037662
9049039,0.0
9050040,190.31286941238008
9051041,520.864248174939
9052042,14.68086844284696
9053043,539.6763557535829
9054044,0.0
9055045,18.09369284853687
9056046,0.0
9057047,475.03427635158874
9058048,0.0
9059049,0.0
9060050,540.1309445828535
9061051,522.504908551618
9062052,0.0
9063053,496.0828134411248
9064054,0.0
9065055,0.0
9066056,0.0
9067057,0.0
9068058,519.1727561920105
9069059,493.88804666148127
9070060,0.0
9071061,0.0
9072062,15.456248403813001
9073063,0.0
9074064,0.0
9075065,0.0
9076066,499.03939516799784
9077067,0.0
9078068,15.441963445470545
9079069,535.786789483568
9080070,0.0
9081071,0.0
9082072,0.0
9083073,0.0
9084074,0.0
9085075,0.0
9086076,509.2317460166861
9087077,510.4770778122923
9088078,523.6153628468969
9089079,7.362068497952733
9090080,0.0
9091081,485.10730231209226
9092082,13.54812218240741
9093083,0.0
9094084,499.52048745779956
9095085,487.2736798762944
9096086,0.0
9097087,0.0
9098088,481.4438804173367
9099089,524.216443981261
9100090,0.0
9101091,12.370911244298723
9102092,0.0
9103093,0.0
9104094,0.0
9105095,11.706345848207679
9106096,0.0
9107097,515.9104908794368
9108098,23.51751081610628
9109099,0.0
9110100,538.6752608133967
9111101,460.13351563617516
9112102,523.7709198842488
9113103,536.0367243340294
9114104,0.0
9115105,0.0
9116106,0.0
9117107,0.0
9118108,0.0
9119109,518.0053646349272
9120110,515.6882564052277
9121111,516.1390159578822
9122112,496.7467694413537
9123113,0.0
9124114,506.99858354580437
9125115,523.9267301995735
9126116,503.6944910318882
9127117,0.0
9128118,547.8690837326063
9129119,486.8172795538967
9130120,5.728944802283372
9131121,510.4976465754713
9132122,0.0
9133123,497.15878602498196
9134124,0.0
9135125,0.0
9136126,9.253437851153114
9137127,0.0
9138128,0.0
9139129,0.0
9140130,171.23789170292477
9141131,535.2615819941907
9142132,0.0
9143133,0.0
9144134,0.0
9145135,492.544191701245
9146136,0.0
9147137,0.0
9148138,0.0
9149139,0.0
9150140,0.0
9151141,0.0
9152142,15.421220265144385
9153143,31.548964868601733
9154144,530.0819038217455
9155145,0.0
9156146,532.4109979709983
9157147,0.0
9158148,517.1828685108594
9159149,25.427008103149674
9160150,0.0
9161151,0.0
9162152,0.0
9163153,0.0
9164154,525.9855272852011
9165155,0.0
9166156,509.5672532368602
9167157,512.1377689553588
9168158,524.1659356901696
9169159,0.0
9170160,0.0
9171161,514.526452228487
9172162,13.348101632046243
9173163,0.0
9174164,526.5756889111339
9175165,527.2433389392326
9176166,0.0
9177167,0.0
9178168,0.0
9179169,0.0
9180170,546.2557390481887
9181171,527.9278667757693
9182172,530.2987787520539
9183173,519.1091280880911
9184174,0.0
9185175,0.0
9186176,0.0
9187177,0.0
9188178,0.0
9189179,0.0
9190180,499.0977379400437
9191181,507.18297852683435
9192182,0.0
9193183,0.0
9194184,502.569408659497
9195185,527.6452800536957
9196186,10.085290802563067
9197187,531.9435210070127
9198188,544.6068561614092
9199189,0.0
9200190,479.6732520124604
9201191,540.7064089872083
9202192,503.58181318905986
9203193,0.0
9204194,516.2022249225834
9205195,83.55898646565764
9206196,519.0712613940697
9207197,0.0
9208198,471.35889683831346
9209199,0.0
9210200,505.88195360040095
9211201,0.0
9212202,0.0
9213203,0.0
9214204,0.0
9215205,0.0
9216206,453.6023670549001
9217207,497.6194969980763
9218208,502.52650872667897
9219209,538.1468853891263
9220210,518.9380513449843
9221211,546.6003007821711
9222212,0.0
9223213,0.0
9224214,0.0
9225215,0.0
9226216,0.0
9227217,502.26391252504897
9228218,0.0
9229219,0.0
9230220,521.6510636619928
9231221,525.0905988383907
9232222,502.8893571142662
9233223,23.435633222827818
9234224,10.005541404659212
9235225,0.0
9236226,0.0
9237227,123.58670871590677
9238228,0.0
9239229,533.8597901082919
9240230,551.1259882506025
9241231,0.0
9242232,17.14219713517628
9243233,504.1694851488867
9244234,0.0
9245235,0.0
9246236,0.0
9247237,19.14257724243017
9248238,5.420805312625174
9249239,13.5220145531139
9250240,20.602988746695917
9251241,541.6785094561668
9252242,0.0
9253243,21.683563268148013
9254244,0.0
9255245,13.569737208639195
9256246,19.33103061750482
9257247,0.0
9258248,454.5556705529394
9259249,46.66379057489783
9260250,4.5898958605233275
9261251,552.940672890594
9262252,0.0
9263253,20.052486046125576
9264254,0.0
9265255,0.0
9266256,15.305956052677297
9267257,532.5071769358907
9268258,0.0
9269259,515.2771945394312
9270260,14.004587022155324
9271261,530.1590795611535
9272262,0.0
9273263,530.0989716358297
9274264,0.0
9275265,0.0
9276266,502.4309253580791
9277267,0.0
9278268,512.2495145905965
9279269,0.0
9280270,0.0
9281271,496.2705014163967
9282272,0.0
9283273,16.373442972999083
9284274,0.0
9285275,10.042716559817697
9286276,0.0
9287277,0.0
9288278,0.0
9289279,0.0
9290280,0.0
9291281,0.0
9292282,0.0
9293283,0.0
9294284,0.0
9295285,525.6752504218772
9296286,14.54231382993549
9297287,0.0
9298288,504.5400213852747
9299289,497.53185316461276
9300290,0.0
9301291,0.0
9302292,0.0
9303293,0.0
9304294,0.0
9305295,0.0
9306296,0.0
9307297,15.58038663498003
9308298,512.5485940266273
9309299,522.875882704156
9310300,0.0
9311301,0.0
9312302,95.81047499182769
9313303,0.0
9314304,21.875738149294953
9315305,0.0
9316306,0.0
9317307,28.715742283859864
9318308,0.0
9319309,0.0
9320310,0.0
9321311,543.8090388325903
9322312,26.387041458015133
9323313,0.0
9324314,0.0
9325315,0.0
9326316,0.0
9327317,13.693603303609416
9328318,0.0
9329319,14.304140190903894
9330320,553.3476976398294
9331321,0.0
9332322,0.0
9333323,0.0
9334324,0.0
9335325,486.09567283026655
9336326,533.0712038042722
9337327,544.8420824456535
9338328,0.0
9339329,20.192355838670128
9340330,529.8775869959171
9341331,513.1905872247171
9342332,0.0
9343333,35.288300330649264
9344334,0.0
9345335,0.0
9346336,0.0
9347337,0.0
9348338,522.6364696155789
9349339,0.0
9350340,0.0
9351341,490.9888497830361
9352342,0.0
9353343,0.0
9354344,0.0
9355345,496.8600058574777
9356346,16.363446963892915
9357347,26.80561991240301
9358348,0.0
9359349,0.0
9360350,25.2061207253891
9361351,14.282620698319104
9362352,0.0
9363353,0.0
9364354,499.47840821651033
9365355,0.0
9366356,0.0
9367357,533.0788877216247
9368358,475.75637844030456
9369359,25.134880073571782
9370360,531.9145072061693
9371361,0.0
9372362,517.727812950926
9373363,23.608779858569225
9374364,0.0
9375365,0.0
9376366,0.0
9377367,522.5272925767173
9378368,520.8414009887656
9379369,527.9440014174216
9380370,487.6608189697164
9381371,525.683033790923
9382372,0.0
9383373,1.8841539983590594
9384374,546.1695779289565
9385375,538.5627297496656
9386376,0.0
9387377,0.0
9388378,529.1586768239
9389379,560.9317426420279
9390380,7.447323766618529
9391381,485.0293267360142
9392382,541.4537567086769
9393383,0.0
9394384,526.348967992538
9395385,552.7308692606948
9396386,48.75522224737782
9397387,0.0
9398388,550.161569078659
9399389,0.0
9400390,520.0143415138234
9401391,0.0
9402392,0.0
9403393,498.2307094747513
9404394,0.0
9405395,0.0
9406396,0.0
9407397,0.0
9408398,11.087643037662877
9409399,15.082993280499633
9410400,0.0
9411401,0.0
9412402,0.0
9413403,15.223954877140262
9414404,0.0
9415405,0.0
9416406,547.0032894066777
9417407,514.2151672274189
9418408,0.0
9419409,548.4669365664356
9420410,6.363310286377945
9421411,0.0
9422412,0.0
9423413,0.0
9424414,0.0
9425415,522.1740387553177
9426416,518.427947186411
9427417,506.9554340455833
9428418,0.0
9429419,19.37689491393875
9430420,0.0
9431421,544.9195024148231
9432422,44.95017425800313
9433423,503.82119869972917
9434424,0.0
9435425,0.0
9436426,0.0
9437427,0.0
9438428,25.16957344546725
9439429,0.0
9440430,12.937850061906703
9441431,395.48559352866846
9442432,0.0
9443433,544.2360219256727
9444434,0.0
9445435,0.0
9446436,0.0
9447437,0.0
9448438,0.0
9449439,5.6141368994165175
9450440,0.0
9451441,0.0
9452442,13.104893201467341
9453443,496.57483986535203
9454444,0.0
9455445,521.3287160614886
9456446,510.43986084252094
9457447,31.367199596110495
9458448,0.0
9459449,0.0
9460450,0.0
9461451,30.136259865332345
9462452,14.482232802749543
9463453,0.0
9464454,0.0
9465455,499.90544827869553
9466456,0.0
9467457,494.74547348405144
9468458,543.3639558686625
9469459,16.49810561918537
9470460,0.0
9471461,18.471804679937893
9472462,15.58335727176808
9473463,522.8440756763467
9474464,467.4478577742001
9475465,0.0
9476466,0.0
9477467,0.0
9478468,499.89562859425536
9479469,0.0
9480470,0.0
9481471,525.0314738552879
9482472,520.952824988757
9483473,520.3054914848378
9484474,0.0
9485475,531.2033890220212
9486476,0.0
9487477,22.595548729240402
9488478,507.21131979092837
9489479,0.0
9490480,0.0
9491481,494.84951451736384
9492482,462.17008778174676
9493483,516.8503560070549
9494484,0.0
9495485,27.114814842584238
9496486,525.7101942235187
9497487,526.5991348325441
9498488,544.0522159932686
9499489,497.9941964369266
9500490,472.89881983821306
9501491,502.0776839439316
9502492,16.47377317245838
9503493,0.0
9504494,0.0
9505495,530.8003109521386
9506496,0.0
9507497,9.949359325838277
9508498,0.0
9509499,0.0
9510500,0.0
9511501,526.4611436279213
9512502,524.0933514499691
9513503,534.3017635735575
9514504,514.1901479351901
9515505,513.4778580638585
9516506,0.0
9517507,112.07312928257674
9518508,0.0
9519509,0.0
9520510,0.0
9521511,10.881920600105474
9522512,0.0
9523513,501.6887403826959
9524514,527.0345704469771
9525515,545.0355556374632
9526516,541.4440574840619
9527517,521.4741392406295
9528518,540.8403188913883
9529519,0.0
9530520,0.0
9531521,515.8759060513
9532522,0.0
9533523,0.0
9534524,0.0
9535525,0.0
9536526,0.0
9537527,0.0
9538528,0.0
9539529,0.0
9540530,5.513717354089906
9541531,545.5763261385076
9542532,0.0
9543533,515.8481923140355
9544534,0.0
9545535,0.0
9546536,0.0
9547537,494.53806945944234
9548538,0.0
9549539,0.0
9550540,0.0
9551541,0.0
9552542,0.0
9553543,492.3223732917308
9554544,507.12840909615187
9555545,0.0
9556546,0.0
9557547,213.64788479460486
9558548,0.0
9559549,0.0
9560550,0.0
9561551,485.6563504606458
9562552,0.0
9563553,508.77236885459604
9564554,14.457113802433948
9565555,13.733406464649153
9566556,543.8882498909485
9567557,0.0
9568558,534.2060963803877
9569559,532.2269228027307
9570560,0.0
9571561,525.0187427609625
9572562,548.6035770086202
9573563,0.0
9574564,0.0
9575565,0.0
9576566,19.773619348518373
9577567,0.0
9578568,0.0
9579569,15.3779372806429
9580570,17.59004253425911
9581571,11.980795804261026
9582572,0.0
9583573,0.0
9584574,0.0
9585575,0.0
9586576,518.4714680585582
9587577,21.884702178661556
9588578,341.08018761034623
9589579,0.0
9590580,506.5386530954697
9591581,530.7046802619076
9592582,548.5044256613768
9593583,517.3848488555514
9594584,0.0
9595585,521.6878806665061
9596586,0.0
9597587,0.0
9598588,0.0
9599589,0.0
9600590,0.0
9601591,504.4251797179314
9602592,498.7186444047427
9603593,0.0
9604594,0.0
9605595,0.0
9606596,533.3967832694813
9607597,0.0
9608598,519.4525326866151
9609599,515.1995456744346
9610600,27.951495480868246
9611601,0.0
9612602,517.1019157956817
9613603,23.10597657192566
9614604,0.0
9615605,0.0
9616606,527.0259293640734
9617607,498.55815097343583
9618608,0.0
9619609,0.0
9620610,0.0
9621611,19.684307877257016
9622612,0.0
9623613,0.0
9624614,0.0
9625615,514.4188634783183
9626616,498.7236049564398
9627617,0.0
9628618,0.0
9629619,504.9689019664687
9630620,0.0
9631621,0.0
9632622,16.222967543529347
9633623,14.636421415086478
9634624,0.0
9635625,0.0
9636626,0.0
9637627,0.0
9638628,5.615757995219593
9639629,0.9568156805559364
9640630,0.0
9641631,0.0
9642632,476.81901930647774
9643633,7.326165347542264
9644634,0.0
9645635,547.3344971095555
9646636,528.8198402589501
9647637,0.0
9648638,495.8667051689047
9649639,0.0
9650640,490.60563067995776
9651641,470.75553591135184
9652642,0.0
9653643,12.916820329480377
9654644,0.0
9655645,0.0
9656646,38.69889146825717
9657647,37.97991197774202
9658648,0.0
9659649,7.468191088955102
9660650,503.5705901057324
9661651,7.1291609335048065
9662652,0.0
9663653,556.928485797794
9664654,12.18608004107077
9665655,20.60628580716122
9666656,0.0
9667657,0.0
9668658,5.625421054631316
9669659,0.0
9670660,489.7329326972635
9671661,0.0
9672662,0.0
9673663,500.1590444458879
9674664,0.0
9675665,17.459650523109538
9676666,12.832286738270046
9677667,521.4011622204723
9678668,0.0
9679669,546.8544458140691
9680670,541.4362328595889
9681671,518.1201566945894
9682672,0.0
9683673,509.07026310099616
9684674,544.4859814590747
9685675,0.0
9686676,18.252406582850874
9687677,535.7520974333654
9688678,0.0
9689679,530.6229013136857
9690680,533.5723131034235
9691681,0.0
9692682,535.6421956208005
9693683,505.678166709528
9694684,557.052230675166
9695685,522.5944604907505
9696686,0.0
9697687,22.958380768877003
9698688,0.0
9699689,0.0
9700690,525.8388145922625
9701691,0.0
9702692,22.484593212248946
9703693,0.0
9704694,515.1805234816773
9705695,0.0
9706696,0.0
9707697,531.109669056088
9708698,0.0
9709699,0.0
9710700,489.91752063312424
9711701,0.0
9712702,14.772792392928912
9713703,0.0
9714704,13.616769285386063
9715705,28.36865920203067
9716706,490.1574870373895
9717707,0.0
9718708,504.3738698555242
9719709,0.0
9720710,0.0
9721711,0.0
9722712,0.0
9723713,0.0
9724714,0.0
9725715,510.60776834323997
9726716,0.0
9727717,517.7125542876553
9728718,520.5601859228849
9729719,0.0
9730720,489.6855261820748
9731721,0.0
9732722,41.96322867746287
9733723,0.0
9734724,0.0
9735725,528.320676814657
9736726,536.7680057850696
9737727,28.976951054446094
9738728,462.8439261298568
9739729,0.0
9740730,503.66459406889476
9741731,494.1359123818952
9742732,15.148914792220005
9743733,0.0
9744734,519.8133999853824
9745735,499.65178387794975
9746736,0.0
9747737,0.0
9748738,0.0
9749739,0.0
9750740,0.0
9751741,0.0
9752742,0.0
9753743,485.454983627674
9754744,0.0
9755745,0.0
9756746,541.1390959159368
9757747,513.6739477247311
9758748,0.0
9759749,0.0
9760750,3.7380171410485
9761751,28.344392185062393
9762752,0.0
9763753,523.4403851757345
9764754,537.7938745774075
9765755,530.632841311338
9766756,0.0
9767757,0.0
9768758,0.0
9769759,0.0
9770760,0.0
9771761,0.0
9772762,500.76523527917266
9773763,538.2070614871603
9774764,0.0
9775765,0.0
9776766,0.0
9777767,0.0
9778768,453.1771285208655
9779769,0.0
9780770,557.3921239609639
9781771,513.0947016755686
9782772,533.1825360739381
9783773,540.1518448594483
9784774,16.00020686739082
9785775,9.15772653175724
9786776,3.6683959729360716
9787777,0.0
9788778,507.18346686608123
9789779,495.39693722986357
9790780,0.0
9791781,0.0
9792782,0.0
9793783,0.0
9794784,9.372571671994624
9795785,0.0
9796786,14.550637385611218
9797787,531.4525843690955
9798788,550.9729669512527
9799789,26.576772711799418
9800790,517.8820038978868
9801791,11.048715067759748
9802792,527.558646890709
9803793,22.79940805025288
9804794,0.0
9805795,458.00820202139306
9806796,511.6146045378276
9807797,0.0
9808798,507.6334939728961
9809799,495.33454531502093
9810800,511.8310935511296
9811801,0.0
9812802,553.8529533250759
9813803,454.9826316060909
9814804,486.6834845913369
9815805,514.2730811041454
9816806,0.0
9817807,0.0
9818808,0.0
9819809,539.0219094966584
9820810,537.351091133619
9821811,524.9329438354004
9822812,465.1654956886855
9823813,487.2188117201304
9824814,0.0
9825815,503.1239721490428
9826816,528.1397194822392
9827817,0.0
9828818,17.497251665890246
9829819,0.0
9830820,0.0
9831821,0.0
9832822,510.8649070912933
9833823,0.0
9834824,0.0
9835825,507.7065085541226
9836826,0.0
9837827,0.0
9838828,0.0
9839829,0.0
9840830,0.0
9841831,534.2658789239994
9842832,35.079146753847596
9843833,0.0
9844834,0.0
9845835,0.0
9846836,15.623487047313603
9847837,11.302855076094536
9848838,0.0
9849839,531.166029207067
9850840,466.91528089809043
9851841,8.262491817652794
9852842,0.0
9853843,0.0
9854844,453.2938441728793
9855845,0.0
9856846,523.2429047866981
9857847,22.773933435756913
9858848,0.0
9859849,524.9334928409413
9860850,539.393890808589
9861851,512.0674139019278
9862852,541.550377726082
9863853,0.0
9864854,533.8018916512752
9865855,506.0120219985471
9866856,511.3287958335719
9867857,0.0
9868858,0.0
9869859,0.0
9870860,539.8387307367094
9871861,0.0
9872862,0.0
9873863,0.0
9874864,0.0
9875865,516.2050013731919
9876866,0.0
9877867,0.0
9878868,0.0
9879869,550.6675277423954
9880870,14.583771319491833
9881871,488.2361129535711
9882872,0.0
9883873,0.0
9884874,0.0
9885875,538.9103046970151
9886876,541.4508189656189
9887877,517.2042331268094
9888878,495.3674861628847
9889879,524.9074716242408
9890880,0.0
9891881,0.0
9892882,0.0
9893883,502.5316796212413
9894884,0.0
9895885,557.7037177511487
9896886,538.4631215969721
9897887,15.514878522363224
9898888,528.6842239833363
9899889,531.3348188263205
9900890,511.8799406176048
9901891,0.0
9902892,0.0
9903893,10.148213632834326
9904894,0.0
9905895,0.0
9906896,529.1007216963749
9907897,0.0
9908898,26.94342611329999
9909899,0.0
9910900,483.1170999972246
9911901,0.0
9912902,0.0
9913903,0.0
9914904,0.0
9915905,0.0
9916906,500.1273495496316
9917907,0.0
9918908,506.00090010126627
9919909,0.0
9920910,0.0
9921911,533.3880216372656
9922912,0.0
9923913,0.0
9924914,0.0
9925915,0.0
9926916,15.489815586484532
9927917,0.0
9928918,56.57315631216901
9929919,563.174476268712
9930920,538.4639077598054
9931921,0.0
9932922,27.00711804926101
9933923,15.460512195440817
9934924,506.81021122086673
9935925,0.0
9936926,0.0
9937927,16.44861788268126
9938928,548.6755397014105
9939929,0.0
9940930,0.0
9941931,529.0285993596593
9942932,0.0
9943933,561.825206257812
9944934,0.0
9945935,0.0
9946936,0.0
9947937,531.1953690381943
9948938,531.0569190639924
9949939,0.0
9950940,512.5264547568996
9951941,532.764849746847
9952942,0.0
9953943,0.0
9954944,523.6177614384757
9955945,14.906310336909797
9956946,0.0
9957947,0.0
9958948,0.0
9959949,0.0
9960950,0.0
9961951,485.8581568105618
9962952,0.0
9963953,0.0
9964954,538.837759350622
9965955,497.1756461248598
9966956,0.0
9967957,0.0
9968958,0.0
9969959,505.9956571725298
9970960,0.0
9971961,508.00903817137794
9972962,0.0
9973963,516.3753940093154
9974964,0.0
9975965,533.8774817145108
9976966,509.7676919964551
9977967,509.6115018086282
9978968,529.1686428356383
9979969,0.0
9980970,10.213380175729819
9981971,509.5160679249613
9982972,0.0
9983973,504.6151743349238
9984974,542.4769217685982
9985975,0.0
9986976,0.0
9987977,443.29470148573614
9988978,0.0
9989979,0.0
9990980,0.0
9991981,521.2215184506491
9992982,0.0
9993983,30.83458963404026
