timestep,episodic_return
1000,13.252375757600886
2001,0.0
3002,0.0
4003,0.0
5004,0.0
6005,0.0
7006,0.0
8007,0.0
9008,0.0
10009,10.424007319259971
11010,0.0
12011,0.0
13012,0.0
14013,10.025978803931906
15014,0.0
16015,7.14887273930908
17016,0.0
18017,0.0
19018,0.0
20019,0.0
21020,0.0
22021,0.0
23022,0.0
24023,0.0
25024,0.0
26025,15.309108838400983
27026,0.0
28027,0.0
29028,0.0
30029,0.0
31030,0.0
32031,0.0
33032,0.0
34033,23.242131759284273
35034,20.40986355668107
36035,0.0
37036,0.0
38037,3.597178249155996
39038,0.0
40039,2.5804406299528484
41040,1.8047312229426997
42041,0.0
43042,58.08674873318262
44043,0.0
45044,8.080589638556704
46045,0.0
47046,0.0
48047,4.380885755374944
49048,0.0
50049,0.0
51050,0.0
52051,16.035811361879528
53052,16.845869530969974
54053,0.0
55054,0.0
56055,22.038259378143934
57056,0.0
58057,0.0
59058,0.0
60059,9.782518726768929
61060,0.0
62061,0.0
63062,0.0
64063,10.719833953815876
65064,30.38890753324046
66065,0.0
67066,0.0
68067,0.0
69068,0.0
70069,5.186415012337046
71070,31.482933505123412
72071,12.357827116909759
73072,0.0
74073,25.202214966434525
75074,0.0
76075,0.0
77076,0.0
78077,3.435927923855858
79078,0.0
80079,0.0
81080,0.0
82081,0.0
83082,28.916235780000545
84083,0.0
85084,7.0740728380917695
86085,18.932140382857348
87086,0.0
88087,0.0
89088,0.0
90089,0.0
91090,0.0
92091,0.0
93092,0.0
94093,0.0
95094,0.0
96095,0.0
97096,15.90213798696138
98097,0.0
99098,0.0
100099,0.0
101100,6.290458966120415
102101,0.0
103102,0.0
104103,0.0
105104,0.0
106105,0.0
107106,0.0
108107,0.0
109108,0.0
110109,0.0
111110,33.387811741321116
112111,0.0
113112,5.376256553788112
114113,26.36543879660861
115114,28.555149571429112
116115,0.0
117116,17.219262257275144
118117,0.0
119118,0.0
120119,0.0
121120,0.0
122121,0.0
123122,0.0
124123,0.0
125124,0.0
126125,0.0
127126,0.0
128127,0.0
129128,0.0
130129,0.0
131130,0.0
132131,0.0
133132,0.0
134133,0.0
135134,0.0
136135,0.0
137136,5.437359556360801
138137,29.423986643663085
139138,0.0
140139,31.90487427204202
141140,0.0
142141,0.0
143142,0.0
144143,0.0
145144,0.0
146145,0.0
147146,0.0
148147,0.0
149148,23.55399956866512
150149,0.0
151150,0.0
152151,0.0
153152,0.0
154153,11.21099893601559
155154,0.0
156155,0.0
157156,54.39285348019185
158157,0.0
159158,0.0
160159,0.0
161160,9.74195420508833
162161,0.0
163162,0.0
164163,6.310349689644238
165164,16.733163854387442
166165,0.0
167166,0.0
168167,7.684847787585818
169168,0.0
170169,23.380783485362837
171170,0.0
172171,0.0
173172,0.0
174173,12.85565274292572
175174,0.0
176175,0.0
177176,0.0
178177,0.0
179178,0.0
180179,0.0
181180,0.0
182181,0.0
183182,34.185314675675606
184183,11.757180455302056
185184,0.0
186185,0.0
187186,0.0
188187,0.0
189188,0.0
190189,0.0
191190,15.227705773682175
192191,0.0
193192,0.0
194193,0.0
195194,0.0
196195,0.0
197196,0.0
198197,13.825291291342685
199198,0.0
200199,0.0
201200,0.0
202201,0.0
203202,0.0
204203,0.0
205204,0.0
206205,27.540268491221365
207206,0.0
208207,12.213719276969204
209208,31.075726883233784
210209,4.381421915446523
211210,0.0
212211,0.0
213212,0.0
214213,18.05768551050509
215214,0.0
216215,7.771484537593775
217216,0.0
218217,1.7875197658404298
219218,0.0
220219,0.0
221220,0.0
222221,0.0
223222,8.186010272889316
224223,27.38467720515782
225224,0.0
226225,6.117391011765659
227226,15.668153500596647
228227,0.0
229228,0.0
230229,0.0
231230,0.0
232231,0.0
233232,0.0
234233,0.0
235234,12.43784942197238
236235,13.782952043936387
237236,0.0
238237,0.0
239238,0.0
240239,0.0
241240,0.0
242241,0.0
243242,0.0
244243,0.0
245244,0.0
246245,9.222489629941379
247246,0.0
248247,9.448720638652611
249248,0.0
250249,2.5890653792135323
251250,20.599749804327363
252251,0.0
253252,0.0
254253,0.0
255254,0.0
256255,0.0
257256,38.674833913842185
258257,0.0
259258,0.0
260259,0.0
261260,0.0
262261,0.0
263262,0.0
264263,14.754879120910063
265264,0.0
266265,0.0
267266,24.693747934154214
268267,31.15986087764336
269268,0.0
270269,3.3260712079714208
271270,0.0
272271,0.0
273272,0.0
274273,0.0
275274,0.0
276275,0.0
277276,0.0
278277,0.0
279278,0.0
280279,0.0
281280,0.0
282281,17.67537033811779
283282,0.0
284283,0.0
285284,0.0
286285,0.0
287286,12.497704493835808
288287,0.0
289288,0.0
290289,0.0
291290,20.888673435835155
292291,0.0
293292,0.0
294293,0.0
295294,11.937915048064067
296295,0.0
297296,7.700308568272901
298297,0.0
299298,0.0
300299,16.46790337533502
301300,0.0
302301,8.299777233335217
303302,0.0
304303,0.0
305304,0.0
306305,0.0
307306,0.0
308307,0.0
309308,18.031339598343592
310309,15.89161358008468
311310,0.0
312311,0.0
313312,0.0
314313,0.0
315314,12.230381305948875
316315,0.0
317316,0.0
318317,0.0
319318,29.581562596343492
320319,0.0
321320,0.0
322321,20.078891510616113
323322,0.0
324323,0.0
325324,12.61324495213199
326325,40.36506344189168
327326,0.0
328327,0.0
329328,24.474762000124596
330329,0.0
331330,0.0
332331,0.0
333332,0.0
334333,0.0
335334,32.161635750679196
336335,0.0
337336,13.414384839056611
338337,0.0
339338,0.0
340339,0.0
341340,0.0
342341,0.0
343342,0.0
344343,0.0
345344,0.0
346345,0.0
347346,0.0
348347,0.0
349348,0.0
350349,0.0
351350,0.0
352351,0.0
353352,0.0
354353,0.0
355354,9.728047932385657
356355,0.0
357356,0.0
358357,0.0
359358,0.0
360359,0.0
361360,0.0
362361,21.546480042173794
363362,22.51174961544654
364363,0.0
365364,0.0
366365,16.208643838491376
367366,0.0
368367,21.792231992168627
369368,0.0
370369,0.0
371370,9.053548499723435
372371,0.0
373372,5.97912191724937
374373,4.181331569200338
375374,0.0
376375,18.275824164522
377376,0.0
378377,0.0
379378,0.0
380379,30.134037539076
381380,17.358915171000284
382381,0.0
383382,15.53117457119442
384383,0.0
385384,16.880753305223394
386385,0.0
387386,24.913765819032584
388387,0.0
389388,0.0
390389,0.0
391390,0.0
392391,0.0
393392,0.0
394393,7.686218621246016
395394,0.0
396395,0.0
397396,0.0
398397,0.0
399398,11.066606784271496
400399,10.148453085027784
401400,0.0
402401,0.0
403402,0.0
404403,12.864734771630758
405404,0.0
406405,0.0
407406,0.0
408407,0.0
409408,0.0
410409,0.0
411410,4.205976309700973
412411,19.032267446612646
413412,0.0
414413,50.716035472235504
415414,0.0
416415,0.0
417416,0.0
418417,23.815897845756027
419418,0.0
420419,0.0
421420,0.0
422421,14.5156371445418
423422,0.0
424423,0.0
425424,0.0
426425,13.275521770881785
427426,0.0
428427,0.0
429428,0.0
430429,0.0
431430,0.0
432431,0.0
433432,10.103301443532663
434433,0.0
435434,30.738294450502234
436435,0.0
437436,0.0
438437,0.0
439438,0.0
440439,41.26231465827858
441440,0.0
442441,0.0
443442,0.0
444443,0.0
445444,13.578714041330882
446445,8.703778917713246
447446,0.0
448447,7.713355688435767
449448,0.0
450449,43.435294653594944
451450,0.0
452451,19.70676823899549
453452,0.0
454453,14.672839751432928
455454,0.0
456455,21.348202488645235
457456,0.0
458457,0.0
459458,9.520777844612958
460459,0.0
461460,0.0
462461,0.0
463462,55.27551967339593
464463,0.0
465464,0.0
466465,0.0
467466,0.0
468467,0.0
469468,10.019331530447118
470469,15.16290671368992
471470,0.0
472471,0.0
473472,0.0
474473,0.0
475474,0.0
476475,0.0
477476,0.0
478477,20.91845933958778
479478,0.0
480479,0.0
481480,0.0
482481,42.74479783690576
483482,25.26856274873625
484483,0.0
485484,0.0
486485,0.0
487486,0.0
488487,0.0
489488,10.905426387130781
490489,0.0
491490,0.0
492491,0.0
493492,0.0
494493,0.0
495494,0.0
496495,0.0
497496,0.0
498497,0.0
499498,0.0
500499,10.977053183503548
501500,0.0
502501,0.0
503502,0.0
504503,0.0
505504,23.640993638676164
506505,0.0
507506,23.553348402201664
508507,0.0
509508,0.0
510509,0.0
511510,0.0
512511,0.0
513512,1.6561583421353676
514513,0.0
515514,0.0
516515,8.160777130741423
517516,0.0
518517,39.512040470879334
519518,0.0
520519,6.092619893360099
521520,28.145561126476412
522521,0.0
523522,0.0
524523,0.0
525524,0.0
526525,0.0
527526,0.0
528527,0.0
529528,0.0
530529,0.0
531530,0.0
532531,23.136581780544514
533532,4.182557587568133
534533,0.0
535534,15.26945241821951
536535,0.0
537536,0.0
538537,0.0
539538,0.0
540539,21.31961623849759
541540,0.0
542541,13.748572794408982
543542,3.4317646025686663
544543,9.556245740199381
545544,0.0
546545,0.0
547546,0.0
548547,0.0
549548,0.0
550549,0.0
551550,0.0
552551,0.0
553552,0.0
554553,0.0
555554,0.0
556555,0.0
557556,0.0
558557,0.0
559558,0.0
560559,20.566035032451325
561560,0.0
562561,0.0
563562,0.0
564563,0.0
565564,0.0
566565,0.0
567566,0.0
568567,0.0
569568,25.241632485933724
570569,0.0
571570,27.842202245936566
572571,0.0
573572,0.0
574573,26.96617624725209
575574,0.0
576575,0.0
577576,0.0
578577,0.0
579578,9.81719939094258
580579,0.0
581580,0.0
582581,0.0
583582,0.0
584583,0.0
585584,0.0
586585,0.0
587586,5.914374319956139
588587,0.0
589588,0.0
590589,0.0
591590,0.0
592591,0.0
593592,0.0
594593,0.0
595594,7.090949459270173
596595,0.0
597596,19.230303482437346
598597,0.0
599598,0.0
600599,0.0
601600,12.460680782947083
602601,0.0
603602,0.0
604603,0.0
605604,0.0
606605,18.511645529948627
607606,0.0
608607,0.0
609608,0.0
610609,15.246894849315776
611610,0.0
612611,0.0
613612,0.0
614613,0.0
615614,13.437204932975938
616615,0.0
617616,0.0
618617,3.399718117466647
619618,17.888509885177587
620619,0.0
621620,0.0
622621,0.0
623622,23.05689751125734
624623,0.0
625624,0.0
626625,12.599500689335601
627626,0.0
628627,5.5564954801181505
629628,13.341251086277072
630629,19.589076015627622
631630,17.823003128446917
632631,8.1255848347961
633632,0.0
634633,1.7128800602537793
635634,0.0
636635,0.0
637636,0.0
638637,16.195224033654544
639638,15.109061231646367
640639,16.04059845149782
641640,5.174135456410943
642641,0.0
643642,0.0
644643,0.0
645644,0.0
646645,0.0
647646,0.0
648647,0.0
649648,2.6668034192653947
650649,0.0
651650,4.303408573380266
652651,0.0
653652,0.0
654653,0.0
655654,0.0
656655,0.0
657656,32.39968511370357
658657,0.0
659658,0.0
660659,0.0
661660,16.942853272042466
662661,0.0
663662,0.0
664663,0.0
665664,19.75833461985041
666665,0.0
667666,0.0
668667,0.0
669668,0.0
670669,0.0
671670,0.0
672671,0.0
673672,0.0
674673,0.0
675674,0.0
676675,0.0
677676,0.0
678677,0.0
679678,15.940710020654548
680679,0.0
681680,0.0
682681,0.0
683682,0.0
684683,15.946936745908417
685684,0.0
686685,4.639650436088937
687686,7.286995435224771
688687,0.0
689688,0.0
690689,0.0
691690,15.042541978338505
692691,0.0
693692,0.0
694693,0.0
695694,0.0
696695,0.0
697696,0.0
698697,0.0
699698,0.0
700699,0.0
701700,0.0
702701,0.0
703702,7.931669760362234
704703,0.0
705704,0.0
706705,0.0
707706,0.0
708707,0.0
709708,0.0
710709,0.0
711710,0.0
712711,10.845288780580859
713712,0.0
714713,0.0
715714,7.2699655278198465
716715,0.0
717716,16.06262149367541
718717,0.0
719718,0.0
720719,14.230840275008973
721720,0.0
722721,0.0
723722,11.744455919784535
724723,0.0
725724,6.273776416004462
726725,0.0
727726,12.677358799202063
728727,0.0
729728,0.0
730729,0.0
731730,0.0
732731,0.0
733732,0.0
734733,0.0
735734,0.0
736735,0.0
737736,0.0
738737,13.244764202340157
739738,0.0
740739,0.0
741740,6.555335579462385
742741,0.0
743742,0.0
744743,0.0
745744,15.82671849933566
746745,0.0
747746,0.0
748747,21.42060547967845
749748,0.0
750749,0.0
751750,0.0
752751,0.0
753752,0.0
754753,0.0
755754,14.66429131020131
756755,0.0
757756,0.0
758757,0.0
759758,0.0
760759,0.0
761760,7.148877382126546
762761,0.0
763762,5.564579562933554
764763,7.23781296454058
765764,0.0
766765,0.0
767766,17.41347441294319
768767,0.0
769768,0.0
770769,0.0
771770,0.8942312261531422
772771,0.0
773772,0.0
774773,0.0
775774,0.0
776775,15.8381889733271
777776,15.519598948911028
778777,0.0
779778,0.0
780779,0.0
781780,20.028376261991138
782781,0.0
783782,0.0
784783,0.0
785784,0.0
786785,0.0
787786,0.0
788787,0.0
789788,0.0
790789,0.0
791790,0.0
792791,0.0
793792,0.0
794793,3.5558439202753256
795794,0.0
796795,0.0
797796,0.0
798797,0.0
799798,0.0
800799,0.0
801800,15.209920754926522
802801,0.0
803802,0.0
804803,0.0
805804,9.914191859985387
806805,0.0
807806,6.311608095809679
808807,0.0
809808,0.0
810809,9.022481810746386
811810,0.0
812811,0.0
813812,0.0
814813,0.0
815814,0.0
816815,11.929536453868938
817816,3.612211553728928
818817,0.0
819818,0.0
820819,0.0
821820,16.949959227218816
822821,1.8610239515048885
823822,0.0
824823,0.0
825824,0.0
826825,0.0
827826,0.0
828827,0.0
829828,0.0
830829,12.821400438152448
831830,0.0
832831,0.0
833832,1.7447878697502572
834833,0.0
835834,0.0
836835,0.0
837836,14.47708543511604
838837,12.881927676855984
839838,0.0
840839,0.0
841840,0.0
842841,0.0
843842,0.0
844843,0.0
845844,10.016177048103497
846845,0.0
847846,0.0
848847,0.0
849848,0.0
850849,0.0
851850,0.0
852851,10.206662212516266
853852,0.0
854853,0.0
855854,4.687383462089834
856855,0.0
857856,0.0
858857,11.833889299929524
859858,24.907328427944606
860859,0.0
861860,0.0
862861,0.0
863862,0.0
864863,0.0
865864,11.811319541616832
866865,0.0
867866,0.0
868867,0.0
869868,21.09977499861989
870869,3.6807340379630986
871870,0.0
872871,17.093210572361563
873872,0.0
874873,13.37398363398316
875874,0.0
876875,19.968920979466144
877876,0.0
878877,0.0
879878,0.0
880879,0.0
881880,0.0
882881,0.0
883882,0.0
884883,0.0
885884,0.0
886885,0.0
887886,0.0
888887,0.0
889888,0.0
890889,0.0
891890,23.119888280829155
892891,0.0
893892,20.79965276362016
894893,0.0
895894,0.0
896895,0.0
897896,0.0
898897,4.504680312381966
899898,0.0
900899,0.0
901900,0.0
902901,0.0
903902,0.0
904903,15.907103116335337
905904,0.0
906905,26.297671482710435
907906,0.0
908907,15.858735668107453
909908,0.0
910909,0.0
911910,0.0
912911,5.440743399354123
913912,0.0
914913,0.0
915914,2.7890950200620965
916915,0.0
917916,0.0
918917,0.0
919918,15.080491524289958
920919,7.294853078280268
921920,0.0
922921,0.0
923922,0.0
924923,13.348196189095143
925924,0.0
926925,8.891090918789917
927926,0.0
928927,0.0
929928,0.0
930929,0.0
931930,0.0
932931,0.0
933932,15.427829362040418
934933,0.0
935934,4.385817890300329
936935,0.0
937936,0.0
938937,0.0
939938,0.0
940939,0.0
941940,0.0
942941,0.0
943942,0.0
944943,16.85693162839056
945944,0.0
946945,0.0
947946,0.0
948947,0.0
949948,0.0
950949,0.0
951950,0.0
952951,0.0
953952,15.160688315339048
954953,0.0
955954,0.0
956955,6.228645254842727
957956,0.0
958957,26.065191468165715
959958,0.0
960959,0.0
961960,0.0
962961,18.87154991729056
963962,0.0
964963,0.0
965964,0.0
966965,0.0
967966,0.0
968967,0.0
969968,0.0
970969,0.0
971970,0.0
972971,0.0
973972,0.0
974973,6.327551116621516
975974,0.0
976975,10.594864606557055
977976,0.0
978977,0.0
979978,0.0
980979,0.0
981980,0.0
982981,0.0
983982,0.0
984983,0.0
985984,0.0
986985,0.0
987986,24.413634757039656
988987,0.0
989988,0.0
990989,0.0
991990,0.0
992991,0.0
993992,4.597129550595211
994993,0.0
995994,11.930885700874743
996995,0.0
997996,0.0
998997,0.0
999998,0.0
1000999,0.0
1002000,15.970391453049736
1003001,0.0
1004002,0.0
1005003,0.0
1006004,0.0
1007005,0.0
1008006,0.0
1009007,23.928788080714966
1010008,0.0
1011009,15.189382584644957
1012010,0.0
1013011,14.370201188630768
1014012,0.0
1015013,0.0
1016014,10.600118446007215
1017015,0.0
1018016,0.0
1019017,0.0
1020018,0.0
1021019,0.0
1022020,8.834218282040403
1023021,0.0
1024022,0.0
1025023,12.562538013816049
1026024,0.0
1027025,0.0
1028026,0.0
1029027,0.0
1030028,17.19861663780122
1031029,0.0
1032030,0.0
1033031,0.0
1034032,4.435208569795501
1035033,0.0
1036034,0.0
1037035,0.0
1038036,0.0
1039037,0.0
1040038,5.504744623825518
1041039,0.0
1042040,0.0
1043041,0.0
1044042,0.0
1045043,15.976852140573856
1046044,0.0
1047045,0.0
1048046,10.528774888346991
1049047,0.0
1050048,0.0
1051049,2.781713807480794
1052050,6.243714813198385
1053051,0.0
1054052,0.0
1055053,12.80868298278486
1056054,0.0
1057055,0.0
1058056,0.0
1059057,0.0
1060058,0.0
1061059,0.0
1062060,0.0
1063061,12.67429593492704
1064062,8.924961816416486
1065063,17.672855731081263
1066064,0.0
1067065,0.0
1068066,0.0
1069067,0.0
1070068,0.0
1071069,0.0
1072070,0.0
1073071,24.849847885620406
1074072,15.388192900594936
1075073,0.0
1076074,0.0
1077075,0.0
1078076,0.0
1079077,16.890480926586097
1080078,0.0
1081079,0.0
1082080,0.0
1083081,0.0
1084082,12.46837548028353
1085083,0.0
1086084,0.0
1087085,4.509407296116481
1088086,14.224300981845571
1089087,0.0
1090088,0.0
1091089,0.0
1092090,0.0
1093091,0.0
1094092,0.8723361010845243
1095093,8.083487460135965
1096094,0.0
1097095,11.694997468404637
1098096,0.0
1099097,0.0
1100098,0.0
1101099,15.319498001225469
1102100,0.0
1103101,0.0
1104102,0.0
1105103,0.0
1106104,0.0
1107105,0.0
1108106,22.299509751417755
1109107,0.0
1110108,0.0
1111109,0.0
1112110,0.0
1113111,10.555580440838941
1114112,0.0
1115113,0.0
1116114,0.0
1117115,0.0
1118116,0.0
1119117,0.0
1120118,0.0
1121119,17.949940059150357
1122120,0.0
1123121,0.0
1124122,0.0
1125123,0.0
1126124,0.0
1127125,0.0
1128126,0.0
1129127,0.0
1130128,8.954732779169099
1131129,0.0
1132130,0.0
1133131,0.0
1134132,0.0
1135133,0.0
1136134,0.0
1137135,0.0
1138136,0.0
1139137,0.0
1140138,0.0
1141139,0.0
1142140,0.0
1143141,0.0
1144142,0.0
1145143,0.0
1146144,0.0
1147145,0.0
1148146,0.0
1149147,0.0
1150148,0.0
1151149,0.0
1152150,0.0
1153151,0.0
1154152,0.0
1155153,0.0
1156154,0.0
1157155,0.0
1158156,11.75699588679334
1159157,0.0
1160158,4.446791545806408
1161159,0.0
1162160,0.0
1163161,0.0
1164162,0.0
1165163,0.0
1166164,0.0
1167165,0.0
1168166,0.0
1169167,9.968519103985521
1170168,0.0
1171169,0.0
1172170,0.0
1173171,0.0
1174172,0.0
1175173,0.0
1176174,0.0
1177175,0.0
1178176,0.0
1179177,15.342509211154242
1180178,8.866339520398519
1181179,0.0
1182180,0.0
1183181,13.411460279828265
1184182,14.492380797617988
1185183,0.0
1186184,0.0
1187185,0.0
1188186,0.0
1189187,0.0
1190188,0.0
1191189,0.0
1192190,0.0
1193191,12.55898473226289
1194192,0.0
1195193,0.0
1196194,0.0
1197195,0.0
1198196,13.42678465360165
1199197,0.0
1200198,0.0
1201199,0.0
1202200,2.7317675208800276
1203201,0.0
1204202,0.0
1205203,0.0
1206204,16.035505186745198
1207205,0.0
1208206,11.746175453247503
1209207,0.0
1210208,0.0
1211209,0.0
1212210,11.037432545121389
1213211,13.651117259372958
1214212,0.0
1215213,0.0
1216214,0.0
1217215,0.0
1218216,0.0
1219217,0.0
1220218,0.0
1221219,0.0
1222220,0.0
1223221,0.0
1224222,0.0
1225223,0.0
1226224,0.0
1227225,0.0
1228226,0.0
1229227,0.0
1230228,0.0
1231229,0.0
1232230,0.0
1233231,0.0
1234232,0.0
1235233,16.94616321303621
1236234,0.0
1237235,0.0
1238236,0.0
1239237,0.0
1240238,0.0
1241239,0.0
1242240,0.0
1243241,0.0
1244242,0.0
1245243,0.0
1246244,0.0
1247245,0.0
1248246,11.049571197472565
1249247,0.0
1250248,0.0
1251249,14.63065523387273
1252250,0.0
1253251,11.900839881303144
1254252,0.0
1255253,0.0
1256254,0.0
1257255,1.9314546027045219
1258256,0.0
1259257,0.0
1260258,0.0
1261259,0.0
1262260,0.0
1263261,0.0
1264262,0.0
1265263,0.0
1266264,14.824819254006234
1267265,0.0
1268266,0.0
1269267,0.0
1270268,0.0
1271269,0.0
1272270,0.0
1273271,0.0
1274272,0.0
1275273,0.0
1276274,0.0
1277275,0.0
1278276,0.0
1279277,11.706759190995372
1280278,0.0
1281279,0.0
1282280,0.0
1283281,0.0
1284282,0.0
1285283,31.27433027901919
1286284,0.0
1287285,0.0
1288286,0.0
1289287,0.0
1290288,0.0
1291289,8.988407520799568
1292290,0.0
1293291,0.0
1294292,0.0
1295293,0.0
1296294,0.0
1297295,0.0
1298296,11.621765153697288
1299297,7.282981986596099
1300298,2.5864499148051796
1301299,0.0
1302300,0.0
1303301,0.0
1304302,0.0
1305303,0.0
1306304,0.0
1307305,0.0
1308306,12.58063369891308
1309307,0.0
1310308,0.0
1311309,0.0
1312310,0.0
1313311,0.0
1314312,0.0
1315313,0.0
1316314,0.0
1317315,0.0
1318316,0.0
1319317,0.0
1320318,0.0
1321319,0.0
1322320,19.37090680228752
1323321,0.0
1324322,0.0
1325323,12.823363210293378
1326324,0.0
1327325,0.0
1328326,0.0
1329327,0.0
1330328,0.0
1331329,20.133452540399066
1332330,0.0
1333331,0.0
1334332,17.597130360062145
1335333,0.0
1336334,0.0
1337335,0.0
1338336,11.8048903406532
1339337,0.0
1340338,0.0
1341339,0.0
1342340,14.540806534585675
1343341,0.0
1344342,0.0
1345343,0.0
1346344,0.0
1347345,0.0
1348346,23.01918504889964
1349347,0.0
1350348,0.0
1351349,0.0
1352350,0.0
1353351,15.241132040832435
1354352,0.0
1355353,0.0
1356354,0.0
1357355,0.0
1358356,0.0
1359357,0.0
1360358,0.0
1361359,0.0
1362360,0.0
1363361,0.0
1364362,0.0
1365363,0.0
1366364,8.111178420313367
1367365,0.0
1368366,0.0
1369367,0.0
1370368,0.0
1371369,0.0
1372370,0.0
1373371,0.0
1374372,0.0
1375373,0.0
1376374,12.720646528159829
1377375,0.0
1378376,0.0
1379377,0.0
1380378,17.260763516406403
1381379,0.0
1382380,0.0
1383381,0.0
1384382,0.0
1385383,0.0
1386384,0.0
1387385,0.0
1388386,0.0
1389387,18.81308281854426
1390388,0.0
1391389,0.0
1392390,4.30130888788793
1393391,7.306390739453382
1394392,15.48928702414361
1395393,0.0
1396394,0.0
1397395,35.860572450231984
1398396,0.0
1399397,0.0
1400398,0.0
1401399,11.798896004003705
1402400,0.0
1403401,0.0
1404402,0.0
1405403,0.0
1406404,0.0
1407405,24.15738902688091
1408406,13.948392646155904
1409407,0.0
1410408,0.0
1411409,0.0
1412410,0.0
1413411,0.0
1414412,0.0
1415413,5.459398183029866
1416414,0.0
1417415,0.0
1418416,0.0
1419417,0.0
1420418,0.0
1421419,0.0
1422420,0.0
1423421,0.0
1424422,0.0
1425423,0.0
1426424,0.0
1427425,0.0
1428426,0.0
1429427,0.0
1430428,0.0
1431429,1.7915204821869901
1432430,0.0
1433431,0.0
1434432,0.0
1435433,0.0
1436434,18.281517143197686
1437435,15.912233603484932
1438436,0.0
1439437,0.0
1440438,14.302973011022837
1441439,23.542898706716933
1442440,0.0
1443441,0.0
1444442,0.0
1445443,0.0
1446444,0.0
1447445,0.0
1448446,0.0
1449447,23.02099180492758
1450448,0.0
1451449,0.0
1452450,0.0
1453451,0.0
1454452,0.0
1455453,0.0
1456454,0.0
1457455,0.0
1458456,0.0
1459457,11.156437798948058
1460458,3.569627580280144
1461459,0.0
1462460,0.0
1463461,0.0
1464462,0.0
1465463,0.0
1466464,0.0
1467465,0.0
1468466,0.0
1469467,0.0
1470468,0.0
1471469,0.0
1472470,0.0
1473471,0.0
1474472,0.0
1475473,0.0
1476474,7.3130510946706515
1477475,0.0
1478476,24.382686868458716
1479477,0.0
1480478,14.482381842173364
1481479,0.0
1482480,0.0
1483481,0.0
1484482,0.0
1485483,0.0
1486484,0.0
1487485,0.0
1488486,0.0
1489487,0.0
1490488,6.255531380641895
1491489,8.477764032256516
1492490,5.379593249572086
1493491,0.0
1494492,29.34066736935021
1495493,16.241541097736146
1496494,0.0
1497495,0.0
1498496,0.0
1499497,0.0
1500498,0.0
1501499,0.0
1502500,0.0
1503501,0.0
1504502,0.0
1505503,0.0
1506504,0.0
1507505,16.509141713394563
1508506,0.0
1509507,9.960324444059392
1510508,0.0
1511509,0.0
1512510,0.0
1513511,0.0
1514512,1.7979567865376564
1515513,0.0
1516514,0.0
1517515,0.0
1518516,0.0
1519517,0.0
1520518,0.0
1521519,0.0
1522520,8.363099669305994
1523521,20.023707628818403
1524522,0.0
1525523,27.902315038206112
1526524,0.0
1527525,0.0
1528526,14.597011408716822
1529527,0.0
1530528,0.0
1531529,6.276214505995014
1532530,0.0
1533531,0.0
1534532,0.0
1535533,0.0
1536534,0.0
1537535,11.527379840100629
1538536,0.0
1539537,0.0
1540538,0.0
1541539,11.527505635463541
1542540,0.0
1543541,0.0
1544542,0.0
1545543,0.0
1546544,6.313067680315684
1547545,0.0
1548546,0.0
1549547,11.976320266474477
1550548,24.744010185993424
1551549,24.337068715387506
1552550,0.0
1553551,0.0
1554552,18.704084967554724
1555553,7.1763338415390505
1556554,0.0
1557555,0.0
1558556,13.383652117682184
1559557,20.723974371875823
1560558,16.96234213897333
1561559,0.0
1562560,0.0
1563561,0.0
1564562,0.0
1565563,11.829423978388114
1566564,0.0
1567565,0.0
1568566,0.0
1569567,17.665258853405344
1570568,0.0
1571569,15.012211002522099
1572570,0.0
1573571,0.0
1574572,0.0
1575573,0.0
1576574,0.0
1577575,15.995847734369466
1578576,0.0
1579577,0.0
1580578,0.0
1581579,0.0
1582580,10.083218676292976
1583581,0.0
1584582,0.0
1585583,0.0
1586584,0.0
1587585,0.0
1588586,0.0
1589587,0.0
1590588,14.041812400624083
1591589,0.0
1592590,0.0
1593591,27.742582345032634
1594592,0.0
1595593,0.0
1596594,0.0
1597595,0.0
1598596,0.0
1599597,0.0
1600598,4.455699757399232
1601599,0.0
1602600,0.0
1603601,0.0
1604602,0.0
1605603,0.0
1606604,25.86009002217204
1607605,0.0
1608606,0.0
1609607,0.0
1610608,0.0
1611609,0.0
1612610,0.0
1613611,0.0
1614612,10.637184449866965
1615613,0.0
1616614,21.165705132379255
1617615,0.0
1618616,0.0
1619617,0.0
1620618,0.0
1621619,0.0
1622620,0.0
1623621,22.37712049925866
1624622,20.31704348637515
1625623,0.0
1626624,0.0
1627625,0.0
1628626,0.0
1629627,0.0
1630628,0.0
1631629,0.0
1632630,11.809217964155163
1633631,0.0
1634632,0.0
1635633,0.0
1636634,0.0
1637635,0.0
1638636,0.0
1639637,0.0
1640638,0.0
1641639,0.0
1642640,0.0
1643641,0.0
1644642,0.0
1645643,0.0
1646644,0.0
1647645,0.0
1648646,0.0
1649647,15.483534196081392
1650648,0.0
1651649,5.631198948066964
1652650,0.0
1653651,0.0
1654652,0.0
1655653,0.0
1656654,0.0
1657655,3.632204703612341
1658656,16.638259465260838
1659657,0.0
1660658,0.0
1661659,0.0
1662660,0.0
1663661,0.0
1664662,0.0
1665663,8.258844196562432
1666664,0.0
1667665,0.0
1668666,0.0
1669667,14.311738346447513
1670668,0.0
1671669,0.0
1672670,0.0
1673671,0.0
1674672,4.404221918806656
1675673,0.0
1676674,0.0
1677675,0.0
1678676,25.795994677562575
1679677,14.584147996329797
1680678,4.561085262606397
1681679,0.0
1682680,21.251819073800096
1683681,0.0
1684682,0.0
1685683,0.0
1686684,0.0
1687685,0.0
1688686,0.0
1689687,0.0
1690688,0.0
1691689,0.0
1692690,13.554946989933082
1693691,0.0
1694692,0.0
1695693,0.0
1696694,0.0
1697695,7.457530614154919
1698696,0.0
1699697,13.56468358811856
1700698,0.0
1701699,0.0
1702700,0.0
1703701,0.0
1704702,0.0
1705703,10.89966946293689
1706704,0.0
1707705,0.0
1708706,0.0
1709707,0.0
1710708,5.6606919241887
1711709,14.592346513610908
1712710,0.0
1713711,10.398760440048008
1714712,0.0
1715713,7.372253480266535
1716714,0.0
1717715,0.0
1718716,0.0
1719717,26.010169929380744
1720718,0.0
1721719,14.588909303000904
1722720,20.042423056314497
1723721,0.0
1724722,38.0560331893668
1725723,0.0
1726724,0.0
1727725,15.47146114007363
1728726,0.0
1729727,0.0
1730728,0.0
1731729,0.0
1732730,0.0
1733731,0.0
1734732,0.0
1735733,0.0
1736734,0.0
1737735,0.0
1738736,0.0
1739737,0.0
1740738,0.0
1741739,11.73733868725198
1742740,0.0
1743741,13.373408734407626
1744742,0.0
1745743,0.0
1746744,0.0
1747745,4.466293231499089
1748746,0.0
1749747,0.0
1750748,9.878805823127342
1751749,0.0
1752750,0.0
1753751,0.0
1754752,0.0
1755753,0.0
1756754,0.0
1757755,0.0
1758756,0.0
1759757,15.138714849621174
1760758,0.0
1761759,0.0
1762760,0.0
1763761,0.0
1764762,0.0
1765763,6.495363213409597
1766764,0.0
1767765,0.0
1768766,0.0
1769767,0.0
1770768,8.224117686707325
1771769,0.0
1772770,0.0
1773771,0.0
1774772,16.466397320715366
1775773,4.687871224766889
1776774,0.0
1777775,0.0
1778776,0.0
1779777,0.0
1780778,12.639174887818257
1781779,0.0
1782780,27.248794151988257
1783781,10.899456597447728
1784782,0.0
1785783,30.210212580617792
1786784,21.62154487663524
1787785,0.0
1788786,0.0
1789787,13.697579001526002
1790788,34.79653077291797
1791789,0.0
1792790,0.0
1793791,14.631672189629706
1794792,0.0
1795793,0.0
1796794,0.0
1797795,26.91815690823157
1798796,0.0
1799797,0.0
1800798,0.0
1801799,35.927953178840404
1802800,0.0
1803801,0.0
1804802,0.0
1805803,0.0
1806804,0.0
1807805,0.0
1808806,0.0
1809807,0.0
1810808,0.0
1811809,0.0
1812810,0.0
1813811,0.0
1814812,0.0
1815813,0.0
1816814,0.0
1817815,0.0
1818816,0.0
1819817,0.0
1820818,0.0
1821819,0.0
1822820,16.405947450598468
1823821,0.0
1824822,0.0
1825823,7.368774535464143
1826824,0.0
1827825,0.0
1828826,0.0
1829827,13.588064011550646
1830828,19.6499786478251
1831829,0.0
1832830,0.0
1833831,0.0
1834832,0.0
1835833,0.0
1836834,0.0
1837835,0.0
1838836,0.0
1839837,0.0
1840838,0.0
1841839,0.0
1842840,0.0
1843841,0.0
1844842,0.0
1845843,12.640381097501145
1846844,0.0
1847845,0.0
1848846,30.44922101451209
1849847,0.0
1850848,7.3862702712540065
1851849,0.0
1852850,0.0
1853851,0.0
1854852,22.683206033776898
1855853,0.0
1856854,0.0
1857855,0.0
1858856,14.54933296314795
1859857,0.0
1860858,17.316312161075068
1861859,0.0
1862860,0.0
1863861,0.0
1864862,0.0
1865863,0.0
1866864,0.0
1867865,0.0
1868866,0.0
1869867,0.0
1870868,0.0
1871869,0.0
1872870,0.0
1873871,0.0
1874872,12.655775568584392
1875873,20.59330973204577
1876874,0.0
1877875,0.0
1878876,0.0
1879877,0.0
1880878,0.0
1881879,0.0
1882880,15.521288203786646
1883881,0.0
1884882,0.0
1885883,0.0
1886884,0.0
1887885,0.0
1888886,0.0
1889887,0.0
1890888,0.0
1891889,0.0
1892890,0.0
1893891,0.0
1894892,11.808728227009114
1895893,0.0
1896894,21.88235553674946
1897895,0.0
1898896,0.0
1899897,0.0
1900898,0.0
1901899,8.256546790103709
1902900,15.685861793072997
1903901,0.0
1904902,0.0
1905903,0.0
1906904,14.61596962811047
1907905,0.0
1908906,0.0
1909907,13.655464701108578
1910908,0.0
1911909,0.0
1912910,0.0
1913911,0.0
1914912,0.0
1915913,15.309359634003863
1916914,0.0
1917915,0.0
1918916,0.0
1919917,0.0
1920918,18.326291096771826
1921919,0.0
1922920,0.0
1923921,0.0
1924922,0.0
1925923,0.0
1926924,0.0
1927925,0.0
1928926,0.0
1929927,0.0
1930928,0.0
1931929,0.0
1932930,0.0
1933931,3.6040294062476947
1934932,0.0
1935933,4.600181593615914
1936934,0.0
1937935,0.0
1938936,0.0
1939937,0.0
1940938,0.0
1941939,23.50069878788197
1942940,0.0
1943941,0.0
1944942,0.0
1945943,0.0
1946944,0.0
1947945,0.0
1948946,0.0
1949947,0.0
1950948,0.0
1951949,3.554867247683286
1952950,0.0
1953951,0.0
1954952,0.0
1955953,0.0
1956954,0.0
1957955,23.722826043402836
1958956,7.362658892405767
1959957,3.5026517965852966
1960958,0.0
1961959,11.869416608840655
1962960,4.520356463906021
1963961,0.0
1964962,0.0
1965963,10.6951118803486
1966964,11.497770026417935
1967965,0.0
1968966,0.0
1969967,0.0
1970968,0.0
1971969,0.0
1972970,0.0
1973971,0.0
1974972,0.0
1975973,0.0
1976974,0.0
1977975,0.0
1978976,0.0
1979977,0.0
1980978,0.0
1981979,0.0
1982980,0.0
1983981,0.0
1984982,0.0
1985983,0.0
1986984,0.0
1987985,0.0
1988986,0.0
1989987,0.0
1990988,0.0
1991989,0.0
1992990,0.0
1993991,15.224769134057638
1994992,16.354383066227903
1995993,2.646443086459598
1996994,0.0
1997995,0.0
1998996,0.0
1999997,0.0
2000998,7.126111164066886
2001999,0.0
2003000,0.0
2004001,0.0
2005002,0.0
2006003,0.0
2007004,0.0
2008005,0.0
2009006,0.0
2010007,0.0
2011008,0.0
2012009,0.0
2013010,0.0
2014011,22.166450753935063
2015012,0.0
2016013,0.0
2017014,0.0
2018015,0.0
2019016,21.253907864832755
2020017,13.612987551876353
2021018,0.0
2022019,0.0
2023020,0.0
2024021,0.0
2025022,0.0
2026023,0.0
2027024,0.0
2028025,0.0
2029026,0.0
2030027,0.0
2031028,0.0
2032029,0.0
2033030,0.0
2034031,0.0
2035032,13.361716416806402
2036033,0.0
2037034,0.0
2038035,0.0
2039036,14.344677804459462
2040037,27.909037106173734
2041038,0.0
2042039,0.0
2043040,0.0
2044041,0.0
2045042,0.0
2046043,0.0
2047044,0.0
2048045,24.518889326763187
2049046,27.547173377095515
2050047,9.815930525116277
2051048,6.118400432627166
2052049,0.0
2053050,0.0
2054051,0.0
2055052,0.0
2056053,0.0
2057054,14.325852376566624
2058055,26.782363275341435
2059056,28.517146518746024
2060057,0.0
2061058,0.0
2062059,0.0
2063060,0.0
2064061,0.0
2065062,0.0
2066063,0.0
2067064,41.41783519363217
2068065,0.0
2069066,3.8181211576085934
2070067,0.0
2071068,0.0
2072069,32.98527691919118
2073070,5.371420482070634
2074071,0.0
2075072,0.0
2076073,0.0
2077074,0.0
2078075,12.52450574310544
2079076,0.0
2080077,0.0
2081078,0.0
2082079,0.0
2083080,0.0
2084081,0.0
2085082,0.0
2086083,0.0
2087084,0.0
2088085,0.0
2089086,0.0
2090087,0.0
2091088,0.0
2092089,0.0
2093090,0.0
2094091,0.0
2095092,4.45967633012362
2096093,0.0
2097094,15.657468105637989
2098095,0.0
2099096,0.0
2100097,0.0
2101098,0.0
2102099,0.0
2103100,0.0
2104101,6.26630927323825
2105102,0.0
2106103,21.919951740693293
2107104,16.643951687923387
2108105,0.0
2109106,0.0
2110107,0.0
2111108,0.0
2112109,24.041128081702922
2113110,9.72880307165547
2114111,22.418009281268287
2115112,0.0
2116113,0.0
2117114,10.783719832495523
2118115,0.0
2119116,13.578844189068763
2120117,0.0
2121118,0.0
2122119,11.718270561748053
2123120,0.0
2124121,0.0
2125122,0.0
2126123,19.259965590392802
2127124,0.0
2128125,12.737694386287869
2129126,0.0
2130127,0.0
2131128,5.475584034750422
2132129,0.0
2133130,0.0
2134131,0.0
2135132,19.816197941501404
2136133,0.0
2137134,0.0
2138135,0.0
2139136,4.499900790644155
2140137,0.0
2141138,0.0
2142139,0.0
2143140,0.0
2144141,18.451573170306457
2145142,9.436303647084758
2146143,0.0
2147144,4.490073925685076
2148145,0.0
2149146,18.992352339845823
2150147,0.0
2151148,0.0
2152149,0.0
2153150,15.410660547029861
2154151,16.46539566999412
2155152,0.0
2156153,14.543980019962667
2157154,0.0
2158155,0.0
2159156,0.0
2160157,0.0
2161158,0.0
2162159,0.0
2163160,0.0
2164161,0.0
2165162,5.547841695927378
2166163,15.625077068467325
2167164,18.9720443426196
2168165,19.715128678803804
2169166,0.0
2170167,0.0
2171168,0.0
2172169,0.0
2173170,25.68796388179449
2174171,6.519166549594564
2175172,0.0
2176173,0.0
2177174,0.0
2178175,0.0
2179176,0.0
2180177,16.486403012895156
2181178,0.0
2182179,0.0
2183180,20.315197535139863
2184181,0.0
2185182,0.0
2186183,0.0
2187184,5.432615195773095
2188185,0.0
2189186,0.0
2190187,0.0
2191188,13.590589432112669
2192189,10.001490435196322
2193190,0.0
2194191,0.0
2195192,0.0
2196193,0.0
2197194,0.0
2198195,29.127421929362708
2199196,0.0
2200197,0.0
2201198,0.0
2202199,13.470930310129608
2203200,15.18033250456663
2204201,0.0
2205202,17.25777414302783
2206203,0.0
2207204,0.0
2208205,21.68594304123049
2209206,0.0
2210207,0.0
2211208,0.0
2212209,18.101938909172514
2213210,0.0
2214211,14.230037402765085
2215212,0.0
2216213,0.0
2217214,0.0
2218215,0.0
2219216,0.0
2220217,12.687883171639804
2221218,0.0
2222219,12.013754288047101
2223220,0.0
2224221,0.0
2225222,0.0
2226223,0.0
2227224,8.350984744851605
2228225,0.0
2229226,0.0
2230227,0.0
2231228,0.0
2232229,5.538921114928575
2233230,0.0
2234231,0.0
2235232,0.0
2236233,0.0
2237234,0.0
2238235,0.0
2239236,0.0
2240237,0.0
2241238,4.447591982838524
2242239,0.0
2243240,0.0
2244241,0.0
2245242,0.0
2246243,0.0
2247244,0.0
2248245,34.94722257591412
2249246,0.0
2250247,20.0265966687552
2251248,0.0
2252249,0.0
2253250,0.0
2254251,0.0
2255252,0.0
2256253,0.0
2257254,0.0
2258255,0.0
2259256,0.0
2260257,0.0
2261258,32.17108638868296
2262259,0.0
2263260,0.0
2264261,0.0
2265262,0.0
2266263,0.0
2267264,0.0
2268265,0.0
2269266,0.0
2270267,6.4561689463276695
2271268,0.0
2272269,0.0
2273270,0.0
2274271,0.0
2275272,0.0
2276273,0.0
2277274,0.0
2278275,0.0
2279276,19.169513010331347
2280277,14.617931305763557
2281278,0.0
2282279,0.0
2283280,0.0
2284281,21.86813046210528
2285282,0.0
2286283,0.0
2287284,0.0
2288285,0.0
2289286,0.0
2290287,6.317869472629542
2291288,0.0
2292289,0.0
2293290,0.0
2294291,0.0
2295292,0.0
2296293,0.0
2297294,0.0
2298295,0.0
2299296,26.759991540444318
2300297,0.0
2301298,0.0
2302299,0.0
2303300,0.0
2304301,0.0
2305302,0.0
2306303,0.0
2307304,0.0
2308305,0.0
2309306,0.0
2310307,0.0
2311308,0.0
2312309,44.57785634667354
2313310,0.0
2314311,14.703774501478756
2315312,16.263760399381056
2316313,0.0
2317314,0.0
2318315,0.0
2319316,0.0
2320317,0.0
2321318,0.0
2322319,0.0
2323320,19.380350633756102
2324321,0.0
2325322,0.0
2326323,0.0
2327324,0.0
2328325,0.0
2329326,0.0
2330327,0.0
2331328,0.0
2332329,0.0
2333330,0.0
2334331,0.0
2335332,0.0
2336333,16.493586291087198
2337334,0.0
2338335,0.0
2339336,0.0
2340337,13.654794807117359
2341338,0.0
2342339,7.3115213371342405
2343340,0.0
2344341,0.0
2345342,0.0
2346343,0.0
2347344,0.0
2348345,0.0
2349346,12.007127476596082
2350347,0.0
2351348,0.0
2352349,0.0
2353350,21.833695658408757
2354351,0.8920405565905465
2355352,14.717464582759156
2356353,0.0
2357354,0.0
2358355,0.0
2359356,0.0
2360357,0.0
2361358,0.0
2362359,0.0
2363360,0.0
2364361,0.0
2365362,0.0
2366363,3.593040628602272
2367364,0.0
2368365,0.0
2369366,10.967864878568763
2370367,0.0
2371368,0.0
2372369,0.0
2373370,8.92906694966088
2374371,0.0
2375372,0.0
2376373,0.0
2377374,0.0
2378375,0.0
2379376,0.0
2380377,0.0
2381378,0.0
2382379,0.0
2383380,0.0
2384381,0.0
2385382,0.0
2386383,0.0
2387384,0.0
2388385,0.0
2389386,0.0
2390387,0.0
2391388,0.0
2392389,0.0
2393390,0.0
2394391,0.0
2395392,0.0
2396393,0.0
2397394,0.0
2398395,0.0
2399396,0.0
2400397,0.0
2401398,0.0
2402399,0.0
2403400,4.506853910601393
2404401,0.0
2405402,0.0
2406403,31.792614552024887
2407404,7.3299015123916975
2408405,0.0
2409406,29.624493813563348
2410407,19.33059233123324
2411408,10.84875053534758
2412409,0.0
2413410,0.0
2414411,4.546504923791072
2415412,0.0
2416413,10.179692259999275
2417414,0.0
2418415,0.0
2419416,0.0
2420417,0.0
2421418,0.0
2422419,0.0
2423420,14.709224536804637
2424421,0.0
2425422,0.0
2426423,0.0
2427424,0.0
2428425,0.0
2429426,0.0
2430427,0.0
2431428,12.980333540281295
2432429,0.0
2433430,0.0
2434431,0.0
2435432,0.0
2436433,0.0
2437434,0.0
2438435,15.816845335626974
2439436,0.0
2440437,0.0
2441438,10.298110594340525
2442439,0.0
2443440,0.0
2444441,0.0
2445442,0.0
2446443,5.444308864711764
2447444,0.0
2448445,0.0
2449446,0.0
2450447,0.0
2451448,0.0
2452449,0.0
2453450,0.0
2454451,20.860142793426316
2455452,0.0
2456453,0.0
2457454,0.0
2458455,14.659049184795009
2459456,0.0
2460457,0.0
2461458,33.267059190662636
2462459,0.0
2463460,0.0
2464461,0.0
2465462,12.768676820586599
2466463,0.0
2467464,0.0
2468465,0.0
2469466,0.0
2470467,0.0
2471468,14.710952968252212
2472469,0.0
2473470,10.85743171262566
2474471,0.0
2475472,0.0
2476473,0.0
2477474,0.0
2478475,0.0
2479476,0.0
2480477,0.0
2481478,0.0
2482479,0.0
2483480,2.6787436335389234
2484481,0.0
2485482,0.0
2486483,0.0
2487484,0.0
2488485,0.0
2489486,0.0
2490487,0.0
2491488,0.0
2492489,0.0
2493490,0.0
2494491,0.0
2495492,0.0
2496493,0.0
2497494,10.791401514171673
2498495,0.0
2499496,0.0
2500497,0.0
2501498,1.8912576232647782
2502499,0.0
2503500,3.761996673275737
2504501,0.0
2505502,0.0
2506503,40.25161180041839
2507504,0.0
2508505,0.0
2509506,0.0
2510507,20.87711071756058
2511508,0.0
2512509,0.0
2513510,0.0
2514511,11.956465052662656
2515512,0.0
2516513,0.0
2517514,0.0
2518515,0.0
2519516,0.0
2520517,0.0
2521518,0.0
2522519,0.0
2523520,0.0
2524521,13.81920423148362
2525522,0.0
2526523,0.0
2527524,0.0
2528525,0.0
2529526,0.0
2530527,0.0
2531528,9.174741394138794
2532529,0.0
2533530,0.0
2534531,0.0
2535532,0.0
2536533,13.416253675369937
2537534,0.0
2538535,0.0
2539536,0.885552812091646
2540537,0.0
2541538,8.260510754491515
2542539,0.0
2543540,27.570967515736587
2544541,0.0
2545542,0.0
2546543,0.0
2547544,7.457656871642634
2548545,0.0
2549546,0.0
2550547,16.38444112760938
2551548,11.630312857962355
2552549,0.0
2553550,0.0
2554551,0.0
2555552,0.0
2556553,15.405136183373028
2557554,0.0
2558555,25.36493158953854
2559556,0.0
2560557,0.0
2561558,0.0
2562559,0.0
2563560,12.381446085351564
2564561,0.0
2565562,0.0
2566563,0.0
2567564,0.0
2568565,0.0
2569566,0.0
2570567,10.696738745117123
2571568,0.0
2572569,0.0
2573570,0.0
2574571,0.0
2575572,0.0
2576573,1.6811802508790556
2577574,4.360364293788816
2578575,15.042649171625653
2579576,0.0
2580577,0.0
2581578,4.4856810926500446
2582579,0.0
2583580,0.0
2584581,0.0
2585582,0.0
2586583,6.249800714542093
2587584,0.0
2588585,0.0
2589586,11.597426389505763
2590587,0.0
2591588,0.0
2592589,0.0
2593590,13.51619956636257
2594591,0.0
2595592,0.0
2596593,0.0
2597594,14.4853612769453
2598595,0.0
2599596,0.0
2600597,0.0
2601598,0.0
2602599,0.0
2603600,0.0
2604601,0.0
2605602,16.24660826500558
2606603,9.034292135947702
2607604,0.0
2608605,0.0
2609606,0.0
2610607,7.027510572365268
2611608,16.442632984261273
2612609,6.636507373947029
2613610,0.0
2614611,0.0
2615612,0.0
2616613,5.522266794985708
2617614,0.0
2618615,0.0
2619616,0.0
2620617,0.0
2621618,0.0
2622619,0.0
2623620,0.0
2624621,0.0
2625622,0.0
2626623,18.875335985020712
2627624,0.0
2628625,0.0
2629626,15.161079652446197
2630627,0.0
2631628,0.0
2632629,0.0
2633630,0.0
2634631,0.0
2635632,13.378502319525474
2636633,0.0
2637634,11.589818417515103
2638635,0.0
2639636,0.0
2640637,0.0
2641638,0.0
2642639,0.0
2643640,0.0
2644641,0.0
2645642,8.281196923129478
2646643,21.362497562783105
2647644,10.566834345914504
2648645,0.0
2649646,0.0
2650647,0.0
2651648,0.0
2652649,5.249444416913894
2653650,8.038933158438763
2654651,0.0
2655652,0.0
2656653,0.0
2657654,0.0
2658655,0.0
2659656,4.609899633382731
2660657,0.0
2661658,0.0
2662659,0.0
2663660,18.832302562108882
2664661,0.0
2665662,0.0
2666663,0.0
2667664,13.407690464347915
2668665,0.0
2669666,0.0
2670667,0.0
2671668,0.0
2672669,0.0
2673670,0.0
2674671,0.0
2675672,0.0
2676673,2.71687967314483
2677674,0.0
2678675,0.0
2679676,0.0
2680677,0.0
2681678,0.0
2682679,0.0
2683680,0.0
2684681,12.500831081515527
2685682,0.0
2686683,20.148717812844385
2687684,0.0
2688685,0.0
2689686,0.0
2690687,0.0
2691688,34.73472788246378
2692689,0.0
2693690,0.0
2694691,0.0
2695692,0.0
2696693,16.36935047736584
2697694,0.0
2698695,0.0
2699696,17.642777292382135
2700697,0.0
2701698,0.0
2702699,0.0
2703700,0.0
2704701,0.0
2705702,15.330903441228127
2706703,17.20196361058754
2707704,0.0
2708705,0.0
2709706,0.0
2710707,0.0
2711708,0.0
2712709,0.0
2713710,0.0
2714711,0.0
2715712,0.0
2716713,0.0
2717714,0.0
2718715,0.0
2719716,0.0
2720717,0.0
2721718,0.0
2722719,0.0
2723720,0.0
2724721,0.0
2725722,0.0
2726723,7.233714768996275
2727724,27.423882755383058
2728725,0.0
2729726,0.0
2730727,0.0
2731728,18.690595127217573
2732729,12.340994663320519
2733730,0.0
2734731,0.0
2735732,0.0
2736733,0.0
2737734,0.0
2738735,17.08539206601955
2739736,0.0
2740737,0.0
2741738,13.192531322661138
2742739,0.0
2743740,0.0
2744741,0.0
2745742,0.0
2746743,0.0
2747744,0.0
2748745,0.0
2749746,14.144217114205667
2750747,0.0
2751748,0.0
2752749,9.009888118267492
2753750,0.0
2754751,29.649173560206084
2755752,0.0
2756753,12.200176289908594
2757754,2.7804987829630643
2758755,0.0
2759756,0.0
2760757,0.0
2761758,0.0
2762759,0.0
2763760,0.0
2764761,0.0
2765762,4.44555468614125
2766763,0.0
2767764,0.0
2768765,0.0
2769766,6.210918290355393
2770767,0.0
2771768,0.0
2772769,0.0
2773770,0.0
2774771,0.0
2775772,0.0
2776773,7.423202292217273
2777774,0.0
2778775,0.0
2779776,13.212652599962478
2780777,0.0
2781778,0.0
2782779,4.663247188601635
2783780,0.0
2784781,0.0
2785782,0.0
2786783,0.0
2787784,0.0
2788785,0.0
2789786,0.0
2790787,0.0
2791788,0.0
2792789,0.0
2793790,0.0
2794791,16.459595961434474
2795792,0.0
2796793,0.0
2797794,0.0
2798795,0.0
2799796,0.0
2800797,0.0
2801798,0.0
2802799,7.884644692450117
2803800,0.0
2804801,0.0
2805802,0.0
2806803,0.0
2807804,0.0
2808805,0.0
2809806,21.165963796332036
2810807,2.6162177111421068
2811808,0.0
2812809,0.0
2813810,9.72795575127988
2814811,0.0
2815812,0.0
2816813,0.0
2817814,9.679965269723127
2818815,0.0
2819816,0.0
2820817,0.0
2821818,0.0
2822819,0.0
2823820,9.704268212606811
2824821,0.0
2825822,0.0
2826823,0.0
2827824,14.128891285465079
2828825,2.735484821199566
2829826,0.0
2830827,0.0
2831828,0.0
2832829,2.7481738051244293
2833830,10.672641003052025
2834831,0.0
2835832,0.0
2836833,18.469800946808785
2837834,0.0
2838835,0.0
2839836,0.0
2840837,24.615546435037626
2841838,0.0
2842839,0.0
2843840,16.223422307654563
2844841,0.0
2845842,0.0
2846843,0.0
2847844,0.0
2848845,0.0
2849846,0.0
2850847,0.0
2851848,0.0
2852849,0.0
2853850,0.0
2854851,0.0
2855852,15.391851145986099
2856853,0.0
2857854,0.0
2858855,0.0
2859856,0.0
2860857,0.0
2861858,0.0
2862859,0.0
2863860,0.0
2864861,0.0
2865862,0.0
2866863,3.5988479766183286
2867864,0.0
2868865,0.0
2869866,0.0
2870867,0.0
2871868,0.0
2872869,0.0
2873870,0.0
2874871,0.0
2875872,0.0
2876873,9.045558574178223
2877874,0.0
2878875,0.0
2879876,0.0
2880877,0.0
2881878,0.0
2882879,0.0
2883880,0.0
2884881,0.0
2885882,14.459364635057785
2886883,0.0
2887884,0.0
2888885,0.0
2889886,0.0
2890887,0.0
2891888,0.0
2892889,7.1336913047928565
2893890,0.0
2894891,0.0
2895892,0.0
2896893,8.117930607104187
2897894,0.0
2898895,12.670107385166908
2899896,0.0
2900897,0.0
2901898,0.0
2902899,0.0
2903900,0.0
2904901,12.069872283759015
2905902,0.0
2906903,0.0
2907904,0.0
2908905,0.0
2909906,0.0
2910907,0.0
2911908,0.0
2912909,0.0
2913910,0.0
2914911,0.0
2915912,7.344381808113675
2916913,0.0
2917914,0.0
2918915,0.0
2919916,0.0
2920917,0.0
2921918,0.0
2922919,0.0
2923920,0.0
2924921,0.0
2925922,18.902763267094116
2926923,0.0
2927924,0.0
2928925,0.0
2929926,0.0
2930927,0.0
2931928,14.313377278721171
2932929,6.420182528158181
2933930,0.0
2934931,0.0
2935932,0.0
2936933,17.795568196539467
2937934,0.0
2938935,0.0
2939936,12.425507699486506
2940937,0.0
2941938,0.0
2942939,0.0
2943940,0.0
2944941,6.387111390138572
2945942,0.0
2946943,0.0
2947944,0.0
2948945,0.0
2949946,0.0
2950947,0.0
2951948,0.0
2952949,0.0
2953950,0.0
2954951,0.0
2955952,0.0
2956953,13.38669420972199
2957954,0.0
2958955,0.0
2959956,0.0
2960957,0.0
2961958,15.925737172576362
2962959,0.0
2963960,0.0
2964961,17.252458038969205
2965962,0.0
2966963,0.0
2967964,0.0
2968965,0.0
2969966,19.05341006359576
2970967,14.24162479365148
2971968,0.0
2972969,0.0
2973970,0.0
2974971,0.0
2975972,0.0
2976973,0.0
2977974,0.0
2978975,9.168950616434335
2979976,0.0
2980977,0.0
2981978,6.459857014947391
2982979,0.0
2983980,0.0
2984981,0.0
2985982,0.0
2986983,0.0
2987984,0.0
2988985,0.0
2989986,0.0
2990987,0.0
2991988,0.0
2992989,0.0
2993990,23.345108662186863
2994991,0.0
2995992,34.74165526966823
2996993,2.638241807389014
2997994,0.0
2998995,5.4556117616233815
2999996,0.0
3000997,22.045960869190516
3001998,0.0
3002999,1.71691135619221
3004000,14.357957033013555
3005001,0.0
3006002,0.0
3007003,0.0
3008004,0.0
3009005,0.0
3010006,4.594708091742943
3011007,0.0
3012008,0.0
3013009,11.394523939596748
3014010,0.0
3015011,10.554779855789915
3016012,0.0
3017013,10.773810909787105
3018014,0.0
3019015,0.0
3020016,13.447170433588527
3021017,0.0
3022018,0.0
3023019,14.906623805228799
3024020,0.0
3025021,0.0
3026022,0.0
3027023,0.0
3028024,15.81225341227651
3029025,0.0
3030026,0.0
3031027,0.0
3032028,0.0
3033029,0.0
3034030,0.0
3035031,16.845028973294163
3036032,0.0
3037033,0.0
3038034,0.0
3039035,10.66029466741284
3040036,0.0
3041037,14.379749479692796
3042038,0.0
3043039,17.206272060551726
3044040,13.50673880824156
3045041,14.184550804209797
3046042,0.0
3047043,0.0
3048044,0.0
3049045,0.0
3050046,0.0
3051047,5.323669078821344
3052048,0.0
3053049,0.0
3054050,0.0
3055051,0.0
3056052,0.0
3057053,0.0
3058054,0.0
3059055,14.322380038223521
3060056,0.0
3061057,0.0
3062058,14.318609082105564
3063059,0.0
3064060,0.0
3065061,0.0
3066062,0.0
3067063,0.0
3068064,0.0
3069065,9.269533825503718
3070066,0.0
3071067,2.6958534951056237
3072068,0.0
3073069,0.0
3074070,0.0
3075071,0.0
3076072,0.0
3077073,0.0
3078074,0.0
3079075,0.0
3080076,0.0
3081077,2.5960849341548506
3082078,0.0
3083079,18.673687008911948
3084080,17.32313750104614
3085081,0.0
3086082,0.0
3087083,9.823749044927887
3088084,0.0
3089085,5.386864063486348
3090086,0.0
3091087,0.0
3092088,0.0
3093089,0.0
3094090,14.238421902586772
3095091,0.0
3096092,0.0
3097093,0.0
3098094,0.0
3099095,0.0
3100096,21.46017673004818
3101097,0.0
3102098,5.277913091914218
3103099,0.0
3104100,0.0
3105101,0.0
3106102,11.49130031515988
3107103,0.0
3108104,0.0
3109105,0.0
3110106,0.0
3111107,0.0
3112108,0.0
3113109,0.0
3114110,0.0
3115111,0.0
3116112,18.60900014977601
3117113,0.0
3118114,0.0
3119115,15.365059949726097
3120116,0.0
3121117,0.0
3122118,0.0
3123119,0.0
3124120,6.334886843430074
3125121,0.0
3126122,0.0
3127123,0.0
3128124,25.660214739677034
3129125,10.694285039203516
3130126,32.366891032643025
3131127,0.0
3132128,21.415975299092555
3133129,0.0
3134130,0.0
3135131,0.0
3136132,0.0
3137133,0.0
3138134,6.427344364063346
3139135,0.0
3140136,0.0
3141137,0.0
3142138,0.0
3143139,15.85788828607083
3144140,0.0
3145141,0.0
3146142,0.0
3147143,0.0
3148144,0.0
3149145,0.0
3150146,0.0
3151147,0.0
3152148,28.48268724274741
3153149,0.0
3154150,0.0
3155151,0.0
3156152,0.0
3157153,0.0
3158154,0.0
3159155,6.278897993303047
3160156,0.0
3161157,0.0
3162158,0.0
3163159,0.0
3164160,14.294766865728175
3165161,0.0
3166162,0.0
3167163,0.0
3168164,0.0
3169165,0.0
3170166,8.771997456254265
3171167,2.7720634556333796
3172168,10.022652771298823
3173169,14.517497655587984
3174170,0.0
3175171,0.0
3176172,0.0
3177173,0.0
3178174,0.0
3179175,0.0
3180176,0.0
3181177,0.0
3182178,0.0
3183179,14.17947554889858
3184180,0.0
3185181,0.0
3186182,0.0
3187183,0.0
3188184,0.0
3189185,0.0
3190186,0.0
3191187,0.0
3192188,0.0
3193189,18.64942518528144
3194190,0.0
3195191,0.0
3196192,13.677542523865501
3197193,0.0
3198194,0.0
3199195,0.0
3200196,0.0
3201197,0.0
3202198,0.0
3203199,0.0
3204200,0.0
3205201,0.0
3206202,0.0
3207203,0.0
3208204,0.0
3209205,16.470263075418917
3210206,17.767649861882884
3211207,20.953771106439312
3212208,0.0
3213209,0.0
3214210,0.0
3215211,0.0
3216212,0.0
3217213,0.0
3218214,5.205181853129734
3219215,0.0
3220216,4.571379311875421
3221217,0.0
3222218,0.0
3223219,0.0
3224220,8.092452134060261
3225221,0.0
3226222,0.0
3227223,0.0
3228224,0.0
3229225,10.083046671345098
3230226,0.0
3231227,20.678152024080145
3232228,20.78894331267538
3233229,0.0
3234230,0.0
3235231,0.0
3236232,16.35068248664975
3237233,0.0
3238234,0.0
3239235,0.0
3240236,0.0
3241237,0.0
3242238,15.202317728009161
3243239,0.0
3244240,0.0
3245241,0.0
3246242,0.0
3247243,2.825273727272336
3248244,0.0
3249245,0.0
3250246,0.0
3251247,20.97684341907355
3252248,0.0
3253249,15.096797169281825
3254250,0.0
3255251,0.0
3256252,21.136234469913568
3257253,0.0
3258254,24.76378057348983
3259255,0.0
3260256,0.0
3261257,4.509854823118092
3262258,0.0
3263259,0.0
3264260,0.0
3265261,0.0
3266262,0.0
3267263,15.306379311202623
3268264,0.0
3269265,0.0
3270266,0.0
3271267,0.0
3272268,0.0
3273269,0.0
3274270,0.0
3275271,0.0
3276272,0.0
3277273,0.0
3278274,13.750014716318164
3279275,0.0
3280276,0.0
3281277,0.0
3282278,0.0
3283279,15.925959422504052
3284280,10.766644775691214
3285281,0.0
3286282,0.0
3287283,15.549521926736825
3288284,6.089817414073165
3289285,13.44464490501009
3290286,0.0
3291287,0.0
3292288,0.0
3293289,0.0
3294290,0.0
3295291,0.0
3296292,0.0
3297293,0.0
3298294,0.0
3299295,0.0
3300296,0.0
3301297,0.0
3302298,0.0
3303299,0.0
3304300,0.0
3305301,0.0
3306302,0.0
3307303,8.105412057145038
3308304,0.0
3309305,10.840286429856233
3310306,0.0
3311307,9.855782693906542
3312308,0.0
3313309,0.0
3314310,0.0
3315311,0.0
3316312,0.0
3317313,0.0
3318314,0.0
3319315,0.0
3320316,0.0
3321317,0.0
3322318,11.460151596562104
3323319,0.0
3324320,14.622907028397185
3325321,13.196207075142393
3326322,0.0
3327323,0.0
3328324,8.36106790803882
3329325,16.344383172284925
3330326,0.0
3331327,0.0
3332328,5.42450468171751
3333329,0.0
3334330,0.0
3335331,0.0
3336332,0.0
3337333,0.0
3338334,0.0
3339335,0.0
3340336,0.0
3341337,0.0
3342338,0.0
3343339,3.673323404316635
3344340,0.0
3345341,0.0
3346342,0.0
3347343,0.0
3348344,0.0
3349345,0.0
3350346,0.0
3351347,0.0
3352348,6.506519869177678
3353349,0.0
3354350,0.0
3355351,0.0
3356352,0.0
3357353,0.0
3358354,0.0
3359355,18.831840480058744
3360356,0.0
3361357,11.755538660922106
3362358,10.70561680919322
3363359,0.0
3364360,7.129664222237464
3365361,0.0
3366362,0.0
3367363,0.0
3368364,0.0
3369365,0.0
3370366,22.040511186635108
3371367,0.0
3372368,0.0
3373369,0.0
3374370,0.0
3375371,0.0
3376372,0.0
3377373,3.6299533193176625
3378374,2.871639427415995
3379375,5.263636912608618
3380376,18.10634800541807
3381377,13.540288315058502
3382378,0.0
3383379,7.464872425458052
3384380,0.0
3385381,0.0
3386382,0.0
3387383,6.3860044515404795
3388384,6.6214861759666155
3389385,0.0
3390386,0.0
3391387,0.0
3392388,9.665512507339216
3393389,0.0
3394390,0.0
3395391,0.0
3396392,0.0
3397393,4.665818591879801
3398394,0.0
3399395,12.837388368591188
3400396,0.0
3401397,0.0
3402398,0.0
3403399,0.0
3404400,0.0
3405401,0.0
3406402,0.0
3407403,0.0
3408404,0.0
3409405,14.371979079353935
3410406,9.078291474210058
3411407,0.0
3412408,0.0
3413409,9.15449340787569
3414410,0.0
3415411,0.0
3416412,0.0
3417413,1.7780591443718863
3418414,0.0
3419415,0.0
3420416,0.0
3421417,0.0
3422418,0.0
3423419,0.0
3424420,0.0
3425421,0.0
3426422,0.0
3427423,0.0
3428424,0.0
3429425,0.0
3430426,0.0
3431427,0.0
3432428,0.0
3433429,0.923223044324477
3434430,14.220963238767208
3435431,0.0
3436432,9.171365271936487
3437433,0.0
3438434,0.0
3439435,0.0
3440436,0.0
3441437,0.0
3442438,0.0
3443439,0.0
3444440,13.566268621552721
3445441,15.535740744337831
3446442,9.010491958876687
3447443,7.936677208008596
3448444,0.0
3449445,0.0
3450446,6.338802750118703
3451447,3.748763387882044
3452448,0.0
3453449,11.880059962547096
3454450,0.0
3455451,0.0
3456452,0.0
3457453,0.0
3458454,13.594943463225949
3459455,0.815418707071287
3460456,0.0
3461457,0.0
3462458,0.0
3463459,0.0
3464460,0.0
3465461,0.0
3466462,13.553780831807972
3467463,0.0
3468464,0.0
3469465,0.0
3470466,0.0
3471467,0.0
3472468,0.0
3473469,3.7321203288585636
3474470,0.0
3475471,0.0
3476472,16.92267125532378
3477473,0.0
3478474,0.0
3479475,0.0
3480476,0.0
3481477,0.0
3482478,0.0
3483479,0.0
3484480,0.0
3485481,12.527246400706897
3486482,0.0
3487483,0.0
3488484,0.0
3489485,0.0
3490486,0.0
3491487,13.410525921803867
3492488,16.99128116662942
3493489,0.0
3494490,0.0
3495491,0.8796840507608193
3496492,0.0
3497493,4.47463624488151
3498494,0.0
3499495,0.0
3500496,10.909074410563038
3501497,0.0
3502498,0.0
3503499,15.288340960615697
3504500,0.0
3505501,8.827497362318871
3506502,0.0
3507503,0.0
3508504,14.528934030415018
3509505,0.0
3510506,1.864178606589328
3511507,0.0
3512508,6.3684056234441355
3513509,0.0
3514510,0.0
3515511,0.0
3516512,11.779016281497341
3517513,0.0
3518514,0.0
3519515,0.0
3520516,0.0
3521517,0.0
3522518,0.0
3523519,2.7391966110600863
3524520,0.0
3525521,0.0
3526522,0.0
3527523,0.0
3528524,0.0
3529525,13.583028664335075
3530526,0.0
3531527,0.0
3532528,0.0
3533529,0.0
3534530,0.0
3535531,0.8922791174986215
3536532,4.339898466576099
3537533,0.0
3538534,0.0
3539535,0.0
3540536,13.525760086106532
3541537,0.0
3542538,0.0
3543539,15.253594904927684
3544540,0.0
3545541,0.0
3546542,0.0
3547543,0.0
3548544,0.0
3549545,0.0
3550546,0.0
3551547,0.0
3552548,0.0
3553549,0.0
3554550,0.9206608895653023
3555551,0.0
3556552,8.981199995206962
3557553,0.0
3558554,2.711567801261574
3559555,0.0
3560556,0.0
3561557,0.0
3562558,0.0
3563559,0.0
3564560,0.0
3565561,12.27247106510611
3566562,0.0
3567563,0.0
3568564,0.0
3569565,0.0
3570566,0.0
3571567,0.0
3572568,0.0
3573569,0.0
3574570,0.0
3575571,0.0
3576572,0.0
3577573,0.0
3578574,0.0
3579575,0.0
3580576,0.0
3581577,15.254963050034299
3582578,21.455121878985654
3583579,0.0
3584580,0.0
3585581,0.0
3586582,0.0
3587583,0.0
3588584,0.0
3589585,0.0
3590586,0.0
3591587,0.0
3592588,13.38010791786985
3593589,0.0
3594590,0.0
3595591,0.0
3596592,0.0
3597593,0.0
3598594,0.0
3599595,0.0
3600596,0.8730550017791551
3601597,33.48608497117859
3602598,0.0
3603599,0.0
3604600,11.58538533360312
3605601,0.0
3606602,0.0
3607603,0.0
3608604,23.627271071588858
3609605,0.0
3610606,14.317979340222866
3611607,0.0
3612608,7.954311736134219
3613609,0.0
3614610,0.0
3615611,7.287118792891236
3616612,0.0
3617613,0.0
3618614,0.0
3619615,0.0
3620616,0.0
3621617,0.0
3622618,0.0
3623619,27.313374697495878
3624620,0.0
3625621,5.356216512985783
3626622,0.0
3627623,0.0
3628624,0.0
3629625,0.0
3630626,0.0
3631627,0.0
3632628,0.0
3633629,0.0
3634630,0.0
3635631,0.0
3636632,0.0
3637633,13.328687533660883
3638634,0.0
3639635,0.0
3640636,0.0
3641637,0.0
3642638,0.0
3643639,10.954138042422905
3644640,0.0
3645641,0.0
3646642,0.0
3647643,0.0
3648644,18.825969458971745
3649645,17.31132608264694
3650646,0.0
3651647,0.0
3652648,0.0
3653649,15.22111047495103
3654650,0.0
3655651,0.0
3656652,0.0
3657653,0.0
3658654,0.0
3659655,0.0
3660656,0.0
3661657,10.726199735959238
3662658,0.0
3663659,11.556279282949905
3664660,8.071011458152544
3665661,6.458931777443953
3666662,0.0
3667663,0.0
3668664,0.0
3669665,0.0
3670666,0.0
3671667,0.0
3672668,0.8729691072010153
3673669,0.0
3674670,0.0
3675671,14.178936437903786
3676672,0.0
3677673,0.0
3678674,0.0
3679675,0.0
3680676,0.0
3681677,0.8233865074202148
3682678,0.0
3683679,15.41842864655789
3684680,0.0
3685681,0.0
3686682,0.0
3687683,0.0
3688684,21.466812449778917
3689685,0.0
3690686,0.0
3691687,0.0
3692688,16.65293399829168
3693689,0.0
3694690,0.0
3695691,0.0
3696692,0.0
3697693,0.0
3698694,11.686832091204197
3699695,7.032841645979275
3700696,18.2230862081301
3701697,0.0
3702698,0.0
3703699,0.0
3704700,5.206244005962587
3705701,0.0
3706702,4.474299797331872
3707703,0.0
3708704,0.0
3709705,0.0
3710706,0.0
3711707,20.881829246910108
3712708,0.0
3713709,5.512692576050546
3714710,0.0
3715711,0.0
3716712,0.0
3717713,0.0
3718714,0.0
3719715,10.893644327578023
3720716,0.0
3721717,0.0
3722718,0.0
3723719,0.0
3724720,0.0
3725721,4.5125349315816425
3726722,0.0
3727723,8.821320686852639
3728724,11.74587487022437
3729725,3.5809515201981488
3730726,0.0
3731727,16.306714834064422
3732728,0.0
3733729,0.0
3734730,10.282410235408
3735731,0.0
3736732,0.0
3737733,0.0
3738734,0.0
3739735,0.918619795614471
3740736,0.0
3741737,0.0
3742738,16.34924711702815
3743739,0.0
3744740,0.0
3745741,15.174538886922363
3746742,0.0
3747743,0.0
3748744,0.0
3749745,0.0
3750746,0.0
3751747,0.0
3752748,28.897840805711468
3753749,0.0
3754750,0.0
3755751,0.0
3756752,0.0
3757753,0.0
3758754,6.604043087124506
3759755,0.0
3760756,0.0
3761757,0.0
3762758,0.0
3763759,0.0
3764760,14.490734720894185
3765761,0.0
3766762,0.0
3767763,0.0
3768764,0.0
3769765,0.0
3770766,0.0
3771767,0.0
3772768,0.0
3773769,0.0
3774770,0.0
3775771,0.0
3776772,0.0
3777773,0.0
3778774,0.0
3779775,0.0
3780776,0.0
3781777,0.0
3782778,0.0
3783779,13.644475187927405
3784780,14.992000594460082
3785781,22.04065773884833
3786782,18.303904085590883
3787783,24.055662458246267
3788784,0.0
3789785,0.0
3790786,15.427958522392041
3791787,0.0
3792788,12.632903861681957
3793789,0.0
3794790,0.0
3795791,0.0
3796792,15.425618853045439
3797793,0.0
3798794,18.80719666540301
3799795,0.0
3800796,0.0
3801797,3.630014223886133
3802798,12.31740810084843
3803799,0.0
3804800,0.0
3805801,15.087028896866434
3806802,0.0
3807803,0.0
3808804,0.0
3809805,21.75941475422285
3810806,0.0
3811807,12.549445670607366
3812808,6.950789903681931
3813809,0.0
3814810,0.0
3815811,0.0
3816812,0.0
3817813,0.0
3818814,0.0
3819815,0.0
3820816,0.0
3821817,0.0
3822818,0.0
3823819,0.0
3824820,0.0
3825821,0.0
3826822,14.208980146470989
3827823,0.0
3828824,0.0
3829825,4.638353136181713
3830826,0.0
3831827,2.4766588990977825
3832828,0.0
3833829,0.0
3834830,0.0
3835831,0.0
3836832,13.386332295352116
3837833,6.930178493565741
3838834,0.0
3839835,0.0
3840836,0.0
3841837,0.0
3842838,0.0
3843839,0.0
3844840,0.0
3845841,0.0
3846842,0.0
3847843,0.0
3848844,0.0
3849845,0.0
3850846,0.0
3851847,0.0
3852848,11.94823852740018
3853849,0.0
3854850,0.0
3855851,0.0
3856852,0.0
3857853,0.0
3858854,0.0
3859855,8.925274281621094
3860856,14.628376147277635
3861857,0.0
3862858,0.0
3863859,0.0
3864860,0.0
3865861,2.7542037187515103
3866862,0.0
3867863,0.0
3868864,0.0
3869865,0.0
3870866,0.0
3871867,0.0
3872868,0.0
3873869,11.119467722092919
3874870,0.0
3875871,0.0
3876872,0.0
3877873,0.0
3878874,0.0
3879875,14.385331315226999
3880876,17.331860834132996
3881877,0.0
3882878,0.0
3883879,12.762404639939785
3884880,0.0
3885881,0.0
3886882,14.243056697755874
3887883,15.871758614171577
3888884,0.0
3889885,0.0
3890886,0.0
3891887,0.0
3892888,0.0
3893889,2.659594635410484
3894890,0.0
3895891,0.0
3896892,13.548868771239578
3897893,0.0
3898894,0.0
3899895,0.0
3900896,0.0
3901897,0.0
3902898,0.0
3903899,0.0
3904900,0.0
3905901,0.0
3906902,12.554416006043056
3907903,0.0
3908904,0.0
3909905,0.0
3910906,0.0
3911907,20.85858928582022
3912908,0.0
3913909,0.0
3914910,21.87942235787097
3915911,0.0
3916912,0.0
3917913,0.0
3918914,18.686324321227023
3919915,0.0
3920916,0.0
3921917,0.0
3922918,0.0
3923919,13.738259502435591
3924920,0.0
3925921,0.0
3926922,0.0
3927923,0.0
3928924,0.0
3929925,0.0
3930926,16.19056978937902
3931927,0.0
3932928,0.0
3933929,0.0
3934930,0.0
3935931,0.0
3936932,0.0
3937933,0.0
3938934,0.0
3939935,0.0
3940936,0.0
3941937,12.519896003156799
3942938,0.0
3943939,0.0
3944940,1.8100215665615857
3945941,0.0
3946942,0.0
3947943,0.0
3948944,14.430669840633165
3949945,0.0
3950946,14.361423433433654
3951947,17.130347590981557
3952948,0.0
3953949,0.0
3954950,0.0
3955951,0.0
3956952,0.0
3957953,0.0
3958954,0.0
3959955,13.319601800371741
3960956,0.0
3961957,0.0
3962958,0.0
3963959,0.0
3964960,0.0
3965961,0.0
3966962,0.0
3967963,15.165415398378567
3968964,19.70651169417491
3969965,8.099173449614286
3970966,0.0
3971967,0.0
3972968,0.0
3973969,0.0
3974970,0.0
3975971,0.0
3976972,0.0
3977973,0.0
3978974,14.518872383251873
3979975,0.0
3980976,0.0
3981977,12.843656173906275
3982978,0.0
3983979,0.0
3984980,0.0
3985981,20.611781513061764
3986982,17.06392443312961
3987983,0.0
3988984,0.0
3989985,3.7959201078022335
3990986,0.0
3991987,0.0
3992988,0.0
3993989,0.0
3994990,19.319287863305085
3995991,0.0
3996992,29.105351226235793
3997993,0.0
3998994,0.0
3999995,0.0
4000996,0.0
4001997,0.0
4002998,0.0
4003999,0.0
4005000,9.791688043638807
4006001,0.0
4007002,0.0
4008003,0.0
4009004,0.0
4010005,0.0
4011006,0.0
4012007,0.0
4013008,0.0
4014009,0.0
4015010,0.0
4016011,0.0
4017012,30.209170704982764
4018013,0.0
4019014,0.0
4020015,6.13706945981617
4021016,6.498104594187123
4022017,0.0
4023018,0.0
4024019,12.697980251987675
4025020,0.0
4026021,0.0
4027022,0.0
4028023,7.949110023036232
4029024,0.0
4030025,0.0
4031026,0.0
4032027,0.0
4033028,0.0
4034029,8.079812153385113
4035030,0.0
4036031,0.0
4037032,0.0
4038033,0.0
4039034,0.0
4040035,0.0
4041036,0.0
4042037,0.0
4043038,0.0
4044039,0.0
4045040,0.0
4046041,0.0
4047042,0.0
4048043,0.0
4049044,0.0
4050045,0.0
4051046,0.0
4052047,0.0
4053048,16.152110149431085
4054049,0.0
4055050,0.0
4056051,9.835912244186416
4057052,0.0
4058053,0.0
4059054,12.600149674047385
4060055,0.0
4061056,0.0
4062057,0.0
4063058,0.0
4064059,0.0
4065060,0.0
4066061,8.750862680648556
4067062,0.0
4068063,0.0
4069064,11.667983981970808
4070065,0.0
4071066,0.0
4072067,0.0
4073068,0.0
4074069,7.182620152011256
4075070,0.0
4076071,0.0
4077072,0.0
4078073,0.0
4079074,0.0
4080075,17.221185657928135
4081076,0.0
4082077,0.0
4083078,0.0
4084079,0.0
4085080,0.0
4086081,16.30627377978392
4087082,0.0
4088083,0.0
4089084,13.546681961081392
4090085,0.0
4091086,0.0
4092087,22.430338200060724
4093088,0.0
4094089,0.0
4095090,0.0
4096091,17.0817205419508
4097092,0.0
4098093,0.0
4099094,0.0
4100095,0.0
4101096,0.0
4102097,0.0
4103098,0.0
4104099,0.0
4105100,0.0
4106101,4.38826904505197
4107102,0.0
4108103,32.68018100899132
4109104,0.0
4110105,0.0
4111106,0.0
4112107,0.0
4113108,16.137567926818733
4114109,0.0
4115110,0.0
4116111,0.0
4117112,0.0
4118113,13.340033679548576
4119114,0.0
4120115,11.682100334014098
4121116,2.7149957201725954
4122117,0.0
4123118,24.231284167385947
4124119,0.0
4125120,0.0
4126121,9.551226515964245
4127122,17.80357047025561
4128123,0.0
4129124,18.360882850560557
4130125,0.0
4131126,0.0
4132127,3.6118114602227815
4133128,0.0
4134129,1.717667513552252
4135130,12.392934654482733
4136131,1.8312034671429496
4137132,2.610186865785651
4138133,0.0
4139134,0.0
4140135,0.0
4141136,0.0
4142137,10.72610977363281
4143138,21.360694365646154
4144139,7.176232669597338
4145140,0.0
4146141,0.0
4147142,15.893224611818356
4148143,7.137672158719023
4149144,0.0
4150145,0.0
4151146,0.0
4152147,0.0
4153148,0.0
4154149,0.0
4155150,0.0
4156151,0.0
4157152,0.0
4158153,0.0
4159154,0.0
4160155,0.0
4161156,0.0
4162157,0.0
4163158,0.0
4164159,0.0
4165160,0.0
4166161,0.0
4167162,0.0
4168163,14.212544527799093
4169164,0.0
4170165,0.0
4171166,0.0
4172167,0.0
4173168,0.0
4174169,0.0
4175170,0.0
4176171,0.0
4177172,0.0
4178173,0.0
4179174,4.492266157982016
4180175,0.0
4181176,0.0
4182177,0.0
4183178,0.0
4184179,0.0
4185180,0.0
4186181,0.0
4187182,0.0
4188183,8.339418841476355
4189184,0.0
4190185,0.0
4191186,9.14720185629132
4192187,0.0
4193188,0.0
4194189,0.0
4195190,0.0
4196191,0.0
4197192,0.0
4198193,0.0
4199194,0.0
4200195,0.0
4201196,0.0
4202197,0.0
4203198,16.202692110276896
4204199,0.0
4205200,0.0
4206201,0.0
4207202,14.181870602027125
4208203,0.0
4209204,0.0
4210205,0.0
4211206,0.0
4212207,0.0
4213208,0.0
4214209,0.0
4215210,15.252801860040455
4216211,12.650550641786348
4217212,0.0
4218213,12.327162309936114
4219214,0.0
4220215,0.0
4221216,0.0
4222217,0.0
4223218,0.8594465997129973
4224219,0.0
4225220,22.75200171862778
4226221,0.0
4227222,0.0
4228223,0.0
4229224,0.0
4230225,0.0
4231226,0.0
4232227,0.0
4233228,6.979879472122025
4234229,0.0
4235230,0.0
4236231,12.888584635033128
4237232,0.0
4238233,0.0
4239234,0.0
4240235,9.009241950920238
4241236,0.0
4242237,0.0
4243238,0.0
4244239,0.0
4245240,0.0
4246241,0.0
4247242,21.05242523890376
4248243,0.0
4249244,10.632097464318779
4250245,0.0
4251246,16.04118832531127
4252247,0.0
4253248,4.333293768550908
4254249,0.0
4255250,6.322628792643131
4256251,0.0
4257252,0.0
4258253,0.0
4259254,17.061598535124805
4260255,0.0
4261256,0.0
4262257,0.0
4263258,0.0
4264259,0.0
4265260,11.139689002972833
4266261,0.0
4267262,0.0
4268263,5.414002592947202
4269264,0.0
4270265,3.783064277644912
4271266,0.0
4272267,0.0
4273268,0.0
4274269,0.0
4275270,0.0
4276271,0.0
4277272,0.0
4278273,7.977243024790093
4279274,0.0
4280275,9.954410126115365
4281276,0.0
4282277,0.0
4283278,0.0
4284279,0.0
4285280,0.0
4286281,0.0
4287282,0.0
4288283,0.0
4289284,0.0
4290285,4.4580985268438065
4291286,0.0
4292287,0.0
4293288,15.967067238765283
4294289,0.0
4295290,0.0
4296291,0.0
4297292,0.0
4298293,0.0
4299294,0.0
4300295,0.0
4301296,0.0
4302297,0.0
4303298,0.0
4304299,0.0
4305300,0.0
4306301,0.0
4307302,0.0
4308303,0.0
4309304,0.0
4310305,0.0
4311306,0.0
4312307,0.0
4313308,0.0
4314309,0.0
4315310,15.24535179162536
4316311,0.0
4317312,13.390508351439156
4318313,0.0
4319314,0.0
4320315,22.33348563863347
4321316,0.0
4322317,0.0
4323318,19.7713985074433
4324319,0.0
4325320,0.0
4326321,0.0
4327322,0.0
4328323,0.0
4329324,0.0
4330325,0.0
4331326,0.0
4332327,0.0
4333328,0.0
4334329,0.0
4335330,0.0
4336331,0.0
4337332,0.0
4338333,0.0
4339334,21.3552151114857
4340335,0.0
4341336,0.0
4342337,10.253105313668337
4343338,0.0
4344339,0.0
4345340,0.0
4346341,0.0
4347342,0.0
4348343,0.0
4349344,0.0
4350345,13.487151280456885
4351346,0.0
4352347,6.938447864792483
4353348,0.0
4354349,0.0
4355350,0.0
4356351,0.0
4357352,0.0
4358353,0.0
4359354,14.183953853099846
4360355,16.6601040720882
4361356,8.825300600358322
4362357,18.125178413860795
4363358,9.71971582052782
4364359,20.573681600485173
4365360,14.666024949719645
4366361,0.0
4367362,0.0
4368363,23.069517858619033
4369364,0.0
4370365,0.0
4371366,0.0
4372367,0.0
4373368,0.0
4374369,0.0
4375370,0.0
4376371,0.0
4377372,2.713766382487582
4378373,0.0
4379374,14.135737467439856
4380375,0.0
4381376,13.341771633440898
4382377,26.699562796927644
4383378,0.0
4384379,0.0
4385380,24.063518837259327
4386381,0.0
4387382,19.022596940894196
4388383,22.61367830645811
4389384,0.0
4390385,0.0
4391386,0.0
4392387,0.0
4393388,0.0
4394389,0.0
4395390,8.165427949017637
4396391,0.0
4397392,0.0
4398393,0.0
4399394,0.0
4400395,0.0
4401396,0.0
4402397,0.0
4403398,15.267151068580098
4404399,21.204053117293427
4405400,1.7285693636258768
4406401,20.669116129890604
4407402,0.0
4408403,15.864871667328279
4409404,0.0
4410405,0.0
4411406,0.0
4412407,0.0
4413408,0.0
4414409,0.0
4415410,0.0
4416411,0.0
4417412,0.0
4418413,3.528158986606898
4419414,0.0
4420415,0.0
4421416,0.0
4422417,0.0
4423418,0.0
4424419,15.414444167866959
4425420,0.0
4426421,0.0
4427422,0.0
4428423,0.0
4429424,0.0
4430425,0.0
4431426,0.0
4432427,0.0
4433428,0.0
4434429,0.0
4435430,0.0
4436431,0.0
4437432,0.0
4438433,0.0
4439434,0.0
4440435,4.442075140196925
4441436,0.0
4442437,0.0
4443438,0.0
4444439,15.114581544925793
4445440,0.0
4446441,0.0
4447442,0.0
4448443,0.0
4449444,0.0
4450445,0.0
4451446,0.0
4452447,0.0
4453448,0.0
4454449,0.0
4455450,0.0
4456451,0.0
4457452,0.0
4458453,16.25925581476218
4459454,0.0
4460455,5.160694658946499
4461456,13.307504843390946
4462457,0.0
4463458,0.0
4464459,0.0
4465460,0.0
4466461,0.0
4467462,0.0
4468463,0.0
4469464,0.0
4470465,8.841829135947398
4471466,0.0
4472467,0.0
4473468,0.0
4474469,0.0
4475470,0.0
4476471,0.0
4477472,0.0
4478473,0.0
4479474,0.0
4480475,0.0
4481476,0.0
4482477,0.0
4483478,0.0
4484479,0.0
4485480,0.0
4486481,0.0
4487482,0.0
4488483,0.0
4489484,0.0
4490485,0.0
4491486,0.0
4492487,0.0
4493488,5.571595848576034
4494489,0.0
4495490,0.0
4496491,7.178688191768628
4497492,10.79064191345708
4498493,0.0
4499494,4.482891609497273
4500495,0.0
4501496,10.625182236596691
4502497,0.0
4503498,0.0
4504499,0.0
4505500,0.0
4506501,12.522532031554393
4507502,25.05607689059013
4508503,0.0
4509504,0.0
4510505,0.0
4511506,0.0
4512507,0.0
4513508,0.0
4514509,0.0
4515510,0.0
4516511,9.058081460308992
4517512,0.0
4518513,0.0
4519514,0.0
4520515,0.0
4521516,6.194044706849341
4522517,10.684854398690275
4523518,13.240900525653768
4524519,0.0
4525520,9.789487812989027
4526521,0.0
4527522,16.419901677972014
4528523,0.0
4529524,0.0
4530525,8.088396784871419
4531526,0.0
4532527,0.0
4533528,0.0
4534529,0.0
4535530,0.0
4536531,0.0
4537532,0.0
4538533,0.0
4539534,0.0
4540535,0.0
4541536,0.0
4542537,0.0
4543538,0.0
4544539,0.0
4545540,0.0
4546541,0.0
4547542,0.0
4548543,0.0
4549544,15.450845799317738
4550545,0.9149892951836295
4551546,0.0
4552547,0.0
4553548,13.43825469510176
4554549,0.0
4555550,0.0
4556551,0.0
4557552,0.0
4558553,0.0
4559554,28.023931655645356
4560555,0.0
4561556,0.0
4562557,3.630687008152926
4563558,0.0
4564559,0.0
4565560,0.0
4566561,0.0
4567562,0.0
4568563,0.0
4569564,0.0
4570565,0.0
4571566,0.0
4572567,7.247870002606961
4573568,0.0
4574569,0.0
4575570,11.775845862982136
4576571,0.0
4577572,0.0
4578573,19.964233766523083
4579574,18.243032460809253
4580575,10.934385616485411
4581576,0.0
4582577,0.0
4583578,0.0
4584579,0.0
4585580,0.0
4586581,0.0
4587582,13.24718420602773
4588583,0.0
4589584,0.0
4590585,0.0
4591586,0.0
4592587,0.0
4593588,0.0
4594589,0.0
4595590,0.0
4596591,0.0
4597592,0.0
4598593,0.0
4599594,0.0
4600595,0.0
4601596,0.0
4602597,3.4340575662177693
4603598,0.0
4604599,0.0
4605600,0.0
4606601,0.0
4607602,0.0
4608603,0.0
4609604,5.176260105092181
4610605,0.0
4611606,0.0
4612607,0.0
4613608,0.0
4614609,0.0
4615610,0.0
4616611,0.0
4617612,8.13994558016216
4618613,0.0
4619614,10.993364012351131
4620615,0.0
4621616,0.0
4622617,0.0
4623618,5.389334573723126
4624619,0.0
4625620,14.390478432266494
4626621,0.0
4627622,0.0
4628623,0.0
4629624,0.9018529101689777
4630625,0.0
4631626,0.0
4632627,27.870681779210887
4633628,0.0
4634629,12.36411894453595
4635630,0.0
4636631,0.0
4637632,0.0
4638633,0.0
4639634,0.0
4640635,0.0
4641636,0.0
4642637,0.0
4643638,5.173777483974779
4644639,0.0
4645640,0.0
4646641,0.0
4647642,0.0
4648643,0.0
4649644,0.0
4650645,0.0
4651646,13.145138105185142
4652647,0.0
4653648,4.530559485974405
4654649,0.0
4655650,0.0
4656651,0.0
4657652,0.0
4658653,0.0
4659654,14.46577517453427
4660655,0.0
4661656,0.0
4662657,15.16326874103588
4663658,0.0
4664659,0.0
4665660,0.0
4666661,0.0
4667662,0.0
4668663,0.0
4669664,4.419358750469179
4670665,0.0
4671666,13.476497864004529
4672667,0.0
4673668,0.0
4674669,0.0
4675670,0.0
4676671,0.0
4677672,5.461526070087363
4678673,0.0
4679674,0.0
4680675,29.40823149882531
4681676,0.0
4682677,0.0
4683678,0.0
4684679,0.0
4685680,15.237359837593257
4686681,0.0
4687682,0.0
4688683,0.0
4689684,0.0
4690685,0.0
4691686,0.0
4692687,0.0
4693688,0.0
4694689,16.5904643462412
4695690,0.0
4696691,0.0
4697692,0.0
4698693,0.0
4699694,22.96784278521631
4700695,0.0
4701696,0.0
4702697,0.0
4703698,0.0
4704699,0.0
4705700,0.0
4706701,0.0
4707702,0.0
4708703,0.0
4709704,28.431065543134284
4710705,0.0
4711706,0.0
4712707,0.0
4713708,0.0
4714709,12.521203813461025
4715710,0.0
4716711,5.156689375255364
4717712,0.0
4718713,0.0
4719714,0.0
4720715,0.0
4721716,0.0
4722717,0.0
4723718,0.0
4724719,0.0
4725720,7.25609348218188
4726721,22.134671153292654
4727722,0.0
4728723,0.0
4729724,0.0
4730725,0.0
4731726,11.325884087654503
4732727,0.0
4733728,0.0
4734729,0.0
4735730,0.0
4736731,0.0
4737732,8.88085115219334
4738733,0.0
4739734,13.73769651464008
4740735,0.0
4741736,0.0
4742737,0.0
4743738,0.0
4744739,18.674799344621352
4745740,0.0
4746741,0.0
4747742,12.431616375843758
4748743,0.0
4749744,10.83148109575894
4750745,0.0
4751746,0.0
4752747,0.0
4753748,0.0
4754749,0.0
4755750,0.0
4756751,0.0
4757752,0.0
4758753,0.0
4759754,0.0
4760755,0.0
4761756,0.0
4762757,0.0
4763758,0.0
4764759,0.0
4765760,0.0
4766761,0.0
4767762,0.0
4768763,0.0
4769764,31.1099887663662
4770765,0.0
4771766,0.0
4772767,15.205731542635418
4773768,0.0
4774769,0.0
4775770,14.411298627972268
4776771,0.0
4777772,0.0
4778773,0.0
4779774,16.154241011419966
4780775,20.80762613847988
4781776,11.130052508471502
4782777,0.0
4783778,0.0
4784779,11.566872544650884
4785780,0.0
4786781,0.0
4787782,0.0
4788783,0.0
4789784,6.3101839133382365
4790785,0.0
4791786,0.0
4792787,0.0
4793788,0.0
4794789,0.0
4795790,0.0
4796791,0.0
4797792,8.721318341216769
4798793,0.0
4799794,0.0
4800795,0.0
4801796,0.0
4802797,0.0
4803798,0.0
4804799,0.0
4805800,6.397214751535664
4806801,0.0
4807802,0.0
4808803,0.0
4809804,16.881211718700417
4810805,0.0
4811806,0.0
4812807,0.0
4813808,22.029232447481153
4814809,0.0
4815810,0.0
4816811,0.0
4817812,0.0
4818813,4.367013118517088
4819814,0.0
4820815,0.0
4821816,0.0
4822817,0.0
4823818,0.0
4824819,0.0
4825820,0.0
4826821,0.0
4827822,0.0
4828823,0.0
4829824,0.0
4830825,0.0
4831826,0.0
4832827,0.0
4833828,14.499253857350249
4834829,0.0
4835830,0.0
4836831,0.0
4837832,0.0
4838833,0.0
4839834,12.175821865663286
4840835,0.0
4841836,0.0
4842837,0.0
4843838,7.9883098243568185
4844839,0.0
4845840,0.0
4846841,13.299229851110901
4847842,12.817618822548308
4848843,0.952149327458395
4849844,0.0
4850845,0.0
4851846,0.0
4852847,0.0
4853848,0.0
4854849,19.918961639282035
4855850,5.5460094497387304
4856851,7.4284625341075134
4857852,13.277355383230672
4858853,14.352868491770115
4859854,15.117976666350588
4860855,1.6991239681803403
4861856,0.0
4862857,0.0
4863858,0.0
4864859,0.0
4865860,0.0
4866861,0.0
4867862,13.433763446543242
4868863,0.0
4869864,0.0
4870865,0.0
4871866,0.0
4872867,17.11949970867759
4873868,0.0
4874869,0.0
4875870,0.0
4876871,0.0
4877872,0.0
4878873,0.0
4879874,0.0
4880875,0.0
4881876,0.0
4882877,0.0
4883878,0.0
4884879,0.0
4885880,0.0
4886881,0.0
4887882,0.0
4888883,0.0
4889884,0.0
4890885,0.0
4891886,0.0
4892887,0.0
4893888,0.0
4894889,0.8537325411804402
4895890,1.70587812933009
4896891,0.0
4897892,6.44413966740176
4898893,7.053394990098124
4899894,12.51268489017224
4900895,17.11699845535443
4901896,0.0
4902897,0.0
4903898,0.0
4904899,0.0
4905900,0.0
4906901,0.0
4907902,0.0
4908903,0.0
4909904,0.0
4910905,0.0
4911906,15.308626436831972
4912907,0.0
4913908,0.0
4914909,0.0
4915910,0.0
4916911,0.0
4917912,10.894481557296913
4918913,0.0
4919914,0.0
4920915,0.0
4921916,6.962397165830073
4922917,0.0
4923918,22.171396869895318
4924919,0.0
4925920,14.511853517263791
4926921,1.7626764831510728
4927922,16.865698235027857
4928923,0.0
4929924,0.0
4930925,0.0
4931926,0.0
4932927,11.633243180352313
4933928,0.0
4934929,0.0
4935930,0.0
4936931,0.0
4937932,1.7622390440929485
4938933,13.171160062771584
4939934,0.0
4940935,17.041124623204823
4941936,16.08687872122101
4942937,5.360782860655571
4943938,0.0
4944939,0.0
4945940,0.0
4946941,16.28013614349891
4947942,0.0
4948943,0.0
4949944,0.0
4950945,0.0
4951946,0.0
4952947,0.0
4953948,0.0
4954949,17.190355219088357
4955950,0.0
4956951,0.0
4957952,0.0
4958953,0.0
4959954,0.0
4960955,0.0
4961956,14.276859875032372
4962957,16.7155186891742
4963958,0.0
4964959,20.2815180988288
4965960,2.823351825717517
4966961,0.0
4967962,0.0
4968963,0.0
4969964,0.0
4970965,0.0
4971966,0.0
4972967,0.0
4973968,0.0
4974969,0.0
4975970,0.0
4976971,0.0
4977972,0.0
4978973,0.0
4979974,0.0
4980975,0.0
4981976,0.0
4982977,0.0
4983978,0.0
4984979,0.0
4985980,0.0
4986981,0.0
4987982,0.0
4988983,20.33566489503297
4989984,0.0
4990985,15.749998910987395
4991986,0.0
4992987,0.0
4993988,0.0
4994989,0.0
4995990,0.0
4996991,30.09449103466172
4997992,0.0
4998993,7.91685513498653
4999994,0.0
5000995,0.0
5001996,19.81237455480241
5002997,0.0
5003998,28.130548753033324
5004999,18.813957184232713
5006000,0.0
5007001,0.0
5008002,0.0
5009003,5.563556449625114
5010004,0.0
5011005,16.864751065539483
5012006,13.992311959002699
5013007,15.046631994949134
5014008,0.0
5015009,0.0
5016010,11.455361283966733
5017011,0.0
5018012,0.0
5019013,0.0
5020014,0.0
5021015,0.0
5022016,0.0
5023017,0.0
5024018,11.44474098606449
5025019,0.0
5026020,0.0
5027021,0.0
5028022,14.343988879165083
5029023,10.501526034066309
5030024,21.327625819368002
5031025,0.0
5032026,18.151778067889953
5033027,0.0
5034028,0.0
5035029,0.0
5036030,8.270184381915463
5037031,0.0
5038032,0.0
5039033,0.0
5040034,0.0
5041035,0.0
5042036,0.0
5043037,15.390219964339938
5044038,0.0
5045039,0.0
5046040,12.208809050258601
5047041,0.0
5048042,0.0
5049043,0.0
5050044,0.0
5051045,0.0
5052046,0.0
5053047,14.258163791033855
5054048,0.0
5055049,0.0
5056050,0.0
5057051,0.0
5058052,0.0
5059053,0.0
5060054,0.0
5061055,0.0
5062056,14.071717831144763
5063057,0.0
5064058,0.0
5065059,0.0
5066060,18.6987775679986
5067061,0.0
5068062,0.0
5069063,0.0
5070064,0.0
5071065,0.0
5072066,0.0
5073067,19.315817419053204
5074068,5.342365703302604
5075069,0.0
5076070,0.0
5077071,0.0
5078072,9.909869261470858
5079073,0.0
5080074,15.472063993828423
5081075,0.0
5082076,0.0
5083077,5.3336332269776054
5084078,0.0
5085079,0.0
5086080,0.0
5087081,11.360379741064486
5088082,0.0
5089083,0.0
5090084,0.0
5091085,0.0
5092086,0.0
5093087,0.0
5094088,0.0
5095089,0.0
5096090,0.0
5097091,0.0
5098092,11.245943757660937
5099093,0.0
5100094,0.0
5101095,0.0
5102096,0.0
5103097,0.0
5104098,19.425629867958158
5105099,8.148473426899836
5106100,0.0
5107101,0.0
5108102,10.609074962461019
5109103,0.0
5110104,0.0
5111105,0.0
5112106,0.0
5113107,0.0
5114108,7.350886473479608
5115109,0.0
5116110,0.0
5117111,0.0
5118112,6.997469742620862
5119113,0.0
5120114,0.0
5121115,0.0
5122116,0.0
5123117,0.0
5124118,0.0
5125119,14.79163892694805
5126120,0.0
5127121,0.0
5128122,0.0
5129123,0.0
5130124,0.0
5131125,0.0
5132126,0.0
5133127,0.0
5134128,0.0
5135129,0.0
5136130,0.0
5137131,0.0
5138132,0.0
5139133,14.110646552751044
5140134,15.831282387875268
5141135,0.0
5142136,0.0
5143137,0.0
5144138,0.0
5145139,0.0
5146140,0.0
5147141,0.0
5148142,0.0
5149143,0.0
5150144,0.0
5151145,0.0
5152146,0.0
5153147,0.0
5154148,0.0
5155149,18.609204841610488
5156150,0.0
5157151,0.0
5158152,0.0
5159153,0.0
5160154,0.0
5161155,0.0
5162156,3.525611533855766
5163157,0.0
5164158,0.0
5165159,0.0
5166160,0.0
5167161,0.0
5168162,6.112121653206387
5169163,0.0
5170164,0.0
5171165,20.386900248990752
5172166,20.122445902199082
5173167,0.0
5174168,0.0
5175169,0.0
5176170,0.0
5177171,1.7502831793794682
5178172,13.992144590520615
5179173,0.0
5180174,0.0
5181175,0.0
5182176,12.546608433585671
5183177,0.0
5184178,0.0
5185179,0.0
5186180,0.0
5187181,0.0
5188182,0.0
5189183,0.0
5190184,0.0
5191185,0.0
5192186,0.0
5193187,14.921332184716494
5194188,38.84056941993068
5195189,0.0
5196190,0.0
5197191,0.0
5198192,0.0
5199193,0.0
5200194,0.0
5201195,0.0
5202196,0.0
5203197,0.9547840942793581
5204198,0.0
5205199,16.073792315500587
5206200,0.0
5207201,4.367130455393665
5208202,0.0
5209203,0.0
5210204,0.0
5211205,0.0
5212206,11.638941448924559
5213207,2.5639622768002033
5214208,0.0
5215209,13.424872733576718
5216210,0.0
5217211,0.0
5218212,19.09534491020488
5219213,0.0
5220214,0.0
5221215,0.0
5222216,0.0
5223217,0.0
5224218,0.0
5225219,0.0
5226220,0.0
5227221,0.0
5228222,0.0
5229223,0.0
5230224,14.173465237899173
5231225,0.0
5232226,0.0
5233227,20.564205389018397
5234228,14.123548944173683
5235229,0.0
5236230,0.0
5237231,0.0
5238232,18.021939277458735
5239233,0.0
5240234,0.0
5241235,0.0
5242236,14.104709633179825
5243237,0.0
5244238,0.0
5245239,0.0
5246240,0.0
5247241,15.07702814738551
5248242,0.0
5249243,0.0
5250244,0.0
5251245,0.0
5252246,0.0
5253247,0.0
5254248,0.0
5255249,12.25452233997751
5256250,0.0
5257251,0.0
5258252,0.0
5259253,0.0
5260254,0.0
5261255,32.99988213683789
5262256,0.0
5263257,0.0
5264258,0.0
5265259,0.0
5266260,0.0
5267261,0.0
5268262,0.0
5269263,0.0
5270264,0.0
5271265,0.0
5272266,0.0
5273267,0.0
5274268,19.78723479881898
5275269,0.0
5276270,12.335630740128675
5277271,0.0
5278272,14.783916955046971
5279273,0.0
5280274,0.0
5281275,22.839507753832034
5282276,0.0
5283277,0.0
5284278,0.0
5285279,0.0
5286280,3.4083918490390124
5287281,0.0
5288282,24.540617689174823
5289283,0.0
5290284,0.0
5291285,17.92723288816969
5292286,0.0
5293287,11.45960170371229
5294288,0.0
5295289,0.0
5296290,14.906452541656835
5297291,0.0
5298292,20.460174204960584
5299293,0.0
5300294,0.0
5301295,0.0
5302296,0.0
5303297,0.0
5304298,0.0
5305299,6.141398874146164
5306300,0.0
5307301,0.0
5308302,0.0
5309303,0.0
5310304,0.0
5311305,6.241314490199699
5312306,0.0
5313307,0.0
5314308,0.0
5315309,20.317596270207947
5316310,0.0
5317311,0.0
5318312,0.0
5319313,0.0
5320314,0.0
5321315,0.0
5322316,0.0
5323317,5.349458455354088
5324318,0.0
5325319,0.0
5326320,0.0
5327321,0.0
5328322,12.303345789510312
5329323,0.0
5330324,0.0
5331325,0.0
5332326,0.0
5333327,0.0
5334328,10.009872731487473
5335329,0.0
5336330,6.177137180973005
5337331,0.0
5338332,0.0
5339333,18.6411507059013
5340334,0.0
5341335,0.0
5342336,0.0
5343337,0.0
5344338,21.059678717216528
5345339,0.0
5346340,0.0
5347341,0.0
5348342,12.435195265666314
5349343,10.447150627147483
5350344,0.0
5351345,19.074054450841484
5352346,20.981712715704212
5353347,0.0
5354348,15.145458170752805
5355349,0.0
5356350,0.0
5357351,15.868207478415442
5358352,5.5698241951344345
5359353,0.0
5360354,16.7488735916331
5361355,14.102981988700298
5362356,13.34837359630972
5363357,0.0
5364358,0.0
5365359,0.0
5366360,0.0
5367361,0.0
5368362,15.070028890466949
5369363,0.0
5370364,0.0
5371365,0.0
5372366,0.0
5373367,0.0
5374368,0.0
5375369,0.0
5376370,0.0
5377371,0.0
5378372,0.0
5379373,0.0
5380374,0.0
5381375,14.194412641906258
5382376,0.0
5383377,14.054631999853433
5384378,14.329334603463492
5385379,0.0
5386380,7.061291545372665
5387381,13.308669259446416
5388382,0.0
5389383,0.0
5390384,1.7571853357950156
5391385,0.0
5392386,0.0
5393387,0.0
5394388,0.0
5395389,0.0
5396390,0.0
5397391,0.0
5398392,0.0
5399393,0.0
5400394,0.0
5401395,0.0
5402396,0.0
5403397,0.0
5404398,2.6935142793176694
5405399,0.0
5406400,0.0
5407401,0.0
5408402,0.0
5409403,15.995136489781686
5410404,0.0
5411405,0.0
5412406,0.0
5413407,0.0
5414408,0.0
5415409,4.481024776826627
5416410,0.0
5417411,0.0
5418412,0.0
5419413,0.0
5420414,0.0
5421415,0.0
5422416,0.0
5423417,0.0
5424418,0.0
5425419,6.298472520541108
5426420,0.0
5427421,20.118933552220703
5428422,0.0
5429423,20.22171550380764
5430424,0.0
5431425,17.325732079906253
5432426,0.0
5433427,0.0
5434428,9.573981709860563
5435429,0.0
5436430,0.0
5437431,0.0
5438432,0.0
5439433,0.0
5440434,0.0
5441435,4.413060655277044
5442436,0.0
5443437,20.812110404071102
5444438,0.0
5445439,0.0
5446440,0.0
5447441,0.0
5448442,0.0
5449443,0.0
5450444,0.0
5451445,0.0
5452446,0.0
5453447,0.0
5454448,0.0
5455449,0.0
5456450,0.0
5457451,0.0
5458452,0.0
5459453,0.0
5460454,0.0
5461455,0.0
5462456,0.0
5463457,0.0
5464458,0.0
5465459,0.0
5466460,0.0
5467461,0.0
5468462,0.0
5469463,0.0
5470464,18.671093643213865
5471465,0.0
5472466,0.0
5473467,0.0
5474468,13.261081293175055
5475469,0.0
5476470,0.0
5477471,0.0
5478472,0.0
5479473,0.0
5480474,0.0
5481475,0.0
5482476,0.0
5483477,0.0
5484478,18.285065772249084
5485479,4.351991133093887
5486480,0.0
5487481,0.0
5488482,14.862837919154696
5489483,0.0
5490484,0.0
5491485,0.0
5492486,0.0
5493487,13.380125483918983
5494488,0.0
5495489,0.0
5496490,0.0
5497491,0.0
5498492,0.0
5499493,0.0
5500494,0.0
5501495,5.213091257841268
5502496,0.0
5503497,16.120409057835854
5504498,0.0
5505499,0.0
5506500,0.0
5507501,0.0
5508502,0.0
5509503,14.783938773133
5510504,0.0
5511505,0.0
5512506,0.0
5513507,0.0
5514508,0.0
5515509,0.0
5516510,9.661051634135195
5517511,0.0
5518512,0.0
5519513,0.0
5520514,0.0
5521515,0.0
5522516,0.0
5523517,0.0
5524518,0.0
5525519,24.392371770357336
5526520,0.0
5527521,0.0
5528522,0.0
5529523,0.0
5530524,0.0
5531525,0.0
5532526,0.0
5533527,6.955746542583548
5534528,0.0
5535529,0.0
5536530,5.111199463785047
5537531,0.0
5538532,0.0
5539533,0.0
5540534,0.0
5541535,0.0
5542536,0.0
5543537,0.0
5544538,0.0
5545539,0.0
5546540,18.992936841560784
5547541,16.64105736441111
5548542,0.0
5549543,0.0
5550544,6.040992755100635
5551545,0.0
5552546,0.0
5553547,14.115331025970198
5554548,0.0
5555549,0.0
5556550,0.0
5557551,0.0
5558552,10.373861161502909
5559553,0.0
5560554,11.737561019875665
5561555,4.256406209859754
5562556,0.0
5563557,5.271506801960553
5564558,0.0
5565559,0.0
5566560,0.0
5567561,0.0
5568562,19.816331861523764
5569563,0.0
5570564,0.0
5571565,0.0
5572566,0.0
5573567,11.513477937273542
5574568,0.0
5575569,6.847500351523627
5576570,3.6421859865615094
5577571,0.0
5578572,0.0
5579573,0.0
5580574,0.0
5581575,8.743503825570684
5582576,0.0
5583577,0.0
5584578,0.0
5585579,0.0
5586580,0.0
5587581,0.0
5588582,0.0
5589583,0.0
5590584,0.0
5591585,0.0
5592586,8.753904218914919
5593587,0.0
5594588,0.0
5595589,0.0
5596590,0.0
5597591,0.0
5598592,0.0
5599593,0.0
5600594,12.209927186311532
5601595,0.0
5602596,14.159807223875815
5603597,16.150226892782516
5604598,0.0
5605599,0.0
5606600,0.0
5607601,23.417276606974944
5608602,10.882274774907646
5609603,0.0
5610604,0.0
5611605,0.0
5612606,0.0
5613607,0.0
5614608,0.0
5615609,0.0
5616610,0.0
5617611,0.0
5618612,0.0
5619613,0.0
5620614,10.654170335566144
5621615,0.0
5622616,0.0
5623617,0.0
5624618,0.0
5625619,0.0
5626620,0.0
5627621,13.179482222607588
5628622,0.0
5629623,20.621863544047287
5630624,14.249204599104848
5631625,0.0
5632626,0.0
5633627,0.0
5634628,0.0
5635629,0.0
5636630,0.0
5637631,0.0
5638632,0.0
5639633,0.0
5640634,0.0
5641635,0.0
5642636,22.12448600935334
5643637,12.336759343657345
5644638,0.0
5645639,0.0
5646640,0.0
5647641,0.0
5648642,0.0
5649643,0.0
5650644,4.227793318048229
5651645,14.238184862696308
5652646,0.0
5653647,0.0
5654648,0.0
5655649,0.0
5656650,0.0
5657651,0.0
5658652,0.0
5659653,0.0
5660654,0.0
5661655,0.0
5662656,0.0
5663657,0.0
5664658,16.25413971793678
5665659,0.0
5666660,7.893060241211374
5667661,0.0
5668662,0.0
5669663,0.0
5670664,0.0
5671665,0.0
5672666,0.0
5673667,15.101430487601943
5674668,0.0
5675669,0.0
5676670,0.0
5677671,0.0
5678672,0.0
5679673,12.210387771752291
5680674,0.0
5681675,20.677480549748466
5682676,0.0
5683677,0.0
5684678,0.0
5685679,0.0
5686680,0.0
5687681,0.0
5688682,0.0
5689683,0.0
5690684,0.0
5691685,0.0
5692686,0.0
5693687,0.0
5694688,0.0
5695689,26.330270127790545
5696690,0.0
5697691,0.0
5698692,0.0
5699693,0.0
5700694,21.448232859787534
5701695,0.0
5702696,0.0
5703697,0.0
5704698,0.0
5705699,11.464257172193744
5706700,0.0
5707701,0.0
5708702,42.7913269723507
5709703,0.0
5710704,0.0
5711705,0.0
5712706,0.0
5713707,14.379378274640278
5714708,13.064755766397909
5715709,0.0
5716710,0.0
5717711,0.0
5718712,0.0
5719713,0.0
5720714,6.024951601925823
5721715,0.0
5722716,0.0
5723717,13.271850555953135
5724718,0.0
5725719,0.0
5726720,0.0
5727721,0.0
5728722,10.710378361896773
5729723,0.0
5730724,22.38649788390267
5731725,0.0
5732726,1.6967790177167996
5733727,0.0
5734728,0.0
5735729,15.129728125574028
5736730,11.598430953463843
5737731,0.0
5738732,0.0
5739733,0.0
5740734,0.0
5741735,0.0
5742736,12.975027908232992
5743737,0.0
5744738,0.0
5745739,0.0
5746740,0.0
5747741,21.148435657493863
5748742,0.0
5749743,0.0
5750744,0.0
5751745,0.0
5752746,0.0
5753747,0.0
5754748,0.0
5755749,0.0
5756750,16.02013523796163
5757751,15.952300650586965
5758752,0.0
5759753,0.0
5760754,0.0
5761755,0.0
5762756,0.0
5763757,0.0
5764758,3.556881091853376
5765759,0.0
5766760,17.02039077133906
5767761,30.0365315878743
5768762,0.0
5769763,0.0
5770764,0.0
5771765,0.0
5772766,0.0
5773767,0.0
5774768,0.0
5775769,0.0
5776770,4.263538980239175
5777771,5.425933795967192
5778772,0.0
5779773,0.0
5780774,0.0
5781775,15.990201106321095
5782776,32.909050299364935
5783777,0.0
5784778,13.355059745305859
5785779,14.099877408372372
5786780,0.0
5787781,0.0
5788782,0.0
5789783,0.0
5790784,12.217514260386144
5791785,0.0
5792786,0.0
5793787,14.055245047194026
5794788,0.0
5795789,0.0
5796790,15.414060622578704
5797791,0.0
5798792,0.0
5799793,11.641546961198605
5800794,0.0
5801795,0.0
5802796,0.0
5803797,0.0
5804798,0.0
5805799,11.541452812668293
5806800,0.0
5807801,6.28591964797691
5808802,0.0
5809803,0.0
5810804,0.0
5811805,0.0
5812806,6.11560498337634
5813807,0.0
5814808,0.0
5815809,0.0
5816810,0.0
5817811,0.0
5818812,0.0
5819813,27.408656030574694
5820814,0.0
5821815,0.0
5822816,14.094871386470675
5823817,0.0
5824818,0.0
5825819,0.0
5826820,0.0
5827821,25.103065931798817
5828822,0.0
5829823,0.0
5830824,0.0
5831825,0.0
5832826,0.0
5833827,2.5924165850265117
5834828,0.0
5835829,0.0
5836830,0.0
5837831,20.44960429176178
5838832,0.0
5839833,0.0
5840834,0.0
5841835,0.0
5842836,0.0
5843837,0.0
5844838,10.771035455216948
5845839,0.0
5846840,0.0
5847841,14.164922610037912
5848842,8.010668770465012
5849843,0.0
5850844,0.0
5851845,0.0
5852846,0.0
5853847,0.0
5854848,20.300328211617295
5855849,0.0
5856850,0.0
5857851,0.0
5858852,0.0
5859853,0.0
5860854,0.0
5861855,0.0
5862856,0.0
5863857,12.318483713670398
5864858,0.0
5865859,0.0
5866860,0.0
5867861,16.173746988369423
5868862,13.2674774621599
5869863,0.0
5870864,2.5166787464028544
5871865,0.0
5872866,11.284362059643364
5873867,0.0
5874868,0.0
5875869,0.0
5876870,0.0
5877871,0.0
5878872,0.0
5879873,0.0
5880874,0.0
5881875,0.0
5882876,0.0
5883877,16.961051177366627
5884878,0.0
5885879,0.0
5886880,0.0
5887881,28.32261078941249
5888882,0.0
5889883,18.648222957216127
5890884,6.9534841149973445
5891885,0.0
5892886,0.0
5893887,0.0
5894888,0.0
5895889,13.38506350207593
5896890,0.0
5897891,12.044370369831297
5898892,14.10557727577718
5899893,0.0
5900894,0.0
5901895,0.0
5902896,0.0
5903897,0.0
5904898,0.0
5905899,0.0
5906900,0.0
5907901,13.133666916989933
5908902,0.0
5909903,0.0
5910904,3.55367000570616
5911905,16.517285468049156
5912906,13.19743776686663
5913907,0.0
5914908,0.0
5915909,0.0
5916910,0.0
5917911,0.0
5918912,0.0
5919913,0.0
5920914,13.282361517504214
5921915,9.882911097888154
5922916,0.0
5923917,0.0
5924918,0.0
5925919,0.0
5926920,0.0
5927921,0.0
5928922,16.42725690681504
5929923,0.0
5930924,0.0
5931925,8.879123999661434
5932926,0.0
5933927,0.0
5934928,0.0
5935929,0.0
5936930,0.0
5937931,0.0
5938932,0.0
5939933,0.0
5940934,0.0
5941935,0.0
5942936,0.0
5943937,0.0
5944938,0.0
5945939,7.135024561310129
5946940,0.0
5947941,0.0
5948942,0.0
5949943,0.0
5950944,0.0
5951945,0.0
5952946,0.0
5953947,15.864726813752052
5954948,0.0
5955949,0.0
5956950,0.0
5957951,0.0
5958952,0.0
5959953,0.0
5960954,0.0
5961955,0.0
5962956,0.0
5963957,10.51033310406389
5964958,0.0
5965959,0.0
5966960,0.0
5967961,0.0
5968962,17.548648661395724
5969963,14.131045490001892
5970964,0.0
5971965,0.0
5972966,0.0
5973967,0.0
5974968,12.362207872149861
5975969,0.0
5976970,0.0
5977971,0.0
5978972,0.0
5979973,0.0
5980974,14.088276048927648
5981975,0.0
5982976,0.0
5983977,0.0
5984978,0.0
5985979,0.0
5986980,14.374360452105174
5987981,0.0
5988982,0.0
5989983,0.0
5990984,18.737354334655617
5991985,0.0
5992986,37.830768419343634
5993987,19.47495874866428
5994988,0.0
5995989,0.0
5996990,0.0
5997991,10.534885067994141
5998992,0.0
5999993,0.0
6000994,0.0
6001995,0.0
6002996,0.0
6003997,0.0
6004998,0.0
6005999,0.0
6007000,0.0
6008001,0.0
6009002,18.422035259331437
6010003,0.0
6011004,0.0
6012005,16.7341775361875
6013006,2.644872760762742
6014007,0.0
6015008,0.0
6016009,10.721628040385035
6017010,9.759446954490873
6018011,0.0
6019012,13.333548445739737
6020013,0.0
6021014,0.0
6022015,0.0
6023016,0.0
6024017,0.0
6025018,0.0
6026019,0.0
6027020,0.0
6028021,0.0
6029022,0.0
6030023,0.0
6031024,0.0
6032025,0.0
6033026,0.0
6034027,12.262800162972544
6035028,0.0
6036029,0.0
6037030,0.0
6038031,0.0
6039032,0.0
6040033,0.0
6041034,0.0
6042035,0.0
6043036,0.0
6044037,0.0
6045038,0.0
6046039,0.0
6047040,0.0
6048041,0.0
6049042,0.0
6050043,0.0
6051044,0.0
6052045,8.851918956906244
6053046,0.0
6054047,0.0
6055048,0.0
6056049,0.0
6057050,14.918245212171128
6058051,11.398686100436489
6059052,0.0
6060053,0.0
6061054,0.0
6062055,0.0
6063056,0.0
6064057,0.0
6065058,0.0
6066059,0.0
6067060,0.0
6068061,16.76389298637752
6069062,0.0
6070063,0.0
6071064,0.0
6072065,0.0
6073066,0.0
6074067,0.0
6075068,21.667076991042425
6076069,0.0
6077070,0.0
6078071,0.0
6079072,0.0
6080073,0.0
6081074,0.0
6082075,0.0
6083076,0.0
6084077,0.0
6085078,0.0
6086079,0.0
6087080,0.0
6088081,0.0
6089082,0.0
6090083,0.0
6091084,0.0
6092085,0.0
6093086,0.0
6094087,0.0
6095088,0.0
6096089,0.0
6097090,2.7086527529706173
6098091,0.0
6099092,0.0
6100093,0.0
6101094,0.0
6102095,0.0
6103096,0.0
6104097,18.592450549286504
6105098,0.0
6106099,0.0
6107100,0.0
6108101,0.0
6109102,0.0
6110103,12.36465119797876
6111104,0.0
6112105,0.0
6113106,0.0
6114107,0.0
6115108,0.0
6116109,0.0
6117110,19.90114479718701
6118111,24.769509834788686
6119112,0.0
6120113,0.0
6121114,0.0
6122115,0.0
6123116,19.0137978491458
6124117,20.04868575580869
6125118,0.0
6126119,26.6099746937791
6127120,35.203565598060855
6128121,4.515799376745811
6129122,0.0
6130123,0.0
6131124,30.178135524136152
6132125,9.630367715303652
6133126,1.7272210996984647
6134127,0.0
6135128,0.0
6136129,0.0
6137130,0.0
6138131,0.0
6139132,0.0
6140133,0.0
6141134,0.0
6142135,13.25988349087602
6143136,0.0
6144137,0.0
6145138,0.0
6146139,0.0
6147140,0.0
6148141,0.0
6149142,0.0
6150143,0.0
6151144,13.09565675469433
6152145,0.0
6153146,0.0
6154147,10.609489144016864
6155148,0.0
6156149,0.0
6157150,0.0
6158151,0.0
6159152,0.0
6160153,0.0
6161154,0.0
6162155,29.146779603326635
6163156,0.0
6164157,0.0
6165158,0.0
6166159,0.0
6167160,0.0
6168161,0.0
6169162,0.0
6170163,0.0
6171164,0.0
6172165,17.575842818657573
6173166,0.0
6174167,13.248038970416646
6175168,10.571142544917898
6176169,0.0
6177170,14.077480001355216
6178171,0.0
6179172,0.0
6180173,0.0
6181174,20.13288667339661
6182175,0.0
6183176,16.10285664102648
6184177,7.123722416635256
6185178,10.532793284408541
6186179,0.0
6187180,0.0
6188181,0.0
6189182,0.0
6190183,0.0
6191184,11.921760406576992
6192185,0.0
6193186,14.2104723144752
6194187,19.419737101342157
6195188,0.0
6196189,0.0
6197190,12.24654464682224
6198191,0.0
6199192,0.0
6200193,0.0
6201194,9.576621782231335
6202195,0.0
6203196,0.0
6204197,0.0
6205198,0.0
6206199,0.0
6207200,0.0
6208201,0.0
6209202,0.0
6210203,12.341854298651919
6211204,0.0
6212205,0.0
6213206,0.0
6214207,0.0
6215208,0.0
6216209,2.5629082626835076
6217210,0.0
6218211,0.0
6219212,0.0
6220213,0.0
6221214,0.0
6222215,0.0
6223216,0.0
6224217,0.0
6225218,0.0
6226219,0.0
6227220,0.0
6228221,0.0
6229222,0.0
6230223,0.0
6231224,0.0
6232225,0.0
6233226,0.0
6234227,0.0
6235228,0.0
6236229,0.0
6237230,15.028039627643702
6238231,0.0
6239232,0.0
6240233,13.125250369684906
6241234,0.0
6242235,0.0
6243236,0.0
6244237,34.00207074151923
6245238,0.0
6246239,0.0
6247240,0.0
6248241,0.0
6249242,12.364116094108308
6250243,0.0
6251244,0.0
6252245,0.0
6253246,1.8113457159589275
6254247,0.0
6255248,0.0
6256249,0.0
6257250,0.0
6258251,0.0
6259252,0.0
6260253,0.0
6261254,12.327484816101679
6262255,0.0
6263256,0.0
6264257,0.0
6265258,0.0
6266259,0.0
6267260,0.0
6268261,0.0
6269262,0.0
6270263,0.0
6271264,0.0
6272265,0.0
6273266,0.0
6274267,0.0
6275268,0.0
6276269,0.0
6277270,0.0
6278271,0.0
6279272,0.0
6280273,0.0
6281274,0.0
6282275,0.0
6283276,0.0
6284277,0.0
6285278,11.516952550710274
6286279,0.0
6287280,31.54222874727977
6288281,17.276087792803345
6289282,0.0
6290283,18.653301523528466
6291284,0.0
6292285,0.0
6293286,0.0
6294287,0.0
6295288,0.0
6296289,0.0
6297290,0.0
