timestep,episodic_return
1000,151.0
2001,0.0
3002,0.0
4003,6.0
5004,203.0
6005,31.0
7006,202.0
8007,0.0
9008,0.0
10009,0.0
11010,45.0
12011,108.0
13012,0.0
14013,14.0
15014,57.0
16015,8.0
17016,307.0
18017,1.0
19018,0.0
20019,0.0
21020,139.0
22021,559.0
23022,0.0
24023,16.0
25024,23.0
26025,36.0
27026,0.0
28027,3.0
29028,116.0
30029,22.0
31030,0.0
32031,29.0
33032,348.0
34033,109.0
35034,336.0
36035,60.0
37036,599.0
38037,0.0
39038,366.0
40039,20.0
41040,27.0
42041,0.0
43042,172.0
44043,182.0
45044,7.0
46045,9.0
47046,0.0
48047,760.0
49048,819.0
50049,231.0
51050,0.0
52051,774.0
53052,407.0
54053,230.0
55054,0.0
56055,0.0
57056,403.0
58057,177.0
59058,200.0
60059,0.0
61060,79.0
62061,39.0
63062,346.0
64063,100.0
65064,4.0
66065,0.0
67066,582.0
68067,560.0
69068,2.0
70069,20.0
71070,0.0
72071,296.0
73072,3.0
74073,0.0
75074,845.0
76075,0.0
77076,52.0
78077,900.0
79078,509.0
80079,0.0
81080,747.0
82081,362.0
83082,884.0
84083,338.0
85084,0.0
86085,858.0
87086,207.0
88087,0.0
89088,14.0
90089,851.0
91090,623.0
92091,551.0
93092,792.0
94093,0.0
95094,945.0
96095,211.0
97096,846.0
98097,324.0
99098,916.0
100099,901.0
101100,1000.0
102101,904.0
103102,730.0
104103,952.0
105104,52.0
106105,0.0
107106,62.0
108107,26.0
109108,925.0
110109,47.0
111110,0.0
112111,951.0
113112,888.0
114113,824.0
115114,723.0
116115,814.0
117116,0.0
118117,792.0
119118,959.0
120119,120.0
121120,890.0
122121,0.0
123122,179.0
124123,397.0
125124,331.0
126125,906.0
127126,722.0
128127,0.0
129128,0.0
130129,852.0
131130,5.0
132131,0.0
133132,570.0
134133,909.0
135134,62.0
136135,903.0
137136,944.0
138137,0.0
139138,950.0
140139,845.0
141140,654.0
142141,525.0
143142,0.0
144143,743.0
145144,0.0
146145,56.0
147146,676.0
148147,830.0
149148,0.0
150149,0.0
151150,0.0
152151,777.0
153152,0.0
154153,672.0
155154,27.0
156155,0.0
157156,465.0
158157,187.0
159158,16.0
160159,11.0
161160,913.0
162161,847.0
163162,643.0
164163,218.0
165164,447.0
166165,0.0
167166,111.0
168167,57.0
169168,954.0
170169,0.0
171170,0.0
172171,0.0
173172,0.0
174173,161.0
175174,0.0
176175,865.0
177176,908.0
178177,704.0
179178,187.0
180179,698.0
181180,987.0
182181,748.0
183182,706.0
184183,235.0
185184,0.0
186185,289.0
187186,1000.0
188187,954.0
189188,488.0
190189,945.0
191190,0.0
192191,0.0
193192,0.0
194193,0.0
195194,948.0
196195,942.0
197196,961.0
198197,675.0
199198,941.0
200199,0.0
201200,134.0
202201,916.0
203202,889.0
204203,758.0
205204,865.0
206205,23.0
207206,0.0
208207,0.0
209208,842.0
210209,835.0
211210,907.0
212211,733.0
213212,19.0
214213,219.0
215214,632.0
216215,885.0
217216,625.0
218217,0.0
219218,850.0
220219,0.0
221220,0.0
222221,0.0
223222,972.0
224223,912.0
225224,860.0
226225,924.0
227226,0.0
228227,862.0
229228,716.0
230229,881.0
231230,649.0
232231,0.0
233232,640.0
234233,0.0
235234,964.0
236235,967.0
237236,698.0
238237,954.0
239238,852.0
240239,864.0
241240,8.0
242241,938.0
243242,242.0
244243,1.0
245244,938.0
246245,716.0
247246,866.0
248247,914.0
249248,879.0
250249,936.0
251250,819.0
252251,889.0
253252,972.0
254253,0.0
255254,931.0
256255,892.0
257256,887.0
258257,958.0
259258,258.0
260259,943.0
261260,882.0
262261,946.0
263262,458.0
264263,32.0
265264,956.0
266265,386.0
267266,453.0
268267,3.0
269268,802.0
270269,977.0
271270,942.0
272271,0.0
273272,973.0
274273,893.0
275274,933.0
276275,834.0
277276,0.0
278277,94.0
279278,0.0
280279,665.0
281280,945.0
282281,919.0
283282,920.0
284283,883.0
285284,709.0
286285,950.0
287286,949.0
288287,20.0
289288,0.0
290289,962.0
291290,584.0
292291,720.0
293292,0.0
294293,945.0
295294,929.0
296295,793.0
297296,916.0
298297,972.0
299298,342.0
300299,1000.0
301300,916.0
302301,0.0
303302,807.0
304303,981.0
305304,748.0
306305,0.0
307306,933.0
308307,155.0
309308,864.0
310309,578.0
311310,31.0
312311,911.0
313312,9.0
314313,901.0
315314,55.0
316315,824.0
317316,911.0
318317,944.0
319318,764.0
320319,781.0
321320,847.0
322321,64.0
323322,985.0
324323,489.0
325324,947.0
326325,30.0
327326,949.0
328327,849.0
329328,0.0
330329,329.0
331330,497.0
332331,4.0
333332,916.0
334333,0.0
335334,834.0
336335,832.0
337336,803.0
338337,882.0
339338,971.0
340339,585.0
341340,66.0
342341,54.0
343342,880.0
344343,748.0
345344,700.0
346345,899.0
347346,0.0
348347,888.0
349348,976.0
350349,986.0
351350,898.0
352351,0.0
353352,906.0
354353,586.0
355354,886.0
356355,766.0
357356,27.0
358357,0.0
359358,423.0
360359,0.0
361360,635.0
362361,1.0
363362,0.0
364363,162.0
365364,0.0
366365,942.0
367366,896.0
368367,900.0
369368,0.0
370369,55.0
371370,764.0
372371,807.0
373372,646.0
374373,505.0
375374,659.0
376375,946.0
377376,0.0
378377,947.0
379378,277.0
380379,819.0
381380,4.0
382381,442.0
383382,362.0
384383,920.0
385384,556.0
386385,2.0
387386,818.0
388387,52.0
389388,883.0
390389,967.0
391390,840.0
392391,981.0
393392,900.0
394393,665.0
395394,48.0
396395,814.0
397396,0.0
398397,865.0
399398,855.0
400399,939.0
401400,700.0
402401,915.0
403402,972.0
404403,276.0
405404,925.0
406405,0.0
407406,889.0
408407,940.0
409408,907.0
410409,893.0
411410,677.0
412411,586.0
413412,0.0
414413,0.0
415414,923.0
416415,876.0
417416,615.0
418417,871.0
419418,182.0
420419,715.0
421420,953.0
422421,529.0
423422,0.0
424423,122.0
425424,499.0
426425,954.0
427426,932.0
428427,673.0
429428,12.0
430429,0.0
431430,903.0
432431,939.0
433432,902.0
434433,0.0
435434,0.0
436435,586.0
437436,965.0
438437,0.0
439438,905.0
440439,778.0
441440,936.0
442441,985.0
443442,225.0
444443,875.0
445444,899.0
446445,159.0
447446,954.0
448447,302.0
449448,0.0
450449,913.0
451450,947.0
452451,905.0
453452,681.0
454453,0.0
455454,972.0
456455,0.0
457456,976.0
458457,947.0
459458,887.0
460459,117.0
461460,188.0
462461,717.0
463462,707.0
464463,0.0
465464,562.0
466465,975.0
467466,931.0
468467,48.0
469468,650.0
470469,0.0
471470,873.0
472471,613.0
473472,923.0
474473,0.0
475474,946.0
476475,39.0
477476,912.0
478477,624.0
479478,947.0
480479,44.0
481480,930.0
482481,350.0
483482,983.0
484483,0.0
485484,923.0
486485,964.0
487486,808.0
488487,728.0
489488,909.0
490489,0.0
491490,856.0
492491,651.0
493492,0.0
494493,471.0
495494,637.0
496495,928.0
497496,873.0
498497,57.0
499498,991.0
500499,920.0
501500,935.0
502501,909.0
503502,798.0
504503,955.0
505504,966.0
506505,933.0
507506,139.0
508507,874.0
509508,976.0
510509,932.0
511510,987.0
512511,848.0
513512,912.0
514513,929.0
515514,950.0
516515,848.0
517516,862.0
518517,22.0
519518,237.0
520519,912.0
521520,483.0
522521,897.0
523522,877.0
524523,856.0
525524,827.0
526525,0.0
527526,582.0
528527,957.0
529528,942.0
530529,891.0
531530,999.0
532531,939.0
533532,935.0
534533,0.0
535534,935.0
536535,708.0
537536,986.0
538537,993.0
539538,772.0
540539,0.0
541540,0.0
542541,770.0
543542,952.0
544543,124.0
545544,988.0
546545,944.0
547546,4.0
548547,971.0
549548,955.0
550549,942.0
551550,944.0
552551,865.0
553552,911.0
554553,0.0
555554,0.0
556555,332.0
557556,988.0
558557,876.0
559558,0.0
560559,0.0
561560,895.0
562561,0.0
563562,0.0
564563,842.0
565564,951.0
566565,911.0
567566,966.0
568567,962.0
569568,0.0
570569,0.0
571570,733.0
572571,896.0
573572,976.0
574573,0.0
575574,945.0
576575,102.0
577576,999.0
578577,951.0
579578,650.0
580579,934.0
581580,26.0
582581,979.0
583582,902.0
584583,697.0
585584,887.0
586585,811.0
587586,0.0
588587,0.0
589588,836.0
590589,839.0
591590,0.0
592591,938.0
593592,940.0
594593,880.0
595594,93.0
596595,912.0
597596,950.0
598597,945.0
599598,936.0
600599,812.0
601600,964.0
602601,0.0
603602,926.0
604603,976.0
605604,34.0
606605,950.0
607606,937.0
608607,906.0
609608,938.0
610609,47.0
611610,782.0
612611,634.0
613612,984.0
614613,920.0
615614,0.0
616615,970.0
617616,940.0
618617,942.0
619618,979.0
620619,927.0
621620,935.0
622621,942.0
623622,291.0
624623,650.0
625624,869.0
626625,827.0
627626,965.0
628627,521.0
629628,0.0
630629,958.0
631630,775.0
632631,903.0
633632,77.0
634633,938.0
635634,0.0
636635,928.0
637636,896.0
638637,538.0
639638,11.0
640639,234.0
641640,0.0
642641,884.0
643642,685.0
644643,850.0
645644,965.0
646645,879.0
647646,655.0
648647,988.0
649648,916.0
650649,164.0
651650,789.0
652651,771.0
653652,969.0
654653,991.0
655654,872.0
656655,848.0
657656,919.0
658657,954.0
659658,954.0
660659,986.0
661660,726.0
662661,882.0
663662,893.0
664663,97.0
665664,140.0
666665,991.0
667666,0.0
668667,916.0
669668,586.0
670669,909.0
671670,71.0
672671,939.0
673672,949.0
674673,707.0
675674,842.0
676675,937.0
677676,909.0
678677,728.0
679678,821.0
680679,949.0
681680,918.0
682681,0.0
683682,969.0
684683,952.0
685684,950.0
686685,950.0
687686,938.0
688687,831.0
689688,103.0
690689,0.0
691690,934.0
692691,745.0
693692,965.0
694693,966.0
695694,184.0
696695,928.0
697696,936.0
698697,960.0
699698,569.0
700699,926.0
701700,0.0
702701,664.0
703702,978.0
704703,720.0
705704,986.0
706705,986.0
707706,959.0
708707,0.0
709708,185.0
710709,921.0
711710,296.0
712711,879.0
713712,944.0
714713,927.0
715714,965.0
716715,943.0
717716,724.0
718717,953.0
719718,0.0
720719,938.0
721720,949.0
722721,935.0
723722,961.0
724723,869.0
725724,967.0
726725,965.0
727726,921.0
728727,972.0
729728,249.0
730729,0.0
731730,0.0
732731,917.0
733732,922.0
734733,0.0
735734,963.0
736735,958.0
737736,862.0
738737,913.0
739738,921.0
740739,513.0
741740,928.0
742741,696.0
743742,928.0
744743,0.0
745744,948.0
746745,615.0
747746,981.0
748747,0.0
749748,0.0
750749,988.0
751750,953.0
752751,119.0
753752,960.0
754753,974.0
755754,955.0
756755,944.0
757756,962.0
758757,834.0
759758,0.0
760759,874.0
761760,938.0
762761,0.0
763762,841.0
764763,887.0
765764,930.0
766765,953.0
767766,963.0
768767,928.0
769768,84.0
770769,940.0
771770,919.0
772771,0.0
773772,935.0
774773,0.0
775774,0.0
776775,976.0
777776,897.0
778777,967.0
779778,208.0
780779,402.0
781780,985.0
782781,981.0
783782,976.0
784783,984.0
785784,995.0
786785,942.0
787786,0.0
788787,979.0
789788,766.0
790789,918.0
791790,0.0
792791,905.0
793792,918.0
794793,960.0
795794,0.0
796795,605.0
797796,913.0
798797,958.0
799798,969.0
800799,906.0
801800,0.0
802801,975.0
803802,924.0
804803,768.0
805804,381.0
806805,337.0
807806,714.0
808807,0.0
809808,963.0
810809,939.0
811810,802.0
812811,944.0
813812,953.0
814813,913.0
815814,870.0
816815,975.0
817816,0.0
818817,940.0
819818,818.0
820819,343.0
821820,797.0
822821,826.0
823822,638.0
824823,914.0
825824,0.0
826825,0.0
827826,0.0
828827,939.0
829828,883.0
830829,979.0
831830,940.0
832831,979.0
833832,910.0
834833,934.0
835834,879.0
836835,962.0
837836,967.0
838837,364.0
839838,909.0
840839,986.0
841840,51.0
842841,893.0
843842,107.0
844843,0.0
845844,737.0
846845,0.0
847846,991.0
848847,821.0
849848,0.0
850849,818.0
851850,412.0
852851,740.0
853852,958.0
854853,930.0
855854,926.0
856855,983.0
857856,864.0
858857,977.0
859858,934.0
860859,937.0
861860,0.0
862861,936.0
863862,952.0
864863,850.0
865864,972.0
866865,772.0
867866,938.0
868867,0.0
869868,903.0
870869,963.0
871870,673.0
872871,984.0
873872,932.0
874873,983.0
875874,950.0
876875,915.0
877876,989.0
878877,714.0
879878,707.0
880879,921.0
881880,970.0
882881,953.0
883882,921.0
884883,907.0
885884,973.0
886885,958.0
887886,0.0
888887,961.0
889888,894.0
890889,958.0
891890,793.0
892891,982.0
893892,913.0
894893,903.0
895894,911.0
896895,902.0
897896,951.0
898897,935.0
899898,876.0
900899,933.0
901900,921.0
902901,535.0
903902,935.0
904903,923.0
905904,0.0
906905,976.0
907906,960.0
908907,360.0
909908,956.0
910909,895.0
911910,987.0
912911,928.0
913912,640.0
914913,934.0
915914,952.0
916915,0.0
917916,904.0
918917,920.0
919918,741.0
920919,895.0
921920,823.0
922921,917.0
923922,958.0
924923,925.0
925924,968.0
926925,961.0
927926,926.0
928927,953.0
929928,969.0
930929,0.0
931930,10.0
932931,473.0
933932,0.0
934933,930.0
935934,0.0
936935,887.0
937936,980.0
938937,842.0
939938,919.0
940939,1000.0
941940,0.0
942941,907.0
943942,945.0
944943,966.0
945944,939.0
946945,911.0
947946,839.0
948947,906.0
949948,972.0
950949,980.0
951950,955.0
952951,946.0
953952,790.0
954953,19.0
955954,936.0
956955,9.0
957956,941.0
958957,790.0
959958,885.0
960959,706.0
961960,0.0
962961,404.0
963962,911.0
964963,691.0
965964,952.0
966965,936.0
967966,928.0
968967,167.0
969968,971.0
970969,289.0
971970,975.0
972971,13.0
973972,911.0
974973,915.0
975974,0.0
976975,947.0
977976,897.0
978977,20.0
979978,942.0
980979,0.0
981980,947.0
982981,23.0
983982,921.0
984983,931.0
985984,985.0
986985,0.0
987986,870.0
988987,0.0
989988,1000.0
990989,0.0
991990,960.0
992991,921.0
993992,1000.0
994993,128.0
995994,894.0
996995,944.0
997996,0.0
998997,898.0
999998,940.0
1000999,640.0
1002000,972.0
1003001,0.0
1004002,516.0
1005003,904.0
1006004,938.0
1007005,0.0
1008006,854.0
1009007,168.0
1010008,943.0
1011009,873.0
1012010,0.0
1013011,919.0
1014012,913.0
1015013,898.0
1016014,956.0
1017015,983.0
1018016,0.0
1019017,939.0
1020018,0.0
1021019,0.0
1022020,0.0
1023021,0.0
1024022,970.0
1025023,0.0
1026024,966.0
1027025,902.0
1028026,831.0
1029027,888.0
1030028,909.0
1031029,761.0
1032030,908.0
1033031,964.0
1034032,918.0
1035033,854.0
1036034,137.0
1037035,987.0
1038036,1000.0
1039037,869.0
1040038,584.0
1041039,952.0
1042040,940.0
1043041,834.0
1044042,894.0
1045043,964.0
1046044,915.0
1047045,976.0
1048046,898.0
1049047,950.0
1050048,0.0
1051049,972.0
1052050,0.0
1053051,592.0
1054052,822.0
1055053,942.0
1056054,965.0
1057055,751.0
1058056,961.0
1059057,968.0
1060058,960.0
1061059,943.0
1062060,924.0
1063061,839.0
1064062,4.0
1065063,546.0
1066064,0.0
1067065,778.0
1068066,919.0
1069067,953.0
1070068,930.0
1071069,950.0
1072070,941.0
1073071,833.0
1074072,470.0
1075073,0.0
1076074,0.0
1077075,1000.0
1078076,964.0
1079077,0.0
1080078,490.0
1081079,1.0
1082080,942.0
1083081,786.0
1084082,911.0
1085083,946.0
1086084,960.0
1087085,0.0
1088086,972.0
1089087,885.0
1090088,939.0
1091089,995.0
1092090,0.0
1093091,974.0
1094092,948.0
1095093,916.0
1096094,933.0
1097095,0.0
1098096,834.0
1099097,674.0
1100098,744.0
1101099,912.0
1102100,975.0
1103101,922.0
1104102,723.0
1105103,923.0
1106104,988.0
1107105,935.0
1108106,906.0
1109107,921.0
1110108,687.0
1111109,964.0
1112110,974.0
1113111,867.0
1114112,957.0
1115113,0.0
1116114,967.0
1117115,987.0
1118116,545.0
1119117,708.0
1120118,0.0
1121119,923.0
1122120,0.0
1123121,0.0
1124122,488.0
1125123,786.0
1126124,447.0
1127125,989.0
1128126,869.0
1129127,746.0
1130128,921.0
1131129,912.0
1132130,943.0
1133131,929.0
1134132,0.0
1135133,895.0
1136134,913.0
1137135,962.0
1138136,948.0
1139137,952.0
1140138,823.0
1141139,972.0
1142140,924.0
1143141,819.0
1144142,888.0
1145143,909.0
1146144,949.0
1147145,943.0
1148146,0.0
1149147,945.0
1150148,221.0
1151149,897.0
1152150,883.0
1153151,0.0
1154152,683.0
1155153,934.0
1156154,25.0
1157155,181.0
1158156,956.0
1159157,798.0
1160158,870.0
1161159,971.0
1162160,841.0
1163161,533.0
1164162,911.0
1165163,974.0
1166164,460.0
1167165,671.0
1168166,0.0
1169167,918.0
1170168,916.0
1171169,977.0
1172170,910.0
1173171,0.0
1174172,684.0
1175173,929.0
1176174,164.0
1177175,960.0
1178176,940.0
1179177,970.0
1180178,985.0
1181179,1000.0
1182180,955.0
1183181,751.0
1184182,0.0
1185183,915.0
1186184,0.0
1187185,0.0
1188186,978.0
1189187,977.0
1190188,971.0
1191189,901.0
1192190,947.0
1193191,752.0
1194192,918.0
1195193,937.0
1196194,833.0
1197195,927.0
1198196,569.0
1199197,928.0
1200198,933.0
1201199,969.0
1202200,0.0
1203201,965.0
1204202,936.0
1205203,0.0
1206204,543.0
1207205,924.0
1208206,992.0
1209207,960.0
1210208,967.0
1211209,931.0
1212210,866.0
1213211,939.0
1214212,896.0
1215213,946.0
1216214,933.0
1217215,0.0
1218216,918.0
1219217,0.0
1220218,909.0
1221219,926.0
1222220,151.0
1223221,817.0
1224222,964.0
1225223,970.0
1226224,695.0
1227225,0.0
1228226,950.0
1229227,799.0
1230228,966.0
1231229,949.0
1232230,960.0
1233231,938.0
1234232,16.0
1235233,0.0
1236234,628.0
1237235,722.0
1238236,875.0
1239237,0.0
1240238,944.0
1241239,897.0
1242240,902.0
1243241,966.0
1244242,729.0
1245243,951.0
1246244,923.0
1247245,942.0
1248246,920.0
1249247,970.0
1250248,919.0
1251249,823.0
1252250,811.0
1253251,0.0
1254252,898.0
1255253,935.0
1256254,534.0
1257255,938.0
1258256,932.0
1259257,0.0
1260258,816.0
1261259,951.0
1262260,919.0
1263261,845.0
1264262,414.0
1265263,942.0
1266264,945.0
1267265,0.0
1268266,955.0
1269267,0.0
1270268,0.0
1271269,953.0
1272270,987.0
1273271,917.0
1274272,914.0
1275273,915.0
1276274,964.0
1277275,955.0
1278276,815.0
1279277,925.0
1280278,941.0
1281279,942.0
1282280,661.0
1283281,959.0
1284282,953.0
1285283,969.0
1286284,926.0
1287285,930.0
1288286,889.0
1289287,38.0
1290288,767.0
1291289,917.0
1292290,777.0
1293291,822.0
1294292,927.0
1295293,923.0
1296294,962.0
1297295,43.0
1298296,938.0
1299297,923.0
1300298,945.0
1301299,901.0
1302300,969.0
1303301,955.0
1304302,364.0
1305303,932.0
1306304,992.0
1307305,926.0
1308306,45.0
1309307,876.0
1310308,907.0
1311309,932.0
1312310,170.0
1313311,811.0
1314312,955.0
1315313,942.0
1316314,986.0
1317315,923.0
1318316,417.0
1319317,757.0
1320318,915.0
1321319,923.0
1322320,968.0
1323321,911.0
1324322,917.0
1325323,0.0
1326324,947.0
1327325,880.0
1328326,968.0
1329327,1.0
1330328,921.0
1331329,971.0
1332330,908.0
1333331,891.0
1334332,958.0
1335333,955.0
1336334,926.0
1337335,958.0
1338336,970.0
1339337,720.0
1340338,965.0
1341339,704.0
1342340,43.0
1343341,332.0
1344342,62.0
1345343,947.0
1346344,761.0
1347345,945.0
1348346,929.0
1349347,960.0
1350348,974.0
1351349,957.0
1352350,945.0
1353351,0.0
1354352,954.0
1355353,876.0
1356354,995.0
1357355,927.0
1358356,925.0
1359357,929.0
1360358,928.0
1361359,804.0
1362360,685.0
1363361,855.0
1364362,993.0
1365363,972.0
1366364,966.0
1367365,968.0
1368366,950.0
1369367,941.0
1370368,899.0
1371369,905.0
1372370,0.0
1373371,107.0
1374372,928.0
1375373,976.0
1376374,945.0
1377375,868.0
1378376,946.0
1379377,865.0
1380378,911.0
1381379,883.0
1382380,647.0
1383381,851.0
1384382,0.0
1385383,981.0
1386384,955.0
1387385,950.0
1388386,723.0
1389387,945.0
1390388,748.0
1391389,610.0
1392390,827.0
1393391,916.0
1394392,947.0
1395393,884.0
1396394,715.0
1397395,928.0
1398396,980.0
1399397,22.0
1400398,926.0
1401399,919.0
1402400,930.0
1403401,967.0
1404402,957.0
1405403,1.0
1406404,0.0
1407405,855.0
1408406,922.0
1409407,926.0
1410408,975.0
1411409,925.0
1412410,928.0
1413411,943.0
1414412,956.0
1415413,816.0
1416414,929.0
1417415,903.0
1418416,933.0
1419417,966.0
1420418,929.0
1421419,952.0
1422420,0.0
1423421,893.0
1424422,966.0
1425423,952.0
1426424,947.0
1427425,927.0
1428426,864.0
1429427,834.0
1430428,929.0
1431429,791.0
1432430,268.0
1433431,0.0
1434432,0.0
1435433,932.0
1436434,887.0
1437435,983.0
1438436,930.0
1439437,164.0
1440438,936.0
1441439,25.0
1442440,0.0
1443441,0.0
1444442,899.0
1445443,922.0
1446444,821.0
1447445,1000.0
1448446,961.0
1449447,939.0
1450448,0.0
1451449,989.0
1452450,0.0
1453451,899.0
1454452,834.0
1455453,0.0
1456454,812.0
1457455,359.0
1458456,958.0
1459457,646.0
1460458,594.0
1461459,722.0
1462460,0.0
1463461,926.0
1464462,944.0
1465463,974.0
1466464,914.0
1467465,942.0
1468466,831.0
1469467,773.0
1470468,869.0
1471469,713.0
1472470,966.0
1473471,937.0
1474472,925.0
1475473,868.0
1476474,543.0
1477475,745.0
1478476,880.0
1479477,976.0
1480478,899.0
1481479,972.0
1482480,828.0
1483481,428.0
1484482,712.0
1485483,0.0
1486484,767.0
1487485,843.0
1488486,836.0
1489487,930.0
1490488,972.0
1491489,976.0
1492490,995.0
1493491,881.0
1494492,936.0
1495493,931.0
1496494,727.0
1497495,738.0
1498496,955.0
1499497,0.0
1500498,483.0
1501499,812.0
1502500,609.0
1503501,48.0
1504502,953.0
1505503,943.0
1506504,930.0
1507505,709.0
1508506,856.0
1509507,968.0
1510508,465.0
1511509,0.0
1512510,933.0
1513511,0.0
1514512,948.0
1515513,918.0
1516514,809.0
1517515,3.0
1518516,0.0
1519517,597.0
1520518,987.0
1521519,874.0
1522520,919.0
1523521,841.0
1524522,370.0
1525523,0.0
1526524,955.0
1527525,0.0
1528526,934.0
1529527,939.0
1530528,733.0
1531529,2.0
1532530,794.0
1533531,964.0
1534532,813.0
1535533,980.0
1536534,937.0
1537535,101.0
1538536,763.0
1539537,910.0
1540538,954.0
1541539,881.0
1542540,608.0
1543541,974.0
1544542,947.0
1545543,0.0
1546544,0.0
1547545,949.0
1548546,0.0
1549547,846.0
1550548,954.0
1551549,362.0
1552550,901.0
1553551,571.0
1554552,766.0
1555553,788.0
1556554,925.0
1557555,984.0
1558556,957.0
1559557,962.0
1560558,981.0
1561559,902.0
1562560,874.0
1563561,918.0
1564562,819.0
1565563,895.0
1566564,879.0
1567565,0.0
1568566,557.0
1569567,855.0
1570568,931.0
1571569,0.0
1572570,617.0
1573571,935.0
1574572,921.0
1575573,65.0
1576574,925.0
1577575,940.0
1578576,926.0
1579577,932.0
1580578,974.0
1581579,946.0
1582580,946.0
1583581,810.0
1584582,0.0
1585583,910.0
1586584,982.0
1587585,900.0
1588586,986.0
1589587,758.0
1590588,986.0
1591589,933.0
1592590,0.0
1593591,995.0
1594592,921.0
1595593,823.0
1596594,1000.0
1597595,955.0
1598596,891.0
1599597,930.0
1600598,906.0
1601599,849.0
1602600,988.0
1603601,377.0
1604602,887.0
1605603,859.0
1606604,927.0
1607605,0.0
1608606,834.0
1609607,495.0
1610608,929.0
1611609,919.0
1612610,981.0
1613611,789.0
1614612,956.0
1615613,873.0
1616614,972.0
1617615,875.0
1618616,864.0
1619617,908.0
1620618,886.0
1621619,0.0
1622620,825.0
1623621,913.0
1624622,682.0
1625623,944.0
1626624,971.0
1627625,920.0
1628626,0.0
1629627,842.0
1630628,924.0
1631629,724.0
1632630,941.0
1633631,799.0
1634632,857.0
1635633,919.0
1636634,914.0
1637635,0.0
1638636,868.0
1639637,896.0
1640638,851.0
1641639,917.0
1642640,710.0
1643641,987.0
1644642,664.0
1645643,929.0
1646644,0.0
1647645,953.0
1648646,937.0
1649647,855.0
1650648,878.0
1651649,909.0
1652650,847.0
1653651,933.0
1654652,899.0
1655653,931.0
1656654,931.0
1657655,805.0
1658656,896.0
1659657,589.0
1660658,968.0
1661659,876.0
1662660,870.0
1663661,836.0
1664662,0.0
1665663,0.0
1666664,932.0
1667665,0.0
1668666,951.0
1669667,953.0
1670668,983.0
1671669,0.0
1672670,936.0
1673671,976.0
1674672,945.0
1675673,824.0
1676674,0.0
1677675,212.0
1678676,518.0
1679677,881.0
1680678,959.0
1681679,920.0
1682680,979.0
1683681,941.0
1684682,877.0
1685683,928.0
1686684,961.0
1687685,862.0
1688686,837.0
1689687,964.0
1690688,900.0
1691689,612.0
1692690,895.0
1693691,557.0
1694692,892.0
1695693,926.0
1696694,950.0
1697695,187.0
1698696,853.0
1699697,986.0
1700698,934.0
1701699,463.0
1702700,957.0
1703701,932.0
1704702,942.0
1705703,912.0
1706704,980.0
1707705,885.0
1708706,930.0
1709707,959.0
1710708,693.0
1711709,915.0
1712710,905.0
1713711,956.0
1714712,919.0
1715713,951.0
1716714,941.0
1717715,964.0
1718716,545.0
1719717,904.0
1720718,976.0
1721719,0.0
1722720,940.0
1723721,89.0
1724722,955.0
1725723,43.0
1726724,9.0
1727725,930.0
1728726,961.0
1729727,0.0
1730728,0.0
1731729,831.0
1732730,36.0
1733731,724.0
1734732,1000.0
1735733,253.0
1736734,947.0
1737735,969.0
1738736,937.0
1739737,960.0
1740738,981.0
1741739,277.0
1742740,915.0
1743741,942.0
1744742,956.0
1745743,951.0
1746744,414.0
1747745,933.0
1748746,929.0
1749747,878.0
1750748,877.0
1751749,146.0
1752750,0.0
1753751,909.0
1754752,987.0
1755753,288.0
1756754,982.0
1757755,0.0
1758756,974.0
1759757,924.0
1760758,959.0
1761759,962.0
1762760,235.0
1763761,934.0
1764762,949.0
1765763,969.0
1766764,923.0
1767765,857.0
1768766,944.0
1769767,902.0
1770768,934.0
1771769,941.0
1772770,959.0
1773771,928.0
1774772,950.0
1775773,0.0
1776774,898.0
1777775,664.0
1778776,0.0
1779777,876.0
1780778,910.0
1781779,932.0
1782780,868.0
1783781,896.0
1784782,898.0
1785783,821.0
1786784,940.0
1787785,529.0
1788786,891.0
1789787,895.0
1790788,954.0
1791789,0.0
1792790,951.0
1793791,0.0
1794792,926.0
1795793,0.0
1796794,938.0
1797795,929.0
1798796,3.0
1799797,974.0
1800798,961.0
1801799,968.0
1802800,956.0
1803801,846.0
1804802,786.0
1805803,288.0
1806804,875.0
1807805,964.0
1808806,388.0
1809807,925.0
1810808,1000.0
1811809,950.0
1812810,853.0
1813811,925.0
1814812,919.0
1815813,847.0
1816814,947.0
1817815,519.0
1818816,825.0
1819817,935.0
1820818,914.0
1821819,943.0
1822820,909.0
1823821,918.0
1824822,839.0
1825823,910.0
1826824,881.0
1827825,0.0
1828826,917.0
1829827,964.0
1830828,923.0
1831829,810.0
1832830,902.0
1833831,885.0
1834832,910.0
1835833,932.0
1836834,984.0
1837835,955.0
1838836,822.0
1839837,853.0
1840838,921.0
1841839,0.0
1842840,986.0
1843841,933.0
1844842,749.0
1845843,962.0
1846844,947.0
1847845,866.0
1848846,956.0
1849847,918.0
1850848,619.0
1851849,875.0
1852850,839.0
1853851,781.0
1854852,938.0
1855853,925.0
1856854,925.0
1857855,923.0
1858856,908.0
1859857,915.0
1860858,201.0
1861859,524.0
1862860,965.0
1863861,951.0
1864862,951.0
1865863,586.0
1866864,680.0
1867865,202.0
1868866,949.0
1869867,900.0
1870868,907.0
1871869,636.0
1872870,363.0
1873871,860.0
1874872,999.0
1875873,686.0
1876874,909.0
1877875,894.0
1878876,938.0
1879877,963.0
1880878,915.0
1881879,979.0
1882880,770.0
1883881,689.0
1884882,889.0
1885883,904.0
1886884,882.0
1887885,924.0
1888886,957.0
1889887,110.0
1890888,956.0
1891889,948.0
1892890,734.0
1893891,927.0
1894892,973.0
1895893,907.0
1896894,955.0
1897895,949.0
1898896,969.0
1899897,960.0
1900898,771.0
1901899,687.0
1902900,966.0
1903901,948.0
1904902,954.0
1905903,909.0
1906904,693.0
1907905,915.0
1908906,437.0
1909907,756.0
1910908,917.0
1911909,762.0
1912910,972.0
1913911,961.0
1914912,680.0
1915913,679.0
1916914,935.0
1917915,910.0
1918916,966.0
1919917,910.0
1920918,877.0
1921919,960.0
1922920,912.0
1923921,962.0
1924922,950.0
1925923,839.0
1926924,816.0
1927925,944.0
1928926,961.0
1929927,881.0
1930928,961.0
1931929,912.0
1932930,971.0
1933931,945.0
1934932,945.0
1935933,608.0
1936934,855.0
1937935,761.0
1938936,970.0
1939937,322.0
1940938,899.0
1941939,918.0
1942940,918.0
1943941,147.0
1944942,845.0
1945943,688.0
1946944,884.0
1947945,941.0
1948946,941.0
1949947,963.0
1950948,976.0
1951949,945.0
1952950,966.0
1953951,959.0
1954952,958.0
1955953,942.0
1956954,973.0
1957955,838.0
1958956,0.0
1959957,916.0
1960958,856.0
1961959,720.0
1962960,904.0
1963961,922.0
1964962,919.0
1965963,941.0
1966964,979.0
1967965,963.0
1968966,943.0
1969967,912.0
1970968,904.0
1971969,861.0
1972970,923.0
1973971,912.0
1974972,909.0
1975973,864.0
1976974,933.0
1977975,954.0
1978976,986.0
1979977,875.0
1980978,0.0
1981979,726.0
1982980,908.0
1983981,950.0
1984982,931.0
1985983,919.0
1986984,929.0
1987985,879.0
1988986,946.0
1989987,990.0
1990988,819.0
1991989,818.0
1992990,925.0
1993991,866.0
1994992,872.0
1995993,868.0
1996994,937.0
1997995,964.0
1998996,0.0
1999997,878.0
2000998,137.0
2001999,157.0
2003000,951.0
2004001,882.0
2005002,932.0
2006003,917.0
2007004,237.0
2008005,41.0
2009006,618.0
2010007,936.0
2011008,924.0
2012009,952.0
2013010,431.0
2014011,887.0
2015012,950.0
2016013,967.0
2017014,912.0
2018015,907.0
2019016,912.0
2020017,788.0
2021018,889.0
2022019,906.0
2023020,0.0
2024021,955.0
2025022,947.0
2026023,772.0
2027024,941.0
2028025,839.0
2029026,923.0
2030027,915.0
2031028,554.0
2032029,937.0
2033030,916.0
2034031,427.0
2035032,955.0
2036033,829.0
2037034,904.0
2038035,951.0
2039036,918.0
2040037,993.0
2041038,933.0
2042039,896.0
2043040,914.0
2044041,967.0
2045042,929.0
2046043,837.0
2047044,981.0
2048045,980.0
2049046,938.0
2050047,948.0
2051048,947.0
2052049,960.0
2053050,907.0
2054051,804.0
2055052,764.0
2056053,877.0
2057054,839.0
2058055,8.0
2059056,565.0
2060057,966.0
2061058,888.0
2062059,397.0
2063060,546.0
2064061,919.0
2065062,943.0
2066063,925.0
2067064,932.0
2068065,875.0
2069066,956.0
2070067,943.0
2071068,975.0
2072069,974.0
2073070,197.0
2074071,781.0
2075072,898.0
2076073,896.0
2077074,840.0
2078075,922.0
2079076,943.0
2080077,544.0
2081078,903.0
2082079,972.0
2083080,960.0
2084081,935.0
2085082,890.0
2086083,823.0
2087084,986.0
2088085,733.0
2089086,953.0
2090087,956.0
2091088,772.0
2092089,0.0
2093090,0.0
2094091,0.0
2095092,985.0
2096093,764.0
2097094,932.0
2098095,999.0
2099096,939.0
2100097,977.0
2101098,974.0
2102099,944.0
2103100,0.0
2104101,880.0
2105102,441.0
2106103,893.0
2107104,929.0
2108105,458.0
2109106,974.0
2110107,695.0
2111108,953.0
2112109,960.0
2113110,994.0
2114111,930.0
2115112,737.0
2116113,957.0
2117114,941.0
2118115,913.0
2119116,847.0
2120117,946.0
2121118,970.0
2122119,971.0
2123120,962.0
2124121,932.0
2125122,728.0
2126123,893.0
2127124,898.0
2128125,977.0
2129126,859.0
2130127,627.0
2131128,953.0
2132129,808.0
2133130,928.0
2134131,973.0
2135132,935.0
2136133,964.0
2137134,471.0
2138135,930.0
2139136,952.0
2140137,894.0
2141138,849.0
2142139,862.0
2143140,747.0
2144141,926.0
2145142,937.0
2146143,926.0
2147144,954.0
2148145,964.0
2149146,840.0
2150147,661.0
2151148,879.0
2152149,942.0
2153150,923.0
2154151,768.0
2155152,967.0
2156153,994.0
2157154,913.0
2158155,955.0
2159156,1.0
2160157,961.0
2161158,972.0
2162159,849.0
2163160,943.0
2164161,925.0
2165162,939.0
2166163,977.0
2167164,951.0
2168165,850.0
2169166,922.0
2170167,933.0
2171168,930.0
2172169,918.0
2173170,827.0
2174171,954.0
2175172,902.0
2176173,556.0
2177174,967.0
2178175,911.0
2179176,1000.0
2180177,968.0
2181178,993.0
2182179,754.0
2183180,984.0
2184181,979.0
2185182,944.0
2186183,901.0
2187184,983.0
2188185,416.0
2189186,826.0
2190187,979.0
2191188,906.0
2192189,764.0
2193190,177.0
2194191,924.0
2195192,775.0
2196193,976.0
2197194,926.0
2198195,936.0
2199196,969.0
2200197,833.0
2201198,0.0
2202199,877.0
2203200,975.0
2204201,926.0
2205202,830.0
2206203,871.0
2207204,835.0
2208205,904.0
2209206,932.0
2210207,941.0
2211208,985.0
2212209,981.0
2213210,801.0
2214211,940.0
2215212,946.0
2216213,896.0
2217214,914.0
2218215,46.0
2219216,893.0
2220217,564.0
2221218,0.0
2222219,913.0
2223220,970.0
2224221,985.0
2225222,927.0
2226223,849.0
2227224,978.0
2228225,838.0
2229226,966.0
2230227,607.0
2231228,929.0
2232229,978.0
2233230,952.0
2234231,974.0
2235232,975.0
2236233,938.0
2237234,882.0
2238235,924.0
2239236,823.0
2240237,681.0
2241238,912.0
2242239,840.0
2243240,922.0
2244241,940.0
2245242,938.0
2246243,962.0
2247244,914.0
2248245,935.0
2249246,965.0
2250247,836.0
2251248,937.0
2252249,944.0
2253250,959.0
2254251,905.0
2255252,916.0
2256253,877.0
2257254,891.0
2258255,899.0
2259256,960.0
2260257,935.0
2261258,938.0
2262259,930.0
2263260,485.0
2264261,881.0
2265262,974.0
2266263,889.0
2267264,968.0
2268265,739.0
2269266,933.0
2270267,0.0
2271268,936.0
2272269,958.0
2273270,958.0
2274271,970.0
2275272,566.0
2276273,946.0
2277274,951.0
2278275,860.0
2279276,914.0
2280277,984.0
2281278,956.0
2282279,657.0
2283280,969.0
2284281,937.0
2285282,969.0
2286283,964.0
2287284,710.0
2288285,963.0
2289286,975.0
2290287,942.0
2291288,939.0
2292289,956.0
2293290,964.0
2294291,964.0
2295292,937.0
2296293,952.0
2297294,957.0
2298295,916.0
2299296,729.0
2300297,968.0
2301298,938.0
2302299,739.0
2303300,961.0
2304301,777.0
2305302,951.0
2306303,914.0
2307304,972.0
2308305,927.0
2309306,808.0
2310307,947.0
2311308,853.0
2312309,924.0
2313310,995.0
2314311,912.0
2315312,982.0
2316313,748.0
2317314,959.0
2318315,965.0
2319316,752.0
2320317,990.0
2321318,919.0
2322319,109.0
2323320,1000.0
2324321,955.0
2325322,974.0
2326323,215.0
2327324,944.0
2328325,0.0
2329326,941.0
2330327,947.0
2331328,745.0
2332329,970.0
2333330,0.0
2334331,935.0
2335332,959.0
2336333,918.0
2337334,328.0
2338335,851.0
2339336,760.0
2340337,946.0
2341338,919.0
2342339,943.0
2343340,924.0
2344341,988.0
2345342,922.0
2346343,960.0
2347344,954.0
2348345,922.0
2349346,975.0
2350347,857.0
2351348,918.0
2352349,769.0
2353350,986.0
2354351,961.0
2355352,980.0
2356353,975.0
2357354,875.0
2358355,874.0
2359356,990.0
2360357,774.0
2361358,0.0
2362359,938.0
2363360,945.0
2364361,966.0
2365362,922.0
2366363,964.0
2367364,958.0
2368365,538.0
2369366,878.0
2370367,969.0
2371368,904.0
2372369,880.0
2373370,907.0
2374371,853.0
2375372,0.0
2376373,815.0
2377374,881.0
2378375,643.0
2379376,988.0
2380377,921.0
2381378,805.0
2382379,979.0
2383380,987.0
2384381,690.0
2385382,863.0
2386383,924.0
2387384,957.0
2388385,929.0
2389386,808.0
2390387,900.0
2391388,959.0
2392389,906.0
2393390,556.0
2394391,934.0
2395392,989.0
2396393,903.0
2397394,885.0
2398395,408.0
2399396,975.0
2400397,844.0
2401398,930.0
2402399,351.0
2403400,862.0
2404401,966.0
2405402,716.0
2406403,512.0
2407404,986.0
2408405,936.0
2409406,867.0
2410407,940.0
2411408,895.0
2412409,769.0
2413410,902.0
2414411,933.0
2415412,911.0
2416413,917.0
2417414,852.0
2418415,785.0
2419416,753.0
2420417,992.0
2421418,953.0
2422419,960.0
2423420,870.0
2424421,0.0
2425422,991.0
2426423,928.0
2427424,701.0
2428425,954.0
2429426,34.0
2430427,929.0
2431428,919.0
2432429,169.0
2433430,0.0
2434431,905.0
2435432,871.0
2436433,975.0
2437434,794.0
2438435,922.0
2439436,913.0
2440437,983.0
2441438,917.0
2442439,849.0
2443440,806.0
2444441,894.0
2445442,966.0
2446443,933.0
2447444,0.0
2448445,592.0
2449446,982.0
2450447,795.0
2451448,965.0
2452449,914.0
2453450,921.0
2454451,623.0
2455452,921.0
2456453,984.0
2457454,871.0
2458455,697.0
2459456,0.0
2460457,737.0
2461458,883.0
2462459,905.0
2463460,938.0
2464461,568.0
2465462,969.0
2466463,960.0
2467464,952.0
2468465,921.0
2469466,662.0
2470467,884.0
2471468,860.0
2472469,931.0
2473470,955.0
2474471,927.0
2475472,877.0
2476473,864.0
2477474,0.0
2478475,736.0
2479476,931.0
2480477,946.0
2481478,876.0
2482479,869.0
2483480,661.0
2484481,935.0
2485482,967.0
2486483,920.0
2487484,925.0
2488485,892.0
2489486,901.0
2490487,996.0
2491488,654.0
2492489,984.0
2493490,820.0
2494491,968.0
2495492,966.0
2496493,971.0
2497494,907.0
2498495,897.0
2499496,967.0
2500497,376.0
2501498,969.0
2502499,962.0
2503500,969.0
2504501,358.0
2505502,993.0
2506503,955.0
2507504,866.0
2508505,926.0
2509506,928.0
2510507,968.0
2511508,0.0
2512509,977.0
2513510,903.0
2514511,787.0
2515512,939.0
2516513,855.0
2517514,917.0
2518515,927.0
2519516,961.0
2520517,974.0
2521518,953.0
2522519,926.0
2523520,900.0
2524521,936.0
2525522,916.0
2526523,742.0
2527524,966.0
2528525,877.0
2529526,934.0
2530527,917.0
2531528,975.0
2532529,965.0
2533530,890.0
2534531,930.0
2535532,943.0
2536533,894.0
2537534,929.0
2538535,947.0
2539536,938.0
2540537,888.0
2541538,957.0
2542539,1000.0
2543540,924.0
2544541,964.0
2545542,903.0
2546543,882.0
2547544,853.0
2548545,952.0
2549546,5.0
2550547,510.0
2551548,937.0
2552549,827.0
2553550,938.0
2554551,695.0
2555552,966.0
2556553,966.0
2557554,891.0
2558555,930.0
2559556,949.0
2560557,932.0
2561558,979.0
2562559,919.0
2563560,959.0
2564561,960.0
2565562,424.0
2566563,831.0
2567564,909.0
2568565,974.0
2569566,926.0
2570567,961.0
2571568,975.0
2572569,510.0
2573570,759.0
2574571,742.0
2575572,971.0
2576573,916.0
2577574,915.0
2578575,28.0
2579576,932.0
2580577,928.0
2581578,951.0
2582579,934.0
2583580,919.0
2584581,974.0
2585582,979.0
2586583,625.0
2587584,720.0
2588585,0.0
2589586,911.0
2590587,984.0
2591588,918.0
2592589,934.0
2593590,931.0
2594591,979.0
2595592,948.0
2596593,959.0
2597594,941.0
2598595,927.0
2599596,848.0
2600597,939.0
2601598,959.0
2602599,930.0
2603600,947.0
2604601,829.0
2605602,933.0
2606603,967.0
2607604,907.0
2608605,991.0
2609606,0.0
2610607,955.0
2611608,963.0
2612609,944.0
2613610,800.0
2614611,857.0
2615612,1000.0
2616613,947.0
2617614,887.0
2618615,700.0
2619616,849.0
2620617,832.0
2621618,988.0
2622619,943.0
2623620,939.0
2624621,906.0
2625622,966.0
2626623,940.0
2627624,954.0
2628625,195.0
2629626,971.0
2630627,963.0
2631628,920.0
2632629,859.0
2633630,963.0
2634631,706.0
2635632,1000.0
2636633,802.0
2637634,967.0
2638635,959.0
2639636,256.0
2640637,444.0
2641638,925.0
2642639,907.0
2643640,909.0
2644641,932.0
2645642,963.0
2646643,986.0
2647644,906.0
2648645,970.0
2649646,963.0
2650647,936.0
2651648,856.0
2652649,952.0
2653650,973.0
2654651,946.0
2655652,929.0
2656653,758.0
2657654,903.0
2658655,975.0
2659656,882.0
2660657,966.0
2661658,931.0
2662659,902.0
2663660,908.0
2664661,935.0
2665662,950.0
2666663,891.0
2667664,667.0
2668665,876.0
2669666,886.0
2670667,848.0
2671668,242.0
2672669,792.0
2673670,933.0
2674671,913.0
2675672,928.0
2676673,904.0
2677674,957.0
2678675,840.0
2679676,974.0
2680677,946.0
2681678,987.0
2682679,930.0
2683680,937.0
2684681,912.0
2685682,0.0
2686683,949.0
2687684,973.0
2688685,938.0
2689686,990.0
2690687,938.0
2691688,720.0
2692689,913.0
2693690,966.0
2694691,936.0
2695692,901.0
2696693,931.0
2697694,594.0
2698695,948.0
2699696,949.0
2700697,940.0
2701698,974.0
2702699,965.0
2703700,914.0
2704701,939.0
2705702,978.0
2706703,938.0
2707704,947.0
2708705,928.0
2709706,952.0
2710707,966.0
2711708,942.0
2712709,916.0
2713710,951.0
2714711,0.0
2715712,940.0
2716713,938.0
2717714,880.0
2718715,795.0
2719716,918.0
2720717,968.0
2721718,937.0
2722719,888.0
2723720,845.0
2724721,992.0
2725722,997.0
2726723,755.0
2727724,959.0
2728725,909.0
2729726,616.0
2730727,931.0
2731728,859.0
2732729,916.0
2733730,962.0
2734731,974.0
2735732,974.0
2736733,896.0
2737734,930.0
2738735,832.0
2739736,799.0
2740737,808.0
2741738,932.0
2742739,965.0
2743740,941.0
2744741,988.0
2745742,265.0
2746743,966.0
2747744,938.0
2748745,921.0
2749746,921.0
2750747,964.0
2751748,967.0
2752749,940.0
2753750,936.0
2754751,976.0
2755752,910.0
2756753,917.0
2757754,944.0
2758755,972.0
2759756,983.0
2760757,952.0
2761758,969.0
2762759,931.0
2763760,942.0
2764761,922.0
2765762,945.0
2766763,913.0
2767764,984.0
2768765,946.0
2769766,951.0
2770767,929.0
2771768,894.0
2772769,926.0
2773770,835.0
2774771,862.0
2775772,916.0
2776773,969.0
2777774,882.0
2778775,925.0
2779776,914.0
2780777,943.0
2781778,111.0
2782779,935.0
2783780,979.0
2784781,891.0
2785782,919.0
2786783,917.0
2787784,988.0
2788785,979.0
2789786,931.0
2790787,978.0
2791788,964.0
2792789,934.0
2793790,945.0
2794791,880.0
2795792,960.0
2796793,949.0
2797794,932.0
2798795,990.0
2799796,778.0
2800797,953.0
2801798,878.0
2802799,780.0
2803800,974.0
2804801,876.0
2805802,928.0
2806803,930.0
2807804,930.0
2808805,900.0
2809806,943.0
2810807,935.0
2811808,924.0
2812809,814.0
2813810,835.0
2814811,963.0
2815812,948.0
2816813,938.0
2817814,626.0
2818815,946.0
2819816,991.0
2820817,914.0
2821818,892.0
2822819,938.0
2823820,963.0
2824821,969.0
2825822,947.0
2826823,906.0
2827824,942.0
2828825,977.0
2829826,945.0
2830827,910.0
2831828,933.0
2832829,926.0
2833830,964.0
2834831,771.0
2835832,951.0
2836833,596.0
2837834,976.0
2838835,0.0
2839836,960.0
2840837,717.0
2841838,988.0
2842839,647.0
2843840,960.0
2844841,0.0
2845842,814.0
2846843,943.0
2847844,733.0
2848845,901.0
2849846,944.0
2850847,939.0
2851848,943.0
2852849,901.0
2853850,958.0
2854851,811.0
2855852,897.0
2856853,909.0
2857854,954.0
2858855,933.0
2859856,951.0
2860857,984.0
2861858,982.0
2862859,963.0
2863860,964.0
2864861,780.0
2865862,777.0
2866863,771.0
2867864,837.0
2868865,972.0
2869866,816.0
2870867,954.0
2871868,913.0
2872869,874.0
2873870,841.0
2874871,988.0
2875872,935.0
2876873,978.0
2877874,983.0
2878875,943.0
2879876,729.0
2880877,948.0
2881878,946.0
2882879,919.0
2883880,966.0
2884881,983.0
2885882,955.0
2886883,922.0
2887884,953.0
2888885,584.0
2889886,931.0
2890887,905.0
2891888,634.0
2892889,978.0
2893890,976.0
2894891,953.0
2895892,741.0
2896893,958.0
2897894,746.0
2898895,728.0
2899896,964.0
2900897,930.0
2901898,636.0
2902899,955.0
2903900,964.0
2904901,962.0
2905902,934.0
2906903,939.0
2907904,947.0
2908905,974.0
2909906,710.0
2910907,966.0
2911908,982.0
2912909,962.0
2913910,970.0
2914911,958.0
2915912,936.0
2916913,892.0
2917914,943.0
2918915,979.0
2919916,943.0
2920917,926.0
2921918,848.0
2922919,964.0
2923920,894.0
2924921,834.0
2925922,954.0
2926923,962.0
2927924,625.0
2928925,961.0
2929926,848.0
2930927,953.0
2931928,960.0
2932929,980.0
2933930,976.0
2934931,958.0
2935932,971.0
2936933,990.0
2937934,358.0
2938935,957.0
2939936,676.0
2940937,890.0
2941938,953.0
2942939,821.0
2943940,845.0
2944941,937.0
2945942,947.0
2946943,951.0
2947944,943.0
2948945,796.0
2949946,1000.0
2950947,872.0
2951948,963.0
2952949,839.0
2953950,938.0
2954951,1000.0
2955952,985.0
2956953,962.0
2957954,977.0
2958955,957.0
2959956,977.0
2960957,979.0
2961958,520.0
2962959,897.0
2963960,992.0
2964961,740.0
2965962,944.0
2966963,966.0
2967964,822.0
2968965,965.0
2969966,954.0
2970967,378.0
2971968,995.0
2972969,942.0
2973970,974.0
2974971,854.0
2975972,947.0
2976973,934.0
2977974,928.0
2978975,973.0
2979976,904.0
2980977,906.0
2981978,871.0
2982979,955.0
2983980,959.0
2984981,903.0
2985982,944.0
2986983,979.0
2987984,943.0
2988985,959.0
2989986,946.0
2990987,919.0
2991988,932.0
2992989,921.0
2993990,953.0
2994991,748.0
2995992,966.0
2996993,835.0
2997994,942.0
2998995,949.0
2999996,955.0
3000997,970.0
3001998,806.0
3002999,989.0
3004000,965.0
3005001,944.0
3006002,932.0
3007003,985.0
3008004,975.0
3009005,937.0
3010006,931.0
3011007,974.0
3012008,0.0
3013009,904.0
3014010,0.0
3015011,902.0
3016012,964.0
3017013,285.0
3018014,943.0
3019015,817.0
3020016,941.0
3021017,925.0
3022018,959.0
3023019,929.0
3024020,941.0
3025021,884.0
3026022,926.0
3027023,945.0
3028024,885.0
3029025,928.0
3030026,895.0
3031027,958.0
3032028,912.0
3033029,932.0
3034030,955.0
3035031,921.0
3036032,854.0
3037033,703.0
3038034,910.0
3039035,494.0
3040036,952.0
3041037,686.0
3042038,956.0
3043039,946.0
3044040,954.0
3045041,841.0
3046042,953.0
3047043,958.0
3048044,690.0
3049045,951.0
3050046,835.0
3051047,971.0
3052048,922.0
3053049,962.0
3054050,922.0
3055051,903.0
3056052,963.0
3057053,989.0
3058054,983.0
3059055,934.0
3060056,945.0
3061057,952.0
3062058,800.0
3063059,952.0
3064060,963.0
3065061,935.0
3066062,956.0
3067063,957.0
3068064,967.0
3069065,965.0
3070066,952.0
3071067,967.0
3072068,947.0
3073069,748.0
3074070,902.0
3075071,957.0
3076072,928.0
3077073,988.0
3078074,963.0
3079075,937.0
3080076,935.0
3081077,868.0
3082078,988.0
3083079,948.0
3084080,941.0
3085081,914.0
3086082,617.0
3087083,903.0
3088084,985.0
3089085,963.0
3090086,938.0
3091087,995.0
3092088,951.0
3093089,844.0
3094090,919.0
3095091,887.0
3096092,939.0
3097093,960.0
3098094,996.0
3099095,954.0
3100096,984.0
3101097,950.0
3102098,837.0
3103099,978.0
3104100,970.0
3105101,781.0
3106102,994.0
3107103,973.0
3108104,457.0
3109105,961.0
3110106,922.0
3111107,941.0
3112108,967.0
3113109,821.0
3114110,810.0
3115111,963.0
3116112,956.0
3117113,949.0
3118114,944.0
3119115,859.0
3120116,974.0
3121117,797.0
3122118,909.0
3123119,955.0
3124120,940.0
3125121,998.0
3126122,944.0
3127123,939.0
3128124,981.0
3129125,895.0
3130126,931.0
3131127,957.0
3132128,985.0
3133129,840.0
3134130,958.0
3135131,968.0
3136132,983.0
3137133,964.0
3138134,960.0
3139135,955.0
3140136,528.0
3141137,945.0
3142138,943.0
3143139,881.0
3144140,898.0
3145141,967.0
3146142,938.0
3147143,957.0
3148144,945.0
3149145,949.0
3150146,929.0
3151147,947.0
3152148,934.0
3153149,946.0
3154150,983.0
3155151,982.0
3156152,945.0
3157153,975.0
3158154,959.0
3159155,967.0
3160156,956.0
3161157,964.0
3162158,907.0
3163159,938.0
3164160,934.0
3165161,978.0
3166162,992.0
3167163,925.0
3168164,955.0
3169165,982.0
3170166,981.0
3171167,897.0
3172168,936.0
3173169,997.0
3174170,934.0
3175171,963.0
3176172,961.0
3177173,969.0
3178174,879.0
3179175,983.0
3180176,930.0
3181177,904.0
3182178,949.0
3183179,0.0
3184180,962.0
3185181,955.0
3186182,961.0
3187183,933.0
3188184,932.0
3189185,958.0
3190186,895.0
3191187,958.0
3192188,936.0
3193189,977.0
3194190,950.0
3195191,938.0
3196192,953.0
3197193,946.0
3198194,975.0
3199195,941.0
3200196,966.0
3201197,975.0
3202198,850.0
3203199,965.0
3204200,938.0
3205201,962.0
3206202,940.0
3207203,953.0
3208204,996.0
3209205,940.0
3210206,736.0
3211207,980.0
3212208,673.0
3213209,917.0
3214210,979.0
3215211,949.0
3216212,945.0
3217213,914.0
3218214,946.0
3219215,937.0
3220216,968.0
3221217,948.0
3222218,948.0
3223219,980.0
3224220,736.0
3225221,740.0
3226222,956.0
3227223,923.0
3228224,956.0
3229225,781.0
3230226,967.0
3231227,526.0
3232228,899.0
3233229,916.0
3234230,781.0
3235231,938.0
3236232,943.0
3237233,922.0
3238234,935.0
3239235,948.0
3240236,156.0
3241237,964.0
3242238,981.0
3243239,907.0
3244240,843.0
3245241,878.0
3246242,945.0
3247243,950.0
3248244,957.0
3249245,884.0
3250246,696.0
3251247,948.0
3252248,960.0
3253249,854.0
3254250,949.0
3255251,978.0
3256252,561.0
3257253,899.0
3258254,971.0
3259255,954.0
3260256,949.0
3261257,896.0
3262258,926.0
3263259,720.0
3264260,945.0
3265261,966.0
3266262,967.0
3267263,852.0
3268264,942.0
3269265,680.0
3270266,974.0
3271267,952.0
3272268,937.0
3273269,988.0
3274270,925.0
3275271,956.0
3276272,980.0
3277273,962.0
3278274,937.0
3279275,930.0
3280276,979.0
3281277,939.0
3282278,967.0
3283279,824.0
3284280,938.0
3285281,949.0
3286282,936.0
3287283,889.0
3288284,839.0
3289285,882.0
3290286,949.0
3291287,941.0
3292288,942.0
3293289,489.0
3294290,965.0
3295291,915.0
3296292,964.0
3297293,508.0
3298294,980.0
3299295,953.0
3300296,966.0
3301297,955.0
3302298,947.0
3303299,836.0
3304300,983.0
3305301,817.0
3306302,986.0
3307303,987.0
3308304,948.0
3309305,969.0
3310306,921.0
3311307,879.0
3312308,941.0
3313309,967.0
3314310,943.0
3315311,962.0
3316312,941.0
3317313,946.0
3318314,929.0
3319315,724.0
3320316,881.0
3321317,958.0
3322318,935.0
3323319,901.0
3324320,808.0
3325321,979.0
3326322,938.0
3327323,991.0
3328324,916.0
3329325,929.0
3330326,908.0
3331327,924.0
3332328,937.0
3333329,929.0
3334330,995.0
3335331,955.0
3336332,895.0
3337333,967.0
3338334,966.0
3339335,905.0
3340336,942.0
3341337,971.0
3342338,938.0
3343339,938.0
3344340,790.0
3345341,887.0
3346342,949.0
3347343,964.0
3348344,903.0
3349345,899.0
3350346,912.0
3351347,947.0
3352348,925.0
3353349,932.0
3354350,967.0
3355351,952.0
3356352,745.0
3357353,973.0
3358354,948.0
3359355,981.0
3360356,921.0
3361357,977.0
3362358,966.0
3363359,915.0
3364360,944.0
3365361,950.0
3366362,993.0
3367363,952.0
3368364,936.0
3369365,947.0
3370366,927.0
3371367,950.0
3372368,937.0
3373369,946.0
3374370,967.0
3375371,929.0
3376372,958.0
3377373,942.0
3378374,862.0
3379375,453.0
3380376,74.0
3381377,961.0
3382378,929.0
3383379,932.0
3384380,991.0
3385381,922.0
3386382,744.0
3387383,937.0
3388384,976.0
3389385,973.0
3390386,891.0
3391387,945.0
3392388,956.0
3393389,958.0
3394390,936.0
3395391,965.0
3396392,972.0
3397393,898.0
3398394,994.0
3399395,917.0
3400396,977.0
3401397,957.0
3402398,868.0
3403399,764.0
3404400,820.0
3405401,957.0
3406402,982.0
3407403,968.0
3408404,934.0
3409405,952.0
3410406,931.0
3411407,870.0
3412408,976.0
3413409,955.0
3414410,982.0
3415411,960.0
3416412,927.0
3417413,943.0
3418414,969.0
3419415,941.0
3420416,956.0
3421417,959.0
3422418,957.0
3423419,814.0
3424420,1000.0
3425421,954.0
3426422,930.0
3427423,965.0
3428424,826.0
3429425,909.0
3430426,949.0
3431427,980.0
3432428,963.0
3433429,933.0
3434430,974.0
3435431,971.0
3436432,926.0
3437433,976.0
3438434,963.0
3439435,956.0
3440436,961.0
3441437,969.0
3442438,947.0
3443439,938.0
3444440,916.0
3445441,922.0
3446442,971.0
3447443,928.0
3448444,924.0
3449445,947.0
3450446,932.0
3451447,903.0
3452448,999.0
3453449,964.0
3454450,928.0
3455451,964.0
3456452,992.0
3457453,957.0
3458454,950.0
3459455,952.0
3460456,278.0
3461457,912.0
3462458,955.0
3463459,983.0
3464460,944.0
3465461,924.0
3466462,941.0
3467463,969.0
3468464,954.0
3469465,0.0
3470466,810.0
3471467,977.0
3472468,921.0
3473469,957.0
3474470,633.0
3475471,940.0
3476472,991.0
3477473,947.0
3478474,971.0
3479475,909.0
3480476,823.0
3481477,949.0
3482478,955.0
3483479,968.0
3484480,966.0
3485481,884.0
3486482,897.0
3487483,970.0
3488484,950.0
3489485,933.0
3490486,1000.0
3491487,799.0
3492488,922.0
3493489,808.0
3494490,947.0
3495491,950.0
3496492,924.0
3497493,884.0
3498494,865.0
3499495,232.0
3500496,811.0
3501497,951.0
3502498,824.0
3503499,980.0
3504500,938.0
3505501,968.0
3506502,157.0
3507503,916.0
3508504,801.0
3509505,925.0
3510506,795.0
3511507,905.0
3512508,974.0
3513509,976.0
3514510,908.0
3515511,835.0
3516512,994.0
3517513,943.0
3518514,987.0
3519515,916.0
3520516,916.0
3521517,922.0
3522518,940.0
3523519,930.0
3524520,895.0
3525521,759.0
3526522,916.0
3527523,925.0
3528524,1000.0
3529525,589.0
3530526,968.0
3531527,0.0
3532528,976.0
3533529,982.0
3534530,957.0
3535531,973.0
3536532,884.0
3537533,918.0
3538534,955.0
3539535,967.0
3540536,951.0
3541537,937.0
3542538,949.0
3543539,960.0
3544540,923.0
3545541,906.0
3546542,987.0
3547543,945.0
3548544,968.0
3549545,949.0
3550546,958.0
3551547,881.0
3552548,930.0
3553549,955.0
3554550,951.0
3555551,950.0
3556552,972.0
3557553,973.0
3558554,945.0
3559555,956.0
3560556,979.0
3561557,939.0
3562558,957.0
3563559,905.0
3564560,951.0
3565561,957.0
3566562,973.0
3567563,967.0
3568564,921.0
3569565,469.0
3570566,827.0
3571567,957.0
3572568,930.0
3573569,987.0
3574570,971.0
3575571,947.0
3576572,929.0
3577573,956.0
3578574,982.0
3579575,820.0
3580576,979.0
3581577,983.0
3582578,963.0
3583579,831.0
3584580,9.0
3585581,969.0
3586582,936.0
3587583,961.0
3588584,859.0
3589585,990.0
3590586,959.0
3591587,982.0
3592588,952.0
3593589,889.0
3594590,971.0
3595591,964.0
3596592,990.0
3597593,898.0
3598594,904.0
3599595,960.0
3600596,944.0
3601597,983.0
3602598,913.0
3603599,920.0
3604600,923.0
3605601,975.0
3606602,999.0
3607603,979.0
3608604,526.0
3609605,517.0
3610606,949.0
3611607,915.0
3612608,653.0
3613609,993.0
3614610,962.0
3615611,938.0
3616612,901.0
3617613,942.0
3618614,975.0
3619615,967.0
3620616,967.0
3621617,958.0
3622618,914.0
3623619,941.0
3624620,945.0
3625621,886.0
3626622,845.0
3627623,811.0
3628624,0.0
3629625,976.0
3630626,925.0
3631627,943.0
3632628,0.0
3633629,948.0
3634630,969.0
3635631,911.0
3636632,863.0
3637633,958.0
3638634,982.0
3639635,362.0
3640636,915.0
3641637,888.0
3642638,940.0
3643639,931.0
3644640,961.0
3645641,961.0
3646642,945.0
3647643,897.0
3648644,569.0
3649645,923.0
3650646,944.0
3651647,925.0
3652648,678.0
3653649,945.0
3654650,956.0
3655651,970.0
3656652,837.0
3657653,948.0
3658654,907.0
3659655,948.0
3660656,363.0
3661657,971.0
3662658,987.0
3663659,907.0
3664660,978.0
3665661,892.0
3666662,852.0
3667663,936.0
3668664,898.0
3669665,969.0
3670666,959.0
3671667,962.0
3672668,986.0
3673669,966.0
3674670,943.0
3675671,977.0
3676672,942.0
3677673,895.0
3678674,828.0
3679675,946.0
3680676,935.0
3681677,927.0
3682678,924.0
3683679,951.0
3684680,948.0
3685681,941.0
3686682,952.0
3687683,947.0
3688684,943.0
3689685,969.0
3690686,908.0
3691687,914.0
3692688,894.0
3693689,951.0
3694690,939.0
3695691,953.0
3696692,0.0
3697693,960.0
3698694,974.0
3699695,974.0
3700696,930.0
3701697,542.0
3702698,945.0
3703699,969.0
3704700,984.0
3705701,933.0
3706702,966.0
3707703,911.0
3708704,995.0
3709705,778.0
3710706,982.0
3711707,882.0
3712708,932.0
3713709,938.0
3714710,968.0
3715711,1000.0
3716712,967.0
3717713,952.0
3718714,979.0
3719715,915.0
3720716,778.0
3721717,981.0
3722718,967.0
3723719,963.0
3724720,876.0
3725721,978.0
3726722,984.0
3727723,967.0
3728724,879.0
3729725,976.0
3730726,963.0
3731727,982.0
3732728,945.0
3733729,943.0
3734730,452.0
3735731,959.0
3736732,944.0
3737733,772.0
3738734,965.0
3739735,923.0
3740736,957.0
3741737,977.0
3742738,918.0
3743739,951.0
3744740,965.0
3745741,953.0
3746742,631.0
3747743,892.0
3748744,983.0
3749745,750.0
3750746,907.0
3751747,951.0
3752748,951.0
3753749,928.0
3754750,936.0
3755751,481.0
3756752,862.0
3757753,937.0
3758754,982.0
3759755,896.0
3760756,796.0
3761757,926.0
3762758,916.0
3763759,715.0
3764760,985.0
3765761,877.0
3766762,789.0
3767763,969.0
3768764,876.0
3769765,922.0
3770766,964.0
3771767,938.0
3772768,937.0
3773769,944.0
3774770,971.0
3775771,948.0
3776772,922.0
3777773,838.0
3778774,881.0
3779775,892.0
3780776,933.0
3781777,710.0
3782778,968.0
3783779,902.0
3784780,749.0
3785781,922.0
3786782,977.0
3787783,923.0
3788784,978.0
3789785,948.0
3790786,870.0
3791787,959.0
3792788,919.0
3793789,980.0
3794790,977.0
3795791,841.0
3796792,977.0
3797793,833.0
3798794,912.0
3799795,1000.0
3800796,870.0
3801797,965.0
3802798,930.0
3803799,993.0
3804800,914.0
3805801,980.0
3806802,981.0
3807803,950.0
3808804,918.0
3809805,891.0
3810806,931.0
3811807,903.0
3812808,949.0
3813809,833.0
3814810,963.0
3815811,442.0
3816812,968.0
3817813,916.0
3818814,968.0
3819815,951.0
3820816,993.0
3821817,975.0
3822818,885.0
3823819,809.0
3824820,966.0
3825821,965.0
3826822,765.0
3827823,966.0
3828824,993.0
3829825,970.0
3830826,971.0
3831827,797.0
3832828,908.0
3833829,959.0
3834830,983.0
3835831,766.0
3836832,897.0
3837833,982.0
3838834,952.0
3839835,791.0
3840836,918.0
3841837,691.0
3842838,960.0
3843839,924.0
3844840,931.0
3845841,819.0
3846842,947.0
3847843,923.0
3848844,996.0
3849845,972.0
3850846,923.0
3851847,956.0
3852848,923.0
3853849,933.0
3854850,916.0
3855851,915.0
3856852,950.0
3857853,927.0
3858854,1000.0
3859855,989.0
3860856,917.0
3861857,990.0
3862858,922.0
3863859,971.0
3864860,971.0
3865861,994.0
3866862,960.0
3867863,939.0
3868864,960.0
3869865,928.0
3870866,950.0
3871867,938.0
3872868,954.0
3873869,927.0
3874870,917.0
3875871,925.0
3876872,979.0
3877873,849.0
3878874,960.0
3879875,959.0
3880876,974.0
3881877,797.0
3882878,847.0
3883879,937.0
3884880,970.0
3885881,927.0
3886882,956.0
3887883,965.0
3888884,957.0
3889885,897.0
3890886,880.0
3891887,957.0
3892888,939.0
3893889,673.0
3894890,931.0
3895891,917.0
3896892,832.0
3897893,953.0
3898894,954.0
3899895,867.0
3900896,962.0
3901897,949.0
3902898,956.0
3903899,963.0
3904900,970.0
3905901,998.0
3906902,955.0
3907903,963.0
3908904,1000.0
3909905,947.0
3910906,902.0
3911907,954.0
3912908,736.0
3913909,942.0
3914910,647.0
3915911,988.0
3916912,957.0
3917913,953.0
3918914,960.0
3919915,989.0
3920916,924.0
3921917,911.0
3922918,999.0
3923919,927.0
3924920,947.0
3925921,945.0
3926922,995.0
3927923,864.0
3928924,973.0
3929925,966.0
3930926,988.0
3931927,987.0
3932928,943.0
3933929,952.0
3934930,913.0
3935931,983.0
3936932,990.0
3937933,670.0
3938934,816.0
3939935,865.0
3940936,959.0
3941937,969.0
3942938,932.0
3943939,773.0
3944940,907.0
3945941,847.0
3946942,937.0
3947943,912.0
3948944,897.0
3949945,926.0
3950946,937.0
3951947,967.0
3952948,924.0
3953949,938.0
3954950,371.0
3955951,966.0
3956952,935.0
3957953,907.0
3958954,945.0
3959955,935.0
3960956,712.0
3961957,966.0
3962958,979.0
3963959,257.0
3964960,936.0
3965961,959.0
3966962,982.0
3967963,971.0
3968964,888.0
3969965,981.0
3970966,768.0
3971967,972.0
3972968,694.0
3973969,935.0
3974970,692.0
3975971,970.0
3976972,594.0
3977973,942.0
3978974,796.0
3979975,981.0
3980976,936.0
3981977,946.0
3982978,886.0
3983979,927.0
3984980,921.0
3985981,774.0
3986982,969.0
3987983,927.0
3988984,979.0
3989985,968.0
3990986,936.0
3991987,970.0
3992988,918.0
3993989,948.0
3994990,986.0
3995991,995.0
3996992,821.0
3997993,971.0
3998994,977.0
3999995,963.0
4000996,961.0
4001997,938.0
4002998,937.0
4003999,948.0
4005000,979.0
4006001,782.0
4007002,988.0
4008003,907.0
4009004,955.0
4010005,879.0
4011006,927.0
4012007,988.0
4013008,923.0
4014009,999.0
4015010,860.0
4016011,799.0
4017012,919.0
4018013,904.0
4019014,869.0
4020015,958.0
4021016,961.0
4022017,988.0
4023018,974.0
4024019,929.0
4025020,957.0
4026021,662.0
4027022,911.0
4028023,752.0
4029024,949.0
4030025,927.0
4031026,976.0
4032027,894.0
4033028,947.0
4034029,975.0
4035030,940.0
4036031,993.0
4037032,959.0
4038033,943.0
4039034,1000.0
4040035,967.0
4041036,231.0
4042037,942.0
4043038,935.0
4044039,951.0
4045040,943.0
4046041,862.0
4047042,916.0
4048043,965.0
4049044,990.0
4050045,954.0
4051046,927.0
4052047,844.0
4053048,954.0
4054049,968.0
4055050,866.0
4056051,939.0
4057052,918.0
4058053,960.0
4059054,865.0
4060055,925.0
4061056,958.0
4062057,959.0
4063058,822.0
4064059,920.0
4065060,957.0
4066061,915.0
4067062,954.0
4068063,859.0
4069064,940.0
4070065,959.0
4071066,290.0
4072067,947.0
4073068,825.0
4074069,911.0
4075070,931.0
4076071,999.0
4077072,955.0
4078073,915.0
4079074,961.0
4080075,962.0
4081076,875.0
4082077,993.0
4083078,930.0
4084079,931.0
4085080,933.0
4086081,938.0
4087082,972.0
4088083,873.0
4089084,912.0
4090085,953.0
4091086,492.0
4092087,986.0
4093088,946.0
4094089,913.0
4095090,936.0
4096091,979.0
4097092,919.0
4098093,939.0
4099094,980.0
4100095,900.0
4101096,976.0
4102097,950.0
4103098,933.0
4104099,955.0
4105100,789.0
4106101,933.0
4107102,934.0
4108103,931.0
4109104,913.0
4110105,971.0
4111106,833.0
4112107,586.0
4113108,919.0
4114109,980.0
4115110,927.0
4116111,968.0
4117112,974.0
4118113,972.0
4119114,969.0
4120115,966.0
4121116,676.0
4122117,944.0
4123118,857.0
4124119,937.0
4125120,945.0
4126121,668.0
4127122,934.0
4128123,941.0
4129124,934.0
4130125,929.0
4131126,793.0
4132127,863.0
4133128,970.0
4134129,961.0
4135130,951.0
4136131,920.0
4137132,935.0
4138133,930.0
4139134,949.0
4140135,844.0
4141136,951.0
4142137,980.0
4143138,964.0
4144139,948.0
4145140,962.0
4146141,922.0
4147142,901.0
4148143,963.0
4149144,957.0
4150145,931.0
4151146,823.0
4152147,939.0
4153148,930.0
4154149,937.0
4155150,935.0
4156151,935.0
4157152,970.0
4158153,977.0
4159154,876.0
4160155,941.0
4161156,982.0
4162157,792.0
4163158,938.0
4164159,973.0
4165160,978.0
4166161,910.0
4167162,874.0
4168163,950.0
4169164,863.0
4170165,986.0
4171166,827.0
4172167,935.0
4173168,996.0
4174169,990.0
4175170,824.0
4176171,940.0
4177172,978.0
4178173,930.0
4179174,936.0
4180175,970.0
4181176,911.0
4182177,963.0
4183178,963.0
4184179,880.0
4185180,941.0
4186181,961.0
4187182,878.0
4188183,956.0
4189184,992.0
4190185,963.0
4191186,998.0
4192187,835.0
4193188,918.0
4194189,962.0
4195190,878.0
4196191,908.0
4197192,904.0
4198193,914.0
4199194,1000.0
4200195,932.0
4201196,949.0
4202197,1000.0
4203198,940.0
4204199,895.0
4205200,881.0
4206201,956.0
4207202,940.0
4208203,962.0
4209204,861.0
4210205,958.0
4211206,848.0
4212207,988.0
4213208,959.0
4214209,951.0
4215210,943.0
4216211,945.0
4217212,953.0
4218213,905.0
4219214,936.0
4220215,974.0
4221216,911.0
4222217,949.0
4223218,919.0
4224219,783.0
4225220,941.0
4226221,944.0
4227222,773.0
4228223,940.0
4229224,938.0
4230225,932.0
4231226,922.0
4232227,927.0
4233228,950.0
4234229,957.0
4235230,935.0
4236231,963.0
4237232,883.0
4238233,964.0
4239234,898.0
4240235,990.0
4241236,954.0
4242237,934.0
4243238,853.0
4244239,982.0
4245240,974.0
4246241,947.0
4247242,966.0
4248243,955.0
4249244,956.0
4250245,959.0
4251246,975.0
4252247,908.0
4253248,321.0
4254249,940.0
4255250,942.0
4256251,936.0
4257252,910.0
4258253,961.0
4259254,921.0
4260255,205.0
4261256,981.0
4262257,964.0
4263258,790.0
4264259,930.0
4265260,954.0
4266261,936.0
4267262,934.0
4268263,937.0
4269264,955.0
4270265,882.0
4271266,951.0
4272267,972.0
4273268,936.0
4274269,977.0
4275270,956.0
4276271,962.0
4277272,947.0
4278273,940.0
4279274,944.0
4280275,959.0
4281276,988.0
4282277,958.0
4283278,987.0
4284279,991.0
4285280,955.0
4286281,930.0
4287282,947.0
4288283,967.0
4289284,959.0
4290285,954.0
4291286,793.0
4292287,843.0
4293288,912.0
4294289,912.0
4295290,985.0
4296291,997.0
4297292,941.0
4298293,982.0
4299294,872.0
4300295,939.0
4301296,907.0
4302297,781.0
4303298,868.0
4304299,963.0
4305300,930.0
4306301,924.0
4307302,952.0
4308303,906.0
4309304,933.0
4310305,938.0
4311306,661.0
4312307,964.0
4313308,899.0
4314309,937.0
4315310,927.0
4316311,523.0
4317312,922.0
4318313,926.0
4319314,921.0
4320315,926.0
4321316,982.0
4322317,942.0
4323318,968.0
4324319,956.0
4325320,876.0
4326321,841.0
4327322,925.0
4328323,820.0
4329324,956.0
4330325,919.0
4331326,924.0
4332327,921.0
4333328,967.0
4334329,873.0
4335330,971.0
4336331,941.0
4337332,943.0
4338333,964.0
4339334,920.0
4340335,961.0
4341336,884.0
4342337,921.0
4343338,967.0
4344339,909.0
4345340,961.0
4346341,920.0
4347342,985.0
4348343,936.0
4349344,891.0
4350345,935.0
4351346,948.0
4352347,977.0
4353348,948.0
4354349,948.0
4355350,939.0
4356351,963.0
4357352,926.0
4358353,46.0
4359354,936.0
4360355,965.0
4361356,907.0
4362357,928.0
4363358,786.0
4364359,970.0
4365360,897.0
4366361,975.0
4367362,950.0
4368363,994.0
4369364,941.0
4370365,941.0
4371366,963.0
4372367,897.0
4373368,964.0
4374369,949.0
4375370,933.0
4376371,778.0
4377372,898.0
4378373,956.0
4379374,749.0
4380375,886.0
4381376,842.0
4382377,829.0
4383378,939.0
4384379,984.0
4385380,958.0
4386381,941.0
4387382,958.0
4388383,954.0
4389384,935.0
4390385,988.0
4391386,976.0
4392387,953.0
4393388,934.0
4394389,935.0
4395390,949.0
4396391,932.0
4397392,827.0
4398393,969.0
4399394,932.0
4400395,959.0
4401396,923.0
4402397,942.0
4403398,892.0
4404399,859.0
4405400,921.0
4406401,951.0
4407402,963.0
4408403,983.0
4409404,973.0
4410405,900.0
4411406,812.0
4412407,953.0
4413408,949.0
4414409,914.0
4415410,942.0
4416411,902.0
4417412,999.0
4418413,973.0
4419414,917.0
4420415,538.0
4421416,945.0
4422417,791.0
4423418,963.0
4424419,935.0
4425420,798.0
4426421,970.0
4427422,947.0
4428423,894.0
4429424,789.0
4430425,979.0
4431426,888.0
4432427,966.0
4433428,997.0
4434429,934.0
4435430,931.0
4436431,942.0
4437432,971.0
4438433,986.0
4439434,964.0
4440435,810.0
4441436,918.0
4442437,987.0
4443438,951.0
4444439,874.0
4445440,942.0
4446441,986.0
4447442,837.0
4448443,958.0
4449444,888.0
4450445,986.0
4451446,942.0
4452447,818.0
4453448,917.0
4454449,940.0
4455450,962.0
4456451,936.0
4457452,911.0
4458453,976.0
4459454,402.0
4460455,903.0
4461456,963.0
4462457,948.0
4463458,959.0
4464459,954.0
4465460,967.0
4466461,980.0
4467462,944.0
4468463,943.0
4469464,821.0
4470465,903.0
4471466,952.0
4472467,913.0
4473468,894.0
4474469,936.0
4475470,966.0
4476471,577.0
4477472,934.0
4478473,941.0
4479474,379.0
4480475,946.0
4481476,959.0
4482477,957.0
4483478,960.0
4484479,955.0
4485480,834.0
4486481,936.0
4487482,963.0
4488483,940.0
4489484,943.0
4490485,944.0
4491486,937.0
4492487,982.0
4493488,856.0
4494489,841.0
4495490,956.0
4496491,923.0
4497492,939.0
4498493,958.0
4499494,752.0
4500495,989.0
4501496,951.0
4502497,959.0
4503498,983.0
4504499,975.0
4505500,982.0
4506501,963.0
4507502,882.0
4508503,965.0
4509504,991.0
4510505,933.0
4511506,974.0
4512507,945.0
4513508,947.0
4514509,975.0
4515510,978.0
4516511,957.0
4517512,995.0
4518513,941.0
4519514,944.0
4520515,948.0
4521516,924.0
4522517,944.0
4523518,978.0
4524519,998.0
4525520,962.0
4526521,976.0
4527522,951.0
4528523,987.0
4529524,963.0
4530525,946.0
4531526,971.0
4532527,1000.0
4533528,908.0
4534529,937.0
4535530,862.0
4536531,923.0
4537532,938.0
4538533,976.0
4539534,900.0
4540535,943.0
4541536,1000.0
4542537,916.0
4543538,847.0
4544539,947.0
4545540,953.0
4546541,655.0
4547542,952.0
4548543,909.0
4549544,981.0
4550545,862.0
4551546,946.0
4552547,981.0
4553548,975.0
4554549,961.0
4555550,979.0
4556551,945.0
4557552,878.0
4558553,956.0
4559554,983.0
4560555,926.0
4561556,977.0
4562557,989.0
4563558,917.0
4564559,883.0
4565560,951.0
4566561,897.0
4567562,939.0
4568563,983.0
4569564,927.0
4570565,923.0
4571566,848.0
4572567,941.0
4573568,997.0
4574569,999.0
4575570,952.0
4576571,906.0
4577572,961.0
4578573,944.0
4579574,935.0
4580575,939.0
4581576,884.0
4582577,973.0
4583578,489.0
4584579,960.0
4585580,948.0
4586581,848.0
4587582,950.0
4588583,883.0
4589584,785.0
4590585,833.0
4591586,947.0
4592587,966.0
4593588,941.0
4594589,452.0
4595590,607.0
4596591,917.0
4597592,956.0
4598593,942.0
4599594,824.0
4600595,947.0
4601596,948.0
4602597,922.0
4603598,932.0
4604599,905.0
4605600,918.0
4606601,952.0
4607602,927.0
4608603,920.0
4609604,970.0
4610605,955.0
4611606,935.0
4612607,949.0
4613608,949.0
4614609,934.0
4615610,906.0
4616611,801.0
4617612,953.0
4618613,927.0
4619614,972.0
4620615,892.0
4621616,970.0
4622617,872.0
4623618,971.0
4624619,922.0
4625620,974.0
4626621,952.0
4627622,925.0
4628623,982.0
4629624,963.0
4630625,934.0
4631626,959.0
4632627,822.0
4633628,969.0
4634629,980.0
4635630,956.0
4636631,977.0
4637632,730.0
4638633,942.0
4639634,963.0
4640635,916.0
4641636,924.0
4642637,868.0
4643638,920.0
4644639,950.0
4645640,763.0
4646641,835.0
4647642,780.0
4648643,925.0
4649644,925.0
4650645,966.0
4651646,880.0
4652647,143.0
4653648,973.0
4654649,970.0
4655650,969.0
4656651,933.0
4657652,1000.0
4658653,939.0
4659654,919.0
4660655,958.0
4661656,951.0
4662657,919.0
4663658,940.0
4664659,986.0
4665660,963.0
4666661,969.0
4667662,843.0
4668663,939.0
4669664,982.0
4670665,939.0
4671666,957.0
4672667,886.0
4673668,964.0
4674669,945.0
4675670,808.0
4676671,970.0
4677672,968.0
4678673,904.0
4679674,855.0
4680675,956.0
4681676,957.0
4682677,949.0
4683678,970.0
4684679,956.0
4685680,915.0
4686681,929.0
4687682,928.0
4688683,907.0
4689684,945.0
4690685,951.0
4691686,907.0
4692687,957.0
4693688,966.0
4694689,944.0
4695690,933.0
4696691,992.0
4697692,841.0
4698693,988.0
4699694,953.0
4700695,924.0
4701696,986.0
4702697,932.0
4703698,925.0
4704699,966.0
4705700,969.0
4706701,984.0
4707702,963.0
4708703,956.0
4709704,937.0
4710705,637.0
4711706,987.0
4712707,979.0
4713708,921.0
4714709,838.0
4715710,909.0
4716711,980.0
4717712,924.0
4718713,1000.0
4719714,951.0
4720715,897.0
4721716,927.0
4722717,436.0
4723718,962.0
4724719,963.0
4725720,901.0
4726721,984.0
4727722,958.0
4728723,934.0
4729724,998.0
4730725,626.0
4731726,733.0
4732727,958.0
4733728,969.0
4734729,943.0
4735730,992.0
4736731,966.0
4737732,944.0
4738733,956.0
4739734,857.0
4740735,871.0
4741736,949.0
4742737,958.0
4743738,942.0
4744739,960.0
4745740,949.0
4746741,929.0
4747742,964.0
4748743,784.0
4749744,447.0
4750745,936.0
4751746,531.0
4752747,897.0
4753748,984.0
4754749,892.0
4755750,950.0
4756751,921.0
4757752,939.0
4758753,418.0
4759754,973.0
4760755,992.0
4761756,642.0
4762757,991.0
4763758,898.0
4764759,883.0
4765760,905.0
4766761,952.0
4767762,945.0
4768763,946.0
4769764,960.0
4770765,937.0
4771766,492.0
4772767,964.0
4773768,951.0
4774769,945.0
4775770,812.0
4776771,979.0
4777772,926.0
4778773,988.0
4779774,958.0
4780775,946.0
4781776,834.0
4782777,948.0
4783778,983.0
4784779,986.0
4785780,929.0
4786781,837.0
4787782,1000.0
4788783,919.0
4789784,978.0
4790785,966.0
4791786,976.0
4792787,918.0
4793788,896.0
4794789,926.0
4795790,953.0
4796791,985.0
4797792,994.0
4798793,985.0
4799794,883.0
4800795,945.0
4801796,941.0
4802797,862.0
4803798,973.0
4804799,915.0
4805800,398.0
4806801,927.0
4807802,894.0
4808803,957.0
4809804,948.0
4810805,983.0
4811806,997.0
4812807,947.0
4813808,967.0
4814809,930.0
4815810,964.0
4816811,868.0
4817812,974.0
4818813,889.0
4819814,949.0
4820815,851.0
4821816,964.0
4822817,981.0
4823818,897.0
4824819,359.0
4825820,940.0
4826821,996.0
4827822,919.0
4828823,961.0
4829824,929.0
4830825,912.0
4831826,941.0
4832827,960.0
4833828,941.0
4834829,982.0
4835830,812.0
4836831,972.0
4837832,935.0
4838833,913.0
4839834,945.0
4840835,969.0
4841836,936.0
4842837,882.0
4843838,972.0
4844839,918.0
4845840,919.0
4846841,978.0
4847842,992.0
4848843,976.0
4849844,966.0
4850845,966.0
4851846,926.0
4852847,879.0
4853848,978.0
4854849,1000.0
4855850,735.0
4856851,943.0
4857852,859.0
4858853,968.0
4859854,967.0
4860855,952.0
4861856,947.0
4862857,682.0
4863858,946.0
4864859,473.0
4865860,993.0
4866861,920.0
4867862,994.0
4868863,929.0
4869864,979.0
4870865,962.0
4871866,962.0
4872867,952.0
4873868,956.0
4874869,955.0
4875870,945.0
4876871,905.0
4877872,934.0
4878873,987.0
4879874,962.0
4880875,966.0
4881876,954.0
4882877,814.0
4883878,946.0
4884879,962.0
4885880,736.0
4886881,958.0
4887882,958.0
4888883,775.0
4889884,897.0
4890885,943.0
4891886,967.0
4892887,949.0
4893888,964.0
4894889,884.0
4895890,961.0
4896891,951.0
4897892,956.0
4898893,947.0
4899894,943.0
4900895,955.0
4901896,942.0
4902897,946.0
4903898,951.0
4904899,966.0
4905900,966.0
4906901,947.0
4907902,957.0
4908903,958.0
4909904,975.0
4910905,964.0
4911906,807.0
4912907,948.0
4913908,849.0
4914909,976.0
4915910,936.0
4916911,928.0
4917912,979.0
4918913,948.0
4919914,971.0
4920915,955.0
4921916,898.0
4922917,898.0
4923918,928.0
4924919,935.0
4925920,959.0
4926921,948.0
4927922,956.0
4928923,940.0
4929924,973.0
4930925,956.0
4931926,957.0
4932927,937.0
4933928,951.0
4934929,984.0
4935930,997.0
4936931,969.0
4937932,958.0
4938933,929.0
4939934,869.0
4940935,961.0
4941936,963.0
4942937,972.0
4943938,867.0
4944939,960.0
4945940,950.0
4946941,919.0
4947942,955.0
4948943,952.0
4949944,966.0
4950945,925.0
4951946,860.0
4952947,766.0
4953948,968.0
4954949,972.0
4955950,979.0
4956951,935.0
4957952,41.0
4958953,4.0
4959954,915.0
4960955,916.0
4961956,936.0
4962957,921.0
4963958,954.0
4964959,909.0
4965960,971.0
4966961,981.0
4967962,941.0
4968963,822.0
4969964,952.0
4970965,988.0
4971966,956.0
4972967,952.0
4973968,956.0
4974969,928.0
4975970,961.0
4976971,945.0
4977972,966.0
4978973,779.0
4979974,994.0
4980975,958.0
4981976,948.0
4982977,935.0
4983978,882.0
4984979,984.0
4985980,960.0
4986981,994.0
4987982,908.0
4988983,720.0
4989984,958.0
4990985,876.0
4991986,943.0
4992987,963.0
4993988,951.0
4994989,885.0
4995990,953.0
4996991,982.0
4997992,946.0
4998993,947.0
4999994,954.0
5000995,960.0
5001996,963.0
5002997,939.0
5003998,993.0
5004999,945.0
5006000,968.0
5007001,920.0
5008002,662.0
5009003,974.0
5010004,833.0
5011005,936.0
5012006,576.0
5013007,929.0
5014008,938.0
5015009,741.0
5016010,872.0
5017011,952.0
5018012,998.0
5019013,497.0
5020014,748.0
5021015,960.0
5022016,984.0
5023017,925.0
5024018,581.0
5025019,969.0
5026020,950.0
5027021,911.0
5028022,956.0
5029023,969.0
5030024,958.0
5031025,898.0
5032026,954.0
5033027,971.0
5034028,944.0
5035029,886.0
5036030,841.0
5037031,941.0
5038032,930.0
5039033,890.0
5040034,976.0
5041035,906.0
5042036,969.0
5043037,953.0
5044038,947.0
5045039,926.0
5046040,968.0
5047041,972.0
5048042,944.0
5049043,954.0
5050044,977.0
5051045,885.0
5052046,970.0
5053047,930.0
5054048,941.0
5055049,984.0
5056050,979.0
5057051,919.0
5058052,813.0
5059053,246.0
5060054,979.0
5061055,932.0
5062056,995.0
5063057,966.0
5064058,838.0
5065059,992.0
5066060,988.0
5067061,828.0
5068062,948.0
5069063,431.0
5070064,990.0
5071065,958.0
5072066,963.0
5073067,879.0
5074068,968.0
5075069,938.0
5076070,964.0
5077071,941.0
5078072,869.0
5079073,726.0
5080074,888.0
5081075,976.0
5082076,911.0
5083077,917.0
5084078,932.0
5085079,962.0
5086080,954.0
5087081,941.0
5088082,954.0
5089083,966.0
5090084,931.0
5091085,968.0
5092086,932.0
5093087,954.0
5094088,937.0
5095089,977.0
5096090,975.0
5097091,953.0
5098092,937.0
5099093,978.0
5100094,933.0
5101095,827.0
5102096,467.0
5103097,960.0
5104098,949.0
5105099,532.0
5106100,942.0
5107101,969.0
5108102,970.0
5109103,862.0
5110104,978.0
5111105,975.0
5112106,939.0
5113107,928.0
5114108,904.0
5115109,928.0
5116110,985.0
5117111,948.0
5118112,984.0
5119113,962.0
5120114,961.0
5121115,962.0
5122116,960.0
5123117,940.0
5124118,993.0
5125119,925.0
5126120,970.0
5127121,959.0
5128122,960.0
5129123,902.0
5130124,903.0
5131125,767.0
5132126,948.0
5133127,955.0
5134128,878.0
5135129,946.0
5136130,968.0
5137131,1000.0
5138132,955.0
5139133,955.0
5140134,863.0
5141135,951.0
5142136,955.0
5143137,591.0
5144138,906.0
5145139,853.0
5146140,986.0
5147141,937.0
5148142,934.0
5149143,957.0
5150144,957.0
5151145,918.0
5152146,961.0
5153147,957.0
5154148,928.0
5155149,892.0
5156150,955.0
5157151,806.0
5158152,958.0
5159153,754.0
5160154,969.0
5161155,960.0
5162156,967.0
5163157,934.0
5164158,986.0
5165159,978.0
5166160,965.0
5167161,952.0
5168162,923.0
5169163,946.0
5170164,750.0
5171165,951.0
5172166,849.0
5173167,926.0
5174168,975.0
5175169,968.0
5176170,905.0
5177171,968.0
5178172,924.0
5179173,913.0
5180174,532.0
5181175,942.0
5182176,951.0
5183177,935.0
5184178,969.0
5185179,986.0
5186180,954.0
5187181,967.0
5188182,894.0
5189183,851.0
5190184,953.0
5191185,913.0
5192186,969.0
5193187,946.0
5194188,929.0
5195189,935.0
5196190,936.0
5197191,765.0
5198192,961.0
5199193,837.0
5200194,973.0
5201195,791.0
5202196,944.0
5203197,969.0
5204198,918.0
5205199,953.0
5206200,944.0
5207201,751.0
5208202,979.0
5209203,968.0
5210204,892.0
5211205,917.0
5212206,950.0
5213207,929.0
5214208,955.0
5215209,950.0
5216210,957.0
5217211,942.0
5218212,927.0
5219213,970.0
5220214,899.0
5221215,967.0
5222216,968.0
5223217,938.0
5224218,956.0
5225219,11.0
5226220,973.0
5227221,984.0
5228222,931.0
5229223,997.0
5230224,943.0
5231225,913.0
5232226,960.0
5233227,316.0
5234228,949.0
5235229,963.0
5236230,944.0
5237231,941.0
5238232,874.0
5239233,958.0
5240234,0.0
5241235,981.0
5242236,949.0
5243237,820.0
5244238,716.0
5245239,655.0
5246240,10.0
5247241,951.0
5248242,941.0
5249243,990.0
5250244,939.0
5251245,825.0
5252246,962.0
5253247,937.0
5254248,936.0
5255249,813.0
5256250,937.0
5257251,951.0
5258252,964.0
5259253,960.0
5260254,978.0
5261255,986.0
5262256,974.0
5263257,957.0
5264258,921.0
5265259,886.0
5266260,847.0
5267261,984.0
5268262,958.0
5269263,945.0
5270264,99.0
5271265,980.0
5272266,932.0
5273267,970.0
5274268,964.0
5275269,943.0
5276270,933.0
5277271,878.0
5278272,962.0
5279273,962.0
5280274,757.0
5281275,948.0
5282276,930.0
5283277,937.0
5284278,962.0
5285279,1000.0
5286280,944.0
5287281,953.0
5288282,917.0
5289283,979.0
5290284,377.0
5291285,964.0
5292286,974.0
5293287,973.0
5294288,959.0
5295289,943.0
5296290,975.0
5297291,938.0
5298292,907.0
5299293,963.0
5300294,865.0
5301295,680.0
5302296,992.0
5303297,948.0
5304298,893.0
5305299,981.0
5306300,963.0
5307301,1000.0
5308302,945.0
5309303,966.0
5310304,949.0
5311305,922.0
5312306,987.0
5313307,969.0
5314308,837.0
5315309,986.0
5316310,968.0
5317311,960.0
5318312,951.0
5319313,971.0
5320314,956.0
5321315,958.0
5322316,932.0
5323317,956.0
5324318,922.0
5325319,948.0
5326320,934.0
5327321,949.0
5328322,985.0
5329323,893.0
5330324,950.0
5331325,962.0
5332326,951.0
5333327,954.0
5334328,928.0
5335329,0.0
5336330,961.0
5337331,919.0
5338332,936.0
5339333,927.0
5340334,879.0
5341335,952.0
5342336,979.0
5343337,944.0
5344338,598.0
5345339,969.0
5346340,964.0
5347341,956.0
5348342,951.0
5349343,977.0
5350344,969.0
5351345,963.0
5352346,958.0
5353347,903.0
5354348,909.0
5355349,979.0
5356350,761.0
5357351,956.0
5358352,778.0
5359353,963.0
5360354,959.0
5361355,941.0
5362356,954.0
5363357,993.0
5364358,936.0
5365359,881.0
5366360,923.0
5367361,971.0
5368362,951.0
5369363,981.0
5370364,971.0
5371365,928.0
5372366,955.0
5373367,951.0
5374368,960.0
5375369,913.0
5376370,948.0
5377371,980.0
5378372,853.0
5379373,957.0
5380374,911.0
5381375,936.0
5382376,913.0
5383377,952.0
5384378,949.0
5385379,988.0
5386380,970.0
5387381,934.0
5388382,891.0
5389383,991.0
5390384,944.0
5391385,945.0
5392386,966.0
5393387,970.0
5394388,89.0
5395389,964.0
5396390,899.0
5397391,934.0
5398392,929.0
5399393,979.0
5400394,980.0
5401395,965.0
5402396,960.0
5403397,872.0
5404398,982.0
5405399,335.0
5406400,934.0
5407401,970.0
5408402,947.0
5409403,966.0
5410404,905.0
5411405,994.0
5412406,952.0
5413407,927.0
5414408,975.0
5415409,938.0
5416410,867.0
5417411,913.0
5418412,977.0
5419413,961.0
5420414,957.0
5421415,979.0
5422416,932.0
5423417,960.0
5424418,968.0
5425419,965.0
5426420,872.0
5427421,922.0
5428422,963.0
5429423,956.0
5430424,951.0
5431425,726.0
5432426,899.0
5433427,953.0
5434428,947.0
5435429,918.0
5436430,980.0
5437431,972.0
5438432,611.0
5439433,897.0
5440434,804.0
5441435,951.0
5442436,968.0
5443437,950.0
5444438,918.0
5445439,962.0
5446440,970.0
5447441,970.0
5448442,953.0
5449443,965.0
5450444,930.0
5451445,1000.0
5452446,972.0
5453447,979.0
5454448,919.0
5455449,960.0
5456450,952.0
5457451,900.0
5458452,951.0
5459453,953.0
5460454,984.0
5461455,924.0
5462456,953.0
5463457,956.0
5464458,943.0
5465459,778.0
5466460,840.0
5467461,966.0
5468462,948.0
5469463,987.0
5470464,796.0
5471465,978.0
5472466,950.0
5473467,944.0
5474468,962.0
5475469,868.0
5476470,870.0
5477471,874.0
5478472,635.0
5479473,829.0
5480474,947.0
5481475,951.0
5482476,952.0
5483477,948.0
5484478,971.0
5485479,812.0
5486480,852.0
5487481,984.0
5488482,980.0
5489483,919.0
5490484,910.0
5491485,957.0
5492486,965.0
5493487,945.0
5494488,926.0
5495489,763.0
5496490,866.0
5497491,961.0
5498492,970.0
5499493,967.0
5500494,993.0
5501495,979.0
5502496,962.0
5503497,977.0
5504498,886.0
5505499,946.0
5506500,946.0
5507501,994.0
5508502,954.0
5509503,799.0
5510504,931.0
5511505,818.0
5512506,962.0
5513507,627.0
5514508,913.0
5515509,981.0
5516510,998.0
5517511,964.0
5518512,981.0
5519513,983.0
5520514,675.0
5521515,951.0
5522516,802.0
5523517,847.0
5524518,975.0
5525519,978.0
5526520,943.0
5527521,972.0
5528522,983.0
5529523,943.0
5530524,918.0
5531525,959.0
5532526,941.0
5533527,958.0
5534528,940.0
5535529,946.0
5536530,938.0
5537531,971.0
5538532,958.0
5539533,953.0
5540534,952.0
5541535,511.0
5542536,963.0
5543537,966.0
5544538,951.0
5545539,947.0
5546540,948.0
5547541,983.0
5548542,886.0
5549543,969.0
5550544,958.0
5551545,958.0
5552546,963.0
5553547,967.0
5554548,940.0
5555549,931.0
5556550,965.0
5557551,783.0
5558552,947.0
5559553,963.0
5560554,950.0
5561555,962.0
5562556,921.0
5563557,884.0
5564558,965.0
5565559,898.0
5566560,950.0
5567561,1000.0
5568562,985.0
5569563,955.0
5570564,993.0
5571565,954.0
5572566,942.0
5573567,972.0
5574568,983.0
5575569,959.0
5576570,942.0
5577571,890.0
5578572,949.0
5579573,981.0
5580574,855.0
5581575,963.0
5582576,812.0
5583577,977.0
5584578,827.0
5585579,902.0
5586580,821.0
5587581,972.0
5588582,946.0
5589583,691.0
5590584,979.0
5591585,913.0
5592586,987.0
5593587,893.0
5594588,956.0
5595589,771.0
5596590,940.0
5597591,966.0
5598592,849.0
5599593,842.0
5600594,802.0
5601595,970.0
5602596,996.0
5603597,900.0
5604598,916.0
5605599,911.0
5606600,857.0
5607601,952.0
5608602,958.0
5609603,950.0
5610604,968.0
5611605,949.0
5612606,907.0
5613607,961.0
5614608,922.0
5615609,932.0
5616610,964.0
5617611,927.0
5618612,906.0
5619613,949.0
5620614,855.0
5621615,848.0
5622616,851.0
5623617,177.0
5624618,881.0
5625619,994.0
5626620,968.0
5627621,999.0
5628622,980.0
5629623,958.0
5630624,940.0
5631625,936.0
5632626,870.0
5633627,935.0
5634628,946.0
5635629,943.0
5636630,922.0
5637631,945.0
5638632,954.0
5639633,937.0
5640634,970.0
5641635,962.0
5642636,847.0
5643637,954.0
5644638,930.0
5645639,918.0
5646640,951.0
5647641,917.0
5648642,958.0
5649643,868.0
5650644,966.0
5651645,923.0
5652646,964.0
5653647,932.0
5654648,962.0
5655649,929.0
5656650,1000.0
5657651,905.0
5658652,972.0
5659653,955.0
5660654,954.0
5661655,957.0
5662656,971.0
5663657,928.0
5664658,497.0
5665659,969.0
5666660,952.0
5667661,963.0
5668662,940.0
5669663,956.0
5670664,991.0
5671665,924.0
5672666,988.0
5673667,960.0
5674668,946.0
5675669,959.0
5676670,911.0
5677671,967.0
5678672,954.0
5679673,896.0
5680674,952.0
5681675,980.0
5682676,945.0
5683677,627.0
5684678,931.0
5685679,959.0
5686680,953.0
5687681,952.0
5688682,909.0
5689683,950.0
5690684,945.0
5691685,947.0
5692686,954.0
5693687,916.0
5694688,987.0
5695689,846.0
5696690,917.0
5697691,945.0
5698692,953.0
5699693,955.0
5700694,974.0
5701695,941.0
5702696,732.0
5703697,922.0
5704698,952.0
5705699,990.0
5706700,942.0
5707701,955.0
5708702,814.0
5709703,967.0
5710704,976.0
5711705,942.0
5712706,915.0
5713707,923.0
5714708,952.0
5715709,965.0
5716710,943.0
5717711,937.0
5718712,974.0
5719713,943.0
5720714,984.0
5721715,988.0
5722716,981.0
5723717,973.0
5724718,1000.0
5725719,876.0
5726720,987.0
5727721,955.0
5728722,922.0
5729723,983.0
5730724,964.0
5731725,846.0
5732726,977.0
5733727,955.0
5734728,962.0
5735729,977.0
5736730,646.0
5737731,939.0
5738732,938.0
5739733,935.0
5740734,757.0
5741735,1000.0
5742736,953.0
5743737,978.0
5744738,933.0
5745739,980.0
5746740,840.0
5747741,932.0
5748742,963.0
5749743,967.0
5750744,922.0
5751745,932.0
5752746,935.0
5753747,947.0
5754748,925.0
5755749,962.0
5756750,905.0
5757751,970.0
5758752,958.0
5759753,968.0
5760754,945.0
5761755,927.0
5762756,967.0
5763757,947.0
5764758,964.0
5765759,852.0
5766760,964.0
5767761,927.0
5768762,909.0
5769763,963.0
5770764,826.0
5771765,983.0
5772766,966.0
5773767,951.0
5774768,988.0
5775769,912.0
5776770,968.0
5777771,957.0
5778772,949.0
5779773,971.0
5780774,956.0
5781775,825.0
5782776,862.0
5783777,898.0
5784778,948.0
5785779,961.0
5786780,938.0
5787781,934.0
5788782,956.0
5789783,890.0
5790784,953.0
5791785,942.0
5792786,942.0
5793787,827.0
5794788,942.0
5795789,920.0
5796790,947.0
5797791,984.0
5798792,962.0
5799793,922.0
5800794,946.0
5801795,957.0
5802796,945.0
5803797,973.0
5804798,949.0
5805799,928.0
5806800,958.0
5807801,958.0
5808802,910.0
5809803,937.0
5810804,933.0
5811805,916.0
5812806,948.0
5813807,963.0
5814808,953.0
5815809,957.0
5816810,540.0
5817811,951.0
5818812,886.0
5819813,913.0
5820814,959.0
5821815,973.0
5822816,951.0
5823817,965.0
5824818,942.0
5825819,926.0
5826820,981.0
5827821,882.0
5828822,685.0
5829823,855.0
5830824,959.0
5831825,852.0
5832826,977.0
5833827,829.0
5834828,941.0
5835829,975.0
5836830,974.0
5837831,954.0
5838832,964.0
5839833,964.0
5840834,892.0
5841835,931.0
5842836,936.0
5843837,972.0
5844838,927.0
5845839,951.0
5846840,963.0
5847841,969.0
5848842,967.0
5849843,974.0
5850844,951.0
5851845,891.0
5852846,942.0
5853847,935.0
5854848,974.0
5855849,923.0
5856850,917.0
5857851,916.0
5858852,975.0
5859853,955.0
5860854,945.0
5861855,948.0
5862856,945.0
5863857,814.0
5864858,982.0
5865859,936.0
5866860,998.0
5867861,968.0
5868862,949.0
5869863,528.0
5870864,547.0
5871865,932.0
5872866,979.0
5873867,963.0
5874868,960.0
5875869,945.0
5876870,975.0
5877871,926.0
5878872,952.0
5879873,962.0
5880874,897.0
5881875,969.0
5882876,979.0
5883877,865.0
5884878,804.0
5885879,955.0
5886880,959.0
5887881,973.0
5888882,965.0
5889883,962.0
5890884,958.0
5891885,931.0
5892886,956.0
5893887,911.0
5894888,392.0
5895889,940.0
5896890,976.0
5897891,888.0
5898892,926.0
5899893,976.0
5900894,929.0
5901895,910.0
5902896,981.0
5903897,825.0
5904898,982.0
5905899,983.0
5906900,975.0
5907901,861.0
5908902,639.0
5909903,916.0
5910904,964.0
5911905,966.0
5912906,952.0
5913907,952.0
5914908,944.0
5915909,966.0
5916910,991.0
5917911,967.0
5918912,962.0
5919913,962.0
5920914,955.0
5921915,870.0
5922916,935.0
5923917,961.0
5924918,965.0
5925919,935.0
5926920,912.0
5927921,719.0
5928922,931.0
5929923,730.0
5930924,985.0
5931925,965.0
5932926,904.0
5933927,948.0
5934928,965.0
5935929,929.0
5936930,985.0
5937931,983.0
5938932,943.0
5939933,978.0
5940934,964.0
5941935,989.0
5942936,763.0
5943937,944.0
5944938,962.0
5945939,963.0
5946940,937.0
5947941,897.0
5948942,828.0
5949943,944.0
5950944,955.0
5951945,824.0
5952946,937.0
5953947,934.0
5954948,867.0
5955949,954.0
5956950,932.0
5957951,846.0
5958952,939.0
5959953,918.0
5960954,932.0
5961955,956.0
5962956,946.0
5963957,966.0
5964958,962.0
5965959,887.0
5966960,951.0
5967961,940.0
5968962,955.0
5969963,941.0
5970964,908.0
5971965,968.0
5972966,900.0
5973967,808.0
5974968,974.0
5975969,973.0
5976970,984.0
5977971,949.0
5978972,988.0
5979973,959.0
5980974,978.0
5981975,949.0
5982976,920.0
5983977,855.0
5984978,935.0
5985979,969.0
5986980,960.0
5987981,734.0
5988982,940.0
5989983,930.0
5990984,951.0
5991985,941.0
5992986,972.0
5993987,943.0
5994988,823.0
5995989,973.0
5996990,959.0
5997991,905.0
5998992,925.0
5999993,1000.0
6000994,892.0
6001995,977.0
6002996,969.0
6003997,974.0
6004998,936.0
6005999,945.0
6007000,983.0
6008001,928.0
6009002,954.0
6010003,874.0
6011004,849.0
6012005,967.0
6013006,972.0
6014007,983.0
6015008,984.0
6016009,970.0
6017010,940.0
6018011,870.0
6019012,914.0
6020013,703.0
6021014,978.0
6022015,960.0
6023016,968.0
6024017,959.0
6025018,926.0
6026019,947.0
6027020,974.0
6028021,995.0
6029022,958.0
6030023,973.0
6031024,944.0
6032025,708.0
6033026,940.0
6034027,973.0
6035028,947.0
6036029,911.0
6037030,1000.0
6038031,1000.0
6039032,831.0
6040033,646.0
6041034,862.0
6042035,881.0
6043036,949.0
6044037,989.0
6045038,951.0
6046039,864.0
6047040,940.0
6048041,861.0
6049042,987.0
6050043,895.0
6051044,970.0
6052045,845.0
6053046,990.0
6054047,971.0
6055048,988.0
6056049,574.0
6057050,977.0
6058051,961.0
6059052,964.0
6060053,969.0
6061054,982.0
6062055,938.0
6063056,877.0
6064057,958.0
6065058,756.0
6066059,932.0
6067060,971.0
6068061,849.0
6069062,956.0
6070063,971.0
6071064,970.0
6072065,928.0
6073066,964.0
6074067,942.0
6075068,921.0
6076069,810.0
6077070,969.0
6078071,902.0
6079072,956.0
6080073,973.0
6081074,953.0
6082075,847.0
6083076,962.0
6084077,898.0
6085078,986.0
6086079,971.0
6087080,881.0
6088081,915.0
6089082,941.0
6090083,944.0
6091084,975.0
6092085,959.0
6093086,819.0
6094087,889.0
6095088,925.0
6096089,994.0
6097090,933.0
6098091,941.0
6099092,948.0
6100093,953.0
6101094,996.0
6102095,862.0
6103096,974.0
6104097,968.0
6105098,945.0
6106099,973.0
6107100,984.0
6108101,970.0
6109102,952.0
6110103,949.0
6111104,944.0
6112105,970.0
6113106,943.0
6114107,935.0
6115108,891.0
6116109,943.0
6117110,959.0
6118111,976.0
6119112,793.0
6120113,958.0
6121114,927.0
6122115,840.0
6123116,959.0
6124117,939.0
6125118,959.0
6126119,931.0
6127120,957.0
6128121,979.0
6129122,1000.0
6130123,938.0
6131124,901.0
6132125,938.0
6133126,0.0
6134127,923.0
6135128,963.0
6136129,970.0
6137130,984.0
6138131,823.0
6139132,966.0
6140133,938.0
6141134,951.0
6142135,951.0
6143136,930.0
6144137,973.0
6145138,929.0
6146139,940.0
6147140,878.0
6148141,838.0
6149142,971.0
6150143,966.0
6151144,969.0
6152145,966.0
6153146,880.0
6154147,953.0
6155148,967.0
6156149,938.0
6157150,595.0
6158151,962.0
6159152,935.0
6160153,971.0
6161154,856.0
6162155,974.0
6163156,954.0
6164157,977.0
6165158,934.0
6166159,974.0
6167160,952.0
6168161,923.0
6169162,963.0
6170163,927.0
6171164,953.0
6172165,940.0
6173166,917.0
6174167,953.0
6175168,917.0
6176169,962.0
6177170,841.0
6178171,938.0
6179172,954.0
6180173,949.0
6181174,982.0
6182175,958.0
6183176,993.0
6184177,966.0
6185178,924.0
6186179,961.0
6187180,957.0
6188181,936.0
6189182,872.0
6190183,862.0
6191184,955.0
6192185,958.0
6193186,927.0
6194187,818.0
6195188,976.0
6196189,908.0
6197190,947.0
6198191,974.0
6199192,977.0
6200193,842.0
6201194,977.0
6202195,973.0
6203196,948.0
6204197,946.0
6205198,964.0
6206199,982.0
6207200,969.0
6208201,988.0
6209202,945.0
6210203,972.0
6211204,940.0
6212205,863.0
6213206,967.0
6214207,962.0
6215208,965.0
6216209,825.0
6217210,986.0
6218211,972.0
6219212,981.0
6220213,989.0
6221214,674.0
6222215,955.0
6223216,957.0
6224217,931.0
6225218,1000.0
6226219,946.0
6227220,949.0
6228221,946.0
6229222,961.0
6230223,908.0
6231224,966.0
6232225,880.0
6233226,887.0
6234227,924.0
6235228,939.0
6236229,939.0
6237230,964.0
6238231,980.0
6239232,982.0
6240233,0.0
6241234,935.0
6242235,958.0
6243236,945.0
6244237,991.0
6245238,978.0
6246239,958.0
6247240,981.0
6248241,829.0
6249242,966.0
6250243,962.0
6251244,967.0
6252245,806.0
6253246,925.0
6254247,909.0
6255248,953.0
6256249,930.0
6257250,860.0
6258251,930.0
6259252,947.0
6260253,917.0
6261254,956.0
6262255,972.0
6263256,908.0
6264257,925.0
6265258,877.0
6266259,944.0
6267260,921.0
6268261,956.0
6269262,1000.0
6270263,994.0
6271264,931.0
6272265,927.0
6273266,957.0
6274267,942.0
6275268,944.0
6276269,917.0
6277270,918.0
6278271,963.0
6279272,926.0
6280273,967.0
6281274,950.0
6282275,966.0
6283276,929.0
6284277,941.0
6285278,956.0
6286279,908.0
6287280,978.0
6288281,955.0
6289282,948.0
6290283,963.0
6291284,924.0
6292285,915.0
6293286,945.0
6294287,956.0
6295288,837.0
6296289,977.0
6297290,1000.0
6298291,961.0
6299292,809.0
6300293,934.0
6301294,965.0
6302295,949.0
6303296,912.0
6304297,917.0
6305298,948.0
6306299,933.0
6307300,947.0
6308301,932.0
6309302,922.0
6310303,936.0
6311304,940.0
6312305,687.0
6313306,975.0
6314307,948.0
6315308,909.0
6316309,969.0
6317310,944.0
6318311,945.0
6319312,944.0
6320313,932.0
6321314,918.0
6322315,871.0
6323316,976.0
6324317,63.0
6325318,977.0
6326319,135.0
6327320,990.0
6328321,937.0
6329322,955.0
6330323,916.0
6331324,965.0
6332325,955.0
6333326,958.0
6334327,883.0
6335328,958.0
6336329,944.0
6337330,961.0
6338331,939.0
6339332,951.0
6340333,913.0
6341334,907.0
6342335,969.0
6343336,970.0
6344337,952.0
6345338,948.0
6346339,918.0
6347340,974.0
6348341,941.0
6349342,885.0
6350343,956.0
6351344,959.0
6352345,904.0
6353346,860.0
6354347,981.0
6355348,954.0
6356349,898.0
6357350,923.0
6358351,960.0
6359352,957.0
6360353,944.0
6361354,972.0
6362355,1000.0
6363356,925.0
6364357,962.0
6365358,931.0
6366359,850.0
6367360,889.0
6368361,961.0
6369362,942.0
6370363,791.0
6371364,944.0
6372365,886.0
6373366,950.0
6374367,947.0
6375368,954.0
6376369,878.0
6377370,1000.0
6378371,934.0
6379372,965.0
6380373,944.0
6381374,954.0
6382375,901.0
6383376,923.0
6384377,801.0
6385378,877.0
6386379,928.0
6387380,937.0
6388381,948.0
6389382,966.0
6390383,972.0
6391384,969.0
6392385,971.0
6393386,936.0
6394387,950.0
6395388,935.0
6396389,925.0
6397390,915.0
6398391,784.0
6399392,125.0
6400393,970.0
6401394,992.0
6402395,931.0
6403396,943.0
6404397,949.0
6405398,971.0
6406399,989.0
6407400,947.0
6408401,922.0
6409402,995.0
6410403,976.0
6411404,930.0
6412405,947.0
6413406,894.0
6414407,927.0
6415408,883.0
6416409,941.0
6417410,967.0
6418411,945.0
6419412,933.0
6420413,966.0
6421414,0.0
6422415,907.0
6423416,804.0
6424417,890.0
6425418,960.0
6426419,1000.0
6427420,923.0
6428421,776.0
6429422,978.0
6430423,963.0
6431424,960.0
6432425,960.0
6433426,915.0
6434427,943.0
6435428,974.0
6436429,959.0
6437430,944.0
6438431,934.0
6439432,862.0
6440433,976.0
6441434,950.0
6442435,888.0
6443436,923.0
6444437,955.0
6445438,926.0
6446439,973.0
6447440,957.0
6448441,960.0
6449442,885.0
6450443,977.0
6451444,946.0
6452445,841.0
6453446,929.0
6454447,935.0
6455448,958.0
6456449,958.0
6457450,789.0
6458451,990.0
6459452,936.0
6460453,940.0
6461454,973.0
6462455,962.0
6463456,938.0
6464457,907.0
6465458,977.0
6466459,973.0
6467460,944.0
6468461,950.0
6469462,946.0
6470463,992.0
6471464,715.0
6472465,939.0
6473466,822.0
6474467,734.0
6475468,977.0
6476469,961.0
6477470,933.0
6478471,926.0
6479472,985.0
6480473,946.0
6481474,934.0
6482475,930.0
6483476,936.0
6484477,952.0
6485478,910.0
6486479,941.0
6487480,953.0
6488481,828.0
6489482,964.0
6490483,966.0
6491484,951.0
6492485,975.0
6493486,983.0
6494487,925.0
6495488,940.0
6496489,938.0
6497490,952.0
6498491,922.0
6499492,903.0
6500493,975.0
6501494,761.0
6502495,916.0
6503496,905.0
6504497,940.0
6505498,993.0
6506499,970.0
6507500,957.0
6508501,961.0
6509502,961.0
6510503,967.0
6511504,951.0
6512505,928.0
6513506,553.0
6514507,922.0
6515508,927.0
6516509,934.0
6517510,928.0
6518511,938.0
6519512,970.0
6520513,984.0
6521514,952.0
6522515,900.0
6523516,952.0
6524517,969.0
6525518,933.0
6526519,971.0
6527520,957.0
6528521,969.0
6529522,917.0
6530523,958.0
6531524,949.0
6532525,985.0
6533526,973.0
6534527,903.0
6535528,955.0
6536529,977.0
6537530,525.0
6538531,965.0
6539532,878.0
6540533,962.0
6541534,762.0
6542535,899.0
6543536,951.0
6544537,821.0
6545538,935.0
6546539,822.0
6547540,604.0
6548541,922.0
6549542,931.0
6550543,927.0
6551544,972.0
6552545,748.0
6553546,984.0
6554547,959.0
6555548,936.0
6556549,996.0
6557550,956.0
6558551,827.0
6559552,838.0
6560553,902.0
6561554,888.0
6562555,721.0
6563556,910.0
6564557,939.0
6565558,940.0
6566559,944.0
6567560,943.0
6568561,926.0
6569562,979.0
6570563,908.0
6571564,910.0
6572565,970.0
6573566,962.0
6574567,924.0
6575568,882.0
6576569,920.0
6577570,977.0
6578571,937.0
6579572,940.0
6580573,970.0
6581574,966.0
6582575,986.0
6583576,981.0
6584577,974.0
6585578,950.0
6586579,919.0
6587580,861.0
6588581,964.0
6589582,930.0
6590583,849.0
6591584,922.0
6592585,990.0
6593586,903.0
6594587,968.0
6595588,917.0
6596589,901.0
6597590,846.0
6598591,925.0
6599592,941.0
6600593,936.0
6601594,951.0
6602595,978.0
6603596,939.0
6604597,872.0
6605598,991.0
6606599,914.0
6607600,884.0
6608601,966.0
6609602,847.0
6610603,937.0
6611604,833.0
6612605,957.0
6613606,969.0
6614607,976.0
6615608,941.0
6616609,945.0
6617610,947.0
6618611,923.0
6619612,807.0
6620613,892.0
6621614,864.0
6622615,995.0
6623616,881.0
6624617,948.0
6625618,954.0
6626619,943.0
6627620,915.0
6628621,969.0
6629622,962.0
6630623,939.0
6631624,952.0
6632625,950.0
6633626,942.0
6634627,916.0
6635628,966.0
6636629,957.0
6637630,910.0
6638631,946.0
6639632,960.0
6640633,991.0
6641634,895.0
6642635,948.0
6643636,986.0
6644637,865.0
6645638,945.0
6646639,886.0
6647640,974.0
6648641,963.0
6649642,984.0
6650643,941.0
6651644,884.0
6652645,972.0
6653646,996.0
6654647,949.0
6655648,928.0
6656649,943.0
6657650,923.0
6658651,964.0
6659652,963.0
6660653,942.0
6661654,972.0
6662655,953.0
6663656,936.0
6664657,910.0
6665658,860.0
6666659,862.0
6667660,1000.0
6668661,961.0
6669662,944.0
6670663,951.0
6671664,954.0
6672665,969.0
6673666,905.0
6674667,960.0
6675668,970.0
6676669,961.0
6677670,968.0
6678671,977.0
6679672,106.0
6680673,935.0
6681674,950.0
6682675,948.0
6683676,965.0
6684677,941.0
6685678,959.0
6686679,994.0
6687680,939.0
6688681,966.0
6689682,935.0
6690683,975.0
6691684,964.0
6692685,821.0
6693686,956.0
6694687,850.0
6695688,971.0
6696689,934.0
6697690,929.0
6698691,984.0
6699692,902.0
6700693,906.0
6701694,808.0
6702695,938.0
6703696,943.0
6704697,968.0
6705698,949.0
6706699,883.0
6707700,1000.0
6708701,960.0
6709702,934.0
6710703,955.0
6711704,970.0
6712705,936.0
6713706,993.0
6714707,1000.0
6715708,978.0
6716709,966.0
6717710,944.0
6718711,957.0
6719712,933.0
6720713,966.0
6721714,972.0
6722715,850.0
6723716,933.0
6724717,303.0
6725718,965.0
6726719,975.0
6727720,950.0
6728721,927.0
6729722,937.0
6730723,942.0
6731724,971.0
6732725,962.0
6733726,959.0
6734727,926.0
6735728,901.0
6736729,950.0
6737730,950.0
6738731,991.0
6739732,836.0
6740733,941.0
6741734,990.0
6742735,937.0
6743736,961.0
6744737,936.0
6745738,938.0
6746739,961.0
6747740,925.0
6748741,962.0
6749742,957.0
6750743,962.0
6751744,949.0
6752745,938.0
6753746,987.0
6754747,941.0
6755748,1000.0
6756749,954.0
6757750,982.0
6758751,956.0
6759752,913.0
6760753,956.0
6761754,926.0
6762755,875.0
6763756,973.0
6764757,940.0
6765758,953.0
6766759,930.0
6767760,929.0
6768761,952.0
6769762,982.0
6770763,969.0
6771764,820.0
6772765,949.0
6773766,818.0
6774767,895.0
6775768,963.0
6776769,995.0
6777770,951.0
6778771,825.0
6779772,878.0
6780773,927.0
6781774,749.0
6782775,963.0
6783776,964.0
6784777,955.0
6785778,927.0
6786779,923.0
6787780,893.0
6788781,972.0
6789782,946.0
6790783,951.0
6791784,942.0
6792785,925.0
6793786,916.0
6794787,924.0
6795788,952.0
6796789,939.0
6797790,972.0
6798791,989.0
6799792,892.0
6800793,955.0
6801794,967.0
6802795,840.0
6803796,627.0
6804797,887.0
6805798,913.0
6806799,968.0
6807800,950.0
6808801,504.0
6809802,966.0
6810803,935.0
6811804,916.0
6812805,968.0
6813806,935.0
6814807,934.0
6815808,956.0
6816809,937.0
6817810,820.0
6818811,877.0
6819812,934.0
6820813,945.0
6821814,927.0
6822815,911.0
6823816,974.0
6824817,920.0
6825818,901.0
6826819,949.0
6827820,943.0
6828821,843.0
6829822,952.0
6830823,914.0
6831824,964.0
6832825,954.0
6833826,939.0
6834827,960.0
6835828,965.0
6836829,942.0
6837830,968.0
6838831,973.0
6839832,931.0
6840833,910.0
6841834,306.0
6842835,986.0
6843836,968.0
6844837,857.0
6845838,980.0
6846839,926.0
6847840,955.0
6848841,962.0
6849842,961.0
6850843,923.0
6851844,902.0
6852845,929.0
6853846,924.0
6854847,958.0
6855848,958.0
6856849,968.0
6857850,873.0
6858851,978.0
6859852,922.0
6860853,847.0
6861854,903.0
6862855,979.0
6863856,905.0
6864857,994.0
6865858,976.0
6866859,959.0
6867860,983.0
6868861,957.0
6869862,976.0
6870863,919.0
6871864,931.0
6872865,971.0
6873866,925.0
6874867,921.0
6875868,988.0
6876869,968.0
6877870,966.0
6878871,948.0
6879872,897.0
6880873,835.0
6881874,985.0
6882875,961.0
6883876,993.0
6884877,943.0
6885878,919.0
6886879,965.0
6887880,957.0
6888881,941.0
6889882,941.0
6890883,953.0
6891884,932.0
6892885,932.0
6893886,965.0
6894887,954.0
6895888,962.0
6896889,807.0
6897890,949.0
6898891,967.0
6899892,930.0
6900893,923.0
6901894,979.0
6902895,925.0
6903896,945.0
6904897,997.0
6905898,964.0
6906899,913.0
6907900,950.0
6908901,951.0
6909902,954.0
6910903,945.0
6911904,958.0
6912905,981.0
6913906,858.0
6914907,960.0
6915908,943.0
6916909,938.0
6917910,972.0
6918911,988.0
6919912,929.0
6920913,977.0
6921914,962.0
6922915,920.0
6923916,987.0
6924917,955.0
6925918,896.0
6926919,972.0
6927920,990.0
6928921,995.0
6929922,916.0
6930923,947.0
6931924,914.0
6932925,950.0
6933926,967.0
6934927,782.0
6935928,906.0
6936929,976.0
6937930,925.0
6938931,931.0
6939932,964.0
6940933,926.0
6941934,974.0
6942935,953.0
6943936,974.0
6944937,912.0
6945938,950.0
6946939,941.0
6947940,922.0
6948941,937.0
6949942,940.0
6950943,974.0
6951944,934.0
6952945,937.0
6953946,953.0
6954947,919.0
6955948,944.0
6956949,926.0
6957950,991.0
6958951,939.0
6959952,897.0
6960953,968.0
6961954,973.0
6962955,997.0
6963956,941.0
6964957,941.0
6965958,947.0
6966959,908.0
6967960,903.0
6968961,961.0
6969962,950.0
6970963,966.0
6971964,963.0
6972965,920.0
6973966,944.0
6974967,937.0
6975968,974.0
6976969,966.0
6977970,986.0
6978971,966.0
6979972,959.0
6980973,104.0
6981974,983.0
6982975,928.0
6983976,939.0
6984977,951.0
6985978,993.0
6986979,953.0
6987980,968.0
6988981,881.0
6989982,985.0
6990983,969.0
6991984,943.0
6992985,932.0
6993986,940.0
6994987,960.0
6995988,968.0
6996989,969.0
6997990,947.0
6998991,991.0
6999992,884.0
7000993,993.0
7001994,928.0
7002995,983.0
7003996,932.0
7004997,906.0
7005998,955.0
7006999,968.0
7008000,974.0
7009001,944.0
7010002,944.0
7011003,952.0
7012004,930.0
7013005,938.0
7014006,948.0
7015007,999.0
7016008,932.0
7017009,966.0
7018010,951.0
7019011,415.0
7020012,902.0
7021013,986.0
7022014,973.0
7023015,962.0
7024016,772.0
7025017,862.0
7026018,904.0
7027019,760.0
7028020,882.0
7029021,960.0
7030022,896.0
7031023,946.0
7032024,918.0
7033025,953.0
7034026,981.0
7035027,984.0
7036028,988.0
7037029,919.0
7038030,950.0
7039031,938.0
7040032,688.0
7041033,833.0
7042034,957.0
7043035,846.0
7044036,916.0
7045037,949.0
7046038,920.0
7047039,921.0
7048040,987.0
7049041,949.0
7050042,722.0
7051043,943.0
7052044,872.0
7053045,953.0
7054046,956.0
7055047,957.0
7056048,950.0
7057049,929.0
7058050,968.0
7059051,981.0
7060052,999.0
7061053,929.0
7062054,961.0
7063055,986.0
7064056,942.0
7065057,856.0
7066058,957.0
7067059,976.0
7068060,848.0
7069061,951.0
7070062,902.0
7071063,970.0
7072064,846.0
7073065,974.0
7074066,878.0
7075067,963.0
7076068,898.0
7077069,980.0
7078070,917.0
7079071,966.0
7080072,941.0
7081073,734.0
7082074,976.0
7083075,931.0
7084076,915.0
7085077,927.0
7086078,998.0
7087079,966.0
7088080,1000.0
7089081,933.0
7090082,975.0
7091083,831.0
7092084,911.0
7093085,939.0
7094086,977.0
7095087,926.0
7096088,996.0
7097089,990.0
7098090,762.0
7099091,936.0
7100092,963.0
7101093,962.0
7102094,896.0
7103095,929.0
7104096,906.0
7105097,943.0
7106098,960.0
7107099,953.0
7108100,987.0
7109101,438.0
7110102,960.0
7111103,932.0
7112104,956.0
7113105,917.0
7114106,948.0
7115107,950.0
7116108,964.0
7117109,964.0
7118110,992.0
7119111,810.0
7120112,933.0
7121113,949.0
7122114,895.0
7123115,959.0
7124116,970.0
7125117,933.0
7126118,837.0
7127119,952.0
7128120,903.0
7129121,936.0
7130122,950.0
7131123,954.0
7132124,903.0
7133125,915.0
7134126,940.0
7135127,801.0
7136128,949.0
7137129,839.0
7138130,860.0
7139131,971.0
7140132,982.0
7141133,938.0
7142134,960.0
7143135,971.0
7144136,921.0
7145137,957.0
7146138,961.0
7147139,981.0
7148140,943.0
7149141,1000.0
7150142,987.0
7151143,934.0
7152144,973.0
7153145,816.0
7154146,996.0
7155147,934.0
7156148,958.0
7157149,805.0
7158150,955.0
7159151,965.0
7160152,953.0
7161153,991.0
7162154,909.0
7163155,944.0
7164156,954.0
7165157,949.0
7166158,913.0
7167159,960.0
7168160,941.0
7169161,989.0
7170162,916.0
7171163,959.0
7172164,944.0
7173165,925.0
7174166,847.0
7175167,911.0
7176168,985.0
7177169,923.0
7178170,956.0
7179171,955.0
7180172,953.0
7181173,982.0
7182174,934.0
7183175,926.0
7184176,976.0
7185177,926.0
7186178,958.0
7187179,857.0
7188180,984.0
7189181,936.0
7190182,941.0
7191183,989.0
7192184,914.0
7193185,849.0
7194186,955.0
7195187,938.0
7196188,921.0
7197189,967.0
7198190,977.0
7199191,924.0
7200192,972.0
7201193,943.0
7202194,970.0
7203195,969.0
7204196,947.0
7205197,610.0
7206198,977.0
7207199,748.0
7208200,970.0
7209201,916.0
7210202,967.0
7211203,929.0
7212204,877.0
7213205,915.0
7214206,942.0
7215207,945.0
7216208,950.0
7217209,1000.0
7218210,938.0
7219211,900.0
7220212,931.0
7221213,955.0
7222214,914.0
7223215,927.0
7224216,988.0
7225217,944.0
7226218,892.0
7227219,958.0
7228220,939.0
7229221,932.0
7230222,939.0
7231223,942.0
7232224,958.0
7233225,965.0
7234226,932.0
7235227,917.0
7236228,970.0
7237229,976.0
7238230,982.0
7239231,941.0
7240232,832.0
7241233,922.0
7242234,998.0
7243235,960.0
7244236,936.0
7245237,964.0
7246238,979.0
7247239,970.0
7248240,798.0
7249241,957.0
7250242,709.0
7251243,944.0
7252244,964.0
7253245,964.0
7254246,877.0
7255247,935.0
7256248,988.0
7257249,857.0
7258250,946.0
7259251,944.0
7260252,917.0
7261253,970.0
7262254,945.0
7263255,937.0
7264256,756.0
7265257,701.0
7266258,955.0
7267259,903.0
7268260,949.0
7269261,204.0
7270262,965.0
7271263,929.0
7272264,956.0
7273265,947.0
7274266,975.0
7275267,924.0
7276268,955.0
7277269,926.0
7278270,976.0
7279271,935.0
7280272,920.0
7281273,962.0
7282274,937.0
7283275,955.0
7284276,926.0
7285277,967.0
7286278,955.0
7287279,967.0
7288280,892.0
7289281,1000.0
7290282,960.0
7291283,235.0
7292284,854.0
7293285,949.0
7294286,945.0
7295287,986.0
7296288,950.0
7297289,965.0
7298290,830.0
7299291,924.0
7300292,873.0
7301293,941.0
7302294,931.0
7303295,982.0
7304296,948.0
7305297,937.0
7306298,919.0
7307299,814.0
7308300,948.0
7309301,953.0
7310302,974.0
7311303,10.0
7312304,810.0
7313305,903.0
7314306,922.0
7315307,942.0
7316308,936.0
7317309,934.0
7318310,805.0
7319311,996.0
7320312,920.0
7321313,987.0
7322314,930.0
7323315,949.0
7324316,966.0
7325317,944.0
7326318,932.0
7327319,963.0
7328320,990.0
7329321,898.0
7330322,961.0
7331323,953.0
7332324,954.0
7333325,898.0
7334326,934.0
7335327,985.0
7336328,920.0
7337329,955.0
7338330,954.0
7339331,851.0
7340332,912.0
7341333,903.0
7342334,952.0
7343335,998.0
7344336,940.0
7345337,908.0
7346338,963.0
7347339,942.0
7348340,942.0
7349341,952.0
7350342,874.0
7351343,957.0
7352344,924.0
7353345,956.0
7354346,979.0
7355347,995.0
7356348,997.0
7357349,957.0
7358350,934.0
7359351,968.0
7360352,936.0
7361353,951.0
7362354,956.0
7363355,965.0
7364356,970.0
7365357,957.0
7366358,883.0
7367359,930.0
7368360,855.0
7369361,844.0
7370362,955.0
7371363,974.0
7372364,961.0
7373365,966.0
7374366,857.0
7375367,967.0
7376368,913.0
7377369,927.0
7378370,972.0
7379371,923.0
7380372,927.0
7381373,972.0
7382374,971.0
7383375,974.0
7384376,967.0
7385377,911.0
7386378,954.0
7387379,925.0
7388380,909.0
7389381,938.0
7390382,946.0
7391383,961.0
7392384,728.0
7393385,851.0
7394386,1000.0
7395387,987.0
7396388,938.0
7397389,950.0
7398390,930.0
7399391,830.0
7400392,942.0
7401393,1000.0
7402394,958.0
7403395,825.0
7404396,990.0
7405397,913.0
7406398,558.0
7407399,936.0
7408400,938.0
7409401,957.0
7410402,942.0
7411403,920.0
7412404,862.0
7413405,953.0
7414406,973.0
7415407,934.0
7416408,946.0
7417409,831.0
7418410,580.0
7419411,898.0
7420412,948.0
7421413,943.0
7422414,920.0
7423415,974.0
7424416,949.0
7425417,725.0
7426418,962.0
7427419,902.0
7428420,950.0
7429421,939.0
7430422,959.0
7431423,927.0
7432424,970.0
7433425,960.0
7434426,951.0
7435427,828.0
7436428,956.0
7437429,736.0
7438430,914.0
7439431,968.0
7440432,957.0
7441433,921.0
7442434,982.0
7443435,952.0
7444436,828.0
7445437,902.0
7446438,936.0
7447439,968.0
7448440,918.0
7449441,869.0
7450442,953.0
7451443,311.0
7452444,938.0
7453445,943.0
7454446,962.0
7455447,964.0
7456448,976.0
7457449,930.0
7458450,920.0
7459451,972.0
7460452,969.0
7461453,968.0
7462454,909.0
7463455,953.0
7464456,931.0
7465457,980.0
7466458,921.0
7467459,973.0
7468460,745.0
7469461,815.0
7470462,422.0
7471463,807.0
7472464,967.0
7473465,961.0
7474466,941.0
7475467,879.0
7476468,962.0
7477469,977.0
7478470,961.0
7479471,933.0
7480472,869.0
7481473,994.0
7482474,824.0
7483475,945.0
7484476,956.0
7485477,934.0
7486478,865.0
7487479,918.0
7488480,937.0
7489481,961.0
7490482,962.0
7491483,950.0
7492484,885.0
7493485,959.0
7494486,955.0
7495487,927.0
7496488,976.0
7497489,906.0
7498490,919.0
7499491,928.0
7500492,876.0
7501493,863.0
7502494,941.0
7503495,947.0
7504496,789.0
7505497,944.0
7506498,953.0
7507499,895.0
7508500,672.0
7509501,964.0
7510502,964.0
7511503,950.0
7512504,955.0
7513505,897.0
7514506,961.0
7515507,940.0
7516508,884.0
7517509,898.0
7518510,948.0
7519511,975.0
7520512,909.0
7521513,812.0
7522514,935.0
7523515,820.0
7524516,827.0
7525517,971.0
7526518,855.0
7527519,822.0
7528520,272.0
7529521,786.0
7530522,921.0
7531523,979.0
7532524,951.0
7533525,974.0
7534526,828.0
7535527,950.0
7536528,937.0
7537529,928.0
7538530,956.0
7539531,990.0
7540532,979.0
7541533,984.0
7542534,959.0
7543535,976.0
7544536,929.0
7545537,948.0
7546538,945.0
7547539,869.0
7548540,733.0
7549541,725.0
7550542,881.0
7551543,969.0
7552544,953.0
7553545,916.0
7554546,961.0
7555547,828.0
7556548,957.0
7557549,945.0
7558550,944.0
7559551,964.0
7560552,968.0
7561553,969.0
7562554,892.0
7563555,974.0
7564556,896.0
7565557,930.0
7566558,967.0
7567559,900.0
7568560,906.0
7569561,914.0
7570562,986.0
7571563,998.0
7572564,929.0
7573565,962.0
7574566,929.0
7575567,944.0
7576568,957.0
7577569,964.0
7578570,596.0
7579571,950.0
7580572,925.0
7581573,954.0
7582574,946.0
7583575,954.0
7584576,935.0
7585577,939.0
7586578,963.0
7587579,952.0
7588580,897.0
7589581,888.0
7590582,935.0
7591583,926.0
7592584,943.0
7593585,960.0
7594586,771.0
7595587,732.0
7596588,963.0
7597589,936.0
7598590,917.0
7599591,929.0
7600592,974.0
7601593,942.0
7602594,939.0
7603595,908.0
7604596,951.0
7605597,976.0
7606598,873.0
7607599,882.0
7608600,932.0
7609601,947.0
7610602,939.0
7611603,1000.0
7612604,936.0
7613605,885.0
7614606,988.0
7615607,943.0
7616608,987.0
7617609,736.0
7618610,943.0
7619611,949.0
7620612,992.0
7621613,994.0
7622614,980.0
7623615,999.0
7624616,936.0
7625617,941.0
7626618,946.0
7627619,965.0
7628620,959.0
7629621,946.0
7630622,948.0
7631623,917.0
7632624,944.0
7633625,922.0
7634626,952.0
7635627,964.0
7636628,963.0
7637629,913.0
7638630,936.0
7639631,967.0
7640632,928.0
7641633,957.0
7642634,815.0
7643635,962.0
7644636,985.0
7645637,958.0
7646638,873.0
7647639,768.0
7648640,940.0
7649641,972.0
7650642,955.0
7651643,941.0
7652644,985.0
7653645,66.0
7654646,935.0
7655647,916.0
7656648,955.0
7657649,959.0
7658650,813.0
7659651,918.0
7660652,933.0
7661653,933.0
7662654,999.0
7663655,933.0
7664656,917.0
7665657,916.0
7666658,824.0
7667659,973.0
7668660,919.0
7669661,919.0
7670662,968.0
7671663,950.0
7672664,976.0
7673665,949.0
7674666,929.0
7675667,976.0
7676668,994.0
7677669,949.0
7678670,912.0
7679671,968.0
7680672,995.0
7681673,913.0
7682674,976.0
7683675,949.0
7684676,880.0
7685677,992.0
7686678,929.0
7687679,991.0
7688680,908.0
7689681,917.0
7690682,914.0
7691683,999.0
7692684,972.0
7693685,973.0
7694686,973.0
7695687,943.0
7696688,964.0
7697689,974.0
7698690,829.0
7699691,977.0
7700692,942.0
7701693,940.0
7702694,954.0
7703695,836.0
7704696,848.0
7705697,956.0
7706698,989.0
7707699,933.0
7708700,936.0
7709701,958.0
7710702,827.0
7711703,887.0
7712704,954.0
7713705,957.0
7714706,959.0
7715707,946.0
7716708,911.0
7717709,965.0
7718710,848.0
7719711,952.0
7720712,918.0
7721713,901.0
7722714,948.0
7723715,881.0
7724716,967.0
7725717,958.0
7726718,939.0
7727719,813.0
7728720,932.0
7729721,942.0
7730722,930.0
7731723,916.0
7732724,959.0
7733725,929.0
7734726,924.0
7735727,905.0
7736728,962.0
7737729,950.0
7738730,948.0
7739731,1000.0
7740732,820.0
7741733,1000.0
7742734,977.0
7743735,894.0
7744736,916.0
7745737,749.0
7746738,925.0
7747739,844.0
7748740,797.0
7749741,960.0
7750742,980.0
7751743,934.0
7752744,838.0
7753745,929.0
7754746,905.0
7755747,951.0
7756748,966.0
7757749,791.0
7758750,965.0
7759751,937.0
7760752,913.0
7761753,988.0
7762754,907.0
7763755,794.0
7764756,958.0
7765757,962.0
7766758,946.0
7767759,943.0
7768760,996.0
7769761,944.0
7770762,859.0
7771763,980.0
7772764,0.0
7773765,949.0
7774766,937.0
7775767,952.0
7776768,978.0
7777769,992.0
7778770,898.0
7779771,934.0
7780772,928.0
7781773,929.0
7782774,971.0
7783775,922.0
7784776,948.0
7785777,969.0
7786778,967.0
7787779,932.0
7788780,960.0
7789781,943.0
7790782,935.0
7791783,905.0
7792784,937.0
7793785,925.0
7794786,824.0
7795787,989.0
7796788,942.0
7797789,951.0
7798790,929.0
7799791,954.0
7800792,974.0
7801793,977.0
7802794,922.0
7803795,980.0
7804796,951.0
7805797,928.0
7806798,946.0
7807799,999.0
7808800,969.0
7809801,745.0
7810802,966.0
7811803,956.0
7812804,968.0
7813805,929.0
7814806,941.0
7815807,978.0
7816808,784.0
7817809,944.0
7818810,964.0
7819811,947.0
7820812,67.0
7821813,935.0
7822814,939.0
7823815,957.0
7824816,985.0
7825817,949.0
7826818,944.0
7827819,951.0
7828820,950.0
7829821,952.0
7830822,804.0
7831823,931.0
7832824,897.0
7833825,982.0
7834826,972.0
7835827,957.0
7836828,964.0
7837829,951.0
7838830,952.0
7839831,931.0
7840832,958.0
7841833,984.0
7842834,936.0
7843835,968.0
7844836,926.0
7845837,992.0
7846838,956.0
7847839,960.0
7848840,979.0
7849841,800.0
7850842,954.0
7851843,911.0
7852844,935.0
7853845,1000.0
7854846,941.0
7855847,950.0
7856848,943.0
7857849,934.0
7858850,903.0
7859851,948.0
7860852,957.0
7861853,979.0
7862854,549.0
7863855,990.0
7864856,969.0
7865857,942.0
7866858,773.0
7867859,940.0
7868860,834.0
7869861,916.0
7870862,821.0
7871863,953.0
7872864,959.0
7873865,950.0
7874866,933.0
7875867,937.0
7876868,941.0
7877869,941.0
7878870,975.0
7879871,966.0
7880872,892.0
7881873,945.0
7882874,810.0
7883875,975.0
7884876,959.0
7885877,937.0
7886878,809.0
7887879,953.0
7888880,977.0
7889881,804.0
7890882,912.0
7891883,959.0
7892884,919.0
7893885,976.0
7894886,939.0
7895887,844.0
7896888,879.0
7897889,931.0
7898890,932.0
7899891,957.0
7900892,942.0
7901893,931.0
7902894,927.0
7903895,962.0
7904896,927.0
7905897,919.0
7906898,957.0
7907899,934.0
7908900,957.0
7909901,960.0
7910902,963.0
7911903,925.0
7912904,967.0
7913905,962.0
7914906,948.0
7915907,935.0
7916908,927.0
7917909,960.0
7918910,916.0
7919911,944.0
7920912,943.0
7921913,925.0
7922914,946.0
7923915,966.0
7924916,959.0
7925917,887.0
7926918,969.0
7927919,993.0
7928920,972.0
7929921,967.0
7930922,894.0
7931923,959.0
7932924,974.0
7933925,390.0
7934926,964.0
7935927,949.0
7936928,923.0
7937929,943.0
7938930,949.0
7939931,964.0
7940932,953.0
7941933,942.0
7942934,904.0
7943935,951.0
7944936,946.0
7945937,927.0
7946938,969.0
7947939,968.0
7948940,824.0
7949941,909.0
7950942,947.0
7951943,976.0
7952944,911.0
7953945,812.0
7954946,932.0
7955947,957.0
7956948,949.0
7957949,966.0
7958950,974.0
7959951,972.0
7960952,852.0
7961953,926.0
7962954,948.0
7963955,976.0
7964956,933.0
7965957,965.0
7966958,889.0
7967959,720.0
7968960,956.0
7969961,818.0
7970962,956.0
7971963,940.0
7972964,974.0
7973965,962.0
7974966,984.0
7975967,967.0
7976968,894.0
7977969,936.0
7978970,144.0
7979971,959.0
7980972,970.0
7981973,921.0
7982974,974.0
7983975,938.0
7984976,932.0
7985977,974.0
7986978,950.0
7987979,979.0
7988980,905.0
7989981,820.0
7990982,965.0
7991983,962.0
7992984,134.0
7993985,896.0
7994986,972.0
7995987,974.0
7996988,954.0
7997989,950.0
7998990,989.0
7999991,945.0
8000992,968.0
8001993,921.0
8002994,927.0
8003995,883.0
8004996,951.0
8005997,943.0
8006998,15.0
8007999,751.0
8009000,904.0
8010001,950.0
8011002,973.0
8012003,775.0
8013004,902.0
8014005,873.0
8015006,951.0
8016007,936.0
8017008,898.0
8018009,976.0
8019010,994.0
8020011,990.0
8021012,940.0
8022013,911.0
8023014,933.0
8024015,133.0
8025016,995.0
8026017,971.0
8027018,914.0
8028019,949.0
8029020,953.0
8030021,937.0
8031022,959.0
8032023,787.0
8033024,944.0
8034025,931.0
8035026,751.0
8036027,974.0
8037028,942.0
8038029,967.0
8039030,984.0
8040031,333.0
8041032,959.0
8042033,917.0
8043034,937.0
8044035,948.0
8045036,916.0
8046037,815.0
8047038,957.0
8048039,960.0
8049040,972.0
8050041,917.0
8051042,932.0
8052043,945.0
8053044,643.0
8054045,971.0
8055046,952.0
8056047,954.0
8057048,857.0
8058049,950.0
8059050,944.0
8060051,945.0
8061052,886.0
8062053,0.0
8063054,948.0
8064055,941.0
8065056,933.0
8066057,1000.0
8067058,937.0
8068059,935.0
8069060,858.0
8070061,959.0
8071062,927.0
8072063,930.0
8073064,830.0
8074065,895.0
8075066,992.0
8076067,958.0
8077068,771.0
8078069,956.0
8079070,919.0
8080071,941.0
8081072,964.0
8082073,962.0
8083074,742.0
8084075,958.0
8085076,938.0
8086077,991.0
8087078,951.0
8088079,975.0
8089080,925.0
8090081,941.0
8091082,944.0
8092083,953.0
8093084,964.0
8094085,482.0
8095086,949.0
8096087,951.0
8097088,860.0
8098089,959.0
8099090,945.0
8100091,908.0
8101092,984.0
8102093,952.0
8103094,929.0
8104095,945.0
8105096,950.0
8106097,932.0
8107098,915.0
8108099,954.0
8109100,951.0
8110101,831.0
8111102,908.0
8112103,934.0
8113104,791.0
8114105,700.0
8115106,942.0
8116107,989.0
8117108,966.0
8118109,225.0
8119110,933.0
8120111,979.0
8121112,875.0
8122113,673.0
8123114,955.0
8124115,873.0
8125116,937.0
8126117,965.0
8127118,920.0
8128119,870.0
8129120,693.0
8130121,947.0
8131122,1000.0
8132123,985.0
8133124,932.0
8134125,321.0
8135126,949.0
8136127,953.0
8137128,908.0
8138129,819.0
8139130,893.0
8140131,961.0
8141132,948.0
8142133,950.0
8143134,938.0
8144135,903.0
8145136,853.0
8146137,965.0
8147138,944.0
8148139,960.0
8149140,964.0
8150141,966.0
8151142,967.0
8152143,939.0
8153144,957.0
8154145,987.0
8155146,990.0
8156147,930.0
8157148,969.0
8158149,928.0
8159150,968.0
8160151,920.0
8161152,958.0
8162153,703.0
8163154,985.0
8164155,972.0
8165156,952.0
8166157,971.0
8167158,959.0
8168159,841.0
8169160,1000.0
8170161,943.0
8171162,972.0
8172163,377.0
8173164,931.0
8174165,941.0
8175166,503.0
8176167,993.0
8177168,936.0
8178169,946.0
8179170,944.0
8180171,973.0
8181172,912.0
8182173,949.0
8183174,919.0
8184175,869.0
8185176,793.0
8186177,945.0
8187178,927.0
8188179,111.0
8189180,949.0
8190181,738.0
8191182,924.0
8192183,969.0
8193184,982.0
8194185,967.0
8195186,968.0
8196187,954.0
8197188,741.0
8198189,962.0
8199190,943.0
8200191,948.0
8201192,724.0
8202193,873.0
8203194,932.0
8204195,940.0
8205196,932.0
8206197,841.0
8207198,958.0
8208199,999.0
8209200,971.0
8210201,972.0
8211202,912.0
8212203,970.0
8213204,940.0
8214205,958.0
8215206,934.0
8216207,892.0
8217208,991.0
8218209,960.0
8219210,947.0
8220211,934.0
8221212,939.0
8222213,960.0
8223214,943.0
8224215,919.0
8225216,936.0
8226217,955.0
8227218,836.0
8228219,935.0
8229220,953.0
8230221,888.0
8231222,947.0
8232223,948.0
8233224,922.0
8234225,934.0
8235226,963.0
8236227,947.0
8237228,894.0
8238229,966.0
8239230,941.0
8240231,964.0
8241232,944.0
8242233,996.0
8243234,935.0
8244235,950.0
8245236,940.0
8246237,844.0
8247238,918.0
8248239,991.0
8249240,948.0
8250241,952.0
8251242,980.0
8252243,956.0
8253244,958.0
8254245,971.0
8255246,928.0
8256247,977.0
8257248,957.0
8258249,948.0
8259250,954.0
8260251,959.0
8261252,918.0
8262253,939.0
8263254,786.0
8264255,826.0
8265256,683.0
8266257,937.0
8267258,941.0
8268259,893.0
8269260,977.0
8270261,943.0
8271262,990.0
8272263,739.0
8273264,945.0
8274265,960.0
8275266,947.0
8276267,941.0
8277268,946.0
8278269,946.0
8279270,953.0
8280271,988.0
8281272,10.0
8282273,965.0
8283274,973.0
8284275,945.0
8285276,973.0
8286277,962.0
8287278,967.0
8288279,904.0
8289280,893.0
8290281,959.0
8291282,925.0
8292283,946.0
8293284,617.0
8294285,843.0
8295286,1000.0
8296287,943.0
8297288,938.0
8298289,861.0
8299290,951.0
8300291,994.0
8301292,958.0
8302293,996.0
8303294,911.0
8304295,952.0
8305296,927.0
8306297,767.0
8307298,834.0
8308299,939.0
8309300,44.0
8310301,997.0
8311302,950.0
8312303,868.0
8313304,954.0
8314305,930.0
8315306,969.0
8316307,950.0
8317308,937.0
8318309,878.0
8319310,978.0
8320311,944.0
8321312,804.0
8322313,975.0
8323314,1000.0
8324315,807.0
8325316,822.0
8326317,992.0
8327318,676.0
8328319,947.0
8329320,953.0
8330321,974.0
8331322,949.0
8332323,939.0
8333324,910.0
8334325,946.0
8335326,809.0
8336327,877.0
8337328,807.0
8338329,976.0
8339330,948.0
8340331,941.0
8341332,953.0
8342333,826.0
8343334,926.0
8344335,943.0
8345336,952.0
8346337,859.0
8347338,903.0
8348339,977.0
8349340,769.0
8350341,972.0
8351342,954.0
8352343,927.0
8353344,960.0
8354345,944.0
8355346,837.0
8356347,952.0
8357348,941.0
8358349,981.0
8359350,767.0
8360351,965.0
8361352,977.0
8362353,907.0
8363354,640.0
8364355,955.0
8365356,935.0
8366357,956.0
8367358,923.0
8368359,931.0
8369360,959.0
8370361,938.0
8371362,936.0
8372363,963.0
8373364,863.0
8374365,934.0
8375366,964.0
8376367,959.0
8377368,871.0
8378369,895.0
8379370,973.0
8380371,806.0
8381372,909.0
8382373,722.0
8383374,925.0
8384375,881.0
8385376,931.0
8386377,901.0
8387378,987.0
8388379,995.0
8389380,959.0
8390381,968.0
8391382,909.0
8392383,967.0
8393384,952.0
8394385,954.0
8395386,908.0
8396387,962.0
8397388,956.0
8398389,972.0
8399390,944.0
8400391,963.0
8401392,995.0
8402393,900.0
8403394,943.0
8404395,979.0
8405396,830.0
8406397,968.0
8407398,812.0
8408399,952.0
8409400,962.0
8410401,960.0
8411402,967.0
8412403,998.0
8413404,951.0
8414405,942.0
8415406,946.0
8416407,838.0
8417408,970.0
8418409,916.0
8419410,964.0
8420411,965.0
8421412,958.0
8422413,947.0
8423414,973.0
8424415,966.0
8425416,961.0
8426417,944.0
8427418,940.0
8428419,938.0
8429420,1000.0
8430421,905.0
8431422,951.0
8432423,888.0
8433424,971.0
8434425,952.0
8435426,951.0
8436427,911.0
8437428,914.0
8438429,973.0
8439430,945.0
8440431,782.0
8441432,995.0
8442433,957.0
8443434,975.0
8444435,973.0
8445436,890.0
8446437,989.0
8447438,969.0
8448439,975.0
8449440,952.0
8450441,964.0
8451442,993.0
8452443,948.0
8453444,837.0
8454445,933.0
8455446,974.0
8456447,939.0
8457448,948.0
8458449,830.0
8459450,989.0
8460451,949.0
8461452,944.0
8462453,943.0
8463454,761.0
8464455,935.0
8465456,937.0
8466457,642.0
8467458,913.0
8468459,957.0
8469460,739.0
8470461,978.0
8471462,915.0
8472463,899.0
8473464,932.0
8474465,946.0
8475466,942.0
8476467,936.0
8477468,883.0
8478469,922.0
8479470,964.0
8480471,949.0
8481472,977.0
8482473,965.0
8483474,960.0
8484475,944.0
8485476,941.0
8486477,866.0
8487478,968.0
8488479,961.0
8489480,952.0
8490481,921.0
8491482,957.0
8492483,965.0
8493484,980.0
8494485,815.0
8495486,979.0
8496487,820.0
8497488,990.0
8498489,997.0
8499490,947.0
8500491,952.0
8501492,921.0
8502493,810.0
8503494,982.0
8504495,959.0
8505496,932.0
8506497,969.0
8507498,953.0
8508499,959.0
8509500,973.0
8510501,942.0
8511502,979.0
8512503,984.0
8513504,951.0
8514505,901.0
8515506,981.0
8516507,932.0
8517508,829.0
8518509,900.0
8519510,941.0
8520511,975.0
8521512,942.0
8522513,969.0
8523514,975.0
8524515,922.0
8525516,987.0
8526517,941.0
8527518,828.0
8528519,914.0
8529520,896.0
8530521,939.0
8531522,944.0
8532523,959.0
8533524,935.0
8534525,847.0
8535526,932.0
8536527,920.0
8537528,941.0
8538529,959.0
8539530,931.0
8540531,938.0
8541532,612.0
8542533,972.0
8543534,970.0
8544535,970.0
8545536,942.0
8546537,944.0
8547538,803.0
8548539,766.0
8549540,966.0
8550541,918.0
8551542,636.0
8552543,766.0
8553544,938.0
8554545,948.0
8555546,927.0
8556547,951.0
8557548,947.0
8558549,810.0
8559550,973.0
8560551,936.0
8561552,959.0
8562553,944.0
8563554,939.0
8564555,942.0
8565556,981.0
8566557,952.0
8567558,934.0
8568559,936.0
8569560,862.0
8570561,793.0
8571562,977.0
8572563,942.0
8573564,965.0
8574565,942.0
8575566,891.0
8576567,967.0
8577568,961.0
8578569,922.0
8579570,989.0
8580571,975.0
8581572,852.0
8582573,988.0
8583574,939.0
8584575,926.0
8585576,845.0
8586577,873.0
8587578,823.0
8588579,956.0
8589580,922.0
8590581,930.0
8591582,708.0
8592583,972.0
8593584,988.0
8594585,970.0
8595586,998.0
8596587,936.0
8597588,881.0
8598589,952.0
8599590,954.0
8600591,966.0
8601592,979.0
8602593,983.0
8603594,921.0
8604595,863.0
8605596,937.0
8606597,963.0
8607598,946.0
8608599,957.0
8609600,949.0
8610601,969.0
8611602,968.0
8612603,717.0
8613604,948.0
8614605,939.0
8615606,972.0
8616607,826.0
8617608,951.0
8618609,922.0
8619610,935.0
8620611,987.0
8621612,958.0
8622613,980.0
8623614,957.0
8624615,860.0
8625616,934.0
8626617,950.0
8627618,946.0
8628619,927.0
8629620,960.0
8630621,540.0
8631622,933.0
8632623,899.0
8633624,960.0
8634625,970.0
8635626,919.0
8636627,945.0
8637628,955.0
8638629,947.0
8639630,902.0
8640631,940.0
8641632,161.0
8642633,948.0
8643634,757.0
8644635,983.0
8645636,955.0
8646637,926.0
8647638,990.0
8648639,926.0
8649640,938.0
8650641,971.0
8651642,890.0
8652643,949.0
8653644,1000.0
8654645,824.0
8655646,962.0
8656647,897.0
8657648,955.0
8658649,922.0
8659650,932.0
8660651,920.0
8661652,956.0
8662653,969.0
8663654,954.0
8664655,936.0
8665656,750.0
8666657,968.0
8667658,942.0
8668659,881.0
8669660,998.0
8670661,796.0
8671662,913.0
8672663,933.0
8673664,980.0
8674665,823.0
8675666,934.0
8676667,745.0
8677668,880.0
8678669,966.0
8679670,794.0
8680671,935.0
8681672,907.0
8682673,959.0
8683674,981.0
8684675,904.0
8685676,945.0
8686677,970.0
8687678,952.0
8688679,909.0
8689680,783.0
8690681,915.0
8691682,895.0
8692683,789.0
8693684,900.0
8694685,881.0
8695686,925.0
8696687,956.0
8697688,973.0
8698689,967.0
8699690,955.0
8700691,936.0
8701692,956.0
8702693,926.0
8703694,939.0
8704695,923.0
8705696,938.0
8706697,840.0
8707698,962.0
8708699,956.0
8709700,892.0
8710701,960.0
8711702,151.0
8712703,887.0
8713704,931.0
8714705,979.0
8715706,919.0
8716707,965.0
8717708,952.0
8718709,930.0
8719710,990.0
8720711,951.0
8721712,790.0
8722713,948.0
8723714,975.0
8724715,827.0
8725716,947.0
8726717,917.0
8727718,973.0
8728719,794.0
8729720,926.0
8730721,874.0
8731722,970.0
8732723,902.0
8733724,946.0
8734725,963.0
8735726,937.0
8736727,880.0
8737728,234.0
8738729,970.0
8739730,935.0
8740731,938.0
8741732,955.0
8742733,833.0
8743734,930.0
8744735,966.0
8745736,958.0
8746737,920.0
8747738,966.0
8748739,968.0
8749740,938.0
8750741,968.0
8751742,987.0
8752743,942.0
8753744,849.0
8754745,925.0
8755746,924.0
8756747,936.0
8757748,946.0
8758749,857.0
8759750,972.0
8760751,980.0
8761752,902.0
8762753,949.0
8763754,944.0
8764755,911.0
8765756,912.0
8766757,934.0
8767758,915.0
8768759,922.0
8769760,938.0
8770761,882.0
8771762,955.0
8772763,868.0
8773764,922.0
8774765,951.0
8775766,974.0
8776767,903.0
8777768,963.0
8778769,946.0
8779770,958.0
8780771,987.0
8781772,941.0
8782773,933.0
8783774,801.0
8784775,446.0
8785776,950.0
8786777,919.0
8787778,901.0
8788779,961.0
8789780,758.0
8790781,945.0
8791782,947.0
8792783,952.0
8793784,886.0
8794785,992.0
8795786,985.0
8796787,910.0
8797788,916.0
8798789,951.0
8799790,931.0
8800791,963.0
8801792,920.0
8802793,857.0
8803794,972.0
8804795,822.0
8805796,979.0
8806797,956.0
8807798,770.0
8808799,970.0
8809800,972.0
8810801,933.0
8811802,923.0
8812803,966.0
8813804,950.0
8814805,959.0
8815806,964.0
8816807,990.0
8817808,980.0
8818809,985.0
8819810,956.0
8820811,933.0
8821812,533.0
8822813,976.0
8823814,988.0
8824815,984.0
8825816,947.0
8826817,909.0
8827818,981.0
8828819,945.0
8829820,812.0
8830821,964.0
8831822,933.0
8832823,983.0
8833824,940.0
8834825,964.0
8835826,962.0
8836827,200.0
8837828,988.0
8838829,969.0
8839830,937.0
8840831,938.0
8841832,872.0
8842833,944.0
8843834,956.0
8844835,953.0
8845836,861.0
8846837,928.0
8847838,909.0
8848839,716.0
8849840,951.0
8850841,904.0
8851842,946.0
8852843,945.0
8853844,911.0
8854845,965.0
8855846,924.0
8856847,941.0
8857848,909.0
8858849,966.0
8859850,849.0
8860851,984.0
8861852,935.0
8862853,949.0
8863854,961.0
8864855,942.0
8865856,956.0
8866857,914.0
8867858,968.0
8868859,921.0
8869860,973.0
8870861,853.0
8871862,962.0
8872863,879.0
8873864,934.0
8874865,935.0
8875866,941.0
8876867,972.0
8877868,906.0
8878869,983.0
8879870,965.0
8880871,777.0
8881872,926.0
8882873,965.0
8883874,964.0
8884875,953.0
8885876,745.0
8886877,898.0
8887878,974.0
8888879,946.0
8889880,968.0
8890881,963.0
8891882,977.0
8892883,943.0
8893884,976.0
8894885,953.0
8895886,924.0
8896887,963.0
8897888,959.0
8898889,923.0
8899890,932.0
8900891,815.0
8901892,950.0
8902893,937.0
8903894,977.0
8904895,960.0
8905896,934.0
8906897,881.0
8907898,961.0
8908899,960.0
8909900,960.0
8910901,941.0
8911902,969.0
8912903,880.0
8913904,960.0
8914905,890.0
8915906,907.0
8916907,918.0
8917908,969.0
8918909,926.0
8919910,924.0
8920911,952.0
8921912,929.0
8922913,946.0
8923914,955.0
8924915,800.0
8925916,952.0
8926917,861.0
8927918,935.0
8928919,763.0
8929920,944.0
8930921,981.0
8931922,981.0
8932923,861.0
8933924,983.0
8934925,959.0
8935926,948.0
8936927,959.0
8937928,958.0
8938929,970.0
8939930,960.0
8940931,995.0
8941932,973.0
8942933,981.0
8943934,956.0
8944935,958.0
8945936,913.0
8946937,481.0
8947938,833.0
8948939,960.0
8949940,893.0
8950941,934.0
8951942,953.0
8952943,967.0
8953944,959.0
8954945,940.0
8955946,958.0
8956947,951.0
8957948,816.0
8958949,962.0
8959950,932.0
8960951,946.0
8961952,787.0
8962953,965.0
8963954,908.0
8964955,996.0
8965956,976.0
8966957,971.0
8967958,972.0
8968959,941.0
8969960,953.0
8970961,972.0
8971962,949.0
8972963,962.0
8973964,960.0
8974965,904.0
8975966,1000.0
8976967,965.0
8977968,924.0
8978969,944.0
8979970,808.0
8980971,984.0
8981972,948.0
8982973,902.0
8983974,979.0
8984975,998.0
8985976,940.0
8986977,891.0
8987978,957.0
8988979,942.0
8989980,900.0
8990981,637.0
8991982,951.0
8992983,940.0
8993984,957.0
8994985,967.0
8995986,939.0
8996987,922.0
8997988,936.0
8998989,907.0
8999990,959.0
9000991,878.0
9001992,930.0
9002993,987.0
9003994,946.0
9004995,942.0
9005996,933.0
9006997,973.0
9007998,931.0
9008999,769.0
9010000,920.0
9011001,994.0
9012002,982.0
9013003,975.0
9014004,957.0
9015005,955.0
9016006,936.0
9017007,967.0
9018008,948.0
9019009,946.0
9020010,990.0
9021011,939.0
9022012,984.0
9023013,984.0
9024014,951.0
9025015,970.0
9026016,870.0
9027017,845.0
9028018,972.0
9029019,952.0
9030020,888.0
9031021,963.0
9032022,973.0
9033023,974.0
9034024,957.0
9035025,921.0
9036026,899.0
9037027,887.0
9038028,959.0
9039029,937.0
9040030,972.0
9041031,993.0
9042032,892.0
9043033,939.0
9044034,947.0
9045035,965.0
9046036,892.0
9047037,919.0
9048038,957.0
9049039,932.0
9050040,856.0
9051041,941.0
9052042,996.0
9053043,955.0
9054044,942.0
9055045,942.0
9056046,948.0
9057047,933.0
9058048,956.0
9059049,963.0
9060050,989.0
9061051,965.0
9062052,924.0
9063053,964.0
9064054,946.0
9065055,974.0
9066056,971.0
9067057,928.0
9068058,922.0
9069059,955.0
9070060,960.0
9071061,949.0
9072062,911.0
9073063,966.0
9074064,976.0
9075065,970.0
9076066,959.0
9077067,973.0
9078068,993.0
9079069,984.0
9080070,984.0
9081071,180.0
9082072,995.0
9083073,958.0
9084074,955.0
9085075,934.0
9086076,997.0
9087077,1000.0
9088078,872.0
9089079,978.0
9090080,911.0
9091081,885.0
9092082,949.0
9093083,935.0
9094084,1000.0
9095085,978.0
9096086,934.0
9097087,959.0
9098088,965.0
9099089,986.0
9100090,998.0
9101091,878.0
9102092,840.0
9103093,912.0
9104094,966.0
9105095,967.0
9106096,834.0
9107097,977.0
9108098,960.0
9109099,936.0
9110100,948.0
9111101,932.0
9112102,951.0
9113103,893.0
9114104,918.0
9115105,977.0
9116106,804.0
9117107,823.0
9118108,902.0
9119109,996.0
9120110,980.0
9121111,943.0
9122112,975.0
9123113,855.0
9124114,974.0
9125115,983.0
9126116,940.0
9127117,944.0
9128118,967.0
9129119,950.0
9130120,887.0
9131121,909.0
9132122,865.0
9133123,913.0
9134124,948.0
9135125,952.0
9136126,954.0
9137127,832.0
9138128,950.0
9139129,948.0
9140130,984.0
9141131,940.0
9142132,990.0
9143133,958.0
9144134,968.0
9145135,953.0
9146136,980.0
9147137,746.0
9148138,904.0
9149139,967.0
9150140,960.0
9151141,974.0
9152142,961.0
9153143,962.0
9154144,976.0
9155145,1000.0
9156146,964.0
9157147,610.0
9158148,939.0
9159149,940.0
9160150,954.0
9161151,971.0
9162152,968.0
9163153,949.0
9164154,922.0
9165155,942.0
9166156,826.0
9167157,931.0
9168158,943.0
9169159,734.0
9170160,941.0
9171161,942.0
9172162,973.0
9173163,929.0
9174164,972.0
9175165,931.0
9176166,959.0
9177167,948.0
9178168,858.0
9179169,687.0
9180170,937.0
9181171,947.0
9182172,966.0
9183173,953.0
9184174,967.0
9185175,955.0
9186176,951.0
9187177,960.0
9188178,970.0
9189179,747.0
9190180,960.0
9191181,968.0
9192182,953.0
9193183,994.0
9194184,870.0
9195185,952.0
9196186,991.0
9197187,939.0
9198188,951.0
9199189,960.0
9200190,991.0
9201191,941.0
9202192,934.0
9203193,953.0
9204194,831.0
9205195,811.0
9206196,974.0
9207197,933.0
9208198,987.0
9209199,978.0
9210200,896.0
9211201,983.0
9212202,670.0
9213203,770.0
9214204,926.0
9215205,969.0
9216206,926.0
9217207,959.0
9218208,905.0
9219209,967.0
9220210,883.0
9221211,803.0
9222212,935.0
9223213,944.0
9224214,948.0
9225215,885.0
9226216,966.0
9227217,651.0
9228218,909.0
9229219,980.0
9230220,897.0
9231221,949.0
9232222,989.0
9233223,961.0
9234224,920.0
9235225,941.0
9236226,942.0
9237227,946.0
9238228,910.0
9239229,993.0
9240230,943.0
9241231,979.0
9242232,940.0
9243233,934.0
9244234,970.0
9245235,980.0
9246236,953.0
9247237,960.0
9248238,932.0
9249239,951.0
9250240,939.0
9251241,743.0
9252242,948.0
9253243,932.0
9254244,1000.0
9255245,946.0
9256246,930.0
9257247,954.0
9258248,953.0
9259249,944.0
9260250,955.0
9261251,973.0
9262252,712.0
9263253,936.0
9264254,952.0
9265255,951.0
9266256,873.0
9267257,980.0
9268258,961.0
9269259,981.0
9270260,831.0
9271261,933.0
9272262,945.0
9273263,926.0
9274264,956.0
9275265,971.0
9276266,962.0
9277267,945.0
9278268,930.0
9279269,985.0
9280270,945.0
9281271,959.0
9282272,866.0
9283273,857.0
9284274,592.0
9285275,962.0
9286276,970.0
9287277,968.0
9288278,1000.0
9289279,960.0
9290280,963.0
9291281,959.0
9292282,918.0
9293283,966.0
9294284,943.0
9295285,947.0
9296286,983.0
9297287,923.0
9298288,928.0
9299289,920.0
9300290,903.0
9301291,957.0
9302292,956.0
9303293,944.0
9304294,942.0
9305295,950.0
9306296,976.0
9307297,972.0
9308298,975.0
9309299,976.0
9310300,941.0
9311301,18.0
9312302,731.0
9313303,934.0
9314304,750.0
9315305,733.0
9316306,938.0
9317307,966.0
9318308,863.0
9319309,959.0
9320310,989.0
9321311,966.0
9322312,959.0
9323313,903.0
9324314,807.0
9325315,828.0
9326316,946.0
9327317,943.0
9328318,950.0
9329319,963.0
9330320,936.0
9331321,937.0
9332322,962.0
9333323,814.0
9334324,894.0
9335325,964.0
9336326,905.0
9337327,986.0
9338328,983.0
9339329,923.0
9340330,940.0
9341331,950.0
9342332,928.0
9343333,908.0
9344334,898.0
9345335,800.0
9346336,949.0
9347337,949.0
9348338,947.0
9349339,984.0
9350340,936.0
9351341,945.0
9352342,881.0
9353343,939.0
9354344,967.0
9355345,944.0
9356346,943.0
9357347,973.0
9358348,930.0
9359349,984.0
9360350,892.0
9361351,967.0
9362352,944.0
9363353,980.0
9364354,948.0
9365355,803.0
9366356,988.0
9367357,793.0
9368358,843.0
9369359,957.0
9370360,943.0
9371361,658.0
9372362,966.0
9373363,965.0
9374364,886.0
9375365,972.0
9376366,1000.0
9377367,286.0
9378368,972.0
9379369,978.0
9380370,921.0
9381371,863.0
9382372,924.0
9383373,975.0
9384374,954.0
9385375,948.0
9386376,999.0
9387377,972.0
9388378,959.0
9389379,848.0
9390380,952.0
9391381,938.0
9392382,956.0
9393383,968.0
9394384,944.0
9395385,682.0
9396386,885.0
9397387,967.0
9398388,949.0
9399389,998.0
9400390,969.0
9401391,945.0
9402392,925.0
9403393,923.0
9404394,921.0
9405395,951.0
9406396,943.0
9407397,952.0
9408398,972.0
9409399,801.0
9410400,982.0
9411401,966.0
9412402,932.0
9413403,944.0
9414404,922.0
9415405,943.0
9416406,926.0
9417407,944.0
9418408,967.0
9419409,905.0
9420410,944.0
9421411,704.0
9422412,981.0
9423413,964.0
9424414,887.0
9425415,948.0
9426416,931.0
9427417,950.0
9428418,973.0
9429419,959.0
9430420,945.0
9431421,952.0
9432422,789.0
9433423,946.0
9434424,784.0
9435425,998.0
9436426,936.0
9437427,978.0
9438428,939.0
9439429,987.0
9440430,937.0
9441431,914.0
9442432,978.0
9443433,933.0
9444434,957.0
9445435,945.0
9446436,951.0
9447437,879.0
9448438,932.0
9449439,980.0
9450440,967.0
9451441,964.0
9452442,931.0
9453443,959.0
9454444,942.0
9455445,900.0
9456446,984.0
9457447,932.0
9458448,972.0
9459449,940.0
9460450,974.0
9461451,944.0
9462452,940.0
9463453,973.0
9464454,981.0
9465455,958.0
9466456,918.0
9467457,960.0
9468458,948.0
9469459,963.0
9470460,961.0
9471461,997.0
9472462,937.0
9473463,974.0
9474464,935.0
9475465,953.0
9476466,962.0
9477467,808.0
9478468,930.0
9479469,984.0
9480470,662.0
9481471,968.0
9482472,958.0
9483473,932.0
9484474,976.0
9485475,924.0
9486476,929.0
9487477,650.0
9488478,955.0
9489479,992.0
9490480,940.0
9491481,970.0
9492482,998.0
9493483,955.0
9494484,970.0
9495485,959.0
9496486,921.0
9497487,983.0
9498488,971.0
9499489,971.0
9500490,900.0
9501491,931.0
9502492,961.0
9503493,902.0
9504494,937.0
9505495,945.0
9506496,938.0
9507497,983.0
9508498,962.0
9509499,959.0
9510500,964.0
9511501,932.0
9512502,905.0
9513503,959.0
9514504,953.0
9515505,948.0
9516506,976.0
9517507,965.0
9518508,917.0
9519509,956.0
9520510,901.0
9521511,939.0
9522512,991.0
9523513,933.0
9524514,906.0
9525515,934.0
9526516,823.0
9527517,938.0
9528518,927.0
9529519,920.0
9530520,929.0
9531521,959.0
9532522,961.0
9533523,924.0
9534524,893.0
9535525,937.0
9536526,949.0
9537527,962.0
9538528,884.0
9539529,537.0
9540530,964.0
9541531,942.0
9542532,938.0
9543533,931.0
9544534,917.0
9545535,890.0
9546536,925.0
9547537,842.0
9548538,929.0
9549539,945.0
9550540,926.0
9551541,938.0
9552542,930.0
9553543,942.0
9554544,983.0
9555545,945.0
9556546,982.0
9557547,920.0
9558548,951.0
9559549,947.0
9560550,1000.0
9561551,975.0
9562552,965.0
9563553,948.0
9564554,684.0
9565555,928.0
9566556,939.0
9567557,983.0
9568558,950.0
9569559,1000.0
9570560,896.0
9571561,967.0
9572562,922.0
9573563,931.0
9574564,923.0
9575565,957.0
9576566,952.0
9577567,984.0
9578568,957.0
9579569,948.0
9580570,1000.0
9581571,682.0
9582572,781.0
9583573,927.0
9584574,873.0
9585575,937.0
9586576,977.0
9587577,902.0
9588578,960.0
9589579,969.0
9590580,965.0
9591581,929.0
9592582,908.0
9593583,970.0
9594584,965.0
9595585,944.0
9596586,924.0
9597587,963.0
9598588,982.0
9599589,947.0
9600590,967.0
9601591,980.0
9602592,938.0
9603593,816.0
9604594,947.0
9605595,770.0
9606596,989.0
9607597,946.0
9608598,788.0
9609599,945.0
9610600,907.0
9611601,940.0
9612602,938.0
9613603,966.0
9614604,953.0
9615605,976.0
9616606,829.0
9617607,925.0
9618608,964.0
9619609,953.0
9620610,620.0
9621611,965.0
9622612,846.0
9623613,928.0
9624614,978.0
9625615,962.0
9626616,939.0
9627617,795.0
9628618,904.0
9629619,923.0
9630620,945.0
9631621,982.0
9632622,953.0
9633623,943.0
9634624,899.0
9635625,931.0
9636626,975.0
9637627,972.0
9638628,978.0
9639629,944.0
9640630,960.0
9641631,962.0
9642632,971.0
9643633,994.0
9644634,971.0
9645635,969.0
9646636,943.0
9647637,805.0
9648638,849.0
9649639,964.0
9650640,1000.0
9651641,965.0
9652642,967.0
9653643,939.0
9654644,949.0
9655645,967.0
9656646,952.0
9657647,943.0
9658648,342.0
9659649,961.0
9660650,915.0
9661651,971.0
9662652,930.0
9663653,793.0
9664654,936.0
9665655,976.0
9666656,988.0
9667657,905.0
9668658,801.0
9669659,975.0
9670660,960.0
9671661,747.0
9672662,969.0
9673663,961.0
9674664,959.0
9675665,948.0
9676666,937.0
9677667,799.0
9678668,987.0
9679669,804.0
9680670,931.0
9681671,959.0
9682672,717.0
9683673,916.0
9684674,977.0
9685675,949.0
9686676,963.0
9687677,906.0
9688678,852.0
9689679,942.0
9690680,959.0
9691681,934.0
9692682,976.0
9693683,933.0
9694684,911.0
9695685,958.0
9696686,982.0
9697687,945.0
9698688,951.0
9699689,958.0
9700690,952.0
9701691,968.0
9702692,954.0
9703693,927.0
9704694,974.0
9705695,959.0
9706696,948.0
9707697,971.0
9708698,959.0
9709699,964.0
9710700,926.0
9711701,938.0
9712702,942.0
9713703,960.0
9714704,788.0
9715705,943.0
9716706,937.0
9717707,919.0
9718708,957.0
9719709,958.0
9720710,940.0
9721711,932.0
9722712,964.0
9723713,950.0
9724714,965.0
9725715,944.0
9726716,982.0
9727717,989.0
9728718,986.0
9729719,960.0
9730720,942.0
9731721,942.0
9732722,957.0
9733723,939.0
9734724,938.0
9735725,984.0
9736726,962.0
9737727,937.0
9738728,987.0
9739729,925.0
9740730,955.0
9741731,946.0
9742732,679.0
9743733,969.0
9744734,922.0
9745735,938.0
9746736,966.0
9747737,982.0
9748738,969.0
9749739,849.0
9750740,929.0
9751741,930.0
9752742,964.0
9753743,936.0
9754744,945.0
9755745,939.0
9756746,955.0
9757747,963.0
9758748,943.0
9759749,987.0
9760750,890.0
9761751,933.0
9762752,929.0
9763753,970.0
9764754,907.0
9765755,949.0
9766756,902.0
9767757,951.0
9768758,961.0
9769759,972.0
9770760,16.0
9771761,955.0
9772762,920.0
9773763,959.0
9774764,962.0
9775765,947.0
9776766,951.0
9777767,988.0
9778768,949.0
9779769,992.0
9780770,961.0
9781771,932.0
9782772,970.0
9783773,964.0
9784774,967.0
9785775,950.0
9786776,931.0
9787777,943.0
9788778,931.0
9789779,961.0
9790780,968.0
9791781,831.0
9792782,945.0
9793783,912.0
9794784,931.0
9795785,940.0
9796786,907.0
9797787,715.0
9798788,965.0
9799789,953.0
9800790,971.0
9801791,956.0
9802792,929.0
9803793,971.0
9804794,950.0
9805795,804.0
9806796,990.0
9807797,985.0
9808798,958.0
9809799,954.0
9810800,929.0
9811801,997.0
9812802,0.0
9813803,964.0
9814804,965.0
9815805,928.0
9816806,994.0
9817807,931.0
9818808,961.0
9819809,884.0
9820810,890.0
9821811,832.0
9822812,959.0
9823813,908.0
9824814,984.0
9825815,949.0
9826816,903.0
9827817,970.0
9828818,964.0
9829819,956.0
9830820,447.0
9831821,917.0
9832822,991.0
9833823,991.0
9834824,930.0
9835825,608.0
9836826,932.0
9837827,929.0
9838828,984.0
9839829,958.0
9840830,934.0
9841831,970.0
9842832,991.0
9843833,899.0
9844834,976.0
9845835,960.0
9846836,924.0
9847837,972.0
9848838,964.0
9849839,954.0
9850840,972.0
9851841,1000.0
9852842,980.0
9853843,901.0
9854844,905.0
9855845,937.0
9856846,899.0
9857847,955.0
9858848,948.0
9859849,973.0
9860850,1000.0
9861851,962.0
9862852,977.0
9863853,939.0
9864854,819.0
9865855,931.0
9866856,981.0
9867857,984.0
9868858,959.0
9869859,985.0
9870860,974.0
9871861,904.0
9872862,962.0
9873863,958.0
9874864,989.0
9875865,901.0
9876866,936.0
9877867,962.0
9878868,933.0
9879869,961.0
9880870,936.0
9881871,937.0
9882872,935.0
9883873,935.0
9884874,914.0
9885875,956.0
9886876,981.0
9887877,976.0
9888878,879.0
9889879,919.0
9890880,905.0
9891881,977.0
9892882,863.0
9893883,858.0
9894884,959.0
9895885,852.0
9896886,956.0
9897887,944.0
9898888,951.0
9899889,939.0
9900890,955.0
9901891,678.0
9902892,947.0
9903893,962.0
9904894,994.0
9905895,948.0
9906896,980.0
9907897,946.0
9908898,963.0
9909899,967.0
9910900,944.0
9911901,941.0
9912902,956.0
9913903,990.0
9914904,891.0
9915905,966.0
9916906,910.0
9917907,910.0
9918908,955.0
9919909,949.0
9920910,911.0
9921911,985.0
9922912,1000.0
9923913,984.0
9924914,971.0
9925915,933.0
9926916,973.0
9927917,951.0
9928918,959.0
9929919,969.0
9930920,956.0
9931921,934.0
9932922,953.0
9933923,904.0
9934924,961.0
9935925,869.0
9936926,950.0
9937927,890.0
9938928,947.0
9939929,899.0
9940930,954.0
9941931,960.0
9942932,916.0
9943933,994.0
9944934,999.0
9945935,920.0
9946936,968.0
9947937,927.0
9948938,965.0
9949939,949.0
9950940,977.0
9951941,943.0
9952942,903.0
9953943,0.0
9954944,877.0
9955945,950.0
9956946,937.0
9957947,972.0
9958948,964.0
9959949,972.0
9960950,977.0
9961951,944.0
9962952,935.0
9963953,988.0
9964954,935.0
9965955,974.0
9966956,974.0
9967957,773.0
9968958,952.0
9969959,987.0
9970960,939.0
9971961,915.0
9972962,900.0
9973963,893.0
9974964,955.0
9975965,940.0
9976966,935.0
9977967,948.0
9978968,941.0
9979969,977.0
9980970,908.0
9981971,954.0
9982972,965.0
9983973,960.0
9984974,921.0
9985975,899.0
9986976,946.0
9987977,988.0
9988978,935.0
9989979,946.0
9990980,910.0
9991981,976.0
9992982,954.0
9993983,928.0
