timestep,episodic_return
1000,5.020751314383781
2001,2.6977249768147997
3002,6.556612864424201
4003,8.895054916975623
5004,7.637656037375284
6005,8.405444170013903
7006,13.52207011321024
8007,26.571314534158706
9008,26.560237400461396
10009,42.345258857961625
11010,33.09671217960689
12011,45.456702435005816
13012,60.431959822538595
14013,57.5920418499435
15014,75.56352297891324
16015,88.65562989465099
17016,85.62172890271275
18017,68.96906711045226
19018,67.01251911837505
20019,96.52387062496783
21020,50.085328562192636
22021,30.50619222663392
23022,40.58549096000996
24023,65.58720159749596
25024,110.83110234199202
26025,74.91251379479908
27026,60.204004965248885
28027,128.6768568448253
29028,91.73166879723713
30029,45.91942804490516
31030,115.48092275336688
32031,155.7455473393185
33032,58.23611664545971
34033,124.33488052669657
35034,116.67369882380387
36035,176.43106541677483
37036,134.85995806545458
38037,139.30728164418275
39038,73.09868664689593
40039,140.16642070852242
41040,163.40059740048324
42041,120.56452958164994
43042,191.741018037094
44043,181.78441040109277
45044,78.51009126593728
46045,100.78583477003562
47046,192.20273255290905
48047,218.8585107219285
49048,76.17008857337649
50049,131.72280103003797
51050,177.05991039032668
52051,157.8611463950373
53052,209.76389965185984
54053,220.586779233749
55054,232.69669129604006
56055,240.09370994766977
57056,222.5336278687172
58057,207.8486398934426
59058,251.63380253136376
60059,220.7604584063592
61060,227.8369965495273
62061,59.596588808926896
63062,233.67006249115033
64063,257.36583130501765
65064,267.34299068328534
66065,88.62279553581739
67066,125.42890709393177
68067,102.15825581244968
69068,248.44982660114735
70069,158.6404846043606
71070,251.5995079563732
72071,261.52305192476626
73072,35.41722246083654
74073,190.8787065030264
75074,265.17809675561534
76075,138.2463305913526
77076,46.41743162034281
78077,122.92752568475176
79078,188.74892261086774
80079,45.45763702054193
81080,135.89022956330422
82081,196.7835603905505
83082,147.51019348747184
84083,254.59879003795578
85084,258.11051675185894
86085,266.08200071808704
87086,260.6483687227024
88087,278.1276998238094
89088,76.58580997467314
90089,102.90920667671558
91090,175.18812193649165
92091,65.76513907174639
93092,204.43195447126246
94093,249.58042406030506
95094,252.35209754020593
96095,284.15578735543136
97096,173.77643498232004
98097,269.7355525823216
99098,177.78517960982728
100099,302.14056378984037
101100,61.24426852942412
102101,103.06585597077839
103102,155.44510778354487
104103,260.1699465248427
105104,122.2497393237362
106105,295.16177418508545
107106,134.44526897351741
108107,291.5433314161276
109108,288.0596095905515
110109,174.6844473888347
111110,115.00874316260631
112111,213.27726997345925
113112,216.18795940178734
114113,138.1427939310344
115114,239.63687103795158
116115,179.59188849140156
117116,290.4598066655902
118117,158.19863088642182
119118,274.9009139343175
120119,217.44994226754562
121120,283.53810194988375
122121,166.04301283343213
123122,110.48128367199276
124123,356.84538654930793
125124,242.20207271952202
126125,326.24318909859517
127126,232.86702853835328
128127,296.1391013921754
129128,295.1951643412411
130129,320.9801384540182
131130,280.6028469047793
132131,101.75099358664775
133132,307.750021890694
134133,163.51599777197288
135134,314.551721159573
136135,305.1525958731072
137136,330.7569689188417
138137,331.37001318121474
139138,321.01858196405766
140139,323.30296257344656
141140,140.10795147713486
142141,308.8493815539364
143142,357.65925397196054
144143,368.3193048656651
145144,232.5344472309064
146145,305.5234052858769
147146,116.09087404025881
148147,261.0005803584773
149148,260.0212312493244
150149,339.8933263036278
151150,318.1614978259123
152151,326.9664175201832
153152,189.0456035785597
154153,325.25980771998866
155154,203.6079580864884
156155,255.96151053268375
157156,342.71149729451685
158157,345.77597860128634
159158,321.65407026934565
160159,334.3648262056957
161160,221.18212700506112
162161,154.0754820891747
163162,386.9266201771756
164163,326.59503242742863
165164,381.9141175723578
166165,345.24480829062844
167166,226.78016235200755
168167,307.5711523318742
169168,373.4430497306003
170169,342.3812875727119
171170,347.847448500888
172171,322.59150890068776
173172,352.98070607523846
174173,313.09034539879605
175174,327.5304994452944
176175,322.9219297597315
177176,308.275764995527
178177,322.12818375171224
179178,348.99221295382114
180179,337.76520407191884
181180,112.93240586822593
182181,369.39722085821865
183182,322.63452312544456
184183,78.2059611543334
185184,343.521166067653
186185,351.2171886155075
187186,354.77417225325723
188187,385.8679391151895
189188,382.1289013754365
190189,352.0778607203833
191190,358.16685711815694
192191,353.6378647084637
193192,357.42868213899595
194193,393.2330242029425
195194,317.3578244966121
196195,324.720575269497
197196,358.34766712602305
198197,287.81510831102446
199198,344.39152488748806
200199,336.1234358101762
201200,343.455517278246
202201,214.60793106542914
203202,343.5795490438504
204203,167.99467784775956
205204,312.0619779005487
206205,307.5142788137846
207206,343.8553842125789
208207,368.8401862241445
209208,354.8655478540508
210209,382.18807717921794
211210,307.55467243303616
212211,377.8438687528003
213212,241.57592410005756
214213,417.8818565907031
215214,298.87982383013093
216215,363.96219718946344
217216,230.09095492942978
218217,113.0187161725882
219218,374.7200406287067
220219,360.40772003922876
221220,349.3251440322469
222221,363.51397898315537
223222,285.894037668466
224223,255.4604801281367
225224,371.56258139512863
226225,326.4782673944814
227226,393.35286817957257
228227,396.03048958098015
229228,361.71851416708165
230229,341.79572532977454
231230,409.8816955039331
232231,171.30707047369378
233232,380.29218942377565
234233,93.09679295937066
235234,365.82855517411366
236235,363.5986098954582
237236,336.55573298403186
238237,334.6694086173195
239238,369.9045740794829
240239,310.3339530856886
241240,398.29682971389633
242241,359.60135576636185
243242,312.54009562240174
244243,328.80162047777026
245244,106.05503742145
246245,366.4147688364988
247246,377.3834395947868
248247,359.34897406109536
249248,408.87857554370476
250249,400.73328504071713
251250,212.7435027365849
252251,393.8669297309238
253252,360.6536140223176
254253,364.2167336419924
255254,403.2613249863865
256255,366.84816166969176
257256,229.3561400706309
258257,408.63433287317787
259258,208.13251016618182
260259,402.1158954856985
261260,378.18590467254165
262261,389.272048058744
263262,411.2983209633665
264263,388.4765267363205
265264,363.9113005621669
266265,402.165607994879
267266,388.9257151177088
268267,400.3207624063982
269268,406.57530243655145
270269,399.7885513496991
271270,417.4119501176738
272271,298.72196101336453
273272,426.4620743319203
274273,198.8262552197037
275274,325.32086373264684
276275,319.5322966336244
277276,385.91338409264824
278277,273.24858924062914
279278,88.43615765096271
280279,152.58190376128243
281280,345.92560830984314
282281,282.2334150907303
283282,401.3872725943101
284283,369.8955200005154
285284,379.7083843804056
286285,368.4365032541181
287286,95.6025213474203
288287,346.6963963083858
289288,233.69401495647952
290289,363.18630335592854
291290,408.34121367131036
292291,207.21326300931483
293292,381.69116087588657
294293,302.74297652352783
295294,420.2903109106401
296295,337.31227794646645
297296,302.64843806844914
298297,395.5447705186788
299298,191.34518148086366
300299,389.77673727306785
301300,379.4202286466562
302301,359.2732105043408
303302,395.6091236665453
304303,417.787460774519
305304,140.496068789278
306305,207.5553070901465
307306,341.5625029021175
308307,117.70019400969241
309308,358.1515304924667
310309,418.3176687634198
311310,400.29889513141745
312311,413.3310125652551
313312,273.9976148154156
314313,114.26358660309376
315314,223.44546803430006
316315,353.36725827809204
317316,357.37410448099854
318317,408.7496575781938
319318,180.94730930641285
320319,100.57125936133207
321320,419.59815616273744
322321,418.8157109469558
323322,429.74204218848917
324323,216.80311679126416
325324,282.1350496399358
326325,106.0332499009839
327326,393.6637668380327
328327,335.8912882454235
329328,424.1639632868458
330329,232.26959840077134
331330,369.5137240484399
332331,380.42695627184537
333332,250.93606729531865
334333,337.21705703842554
335334,304.8465709956344
336335,383.1143390751011
337336,246.87597737392244
338337,261.2518282121162
339338,375.72142600672015
340339,433.29059250856153
341340,401.0665271944886
342341,427.41306048677427
343342,114.18673200431685
344343,410.7946001655561
345344,379.7848302647457
346345,231.14327246472956
347346,196.9033106720204
348347,397.41771669393745
349348,98.04153230651879
350349,373.6335799707793
351350,406.87988851407914
352351,395.79447917658945
353352,305.64895035361053
354353,397.46303442335756
355354,391.34548554220794
356355,350.1449404774279
357356,429.5287377531959
358357,470.20647838589946
359358,307.0622294926453
360359,391.10643205518835
361360,382.36767445189037
362361,407.5516934784222
363362,434.8099758438969
364363,396.23845671677066
365364,452.7153906217758
366365,393.86816521761136
367366,399.8963411736661
368367,380.14045076908195
369368,402.7883777813132
370369,401.8696893455716
371370,434.08266176951923
372371,236.29827879242035
373372,430.1958881831647
374373,256.13757754335785
375374,453.04788204201213
376375,420.2798437399354
377376,426.40835333661994
378377,451.7923444991358
379378,156.8482207896689
380379,380.5198678858055
381380,367.8562985623206
382381,447.1351571898517
383382,100.27020169241308
384383,414.4537315081995
385384,394.7077892601562
386385,416.57826038581044
387386,447.5085207851337
388387,430.73090481564185
389388,199.9705442608432
390389,451.4941423050029
391390,438.20854202255106
392391,478.3333275391072
393392,103.61235340526387
394393,443.86962618804597
395394,454.1774354793491
396395,458.29566558032786
397396,421.4103593331335
398397,405.9958342831702
399398,381.30506305570947
400399,426.41722343518603
401400,400.932419330932
402401,471.07884536589
403402,444.34361508738436
404403,448.76264188392696
405404,415.2405207422221
406405,417.34225054572414
407406,388.9596148647982
408407,400.1880090953437
409408,432.43231886967595
410409,417.58248628483983
411410,430.179339128272
412411,423.1286507874356
413412,447.0782142799193
414413,421.05147987259653
415414,491.68279398012606
416415,409.2338423301363
417416,422.9286888200019
418417,441.48873917733243
419418,415.4557405251335
420419,398.6327751869203
421420,408.34699357695393
422421,447.73508952078816
423422,438.3430699009344
424423,396.55080746512
425424,430.4424036256307
426425,415.79772002445276
427426,372.6694616886598
428427,404.0022350538624
429428,434.6379275196957
430429,462.98634231109503
431430,417.1741877047069
432431,441.57694938859385
433432,418.5782429326938
434433,413.69998398524217
435434,422.5974920417274
436435,455.1558075262339
437436,461.58259409875245
438437,402.7341608600204
439438,394.226296476383
440439,468.51124587632245
441440,431.88472152130214
442441,360.6167225857697
443442,469.5369352912636
444443,438.48263035960434
445444,457.9024525551872
446445,382.93191655621536
447446,88.9413037518104
448447,493.5538523526815
449448,395.5948672347241
450449,407.9219353825449
451450,409.1822229351637
452451,426.5489595854937
453452,443.2959102237136
454453,461.3686403458827
455454,258.86328861991154
456455,427.7312219442692
457456,445.1527700435543
458457,443.5611206603495
459458,359.92365099817926
460459,163.59276102482667
461460,479.966820635252
462461,429.7989959673128
463462,453.65387559424124
464463,467.10085590636254
465464,450.89507071441875
466465,450.26079618867044
467466,428.18784463257964
468467,402.3488356549927
469468,462.9230618351248
470469,460.32842309673106
471470,441.67959851651693
472471,363.9485323748831
473472,144.3199436079846
474473,451.7385448585982
475474,367.22601048609613
476475,491.5412919925446
477476,163.0567192476187
478477,472.9994309705793
479478,170.25127705171633
480479,439.28888189038713
481480,430.34353999216177
482481,478.61525742562355
483482,408.0172528656481
484483,414.6917651122297
485484,99.89526220591303
486485,404.1564373416219
487486,398.3009420240375
488487,202.2277220820904
489488,451.84695799200426
490489,438.73526735510467
491490,396.6166998613957
492491,459.8465288142621
493492,423.65717520011134
494493,385.73504893673146
495494,127.37334765020309
496495,203.1842673517444
497496,371.70165279295776
498497,439.4786576996811
499498,436.380262998975
500499,437.6972957644139
501500,420.1810544443964
502501,398.33367280534543
503502,363.3552746381357
504503,452.67569155725613
505504,409.6772038079543
506505,391.8766569530789
507506,465.74706533467105
508507,404.7293673720591
509508,399.419922913284
510509,411.19120407951937
511510,411.1652856877159
512511,397.7649642135612
513512,248.53786746749554
514513,371.60474649524457
515514,448.5443749950804
516515,111.24538400305643
517516,385.865142706211
518517,419.6460422806153
519518,429.97643892143805
520519,396.80947032773304
521520,332.58284875894685
522521,229.8479064907436
523522,266.61519230154437
524523,424.25819287114865
525524,425.1732199155885
526525,369.2331284381669
527526,396.1396595779498
528527,407.2939875471974
529528,175.48197952991958
530529,398.2623726834173
531530,213.40953705060306
532531,451.7628739933782
533532,227.40906864067958
534533,356.74287471469086
535534,409.89991694362516
536535,443.37862922699003
537536,60.15592082027652
538537,401.4691113556923
539538,388.2810168860096
540539,224.91888121314642
541540,95.88245093255763
542541,429.58497181508716
543542,273.6862429388975
544543,372.6264358021581
545544,341.80068751374137
546545,278.83990085363376
547546,438.15774740214437
548547,410.235732938371
549548,223.4718140191568
550549,213.3929522224168
551550,427.65310771617015
552551,420.8878633645255
553552,394.67086649100884
554553,363.50666856305713
555554,179.7105899950662
556555,152.31131620350453
557556,165.1938441454667
558557,121.41439089480974
559558,225.72603989992294
560559,318.70269062288963
561560,456.6024042471749
562561,393.08662887557944
563562,252.32042310289108
564563,343.7112578682832
565564,125.78676269924152
566565,148.8617662459008
567566,167.2858894205023
568567,423.2499037712469
569568,408.3804747890464
570569,431.0463697592012
571570,450.8148423048559
572571,47.61539038627398
573572,268.8263524498301
574573,435.5520014891796
575574,46.66946615173492
576575,125.22404085975177
577576,389.27785752045753
578577,396.5342367793298
579578,288.0587364344138
580579,399.18257328895663
581580,130.59248837035955
582581,398.3121077645757
583582,412.73922326821645
584583,258.7329196654811
585584,326.79187729591564
586585,386.59819823502687
587586,132.34661395504773
588587,455.4022577566653
589588,322.26078439456137
590589,303.0383790616535
591590,196.60567019849245
592591,357.15670370337216
593592,160.22008793290146
594593,308.71988132410814
595594,166.10557192388464
596595,160.2993718922715
597596,207.54206236518687
598597,329.13191035869465
599598,169.0272096259314
600599,376.6906151700127
601600,406.90847344179804
602601,380.1090890659286
603602,173.05639205761318
604603,407.0310710898871
605604,25.19538843181771
606605,456.72896109313683
607606,33.658989457699306
608607,383.17903084015074
609608,372.90014250836066
610609,417.5724214928595
611610,292.3588063542944
612611,432.18438479603856
613612,332.3107836262589
614613,394.6945712072976
615614,34.081987738704726
616615,347.08933575561827
617616,359.91858892288815
618617,394.14800162721485
619618,321.0749071082603
620619,226.40429407417466
621620,46.990463231652974
622621,189.38795575274955
623622,262.82970675606407
624623,454.1147858370479
625624,47.98114160896845
626625,441.27937286767957
627626,207.40553392630824
628627,389.711916943897
629628,50.95993608275579
630629,378.60525415515315
631630,188.74763198030755
632631,70.66595025782128
633632,270.55904359956975
634633,385.01203431125873
635634,344.72893636704015
636635,378.4142579991665
637636,433.6833352728651
638637,433.8344604092673
639638,396.25125594354546
640639,414.56294091751397
641640,391.9962107307044
642641,36.73082894470071
643642,312.0838593748125
644643,401.28586739908775
645644,267.89814068738974
646645,399.55841975189963
647646,392.88034843062667
648647,195.0006450310693
649648,35.33045238526339
650649,349.1285885711359
651650,281.8811375679568
652651,387.5828952747512
653652,379.08750287494155
654653,296.6169447909922
655654,339.18384763258734
656655,422.8694729764739
657656,161.9561998728673
658657,410.52379053027033
659658,423.1129829949083
660659,30.311451089284457
661660,320.8847660733435
662661,95.4700676197419
663662,393.7855691400524
664663,276.7226298975971
665664,122.79873058220767
666665,75.8337310122234
667666,448.09457055980516
668667,415.99925549928975
669668,433.4060034641181
670669,60.612689416643555
671670,323.4695312341652
672671,254.96682287648662
673672,382.5690550223343
674673,316.89979160876055
675674,226.90664317929046
676675,389.65055340952364
677676,375.6504515468556
678677,354.47235050127074
679678,88.49115509466785
680679,346.7765645525818
681680,120.5243896334522
682681,76.60006438393454
683682,358.88468737736866
684683,413.46591821342565
685684,422.0619133654094
686685,421.93842315382045
687686,401.20060441393207
688687,445.86202232835336
689688,76.46541770916622
690689,237.05831920973796
691690,136.29671667041924
692691,409.53084734594455
693692,403.2063063264867
694693,406.81501356209566
695694,254.14940095469797
696695,394.7619826998302
697696,335.2297135686357
698697,394.3341431639959
699698,322.7480630386371
700699,393.8273627366003
701700,398.5758582248532
702701,84.61105716274741
703702,429.1552078625876
704703,269.497714154555
705704,125.8187607319676
706705,328.8300813798945
707706,387.4145546442193
708707,390.82502243660315
709708,380.03339851788365
710709,368.82430056089197
711710,416.09795071220293
712711,342.32549232735033
713712,403.0157215390921
714713,202.94945399719927
715714,441.72420877135215
716715,236.01054747028417
717716,344.30913496467224
718717,205.3922244278242
719718,406.2466089853885
720719,409.1118100670597
721720,324.41157140456704
722721,205.54666402523608
723722,147.85781143954839
724723,376.8122186459161
725724,408.9720220620054
726725,408.1350747636056
727726,436.2540993427341
728727,320.9009309414292
729728,299.54459334988917
730729,323.66260005494763
731730,417.4647343095093
732731,167.36688330170037
733732,279.46541287612644
734733,194.8477753743037
735734,365.9759802908004
736735,162.89328300958454
737736,335.4277644895519
738737,344.75243817087477
739738,402.94207202403527
740739,414.40777166454797
741740,445.3056898369058
742741,125.4401877854227
743742,381.4333012812339
744743,420.5234576012148
745744,137.9842731374258
746745,406.06197999324974
747746,109.75792148598215
748747,299.56563018625616
749748,363.5486939123959
750749,297.2490048883296
751750,427.4631796147406
752751,77.59234203950123
753752,376.65583502005126
754753,405.0244985699544
755754,111.31072982839308
756755,382.90499622897136
757756,383.39415919968684
758757,304.51774483546444
759758,73.78873559154545
760759,454.73744584229036
761760,431.0825803528587
762761,233.8563426530765
763762,133.27468793000492
764763,394.06299049358296
765764,231.14214643207214
766765,401.8898825296786
767766,207.94919130931356
768767,382.88435717006104
769768,406.67404207412324
770769,154.15803394326304
771770,371.4261110619117
772771,80.0665038189943
773772,417.6318944527865
774773,171.89467579882617
775774,454.6659308357721
776775,404.70951797723285
777776,345.9739393713405
778777,359.12086088421773
779778,415.8534514557098
780779,366.208583749684
781780,398.7866089917717
782781,409.9329113071844
783782,291.62975757523424
784783,417.69041207952154
785784,75.35619124073465
786785,440.33168636716687
787786,80.72799851187764
788787,400.79066509576603
789788,402.8556719724688
790789,358.7993888954047
791790,425.29169868044414
792791,337.7234703929423
793792,149.45442014154239
794793,422.0788445591404
795794,155.60499887022746
796795,208.9745613776107
797796,266.7859562186716
798797,400.3902847967197
799798,113.88777854218004
800799,351.730897382041
801800,432.1954887637902
802801,375.4461350635997
803802,28.706941555993875
804803,369.47960952941276
805804,374.58966028605175
806805,325.0106334510195
807806,153.19641966248466
808807,352.1929061827925
809808,180.5344598989418
810809,411.7787243103096
811810,79.43007449104063
812811,299.679259029334
813812,278.12161227629133
814813,106.13451314441495
815814,247.3263769187721
816815,397.7950251264463
817816,369.5075654127397
818817,109.15141218779895
819818,381.32316069337764
820819,214.7194283330943
821820,75.2312329851882
822821,423.0116575867931
823822,180.05018973126266
824823,191.18916765932934
825824,297.17934202192356
826825,87.66689504138643
827826,388.9180199203322
828827,441.86976832290884
829828,229.48624035614776
830829,356.0605835841054
831830,51.37880882459925
832831,162.9630737831627
833832,342.61127724331243
834833,390.7578028027649
835834,277.09749334795623
836835,305.02561112644736
837836,99.95214787450034
838837,213.26438760515273
839838,355.4200193197568
840839,234.47137524579946
841840,171.75750184461606
842841,426.9785980349801
843842,401.87457944274695
844843,164.29112797029995
845844,97.72031475823022
846845,432.0677214946031
847846,401.57455595284387
848847,413.8864718810182
849848,309.22356449945653
850849,456.73565647002374
851850,270.7437068674167
852851,137.99812337302234
853852,78.40610771923102
854853,209.7041018440311
855854,387.098444270639
856855,368.02797568264026
857856,321.6703302153406
858857,308.07136470207683
859858,112.35005578285558
860859,45.47375683161945
861860,403.7893296520548
862861,434.20330939091343
863862,441.65557503563986
864863,439.1372803384937
865864,281.10606167502414
866865,422.8232638044684
867866,88.2678677773413
868867,114.12245377586662
869868,346.59467297012856
870869,406.63039695221676
871870,464.0563989702461
872871,191.46809032673985
873872,96.31993268875796
874873,380.28054129746704
875874,278.80976330132995
876875,104.52018101854313
877876,389.5722869818183
878877,298.87259866292084
879878,432.58973538689827
880879,109.94593639532184
881880,221.2479869588091
882881,415.84799793826664
883882,343.59146493323277
884883,367.0330262933804
885884,201.84578440965393
886885,373.9741105812254
887886,333.4171505922669
888887,401.5797127246259
889888,411.0779513324325
890889,380.174776735121
891890,415.3178815567341
892891,412.58901507000513
893892,366.2340800062035
894893,130.01821451576436
895894,101.47452553809026
896895,351.94134275195785
897896,234.8473715011765
898897,173.88787623994128
899898,356.15657762683384
900899,380.2021966461918
901900,60.962939635754516
902901,405.9288305324042
903902,377.92361474953054
904903,341.12226449231974
905904,384.25708036873385
906905,393.2839083449495
907906,375.9157515486652
908907,331.97672647868114
909908,320.06342789774203
910909,403.5638808617207
911910,276.5860472146517
912911,397.5168923685637
913912,343.78950685170594
914913,355.00816617695864
915914,374.8253035679885
916915,341.19762172216485
917916,400.3752226702772
918917,389.78024593664156
919918,409.6980614262785
920919,143.1265787867086
921920,380.9496826723636
922921,413.7493966934963
923922,200.79738232396946
924923,420.0467440353181
925924,395.18466269685297
926925,384.6260306586213
927926,413.67011220067576
928927,436.64676838614383
929928,385.892396489518
930929,399.3094388832018
931930,122.54579623603942
932931,360.89550622398633
933932,426.31492776661065
934933,415.43203543649116
935934,420.5763677558091
936935,397.15208292277157
937936,379.84044618318006
938937,422.3473691755114
939938,433.33541287686387
940939,25.590331249964002
941940,336.29331076261894
942941,289.52482159502046
943942,133.19506303025665
944943,400.1957830385592
945944,110.05899171022271
946945,194.96322670042193
947946,102.86501001044215
948947,99.36935509304824
949948,105.02118834651148
950949,400.2097415287818
951950,126.66542740542863
952951,382.94767500169417
953952,374.27249317343654
954953,431.77110648942687
955954,97.41439768926409
956955,403.87016178742164
957956,317.44465256619384
958957,133.6638046979296
959958,337.422264899391
960959,392.6852961725265
961960,383.0253321486884
962961,370.9211994231161
963962,340.6332770105153
964963,104.53869356757838
965964,419.4180209325291
966965,409.05483699644196
967966,381.49858756296845
968967,157.96914619475814
969968,397.9092037548206
970969,381.33767498351307
971970,363.7195094333912
972971,394.22806468901183
973972,391.6365394201984
974973,406.9183585226118
975974,378.3066621123986
976975,309.3340246676365
977976,68.54534335244043
978977,206.7022688028548
979978,410.5287819490638
980979,393.32535113205495
981980,404.6808159454498
982981,315.08199117776314
983982,122.49979537431676
984983,339.32630775955687
985984,437.21532631373276
986985,189.02964813141688
987986,345.3921983141823
988987,126.46727238014779
989988,336.4498400376662
990989,89.85846539829619
991990,398.0605182550249
992991,286.2143011941336
993992,404.0536091714181
994993,416.7883463053863
995994,336.1259006556647
996995,207.89551441457402
997996,399.02943034461964
998997,143.5916142215312
999998,407.3201813209512
1000999,216.43066215775687
1002000,430.3834800744364
1003001,410.50578996850425
1004002,394.3494768262867
1005003,403.64869354207394
1006004,398.0413501953743
1007005,143.50529013540498
1008006,405.8613289911776
1009007,416.3404020452082
1010008,126.48539615222325
1011009,422.61149277462795
1012010,412.72015107301763
1013011,417.1314497136826
1014012,379.40584379060317
1015013,339.76526673797565
1016014,270.92313348303213
1017015,114.64559174778358
1018016,404.39874245075384
1019017,434.00765282037355
1020018,389.85111026857965
1021019,288.9683921842595
1022020,422.16613886293646
1023021,34.44097953452219
1024022,352.41688300744397
1025023,391.42812447570145
1026024,46.426014992374206
1027025,217.61895406249502
1028026,387.9370503776222
1029027,36.981309045137394
1030028,360.08091084646554
1031029,384.95895640588503
1032030,433.22207525386796
1033031,158.04793192230753
1034032,110.55033133136943
1035033,421.6570097954705
1036034,374.3171879974478
1037035,158.66254252437082
1038036,371.1071856293907
1039037,368.14868460858463
1040038,188.0730618501798
1041039,323.8984489461731
1042040,424.34356164446905
1043041,408.21490105847437
1044042,411.7225284740954
1045043,407.8412167144639
1046044,366.77358231536186
1047045,74.95785524210937
1048046,406.79274042864716
1049047,384.27412621207924
1050048,217.32192816695604
1051049,393.1475629496511
1052050,409.417816237275
1053051,406.308296712249
1054052,225.71227925322623
1055053,381.2419461189191
1056054,406.65081673873885
1057055,412.62156287115494
1058056,375.69427997884134
1059057,393.46802616640935
1060058,399.2948992305
1061059,391.6183921549753
1062060,390.7992501591545
1063061,395.3280461535714
1064062,401.57481186191853
1065063,356.3328014095388
1066064,382.5752184088535
1067065,398.94626308791993
1068066,388.10238935244365
1069067,405.88344857164316
1070068,217.4931803949434
1071069,357.37926174253107
1072070,139.34730116586599
1073071,414.1023227642201
1074072,421.9285825840891
1075073,177.24320581050068
1076074,408.0233292977765
1077075,406.63158460235593
1078076,355.0126961509541
1079077,411.353792257635
1080078,98.19042920719446
1081079,421.35343190695045
1082080,382.66867576152515
1083081,132.9808112238261
1084082,375.54447743189866
1085083,346.6105233577358
1086084,326.98465235719544
1087085,396.6523535379691
1088086,109.4530099855106
1089087,400.02633702714644
1090088,393.57986850965835
1091089,385.9067930114024
1092090,317.76188120022124
1093091,414.40841525263113
1094092,398.9880040545135
1095093,350.7725331752437
1096094,307.32155725693326
1097095,341.05293543397954
1098096,271.14449875717224
1099097,202.45364825982304
1100098,90.08369441018809
1101099,377.7414958082227
1102100,389.68884689400033
1103101,399.51839288517795
1104102,375.657142308905
1105103,404.5421819365292
1106104,406.5889700462523
1107105,378.9572312188395
1108106,367.8226199425791
1109107,378.4002923747245
1110108,67.61646871557429
1111109,399.53562511961144
1112110,408.0362646057692
1113111,363.3752737655242
1114112,399.07998046365515
1115113,370.6194154317978
1116114,405.18815368969143
1117115,400.89948377926237
1118116,403.6299718386484
1119117,316.4947721562873
1120118,200.2724794269654
1121119,148.03913576564045
1122120,408.9490644583623
1123121,410.16678805936573
1124122,374.07361250492414
1125123,388.4205943406422
1126124,206.83527340638125
1127125,362.02735975122135
1128126,231.36523716449415
1129127,386.6228325645158
1130128,392.01225310191916
1131129,149.74043239036615
1132130,374.36377223978127
1133131,411.2147870915317
1134132,380.28962989360184
1135133,317.03185730904585
1136134,355.4916653834804
1137135,283.41140612554733
1138136,420.24278860928234
1139137,325.0385396487398
1140138,403.85418186320044
1141139,115.10412078075885
1142140,185.85724985138688
1143141,377.0922103635197
1144142,397.0915231184586
1145143,401.35610076805193
1146144,179.54046844731556
1147145,67.44259159767569
1148146,376.79658856392587
1149147,371.28730714403235
1150148,338.6387284458612
1151149,384.11377500405945
1152150,400.40398073534845
1153151,366.13874141083744
1154152,395.47516846725875
1155153,345.9641006912006
1156154,384.20598172915555
1157155,281.1081505885948
1158156,138.5474437613459
1159157,387.8261022257445
1160158,347.7289816764717
1161159,396.74846280023576
1162160,392.99356797700915
1163161,377.16209137644637
1164162,146.43831357950114
1165163,400.5451597947866
1166164,371.000089975693
1167165,329.2197527314904
1168166,404.8406730838943
1169167,418.1430549425549
1170168,317.7148718163177
1171169,181.886823495183
1172170,155.57896122219418
1173171,419.87611531082564
1174172,363.8278718158815
1175173,364.3356522657732
1176174,382.61107130017785
1177175,167.52692105327512
1178176,406.61518139792923
1179177,386.7211374400031
1180178,341.2762715934837
1181179,216.96947453818316
1182180,375.6632509767661
1183181,401.1719779810866
1184182,415.3375664458879
1185183,411.7818635144236
1186184,393.6874727409978
1187185,300.6730599682186
1188186,360.7517754086224
1189187,416.39212116961295
1190188,390.97592548401934
1191189,352.6132072641954
1192190,397.1496567360823
1193191,381.6320232355289
1194192,370.05147806292314
1195193,48.97214617602124
1196194,361.0398507008756
1197195,366.8360756180389
1198196,287.56983199304835
1199197,327.9920449051105
1200198,86.30138946564152
1201199,327.82813115645735
1202200,422.593629849193
1203201,238.32530300600763
1204202,332.86546049443945
1205203,143.22636228300004
1206204,414.21964419713004
1207205,405.7946048422616
1208206,351.7923264594772
1209207,377.29265915562524
1210208,414.90400502147423
1211209,379.28688011645596
1212210,217.73808379450975
1213211,260.0870780567825
1214212,141.53111372631778
1215213,359.532437588169
1216214,396.2328293033785
1217215,391.7181101982944
1218216,388.20708060492746
1219217,389.50170115067874
1220218,400.2615292529351
1221219,372.0663805930016
1222220,405.2976759767206
1223221,399.75905154672654
1224222,399.0661790041908
1225223,418.2682008674297
1226224,398.43413653899273
1227225,343.9190086469421
1228226,392.77517247763154
1229227,181.06153710832132
1230228,368.453850350879
1231229,376.64523583007104
1232230,333.4994746656597
1233231,424.53453388147096
1234232,57.009727562725715
1235233,401.48057051018634
1236234,185.23670621107266
1237235,410.24022540792345
1238236,403.2303419529359
1239237,38.66016456638873
1240238,404.73916404064
1241239,47.95920971845913
1242240,418.71135748724174
1243241,39.5080279062904
1244242,417.9471405990388
1245243,398.3270843488091
1246244,391.32979633277546
1247245,376.0445729577605
1248246,413.7139480437808
1249247,111.77442309378223
1250248,215.39890989386922
1251249,298.76702102666036
1252250,400.3150366745132
1253251,61.61945381451633
1254252,426.99544911520195
1255253,183.48496848958325
1256254,368.59532746501554
1257255,392.3243835516359
1258256,412.03500733985936
1259257,391.2969663446847
1260258,363.9375595150837
1261259,415.7585774936654
1262260,420.4246247664662
1263261,415.2500059642492
1264262,407.60466408552446
1265263,371.39922572734696
1266264,423.1826578754267
1267265,408.2242207798169
1268266,398.0064930117294
1269267,381.82012881108574
1270268,389.85916497499176
1271269,364.50993181296025
1272270,428.66213101342066
1273271,430.5945588435833
1274272,389.2353808976776
1275273,398.2172076559471
1276274,399.19991134910697
1277275,429.9988833059572
1278276,408.88971104185464
1279277,419.63888995631385
1280278,413.0207324903119
1281279,414.81911560206566
1282280,380.45576561986087
1283281,382.7131693842225
1284282,414.9727473362316
1285283,415.22370110497246
1286284,276.66519616778265
1287285,405.8827451379547
1288286,388.27931836783404
1289287,399.40126381517945
1290288,394.96514423105566
1291289,370.7918574570327
1292290,365.56226721084136
1293291,410.68071833016336
1294292,428.84536694831127
1295293,57.5405425602408
1296294,394.886130223638
1297295,411.961975067995
1298296,382.3547561856036
1299297,289.032983599228
1300298,387.408922223776
1301299,382.84976127386983
1302300,364.90169802768474
1303301,395.88507394118466
1304302,415.76131823112837
1305303,383.87080572799766
1306304,393.13329686555386
1307305,422.3587847898299
1308306,370.18671980829026
1309307,411.844207556024
1310308,390.16443554945675
1311309,154.23364759910817
1312310,236.49897543878365
1313311,378.83147918504335
1314312,404.12959490744777
1315313,403.61238225601903
1316314,381.49776817488197
1317315,400.50828659932534
1318316,402.8659535227276
1319317,364.40894142103053
1320318,391.9273045091367
1321319,404.6216936150495
1322320,391.236943689011
1323321,409.18591629323964
1324322,342.073849388459
1325323,355.58438905216656
1326324,412.14524000417725
1327325,411.7428519946335
1328326,410.7138597989049
1329327,418.2274184183103
1330328,188.19502155293566
1331329,395.88504743271835
1332330,429.01313443721295
1333331,372.46695518140547
1334332,392.56737031081246
1335333,295.4182469679294
1336334,383.5595297115982
1337335,401.33806838835585
1338336,417.74799595377
1339337,408.3019977589317
1340338,421.63616564244353
1341339,438.4522030919589
1342340,422.92549267665373
1343341,402.6842933491605
1344342,422.1888010724135
1345343,413.27921540897114
1346344,419.0504878611358
1347345,394.9161636145623
1348346,388.2585327757383
1349347,418.78617920136793
1350348,389.3822800076342
1351349,385.9023947912812
1352350,396.184326174568
1353351,217.72092497030812
1354352,423.8940717576957
1355353,427.537234187053
1356354,320.57400794888855
1357355,413.2905061441859
1358356,402.88212997079006
1359357,419.7748169323292
1360358,430.3486442181175
1361359,414.90688264954025
1362360,387.73974847164124
1363361,409.0354507310237
1364362,426.1102996797883
1365363,420.5219183169784
1366364,419.5054514203261
1367365,378.78032106256313
1368366,415.848616927341
1369367,407.8846082219794
1370368,212.96433789967207
1371369,419.50941820234164
1372370,401.64297487428075
1373371,411.8511490287969
1374372,401.58725194438307
1375373,417.7384143403255
1376374,420.2099550115254
1377375,390.5971866817115
1378376,366.1752074558937
1379377,101.4306171581507
1380378,420.2835449605704
1381379,411.932361881983
1382380,356.4865110664204
1383381,215.70420249120215
1384382,346.178381051058
1385383,142.99754870899662
1386384,399.4077769861996
1387385,337.71135040770815
1388386,418.15830804175516
1389387,417.9756570126611
1390388,434.77749564311415
1391389,422.30426859215686
1392390,421.84819753799593
1393391,402.0152744511894
1394392,414.64321646118805
1395393,420.6109952282554
1396394,429.6212616549393
1397395,423.4519753464999
1398396,417.4980222698679
1399397,414.4435106462837
1400398,402.47418099369656
1401399,269.9280896834642
1402400,369.1861464412872
1403401,388.3842832167157
1404402,369.9248347649235
1405403,241.33350109782134
1406404,136.75596539443072
1407405,429.77260653803995
1408406,392.75284201992065
1409407,414.6590980149076
1410408,426.2925390791822
1411409,408.8009039939091
1412410,396.00840078737036
1413411,406.8293112764807
1414412,353.76178833386774
1415413,435.7065416892968
1416414,103.66862584166516
1417415,414.67336845214896
1418416,196.10121155930256
1419417,402.4526424329273
1420418,449.04074472496376
1421419,78.30984687866041
1422420,229.99150166531695
1423421,388.6932516288631
1424422,404.95463632218645
1425423,357.76438082004876
1426424,391.2961064203678
1427425,407.5717995117761
1428426,255.85696900942452
1429427,408.39317456255645
1430428,284.48449833515764
1431429,390.9077786339064
1432430,214.76051117407985
1433431,386.7865251143755
1434432,395.28699533862397
1435433,230.01397342951117
1436434,152.8200778602042
1437435,366.07877064245105
1438436,395.18503107421543
1439437,422.02586577031514
1440438,448.4614618350787
1441439,274.9950308788056
1442440,273.43538305027437
1443441,381.8017631640187
1444442,69.99232135374814
1445443,408.31817861026667
1446444,373.53125823399955
1447445,399.77988386255095
1448446,309.59301308118876
1449447,424.87764742889306
1450448,66.2077213815474
1451449,239.18655516820505
1452450,425.23482359120214
1453451,330.2724080401563
1454452,409.71685496510025
1455453,66.7813720495338
1456454,243.08739014019514
1457455,409.32250200018893
1458456,397.7583253644994
1459457,406.9760991614497
1460458,405.95731537508186
1461459,289.7543825648444
1462460,433.0452429339525
1463461,418.6386098573562
1464462,426.28237735878196
1465463,424.05319315480614
1466464,207.21846234424814
1467465,223.41030251207036
1468466,388.5304146706153
1469467,228.2110520008979
1470468,421.7266420505063
1471469,229.34145907668034
1472470,335.1443558297958
1473471,434.63297908830776
1474472,421.3181557463547
1475473,417.78820998008416
1476474,291.53945943347594
1477475,240.5201202581253
1478476,146.3618826674709
1479477,392.37786243025914
1480478,308.41466160852934
1481479,432.9099601296791
1482480,198.36356847136827
1483481,425.01176909193293
1484482,394.54906848326823
1485483,347.58062295033704
1486484,381.26538211207827
1487485,353.81255611825287
1488486,113.27072946184612
1489487,375.8581984593905
1490488,432.1058399572142
1491489,441.50933464479357
1492490,212.81328109950022
1493491,439.5697524667641
1494492,369.5630717303113
1495493,386.04568654974736
1496494,389.24951246619236
1497495,347.1977193246277
1498496,377.44943249117034
1499497,436.76365643014776
1500498,114.32491070584467
1501499,429.54682401261937
1502500,423.9052541510258
1503501,438.4262410238312
1504502,436.82076848483587
1505503,400.1459035237677
1506504,416.0989561495681
1507505,424.59571474186384
1508506,396.3928720856724
1509507,204.23320797631445
1510508,391.3072344034886
1511509,230.89320412104664
1512510,413.5032207991774
1513511,376.5850527229694
1514512,455.75688569326604
1515513,435.06669476542737
1516514,454.84459651838654
1517515,395.2326844252707
1518516,425.8002884122266
1519517,444.0406962057728
1520518,396.7094966657947
1521519,440.47959349856075
1522520,458.1427898427718
1523521,402.87398891092795
1524522,453.4221152342897
1525523,334.7420341029608
1526524,396.6211896513857
1527525,430.10113525312727
1528526,386.1169461441487
1529527,379.8258134180347
1530528,455.7060222760555
1531529,419.8829305628392
1532530,438.1246799583499
1533531,361.1882086810855
1534532,404.49153088631056
1535533,418.7373497338588
1536534,466.32303752926714
1537535,433.63237414384423
1538536,419.4579683578468
1539537,445.6305490946288
1540538,366.1984086379424
1541539,374.22498129897093
1542540,386.8830873396844
1543541,442.64519990793394
1544542,401.8500303207895
1545543,451.0787281935962
1546544,343.1427614815589
1547545,441.79579786437097
1548546,439.6445481054942
1549547,201.93499975885592
1550548,384.69578652260714
1551549,347.23124971720074
1552550,455.824015618641
1553551,462.3749352048881
1554552,405.26450336543877
1555553,358.488441450161
1556554,332.57813338034623
1557555,464.4366132168489
1558556,362.20962719135105
1559557,378.91210781797406
1560558,194.22694349965963
1561559,393.98869102750507
1562560,344.2967874216559
1563561,370.2559164112548
1564562,407.63803483723785
1565563,291.7930392259197
1566564,422.8941878035827
1567565,424.7549227878366
1568566,437.6913617903632
1569567,349.3260312395642
1570568,340.8127384118276
1571569,444.5470299390583
1572570,407.7363143888639
1573571,455.6377777767566
1574572,438.00240433765055
1575573,279.9254577758175
1576574,428.7329549507695
1577575,373.7519641828784
1578576,426.2010869283363
1579577,355.1011633600313
1580578,306.79858372550564
1581579,313.24448022075296
1582580,191.54532685121495
1583581,341.045884695277
1584582,450.59806404862
1585583,395.18551322646096
1586584,399.62818021836523
1587585,342.9581016692154
1588586,205.60856025233056
1589587,401.1992950809822
1590588,401.22376138747507
1591589,409.38715520468304
1592590,222.22747557564156
1593591,132.5709940297236
1594592,445.675100787493
1595593,331.2209197510518
1596594,435.72399181833856
1597595,372.5948244420386
1598596,436.3718555069646
1599597,438.65417297771404
1600598,365.13712755208064
1601599,437.6096768539787
1602600,459.03823188659885
1603601,460.9901909885909
1604602,419.17183701876166
1605603,130.2011999716315
1606604,382.2875559042326
1607605,372.3377012380648
1608606,436.6618754362673
1609607,441.83183099141337
1610608,357.6919889350791
1611609,405.3217486381848
1612610,442.239464599638
1613611,411.9438001525334
1614612,219.10964052428253
1615613,405.7646609656448
1616614,434.52391765204953
1617615,380.00407388608755
1618616,202.16492844093773
1619617,335.9740827869722
1620618,338.1164962070469
1621619,463.7450619608666
1622620,438.7312247010189
1623621,435.57646998482284
1624622,470.81577003353146
1625623,381.07374046528133
1626624,457.76661280755525
1627625,393.92280195936934
1628626,365.7536997185069
1629627,290.261369064887
1630628,438.89021312107815
1631629,439.0749312162913
1632630,438.8964311861197
1633631,128.09626171205545
1634632,369.1991514967165
1635633,360.9879637639873
1636634,393.1918915642327
1637635,378.6672849980475
1638636,450.452766384514
1639637,440.72570007020704
1640638,447.53165216249835
1641639,433.1400959187116
1642640,310.88929868055743
1643641,273.6323947731638
1644642,405.934472736964
1645643,414.0101261963495
1646644,409.89047843938937
1647645,339.43540634416354
1648646,403.0975109180601
1649647,431.6221156363476
1650648,454.6120085389872
1651649,380.69631486842286
1652650,383.632155361284
1653651,405.94487914159606
1654652,404.681163432151
1655653,302.3730842908972
1656654,163.35906923928783
1657655,444.4517541197006
1658656,433.2977601720406
1659657,427.698722262485
1660658,340.6815768086258
1661659,429.1037545956893
1662660,263.3211531827305
1663661,374.8575377666902
1664662,407.35552063383255
1665663,412.55430047369464
1666664,394.2728715856088
1667665,302.0378485178204
1668666,363.3094709106766
1669667,271.1833570391543
1670668,439.3407217996708
1671669,412.3631413544881
1672670,336.35715508943366
1673671,413.906336300029
1674672,437.45043063477584
1675673,409.1548152663637
1676674,340.92307376909184
1677675,445.56210424165056
1678676,429.0591315806119
1679677,115.43673402958882
1680678,438.1731816902775
1681679,435.9150686749446
1682680,415.6368497383385
1683681,441.63278023934515
1684682,360.27060201147196
1685683,439.1566090265911
1686684,463.1317659133826
1687685,326.75556402530356
1688686,403.5708968527654
1689687,394.16704140887856
1690688,407.9896078332682
1691689,438.4356540899037
1692690,45.94976012250917
1693691,425.9413675283778
1694692,397.1076965761054
1695693,427.295501248882
1696694,397.4274909536604
1697695,444.79467158295023
1698696,443.3810464643933
1699697,442.87529305983276
1700698,322.44943566313344
1701699,439.2649255462068
1702700,415.2292744425897
1703701,297.27479748107925
1704702,454.36893662374234
1705703,349.23273394713334
1706704,370.06503098554833
1707705,442.00274806878184
1708706,386.06288433334885
1709707,420.8957962953354
1710708,449.80558046664294
1711709,406.35536422742484
1712710,406.61122997476735
1713711,446.0482194236778
1714712,173.98750021811742
1715713,258.49491294226465
1716714,411.2611603809768
1717715,180.44205871797575
1718716,443.86182469372113
1719717,292.6212395531464
1720718,374.99293079034953
1721719,420.264494671854
1722720,430.0185767983038
1723721,170.9984701844239
1724722,415.3870086047817
1725723,468.2707566090407
1726724,391.59196182169507
1727725,383.10307718748345
1728726,273.3908182740543
1729727,188.51020909967437
1730728,461.0129128371282
1731729,446.56552581324206
1732730,434.24363387506907
1733731,431.1576151056572
1734732,416.5746546399227
1735733,404.2683432182952
1736734,155.17706331535064
1737735,413.8399144712691
1738736,424.76546539325136
1739737,442.7094722807416
1740738,381.3814997671728
1741739,87.87946497341514
1742740,434.01922280107453
1743741,467.16439496048235
1744742,475.1877160930049
1745743,451.81395684278476
1746744,401.6930543397864
1747745,452.6129123403481
1748746,346.961306696417
1749747,415.7545177697976
1750748,363.53537975319716
1751749,444.8245735884429
1752750,174.94813957865685
1753751,426.50724843452866
1754752,427.4779080363577
1755753,391.59079996586337
1756754,323.95283231788704
1757755,451.8555894753344
1758756,384.0506094983742
1759757,361.237674653419
1760758,334.3767075897875
1761759,424.17218419954247
1762760,451.9158588271108
1763761,424.44550145435977
1764762,444.1500231994856
1765763,423.4869403257034
1766764,452.6186514531457
1767765,447.09441506267035
1768766,441.5844071094179
1769767,437.92138653235907
1770768,440.0038242957045
1771769,362.67069218267676
1772770,380.6403678674899
1773771,430.0828888213418
1774772,431.4568357687243
1775773,457.18649787457815
1776774,452.4346737826249
1777775,419.2963109406318
1778776,453.64478496688173
1779777,181.1829417685598
1780778,460.2911847613847
1781779,445.218708802509
1782780,442.2942512565574
1783781,445.8479145275439
1784782,457.59197054415614
1785783,441.90027855699316
1786784,430.8944819868141
1787785,417.96182597578905
1788786,455.68864474425624
1789787,423.3616662278698
1790788,461.5347942748745
1791789,403.7939781208024
1792790,439.5618511068893
1793791,453.5131441385084
1794792,436.8018073286859
1795793,415.78308073360813
1796794,403.83883056758344
1797795,445.38427258179723
1798796,452.86961534969623
1799797,339.55977874774845
1800798,403.9410010819605
1801799,441.3629641695517
1802800,406.82713046394804
1803801,408.4160230832861
1804802,461.3373637641472
1805803,439.6172149239736
1806804,438.019609100669
1807805,414.2525552429524
1808806,469.23947766449396
1809807,432.2013317741716
1810808,452.38384215398816
1811809,327.2294660972329
1812810,356.2482002993684
1813811,428.4648111817552
1814812,445.9477570382923
1815813,251.394794167319
1816814,463.03101690315987
1817815,134.34470443183375
1818816,401.34614320120016
1819817,469.37012081038836
1820818,352.9135955289685
1821819,445.46818378547164
1822820,423.9466078258118
1823821,425.2951797224818
1824822,458.7909463866625
1825823,403.4835663599306
1826824,372.43931481845976
1827825,373.37082167205836
1828826,417.0260842236157
1829827,364.46304378865574
1830828,454.3893217049906
1831829,427.41353527833155
1832830,445.9129211761929
1833831,414.68368960625463
1834832,421.4989193319775
1835833,441.4183458095462
1836834,426.91667734495314
1837835,443.9458786986332
1838836,464.38182603019817
1839837,436.05724937234663
1840838,243.04553183591213
1841839,370.5779091256223
1842840,301.9311335678655
1843841,433.51102475179516
1844842,471.55354576094976
1845843,418.766167670856
1846844,413.66909340658555
1847845,452.63479387759264
1848846,437.844158072109
1849847,440.23617771023237
1850848,417.7760913805751
1851849,401.4658007087928
1852850,422.20841567035
1853851,381.88874402838667
1854852,365.98511768034973
1855853,434.0801891224351
1856854,362.1031933998951
1857855,434.78476939206473
1858856,405.50413823521893
1859857,401.0794938054173
1860858,418.96146197392136
1861859,415.1887389125774
1862860,419.594340019574
1863861,410.20507546961795
1864862,450.08791741063357
1865863,448.4158353390703
1866864,378.39985134985045
1867865,432.27193508260325
1868866,391.4196403791302
1869867,148.2325493151071
1870868,354.1047884285139
1871869,381.19531414755494
1872870,357.5500186832867
1873871,437.0945336493162
1874872,72.58097576587133
1875873,420.896861075072
1876874,439.3099072894494
1877875,327.94711980163885
1878876,415.2406829932915
1879877,436.2486530334568
1880878,440.4670278607494
1881879,440.414281825471
1882880,436.04517320194685
1883881,327.04806539900454
1884882,60.08730577512649
1885883,413.43492548570134
1886884,130.86031703725604
1887885,434.9018668690419
1888886,408.14354631771806
1889887,308.3213739704897
1890888,454.2995977180144
1891889,356.7243030381679
1892890,366.2993126392458
1893891,439.70314298099
1894892,437.8131798079885
1895893,417.81779259209253
1896894,448.25552866165066
1897895,84.04437130218463
1898896,406.527986886738
1899897,448.18293167544545
1900898,283.02500144701366
1901899,287.66403819763445
1902900,448.09830134444877
1903901,409.87638339697514
1904902,425.73599930347876
1905903,374.0390834813012
1906904,440.971548405249
1907905,432.5684160558648
1908906,423.53486910168533
1909907,227.51824583264536
1910908,465.56261486297404
1911909,420.0827198472169
1912910,414.93584827443897
1913911,396.5317783882202
1914912,384.1996544805676
1915913,122.55040404633107
1916914,201.6664517585007
1917915,135.64684552960907
1918916,253.52754597515914
1919917,227.92122052914036
1920918,269.4085029641146
1921919,271.32230344700224
1922920,149.18925901641376
1923921,342.1334950265063
1924922,443.03385296652425
1925923,416.0407870006253
1926924,389.46376648881767
1927925,452.8042594730779
1928926,324.2663255187429
1929927,401.2565786426725
1930928,166.1423911639581
1931929,486.88373251666826
1932930,413.31710633003775
1933931,401.35777505348733
1934932,403.19034072971834
1935933,429.97634718571464
1936934,207.38865518262554
1937935,80.91955600186638
1938936,450.4137481153744
1939937,362.56043076105254
1940938,437.6697122652807
1941939,146.7426439643727
1942940,285.9380836084848
1943941,440.6614433013937
1944942,452.5338775831177
1945943,85.99206782536375
1946944,153.0065127231896
1947945,446.4774701827161
1948946,208.62656742244042
1949947,423.2649376764625
1950948,66.624225999043
1951949,307.2371989494426
1952950,139.00305345897692
1953951,424.7545896339097
1954952,389.3234062555126
1955953,181.3263217150668
1956954,423.6532743922178
1957955,170.63392938947752
1958956,82.52040507788739
1959957,201.06328561204813
1960958,370.64466944625116
1961959,437.1844672644943
1962960,428.3553513075763
1963961,439.1376506881811
1964962,428.23854679768397
1965963,391.63991475756893
1966964,432.9454056957041
1967965,439.72169450181656
1968966,439.9885589248983
1969967,462.5658143513521
1970968,464.1691880526745
1971969,358.627110433439
1972970,258.55391140234633
1973971,427.89277443138286
1974972,401.6235224050026
1975973,410.23131698009803
1976974,449.85656607393713
1977975,451.15407261462667
1978976,402.91641605760304
1979977,468.29885978959777
1980978,423.79854326839614
1981979,454.8563688162625
1982980,422.9490105353689
1983981,419.3484886979698
1984982,334.39425009563286
1985983,399.5914469131181
1986984,427.3381012966604
1987985,440.841811874491
1988986,428.1947664667373
1989987,173.13637183616976
1990988,213.41137980598188
1991989,353.4830745400996
1992990,450.0601944036782
1993991,444.11414129456585
1994992,423.2141471186606
1995993,175.6110693526837
1996994,467.80521141665787
1997995,487.20316168269994
1998996,389.2997366908011
1999997,151.76515696069836
2000998,402.2013194891557
2001999,431.11350722313216
2003000,446.34062435780737
2004001,437.6194895650714
2005002,443.93851215223697
2006003,415.7859130563834
2007004,479.4345815555012
2008005,420.4345498718747
2009006,450.7475081892441
2010007,438.97405121035695
2011008,371.6850171669523
2012009,451.58723386748756
2013010,411.28273559666604
2014011,423.569388596096
2015012,460.49471737221137
2016013,452.6799758112344
2017014,480.35577983663813
2018015,402.2179363129449
2019016,438.280101328362
2020017,447.51419183987457
2021018,398.97986052426876
2022019,65.1989788106175
2023020,494.81122934141706
2024021,418.2989306502147
2025022,76.38556623513395
2026023,430.5475201569819
2027024,410.6662374104802
2028025,424.00806757164855
2029026,465.3419664289956
2030027,423.7152858404805
2031028,470.1539925225606
2032029,377.2017765899129
2033030,480.44237846896
2034031,86.38620342415834
2035032,446.50070578967376
2036033,447.6357816090163
2037034,464.40399843346245
2038035,402.00750210695855
2039036,459.17930514774264
2040037,377.5145238560633
2041038,414.36266910016906
2042039,450.1086140500536
2043040,451.93207509598284
2044041,457.15466631691936
2045042,319.62215678805177
2046043,384.85138519486986
2047044,426.9036218334486
2048045,412.5045742086981
2049046,428.2067609968977
2050047,448.64591445715115
2051048,453.9016397175537
2052049,460.2078899297879
2053050,183.9348599709432
2054051,237.7267178583014
2055052,66.57484313706745
2056053,441.14830221526967
2057054,427.54923565551013
2058055,411.60462078941447
2059056,462.9740061840701
2060057,439.66944840341614
2061058,449.0740074698457
2062059,129.57078847284595
2063060,429.54344707151773
2064061,450.03484980449196
2065062,426.82274207693143
2066063,440.6096850080893
2067064,443.15693353809246
2068065,398.42587763803897
2069066,395.87418885070196
2070067,453.73468339364337
2071068,291.7344354399656
2072069,435.7304509376806
2073070,403.06024260398465
2074071,439.93407395550275
2075072,451.12897410565483
2076073,455.8851613449684
2077074,440.65518645387954
2078075,410.03597555230846
2079076,417.668398363739
2080077,415.7611586743387
2081078,300.503490363439
2082079,474.0852913759044
2083080,102.20142002231235
2084081,441.5914155254762
2085082,409.1610221723576
2086083,446.30734126332754
2087084,419.4172327004602
2088085,379.79188986355723
2089086,386.74811709197905
2090087,432.35487391946583
2091088,432.87138907918063
2092089,455.6635970128108
2093090,434.1945255205433
2094091,426.5052296138329
2095092,459.21863767188125
2096093,405.1416329404084
2097094,440.21751600678226
2098095,390.4430681673726
2099096,431.9336788454745
2100097,423.8132848796029
2101098,275.7560085607081
2102099,351.3736673833032
2103100,406.35764611228285
2104101,442.01682013565176
2105102,439.9857926657303
2106103,411.6449414591912
2107104,423.1409109012337
2108105,423.5040836154199
2109106,428.34469105409687
2110107,437.2016917194106
2111108,365.26478716222005
2112109,431.80919507906407
2113110,439.71731314580114
2114111,399.4175698382453
2115112,429.52008408641143
2116113,74.17061339184559
2117114,412.58576238577416
2118115,436.5671701510697
2119116,411.5901861610932
2120117,431.1022773479786
2121118,410.34714963950233
2122119,117.40344081613848
2123120,331.0318416103917
2124121,464.0147274587102
2125122,383.395550731733
2126123,432.6407310664155
2127124,411.2977916526082
2128125,304.15977173091443
2129126,403.246782089371
2130127,408.6217760603029
2131128,430.76916792673705
2132129,412.66415708043905
2133130,392.49331751579484
2134131,349.92347737215215
2135132,439.13812938814044
2136133,421.1289068398926
2137134,148.76089810516774
2138135,396.8870328362876
2139136,386.74595190343445
2140137,435.14377766377106
2141138,429.27933836763816
2142139,369.2382312542159
2143140,406.8473082452497
2144141,379.06594109571336
2145142,388.03272694287745
2146143,390.16178281641925
2147144,415.78711093461254
2148145,387.9039724720655
2149146,408.65257923190944
2150147,389.5211927243938
2151148,414.35089952970645
2152149,464.80797791673217
2153150,406.9734219245655
2154151,397.34319751452074
2155152,355.2965960913806
2156153,406.85346823384884
2157154,305.0876586431445
2158155,355.82667955791965
2159156,430.43162299300883
2160157,353.8233192948631
2161158,425.4426072309747
2162159,416.28251943777883
2163160,419.6967126166057
2164161,427.27182458036856
2165162,426.0393346585509
2166163,430.4259041664556
2167164,380.60509693594423
2168165,446.4976676565755
2169166,362.81148901589347
2170167,384.1665251233222
2171168,419.2435048527427
2172169,352.36930612105226
2173170,443.5329031389905
2174171,429.92565578951354
2175172,428.15613489919093
2176173,402.8127495726388
2177174,424.1251324621623
2178175,402.67334969710595
2179176,380.46913207023357
2180177,408.5207615576981
2181178,453.2332586738754
2182179,405.65973846995195
2183180,159.26162068976257
2184181,416.6172645752434
2185182,285.1987622653038
2186183,371.96277449080543
2187184,413.37768910245336
2188185,310.5523651336846
2189186,396.9063222965233
2190187,411.8235808116123
2191188,387.9554605304971
2192189,439.4815964303879
2193190,429.2948542061528
2194191,214.2241452948068
2195192,406.3504341017004
2196193,433.8780496364677
2197194,383.93395967412664
2198195,70.49739666411624
2199196,458.10393107590085
2200197,413.52052038044224
2201198,383.14595657276203
2202199,418.8009271925601
2203200,435.19187467309325
2204201,395.01316742198804
2205202,431.5168574118122
2206203,319.62300364534565
2207204,88.61745841038407
2208205,439.1996067038278
2209206,450.80627016842743
2210207,450.7981998611939
2211208,378.71516323266627
2212209,434.4669730859637
2213210,416.7151223693556
2214211,459.3328968781021
2215212,439.5595811188835
2216213,438.58044130173937
2217214,431.01385013876154
2218215,452.5413957708123
2219216,428.05732937991957
2220217,428.7262869780917
2221218,398.23656913115764
2222219,459.6593884193948
2223220,421.71378155300033
2224221,399.53747870077717
2225222,441.76887177504665
2226223,465.17348151066915
2227224,447.579972901183
2228225,435.4772894063611
2229226,413.628380560817
2230227,425.52734935665626
2231228,165.99303717035409
2232229,386.16583737948434
2233230,408.74504750989416
2234231,433.7364948735195
2235232,433.8783132364043
2236233,424.3978257263919
2237234,441.0213737010573
2238235,442.2860034728535
2239236,444.7401455919331
2240237,450.600805255537
2241238,464.10619296452086
2242239,337.9114959076592
2243240,454.37803645879546
2244241,428.6583718501998
2245242,434.3189798670669
2246243,427.97493502042613
2247244,454.58395116323044
2248245,378.1634123038528
2249246,175.90508137227525
2250247,432.1755700331607
2251248,437.32826085961557
2252249,401.29658885468143
2253250,435.0748231624151
2254251,428.2023613775391
2255252,425.475077524667
2256253,467.59964222280774
2257254,449.55411973800784
2258255,397.81652038662116
2259256,396.3912678186082
2260257,424.69056742617596
2261258,451.32370231426387
2262259,429.56822388057753
2263260,436.5145879933071
2264261,473.08453670365674
2265262,271.5317591414905
2266263,343.754404354396
2267264,352.41465580259313
2268265,407.7711446318576
2269266,409.49546323890183
2270267,400.0136589964026
2271268,386.5965879804551
2272269,277.93619496296805
2273270,83.87106871836474
2274271,447.3916093954345
2275272,434.32470946446983
2276273,433.6885010107371
2277274,447.05008226376924
2278275,429.70429292509635
2279276,434.28001434598133
2280277,440.966870077555
2281278,167.11548273140096
2282279,405.6660307362366
2283280,425.061278207067
2284281,450.80377437478717
2285282,410.7188244359275
2286283,423.76721121470666
2287284,411.2961666414412
2288285,412.7148608893657
2289286,404.97024086799314
2290287,417.47873426691933
2291288,178.00225161308902
2292289,452.57672239112617
2293290,418.0191449402629
2294291,450.81312385167644
2295292,453.68532773692135
2296293,422.6628499242365
2297294,387.4241861711231
2298295,361.69551724870945
2299296,395.36466527155056
2300297,399.2197315465966
2301298,437.5003308011119
2302299,412.91592785502564
2303300,417.6862254918967
2304301,458.7462899867123
2305302,434.99677350950583
2306303,428.6518576742817
2307304,460.07745076769044
2308305,425.5118326176375
2309306,363.0990889421561
2310307,160.2209016631
2311308,241.68552218925896
2312309,478.09851755150856
2313310,243.7763167188589
2314311,400.21433128053826
2315312,409.73889481897584
2316313,450.8355256715314
2317314,410.52543542801186
2318315,259.77581967385424
2319316,446.82856893690195
2320317,427.91504666031386
2321318,239.5389112949182
2322319,285.0402836619387
2323320,448.0738277009717
2324321,436.66729084096056
2325322,438.9489695382517
2326323,430.2351654766917
2327324,390.5499063587268
2328325,441.09033023907324
2329326,422.24526476133684
2330327,390.1906916847722
2331328,376.7781844580773
2332329,419.61954526014046
2333330,396.7643517735308
2334331,298.830187445514
2335332,443.6250691781931
2336333,375.7706194556361
2337334,210.99436190892473
2338335,444.6022848098351
2339336,414.8205606765358
2340337,319.74704214925646
2341338,406.49842348738935
2342339,420.569402215339
2343340,246.3114605554979
2344341,409.78575627204873
2345342,445.68273070670915
2346343,439.37182900079864
2347344,394.1235381093135
2348345,411.9631923781965
2349346,299.0936203671037
2350347,442.5498026433886
2351348,423.3830288480992
2352349,422.25754961250743
2353350,343.2612578520346
2354351,381.36812708656487
2355352,430.82733257645236
2356353,407.5333325213413
2357354,410.251544602104
2358355,429.51818327883433
2359356,396.61216778552614
2360357,422.45869092051015
2361358,429.38154287259823
2362359,410.4555113222978
2363360,419.0896109075507
2364361,399.01281098878013
2365362,431.9533379684213
2366363,430.69683504843437
2367364,443.8221342567372
2368365,400.8799747679855
2369366,329.60422846203693
2370367,369.5390288621254
2371368,285.9334344904816
2372369,389.15174710388146
2373370,227.7914544940098
2374371,189.43684628380396
2375372,385.58149439330026
2376373,388.43973866280686
2377374,410.95637359603927
2378375,444.6151857675502
2379376,469.1268963950267
2380377,430.69226160947426
2381378,377.0371121664962
2382379,435.89747771181953
2383380,259.48199285819794
2384381,410.3804295650534
2385382,125.4743707278568
2386383,427.7508307330093
2387384,441.8167372342467
2388385,380.3886352378775
2389386,395.6966914986875
2390387,405.469586324589
2391388,253.16844791179213
2392389,154.82880591646045
2393390,346.2679877556809
2394391,425.13186305555854
2395392,437.7916753785977
2396393,411.8376116659099
2397394,408.58012838285504
2398395,419.5301863415041
2399396,108.77059606804454
2400397,423.93944556215695
2401398,443.1787727619521
2402399,388.29421609585756
2403400,426.9351178935993
2404401,433.4390686763278
2405402,427.86924764054254
2406403,418.6577401699699
2407404,434.57725850767764
2408405,406.8205500004047
2409406,411.20743783204176
2410407,237.6818133809642
2411408,388.94650259492266
2412409,344.86675902742303
2413410,427.3637374911199
2414411,380.04591471726565
2415412,417.5997663092854
2416413,389.7826287489139
2417414,387.7257798392335
2418415,408.6199784981823
2419416,220.95007831070305
2420417,453.07689186257824
2421418,332.816585091218
2422419,368.6357338950436
2423420,401.25337885873466
2424421,400.11975366699073
2425422,442.8571911822863
2426423,146.84189750781516
2427424,457.9200333612807
2428425,437.13021465651195
2429426,414.3261574997363
2430427,336.5072757082564
2431428,423.19954403061115
2432429,172.90914085578189
2433430,392.3395065088279
2434431,460.27149064543477
2435432,379.23233297739
2436433,148.33012289249683
2437434,438.67679245010595
2438435,407.8153574107093
2439436,449.1244490968166
2440437,375.9157518232588
2441438,227.60390765374044
2442439,331.99361688250116
2443440,168.5980971696048
2444441,273.73800550707625
2445442,407.16317372393837
2446443,375.9245321378582
2447444,403.50590471242964
2448445,365.43554676651274
2449446,119.06248225632778
2450447,317.6782269582269
2451448,407.53864461807314
2452449,421.30239847628457
2453450,444.4173577430103
2454451,405.5257443707733
2455452,400.3533947264861
2456453,362.2381632260487
2457454,380.2758315631166
2458455,417.84909794979205
2459456,429.6705957251898
2460457,405.33958209402624
2461458,420.41806284631036
2462459,426.2718415651896
2463460,402.1835991026994
2464461,418.0062195899572
2465462,398.8611565438488
2466463,375.9321691291123
2467464,301.6303181060061
2468465,396.1873033242873
2469466,416.87778716139974
2470467,189.0982583847297
2471468,408.53299104318364
2472469,399.05503174780506
2473470,434.175418545373
2474471,429.7463888338188
2475472,210.23208583794477
2476473,187.947314472223
2477474,425.286666199529
2478475,412.2810911958046
2479476,197.60726832572416
2480477,406.5417521275125
2481478,393.92458303195986
2482479,197.26101841777444
2483480,403.227161615338
2484481,404.0196687360549
2485482,399.27718266781767
2486483,301.60580290938714
2487484,326.8231344941777
2488485,384.59537055668426
2489486,397.44820165840633
2490487,463.077151382718
2491488,416.2851339347293
2492489,427.9932492388413
2493490,453.00799972945975
2494491,447.92048643519144
2495492,450.57018149908004
2496493,381.134046449238
2497494,390.90359813716697
2498495,473.1767912136596
2499496,453.12566814630026
2500497,382.11280877105946
2501498,326.02222435125634
2502499,206.10086914362876
2503500,439.67385990807566
2504501,428.5798740429415
2505502,433.2808632717208
2506503,415.3494175095449
2507504,99.95443301958979
2508505,380.01821787209167
2509506,423.71509528708975
2510507,360.90783837831214
2511508,415.40701150137534
2512509,219.39535335833426
2513510,230.76086890001713
2514511,228.80756599541866
2515512,447.47954373504035
2516513,392.4905902190351
2517514,444.43712130447955
2518515,362.61539181678313
2519516,428.31426486060525
2520517,377.5219673041878
2521518,343.4425263389944
2522519,363.6643636114563
2523520,435.0914075085582
2524521,399.9835966750185
2525522,400.25318043179357
2526523,358.81490860984695
2527524,361.11186060778397
2528525,422.26531033219754
2529526,351.27433780428083
2530527,413.5749785780989
2531528,319.58396024219996
2532529,336.95561984294665
2533530,412.5007167290232
2534531,304.48491728837297
2535532,372.0903794960295
2536533,401.64721462677613
2537534,440.1129133375087
2538535,211.22863858965866
2539536,448.5296078982838
2540537,337.738685363861
2541538,410.3668308102889
2542539,195.01443007349897
2543540,418.97544333278677
2544541,360.5181890369316
2545542,419.43916053291684
2546543,390.37836565919497
2547544,388.23852571397106
2548545,363.7282975373142
2549546,445.2261397591502
2550547,392.38818043148706
2551548,362.9580854628133
2552549,192.14459970554014
2553550,280.2743481107915
2554551,441.9979720182356
2555552,178.0981675049721
2556553,211.01539491028396
2557554,368.4496531070342
2558555,398.106933516918
2559556,197.25340955539176
2560557,405.6975388425211
2561558,390.4645814326062
2562559,364.1113926052629
2563560,366.31307179268424
2564561,387.8308512031938
2565562,230.55494723823628
2566563,362.89449008781855
2567564,444.3691551646151
2568565,393.4436223645091
2569566,386.3992880996596
2570567,383.21835590507885
2571568,411.3405654562018
2572569,395.5678999678773
2573570,348.56775704633463
2574571,427.7697299504335
2575572,413.8069074809307
2576573,393.45298946932127
2577574,448.6810886581033
2578575,457.22642652679434
2579576,410.6991956060195
2580577,454.4433869948009
2581578,375.1042232645817
2582579,375.70696921951867
2583580,442.6197169618069
2584581,377.8342808243233
2585582,338.0026510969109
2586583,437.07363054180666
2587584,403.63374090515873
2588585,129.2537135297773
2589586,414.8954773319899
2590587,296.41779765166496
2591588,438.6536459785578
2592589,422.0515326254454
2593590,438.2439531264531
2594591,444.0414554681669
2595592,347.8227434592734
2596593,185.5745706480351
2597594,186.6194435335234
2598595,358.40427510528923
2599596,378.5852148406582
2600597,404.5195676952606
2601598,373.84157444893094
2602599,407.4114810919531
2603600,447.61714237176034
2604601,398.2682125704665
2605602,430.8433200595904
2606603,338.3537940480121
2607604,409.2902424214719
2608605,432.73130538973174
2609606,404.8553325009728
2610607,396.2061190482271
2611608,388.4366910657503
2612609,405.8221497686215
2613610,387.7139980223052
2614611,385.6484468680886
2615612,424.5244680907127
2616613,215.90166195912855
2617614,130.32067773571973
2618615,440.8239315264899
2619616,449.6227769948792
2620617,356.934679736459
2621618,376.4076789225265
2622619,353.6914784998945
2623620,397.076879162403
2624621,374.98248157718547
2625622,339.43685103870956
2626623,358.71638397713076
2627624,331.0393391076666
2628625,423.4591884669387
2629626,466.37035450440436
2630627,468.07315418907297
2631628,375.91438085688907
2632629,381.92635184389894
2633630,436.84281293053135
2634631,409.0772463687242
2635632,435.5185535289083
2636633,152.60681218594323
2637634,433.2804641267341
2638635,444.2973304842532
2639636,407.571000202045
2640637,396.9851284294089
2641638,310.09838649817397
2642639,424.8171634001136
2643640,362.3233360183491
2644641,249.9305844612141
2645642,359.68730204894024
2646643,421.5310308603294
2647644,350.4184886986251
2648645,398.5759690644972
2649646,362.47241615112216
2650647,365.93844497086224
2651648,374.93799010029306
2652649,418.80709000148414
2653650,400.91840039878775
2654651,387.94641257500024
2655652,285.18544975211114
2656653,339.97214641472095
2657654,426.2165915916532
2658655,176.5503609544882
2659656,374.79714470227793
2660657,430.89765771876097
2661658,302.3620411373378
2662659,432.2229354114616
2663660,388.97032498003216
2664661,297.3111086421505
2665662,385.51843190207313
2666663,382.447048809234
2667664,398.6731207845967
2668665,387.4045900561641
2669666,395.53581336546773
2670667,446.36817954302194
2671668,342.62766197706054
2672669,385.13032095221683
2673670,362.4339777289174
2674671,242.7636281303006
2675672,395.9103014423938
2676673,411.56023012440136
2677674,432.70951437673943
2678675,412.621969285571
2679676,388.46055852457556
2680677,397.59913345175676
2681678,185.53821501038743
2682679,440.01101666830965
2683680,424.61415136063135
2684681,380.24342546628355
2685682,210.09382532066132
2686683,364.06876930802036
2687684,381.4219373102913
2688685,382.09527060080376
2689686,375.1317231941677
2690687,435.74787941654
2691688,258.58621584024485
2692689,421.95488804528435
2693690,374.1004887015715
2694691,291.0449893634991
2695692,403.84015277317565
2696693,385.6091348553519
2697694,379.0710736816378
2698695,406.831745359991
2699696,403.73585615080395
2700697,410.6627630093936
2701698,363.7742043154026
2702699,392.06028308134967
2703700,401.4792582867079
2704701,351.03124250698966
2705702,385.23337793682225
2706703,405.9004503102411
2707704,438.57561840006827
2708705,207.1926836431002
2709706,444.8302497086968
2710707,421.90020622063696
2711708,417.9059244855875
2712709,328.16943589500187
2713710,377.9985117286539
2714711,437.4469861147058
2715712,281.42981137708523
2716713,395.21562492567466
2717714,416.44628059482295
2718715,409.3332061126227
2719716,406.7573194293314
2720717,401.13183892995806
2721718,387.5768486278603
2722719,384.4096806032988
2723720,432.6348913117448
2724721,387.02246416338124
2725722,414.51748840913325
2726723,439.81724495175604
2727724,418.1991512803143
2728725,391.72842683137907
2729726,305.1529210037943
2730727,422.27026264346586
2731728,419.56997300022215
2732729,437.19988442155596
2733730,426.9390194734901
2734731,376.25032921382586
2735732,381.7173363850774
2736733,398.89431969117663
2737734,266.1798533924531
2738735,417.2707970540751
2739736,450.8211160793509
2740737,431.10277762692454
2741738,425.0348683621344
2742739,416.55005202768433
2743740,399.0116500139182
2744741,402.577486238339
2745742,374.91215142712025
2746743,428.07401082470767
2747744,392.40274798648034
2748745,346.3565955996484
2749746,430.0202607287287
2750747,382.4827837897276
2751748,413.5143813601133
2752749,396.15206118352535
2753750,398.6554687097139
2754751,352.22789656830145
2755752,385.32185669123226
2756753,428.693275283583
2757754,408.9078012500833
2758755,359.13797795018587
2759756,451.12936550478236
2760757,411.29703066042805
2761758,409.82012573761375
2762759,407.6803676122389
2763760,408.6422393413769
2764761,432.01750821671243
2765762,375.69356364695915
2766763,411.7678816147915
2767764,443.57872948025334
2768765,416.60996073245
2769766,340.5197397860088
2770767,414.27233481198056
2771768,432.47000174970185
2772769,443.07752471117044
2773770,437.5599808295696
2774771,313.0538440119751
2775772,369.87155038844116
2776773,402.8075667835395
2777774,347.04590152708346
2778775,379.4739133937498
2779776,362.64022290805843
2780777,407.59329489010594
2781778,432.3954740004817
2782779,390.5131070588447
2783780,406.69593664847076
2784781,435.96002828264545
2785782,420.45727623348574
2786783,384.262105543354
2787784,324.39748044171034
2788785,395.7032758589661
2789786,166.15042733004796
2790787,408.66650715865967
2791788,399.3594325233834
2792789,425.9422902880977
2793790,379.6490082100733
2794791,359.4049258315211
2795792,427.3729608973984
2796793,384.86363682719673
2797794,423.57665208085206
2798795,447.1749888578543
2799796,420.41147727140196
2800797,385.8582965583979
2801798,395.2130666156372
2802799,424.59181756718624
2803800,408.6502275413926
2804801,462.2481898262006
2805802,432.636990187508
2806803,398.60523046904746
2807804,396.69810977280514
2808805,412.9167543008144
2809806,431.1001398952456
2810807,392.04098493638924
2811808,418.76715849810574
2812809,354.8945098057939
2813810,244.37407763617338
2814811,430.6960625813063
2815812,406.0514901928692
2816813,373.2087761369808
2817814,436.0188774315682
2818815,393.2257892764343
2819816,440.6353173852659
2820817,440.27921411658974
2821818,391.6564319233608
2822819,449.632922656945
2823820,349.31855048378617
2824821,408.57355260226274
2825822,391.41583056271344
2826823,327.48802915301775
2827824,393.81194550167186
2828825,420.94531519152633
2829826,436.424029639929
2830827,377.5017170423316
2831828,356.7778803394256
2832829,391.9522978406698
2833830,438.56818047573194
2834831,394.32257966965693
2835832,390.8007017158796
2836833,412.1829300391526
2837834,444.4779229538626
2838835,422.22871307020245
2839836,436.8774564661035
2840837,364.6152026045739
2841838,415.22168311921257
2842839,390.55094891341486
2843840,420.64188080447906
2844841,277.363286463039
2845842,427.824371515709
2846843,451.51421345059686
2847844,405.277459325693
2848845,433.84645062880617
2849846,428.5704344457647
2850847,434.1835526137058
2851848,455.5854059609014
2852849,440.9944257676293
2853850,441.51614061455496
2854851,366.51086633956896
2855852,384.65011158270875
2856853,454.67294898695025
2857854,342.51992819652554
2858855,431.97319840136385
2859856,424.4493028573535
2860857,415.08133696738565
2861858,394.15765534619027
2862859,461.5278874355356
2863860,467.8144699180959
2864861,239.25777054550227
2865862,424.55123789146256
2866863,402.48445140121396
2867864,419.13252150786764
2868865,365.50160938753424
2869866,398.8972448544288
2870867,420.45524896506555
2871868,445.3134370270846
2872869,379.8880929094532
2873870,388.93137630565315
2874871,440.0020974401449
2875872,412.6193664968032
2876873,355.1353464938093
2877874,422.95875140779236
2878875,429.29354860199476
2879876,460.2543997914503
2880877,404.33666693686126
2881878,448.74878054986726
2882879,453.19234441320253
2883880,452.6870419925543
2884881,386.978793816331
2885882,451.491084056286
2886883,462.0334797981234
2887884,446.64604259445815
2888885,412.92702213629536
2889886,431.8330883978041
2890887,408.41959584495015
2891888,382.64649911275205
2892889,426.0106992664416
2893890,370.53324427445955
2894891,395.70612834766666
2895892,416.34389581289753
2896893,457.3723632462815
2897894,412.4138474529195
2898895,433.2660534915354
2899896,470.071933217098
2900897,433.60060202231534
2901898,450.3634031884258
2902899,441.1496068754799
2903900,424.4155413883938
2904901,441.74258450885054
2905902,448.09470765069506
2906903,412.0647917956765
2907904,436.6996990781011
2908905,425.9542358882972
2909906,431.3004839341242
2910907,341.5145724150037
2911908,434.86774291748554
2912909,380.8592851268126
2913910,441.6278039718319
2914911,429.86043686578637
2915912,366.91206290224386
2916913,426.5346547628216
2917914,384.1959027898384
2918915,410.91084847639615
2919916,413.8789689487641
2920917,427.33763869500166
2921918,336.7614452901743
2922919,435.66410051771504
2923920,458.49701768255477
2924921,290.71401174800025
2925922,414.65306402131876
2926923,393.7879032079004
2927924,382.3955131202742
2928925,444.5395566350257
2929926,432.6828061067873
2930927,369.3296345134168
2931928,442.83157472244426
2932929,414.49393986088177
2933930,422.43739919314027
2934931,423.8814553771964
2935932,363.5618760461468
2936933,411.4267702090672
2937934,400.91169142901873
2938935,369.2512476374261
2939936,395.22698162332927
2940937,433.85496845294085
2941938,378.7495628905222
2942939,416.05222456273395
2943940,427.39873974740715
2944941,388.7293501345861
2945942,383.11725840297896
2946943,412.71968917848386
2947944,361.39012559017334
2948945,438.4850413794861
2949946,335.8991746915137
2950947,436.3337263002741
2951948,374.7630226565298
2952949,443.3105792447963
2953950,426.43768748311413
2954951,411.4409476520175
2955952,405.99997155163834
2956953,337.3090681006777
2957954,442.04122647741
2958955,417.5261677461923
2959956,409.6834429534203
2960957,458.858467682717
2961958,420.76861499586164
2962959,406.2055490090001
2963960,421.6681880226107
2964961,392.4140960855464
2965962,424.0117005222576
2966963,317.9165115185932
2967964,358.95196936197533
2968965,410.8628597137918
2969966,351.38737038835905
2970967,446.2329688882249
2971968,364.8303404305803
2972969,333.6890875167998
2973970,399.2600110725222
2974971,353.75950179123765
2975972,437.0644945034896
2976973,461.8420401405184
2977974,440.739160720752
2978975,275.3343586185601
2979976,437.11755196879983
2980977,422.8098255980873
2981978,435.67678594387866
2982979,368.91213370673046
2983980,430.95652286534107
2984981,383.03663273980067
2985982,401.6327211461186
2986983,409.3148060332097
2987984,319.4751869273072
2988985,399.27473663894057
2989986,348.05532948218223
2990987,431.57776604072336
2991988,362.24459656542797
2992989,354.6663181801914
2993990,358.97432211366095
2994991,403.18794086897907
2995992,363.3403996966836
2996993,375.6419125238373
2997994,332.9425227423248
2998995,410.5769680483695
2999996,338.73068403301704
3000997,409.40108845220755
3001998,304.2454844643916
3002999,240.5693037742138
3004000,346.2579625396165
3005001,411.15292727010785
3006002,407.2679781035778
3007003,352.61382893395285
3008004,423.6022168499966
3009005,391.4461651768281
3010006,349.4980986942208
3011007,408.0515812918187
3012008,434.54729318694535
3013009,418.51882954142286
3014010,464.66137395006746
3015011,393.1766262883181
3016012,443.4366313118973
3017013,439.4427254265526
3018014,411.6057207709376
3019015,447.37362908827845
3020016,401.75842604191143
3021017,428.1481137578658
3022018,239.2348840471557
3023019,449.4221084515124
3024020,453.0040799806653
3025021,412.6551932537152
3026022,459.13133184997497
3027023,394.19790506487834
3028024,431.3447303477626
3029025,414.69579459435215
3030026,362.13881914884325
3031027,430.072791825347
3032028,439.40821955457073
3033029,428.9174248834998
3034030,423.50397194264986
3035031,356.84600571576266
3036032,387.60201005859346
3037033,444.73363451043883
3038034,408.22374477528587
3039035,409.1683108478032
3040036,383.8860446640758
3041037,398.34298460117515
3042038,402.5105039355599
3043039,426.5917646839343
3044040,421.11033776042814
3045041,423.7757940142974
3046042,417.8544514824597
3047043,348.6323078626981
3048044,388.7036327961104
3049045,411.1914797984982
3050046,174.7812449831553
3051047,394.6930471494165
3052048,207.06695276310685
3053049,445.0523333475924
3054050,392.5811904178298
3055051,137.77315220322413
3056052,366.88309467429127
3057053,411.50773699528975
3058054,436.3758386710685
3059055,391.91609381275447
3060056,415.94390827589405
3061057,219.44110359735558
3062058,110.76845723384993
3063059,352.5440635019675
3064060,372.3634655281157
3065061,430.8812664514714
3066062,418.6236006027086
3067063,444.55633441091896
3068064,427.51275792000325
3069065,414.04247986078053
3070066,425.626987704342
3071067,400.45437608459923
3072068,412.78127552998706
3073069,426.23209658462525
3074070,427.5703240435516
3075071,434.7739273955375
3076072,233.63578694825043
3077073,438.90820072501606
3078074,427.8714689247866
3079075,400.2700419285929
3080076,222.40371902590954
3081077,399.54401584708177
3082078,385.94650148522044
3083079,457.84009905660645
3084080,373.7044202759094
3085081,439.8964742785345
3086082,396.51555630455454
3087083,456.52038808790184
3088084,447.4296052875401
3089085,413.9540872824631
3090086,444.3130138709129
3091087,340.9994834140549
3092088,413.06265924061097
3093089,463.6802317375884
3094090,459.00154415006244
3095091,409.474014721903
3096092,350.8305031815393
3097093,435.20515476016243
3098094,428.8411397588852
3099095,208.48937790189478
3100096,414.75185440359985
3101097,424.9257198548141
3102098,343.55063069096366
3103099,458.38941686762325
3104100,399.8211877502818
3105101,361.8773360109173
3106102,401.1013414524191
3107103,358.7766169154005
3108104,476.17798484495603
3109105,392.4208097845064
3110106,425.41111014258234
3111107,424.1308135591419
3112108,474.67234144658016
3113109,374.47909372464864
3114110,447.5773844749556
3115111,382.6136665950412
3116112,468.0265855861864
3117113,411.43958697832613
3118114,425.3552670523528
3119115,441.33644560972647
3120116,267.8917504936379
3121117,399.10074872611415
3122118,429.7730849912325
3123119,389.252700519204
3124120,437.9336211704993
3125121,224.3407838885853
3126122,472.54729008551607
3127123,392.32242943990633
3128124,423.6633244078762
3129125,384.0108413316636
3130126,405.5237379695463
3131127,391.61591676268876
3132128,433.05313860528827
3133129,351.81347761493595
3134130,354.71352995701943
3135131,340.11282045967226
3136132,295.8403587329841
3137133,404.18501486826506
3138134,451.7929563672932
3139135,421.268057934555
3140136,457.70637545267476
3141137,446.5614238247253
3142138,468.48503203483176
3143139,443.1216387002132
3144140,444.6934048403543
3145141,389.42469874245757
3146142,342.7175371630422
3147143,418.2404885680185
3148144,405.14547127637127
3149145,444.7137125391872
3150146,398.0709414302361
3151147,467.0120708107252
3152148,371.36060946830213
3153149,425.7160697914376
3154150,437.74789325974587
3155151,413.2036979562849
3156152,449.1383291181152
3157153,394.3420890693682
3158154,424.46090234026843
3159155,391.89824091097444
3160156,360.7855197592963
3161157,413.459330680613
3162158,472.9141394356649
3163159,380.0316417873712
3164160,451.70091476374563
3165161,451.20049072197395
3166162,434.0467121065628
3167163,420.6362761040485
3168164,401.00520285137054
3169165,421.79994308282323
3170166,416.3371302046161
3171167,439.40043293483615
3172168,414.224580943726
3173169,474.6323373575888
3174170,484.43391494477225
3175171,440.79468009002005
3176172,446.48212464318914
3177173,462.22028493307255
3178174,403.7113738447426
3179175,448.65219157200477
3180176,405.75903818564154
3181177,425.2642846168926
3182178,104.87919159979306
3183179,417.36608334994344
3184180,378.04507315962934
3185181,428.4968902182961
3186182,437.3280189998534
3187183,413.9023108633182
3188184,454.24268342271193
3189185,394.7366868466379
3190186,439.60152180597254
3191187,343.730465964119
3192188,340.55723701621685
3193189,400.75306893051516
3194190,346.1986026529426
3195191,424.77815777909404
3196192,466.64875345323935
3197193,344.1559402781454
3198194,453.0539300741046
3199195,465.87602896570877
3200196,387.5831324296365
3201197,406.95610200809114
3202198,375.7920351239186
3203199,360.46665585882795
3204200,285.13223928627826
3205201,440.740676710045
3206202,422.85685993804213
3207203,413.7463178838
3208204,393.5086529095019
3209205,377.93511274219327
3210206,425.0945011019381
3211207,440.72461313462975
3212208,404.6472116504714
3213209,419.6414674660202
3214210,355.95892501598576
3215211,411.0376811812931
3216212,427.720430509126
3217213,415.9256779057505
3218214,370.53173119351504
3219215,462.6882842256141
3220216,387.72094670924463
3221217,408.55432710086336
3222218,402.980181515872
3223219,385.2530272585127
3224220,417.9577480520337
3225221,399.01514705934017
3226222,446.86593608449243
3227223,481.41612632171484
3228224,359.9739025978474
3229225,377.33072494565573
3230226,361.00226285943535
3231227,451.18928895287723
3232228,366.3785395412793
3233229,417.7035555205909
3234230,406.9377980777289
3235231,419.91821837627367
3236232,368.6096069418824
3237233,444.53260425854796
3238234,367.8821198262989
3239235,394.8273770086812
3240236,469.01870245605693
3241237,287.624044578243
3242238,274.7825974232889
3243239,421.83455831942797
3244240,432.8451908597347
3245241,425.53487536993833
3246242,456.5623006612653
3247243,361.34430216974084
3248244,406.77236958514106
3249245,372.5330133159763
3250246,412.7737897148065
3251247,403.3018301690046
3252248,394.11469719854824
3253249,457.6140832993307
3254250,454.5301929117087
3255251,288.877033470438
3256252,371.1696002050859
3257253,377.09161944689276
3258254,418.0609757163192
3259255,440.4030135008443
3260256,433.61747298860473
3261257,364.6654676722605
3262258,385.2895908337812
3263259,435.4327007406033
3264260,467.1290410090174
3265261,449.1704487191178
3266262,407.42255035238753
3267263,382.5741942839406
3268264,429.56038930221484
3269265,432.36430675997667
3270266,472.48743723904545
3271267,445.4534055354539
3272268,448.46429549680613
3273269,437.5209886444713
3274270,397.1497648847353
3275271,415.2200834117928
3276272,392.7987644680727
3277273,467.48091588647725
3278274,387.0517156812738
3279275,344.9115880587779
3280276,433.0879170872699
3281277,218.30968761214126
3282278,459.400030290128
3283279,420.9809635411338
3284280,470.05586213908316
3285281,462.50688519910926
3286282,414.1171778406748
3287283,423.62884866902874
3288284,305.0888349645328
3289285,423.2648625615982
3290286,427.49545429309325
3291287,468.76886957659184
3292288,430.092854282204
3293289,442.239413524536
3294290,321.6729412024225
3295291,415.86443106693855
3296292,456.2412242291778
3297293,474.297204704034
3298294,442.8930853420383
3299295,427.84247003724056
3300296,445.28013247169014
3301297,413.1757186494339
3302298,457.0426434866888
3303299,430.92216327680796
3304300,404.4516013913383
3305301,429.10283507574854
3306302,478.48884583513114
3307303,472.35583087712416
3308304,430.56920899863115
3309305,463.0640782028626
3310306,413.66883846819667
3311307,410.73796426297685
3312308,418.40121783499376
3313309,420.66348117110897
3314310,478.15032577195035
3315311,445.66207292386736
3316312,447.82420730052297
3317313,456.81243257191363
3318314,438.82617367037307
3319315,414.8802901934001
3320316,437.5574141800407
3321317,465.95051081654145
3322318,469.9183427982229
3323319,455.434241659149
3324320,453.26644000117926
3325321,434.0761702432689
3326322,390.8571139880593
3327323,424.33942120663363
3328324,479.22114304129
3329325,396.4683506232302
3330326,458.55271134072456
3331327,395.9050202030428
3332328,468.20688302548433
3333329,378.9154809317934
3334330,437.3156325819089
3335331,380.52853474257955
3336332,469.6450701201696
3337333,432.6601027067874
3338334,415.69187337454935
3339335,399.285054812542
3340336,448.50323678206126
3341337,367.5617270867833
3342338,454.5843241461015
3343339,421.44939615938057
3344340,447.34073048628153
3345341,417.02242684381866
3346342,369.06181948998784
3347343,417.7398163347243
3348344,453.42821750583136
3349345,412.8570535231502
3350346,394.9754191150301
3351347,410.5099306377209
3352348,440.3943554044713
3353349,349.00498325346274
3354350,424.84979276804194
3355351,400.93409334266784
3356352,442.4850454645076
3357353,386.8246044053908
3358354,367.4649245516061
3359355,451.8073322730529
3360356,450.3714050934312
3361357,316.90300159152906
3362358,449.49304304306406
3363359,382.79118789271996
3364360,395.6052194532676
3365361,363.6593110131703
3366362,363.8601055560194
3367363,399.1988165559762
3368364,406.6839590415465
3369365,296.46236634214324
3370366,205.20135589729185
3371367,409.8547818978255
3372368,390.60782444091564
3373369,456.2106287649151
3374370,446.15957225473755
3375371,403.6257931386441
3376372,444.51273371340716
3377373,428.73358835482657
3378374,401.424617063551
3379375,424.82032125441583
3380376,396.64463254578834
3381377,424.2907454383706
3382378,401.3594772553195
3383379,424.00759748247833
3384380,394.428612158424
3385381,452.1220053101316
3386382,456.20281066798736
3387383,365.70592441178513
3388384,427.59434173845165
3389385,431.10297544216877
3390386,404.5083433032854
3391387,430.41611847477907
3392388,471.93072896115586
3393389,395.4008639233383
3394390,427.35203197636935
3395391,444.24486132729345
3396392,434.4433322547081
3397393,393.99105464496614
3398394,374.2409996702262
3399395,428.2162999349346
3400396,422.16272813525796
3401397,404.78684438753584
3402398,430.6662324016737
3403399,431.78257304963876
3404400,404.9323892854511
3405401,419.89106062719117
3406402,428.652152228453
3407403,436.7141134304848
3408404,422.32273893755576
3409405,411.66088888631225
3410406,411.0978820868633
3411407,476.42371902095897
3412408,429.0610051086992
3413409,432.24402155998746
3414410,428.82039924978665
3415411,412.67621789080147
3416412,451.56907315275737
3417413,463.3435129074435
3418414,446.72418991351213
3419415,447.5676026352692
3420416,405.09540179318486
3421417,322.65020364053726
3422418,396.2123637631833
3423419,400.3443781077236
3424420,380.29742958650843
3425421,321.2670746102689
3426422,388.7208673071697
3427423,384.6228528815784
3428424,400.84018924397037
3429425,361.84542994538253
3430426,415.9998548380263
3431427,432.18060594676643
3432428,425.6892084942299
3433429,447.6317220387255
3434430,431.64477212240735
3435431,377.64335445350974
3436432,435.0352745129945
3437433,429.2200642257842
3438434,375.1755303653199
3439435,402.98005848165315
3440436,396.93578637621863
3441437,410.0393905767718
3442438,237.5488329835934
3443439,406.5968861147559
3444440,451.61949280997396
3445441,359.7956300324688
3446442,396.5605811766566
3447443,380.09527237850324
3448444,399.1451620564693
3449445,439.8739883072423
3450446,444.00377192705355
3451447,421.0724794279462
3452448,397.69198168071
3453449,424.9752346705211
3454450,405.35359526552213
3455451,454.33302133828744
3456452,465.1907215546885
3457453,435.37552781343834
3458454,453.9449173598137
3459455,430.34247434428187
3460456,450.60426735800826
3461457,395.8891664157071
3462458,447.04381885393343
3463459,427.0064767601746
3464460,436.5978276015422
3465461,273.7859572542034
3466462,471.53688643298636
3467463,416.9316237917928
3468464,443.83156414819194
3469465,427.85919777535463
3470466,417.37322956452203
3471467,410.7933424898392
3472468,460.16187514469743
3473469,385.43886481132336
3474470,438.8441660692271
3475471,462.2691141154245
3476472,463.1141829594617
3477473,378.67408365283893
3478474,416.57680957445564
3479475,425.9459101790617
3480476,440.49009398612856
3481477,436.0625255383405
3482478,469.42291287535255
3483479,447.0770381420207
3484480,456.72396899311104
3485481,397.50613283584096
3486482,398.50882061420685
3487483,459.49327223292755
3488484,447.4771964814535
3489485,446.65383221553003
3490486,417.8015821647693
3491487,428.9340765073859
3492488,449.7243575312441
3493489,415.96519585475784
3494490,440.30631643333464
3495491,424.3775766153128
3496492,447.97900109790595
3497493,452.46936314874813
3498494,397.4407091506182
3499495,444.1094755209977
3500496,449.9680253956925
3501497,395.97056626744904
3502498,394.483991705667
3503499,408.69048495707904
3504500,406.64675695361393
3505501,424.13182878743476
3506502,418.42579280059516
3507503,443.02759643842353
3508504,396.35626275997026
3509505,348.2696649082071
3510506,440.7674585461367
3511507,467.2662464143536
3512508,359.53502053005457
3513509,469.40302336599825
3514510,454.3183509604172
3515511,476.25765662101395
3516512,441.2996326559774
3517513,446.92620057331
3518514,438.4093730824001
3519515,428.2948219580327
3520516,469.0732218234677
3521517,465.36190673078767
3522518,425.62395825280015
3523519,436.0231772202493
3524520,441.17410281340347
3525521,466.72519350406736
3526522,411.1629222104967
3527523,319.14048611910005
3528524,439.8443932478084
3529525,459.1543039189189
3530526,367.76951529806195
3531527,423.22264971638526
3532528,442.23676473395994
3533529,360.0907466847384
3534530,449.3448357692447
3535531,459.3979697111107
3536532,415.4050435859882
3537533,467.78618278442406
3538534,440.44329639380476
3539535,454.81769975978074
3540536,415.0882900740863
3541537,427.27690110921986
3542538,320.06704621553234
3543539,450.010572685407
3544540,439.3431928714124
3545541,430.0290717196226
3546542,453.4890571940627
3547543,378.67133125784903
3548544,419.3055019473171
3549545,444.5747947918305
3550546,456.2919656333764
3551547,464.1795456335344
3552548,394.9098695575771
3553549,225.57760605592787
3554550,417.4501342097202
3555551,436.1260113949415
3556552,447.8847763344025
3557553,454.1840509781402
3558554,273.96706829563027
3559555,411.9520844689794
3560556,403.1999447648804
3561557,387.7755661340294
3562558,431.7576751445115
3563559,440.0541736833509
3564560,389.1105424201976
3565561,437.83665927577704
3566562,392.5027837556933
3567563,453.30948505343076
3568564,408.3983387751151
3569565,439.43079552055264
3570566,411.53262934970695
3571567,419.2725188700115
3572568,417.88685119695555
3573569,409.28406209204223
3574570,393.99688600472774
3575571,450.3214657011576
3576572,395.22780660949974
3577573,417.58757492471096
3578574,448.6379184547505
3579575,342.18657053462425
3580576,139.7020534141185
3581577,422.6826790467485
3582578,425.6518356078247
3583579,455.91559094426896
3584580,453.453691663182
3585581,426.9916355417446
3586582,425.2208843311966
3587583,390.69082034896365
3588584,455.73733167064074
3589585,419.33197879313644
3590586,439.4032354390925
3591587,434.55742794785436
3592588,409.7182507144903
3593589,443.7183135384549
3594590,433.01953912301667
3595591,429.9821291280395
3596592,463.07490500996005
3597593,78.76810690415424
3598594,442.43823408254684
3599595,376.19729628300774
3600596,391.13411506186
3601597,437.67340202382394
3602598,423.5939630216262
3603599,418.53081174389285
3604600,389.6764852141039
3605601,439.6105099609742
3606602,408.982203997186
3607603,464.3433978329127
3608604,389.64357186125454
3609605,400.2596714210797
3610606,407.04263277013575
3611607,371.216200933028
3612608,423.78457124136094
3613609,144.57415891793272
3614610,401.32641483603277
3615611,427.69056572884114
3616612,392.69739288284734
3617613,452.1228851403508
3618614,388.8333537954391
3619615,413.7116673646352
3620616,418.240526012205
3621617,372.3653041411946
3622618,329.89609425731294
3623619,396.95076042600095
3624620,398.1439107501739
3625621,365.09966937848685
3626622,434.82534923538293
3627623,382.3634713482465
3628624,440.908187452582
3629625,306.08722562859793
3630626,402.8870669757754
3631627,421.5123058784107
3632628,439.82798883610536
3633629,388.2188007406178
3634630,428.5918277247403
3635631,418.9566086125656
3636632,428.52800080826177
3637633,368.2944820338034
3638634,421.6479071684029
3639635,436.3336686078674
3640636,440.5917390182047
3641637,308.63616769891655
3642638,432.6033028997132
3643639,431.0168629151143
3644640,417.440947692952
3645641,434.5193240794623
3646642,425.08166233464954
3647643,402.5588210909789
3648644,413.9881319049367
3649645,402.3280678057407
3650646,404.2744644231337
3651647,415.79854128865077
3652648,421.766305379606
3653649,401.58618095415994
3654650,413.15803420529085
3655651,419.1027323193311
3656652,429.6801919028548
3657653,387.9923987963279
3658654,327.69758488715365
3659655,406.76741240411445
3660656,403.5145455710536
3661657,377.9482575479243
3662658,419.8779293997504
3663659,419.9426187745107
3664660,406.6100836572545
3665661,424.11095391912033
3666662,424.9601559521879
3667663,192.53634662838476
3668664,413.86433028851434
3669665,418.964406675855
3670666,420.8846111237259
3671667,391.2808860268959
3672668,372.8921599209177
3673669,406.58290840714994
3674670,434.2383832565335
3675671,421.61647710264856
3676672,438.4268008038447
3677673,414.0749534135363
3678674,407.02416899659613
3679675,392.1253792992376
3680676,398.69676263886356
3681677,411.23877480811296
3682678,399.5389961373546
3683679,424.7893296903504
3684680,446.761430469436
3685681,399.7827774092936
3686682,376.9548981781864
3687683,454.16906659790067
3688684,433.2464614253262
3689685,406.5747920456774
3690686,446.33207130682996
3691687,390.2032292015917
3692688,383.316110340626
3693689,430.5671311186886
3694690,404.2945118945945
3695691,441.09517103694833
3696692,406.4709685525604
3697693,438.9003382307557
3698694,241.81370642825857
3699695,414.3612359771235
3700696,399.4274404586064
3701697,375.3048202213427
3702698,371.78707776578904
3703699,396.8371448088598
3704700,432.5001120277141
3705701,440.4462614084342
3706702,414.6686204346463
3707703,399.8472284231685
3708704,389.1450180235961
3709705,413.6715106632513
3710706,313.9338282766433
3711707,395.79115183333283
3712708,427.8953734789661
3713709,407.0253881327691
3714710,399.10839669029855
3715711,384.7444138680388
3716712,427.7365162425469
3717713,296.9203519647473
3718714,412.4401173917923
3719715,433.33737596070273
3720716,414.63034784996665
3721717,423.4553180571698
3722718,400.6033480996271
3723719,408.76527910229106
3724720,410.57545874544934
3725721,451.94815676833923
3726722,412.81249374011213
3727723,421.09326539928713
3728724,397.19318538668256
3729725,377.86776207838466
3730726,374.18249662246143
3731727,371.0691734990115
3732728,414.8261811997517
3733729,443.8692241283752
3734730,447.2551226920535
3735731,363.4734069005214
3736732,434.6905040194632
3737733,410.36186774244794
3738734,447.57756179791966
3739735,407.11930170712066
3740736,397.09021955820003
3741737,393.56695888846036
3742738,418.5609849609404
3743739,411.54365007670043
3744740,442.37641517814376
3745741,366.51181340221933
3746742,339.9554001285067
3747743,390.7610668085457
3748744,383.84511533102966
3749745,393.98092547585264
3750746,437.52716528533585
3751747,405.3501646610017
3752748,331.2284259887401
3753749,453.7170123725826
3754750,395.08459914703536
3755751,438.9549528180885
3756752,422.29550564658183
3757753,198.9617393798321
3758754,434.13568948431464
3759755,286.95418570644125
3760756,444.3978306652247
3761757,429.88482712469806
3762758,398.98582522951443
3763759,379.1417628643628
3764760,338.5885613393581
3765761,421.3394229824874
3766762,406.99925156853527
3767763,138.70893217951314
3768764,352.62052062536196
3769765,376.50437938040284
3770766,448.7513418729519
3771767,398.3963987155175
3772768,295.8717737531694
3773769,450.5325352559599
3774770,399.93832964551603
3775771,365.8861492044777
3776772,460.08368025521065
3777773,410.6392121824426
3778774,431.82703441328255
3779775,380.6399192632358
3780776,416.3709547446116
3781777,337.9454227161031
3782778,436.89857996451957
3783779,360.15427997325463
3784780,444.2936754111682
3785781,437.304504640171
3786782,425.0467024063558
3787783,81.61792282977254
3788784,424.40116218298385
3789785,456.6741475717196
3790786,447.9383431948019
3791787,296.9034014204078
3792788,418.3547671334515
3793789,439.31109694148705
3794790,407.7332190227263
3795791,424.5445188392092
3796792,363.4250013362104
3797793,424.982986777209
3798794,417.1320635008242
3799795,439.4303086941314
3800796,431.0624578031261
3801797,447.3555920775428
3802798,196.05534879692047
3803799,409.34775020760674
3804800,428.68956682708586
3805801,354.3654872828293
3806802,435.3944786307926
3807803,397.0760308323496
3808804,392.9317365091057
3809805,398.5331880213476
3810806,438.6073941940364
3811807,437.91543684247824
3812808,428.8776060350929
3813809,377.2395114906454
3814810,418.0733483331246
3815811,257.8093838701187
3816812,434.1109151434948
3817813,151.43776821201786
3818814,293.87633812384837
3819815,399.35435929561436
3820816,409.1987470060932
3821817,448.7243605267797
3822818,405.7796065752728
3823819,439.2469142094762
3824820,374.0756734363994
3825821,411.58631062255733
3826822,462.30564003712783
3827823,400.2866192971706
3828824,448.4135251942581
3829825,453.6484564878168
3830826,394.89959147495915
3831827,416.2733054713977
3832828,441.31807384197384
3833829,428.74577731903327
3834830,411.95647469702425
3835831,428.46803618188596
3836832,432.1708785321826
3837833,437.4785457182995
3838834,407.9230427368228
3839835,420.26926128921895
3840836,455.12989609705454
3841837,334.9393123664308
3842838,414.4096286402086
3843839,449.1975646803765
3844840,379.24890159983903
3845841,441.3790312225201
3846842,439.2108913545424
3847843,448.14971751135545
3848844,398.8880997694466
3849845,381.81804925852043
3850846,297.9706206706921
3851847,367.2725239986353
3852848,315.3016865354049
3853849,436.8842734117315
3854850,450.9431865107981
3855851,462.3717942784364
3856852,430.06054736048253
3857853,429.4803511051304
3858854,420.61541563239865
3859855,377.7687710456562
3860856,429.710062016676
3861857,409.1803045981515
3862858,375.20880611949804
3863859,425.6022179207346
3864860,378.34552123128384
3865861,466.66921748949886
3866862,430.2444566515586
3867863,419.7039336625669
3868864,432.9628568441481
3869865,133.7436819093303
3870866,438.3970629409952
3871867,452.67525282920167
3872868,454.02665422607953
3873869,432.9166425911953
3874870,436.38503806253567
3875871,416.8203507370122
3876872,404.09086388668754
3877873,435.90540124010425
3878874,407.67842185674675
3879875,431.29635378441856
3880876,438.4641088603065
3881877,345.77684962369807
3882878,251.55402997157893
3883879,385.9478897400171
3884880,407.1296352318474
3885881,441.50212957239154
3886882,229.08435129881437
3887883,440.8587350291179
3888884,404.8982943197102
3889885,424.4659534383412
3890886,410.84705532076623
3891887,421.3917454614222
3892888,358.6004936214567
3893889,175.61616050693965
3894890,407.72776764321134
3895891,315.74513888573813
3896892,345.8808161853905
3897893,444.1145965788087
3898894,410.85761957716426
3899895,407.60132745642835
3900896,349.04533698585436
3901897,456.3772804558428
3902898,424.35174609171304
3903899,427.4734168670942
3904900,440.15598224582874
3905901,366.3764939956961
3906902,426.8767117952988
3907903,430.8642494784656
3908904,412.4500879715045
3909905,399.51648904726676
3910906,428.4899410658514
3911907,388.6856152275023
3912908,416.5392105316652
3913909,127.82718074642708
3914910,372.33658850567593
3915911,382.4646580594983
3916912,270.631270096656
3917913,367.19854600639303
3918914,358.09640178022585
3919915,286.11928255984
3920916,421.99294217335824
3921917,439.2195798137301
3922918,439.222337611714
3923919,303.857037020549
3924920,393.3704940031368
3925921,207.26876278482874
3926922,409.20944855656
3927923,420.9443178573925
3928924,431.03758313093596
3929925,418.8641023729644
3930926,427.58959837492995
3931927,395.01413058286005
3932928,453.45830044647596
3933929,441.77228745709533
3934930,389.5747907940845
3935931,402.01460189147406
3936932,392.08695978852404
3937933,396.1578417882971
3938934,416.93704007524605
3939935,404.43269958242917
3940936,430.94117147596796
3941937,332.83696896121813
3942938,295.4041056063306
3943939,439.8430598067746
3944940,373.25024791706227
3945941,424.50147589213265
3946942,443.81133313944827
3947943,393.0249431323909
3948944,397.25160700194067
3949945,412.9250918924811
3950946,423.1069591766915
3951947,245.18933227324555
3952948,397.09968200002567
3953949,444.52157780035435
3954950,362.4505475178631
3955951,437.09116716305266
3956952,382.58362088874554
3957953,412.52426260307294
3958954,421.12913686621783
3959955,426.83644659403114
3960956,454.47008938664715
3961957,265.9349949601228
3962958,434.65758464523094
3963959,415.01532413810776
3964960,412.8531737958477
3965961,405.6416017420534
3966962,383.31946940739346
3967963,426.2297271100409
3968964,372.0061979262615
3969965,247.79455206170022
3970966,129.98235747814698
3971967,436.28705831651905
3972968,404.232088164226
3973969,299.655998432602
3974970,411.7807491082601
3975971,402.9745672908889
3976972,436.69239999525286
3977973,391.1805566958873
3978974,422.98868440083766
3979975,440.27802647336466
3980976,428.7368498888002
3981977,393.81321130874755
3982978,438.0966885934351
3983979,380.30606703276237
3984980,377.765115775183
3985981,388.8895539027946
3986982,414.75164387829574
3987983,434.1113930740211
3988984,85.48479338267674
3989985,408.6068901567767
3990986,410.86813130113137
3991987,386.56741493184654
3992988,433.40285800701196
3993989,437.6463273415601
3994990,207.3885572497698
3995991,415.65473741133604
3996992,384.2165086638617
3997993,389.55468638826113
3998994,421.02565351973453
3999995,259.95622771434904
4000996,389.98598418407596
4001997,409.03637808587456
4002998,422.43435925515433
4003999,374.89143410015004
4005000,407.60725618677253
4006001,421.73909874337323
4007002,427.1419583461807
4008003,429.5865236659658
4009004,432.8797656615011
4010005,301.9986655154788
4011006,441.19276305200987
4012007,383.5165832985803
4013008,426.91651761543886
4014009,399.36427089057594
4015010,442.9156418588311
4016011,382.63042509792865
4017012,454.51400506584076
4018013,434.2563209841526
4019014,419.4482524441057
4020015,425.53466061559715
4021016,446.6485181163506
4022017,388.1818679984887
4023018,429.84530660375754
4024019,208.83850782925558
4025020,421.57018666526795
4026021,396.7050325098752
4027022,423.86343350834994
4028023,431.70616154891616
4029024,414.6374046459242
4030025,443.71461697236924
4031026,416.0005116112708
4032027,410.01823090718966
4033028,315.2688055017545
4034029,413.4632920204013
4035030,419.9654041293754
4036031,422.9142609952752
4037032,340.8738675271701
4038033,430.20565242310545
4039034,439.6694392067694
4040035,428.5474818837158
4041036,435.91335966752365
4042037,410.17398589907367
4043038,380.9743716822973
4044039,450.0152693346377
4045040,391.1338384062098
4046041,423.6762272405097
4047042,391.97637541097356
4048043,275.57907703309587
4049044,438.2571973327616
4050045,402.51323044440386
4051046,264.9234059027042
4052047,390.50431386937294
4053048,171.49759738807737
4054049,401.77622232217436
4055050,416.0601607197155
4056051,405.57862788058264
4057052,385.2307043785049
4058053,427.32873002883554
4059054,404.9429099013431
4060055,410.8063389368176
4061056,405.3502978303565
4062057,408.0201417152529
4063058,427.31736690205776
4064059,384.88187145143223
4065060,428.515469808048
4066061,415.16447411196805
4067062,407.8672387419221
4068063,402.7376325872437
4069064,395.5813666586397
4070065,426.7628674695978
4071066,430.82127212021743
4072067,450.87056419554483
4073068,448.6700875441641
4074069,393.19002734358656
4075070,441.5336687118302
4076071,400.97065218834166
4077072,422.6846389515254
4078073,414.782204658595
4079074,448.5293546946519
4080075,424.0544999050426
4081076,417.0281668611996
4082077,433.1585900911015
4083078,123.50516037697969
4084079,436.12622255620397
4085080,437.2684391433346
4086081,431.022200075454
4087082,212.27649471579315
4088083,417.09709113090975
4089084,391.5400926492556
4090085,391.68332352417747
4091086,442.2321496106986
4092087,424.4965184325971
4093088,421.5923299563986
4094089,381.47417595585836
4095090,434.3580777978544
4096091,429.1554706486396
4097092,427.30655988604184
4098093,367.2448269582106
4099094,314.3978723702377
4100095,436.62233138404736
4101096,438.3272758088212
4102097,429.37273456789
4103098,435.18907363766556
4104099,435.9998659890215
4105100,177.19532306104273
4106101,415.4419202859201
4107102,401.2215250155916
4108103,405.21567137464444
4109104,413.3771578026337
4110105,462.21044458478923
4111106,436.15645778770266
4112107,439.06538460258906
4113108,464.1080363181309
4114109,450.7450606119649
4115110,376.78515517722917
4116111,421.68333062602795
4117112,416.7971046907499
4118113,398.3335026018669
4119114,448.68734174660045
4120115,423.19168385269126
4121116,420.0454636699603
4122117,411.0532274818464
4123118,378.4226846985696
4124119,398.89929649702685
4125120,409.1579611125489
4126121,424.8323714216253
4127122,442.088343476387
4128123,414.8014431795569
4129124,456.50340285220506
4130125,432.6655008970478
4131126,53.85115783959168
4132127,428.97530922788803
4133128,400.2560725258957
4134129,267.2567239073854
4135130,392.2909161573448
4136131,443.80597401630627
4137132,423.697756541808
4138133,429.0876629480817
4139134,426.16939330504806
4140135,423.3931040793333
4141136,411.3581762728885
4142137,408.39687019378965
4143138,436.00309074738914
4144139,450.7567506508514
4145140,401.23146503841593
4146141,161.3772540656124
4147142,410.1945304463987
4148143,423.59618814175946
4149144,401.81872245944476
4150145,407.54375743142134
4151146,432.20150315447245
4152147,382.99842907707176
4153148,417.1386638667692
4154149,418.09790280952336
4155150,416.1854092769536
4156151,394.0560453355051
4157152,386.0465238582489
4158153,125.17184142462955
4159154,378.98349325046024
4160155,414.7707332374603
4161156,443.1525737118407
4162157,441.71280167301535
4163158,190.36815735216976
4164159,379.3477324378227
4165160,426.4529841319357
4166161,402.48780746570174
4167162,424.9491951736453
4168163,359.81010969367964
4169164,31.32537282391184
4170165,425.1793309305525
4171166,415.0222983927826
4172167,404.449825321324
4173168,407.990962606688
4174169,421.78703771541086
4175170,370.00136597001733
4176171,419.8958263411806
4177172,405.3098552199291
4178173,416.4142704780223
4179174,413.76424573077065
4180175,426.73758688259807
4181176,419.22910091410307
4182177,292.0535843969091
4183178,413.41477955473414
4184179,420.5937007046493
4185180,365.55990969497384
4186181,397.99267550901686
4187182,419.91856773577257
4188183,431.93826360316757
4189184,406.5810835823656
4190185,392.76303495339425
4191186,437.0893633160629
4192187,401.8655554485579
4193188,431.5492731244408
4194189,189.8649644768056
4195190,147.0038793699597
4196191,400.25607250973957
4197192,445.0900630964517
4198193,346.79755448749444
4199194,406.3669146705245
4200195,315.57077809630607
4201196,406.16680329364027
4202197,422.71332012726896
4203198,407.6478098997611
4204199,432.0169975245147
4205200,424.45052514093135
4206201,407.15564515145707
4207202,426.60412081027573
4208203,63.039618909039966
4209204,395.9653760775164
4210205,414.38785635941775
4211206,281.9186508406905
4212207,439.61052648053624
4213208,369.73095679452763
4214209,433.2343385908565
4215210,437.4488409597706
4216211,428.7705931356264
4217212,411.7202439048605
4218213,407.5785629525994
4219214,414.57226357300567
4220215,447.5790401291696
4221216,424.7597062109038
4222217,445.60988300542743
4223218,160.96394260081684
4224219,443.8011038575585
4225220,452.691363886646
4226221,406.3539590361687
4227222,424.72134596865277
4228223,422.5208225038071
4229224,449.9711176721736
4230225,447.83035781345404
4231226,447.1528223400496
4232227,412.4253828848904
4233228,419.25113400023105
4234229,416.3054372025899
4235230,424.18879011220656
4236231,423.9257473595096
4237232,183.58568843107673
4238233,374.2723335385123
4239234,434.12508571519174
4240235,180.04387208215226
4241236,397.11008278155975
4242237,423.05942378745385
4243238,433.56557540378964
4244239,447.97993065363454
4245240,390.03874582481154
4246241,405.09772502843646
4247242,454.79937872567575
4248243,448.4433235328672
4249244,455.0089769636442
4250245,396.34723690537675
4251246,447.0164630732566
4252247,421.85993708252204
4253248,418.7053507860594
4254249,445.97728845533754
4255250,427.9441557602083
4256251,426.54877144240527
4257252,165.406593886774
4258253,423.6619806956503
4259254,458.4796540355583
4260255,405.6781429551253
4261256,425.3152460279077
4262257,128.39408437457217
4263258,417.3870208654098
4264259,430.4019199836568
4265260,426.52225176439754
4266261,450.3349918429004
4267262,329.80839014054465
4268263,296.71971940115526
4269264,410.2718376811567
4270265,210.1615208560844
4271266,456.78625696737106
4272267,332.43080854078295
4273268,319.15433844327066
4274269,424.1200955698627
4275270,39.72081127377224
4276271,436.9317943433038
4277272,302.7190118014838
4278273,432.57522974643325
4279274,450.622551044825
4280275,448.80402047617497
4281276,409.7455026343294
4282277,428.8068881872647
4283278,466.38545505149875
4284279,454.6873934866626
4285280,334.69227914808215
4286281,431.66554598383505
4287282,384.8525958296017
4288283,290.40613103115874
4289284,431.9447721776911
4290285,421.6479321674928
4291286,373.7633154760131
4292287,450.5931703437876
4293288,438.91321888324813
4294289,454.1969014814907
4295290,129.2364656578333
4296291,396.82290774043855
4297292,462.898698401683
4298293,134.24325676905946
4299294,437.31185850449776
4300295,455.3395925163836
4301296,441.31511419689855
4302297,410.6929175100614
4303298,303.36469326068857
4304299,408.7398927272031
4305300,458.6052618130007
4306301,432.0643909833982
4307302,463.0404338548454
4308303,431.64287856991734
4309304,411.8371812488114
4310305,449.1789148220374
4311306,421.8559759388651
4312307,418.45434457626595
4313308,197.53381195746033
4314309,436.3339669411614
4315310,280.94538826379494
4316311,437.1441610487707
4317312,408.62808035851424
4318313,427.06636068179057
4319314,202.33870589839344
4320315,449.7712606274535
4321316,423.49572142067467
4322317,389.3356671364352
4323318,432.25980113196766
4324319,405.2747027772471
4325320,455.0591522606618
4326321,311.17899625414844
4327322,103.01259997630056
4328323,477.2925241044851
4329324,408.6996651107894
4330325,423.3789016245681
4331326,425.33366321569173
4332327,468.3289606745355
4333328,446.1660859845328
4334329,426.31885673777555
4335330,409.821595259523
4336331,440.1625614305141
4337332,165.3046918336423
4338333,453.81809963054116
4339334,402.728246842633
4340335,423.223152189788
4341336,455.28063491647043
4342337,190.18201699615943
4343338,450.4007079067191
4344339,437.65440396192855
4345340,75.2460451499248
4346341,151.37855522761532
4347342,400.96079257502873
4348343,440.645467016653
4349344,441.0994729980133
4350345,468.1722936032021
4351346,445.6309063438491
4352347,376.87845075580435
4353348,421.6222048580598
4354349,440.2519363284607
4355350,426.9665826054646
4356351,312.66231893984894
4357352,420.4674966840459
4358353,422.28320132074396
4359354,341.49402654893254
4360355,454.8586367636652
4361356,404.35551629347106
4362357,377.4933174085993
4363358,430.79512781960017
4364359,446.0397739398217
4365360,421.26639531951236
4366361,240.42642180353238
4367362,459.93405932906614
4368363,460.4004526030354
4369364,451.95651507061336
4370365,463.044257843256
4371366,116.5773359261394
4372367,446.3247082941885
4373368,420.6500467186154
4374369,450.9480623251253
4375370,266.6739153290439
4376371,378.0824154218721
4377372,407.4474246698863
4378373,417.2261447362439
4379374,461.00433037400495
4380375,443.0258163295833
4381376,468.3215875112117
4382377,425.16380808453255
4383378,445.99931905338076
4384379,260.1274425660736
4385380,408.4900554293504
4386381,449.6384577288526
4387382,360.613333694939
4388383,422.25679105306205
4389384,448.9139159275089
4390385,437.04470140367704
4391386,432.5804343521172
4392387,439.3519351729525
4393388,432.04069379736507
4394389,439.0712361440203
4395390,458.3915832351926
4396391,282.4795025098654
4397392,263.94201769573795
4398393,440.2949194240901
4399394,478.0966720555217
4400395,477.5563922233694
4401396,376.4485851063576
4402397,472.8134552405333
4403398,461.8096560625219
4404399,436.88915110696354
4405400,462.5235267935004
4406401,416.66043972589677
4407402,437.42988483515717
4408403,122.23604462343859
4409404,452.1942792530091
4410405,455.532613511295
4411406,449.3674964224029
4412407,474.8218061032398
4413408,429.5669692699106
4414409,437.78291393560687
4415410,274.1868596188372
4416411,447.74274238654385
4417412,405.713842668507
4418413,233.26281111992395
4419414,395.02183615228586
4420415,444.0497926935566
4421416,291.5546342578612
4422417,330.92433161312914
4423418,389.4806016578298
4424419,460.4998623813041
4425420,474.82405838798456
4426421,414.1024151076243
4427422,404.9295794572745
4428423,418.85031067098896
4429424,406.61936028070375
4430425,432.94236171601915
4431426,440.6931681211456
4432427,430.8968976016732
4433428,378.8355566142337
4434429,372.4709338340638
4435430,397.73251357417894
4436431,253.86132191274604
4437432,356.38854925135917
4438433,152.87527492460748
4439434,81.53044179850795
4440435,400.1635950655489
4441436,469.43112144285243
4442437,445.63190008202406
4443438,441.5662744249881
4444439,460.42357730505216
4445440,438.6947062381886
4446441,56.103982409953524
4447442,318.3066781293789
4448443,437.3274309483042
4449444,423.94616966545374
4450445,402.7480568977691
4451446,149.55865268708092
4452447,427.74654791157684
4453448,465.7187179928542
4454449,479.56568498356955
4455450,444.05548834098636
4456451,208.12166047162157
4457452,197.60626620855172
4458453,431.55388417129654
4459454,439.0102475971322
4460455,169.66886528512032
4461456,462.31262156223266
4462457,418.21081963498165
4463458,436.0520273989778
4464459,280.47795159804986
4465460,461.32304892601314
4466461,208.74796974924288
4467462,475.4283092074678
4468463,435.753919126963
4469464,81.85353774846615
4470465,412.004798570764
4471466,432.95448630894646
4472467,418.4203861734553
4473468,472.85008005089986
4474469,371.100275166845
4475470,465.62926285920156
4476471,258.1658699216508
4477472,341.494901825445
4478473,388.46868992399556
4479474,465.3798589276783
4480475,399.8824348587147
4481476,454.62428431027786
4482477,410.7234566906933
4483478,259.52855609061425
4484479,405.44428986796726
4485480,400.1117763857691
4486481,423.9154553792158
4487482,438.9031655622149
4488483,314.7626825526747
4489484,415.5181252754079
4490485,441.8132824444087
4491486,402.6980490203008
4492487,427.31281467902033
4493488,450.4324000579363
4494489,430.44798358945224
4495490,427.57775852488294
4496491,409.5808946568325
4497492,409.5682752813598
4498493,422.05826175611946
4499494,456.7923428224377
4500495,72.4218756427426
4501496,456.20178851823107
4502497,387.79889174483077
4503498,319.83722992549167
4504499,457.6558356531073
4505500,445.789410921065
4506501,163.61058415220367
4507502,380.9824354210822
4508503,389.3227733439433
4509504,135.09478501136527
4510505,403.0278793101876
4511506,407.54347688452384
4512507,447.44312379366323
4513508,447.11349852978077
4514509,437.421806870698
4515510,92.72510584094402
4516511,275.7570087192923
4517512,415.6865217321805
4518513,191.04420962732027
4519514,443.6154156453068
4520515,430.2132374277971
4521516,337.3697764111777
4522517,70.2879774139893
4523518,291.31075863581106
4524519,474.27618981717814
4525520,207.40936825759016
4526521,480.37949457923725
4527522,443.1673606922726
4528523,465.1359402054148
4529524,394.42061109884474
4530525,417.67184389081405
4531526,451.2588003225209
4532527,419.5036022142604
4533528,477.72228846443744
4534529,124.5574352325594
4535530,194.45015984930234
4536531,390.62147008661213
4537532,435.1492582834762
4538533,410.87684964140294
4539534,445.957293286476
4540535,224.1397131739811
4541536,384.7919653044164
4542537,459.99799496063287
4543538,466.2652847059862
4544539,387.5896599830863
4545540,398.445281516081
4546541,397.3920532791008
4547542,403.05783850532686
4548543,442.938722185561
4549544,381.49328797242924
4550545,322.75285034720184
4551546,411.0746342240115
4552547,122.77273935754346
4553548,434.2218496957669
4554549,208.37574954201693
4555550,453.3713034123694
4556551,439.45988227255
4557552,318.0363811842323
4558553,419.492371352848
4559554,425.44745152604605
4560555,444.98934413383125
4561556,448.71430820709605
4562557,418.60895113275075
4563558,455.9379871217079
4564559,122.61482700619617
4565560,156.5095725262357
4566561,448.48008989688725
4567562,199.79203263538415
4568563,273.1632420995676
4569564,426.0997214425294
4570565,457.8375913441326
4571566,442.1693251032799
4572567,389.69636536543106
4573568,413.2324198022009
4574569,420.1935351110918
4575570,424.85777730024364
4576571,412.3743497679507
4577572,422.20404786268443
4578573,357.4626024912324
4579574,112.85743069497549
4580575,411.49998233675564
4581576,416.6727424461455
4582577,432.6338174757932
4583578,118.9492359973993
4584579,429.8200712418541
4585580,306.1388650977774
4586581,319.6299642735673
4587582,379.226941888584
4588583,163.46926408396885
4589584,446.14925489040223
4590585,447.6595102411121
4591586,459.72424858557486
4592587,443.19610488674965
4593588,462.57460591451235
4594589,424.04363409927856
4595590,403.2459954485153
4596591,394.75890076182753
4597592,132.28493639870786
4598593,369.8461188136103
4599594,427.57413046326616
4600595,433.90997698096646
4601596,421.90738798590047
4602597,355.1866609940278
4603598,441.80267379571256
4604599,399.215133096938
4605600,467.4458057455819
4606601,436.2630705582536
4607602,384.17433193240964
4608603,431.423813067469
4609604,418.9758684712244
4610605,410.21101075290846
4611606,425.3949316448457
4612607,468.16120787450086
4613608,453.81746073459374
4614609,416.11749827172537
4615610,291.9197245228133
4616611,395.1792851419079
4617612,421.87735390751567
4618613,315.9493579786921
4619614,452.2082298639149
4620615,422.7871889833681
4621616,285.4671359879218
4622617,410.12496156261466
4623618,101.07257349600125
4624619,413.91243146945874
4625620,380.9239980623848
4626621,413.12415026114763
4627622,421.8998489249389
4628623,426.949838699848
4629624,446.0664125217541
4630625,426.6978710220842
4631626,357.9493527260065
4632627,412.5248694357483
4633628,150.37750831926107
4634629,419.7653329079152
4635630,424.12368755932084
4636631,389.1779203749794
4637632,446.4619233731926
4638633,243.4343430298721
4639634,415.8152075962552
4640635,148.75566242736727
4641636,433.9078138921998
4642637,400.11969918531724
4643638,438.68137277207893
4644639,397.399345995422
4645640,402.1593506470472
4646641,420.88829341071454
4647642,109.15830426687826
4648643,437.10627209687954
4649644,391.97504043929536
4650645,435.96111873483164
4651646,461.31878332272004
4652647,400.75985327333075
4653648,460.8726810883613
4654649,410.00770973066545
4655650,385.48898736821525
4656651,423.78147113391793
4657652,199.98643142655018
4658653,449.8481082773672
4659654,441.0861821760092
4660655,455.8104443601983
4661656,392.12190885126927
4662657,386.66958903177823
4663658,432.9259624467995
4664659,442.116730333946
4665660,432.22628694639434
4666661,208.3640174143173
4667662,272.26806416584566
4668663,379.3234365579271
4669664,464.5780582758998
4670665,419.70644510382397
4671666,411.86358407052785
4672667,133.01275008461005
4673668,460.34686531567945
4674669,436.38532408353484
4675670,439.09743128968745
4676671,244.40879475968373
4677672,456.15768761451295
4678673,176.91104442172505
4679674,149.55069203788565
4680675,422.64800114645533
4681676,415.44196718850526
4682677,283.6465695548723
4683678,461.56468064680627
4684679,117.52759249136227
4685680,70.25946504012302
4686681,419.9363685250642
4687682,425.88865965281644
4688683,460.2859799209072
4689684,428.99418622632624
4690685,421.19616341418384
4691686,462.4172612696618
4692687,377.4987476291898
4693688,457.5812396144229
4694689,377.9372702266146
4695690,360.30213772578395
4696691,448.48994920943085
4697692,409.7225204894014
4698693,406.45321245074206
4699694,436.3906252279465
4700695,423.720650164813
4701696,170.32314733695958
4702697,225.7065628321882
4703698,440.24478044902287
4704699,72.61027118643898
4705700,412.5332395750729
4706701,240.92340255044633
4707702,450.60952191401003
4708703,453.4169903140903
4709704,256.83596115756956
4710705,365.27051837541404
4711706,445.0396372519114
4712707,433.649079210639
4713708,181.41765628492772
4714709,293.50452138988027
4715710,230.2121327029023
4716711,452.32132101312163
4717712,118.47360892049272
4718713,332.2613330714261
4719714,78.92993537256027
4720715,221.2584840252592
4721716,402.5434018827563
4722717,157.42381911463906
4723718,91.49339599576062
4724719,448.87335717671925
4725720,437.17314948489
4726721,456.97385936719775
4727722,438.523815293938
4728723,196.90643003173855
4729724,212.48090782498218
4730725,434.05240317296966
4731726,463.4797519286281
4732727,326.81539244117903
4733728,408.9209879247595
4734729,158.28757062625428
4735730,429.08352900455816
4736731,144.72637646071226
4737732,389.08025732347414
4738733,467.39658632545354
4739734,370.315005580011
4740735,401.4791218961383
4741736,415.60488038597487
4742737,80.1138259006534
4743738,60.98675192578566
4744739,444.45622843243524
4745740,216.2698554676288
4746741,462.27608564513105
4747742,435.29449684252154
4748743,189.39091285836193
4749744,461.50396738069355
4750745,281.69972440535753
4751746,439.73407688955507
4752747,412.96939060871375
4753748,465.3315518175216
4754749,360.778108518359
4755750,245.91137514462122
4756751,432.05071229461345
4757752,456.7148124312099
4758753,301.5871655829232
4759754,358.923809672813
4760755,127.4143153040269
4761756,434.7744405192983
4762757,378.8330990449386
4763758,465.5256022931648
4764759,175.9357191200681
4765760,449.0613430497998
4766761,269.06655727027226
4767762,414.51723548118144
4768763,459.7889035525651
4769764,370.0197885373935
4770765,408.3117510532904
4771766,436.5347842832477
4772767,424.095705196573
4773768,451.602767806049
4774769,450.97941744048916
4775770,100.90433457636931
4776771,423.24514540091377
4777772,247.03830894231552
4778773,376.3060505366854
4779774,451.32573161446413
4780775,453.85798460003804
4781776,331.5331240106059
4782777,397.8377011408958
4783778,399.2391266374639
4784779,371.0406341129569
4785780,333.9043673774625
4786781,434.06472110096144
4787782,455.28093875601223
4788783,287.6783061685648
4789784,427.9550173643196
4790785,372.5258507434909
4791786,429.5611165529003
4792787,447.22442553573256
4793788,447.09150865878746
4794789,392.9046471214002
4795790,247.67993056433457
4796791,212.5568211674059
4797792,118.0888903957195
4798793,445.39156500620027
4799794,446.0180542794024
4800795,460.81567452912367
4801796,414.9961908518811
4802797,314.89708834260347
4803798,392.1680741150367
4804799,354.00441135254204
4805800,131.59006160910744
4806801,452.8241881529767
4807802,331.9130315539314
4808803,426.5857225182563
4809804,56.997661305378465
4810805,423.74468197079636
4811806,448.2638684277983
4812807,428.6160431734433
4813808,393.4227480928073
4814809,445.0156021650444
4815810,259.6646044093441
4816811,116.45881772131108
4817812,450.80755565499925
4818813,416.3543299077066
4819814,424.42940266866844
4820815,474.99562765969586
4821816,452.6634489281879
4822817,73.73229491957241
4823818,247.9350641962841
4824819,103.26619371021707
4825820,217.95423236775954
4826821,470.9142876230303
4827822,438.41693764439935
4828823,140.74399810034316
4829824,93.83777996114104
4830825,372.73463406269093
4831826,324.6420020303932
4832827,446.05885745916794
4833828,119.32987348522637
4834829,468.7089956922054
4835830,487.8131634969463
4836831,182.4489755790786
4837832,324.6277229462967
4838833,422.77412415025384
4839834,453.3164976087792
4840835,313.2202270484346
4841836,393.13569110560803
4842837,328.20597907974843
4843838,291.93607753194254
4844839,166.7555571619101
4845840,432.17659766344497
4846841,97.72281285478978
4847842,419.49613703294085
4848843,140.84546604562746
4849844,444.8536726440705
4850845,406.89314288410594
4851846,202.90090218627356
4852847,352.4766456619497
4853848,458.53427059506384
4854849,459.65977844960025
4855850,459.90765985218763
4856851,124.64790651954766
4857852,448.9490522236791
4858853,397.5725701275027
4859854,384.165802087776
4860855,441.07852839409657
4861856,351.6692078271926
4862857,450.525014647119
4863858,481.94168038946515
4864859,445.9842545507433
4865860,415.7986820206349
4866861,397.24536901852207
4867862,433.36299815430743
4868863,287.27630181414276
4869864,422.0038363321688
4870865,164.2048300208935
4871866,441.53036302516836
4872867,421.4803240324924
4873868,226.95571233615914
4874869,344.7413088723248
4875870,191.8172384457365
4876871,428.33652784786494
4877872,465.37455381772463
4878873,455.01514108620665
4879874,445.41721760778137
4880875,430.4144475584779
4881876,420.55448161564885
4882877,460.051163655555
4883878,353.30302961090746
4884879,435.82029000901775
4885880,295.92322197021224
4886881,452.0286051607793
4887882,345.1192719992046
4888883,407.3718262371893
4889884,321.78695299964625
4890885,142.04624339968782
4891886,186.47390716190412
4892887,436.9925899847712
4893888,397.638703790577
4894889,406.2234286428665
4895890,460.821324730319
4896891,283.8820516631477
4897892,396.2264582416494
4898893,130.0306986363401
4899894,292.33186112559605
4900895,377.28525450098465
4901896,350.85180118785837
4902897,428.73378267557416
4903898,75.62871622026863
4904899,183.64798114889402
4905900,272.19083444306983
4906901,424.11297453227417
4907902,169.7670240195476
4908903,427.47931847113887
4909904,418.1998108980359
4910905,205.67587792448936
4911906,84.76681934761542
4912907,429.01317239871133
4913908,378.59731734645425
4914909,445.22053580740067
4915910,72.814287064164
4916911,357.5733722936602
4917912,236.92652468125934
4918913,431.0430897629653
4919914,461.45447417937896
4920915,388.1070768984866
4921916,455.575389571309
4922917,416.1734738383115
4923918,420.0502739699991
4924919,415.187863685558
4925920,434.87658616381606
4926921,297.5708643507737
4927922,412.51347788041767
4928923,466.239208160372
4929924,213.10952261434687
4930925,211.8650323590652
4931926,407.0428515867706
4932927,425.22291714894766
4933928,421.8272267567925
4934929,421.00678793785306
4935930,260.6812152607393
4936931,76.48511735973105
4937932,209.03563098514516
4938933,440.2879437119255
4939934,422.58268625838423
4940935,64.28037060808043
4941936,387.09102915274354
4942937,364.74525555696977
4943938,140.54974695861944
4944939,417.67273657010486
4945940,399.1773420802728
4946941,408.5223793556571
4947942,191.65696106322903
4948943,429.92928569498156
4949944,147.52785050970164
4950945,438.56515295520575
4951946,432.77449410741934
4952947,66.83420576311221
4953948,370.0777902632064
4954949,330.01026493986456
4955950,243.34962609365834
4956951,410.89339497648166
4957952,433.0104585504735
4958953,417.03213169221704
4959954,439.5279337236123
4960955,426.0435467332398
4961956,401.13198778251206
4962957,411.4024036640465
4963958,338.4068097045997
4964959,414.9235962629157
4965960,184.7809468249716
4966961,345.195899955594
4967962,345.38616596255514
4968963,393.7634710806344
4969964,428.54789454082714
4970965,495.188961452903
4971966,104.28139970891192
4972967,377.56934950476517
4973968,385.0830485678852
4974969,440.10581865417316
4975970,374.5480588055546
4976971,432.92986845176546
4977972,442.7704476918316
4978973,408.75041210534727
4979974,383.89821351204216
4980975,429.6477277489218
4981976,333.4110173287241
4982977,437.605860415876
4983978,444.59453351798675
4984979,451.35430010196035
4985980,414.01898332196635
4986981,412.9927674828074
4987982,383.1032649894534
4988983,362.76900259417516
4989984,402.8034062536392
4990985,212.31646869551798
4991986,414.18975749025003
4992987,418.176147279057
4993988,269.9563899342637
4994989,394.9065981685427
4995990,437.8870229141614
4996991,198.53519135442122
4997992,430.3864279751113
4998993,375.9525583217934
4999994,437.7716199700206
5000995,450.5791477425902
5001996,467.301234054259
5002997,432.6652143907855
5003998,283.05524678533436
5004999,112.65277152949777
5006000,381.47712035519476
5007001,412.9845301206827
5008002,265.06707492694215
5009003,317.2633698148536
5010004,423.17424106999545
5011005,408.73466422313203
5012006,97.00124344177699
5013007,255.55907928319778
5014008,391.9805594780074
5015009,72.59470326991888
5016010,419.3463929946352
5017011,448.8346057244589
5018012,424.4674417285913
5019013,443.61090931023926
5020014,352.5047456224407
5021015,388.4086949241484
5022016,245.63247121125775
5023017,424.660727374866
5024018,347.83195001306905
5025019,191.97752226012852
5026020,401.0244430779105
5027021,441.5964443719611
5028022,447.23323593352626
5029023,409.407622661815
5030024,134.71395466114885
5031025,387.72258800222363
5032026,414.8635000380267
5033027,385.40903925179805
5034028,73.01991017655561
5035029,237.49661376515886
5036030,458.8542621161355
5037031,268.79341035938245
5038032,454.801850472502
5039033,283.72449960272405
5040034,154.10572701760063
5041035,378.6996094466827
5042036,400.7695086070183
5043037,335.28242559023244
5044038,405.94054262186984
5045039,414.7767971266127
5046040,396.7267189142574
5047041,367.1641279007333
5048042,407.7938735204617
5049043,472.48472449718275
5050044,420.25202545064155
5051045,157.18087681022655
5052046,391.4074452210825
5053047,130.94380164720786
5054048,61.77330876436768
5055049,368.52805317135807
5056050,390.0258515452775
5057051,405.98598085527453
5058052,145.6609019517582
5059053,325.96609776131635
5060054,198.10861185519798
5061055,252.14883936732824
5062056,229.409499580495
5063057,275.4276972941169
5064058,388.77304383953236
5065059,312.45469949661066
5066060,376.2243752429574
5067061,429.5227090548851
5068062,436.52628940785564
5069063,312.6924795234828
5070064,380.97208483990187
5071065,419.422307777693
5072066,121.99120284408451
5073067,379.9457832709152
5074068,389.410781914855
5075069,100.94130978327705
5076070,396.26547704237726
5077071,280.1117544427225
5078072,169.89559955354008
5079073,407.01537214126824
5080074,432.24795169106426
5081075,203.92188069583946
5082076,397.62386995449714
5083077,418.72412323271044
5084078,421.2422936065081
5085079,418.3677195430971
5086080,431.7842380558924
5087081,221.15018956592155
5088082,394.3104232125808
5089083,423.79566364551494
5090084,72.84604785830048
5091085,349.7155847782321
5092086,268.1870616957947
5093087,373.018764056689
5094088,422.51665581362187
5095089,395.4738649877617
5096090,431.3646402283531
5097091,132.1593008569401
5098092,180.84258466343525
5099093,323.41467713277177
5100094,405.45804251039874
5101095,481.092531370435
5102096,358.90758218542265
5103097,426.4086762778669
5104098,407.66138082341314
5105099,278.77044344832535
5106100,441.37877009889127
5107101,377.0323311979214
5108102,164.92276062818735
5109103,406.14705815281286
5110104,109.12478471640006
5111105,203.83683612046016
5112106,406.8103982525459
5113107,285.92905731761454
5114108,251.1856901015279
5115109,361.8272150746614
5116110,274.71452983258445
5117111,422.4437852927921
5118112,445.1206580665784
5119113,424.97971556890997
5120114,219.4853912931342
5121115,382.787268264663
5122116,388.7506145266661
5123117,354.2433912761079
5124118,238.0209866780273
5125119,394.2357423953409
5126120,240.67800850947
5127121,422.08131891626346
5128122,406.18879172457247
5129123,429.82086811658354
5130124,433.27184904826635
5131125,421.00333395443266
5132126,424.1869341574107
5133127,223.0481897175659
5134128,66.86337062592972
5135129,330.8667877187302
5136130,224.91128395160257
5137131,435.0819920699226
5138132,82.11256980940871
5139133,417.91246449602306
5140134,422.06611537667504
5141135,262.4790578348113
5142136,119.57498994170626
5143137,422.73287952507474
5144138,281.42785099926635
5145139,412.47913394868607
5146140,335.76503976974385
5147141,401.9370161081035
5148142,103.8784769954559
5149143,416.3042753186859
5150144,429.6992567978456
5151145,204.8978193482276
5152146,420.733705020255
5153147,368.3266635985368
5154148,421.7011782328855
5155149,402.1524628398063
5156150,243.5403574263005
5157151,341.36169531599285
5158152,245.2515918846948
5159153,384.11823508598235
5160154,378.8695902894923
5161155,339.09871060399246
5162156,265.51508484358305
5163157,370.1992214796534
5164158,95.19095090427771
5165159,292.5765694000355
5166160,404.38734938212593
5167161,389.79302721597696
5168162,340.8049047041219
5169163,383.11660166680167
5170164,143.56357557761194
5171165,427.45401604192733
5172166,232.54885912918039
5173167,68.9667167039621
5174168,215.31901485874374
5175169,204.4092241640861
5176170,369.84226331300306
5177171,130.7541199484945
5178172,431.29435446983126
5179173,389.5367170372433
5180174,375.07217925762444
5181175,73.24517093020572
5182176,422.66695704905027
5183177,330.3359251074936
5184178,419.35842700227664
5185179,151.24324830237845
5186180,311.92146936964696
5187181,423.69572175678525
5188182,419.3582876512986
5189183,191.74188775509026
5190184,414.25556809989837
5191185,392.78634637081217
5192186,207.93314063404267
5193187,375.83999682522926
5194188,262.9052119756494
5195189,431.5859457068001
5196190,375.0837146605319
5197191,100.92917445967616
5198192,391.1134413157039
5199193,405.6887300796777
5200194,393.60532613040095
5201195,419.62845575462455
5202196,81.55141286469271
5203197,393.88088117094543
5204198,265.8250771733362
5205199,419.1221328140068
5206200,424.6843646148133
5207201,398.85975176034964
5208202,395.3853069694968
5209203,385.4016224618236
5210204,295.74858435896004
5211205,121.83035043183698
5212206,128.07771164261405
5213207,331.3349324909154
5214208,323.2912320433073
5215209,316.0322378043448
5216210,413.58016372904405
5217211,212.63315522030993
5218212,426.7714726239697
5219213,338.8541979720766
5220214,210.4815869454828
5221215,104.95267630180392
5222216,365.2995055719903
5223217,440.28288554515433
5224218,324.0967425891234
5225219,424.717600443843
5226220,275.226158924336
5227221,267.26897239874313
5228222,416.3480060938726
5229223,438.3597891672544
5230224,355.3144739806932
5231225,137.80838507092326
5232226,381.349230428552
5233227,411.92756970743807
5234228,449.152077929021
5235229,122.88915185520119
5236230,221.41635329205434
5237231,394.91342225861183
5238232,428.06957101114887
5239233,370.156547550568
5240234,437.27853010232775
5241235,403.285736084666
5242236,372.4873274001659
5243237,339.84441719384375
5244238,241.73498656666456
5245239,430.48690728502913
5246240,101.07006111015814
5247241,435.81042530555527
5248242,427.739247131191
5249243,421.6720442169993
5250244,375.2196107361556
5251245,443.9520844595186
5252246,365.6562421141177
5253247,274.57475150790657
5254248,424.98884361872376
5255249,194.18862547980098
5256250,417.8874445421277
5257251,409.7040292681252
5258252,213.99820441830724
5259253,429.9889596961911
5260254,317.0130583354669
5261255,362.54045721929435
5262256,417.8785692763064
5263257,368.28461431092444
5264258,418.98549087938045
5265259,322.6804222605311
5266260,265.70500363069846
5267261,247.4622454243088
5268262,433.7871033099595
5269263,420.3201071833547
5270264,333.06972396576015
5271265,227.9407955922374
5272266,382.3971799423433
5273267,377.91596444840366
5274268,316.7769543908879
5275269,410.32361013686153
5276270,424.64046723111517
5277271,71.63189312248517
5278272,370.34143731506236
5279273,418.405112158838
5280274,400.05702447289866
5281275,422.4285014814182
5282276,382.3236125806668
5283277,352.4964307402916
5284278,376.93831850634876
5285279,421.79001562063934
5286280,148.3233671482908
5287281,410.5956506408449
5288282,440.5949129173979
5289283,336.2346112112909
5290284,100.6523385658823
5291285,366.45534563249055
5292286,134.2039023377192
5293287,225.21567584000516
5294288,156.34691990929375
5295289,399.44029925612205
5296290,151.0365277110446
5297291,148.8377872547186
5298292,383.73120157098253
5299293,432.07039423789666
5300294,420.9043186714235
5301295,433.74077575956863
5302296,408.4926603872313
5303297,386.5781645540612
5304298,82.62992422673794
5305299,403.3798723139503
5306300,382.27272105305036
5307301,165.8376272914089
5308302,382.598478579515
5309303,426.39034859399374
5310304,393.1040709217385
5311305,381.24991495899206
5312306,387.12232780146354
5313307,155.95760263392862
5314308,132.91234623702576
5315309,99.40983988131086
5316310,283.6863144842585
5317311,397.70434690455517
5318312,421.40077495427414
5319313,407.3397628641835
5320314,302.0013172885144
5321315,268.1500692859988
5322316,195.82853476917668
5323317,438.2569756011634
5324318,208.55575458387122
5325319,83.03793532185995
5326320,391.4403809008587
5327321,111.38487213127355
5328322,158.08556995787788
5329323,427.4378886050572
5330324,242.0859511596466
5331325,421.34321834742303
5332326,406.2409314761947
5333327,417.1352834885588
5334328,162.27114895882346
5335329,185.4751898971418
5336330,157.94407275846652
5337331,323.1041528639823
5338332,360.83946545244584
5339333,410.7969271485319
5340334,131.25360438887444
5341335,101.21368373244026
5342336,152.37037420971012
5343337,359.8599177132104
5344338,413.78754888782476
5345339,320.35411838146575
5346340,401.6563776345597
5347341,426.81191660158703
5348342,296.0027646773842
5349343,356.0272114910991
5350344,393.89024335286507
5351345,135.96270437453478
5352346,421.8584244500532
5353347,382.9264301330281
5354348,360.7185791493377
5355349,204.19663093335637
5356350,419.33607929495463
5357351,387.11234734741777
5358352,410.469169045394
5359353,452.847689536123
5360354,390.93300426640087
5361355,385.8981689955894
5362356,256.11459657376673
5363357,124.8689419965736
5364358,168.98832435498264
5365359,358.24210064975955
5366360,398.6175088938739
5367361,431.32943240847715
5368362,156.24741275244403
5369363,345.76546168305356
5370364,422.8130780371965
5371365,288.00150848971646
5372366,419.707592364449
5373367,421.63291055475327
5374368,402.69645952484234
5375369,393.6261987767914
5376370,230.265932846208
5377371,247.85617216694476
5378372,127.58295980819105
5379373,368.5915358205621
5380374,406.2794025327106
5381375,433.3883682146464
5382376,338.95385615894276
5383377,392.085565804301
5384378,375.72574789726576
5385379,193.69593893057765
5386380,334.75917687803894
5387381,406.41240268614564
5388382,198.1232977622531
5389383,434.29616172980997
5390384,147.79305659576275
5391385,439.44870641993197
5392386,272.5235089067093
5393387,218.44673810283476
5394388,386.1754846969231
5395389,150.20101472459055
5396390,375.8406533959508
5397391,397.99321350998065
5398392,265.537607677668
5399393,195.15243678314442
5400394,190.68249467408447
5401395,375.1779268087604
5402396,287.78149984120455
5403397,126.33432786379515
5404398,378.9495683384052
5405399,392.08373284379843
5406400,416.1641543490422
5407401,374.4607619727157
5408402,354.0131207791944
5409403,403.7090346657344
5410404,387.8854756134718
5411405,418.32404416917666
5412406,461.1276096638805
5413407,153.39418496538843
5414408,422.2444543101004
5415409,305.46341787378157
5416410,274.58553096160347
5417411,406.5425905675905
5418412,281.9451854626424
5419413,421.7037027869891
5420414,366.94914239925686
5421415,429.32532754656484
5422416,137.4623017598969
5423417,325.12848572378095
5424418,391.82552690846916
5425419,376.43580841717016
5426420,334.9544288264243
5427421,420.03111987369346
5428422,350.78281323948795
5429423,322.1116143378706
5430424,435.8296968541156
5431425,363.75181726444896
5432426,406.8841166335995
5433427,260.50859909207594
5434428,287.19487909405535
5435429,395.8529876550154
5436430,379.74026382996874
5437431,303.9760236914661
5438432,376.47098433205844
5439433,150.9882726090551
5440434,421.7635909147665
5441435,381.336416753754
5442436,392.3053939975754
5443437,432.9197718806792
5444438,393.3151055820352
5445439,359.7980510776545
5446440,329.4452914914898
5447441,342.3304824255125
5448442,397.37146763810847
5449443,405.59531346099686
5450444,397.67964297036553
5451445,165.19079309885024
5452446,334.7988538260519
5453447,410.4178735733965
5454448,243.82963990871474
5455449,369.60846576701675
5456450,368.99662705400516
5457451,344.727713025317
5458452,296.54861267626035
5459453,275.1381764431906
5460454,359.3072785018898
5461455,261.80757493898716
5462456,243.4256913317121
5463457,91.66513413997644
5464458,204.33794148264974
5465459,241.14335972331054
5466460,411.8621444677724
5467461,413.7069927671539
5468462,423.36856939226465
5469463,448.59232130622536
5470464,119.23394908301704
5471465,172.0281830908114
5472466,427.2270482320866
5473467,130.11712475038715
5474468,339.23297311433777
5475469,174.48984310537588
5476470,450.8158831645688
5477471,403.37849281772424
5478472,440.8645103040247
5479473,347.8931257009282
5480474,154.615817055222
5481475,281.5783845375427
5482476,366.7673489380348
5483477,389.21346627414437
5484478,196.04722807183373
5485479,361.7540477131968
5486480,366.1293542736428
5487481,393.50764240555526
5488482,72.82274480190382
5489483,162.60885869943664
5490484,88.55389980376529
5491485,176.9108828122327
5492486,415.26598479736623
5493487,347.9059850579176
5494488,88.07974745825634
5495489,407.9822819762763
5496490,409.4515408273465
5497491,331.61812493222095
5498492,315.73131064658844
5499493,390.3765698975155
5500494,410.08177917556884
5501495,397.6578188079633
5502496,400.9152603192398
5503497,132.06698748947048
5504498,172.64705693584457
5505499,81.56500388789134
5506500,234.96975032297559
5507501,339.15403518453564
5508502,272.0915159080157
5509503,350.7225816077894
5510504,368.79111698045637
5511505,127.75852208540672
5512506,426.93616118209405
5513507,108.06865926311019
5514508,385.71739360650236
5515509,96.52682011105551
5516510,91.68967091621666
5517511,404.1312463183053
5518512,413.1708500390874
5519513,408.24346181136
5520514,381.31506108313056
5521515,409.2505018317597
5522516,400.7500739456273
5523517,269.1156870953841
5524518,415.2180408855787
5525519,107.26287755927028
5526520,97.86310887099451
5527521,171.4443366512756
5528522,171.11713541725314
5529523,362.8825751531712
5530524,86.79364693789853
5531525,244.8791620907267
5532526,344.11189035614865
5533527,127.30110549562194
5534528,417.12550669732485
5535529,107.00663184744492
5536530,178.6689279951878
5537531,251.46254881339473
5538532,417.46702265023845
