timestep,episodic_return
1000,4.854784673595378
2001,4.004182131968566
3002,8.81700602936137
4003,11.505338953532535
5004,13.688294378949486
6005,13.371201025405467
7006,15.128369940080557
8007,20.895919123200738
9008,35.79457171950959
10009,22.514318855498285
11010,30.162860009334544
12011,36.43544835231118
13012,53.03509984517738
14013,58.656468755436705
15014,48.78761338168951
16015,62.572521755608605
17016,69.38467674147545
18017,69.11484230598556
19018,69.41534966291054
20019,81.35598108772881
21020,86.68616508540627
22021,85.45825241693723
23022,91.18296515518941
24023,98.72527337006473
25024,102.63950412460649
26025,99.8027688746899
27026,106.42661677731336
28027,107.24506737076308
29028,97.58931331449203
30029,128.54009191935378
31030,123.34530443608381
32031,127.24537062616913
33032,113.99104276568514
34033,128.7761229699978
35034,59.268268323837255
36035,47.90969241061859
37036,144.53438554332936
38037,123.45373442051851
39038,93.4638900716683
40039,154.42852285328414
41040,148.51114025013393
42041,148.16238599775212
43042,96.01137136712981
44043,66.77679537190764
45044,68.39400791383308
46045,113.36704401118897
47046,122.4307687150976
48047,71.5464800662688
49048,40.6396359164465
50049,109.01647738145545
51050,112.94788470715301
52051,70.1795202367535
53052,153.04561253662953
54053,133.80039433862177
55054,49.09566171255124
56055,132.96654768444384
57056,116.3780048208918
58057,169.26035421951224
59058,173.72462410147003
60059,170.0980581635257
61060,76.15023298096091
62061,50.643740019966764
63062,78.37173875916183
64063,118.4402498589166
65064,145.22399000145393
66065,50.96355207693836
67066,104.45641652436579
68067,149.27820373185048
69068,103.79794397132896
70069,171.15761067175646
71070,133.79276955634182
72071,153.3758205430221
73072,189.69993962890956
74073,67.25893293873298
75074,139.2708499170573
76075,172.19829546412163
77076,77.5893340677092
78077,75.67973990604031
79078,115.87988635807622
80079,202.6133248717054
81080,26.77658700931219
82081,122.80776609298665
83082,62.03039625828757
84083,65.63146892795287
85084,161.96095520959904
86085,110.77742071349708
87086,151.30551388321314
88087,158.6709601267176
89088,76.8654866200786
90089,31.43904052274961
91090,47.2497801344389
92091,154.9432458492401
93092,106.98560556108337
94093,166.83454581032748
95094,137.07356400177127
96095,176.40834677440077
97096,164.37548457746755
98097,177.96062221533813
99098,176.40831523672736
100099,59.76088581979804
101100,183.1654374185295
102101,122.24217410695658
103102,175.20592878066591
104103,174.36211901570962
105104,110.20146727569164
106105,159.0777609779344
107106,71.4088097419298
108107,102.81116509700344
109108,151.759000379548
110109,149.80427446386918
111110,48.22533824126274
112111,93.75457288679135
113112,136.38665702922347
114113,174.90935177740567
115114,135.89425012425392
116115,90.17820854465938
117116,235.67699000984618
118117,212.27459017350174
119118,129.90649764666827
120119,133.3067077242624
121120,217.55724397764482
122121,158.09915268061036
123122,76.74108090130379
124123,68.26817976380407
125124,183.6838935166993
126125,206.34073602167325
127126,159.2882598819865
128127,215.32961222476303
129128,72.37321544846287
130129,139.40436857111587
131130,54.224319112994706
132131,88.48171905244902
133132,79.21877448623468
134133,174.11594665014474
135134,212.71573254182098
136135,83.6994464312629
137136,195.04218024243323
138137,199.3238321525718
139138,211.1265423933134
140139,198.15761052162483
141140,87.04024692707483
142141,148.96236385155652
143142,224.97423740676646
144143,82.88467031673243
145144,225.36849724292003
146145,122.78728050349885
147146,233.17522081525283
148147,173.01286508822193
149148,198.0291596126466
150149,205.78655236256003
151150,240.77697319570564
152151,150.2599468290033
153152,140.48315522250525
154153,222.97799761026457
155154,223.8449707757464
156155,181.14250950827096
157156,239.86479529524476
158157,197.33125146576185
159158,246.64726675481708
160159,207.22759770419356
161160,200.4817472138703
162161,219.39560315300415
163162,89.37974510640842
164163,258.3312098259871
165164,176.69186494332976
166165,199.7492984294446
167166,72.88181512157908
168167,244.72943651376463
169168,136.54400155518314
170169,111.96282518948568
171170,88.5754985962696
172171,144.0646597923241
173172,179.226424386615
174173,111.16734197029783
175174,198.15228469916372
176175,41.971610048503315
177176,136.02769797170237
178177,204.1894062246753
179178,187.9505551497573
180179,163.23847028508936
181180,225.97986641871404
182181,191.423615622943
183182,127.14929389459766
184183,232.9767519385985
185184,194.69225682400992
186185,213.28085158661358
187186,213.8776451515911
188187,235.3609890550046
189188,219.65025388082853
190189,236.72585784025338
191190,252.32110082150035
192191,223.14528777542446
193192,265.0702229556381
194193,128.90852913457192
195194,265.6238054637662
196195,61.450367038320024
197196,185.36521267904075
198197,225.13742015576983
199198,194.59589879039098
200199,272.7552596366313
201200,213.32389811414424
202201,56.70962968479975
203202,193.73053208730013
204203,183.34961853026107
205204,251.46398634138436
206205,86.86268254468645
207206,71.48425383859102
208207,93.82103556110928
209208,208.02611809058982
210209,225.4484102778593
211210,272.2319597896402
212211,259.9261730973535
213212,175.33994195282838
214213,271.22536967138274
215214,253.70040015304897
216215,254.8778581110623
217216,152.05985716018148
218217,288.79482336675295
219218,201.7227672996323
220219,263.8895066653726
221220,124.81157869685596
222221,284.7257674880102
223222,237.43317609819957
224223,255.01174919717968
225224,247.06647134753908
226225,210.75395126420196
227226,288.85108712903804
228227,176.19948941831893
229228,247.39628144441002
230229,146.37277736084474
231230,164.32561793249948
232231,212.4022753403878
233232,200.52807661665938
234233,196.52828749769705
235234,212.73512676472592
236235,240.04719047591976
237236,269.5963074935302
238237,234.556620429631
239238,50.86113601637392
240239,257.5041332853736
241240,297.4914713319085
242241,266.32940879706035
243242,299.21058974252776
244243,204.95243420034262
245244,43.242071695550905
246245,223.03720710636549
247246,111.2902039388969
248247,269.4384775934751
249248,216.46784140606877
250249,143.1701940491454
251250,259.4643352696038
252251,278.26827485027746
253252,212.82486154889992
254253,270.6763300932557
255254,269.81148803952897
256255,193.58401376105292
257256,88.58950573270351
258257,260.77703362678346
259258,227.15997402806116
260259,285.67488100298715
261260,288.3682918414531
262261,129.551992246228
263262,268.0535805791524
264263,295.8052991597185
265264,268.4485849833347
266265,270.0971626560473
267266,261.88275768637055
268267,277.4342637185957
269268,268.221200679095
270269,289.46381004505383
271270,314.44628983977424
272271,281.96753060133574
273272,292.37424848241886
274273,95.7350720522054
275274,298.32333223951207
276275,278.22723780245815
277276,276.8311810848324
278277,308.69274229614996
279278,301.07590345334984
280279,311.01588597970516
281280,281.33426752579084
282281,138.469415776784
283282,300.6260533155646
284283,277.4397286404111
285284,280.7474871775782
286285,283.3123970863425
287286,311.1809161545446
288287,303.62984036919534
289288,286.5692075915521
290289,299.1114985743962
291290,220.8342827087095
292291,299.60888387492014
293292,282.7174096083361
294293,298.93581620753463
295294,280.9187249839415
296295,268.77550044675866
297296,302.9685808582822
298297,310.8732338141449
299298,226.826104782681
300299,272.85148177730247
301300,282.24883088588547
302301,302.8647026056054
303302,287.6999795831051
304303,279.2059853158555
305304,207.42891179207032
306305,281.00312151362596
307306,316.668760479842
308307,167.54938761209138
309308,305.9410237260041
310309,299.4984680625035
311310,302.83040541108375
312311,301.0678089942969
313312,308.15927065652807
314313,274.96276907675224
315314,309.7679471505372
316315,279.3616462150464
317316,307.389925845926
318317,317.2079315377994
319318,57.97887543930792
320319,293.55266400504655
321320,306.68226304024734
322321,298.9301018980431
323322,303.73460230424854
324323,300.46184880391326
325324,304.9553139592242
326325,284.6184560473484
327326,306.69931731131146
328327,235.33069034228814
329328,281.4010275691781
330329,289.8559453794638
331330,315.00216233306435
332331,195.7891312650089
333332,331.22031922909014
334333,305.33625297242577
335334,315.4740925298483
336335,281.76505763701965
337336,298.8552993496349
338337,315.1988396125745
339338,303.43921453011257
340339,330.86315243725954
341340,84.72678548339962
342341,319.85494670911106
343342,311.32511063053835
344343,296.00578755525385
345344,295.3903213664292
346345,289.1714175708791
347346,318.88015596298135
348347,300.5921006199295
349348,299.7899196299627
350349,256.93087789112116
351350,309.7091547986731
352351,301.8334826350212
353352,278.7464643554085
354353,312.14149586362157
355354,313.7759792918294
356355,244.00625152061312
357356,308.43699398408467
358357,288.47291025248495
359358,278.92103123450727
360359,296.182231857025
361360,250.13370678046485
362361,285.35788998602817
363362,285.44164932494607
364363,308.7915224692207
365364,303.5239614380217
366365,345.3630146814068
367366,329.71064614280624
368367,319.6661337073125
369368,315.195214130221
370369,315.04216188338694
371370,307.8120756571449
372371,337.3386362922007
373372,315.0250213714089
374373,306.0429487324292
375374,300.19280519074897
376375,298.50852395981536
377376,316.7096093410353
378377,337.63822251024845
379378,282.2798334434471
380379,331.5919294806872
381380,332.83019577494133
382381,314.063017817172
383382,16.387435522956686
384383,303.84154815039017
385384,319.6220438238953
386385,330.3771815287468
387386,321.47973976518534
388387,350.4917960495083
389388,328.587942059202
390389,354.64667788272203
391390,331.473651450438
392391,217.7616897561682
393392,339.6992085183876
394393,262.62172769785155
395394,333.0633909501799
396395,342.28918325504765
397396,138.02726577910073
398397,356.48723245838215
399398,329.41342328154013
400399,336.12731465064445
401400,313.84548162939643
402401,333.52644088292664
403402,337.42198915048243
404403,349.7357267783736
405404,40.939819032081225
406405,164.43110783243782
407406,338.9026909902186
408407,335.9317424608492
409408,329.000460077418
410409,313.9391575121293
411410,308.5994094982241
412411,335.62109221659205
413412,323.0824330252816
414413,313.8423932832297
415414,317.0838887321267
416415,315.0581983514246
417416,305.98197934317227
418417,333.7985160460433
419418,342.53395007572067
420419,354.9514479937488
421420,194.29133508101373
422421,354.1907767057131
423422,324.8064377565754
424423,270.16550955191707
425424,341.3050274044671
426425,364.69455997548056
427426,51.89632390815756
428427,250.8826183813275
429428,195.61832527479527
430429,227.80744172305555
431430,231.55285974598016
432431,104.00953136249795
433432,330.3256420034648
434433,330.5094158874243
435434,321.86625282228925
436435,334.97334104163514
437436,330.0990854134264
438437,345.665596126289
439438,326.56238380080686
440439,303.5739516312463
441440,333.8593986491324
442441,183.23317985069997
443442,310.68461651800044
444443,332.9018443030168
445444,345.81992962699314
446445,345.2128238869046
447446,295.53940409439014
448447,338.01195264932
449448,319.9136569652335
450449,345.4942935614498
451450,332.43760254769626
452451,343.5239266596643
453452,341.6415053212176
454453,341.8383366031208
455454,339.18131182094766
456455,254.7941184166634
457456,278.21663470314786
458457,300.975560930416
459458,224.68104183169388
460459,332.8482700952426
461460,330.52392302087446
462461,350.38017809979766
463462,336.5548946714536
464463,340.20528069489137
465464,229.05557453256174
466465,358.86202446790674
467466,354.88092750241003
468467,353.776673864664
469468,335.1742203413141
470469,333.59712322814704
471470,340.89604329969336
472471,335.5566189313778
473472,319.9014610466858
474473,331.7250774726398
475474,314.5594733602554
476475,343.9553285990987
477476,320.5423294017121
478477,296.67287725484357
479478,197.97568778612253
480479,321.827523920404
481480,317.28340918493535
482481,289.95653031433494
483482,55.95507644230148
484483,339.9280815758643
485484,317.9169746818535
486485,351.49603590580074
487486,313.26202470688827
488487,75.54572062546711
489488,307.23309265598533
490489,329.40481199373016
491490,318.8475404916532
492491,335.7826495862294
493492,353.109578385135
494493,359.05249948282017
495494,349.7010630470431
496495,360.82643964806005
497496,353.75226245150594
498497,319.5348726904461
499498,371.6969395709555
500499,339.97050230065275
501500,303.6642568550094
502501,343.6167309836088
503502,339.8029463267579
504503,324.05366498019487
505504,334.1786268273514
506505,344.1619110558582
507506,353.23235154786255
508507,297.44565829488283
509508,355.2469088567578
510509,330.1642019939434
511510,333.66815123862824
512511,305.14155587077926
513512,346.05827819407267
514513,299.1908789781404
515514,287.16286302040083
516515,344.59142759663615
517516,315.9833785797395
518517,338.6603147554295
519518,349.813764889201
520519,267.7049842432361
521520,328.221044776394
522521,317.4688419309301
523522,326.903324373087
524523,359.7994402204355
525524,295.04974603226725
526525,335.9997493279463
527526,316.5993262397138
528527,240.18587667811167
529528,352.8939309507917
530529,350.8375242829187
531530,316.30567888523643
532531,327.2858901747378
533532,326.75530253628256
534533,333.28506694465943
535534,297.09396471720044
536535,328.5178664243545
537536,318.5807517646524
538537,349.2459034002092
539538,300.5433652996806
540539,247.83892754765583
541540,297.85419964475483
542541,365.25671918730296
543542,87.8694417083339
544543,367.1146909498524
545544,326.22873956388696
546545,153.7145224425672
547546,325.71292274072204
548547,335.2346478372111
549548,363.7525035184153
550549,339.2319076999126
551550,301.53295021313596
552551,366.0653191457745
553552,326.01240032675656
554553,265.23822501590433
555554,323.350118813485
556555,96.54730636748695
557556,328.9754905757993
558557,347.67870182331916
559558,332.3775892923663
560559,337.83881837722913
561560,335.8673652711167
562561,350.6340433463989
563562,317.29981195668404
564563,331.3124943928951
565564,312.6546640107596
566565,340.0856451864473
567566,353.62711395858884
568567,313.09504656323924
569568,168.65160375936713
570569,331.3245676334766
571570,252.46298034496937
572571,343.08879700885853
573572,232.35631856623363
574573,329.9166428729413
575574,301.13677811065645
576575,265.33193410498563
577576,147.79597202460403
578577,248.65787935489772
579578,307.5373844412168
580579,349.8148040357759
581580,261.47761630887805
582581,293.3448323103788
583582,350.4766353089657
584583,331.7193042704587
585584,309.3416650523239
586585,343.15487973989946
587586,367.31712773159785
588587,278.89821320947345
589588,319.8199466852527
590589,309.93219491191536
591590,328.0123896217353
592591,346.8436298810966
593592,365.4982616502371
594593,336.38951791774855
595594,295.42271424838447
596595,258.63489107129584
597596,301.28295595523593
598597,323.7314950866056
599598,342.4181893472698
600599,261.50886066655414
601600,329.03819824663435
602601,296.3971746502477
603602,340.3386982082872
604603,338.3601855587733
605604,61.68750090819313
606605,371.82079684130605
607606,266.3958211463868
608607,308.2181559188196
609608,212.00131633451846
610609,312.87035711880344
611610,286.9851958769624
612611,349.7351160679353
613612,317.9830041625972
614613,332.0655211197565
615614,286.7746173709625
616615,324.514242655797
617616,298.50273993596454
618617,285.28202295069843
619618,317.41334417194156
620619,36.37288113162138
621620,200.60054569739918
622621,332.91637037139424
623622,195.9010971845503
624623,259.1438858857176
625624,315.7978496752082
626625,302.75920748476375
627626,334.09043124246523
628627,315.09235285770376
629628,320.04447337364263
630629,308.36045347290377
631630,234.9858864696052
632631,331.72148817774183
633632,290.5434442265772
634633,319.4032573069512
635634,264.8555320815764
636635,299.4624943329634
637636,277.2954616238399
638637,237.91529003634847
639638,321.1110000306714
640639,264.2945278051491
641640,275.25539408758766
642641,291.84633993435364
643642,209.51522043525875
644643,325.33024732521875
645644,288.06738078825975
646645,332.7985422491524
647646,20.034177479035797
648647,284.13292415928726
649648,204.44467364265296
650649,19.888010056211076
651650,140.11078122514644
652651,237.215464134762
653652,239.1125781519361
654653,87.57025597597979
655654,254.26646042544908
656655,230.22510949119416
657656,217.84630988836207
658657,309.1909344988502
659658,175.11794049080925
660659,284.2052967019134
661660,293.5956612772324
662661,337.6120152690891
663662,226.5105245358898
664663,295.1474395349968
665664,300.8577864834957
666665,242.45044112913908
667666,283.1494979980038
668667,263.9424242776116
669668,259.8896357822776
670669,309.46554615367785
671670,130.5676606468962
672671,268.8912023157785
673672,264.85584350676857
674673,294.1213883744568
675674,293.64838598814373
676675,284.42190555886503
677676,190.04016459204473
678677,307.6110835000481
679678,276.43302834655134
680679,261.1420608160438
681680,294.8744142369258
682681,243.25068598542788
683682,288.9442385627724
684683,113.18212013549036
685684,133.94390718338056
686685,188.85147719072646
687686,321.2864197046657
688687,207.992587976698
689688,335.4920966933914
690689,234.0030275412639
691690,231.78396908084076
692691,273.2980126929366
693692,269.7411593884492
694693,235.6132045123824
695694,184.4796526079663
696695,258.2689864163683
697696,168.74089115691115
698697,265.4252845015454
699698,95.4040744105745
700699,272.08550355949507
701700,300.7805372076283
702701,222.1840846790386
703702,322.9282897997618
704703,72.53630010274814
705704,269.46514240514534
706705,207.27910835468478
707706,249.99674290945126
708707,298.6158473779123
709708,293.0391413056941
710709,137.01176240564845
711710,309.05692814018187
712711,320.3463534127568
713712,249.3861696176671
714713,158.99734159382945
715714,246.0482367038529
716715,330.7527657326896
717716,310.5026051137769
718717,319.95159859813185
719718,362.05834016534334
720719,246.23845930615437
721720,268.183783255658
722721,316.14732505006305
723722,335.823702060666
724723,264.8737483871597
725724,296.68729098785815
726725,68.43802742811945
727726,310.3565825570762
728727,297.54662895342784
729728,332.23078570409626
730729,275.2328069341917
731730,362.82379536845156
732731,224.66051066375107
733732,242.88804742558995
734733,239.1757957358237
735734,247.98111572973568
736735,317.6615273176214
737736,192.8809134136066
738737,301.0243154047494
739738,185.2342235855378
740739,347.78627620432707
741740,225.6612996925338
742741,251.30959406795415
743742,311.6760010703219
744743,318.2257362314622
745744,283.35720470836714
746745,325.78286722459166
747746,308.1176048829064
748747,272.1554027482821
749748,309.50070635062497
750749,344.5369190810885
751750,263.8391341908602
752751,318.9768305289223
753752,295.53259707181684
754753,278.92429392259874
755754,338.56280551847743
756755,305.50065317201296
757756,216.12286756798264
758757,303.1370260389813
759758,202.5910680099321
760759,232.70934943053078
761760,318.1919812429415
762761,310.6161088700559
763762,295.59882227725035
764763,268.00022098363485
765764,322.7763406967296
766765,343.75063411438384
767766,279.9989696284437
768767,311.24964911365123
769768,128.08765659379156
770769,274.938755568667
771770,275.8620282627568
772771,159.59274934875623
773772,287.1819335637223
774773,313.41926688940407
775774,312.2001803135881
776775,298.2147072384564
777776,210.03368181940223
778777,286.0443698833611
779778,290.517986416287
780779,319.6087986838077
781780,312.7814627653129
782781,279.5859504915833
783782,211.90693623652632
784783,290.2306095098249
785784,267.6026729436425
786785,337.15275257853835
787786,33.37592302282755
788787,269.9648506319818
789788,272.87147117534164
790789,269.63042342539603
791790,313.23905624568573
792791,312.6789481437348
793792,298.91825788833006
794793,227.71970108543672
795794,281.767877720315
796795,289.6146581293392
797796,300.1182304080549
798797,327.8266879611855
799798,302.82281580440485
800799,318.66308742002747
801800,228.79558906676436
802801,272.4525310675896
803802,301.0918490102916
804803,323.2025443670733
805804,285.9308215970968
806805,318.84864402558446
807806,191.79247659251175
808807,339.07668858570327
809808,325.1979726762239
810809,306.2475099033622
811810,96.60850322306511
812811,277.3245543176128
813812,313.75943846356114
814813,294.8229812236575
815814,292.5143382785219
816815,260.9714946313735
817816,340.72828594814945
818817,316.1040119871298
819818,329.9574117664955
820819,310.8025325433279
821820,314.2940057237284
822821,336.474150580037
823822,242.1910754565639
824823,176.27583126432324
825824,319.41442907564874
826825,357.90458648233994
827826,332.0609998371164
828827,336.32831424838076
829828,309.03125925091473
830829,206.55268550078026
831830,254.86363019629246
832831,310.74337153111543
833832,332.79760522997145
834833,284.873522728793
835834,352.4157998708414
836835,295.02019644822184
837836,369.69064190305636
838837,343.1752524136547
839838,309.22984509385003
840839,326.8972301131639
841840,314.34598893520314
842841,213.54852445711194
843842,88.32627425961415
844843,217.92768041688697
845844,248.8704469937328
846845,316.9949447286866
847846,337.81982479561674
848847,295.7708397881511
849848,278.0579906752269
850849,338.05529465976866
851850,342.17064849422695
852851,262.7702303108288
853852,300.9133578214256
854853,301.7117729546079
855854,320.5763153765547
856855,290.1872888876964
857856,329.63771491965684
858857,329.68747795172396
859858,290.63057207449765
860859,304.69182309465265
861860,292.75839140561874
862861,196.5426714471287
863862,313.9137441847203
864863,212.3629699718998
865864,122.24893650695715
866865,264.3089297653205
867866,312.85602346402834
868867,349.2698263581273
869868,292.7778310783874
870869,313.9130501811339
871870,334.10607303285155
872871,316.84253975026627
873872,318.02139974929577
874873,323.23017583346126
875874,180.50111692657813
876875,193.03324360665792
877876,247.26233403022715
878877,346.0779982154492
879878,205.14398400058948
880879,293.36140014517343
881880,88.319018836419
882881,320.76860606967847
883882,330.33422272379534
884883,77.30821972428186
885884,335.26870557356835
886885,267.87277353514037
887886,188.60211213508495
888887,279.5463825986223
889888,297.1834677460584
890889,320.90392985084014
891890,191.49049710820893
892891,317.15917694745264
893892,345.60612894663205
894893,312.59938035764253
895894,300.6410008888
896895,272.52985574326976
897896,259.8533390332743
898897,236.92391897036552
899898,349.43229808637244
900899,300.8304736134388
901900,63.596021813031356
902901,307.4130539860456
903902,357.5341964463584
904903,288.7306582536279
905904,313.31357989703815
906905,372.59334801689033
907906,275.5592603042126
908907,311.1259345252894
909908,302.75368171708465
910909,267.2576560027243
911910,282.46392128124427
912911,305.1130020110916
913912,310.45091334055707
914913,328.68607965398513
915914,308.639330469207
916915,333.8264691880494
917916,312.9288755717077
918917,303.4904452280211
919918,298.04997312252584
920919,316.46035935877296
921920,343.89935313645685
922921,329.33201872595373
923922,325.9106037082165
924923,22.118807931418527
925924,329.436607383047
926925,324.21972410362724
927926,303.27344526527213
928927,25.642282080727078
929928,297.60227973455625
930929,293.2606897516007
931930,349.40705611677424
932931,295.67997315984843
933932,318.41195963845007
934933,296.8920247750135
935934,295.7911327460737
936935,322.12501295098787
937936,305.4828904648906
938937,337.24862958483595
939938,324.1092633734659
940939,307.7940422743506
941940,289.17643853893634
942941,317.3263193039718
943942,269.3051981778342
944943,331.6758462251881
945944,299.60353431587873
946945,126.35562554071952
947946,316.56441204281623
948947,310.79052809860355
949948,35.95714029071797
950949,305.27747940665944
951950,259.4141636768265
952951,281.91510536282703
953952,287.22384174878425
954953,293.7940526958836
955954,341.0025342136781
956955,319.0738307195006
957956,274.3627324156904
958957,309.0579387720121
959958,301.334124504867
960959,335.16284393580065
961960,291.89913990448787
962961,308.7298545712177
963962,302.2931047070252
964963,289.9062110149267
965964,327.3719602434782
966965,267.45008978899807
967966,339.5191155845823
968967,338.91353759636775
969968,303.8552350796378
970969,343.4736021104487
971970,320.90870893234415
972971,326.5140687561673
973972,316.79347335993964
974973,282.2792918179977
975974,309.91737678465887
976975,309.20498682592364
977976,332.8858509787757
978977,324.63885328351205
979978,325.55737757864364
980979,325.5610710347914
981980,353.4281579119904
982981,294.645767856761
983982,335.1044212430023
984983,332.43235989214577
985984,311.5376224402758
986985,339.05635387840186
987986,307.4705325692175
988987,315.27624515221703
989988,60.20697783273539
990989,283.0152807221158
991990,325.6277613475721
992991,320.8917216545394
993992,307.2400947389186
994993,312.32154614613415
995994,326.2773778987253
996995,322.25389946750937
997996,318.4546370727
998997,301.7270711772958
999998,329.63304135773586
1000999,343.70541450794934
1002000,307.56468631634164
1003001,294.99861216223144
1004002,354.97736372767514
1005003,348.87841686934945
1006004,318.42850900426924
1007005,321.197707512925
1008006,320.10114509890747
1009007,307.6965214332329
1010008,341.83575325688116
1011009,338.9444054860198
1012010,307.99794539396595
1013011,328.0007853539455
1014012,321.1490981488099
1015013,292.40490794956577
1016014,290.13682201774185
1017015,347.20696681956974
1018016,299.12634185883206
1019017,303.20782456413076
1020018,325.72061597485924
1021019,312.1456709023758
1022020,278.48218376986114
1023021,288.3786845290243
1024022,343.3135287058583
1025023,322.5185415243195
1026024,308.3405819976593
1027025,269.19715126232103
1028026,359.8366857843763
1029027,348.6171293806702
1030028,283.890428575823
1031029,325.99551806526813
1032030,315.23848853278156
1033031,322.0390338693745
1034032,53.767517371805575
1035033,276.38322623612356
1036034,356.09521363222456
1037035,313.1762064457598
1038036,331.1409300965455
1039037,340.85833780037916
1040038,332.17683495713646
1041039,325.7359703558387
1042040,289.4653913230628
1043041,311.21489015867013
1044042,26.261120177952844
1045043,339.411248021339
1046044,291.0576979406946
1047045,330.92238373756805
1048046,351.5870714352135
1049047,330.3690635707744
1050048,334.2287204165408
1051049,314.7820854305122
1052050,299.3363399622463
1053051,322.33020922846293
1054052,362.8285257010736
1055053,321.79118363120233
1056054,342.52615826002835
1057055,327.28515237318305
1058056,312.910085824439
1059057,324.6627694992455
1060058,334.0565360135482
1061059,324.0767945007265
1062060,323.04481588145904
1063061,316.61232209950316
1064062,281.4920600586853
1065063,325.50715735692455
1066064,341.23096266800286
1067065,332.4986061410679
1068066,317.1366332003864
1069067,315.43690721601723
1070068,301.23934281192106
1071069,316.752803500869
1072070,284.6428551373402
1073071,327.6273713939196
1074072,323.89898665590766
1075073,307.6309228180648
1076074,350.4080210466748
1077075,278.8671023908658
1078076,313.93656453695434
1079077,336.4128105431271
1080078,306.9472272546688
1081079,336.6320371153112
1082080,334.0448502321947
1083081,346.876117774172
1084082,315.5130645987287
1085083,292.7965448402204
1086084,240.64555557930606
1087085,308.70119056195074
1088086,322.086417316006
1089087,319.3325414064589
1090088,319.6835930618166
1091089,265.0388964590091
1092090,286.68400777468077
1093091,306.9640757415231
1094092,327.16070185652154
1095093,307.6722537210105
1096094,295.2468301865607
1097095,308.54853583552233
1098096,324.14393113845966
1099097,321.7346143994149
1100098,315.42211630360885
1101099,283.85157550259584
1102100,301.0836784880611
1103101,308.8719088008361
1104102,91.3905444205237
1105103,322.7791168595299
1106104,307.2325722022041
1107105,304.6258595154375
1108106,311.27790365082933
1109107,276.6852645735167
1110108,283.0723787852078
1111109,334.4556331196717
1112110,338.9564429878672
1113111,287.5508474511125
1114112,286.78351553293294
1115113,286.1847738898081
1116114,293.63385564037856
1117115,302.5574288553189
1118116,242.06233472156768
1119117,339.70998747982617
1120118,315.66360438304923
1121119,295.93679651225796
1122120,331.679654230611
1123121,298.78157072625874
1124122,323.79208117883894
1125123,283.54656180980004
1126124,279.8152189772921
1127125,359.5114244251478
1128126,305.9584784194191
1129127,222.722012247984
1130128,308.0619640318358
1131129,327.78890004387995
1132130,281.7917605463454
1133131,294.12761724615933
1134132,303.47291570309653
1135133,297.1686281206744
1136134,316.1085748128149
1137135,338.08549500660723
1138136,325.5451798486854
1139137,30.290731955432328
1140138,311.06111359978735
1141139,286.1382986068502
1142140,309.4123120013322
1143141,308.0711990901584
1144142,274.88498483811907
1145143,300.59120840011326
1146144,314.1141253519999
1147145,295.4080856398585
1148146,154.64607254192373
1149147,293.77718205829774
1150148,322.3043009276572
1151149,273.3753065559044
1152150,323.04675115736035
1153151,293.6504591501684
1154152,319.88441990267376
1155153,32.46164409960457
1156154,303.1596407368024
1157155,334.00349739007686
1158156,331.8407165157262
1159157,313.15298989516725
1160158,281.8283389151146
1161159,293.4225798808838
1162160,22.260613889580252
1163161,330.29190365209223
1164162,290.6099319294446
1165163,305.87819064605037
1166164,354.8282468336888
1167165,334.7973614923408
1168166,327.21006873873813
1169167,302.2786158866692
1170168,299.14087952790027
1171169,316.4819052837105
1172170,293.255838524508
1173171,309.247227340157
1174172,315.8385703964753
1175173,338.2910189379106
1176174,292.6317871786056
1177175,276.0014191636938
1178176,297.1940409745724
1179177,359.13586054408785
1180178,49.020785595422616
1181179,317.3479388120248
1182180,19.771203165908585
1183181,303.5007177420106
1184182,18.79295867409521
1185183,220.99197160320404
1186184,276.1013297808701
1187185,297.89414357644046
1188186,311.4708066236689
1189187,320.1263321120232
1190188,246.4867634168511
1191189,344.22004818378906
1192190,325.13335606747376
1193191,338.2679948146178
1194192,330.7850210585981
1195193,272.7152221418668
1196194,293.624337469897
1197195,68.19647876757075
1198196,327.8719999412482
1199197,310.1735615720509
1200198,167.27845101293343
1201199,289.7663139813664
1202200,362.1882835068897
1203201,300.9734111876903
1204202,288.83683920107615
1205203,300.7100255503161
1206204,270.2697041598721
1207205,299.8272429066289
1208206,227.3148729129504
1209207,355.5708563873252
1210208,171.61164462709712
1211209,287.697279131766
1212210,272.48369141875156
1213211,141.2099767526261
1214212,342.5693021449858
1215213,206.2523911723484
1216214,315.30034165478713
1217215,305.4088737634772
1218216,203.4213681467469
1219217,309.9648053258562
1220218,26.540177959539637
1221219,31.653187197812088
1222220,226.51947383021962
1223221,308.1509366648879
1224222,319.93548073293596
1225223,262.45547334385856
1226224,335.8094552401774
1227225,154.06143213036242
1228226,339.6956488298864
1229227,256.6492349941432
1230228,290.1603190218694
1231229,326.2587752007116
1232230,295.3640501662169
1233231,300.42743449046696
1234232,110.18399568675557
1235233,333.9395269384641
1236234,305.38509879214314
1237235,121.0526226466176
1238236,314.9713870905239
1239237,276.63456100118947
1240238,233.31929067658044
1241239,355.54219139578225
1242240,309.43226580433634
1243241,339.27273337247647
1244242,314.10249707937777
1245243,232.97057159086128
1246244,235.40462977500343
1247245,326.72771971746675
1248246,150.8543556319833
1249247,134.24785903056016
1250248,371.275436096056
1251249,339.21877046586405
1252250,344.39697844598703
1253251,273.1894020351986
1254252,319.00854563631367
1255253,329.18820791904704
1256254,116.7275550620855
1257255,341.43043834043243
1258256,327.6275991602948
1259257,342.6360955706206
1260258,307.07519754895173
1261259,196.85737902974276
1262260,24.424682469502404
1263261,311.54002554942383
1264262,326.36983134408763
1265263,76.89699461524489
1266264,358.7269308241168
1267265,304.574420445532
1268266,280.61507189217247
1269267,20.29812720040752
1270268,13.870373583151908
1271269,20.521295681464654
1272270,240.72842049689496
1273271,322.9231112437659
1274272,19.789538069461237
1275273,279.5847350823317
1276274,330.21636344387
1277275,320.9871829860233
1278276,39.871061598330286
1279277,171.42214948456365
1280278,218.16380364692012
1281279,74.08260877629004
1282280,330.6982973336885
1283281,295.6817926043919
1284282,12.948381329862292
1285283,63.96749498670729
1286284,22.791378106290427
1287285,303.4129571936396
1288286,308.9272361327752
1289287,291.0742828085213
1290288,248.61915563777296
1291289,284.0596272522053
1292290,74.73077978056358
1293291,317.6019541120067
1294292,294.8790123997314
1295293,306.272038412184
1296294,204.58832047282468
1297295,228.4770419301682
1298296,310.6477321671352
1299297,298.32116427040125
1300298,314.7783618802199
1301299,291.90580124061734
1302300,320.2502864202049
1303301,288.56810655891763
1304302,276.66557828528727
1305303,242.23731107679686
1306304,291.68064504125897
1307305,283.32087660653116
1308306,283.0600402793447
1309307,306.2378370790672
1310308,49.671681519528455
1311309,287.04176610573677
1312310,284.9055749887643
1313311,263.6468678656323
1314312,295.3272001108287
1315313,290.7038989805135
1316314,20.262711100524616
1317315,323.6282169174417
1318316,213.32910199940582
1319317,275.83215582328614
1320318,269.0619618997225
1321319,296.89493135407884
1322320,304.1391299247018
1323321,307.2605882532539
1324322,278.92075885768173
1325323,308.81865402466303
1326324,278.30632284733684
1327325,296.49972714904834
1328326,314.45078041352224
1329327,257.14115594561827
1330328,306.86580807270195
1331329,325.01194200831645
1332330,313.70480761659246
1333331,300.71274844338836
1334332,312.1173105090207
1335333,332.4083099238562
1336334,273.9093032682159
1337335,270.36526732124474
1338336,289.79890376569944
1339337,256.55976175716154
1340338,293.3301645418991
1341339,302.02544493401615
1342340,290.4428860545809
1343341,306.3647709221511
1344342,298.66516125496327
1345343,292.7234107312728
1346344,295.29178056007345
1347345,303.0809025630157
1348346,275.0837867482139
1349347,316.0970226450196
1350348,327.3324715387112
1351349,331.3562278519415
1352350,319.42296038783877
1353351,247.01355541729987
1354352,273.6192918376795
1355353,287.1796883611857
1356354,307.003541626679
1357355,310.16293151934553
1358356,282.3880830581881
1359357,277.0214509776994
1360358,344.30293407465535
1361359,319.49934888199374
1362360,255.41383838495105
1363361,296.6784845782588
1364362,272.787343846099
1365363,297.9559384023874
1366364,313.36608548341684
1367365,268.762592427638
1368366,298.268122642279
1369367,328.7663636583279
1370368,317.5156045589154
1371369,299.9405711707104
1372370,267.80238720521015
1373371,280.5057363611253
1374372,292.91822279760385
1375373,297.415718248958
1376374,295.37976967078106
1377375,282.9151719391126
1378376,17.90004442495561
1379377,288.8284298603178
1380378,23.942374675475232
1381379,290.49162207028604
1382380,312.9772452029679
1383381,277.9818257156991
1384382,277.58783336292106
1385383,301.38905753114085
1386384,282.6795335348392
1387385,266.9281121155618
1388386,292.1758783786605
1389387,302.8749450651337
1390388,314.26681520634094
1391389,290.68021986685795
1392390,303.6642312689127
1393391,313.3542474033436
1394392,315.4594104354801
1395393,303.19029352716404
1396394,312.8759315007325
1397395,23.607448362819643
1398396,307.29205279264767
1399397,277.35221872577483
1400398,271.80387424464317
1401399,291.30931760828094
1402400,316.384119863237
1403401,291.8986868474671
1404402,304.42591395351405
1405403,195.78579528228556
1406404,290.38546737631617
1407405,23.311215554305303
1408406,300.5080091043587
1409407,291.19557459729424
1410408,270.46907673616545
1411409,296.3974507088943
1412410,308.2613363444973
1413411,288.1528683649867
1414412,306.70769976755554
1415413,300.18957859109776
1416414,317.1509932020289
1417415,285.81661921075306
1418416,301.3870596475495
1419417,286.5498482812761
1420418,246.36003131563675
1421419,248.48058515619792
1422420,316.06422800106577
1423421,144.86028627326655
1424422,303.3785188625554
1425423,316.3574969320969
1426424,29.82135036050136
1427425,297.10008121181653
1428426,285.21424300429317
1429427,174.40928531433008
1430428,22.393258855074702
1431429,101.481066620912
1432430,274.95055923172265
1433431,333.158963185403
1434432,319.3490634185098
1435433,281.8795879127241
1436434,18.367059851824727
1437435,289.57053332296755
1438436,278.9245398396733
1439437,27.761375755387803
1440438,266.8819266157382
1441439,114.05337478897327
1442440,291.2881379753381
1443441,328.379686885724
1444442,328.7964639993373
1445443,19.19292531599106
1446444,347.753428899941
1447445,330.7821412935045
1448446,322.20029508346516
1449447,316.5133916900316
1450448,19.900774175227028
1451449,276.50408830116794
1452450,318.0279622356525
1453451,26.453053176864376
1454452,228.70618820300336
1455453,334.276874689873
1456454,42.400273186820094
1457455,16.87285979440475
1458456,333.5514665772324
1459457,341.61105400264796
1460458,299.8114010095009
1461459,285.6001062340586
1462460,25.55094944616701
1463461,244.53393370023468
1464462,302.41375175593026
1465463,335.96447991259646
1466464,325.608769370916
1467465,335.7268633284348
1468466,311.69727077940973
1469467,156.9669039611994
1470468,321.226768009755
1471469,241.84694588796881
1472470,63.31861360752708
1473471,334.342396327461
1474472,276.60755941055106
1475473,324.7085197244759
1476474,320.53259655768727
1477475,322.22629146682704
1478476,228.75037959703056
1479477,337.6397646768775
1480478,314.11854053969347
1481479,313.1993550146292
1482480,321.84832660725453
1483481,286.4560888746947
1484482,305.01197145116925
1485483,366.29324350254154
1486484,338.0453459769475
1487485,344.0802090696984
1488486,318.35810109465365
1489487,280.9251789910252
1490488,342.3571249461218
1491489,354.03949147310004
1492490,329.02018622454625
1493491,336.5174085160331
1494492,319.6461094042306
1495493,124.82147483397688
1496494,236.77307543757175
1497495,355.5267175547548
1498496,235.11780957229854
1499497,330.06324934775915
1500498,308.704643599217
1501499,26.868131790263508
1502500,334.238658341458
1503501,301.17102539002235
1504502,27.345128669639525
1505503,328.17953539120856
1506504,324.965617801491
1507505,39.7467680933943
1508506,18.889698114778483
1509507,51.61004993278329
1510508,45.56291855060997
1511509,149.84109740789492
1512510,132.98293342109312
1513511,155.9355767746254
1514512,322.9429261518424
1515513,303.0338396636388
1516514,330.8574296254749
1517515,344.2760414223935
1518516,352.66604814617205
1519517,360.57830735186695
1520518,51.984472111990485
1521519,320.0682842139099
1522520,26.923102607602438
1523521,354.6481655448912
1524522,205.9329825382787
1525523,19.16833551687683
1526524,285.18936986149026
1527525,387.75238706195466
1528526,369.67699049778753
1529527,44.677785875877156
1530528,282.23804455189827
1531529,323.99735220557227
1532530,253.05233714993562
1533531,326.1703698376843
1534532,362.6658054477803
1535533,319.39449509354745
1536534,349.73811292541154
1537535,93.69507226074136
1538536,18.89382184178525
1539537,336.1235098642458
1540538,282.56756928900154
1541539,310.76223269330205
1542540,264.8288632518913
1543541,347.8779988996645
1544542,299.1342965981835
1545543,372.0098240617703
1546544,243.29265932212076
1547545,50.135994141177505
1548546,40.9651389837625
1549547,288.17793506992024
1550548,332.3537965729689
1551549,40.047192387640834
1552550,315.2474329608608
1553551,327.9447260675721
1554552,58.75122309016404
1555553,350.51074450326456
1556554,347.7413434051316
1557555,353.5891768602095
1558556,314.9517581640123
1559557,354.8382079898632
1560558,315.5104255894642
1561559,297.58764987422177
1562560,323.07224108526907
1563561,81.46544780916078
1564562,55.84972821754178
1565563,366.60409175186794
1566564,151.21192699642785
1567565,156.94214202230987
1568566,217.2070101279033
1569567,339.66363462202
1570568,234.18104322904514
1571569,337.0364773018812
1572570,344.60973074724177
1573571,325.1279294337001
1574572,374.07713606781687
1575573,337.091662644523
1576574,379.22378006242826
1577575,361.7078277180733
1578576,230.65047106830423
1579577,40.27782280533511
1580578,354.76960040439116
1581579,163.74461080113903
1582580,357.95471982661127
1583581,360.05733815948696
1584582,355.71184031029986
1585583,59.37188611158736
1586584,328.1031110674178
1587585,351.2926757123478
1588586,358.5881225004085
1589587,214.5736213001761
1590588,334.42637305326537
1591589,253.9148241437796
1592590,295.20693555765
1593591,337.2740836797594
1594592,332.59341345135596
1595593,41.06474266321686
1596594,77.06521179270919
1597595,349.7281127661824
1598596,347.9075950276771
1599597,347.0693471297318
1600598,294.7324400703127
1601599,191.64521880946307
1602600,310.76778607836354
1603601,297.29345724947484
1604602,343.13335285064835
1605603,275.5194801621668
1606604,349.28783652359016
1607605,231.25465555501134
1608606,31.763490476878147
1609607,98.54421477950979
1610608,317.0312318313334
1611609,290.06343807798254
1612610,310.9074714388808
1613611,326.26049020767783
1614612,29.642783795149494
1615613,330.0391446046105
1616614,141.71528347909054
1617615,358.9604960351776
1618616,318.7929404200531
1619617,343.841078185029
1620618,356.11358228734235
1621619,313.3043875408835
1622620,262.0469709738433
1623621,25.658703002124494
1624622,263.89175551079325
1625623,295.69251922559727
1626624,330.17100163878126
1627625,264.1841720411354
1628626,244.1676380880755
1629627,144.78640117236398
1630628,325.13202224030755
1631629,279.7151013997188
1632630,327.38791016711343
1633631,348.1438768116241
1634632,330.57203306810425
1635633,304.78823451349143
1636634,314.1790300354854
1637635,343.0238857182382
1638636,312.87981137105896
1639637,305.80560485011546
1640638,241.7152374481327
1641639,359.5392545588837
1642640,295.701883756108
1643641,353.8633669823274
1644642,351.50283426390865
1645643,334.1009302256197
1646644,290.2164189559347
1647645,332.09064458760696
1648646,351.23580370926885
1649647,315.7507776179332
1650648,90.16275270410705
1651649,268.249931208413
1652650,350.4635081571771
1653651,352.4394387259609
1654652,343.1075855803332
1655653,329.71800605875626
1656654,307.81579152468623
1657655,328.34029872469733
1658656,297.7021115478347
1659657,235.5074349995362
1660658,273.5919228479489
1661659,340.3797916690261
1662660,351.30106986338956
1663661,312.2257848244225
1664662,309.7455228119638
1665663,230.55143794306616
1666664,331.6111992899462
1667665,335.86987332821076
1668666,326.83022153730144
1669667,279.1988805518576
1670668,338.5606779023551
1671669,370.2999059414885
1672670,324.17391190640274
1673671,358.0336982006379
1674672,310.04647560164915
1675673,304.8149408080596
1676674,313.07807514264135
1677675,342.69731641629267
1678676,316.410381764137
1679677,265.04327351338867
1680678,360.6078643463865
1681679,357.3597499492365
1682680,360.04619422908894
1683681,338.7763199834665
1684682,335.7706792140121
1685683,373.1869234669035
1686684,120.83817725092905
1687685,341.9819822757501
1688686,269.59684225493476
1689687,335.9067138903058
1690688,288.4752045075144
1691689,350.50361684519663
1692690,361.20470199799365
1693691,304.1169537600295
1694692,305.8920286645644
1695693,351.5968702888469
1696694,329.6650931619191
1697695,343.7449207141854
1698696,165.32228372282998
1699697,348.0853081695448
1700698,337.3951914702465
1701699,360.63987329503084
1702700,367.6990829370616
1703701,337.65788995077935
1704702,322.5778552326826
1705703,344.2720965255619
1706704,353.71603525556736
1707705,139.84271350792434
1708706,311.9512157375923
1709707,330.24627239989354
1710708,313.52329611844243
1711709,206.00714842029052
1712710,375.39737357285884
1713711,356.91933555759397
1714712,353.2495692605344
1715713,43.25851662033757
1716714,352.7312036226242
1717715,279.81179651758487
1718716,334.6416457825822
1719717,355.60852114706967
1720718,315.4201703081262
1721719,336.8150160164617
1722720,218.26160980967057
1723721,326.58580614390604
1724722,376.9604081007635
1725723,348.78269065409194
1726724,75.06606584300877
1727725,314.0302199102386
1728726,379.45958704359015
1729727,336.14788298783395
1730728,356.82091738417915
1731729,331.9167076666286
1732730,364.7809201621747
1733731,322.11586074216433
1734732,245.3988422078445
1735733,377.4829951288481
1736734,308.6143687487749
1737735,359.755462640613
1738736,337.9372422423969
1739737,363.0400726265414
1740738,399.5542262480835
1741739,335.71541237802455
1742740,344.3481896124322
1743741,357.0417874560041
1744742,281.0336341271807
1745743,348.16333080370197
1746744,337.9473264002424
1747745,331.009396557757
1748746,355.46275033048477
1749747,359.506520312729
1750748,335.0621667468562
1751749,375.6820401398762
1752750,355.3470501606626
1753751,360.1237128921375
1754752,356.46437874495825
1755753,265.97617422788437
1756754,373.31114730266535
1757755,337.80408765120694
1758756,376.4102060500442
1759757,270.92380812767806
1760758,229.26699100481122
1761759,354.8245782947326
1762760,364.1203672068472
1763761,329.1523011722758
1764762,323.12052997333416
1765763,356.53920205289006
1766764,267.71985288738443
1767765,298.7544055267824
1768766,376.3785195665996
1769767,370.7131881371889
1770768,354.68378099237975
1771769,340.9933450273143
1772770,290.429905893626
1773771,343.2567539002507
1774772,307.7179738493788
1775773,301.4989090692925
1776774,330.37864947635063
1777775,315.1440104611665
1778776,325.33746814199213
1779777,202.02742654522018
1780778,331.91255607729937
1781779,334.8562907670238
1782780,363.9716101015894
1783781,330.12601667726284
1784782,335.0987678225233
1785783,333.3554236310444
1786784,356.9704030389869
1787785,341.5811690504098
1788786,343.1699096788909
1789787,106.55118417631432
1790788,348.85042641617804
1791789,334.1744707822537
1792790,297.68295071670434
1793791,353.64667878648646
1794792,358.04865643130654
1795793,317.8383969188461
1796794,334.86465054881796
1797795,339.4311779518657
1798796,328.9892980954515
1799797,361.41309933828796
1800798,303.99870861632684
1801799,340.1691548935576
1802800,324.61942070219027
1803801,321.22539132166384
1804802,320.4907276504809
1805803,368.36249241725227
1806804,327.9739646245887
1807805,317.1770005546483
1808806,301.63461996116047
1809807,329.13034470858975
1810808,321.95798330005124
1811809,295.2568040241881
1812810,358.10259590933856
1813811,365.6204670641327
1814812,323.04655719248143
1815813,354.8036407116982
1816814,353.66224664441074
1817815,316.83101428723944
1818816,366.35430712854435
1819817,248.9555912003612
1820818,338.49983924919815
1821819,366.86597728048366
1822820,308.7746639346476
1823821,346.3011167853571
1824822,363.38358697979317
1825823,67.60964011018768
1826824,337.73279830246014
1827825,46.93187354969366
1828826,372.07264860734017
1829827,330.0830187681606
1830828,328.262545217552
1831829,363.61945571595953
1832830,322.0628017399606
1833831,367.7319164862514
1834832,311.4879086634149
1835833,188.52586927269607
1836834,336.777391261337
1837835,371.21731946282887
1838836,288.83052230135405
1839837,371.84703890552214
1840838,361.3437474737738
1841839,324.8647504512136
1842840,350.55858135848354
1843841,306.42165175341
1844842,304.77777831186637
1845843,318.99956068625835
1846844,329.6703116537574
1847845,315.6157677588496
1848846,172.5834387652953
1849847,346.8835861978838
1850848,336.9513613447025
1851849,330.6743392884076
1852850,353.83475160431743
1853851,333.16700135844326
1854852,304.099309358483
1855853,319.89213736778174
1856854,301.2198877259286
1857855,346.55983047260725
1858856,291.6844635673615
1859857,371.68834387740975
1860858,276.35379944983674
1861859,326.6293568853584
1862860,281.53075498232306
1863861,304.3788058935671
1864862,353.2858123990162
1865863,305.30465064406155
1866864,340.57598897365654
1867865,136.50909935495423
1868866,350.3693319493163
1869867,292.0132729746305
1870868,286.86060871782024
1871869,362.8132165250825
1872870,322.5698665627974
1873871,321.48370432331774
1874872,57.275301273558355
1875873,288.15478724217485
1876874,334.6015472284434
1877875,360.8984350855219
1878876,325.08294703948604
1879877,320.980530174256
1880878,161.9095752705996
1881879,348.5139168476879
1882880,352.69655174298566
1883881,306.38009759008924
1884882,191.40585948080502
1885883,288.8768897104709
1886884,339.95653221132187
1887885,333.4155685180483
1888886,321.4229206624013
1889887,318.14412233061347
1890888,33.788065459186086
1891889,316.1988473893315
1892890,359.25259279814276
1893891,307.0976509233405
1894892,327.71573290002027
1895893,354.7536472670525
1896894,327.4644955586876
1897895,63.32996222767222
1898896,353.69452208273026
1899897,342.0467473390996
1900898,332.0886816452386
1901899,339.64551236622304
1902900,312.4690719013494
1903901,346.2605175513056
1904902,347.283542060856
1905903,367.0562937995942
1906904,347.8351940178162
1907905,338.09539894128955
1908906,306.03452767821744
1909907,233.48294711646514
1910908,339.45440716277506
1911909,298.31546092652974
1912910,315.5561549578446
1913911,268.654988369093
1914912,156.91874144123733
1915913,64.27737119231368
1916914,130.3416674899767
1917915,292.6544678418885
1918916,341.127022739118
1919917,331.4197084966091
1920918,297.7866686935416
1921919,356.6226280626086
1922920,320.38277935309094
1923921,157.3275938983865
1924922,358.4190863425312
1925923,228.75996917254434
1926924,354.98007099293335
1927925,340.20724065332064
1928926,339.8439794897706
1929927,194.32346322754205
1930928,295.270442624498
1931929,35.12109612591669
1932930,274.1510711851594
1933931,38.64751347312876
1934932,351.2005739198253
1935933,255.38869938003532
1936934,283.93302715085986
1937935,287.9173523653993
1938936,37.373794922107855
1939937,27.202081541855158
1940938,339.42245566529954
1941939,360.6556360475649
1942940,327.4408252203908
1943941,336.1378237933353
1944942,345.9645512237158
1945943,319.5164802123438
1946944,148.45409342818886
1947945,298.76614166044084
1948946,337.7811477858964
1949947,303.1011848354785
1950948,353.3938614865177
1951949,110.33672952430739
1952950,177.67191322452248
1953951,339.0564275607747
1954952,342.90820112277436
1955953,366.72525505000505
1956954,313.7492180344476
1957955,352.80649732949536
1958956,267.39728668568654
1959957,223.7409514673261
1960958,222.47203523372661
1961959,331.21514645534177
1962960,355.7428747105905
1963961,355.81008458183396
1964962,57.71691920181487
1965963,79.70333059867048
1966964,250.09427656702132
1967965,327.09728727971384
1968966,290.20896701296414
1969967,33.42920766262141
1970968,160.70335517326706
1971969,327.96663622424296
1972970,223.37200022152393
1973971,310.4738070797935
1974972,357.91455262404475
1975973,258.5421684631973
1976974,74.21127740698743
1977975,308.3767553152421
1978976,222.74549742056172
1979977,267.68828307868273
1980978,101.87126546214154
1981979,176.58594649391185
1982980,236.63427119922116
1983981,287.73754260405354
1984982,345.94654252113554
1985983,309.9170770062975
1986984,314.74249398632105
1987985,108.25134141236263
1988986,269.57262035664786
1989987,286.0182421019035
1990988,321.23883603490947
1991989,314.8078209410227
1992990,264.38429392807313
1993991,317.3763309520897
1994992,103.67700251849794
1995993,286.2570717227808
1996994,301.0651002913695
1997995,282.3544458821058
1998996,292.03742457819794
1999997,149.3600037039132
2000998,161.1430331272081
2001999,324.08836550061676
2003000,342.2881638165249
2004001,327.9140988159487
2005002,34.76099304737316
2006003,316.22744364383976
2007004,283.4520240214213
2008005,122.51355653748314
2009006,46.295743570965655
2010007,128.25311922818588
2011008,51.05878717136065
2012009,299.5409461430678
2013010,262.74964436109684
2014011,253.01675470648053
2015012,339.92506464884747
2016013,58.098583148841165
2017014,327.91069015879617
2018015,269.2426248518949
2019016,279.2814578246203
2020017,128.54665521096564
2021018,351.914244238105
2022019,301.98543747024326
2023020,269.78223602090054
2024021,289.70399910693874
2025022,250.4273828041197
2026023,332.26960572891466
2027024,339.06373723259736
2028025,363.03121139344665
2029026,259.3593885450949
2030027,326.7363106580465
2031028,322.20448170614804
2032029,348.94009665847835
2033030,250.30833325741182
2034031,178.13067103774276
2035032,287.9817277415219
2036033,306.3357059804903
2037034,318.64916774908323
2038035,35.14643050449391
2039036,313.68793293423386
2040037,38.83688927432336
2041038,275.0990232069826
2042039,160.20550102707782
2043040,51.36010973751985
2044041,310.7255313140065
2045042,208.3748243978122
2046043,75.25277696733518
2047044,344.6015957839496
2048045,332.6838409113983
2049046,38.23379806526949
2050047,315.4034401067631
2051048,316.0918931349816
2052049,305.0119936787689
2053050,111.31027939573801
2054051,181.36120634428465
2055052,331.49005983591013
2056053,315.7065209147985
2057054,41.01212379227536
2058055,346.04162552897805
2059056,54.387528542470726
2060057,326.49844023112126
2061058,334.16606904336084
2062059,339.92267957392477
2063060,331.0982160250353
2064061,354.04627189823634
2065062,37.77499084562827
2066063,181.59475241340863
2067064,304.3765424355216
2068065,323.69871851052756
2069066,53.16409799620783
2070067,38.485156907641276
2071068,104.22508409774234
2072069,261.5375073168053
2073070,346.1001274167617
2074071,336.1650772438375
2075072,199.01619994925858
2076073,276.98346531346226
2077074,354.78749649913715
2078075,326.0786763763134
2079076,334.9884100275064
2080077,303.308165895451
2081078,35.02523361277801
2082079,48.336739549767195
2083080,336.9780589839289
2084081,235.75459529987234
2085082,346.4367336515493
2086083,332.45862319452374
2087084,331.39339417384707
2088085,37.70151702568449
2089086,209.51670766242168
2090087,339.6780928343753
2091088,179.62984828707138
2092089,333.02851363117026
2093090,263.1692111190258
2094091,27.994886470268753
2095092,23.68165217973318
2096093,355.5316722447125
2097094,326.1336282449322
2098095,175.80470455738254
2099096,315.1471692825347
2100097,135.796946655433
2101098,308.5787856766781
2102099,54.195330382023414
2103100,274.2590642825881
2104101,382.8588224256596
2105102,157.33645536865544
2106103,215.37020247881063
2107104,34.71129028475461
2108105,31.605661912768053
2109106,37.945057499477706
2110107,84.06877119341475
2111108,372.0403784736263
2112109,363.5611404499195
2113110,39.23695657705699
2114111,322.1709671515482
2115112,253.4095202228171
2116113,209.282162633003
2117114,360.72540035900874
2118115,100.49218307748863
2119116,321.1365946434158
2120117,249.9771465962043
2121118,35.98228170066698
2122119,361.13265734728986
2123120,31.60945697221417
2124121,295.92580907795184
2125122,69.00134873413205
2126123,52.98597198321394
2127124,363.3179487330763
2128125,319.05331098211315
2129126,37.342911303793926
2130127,76.32503972641715
2131128,375.75580357418795
2132129,33.800428984153854
2133130,316.56206014311846
2134131,239.72629521619092
2135132,34.01030840234602
2136133,320.3858918241238
2137134,322.9180894750321
2138135,335.7743156268335
2139136,303.9839706572506
2140137,317.6917962552397
2141138,305.2209394237702
2142139,273.4310178561089
2143140,204.09183317997318
2144141,96.1322825461677
2145142,33.20321613122863
2146143,281.7478529671792
2147144,324.1658946414729
2148145,242.42034918749727
2149146,245.01551310058136
2150147,355.85508186818896
2151148,362.48337675207193
2152149,347.64094421367747
2153150,40.95079240968068
2154151,351.9314247213501
2155152,217.11322197754515
2156153,347.9998964443899
2157154,230.54471900848384
2158155,45.1544094043827
2159156,297.84842880603037
2160157,340.65153040207576
2161158,36.182075273517505
2162159,341.95820384807877
2163160,33.734520126583995
2164161,298.630419504334
2165162,250.68732123107665
2166163,356.38145723917535
2167164,313.8254068743965
2168165,224.00291426113614
2169166,332.8201940259394
2170167,208.22709662427664
2171168,284.4953170237561
2172169,195.01071403684483
2173170,73.45803793830765
2174171,196.97538180964412
2175172,77.92257331531744
2176173,263.6871834508654
2177174,39.65893843189597
2178175,180.3345968381537
2179176,204.77057848895637
2180177,166.92613865654715
2181178,315.5885524426561
2182179,351.2765817943075
2183180,56.24375168290737
2184181,160.9985720125861
2185182,69.87129964435115
2186183,44.63141462927708
2187184,56.166779965813134
2188185,39.97503083838748
2189186,40.83784802955806
2190187,318.6507429426628
2191188,280.74119283169404
2192189,33.30938223302155
2193190,145.06259669847935
2194191,35.87028994826136
2195192,316.99248302379686
2196193,312.6956676568928
2197194,188.12128511487458
2198195,320.4586694700212
2199196,274.61172870122255
2200197,344.0226485086539
2201198,307.56522837621065
2202199,279.8759408934398
2203200,285.2432149237135
2204201,60.73966403083981
2205202,158.7246469205249
2206203,219.65207526195866
2207204,191.09926304750775
2208205,283.57539163365095
2209206,319.91004188533503
2210207,281.4906831616994
2211208,31.16686395264972
2212209,55.76956156431845
2213210,334.72430926625447
2214211,50.83525317213208
2215212,35.85433491560138
2216213,44.31557820269972
2217214,223.6742029304094
2218215,276.55497801246304
2219216,66.76530029248838
2220217,272.3863227828801
2221218,261.44564377812895
2222219,33.898297568979444
2223220,41.796036196000514
2224221,180.69861369632673
2225222,315.64726827604125
2226223,327.8324475566638
2227224,298.24844011719347
2228225,48.08130900239783
2229226,96.94938373976217
2230227,190.61051928734375
2231228,34.81235825505713
2232229,175.42407410279537
2233230,171.720196487297
2234231,61.93946780264602
2235232,48.884464105761914
2236233,97.24392764931117
2237234,117.06789718325082
2238235,278.33395970156084
2239236,155.49316159013455
2240237,217.91154040343994
2241238,34.923893452108594
2242239,39.64995120680382
2243240,74.49029153366524
2244241,204.64321571040114
2245242,138.10273100605116
2246243,234.3504046917721
2247244,277.8878081894801
2248245,37.614282405908206
2249246,192.47919802633342
2250247,172.11347212151398
2251248,311.1328401496761
2252249,243.03872448171578
2253250,162.7865311341211
2254251,319.5075094214337
2255252,320.53378720849804
2256253,68.32007412938174
2257254,104.54558486695896
2258255,312.89010625237046
2259256,35.5546154101461
2260257,28.05670418017323
2261258,30.808378963613862
2262259,146.76629105363236
2263260,104.2343686611836
2264261,284.7364891754055
2265262,134.18798557958365
2266263,281.3619749086742
2267264,330.4653646058844
2268265,168.26523086975934
2269266,26.75267237631676
2270267,114.73038669249954
2271268,227.51776229319228
2272269,289.6680159252358
2273270,170.94822417866166
2274271,322.57067901026255
2275272,280.72056102392963
2276273,129.9749709693453
2277274,314.6308877916248
2278275,347.1288468484532
2279276,289.73526367649
2280277,95.70256485357156
2281278,257.7947322181685
2282279,211.51673772088228
2283280,315.9538340026241
2284281,253.05167685072854
2285282,118.29645591298697
2286283,38.32889275129457
2287284,329.23494039857286
2288285,259.98024832256505
2289286,335.46072817936795
2290287,75.89407563084953
2291288,275.73336403113944
2292289,259.4441941989187
2293290,291.80384920930595
2294291,322.8286898053116
2295292,28.350520863642757
2296293,330.8254111298545
2297294,140.72194030901588
2298295,335.39467262145274
2299296,185.91959430931954
2300297,58.09809190193751
2301298,332.8760591202253
2302299,333.22081870066285
2303300,161.39959855628197
2304301,303.42361081589826
2305302,52.629899125382515
2306303,190.56066324856775
2307304,326.2872972424024
2308305,191.6224459500008
2309306,183.19254012251415
2310307,174.1827073745828
2311308,40.90964099056299
2312309,103.73264188949885
2313310,318.55982065574995
2314311,54.49592870320755
2315312,192.9434737701103
2316313,359.4616040139046
2317314,268.2691282558526
2318315,33.87087673747269
2319316,334.5853818278417
2320317,23.792346222804422
2321318,28.431342409832894
2322319,33.318108142856445
2323320,197.1069562046109
2324321,343.9039852018162
2325322,323.215321378193
2326323,278.41522429700257
2327324,28.866743471801293
2328325,65.95317980219477
2329326,304.20943905728967
2330327,31.111296814977635
2331328,45.445757178243674
2332329,220.06122249167672
2333330,332.43065701278
2334331,380.91883207821394
2335332,41.860959118490165
2336333,248.9053160951139
2337334,345.61236168511834
2338335,99.29233315236002
2339336,325.2207147693936
2340337,163.57260820694617
2341338,319.83088133595254
2342339,334.4969139219248
2343340,213.05152493864838
2344341,261.13630607749775
2345342,313.5457406143766
2346343,46.635570851071854
2347344,327.07339871734695
2348345,325.6979927353772
2349346,48.615508137624225
2350347,54.013629894895715
2351348,165.36866832589197
2352349,148.08289689182814
2353350,289.0989480673777
2354351,296.4854170379528
2355352,69.39579752527113
2356353,320.903933922963
2357354,323.1960506108848
2358355,308.7468374724533
2359356,176.13356486687016
2360357,163.5637975716972
2361358,318.95390008779077
2362359,210.17346364718625
2363360,103.51399587051674
2364361,327.9454556994295
2365362,210.50302025805777
2366363,289.76534178658795
2367364,305.0469735189129
2368365,113.20671763363954
2369366,351.6593929863779
2370367,327.6418355382385
2371368,365.34873404842335
2372369,352.38384483597594
2373370,349.2453786870549
2374371,328.0473236881062
2375372,152.5547414175512
2376373,338.4554608286936
2377374,316.7408860597743
2378375,228.0498770751316
2379376,368.6414734255916
2380377,25.63021887172713
2381378,350.97253956075053
2382379,336.99791349670807
2383380,346.73998639595584
2384381,307.53493892587585
2385382,345.81037860980564
2386383,102.73097123946232
2387384,351.42401583084404
2388385,334.514742371787
2389386,57.663634874632734
2390387,54.211445900307396
2391388,336.0222125713348
2392389,290.9449538212166
2393390,301.06185729873323
2394391,353.79988378692946
2395392,33.39260407687192
2396393,376.9285682232669
2397394,337.31079942342524
2398395,366.7320058479473
2399396,336.8879895860189
2400397,359.3392889007904
2401398,282.4304776748741
2402399,350.3715128675499
2403400,376.4571710972027
2404401,27.84326567666621
2405402,323.2278679918404
2406403,374.03456295378004
2407404,352.81139706537044
2408405,326.071234247201
2409406,310.70063315246233
2410407,358.6238278218577
2411408,250.55159475358167
2412409,356.34307101680093
2413410,338.91914879963224
2414411,336.90420109110505
2415412,244.8160876025351
2416413,364.68902005480214
2417414,379.66684593642765
2418415,358.39673743351125
2419416,320.6556684600505
2420417,357.9022127609456
2421418,350.5604083104427
2422419,359.23520978342367
2423420,347.2339127825524
2424421,308.2450036850444
2425422,346.64379072206196
2426423,339.8507767514489
2427424,383.248249203573
2428425,329.73908591982496
2429426,331.49196303967403
2430427,336.3721936034714
2431428,355.4500710110846
2432429,27.672037513168714
2433430,308.83059629310696
2434431,331.57840921516447
2435432,334.6467906522726
2436433,346.7061925530483
2437434,335.5764192588408
2438435,353.0615593608188
2439436,336.4201322111885
2440437,339.16165641166657
2441438,322.8959586213155
2442439,331.2461779922482
2443440,344.3401806509803
2444441,316.2042818266093
2445442,27.33190985841688
2446443,346.96731147029334
2447444,332.87185281956573
2448445,298.03554331944366
2449446,357.27945669203046
2450447,311.7832630581405
2451448,27.321127107987103
2452449,339.1940762757188
2453450,25.766941386725918
2454451,34.004988590007216
2455452,25.112742754462463
2456453,344.4041281211876
2457454,354.4635719828639
2458455,26.48471628326469
2459456,31.755936823311
2460457,335.33227630062146
2461458,344.92397331419056
2462459,360.40072226770826
2463460,353.6424478917986
2464461,374.39705439332096
2465462,353.7933296968424
2466463,345.92916840340314
2467464,362.4662006457929
2468465,311.7503779445518
2469466,240.46088411733842
2470467,385.3178837669062
2471468,363.565017398524
2472469,331.53526597471864
2473470,349.83894803530933
2474471,340.33135845967325
2475472,339.0181165024493
2476473,338.6446378492646
2477474,324.3483530767251
2478475,345.63727534319804
2479476,381.42771934986285
2480477,292.7860140790597
2481478,343.8839690823308
2482479,368.3855526324893
2483480,295.2473579893023
2484481,344.5164273300882
2485482,365.1698853699173
2486483,344.329572222732
2487484,348.6486830106117
2488485,386.3712156503418
2489486,366.4527892000066
2490487,368.160930303234
2491488,360.9772639380324
2492489,362.6385782880779
2493490,348.1175562323472
2494491,374.14778297588623
2495492,318.67687082457206
2496493,362.0711184697607
2497494,382.5945679058922
2498495,281.03681403948866
2499496,384.1333041611248
2500497,328.1900396499266
2501498,365.3162815843633
2502499,216.3672646350524
2503500,367.1209868959406
2504501,308.5558410860608
2505502,350.1540130583482
2506503,343.0139591588073
2507504,344.60864081632974
2508505,375.62992973646516
2509506,261.26257082537796
2510507,316.90397787319097
2511508,299.8391060547225
2512509,335.95148463312154
2513510,343.0707514321272
2514511,326.0609172495328
2515512,299.82554817149907
2516513,40.3479581024434
2517514,380.7602908547337
2518515,192.7805593010281
2519516,346.6853483822611
2520517,24.67236591143925
2521518,374.5637310494927
2522519,366.0509178104852
2523520,342.25987433082395
2524521,333.3004242988891
2525522,344.44682273601296
2526523,340.33040114813303
2527524,306.52940071707945
2528525,345.1191221204028
2529526,24.991019430831365
2530527,318.2316516908976
2531528,310.4241799373907
2532529,357.6388741137441
2533530,28.66173761042259
2534531,314.65539806289945
2535532,329.7381714735516
2536533,370.4355509008334
2537534,347.8184022634484
2538535,271.3170626310564
2539536,86.02054913114483
2540537,341.33933610913135
2541538,265.9274912912176
2542539,327.9765729514168
2543540,327.68570704102433
2544541,316.56917361225896
2545542,364.35881803214795
2546543,303.87456030180874
2547544,289.44413128277483
2548545,348.32694072925256
2549546,304.684717947495
2550547,286.470856833046
2551548,339.19781505991034
2552549,149.21878525740178
2553550,141.44807500502066
2554551,345.22050437533443
2555552,37.93430790541784
2556553,340.74669429130483
2557554,331.7393414418908
2558555,322.0710864758131
2559556,347.41675814012285
2560557,326.02298585676846
2561558,364.5693270676116
2562559,154.3863010474045
2563560,315.3826633912829
2564561,344.5455585937829
2565562,342.74085934944446
2566563,336.60235690616486
2567564,297.40636089897185
2568565,266.67124231413663
2569566,167.66221019400393
2570567,318.5824408447007
2571568,354.55862129697726
2572569,352.4674234518148
2573570,337.99625301961163
2574571,347.841767889351
2575572,154.7908244271849
2576573,314.9187236322032
2577574,191.80272694994312
2578575,339.18771765120795
2579576,324.163511859
2580577,79.39662812143698
2581578,222.26309850728498
2582579,283.15512146154043
2583580,23.661325927189942
2584581,313.0533304216412
2585582,332.7717536021345
2586583,273.8758799895406
2587584,254.8758358622051
2588585,367.90096961933244
2589586,239.7985126099082
2590587,324.4046753378138
2591588,234.18344967750966
2592589,304.39734974545246
2593590,344.74271906441646
2594591,322.18524659261686
2595592,348.130364556003
2596593,298.0594273224547
2597594,316.8711118563084
2598595,199.37242457555794
2599596,341.66775203239234
2600597,331.59411424714546
2601598,331.31852512859854
2602599,311.52543415545966
2603600,332.4730292990374
2604601,28.905103680460172
2605602,337.731622448774
2606603,351.05409543534427
2607604,348.7900703935503
2608605,296.113314326967
2609606,323.84832674679757
2610607,325.1371978389528
2611608,301.0397187423411
2612609,327.24092757299337
2613610,318.97518529964486
2614611,267.11407905339485
2615612,319.94424158624184
2616613,352.5588522491893
2617614,330.75531284839053
2618615,222.8670249752737
2619616,331.90177095383547
2620617,35.80420727050719
2621618,284.59526626384314
2622619,274.5724373302977
2623620,240.9562083607482
2624621,348.84526845815805
2625622,277.86948873200515
2626623,27.910704713853697
2627624,300.89098896747004
2628625,45.95659026451303
2629626,304.8013507820967
2630627,265.00326357219285
2631628,328.11029448931015
2632629,342.99689832323986
2633630,351.6597591812176
2634631,280.7533073005771
2635632,361.4459734689953
2636633,296.8577739232589
2637634,318.3205187345816
2638635,320.2272780046287
2639636,295.2745946260898
2640637,263.6060784959104
2641638,345.1496763552864
2642639,318.98616401344367
2643640,313.31231035697596
2644641,295.4444444591163
2645642,350.96393612573985
2646643,283.5589001770796
2647644,249.4102296901032
2648645,278.8748120072066
2649646,239.88474817424293
2650647,332.5076206076022
2651648,288.7017184185857
2652649,332.7232825086298
2653650,256.027291360447
2654651,322.30481729121595
2655652,141.95400225422003
2656653,308.92321997636077
2657654,303.09335186290076
2658655,340.13780841182125
2659656,138.55737617591555
2660657,330.28296226582535
2661658,338.99615289006846
2662659,283.7407112274231
2663660,301.24583291944566
2664661,313.21615405344954
2665662,297.3742898681068
2666663,284.104072249152
2667664,313.67033170026923
2668665,310.81965455046026
2669666,337.43999688293775
2670667,307.4847233127117
2671668,331.51854412451706
2672669,311.01222824663904
2673670,318.3232828814864
2674671,296.8474484917985
2675672,295.1036813633727
2676673,280.21893587378725
2677674,307.40187221930614
2678675,274.8722349225841
2679676,309.68194957060484
2680677,294.2630629228425
2681678,291.09347837836697
2682679,300.2370922037364
2683680,321.786374672632
2684681,326.7654252820804
2685682,251.63732394327408
2686683,334.328960467212
2687684,320.2856649078378
2688685,317.394441602206
2689686,284.2767888908428
2690687,334.4268836466084
2691688,312.6389616541835
2692689,193.40532041658687
2693690,305.12950988011283
2694691,313.2965913129035
2695692,314.8975432023926
2696693,321.76398915477057
2697694,371.4537159910157
2698695,299.2384822803236
2699696,271.43368410647764
2700697,250.58491784236568
2701698,331.7788506397982
2702699,267.3046546381589
2703700,315.337589443994
2704701,295.24103717217525
2705702,285.5883362597558
2706703,344.21487015926675
2707704,285.8973240844744
2708705,322.67076052724923
2709706,287.5115656463419
2710707,283.9874303248422
2711708,318.6883502309137
2712709,340.9307426899349
2713710,308.92337655375354
2714711,34.06579739947774
2715712,333.84417385470607
2716713,311.16405058660894
2717714,298.9719860172993
2718715,292.1464737276311
2719716,339.6694610036161
2720717,305.18648512206727
2721718,324.0434523025269
2722719,258.09491413009715
2723720,254.97166099760432
2724721,232.0260645557893
2725722,274.072712173076
2726723,261.54248941390887
2727724,272.4821092069598
2728725,302.71733673163794
2729726,255.53639446514094
2730727,320.9815997294249
2731728,310.7631606689529
2732729,288.41329719828286
2733730,334.62185218754894
2734731,262.71646879697767
2735732,323.5552448457565
2736733,306.08181818525196
2737734,307.61290657377276
2738735,323.82445453172426
2739736,326.19008254334307
2740737,282.6936278341937
2741738,280.785938022102
2742739,297.7346079003154
2743740,158.272414647574
2744741,89.44351714691635
2745742,290.0695001963655
2746743,318.65801340101393
2747744,343.2739285588962
2748745,213.57148221407076
2749746,346.337647832929
2750747,141.83508328559418
2751748,227.16021151916132
2752749,340.2803985760785
2753750,239.98312482676442
2754751,341.3943144613478
2755752,297.3177366058357
2756753,312.7568075522624
2757754,309.58960146295595
2758755,373.2080639332552
2759756,228.73122057979532
2760757,319.11527918228114
2761758,257.61571054343267
2762759,289.3730786337419
2763760,329.4601682127592
2764761,325.3487161211657
2765762,334.83068762517127
2766763,327.95553087656896
2767764,322.6643610471485
2768765,283.1723239956466
2769766,275.1832429190046
2770767,284.29011290574084
2771768,282.14942700354754
2772769,373.55069338062793
2773770,353.03929831067205
2774771,332.73218275420817
2775772,278.3182087256492
2776773,297.911588079649
2777774,267.0900261990083
2778775,132.36743904543485
2779776,287.0496304191015
2780777,289.3629203832951
2781778,299.22094809190196
2782779,316.9111771151184
2783780,298.8986801284241
2784781,331.6444857280542
2785782,287.79730108762624
2786783,267.0001286106271
2787784,344.90013949250795
2788785,284.9727761467497
2789786,269.26541629980045
2790787,304.13375295494444
2791788,179.46334565699564
2792789,255.91731607894755
2793790,335.36921668222465
2794791,325.02933884600486
2795792,288.2107588443154
2796793,342.75240932849755
2797794,307.8868612064607
2798795,285.69938803236505
2799796,316.7062413779116
2800797,249.01107557122006
2801798,267.4102404688925
2802799,279.56710514517613
2803800,295.3634545358858
2804801,231.72237808421562
2805802,214.0858724222241
2806803,319.5877657952731
2807804,311.1121440016161
2808805,306.4925685265912
2809806,289.65888083493775
2810807,233.73213575402315
2811808,329.56510597651067
2812809,32.458576598054066
2813810,306.0592905239273
2814811,269.59131714739965
2815812,309.62301124270783
2816813,262.42371533549675
2817814,319.3985291047025
2818815,324.9870957587586
2819816,235.50144941389345
2820817,295.870416907831
2821818,325.5723743434775
2822819,314.1486944645099
2823820,96.58808423677812
2824821,333.37179320941556
2825822,290.79883992205566
2826823,273.0185824132066
2827824,191.85036177869682
2828825,297.05941188747573
2829826,261.8545556828209
2830827,33.11143019802209
2831828,232.02312734238197
2832829,299.62429951622477
2833830,292.60263157145926
2834831,294.94806065426
2835832,306.462479958401
2836833,281.58832060770305
2837834,337.0698332498464
2838835,289.52785624530316
2839836,276.0061105704915
2840837,302.1116678655616
2841838,316.8560447135993
2842839,316.36468922383796
2843840,327.73778146206973
2844841,309.54924725878084
2845842,321.42771063697626
2846843,292.1423060226652
2847844,74.16687457141214
2848845,136.96247254298163
2849846,183.30003709178723
2850847,280.0109323582682
2851848,266.296368463922
2852849,317.11139511679005
2853850,363.9031889478081
2854851,265.35352987116227
2855852,217.72295255954057
2856853,269.1941194012448
2857854,273.0406773166121
2858855,279.4574525799127
2859856,322.87686883422265
2860857,28.634722186580635
2861858,305.27879332443456
2862859,274.7085492796856
2863860,296.2057157448768
2864861,320.1764939397325
2865862,309.00564054653336
2866863,356.00191825678195
2867864,285.93764697018753
2868865,296.96309081886073
2869866,297.33863347835234
2870867,317.0977911105053
2871868,311.62524339154
2872869,288.43074153975516
2873870,312.6244288775029
2874871,298.74560860809726
2875872,288.3127816027171
2876873,270.00408764650047
2877874,278.47062851121603
2878875,340.27367967905013
2879876,28.592400408080806
2880877,326.8622405961592
2881878,314.5952511332093
2882879,340.2360274493555
2883880,298.74684405921846
2884881,278.7064483672733
2885882,291.60766002236807
2886883,278.7958061140507
2887884,100.89443041610036
2888885,100.82651886012843
2889886,301.9012290287891
2890887,286.84342792881273
2891888,343.01234182758066
2892889,317.7988380717522
2893890,258.2023558682602
2894891,243.4139833045478
2895892,268.1107249087977
2896893,253.69421513936234
2897894,170.4675806858917
2898895,321.41659032954874
2899896,314.35628180860084
2900897,271.4957341155656
2901898,329.9346972075153
2902899,309.2440596377013
2903900,254.66035403690327
2904901,283.036535946576
2905902,344.8156687857074
2906903,270.3064910430179
2907904,238.95994813893577
2908905,329.6464128041692
2909906,234.31831685922666
2910907,303.853676011782
2911908,279.5656027262493
2912909,314.01561003541315
2913910,330.5366965310678
2914911,254.86896306561812
2915912,296.03648794217366
2916913,325.1635815208958
2917914,321.7115308059542
2918915,286.427057647681
2919916,297.7983975355041
2920917,288.07201785625494
2921918,315.0581138247805
2922919,321.7557019187095
2923920,299.0566539491802
2924921,326.631281364547
2925922,322.8035045051239
2926923,354.4843513121721
2927924,308.4034873863337
2928925,342.8292570300439
2929926,259.6968474929217
2930927,34.934448465381095
2931928,262.6697810887434
2932929,320.01615628873725
2933930,321.2431357043927
2934931,319.1794686081888
2935932,330.29432933009923
2936933,312.82789817503607
2937934,360.4791001732235
2938935,345.24205370940587
2939936,287.81369460041066
2940937,331.597231364564
2941938,304.3284297916895
2942939,309.1784498107855
2943940,345.75146589500747
2944941,214.85897498783896
2945942,348.98220346153056
2946943,349.49709275489136
2947944,334.40851861471805
2948945,313.03062723870227
2949946,311.7853051496051
2950947,323.1602267819571
2951948,288.81368601050286
2952949,317.1757183463858
2953950,339.56325412462263
2954951,307.5409103506485
2955952,309.8092490575363
2956953,318.7019966339264
2957954,268.358096651919
2958955,234.98979252793936
2959956,350.9038828594063
2960957,355.9683090325449
2961958,311.3099938150499
2962959,353.1623728959346
2963960,321.56821481883634
2964961,325.4568399115665
2965962,331.4301343322541
2966963,309.946809705053
2967964,208.55084368681088
2968965,283.12444796484726
2969966,273.06130242519953
2970967,267.5626307470459
2971968,28.309675326474167
2972969,303.2210923445598
2973970,317.5685975937434
2974971,274.9727698321343
2975972,335.7421405391894
2976973,258.77337814175206
2977974,267.62605672370535
2978975,311.5289475476149
2979976,337.8472449208147
2980977,297.54472212361276
2981978,267.1079812266605
2982979,349.4011340172264
2983980,295.6796481898812
2984981,294.6952439747954
2985982,290.3640363069354
2986983,327.3693866787367
2987984,30.1365439227208
2988985,225.8366002900643
2989986,313.67790504898215
2990987,256.76390710220244
2991988,317.7117234771234
2992989,311.7002912464963
2993990,285.9979440511098
2994991,340.7246825836875
2995992,326.17144526391337
2996993,344.8874866896121
2997994,295.5437880874241
2998995,314.42195726350434
2999996,259.829687013376
3000997,281.55581669313534
3001998,296.98104737327384
3002999,282.1073843357543
3004000,305.85683304812295
3005001,282.0551407137945
3006002,265.777573334425
3007003,287.02086570136447
3008004,331.1930499262797
3009005,298.5706948455476
3010006,309.6415742319476
3011007,309.7730969960415
3012008,225.69469084764734
3013009,306.91134897443106
3014010,351.90758914060314
3015011,307.38142185526783
3016012,327.34070698983953
3017013,289.12675584764526
3018014,332.496200208105
3019015,43.640554150963595
3020016,308.48040426243966
3021017,339.315556116676
3022018,320.2741479449954
3023019,301.50327041959997
3024020,289.32723836627184
3025021,309.51994845054946
3026022,281.7028302864203
3027023,264.13217016222853
3028024,293.98470109537305
3029025,314.3266390650103
3030026,325.44733353736206
3031027,293.3450902011421
3032028,289.5227279288241
3033029,320.3314680442487
3034030,323.1546991584566
3035031,259.06285056364806
3036032,263.8291060252148
3037033,328.6152712394027
3038034,324.29986967626195
3039035,255.54579669574034
3040036,288.1988671482274
3041037,292.33677203052673
3042038,317.95443749530887
3043039,337.7672863638366
3044040,300.73925241479293
3045041,291.2721636126071
3046042,353.9348863537176
3047043,275.04562917387904
3048044,298.93250698693635
3049045,308.9313673404964
3050046,280.7095448015782
3051047,292.18170565744197
3052048,261.7198932098123
3053049,279.9700259822478
3054050,273.7285564418618
3055051,336.59682691804136
3056052,222.98147411260788
3057053,317.2788450716439
3058054,295.09314757145785
3059055,289.44209099822564
3060056,269.2386109773979
3061057,325.6772970862036
3062058,291.00145891298126
3063059,277.49592167713666
3064060,339.6883206612654
3065061,325.6339816362809
3066062,306.268773565693
3067063,309.7800312148532
3068064,287.1791865141452
3069065,267.5238287332641
3070066,337.241485515158
3071067,253.46784201647438
3072068,326.3188312466206
3073069,284.841442772257
3074070,299.3954425408815
3075071,296.6982895241969
3076072,300.6581195040296
3077073,255.07979326573448
3078074,233.17126386530916
3079075,283.8097302801669
3080076,286.91551252484635
3081077,316.91274884980396
3082078,316.435907080339
3083079,257.46458885970117
3084080,335.0734482200804
3085081,313.7710143113577
3086082,330.7037323579917
3087083,341.6638220321086
3088084,304.45292817201465
3089085,155.116751131785
3090086,338.5243964335293
3091087,338.98962706617175
3092088,215.85609922037045
3093089,312.1168891756069
3094090,290.902197477877
3095091,58.400529350909544
3096092,298.0312710192365
3097093,333.8869605363537
3098094,307.11932588674125
3099095,302.5787711303334
3100096,343.0529723254391
3101097,315.1805038744475
3102098,316.54637085109664
3103099,314.3594797301459
3104100,315.8520146296743
3105101,325.68675753520023
3106102,347.7285842715491
3107103,301.06164184897005
3108104,258.4800496713252
3109105,308.36734819947674
3110106,321.1513197291561
3111107,337.03435680323054
3112108,304.7532588387039
3113109,346.0998176089148
3114110,266.06690228320605
3115111,299.0141803998367
3116112,342.30707766547255
3117113,312.2499539635599
3118114,267.4876619642226
3119115,349.1628010794286
3120116,344.9231138328235
3121117,315.2815371578019
3122118,283.2318711109796
3123119,321.29418562475206
3124120,284.0162894970403
3125121,23.48801134647551
3126122,322.3001017115709
3127123,353.5388473306166
3128124,341.7519803168926
3129125,309.69599697308144
3130126,315.3037403476497
3131127,340.04544284260317
3132128,322.06043336675356
3133129,303.67476625838395
3134130,237.492884760572
3135131,349.35372367414834
3136132,288.134543953795
3137133,318.612797194258
3138134,292.00997133815656
3139135,350.70426660962585
3140136,328.3775743317965
3141137,69.1695773096139
3142138,300.19795584298424
3143139,305.7617092559281
3144140,259.15733520264087
3145141,325.2383120454309
3146142,332.6045282600643
3147143,305.1141102264815
3148144,104.78096401948062
3149145,335.5818411697493
3150146,328.2925913954121
3151147,308.5347132019419
3152148,336.3406281246699
3153149,353.00541276235754
3154150,346.3172060410742
3155151,290.0498170285334
3156152,335.3932973677773
3157153,298.8753160645836
3158154,330.92522026976064
3159155,327.4931921061336
3160156,304.2650293913786
3161157,309.3680962582592
3162158,313.82746664760623
3163159,317.3864054679793
3164160,247.76875278694857
3165161,292.76369189281115
3166162,271.4106948947229
3167163,224.9446713857521
3168164,314.4680692268836
3169165,293.30586440602394
3170166,316.9511611390896
3171167,301.3401243670819
3172168,341.65734117942645
3173169,281.8886515623415
3174170,319.1250434694
3175171,344.6205247907592
3176172,296.3883113959041
3177173,335.3799902745513
3178174,325.5220793276081
3179175,296.15185170279574
3180176,266.1923756572793
3181177,327.6128645144
3182178,263.9040796967859
3183179,258.2144224515595
3184180,320.9234468951511
3185181,296.6739402908241
3186182,289.0695073893567
3187183,311.64124337911676
3188184,332.9726815077379
3189185,293.1336786702573
3190186,249.72210119224187
3191187,336.1993708655501
3192188,301.1985010197119
3193189,330.91347096800064
3194190,270.8928938561859
3195191,249.24721363153495
3196192,293.3830259229428
3197193,258.7148984912649
3198194,293.2602390020569
3199195,347.5423993848252
3200196,224.48931650559376
3201197,160.88419419809418
3202198,319.03027344528164
3203199,339.5343511360592
3204200,292.22374279382933
3205201,280.0289060982218
3206202,252.80274940592417
3207203,222.7026457766009
3208204,270.452710096602
3209205,230.16572242247852
3210206,264.10587484409115
3211207,318.0150152526903
3212208,305.647074307893
3213209,281.64743237759484
3214210,330.86936951859406
3215211,305.6199852526464
3216212,178.1450224329778
3217213,259.02921105776676
3218214,262.7353324260834
3219215,234.39097188950987
3220216,178.9962151887222
3221217,237.05202474178512
3222218,299.36117272141354
3223219,286.10419828080325
3224220,264.3354262958488
3225221,252.08964229390963
3226222,33.89781752120015
3227223,250.19810515686197
3228224,328.717803565819
3229225,56.90115906891749
3230226,123.50196120873025
3231227,309.44645134865294
3232228,293.0091847904606
3233229,256.30728188280864
3234230,215.92791143976794
3235231,276.8049004053459
3236232,294.7612530031644
3237233,264.0741726437696
3238234,284.11439601400883
3239235,287.92117538268775
3240236,346.8136318384438
3241237,259.169632147276
3242238,232.43463350824044
3243239,276.18597715011657
3244240,262.67212448704123
3245241,290.9219348611712
3246242,330.46960856434976
3247243,313.5449663649563
3248244,297.92498863118175
3249245,291.2969033120831
3250246,237.28517333983464
3251247,231.6369647659061
3252248,278.33036172961425
3253249,278.29253554778086
3254250,256.6485158380562
3255251,309.7384312647765
3256252,295.81944679813296
3257253,318.3211465781948
3258254,255.2905561626997
3259255,178.65223939512555
3260256,303.5231350692875
3261257,280.8070885448654
3262258,318.4958009948322
3263259,276.3713086130291
3264260,200.5086257407905
3265261,329.3553325767083
3266262,244.05302145356924
3267263,316.2453428422962
3268264,281.86648573854933
3269265,261.13002654537183
3270266,308.836894256698
3271267,37.05280531908101
3272268,263.57134257582516
3273269,330.4400393696092
3274270,232.46788634979052
3275271,243.1461652522455
3276272,189.50225511281116
3277273,314.5058920510646
3278274,327.0066665062881
3279275,259.52091591892804
3280276,337.9347452301946
3281277,262.9482424959487
3282278,227.8878455016358
3283279,144.5177475442535
3284280,305.6921290235765
3285281,308.33915436413884
3286282,303.99934105940287
3287283,225.66783534571198
3288284,305.4977297896931
3289285,94.71768060713433
3290286,255.94165061617463
3291287,237.33632320487624
3292288,282.3302392845574
3293289,272.6247285553211
3294290,324.71611216233066
3295291,315.75682880785445
3296292,288.99169117674916
3297293,256.1755048541871
3298294,286.45911833822873
3299295,319.41155382121104
3300296,198.3120776970705
3301297,190.7081233021079
3302298,332.8345329493535
3303299,314.6562007218844
3304300,272.2746548654538
3305301,326.62191617318973
3306302,330.56402001046223
3307303,265.78461991176647
3308304,276.8073213806709
3309305,291.8445044204279
3310306,259.17959998422515
3311307,79.25395990701551
3312308,314.742652435636
3313309,256.3597010305605
3314310,307.552336537328
3315311,261.2277713892988
3316312,267.07295254057965
3317313,260.370895539094
3318314,243.2266629540974
3319315,322.54780879284925
3320316,300.18991607053493
3321317,324.8659287178524
3322318,298.78566109232077
3323319,233.13693311562955
3324320,269.6441646995112
3325321,288.568206633924
3326322,316.6588866692929
3327323,316.545755927201
3328324,213.09739014074674
3329325,283.7046562937491
3330326,329.0792351470201
3331327,298.53740387985687
3332328,272.7070056476606
3333329,328.04548128431645
3334330,313.561958813779
3335331,183.75577272039695
3336332,203.498246681093
3337333,228.32500806236408
3338334,240.97263416364984
3339335,289.4691649922417
3340336,263.65815990774433
3341337,278.76116113148345
3342338,213.07643051856067
3343339,313.7910873297949
3344340,305.94181390496897
3345341,287.6769389108099
3346342,257.6151970837154
3347343,239.61850656491745
3348344,268.54687668814864
3349345,317.8806377943642
3350346,331.44390496537716
3351347,291.005770797416
3352348,268.5105520326862
3353349,269.435247566821
3354350,267.6344547944721
3355351,267.3498527897905
3356352,278.2047952244302
3357353,294.51685711317435
3358354,283.8224157044776
3359355,261.64543184978766
3360356,166.2703898269456
3361357,256.2300500896213
3362358,285.97435368759045
3363359,281.6667971240504
3364360,250.55084197364235
3365361,287.79839831811336
3366362,299.02961447377294
3367363,301.52154140950097
3368364,292.01738761024916
3369365,344.6956564823902
3370366,297.2752545941395
3371367,296.8817538231411
3372368,272.6695505783097
3373369,318.8041774215036
3374370,269.58877010546865
3375371,64.60368865042085
3376372,245.706068491144
3377373,101.68028785229811
3378374,245.65299287781664
3379375,318.6309902341541
3380376,245.99699213429346
3381377,286.00373868778166
3382378,220.70779780969994
3383379,202.49371362170518
3384380,209.526640897263
3385381,295.3323594554559
3386382,297.428939343384
3387383,288.40288028009144
3388384,235.0155974066992
3389385,274.29067871525876
3390386,258.20561523403876
3391387,237.29777676533692
3392388,243.5663530479857
3393389,255.4525429064465
3394390,157.20334284411607
3395391,302.4218806128809
3396392,251.9659780730394
3397393,272.91411550000385
3398394,315.41535264511555
3399395,203.47826409351663
3400396,41.31196100377559
3401397,298.29867497304974
3402398,270.75102801190735
3403399,287.7656463861754
3404400,223.77556885487775
3405401,145.0325015204147
3406402,280.24220740564857
3407403,288.68329492176986
3408404,304.3250642700188
3409405,189.9796983485614
3410406,251.59657701966051
3411407,253.4973217761829
3412408,260.4342094992469
3413409,274.5476114623103
3414410,156.69132928893688
3415411,286.51917748314685
3416412,77.51236105041406
3417413,294.809070139331
3418414,194.34180156457668
3419415,172.96477030520833
3420416,273.81072075317644
3421417,316.7329067551386
3422418,242.35861107234928
3423419,317.97648848129717
3424420,306.02431620665607
3425421,235.4085347854169
3426422,189.9129678870555
3427423,273.2139685960936
3428424,248.8605209110283
3429425,253.0009808257231
3430426,279.52352220250935
3431427,267.0225590326817
3432428,240.48623804228572
3433429,244.30556713881091
3434430,294.1876805040689
3435431,289.3189249945457
3436432,210.93005752890383
3437433,272.7803107430181
3438434,249.6619836393345
3439435,249.31634721600147
3440436,261.2348305941633
3441437,202.9216489717171
3442438,299.3127977611878
3443439,289.93733685356517
3444440,297.89473593458024
3445441,87.09249048254595
3446442,225.29630282379512
3447443,275.2113054930029
3448444,191.18536719744696
3449445,312.58068714142337
3450446,277.5499165909941
3451447,278.44047001047767
3452448,270.24735112438583
3453449,305.6935772029949
3454450,289.0408529564149
3455451,310.7650399087189
3456452,271.7591080428314
3457453,240.54653275393005
3458454,308.96309937999285
3459455,237.7837036473727
3460456,252.9603468467155
3461457,269.35194384292134
3462458,301.6282765055575
3463459,259.69174826020446
3464460,295.35997355323997
3465461,240.570282874754
3466462,278.97731814695186
3467463,311.1325475562637
3468464,289.48855321428266
3469465,311.6793286281952
3470466,340.1053562919271
3471467,272.94103221636703
3472468,286.9891501552872
3473469,296.9934535814904
3474470,247.70315652286342
3475471,306.3695182234888
3476472,310.71237428940265
3477473,304.90849980125574
3478474,300.82119618230627
3479475,274.6889809089061
3480476,301.29967042696177
3481477,308.43832430092436
3482478,264.6531598878361
3483479,267.209274914657
3484480,324.2800867634407
3485481,275.93061438008175
3486482,81.59859918478163
3487483,325.1698847910901
3488484,260.69665840492166
3489485,305.83111651587467
3490486,321.5909795015546
3491487,302.2942114015592
3492488,297.2835449176961
3493489,228.8837362584826
3494490,257.2902444883825
3495491,283.88159518819634
3496492,225.98240838254193
3497493,285.3617261620503
3498494,320.5932672884706
3499495,225.37391037819512
3500496,276.16196324987584
3501497,266.2863334343587
3502498,315.3749471946975
3503499,252.8857414322669
3504500,323.03908488805104
3505501,295.5658492011246
3506502,332.2592295592495
3507503,255.16173116702
3508504,292.0162189949237
3509505,275.8911111709579
3510506,311.56697371210214
3511507,317.163904217067
3512508,277.72654652225003
3513509,50.09085333920788
3514510,287.6921085183893
3515511,228.62351800327417
3516512,292.451126482966
3517513,316.8228627586437
3518514,265.53595034309507
3519515,238.49646845593315
3520516,281.2364959042113
3521517,250.63139234182432
3522518,309.4695606137091
3523519,311.2386906389537
3524520,313.01809052481576
3525521,298.6934118188795
3526522,292.76461689455397
3527523,288.97908850345453
3528524,218.13242044484187
3529525,210.49280485070872
3530526,303.63530027002565
3531527,112.57351608467549
3532528,299.130743542362
3533529,330.58847245725286
3534530,145.70315904335496
3535531,336.69653415545736
3536532,300.90197977102144
3537533,279.02429656855907
3538534,310.99429362858825
3539535,306.3532243873219
3540536,156.96302680024465
3541537,303.14443442777684
3542538,316.3907882227436
3543539,322.14938777977903
3544540,256.22697526976873
3545541,313.70991761356345
3546542,279.8060309451232
3547543,315.5770145293738
3548544,233.86077943201454
3549545,335.74130830526525
3550546,330.06154778859036
3551547,306.0770805178828
3552548,131.0059023549607
3553549,298.2452920372695
3554550,291.485931970455
3555551,291.74172671568095
3556552,244.05340089881324
3557553,168.97543123960077
3558554,272.20283738982056
3559555,302.89235872376656
3560556,336.12356772815303
3561557,299.7905832702605
3562558,238.07021471336574
3563559,307.343301536626
3564560,315.16975897146386
3565561,314.218130823008
3566562,279.74714090200837
3567563,294.9309672907277
3568564,277.2503508935078
3569565,257.4644399541371
3570566,223.20947406422644
3571567,283.9618663525831
3572568,277.4311294203995
3573569,321.6455875131128
3574570,321.2423718069738
3575571,319.8229001642832
3576572,243.2404341521543
3577573,284.20805847457723
3578574,334.31135520327103
3579575,328.4297575909601
3580576,317.3046000691343
3581577,81.37659193627792
3582578,260.16416453229203
3583579,332.0742869127417
3584580,344.32679527290264
3585581,221.84673235418498
3586582,294.330727387745
3587583,276.940289922779
3588584,331.06324714167386
3589585,178.99199487880452
3590586,288.5592263594547
3591587,244.86675744882453
3592588,277.0734096575511
3593589,322.233707691502
3594590,270.05707485267453
3595591,303.8135042678408
3596592,242.14437680987575
3597593,182.75624451775158
3598594,246.33747550665066
3599595,242.68042091264377
3600596,300.36600999635505
3601597,271.8811480376237
3602598,224.17676125534194
3603599,281.6188302429309
3604600,311.8164079088335
3605601,303.8931514351321
3606602,337.2589716815201
3607603,294.50639521842027
3608604,331.6307979133638
3609605,211.10767734896515
3610606,336.11790813399244
3611607,328.4588821371334
3612608,318.1714173023142
3613609,275.36549966436763
3614610,283.31926206839137
3615611,317.6137487783678
3616612,323.0718667134834
3617613,279.1799872917263
3618614,194.73443203441892
3619615,260.74119202219845
3620616,187.23205909521153
3621617,186.7295659794329
3622618,207.83795173759145
3623619,312.44636508837715
3624620,284.319321841566
3625621,350.74990666410537
3626622,306.8814371581086
3627623,205.0494976761352
3628624,302.9548827960717
3629625,252.5335278596265
3630626,326.7366068981414
3631627,253.3155018184313
3632628,274.4468977993551
3633629,217.4034796408547
3634630,319.70508344777846
3635631,296.20243488751976
3636632,330.61716047472936
3637633,335.6781757432944
3638634,342.7120118665714
3639635,308.7346647382643
3640636,297.1077474228503
3641637,334.61314808174745
3642638,247.56759653076128
3643639,299.04447891372615
3644640,330.3187450939061
3645641,312.1469372941849
3646642,308.38947369181716
3647643,146.03027976835625
3648644,197.64612495358605
3649645,92.88045014887715
3650646,213.37097040377873
3651647,322.1751244901072
3652648,298.3857240090979
3653649,248.58082928335705
3654650,316.95466606294707
3655651,280.30672365554926
3656652,291.0208974004592
3657653,181.26858452030035
3658654,226.79748399506477
3659655,239.1438287062607
3660656,240.94613174309603
3661657,286.0467027443499
3662658,330.1414981754731
3663659,331.0688891191304
3664660,281.9623654903615
3665661,326.86433282891835
3666662,255.60961245290923
3667663,284.140864531217
3668664,324.6588361383308
3669665,330.325060282734
3670666,253.48267345354483
3671667,236.70896197067887
3672668,321.8791731154042
3673669,309.5104931373179
3674670,229.0867759508548
3675671,327.66854104447947
3676672,310.2017545907448
3677673,302.00549088152763
3678674,345.02422222443397
3679675,313.25790739543646
3680676,334.0742987067966
3681677,274.61155523012314
3682678,318.02214946980126
3683679,228.28844634396455
3684680,293.04371060451643
3685681,251.19763295271085
3686682,225.7262448584233
3687683,304.03660789406183
3688684,316.89786619561806
3689685,314.60342672229245
3690686,276.90265828752126
3691687,271.4506955489119
3692688,300.72255951073384
3693689,321.3471494300897
3694690,245.93688659519455
3695691,159.45799690650466
3696692,324.59605033548786
3697693,244.0129682712791
3698694,296.56890331490246
3699695,306.7221333166438
3700696,302.7552932712185
3701697,340.6291134966652
3702698,224.66366616660576
3703699,316.5114788565583
3704700,291.63965716223595
3705701,304.9307127868678
3706702,342.65340018532123
3707703,308.5713218384705
3708704,307.5127621020025
3709705,345.81509662710687
3710706,318.13097459992963
3711707,304.8429615163073
3712708,241.2250539329623
3713709,251.861826076394
3714710,213.86726515719377
3715711,279.50247916554696
3716712,236.80822664554287
3717713,232.68160583535285
3718714,247.87975407046684
3719715,321.0700304858652
3720716,306.2713068376847
3721717,346.04585045254817
3722718,293.7296465933482
3723719,180.79491099364878
3724720,49.524368471911814
3725721,180.90811168166528
3726722,258.418345798459
3727723,342.6505611042894
3728724,332.5436750217854
3729725,158.89815679018236
3730726,240.94690901936423
3731727,311.4410440920883
3732728,259.90280264907267
3733729,322.39289095940467
3734730,314.33367198830024
3735731,312.63846518770396
3736732,284.32903708072837
3737733,289.95836304295347
3738734,82.7822931414885
3739735,238.39228445165895
3740736,246.1560354640971
3741737,203.61539184683326
3742738,198.3927962857981
3743739,291.20409917379214
3744740,268.4105353862609
3745741,349.4447477499326
3746742,316.91079277854635
3747743,33.0299748617312
3748744,329.23057483909776
3749745,217.31383435645913
3750746,95.69472603117154
3751747,221.74579492079533
3752748,72.0575554263606
3753749,201.97172383873908
3754750,286.2421016788847
3755751,139.91306042713774
3756752,333.10518779051336
3757753,335.4518962460469
3758754,270.8940893202377
3759755,333.9428419364729
3760756,327.4257185240305
3761757,321.542455286356
3762758,272.5336735159924
3763759,294.96280659630696
3764760,259.6020743622075
3765761,320.9557897078302
3766762,321.74403139403967
3767763,185.61997452338096
3768764,282.01956753976685
3769765,306.1391679914844
3770766,315.6689163836635
3771767,269.9096591615931
3772768,37.09685460946471
3773769,225.4719211312353
3774770,246.49165142162045
3775771,228.66928800281224
3776772,329.1234570909536
3777773,319.4542142359662
3778774,293.26281921003664
3779775,333.1003226404333
3780776,321.3648609787429
3781777,312.25306621015295
3782778,322.7136710063006
3783779,312.19869024717167
3784780,330.39306504043304
3785781,332.5779192028053
3786782,292.0394887858287
3787783,327.2372927490929
3788784,299.91108492977105
3789785,33.06948983051079
3790786,323.3339404304605
3791787,336.5771853870347
3792788,309.1095004796276
3793789,342.5668882164162
3794790,345.82909929829367
3795791,304.44988528460357
3796792,354.4629374789994
3797793,35.24823152159691
3798794,313.8094697712263
3799795,334.11336310224686
3800796,345.82959268066054
3801797,319.68257791279956
3802798,337.9065824686974
3803799,322.9746432527361
3804800,167.21107097980632
3805801,303.73579175260863
3806802,295.38880217969955
3807803,300.1153500579682
3808804,346.93270347553664
3809805,238.38189276305832
3810806,247.93284875272406
3811807,352.86588560555936
3812808,307.58059586003674
3813809,220.45380110331672
3814810,343.23561764332266
3815811,314.15954900200296
3816812,327.7495025646074
3817813,184.54224655568106
3818814,112.04090609658304
3819815,193.8079915866111
3820816,217.27974805598902
3821817,334.5207537548505
3822818,272.4219267851849
3823819,341.9035425501241
3824820,115.22978819754195
3825821,355.11768568113223
3826822,169.55685426837715
3827823,213.3252785255644
3828824,216.97422082064318
3829825,232.7308980566928
3830826,302.19209505118056
3831827,280.2216383073207
3832828,289.32359279597256
3833829,307.8819426691588
3834830,305.792850859298
3835831,221.18630453587656
3836832,314.8311205103506
3837833,355.3092852002444
3838834,276.20939586116435
3839835,141.88748973971678
3840836,195.95316554606026
3841837,330.5535905993962
3842838,339.69184256982834
3843839,236.38095463748317
3844840,252.24874548680515
3845841,221.6176343735999
3846842,322.0831686383302
3847843,138.42249602276536
3848844,167.73359708167234
3849845,347.4207561531844
3850846,221.46461127235187
3851847,250.74067678449808
3852848,229.60591883085254
3853849,307.248295218956
3854850,172.3406647428402
3855851,226.10534694654524
3856852,348.7986132744808
3857853,301.06714596600835
3858854,204.9592785766663
3859855,215.85200142700873
3860856,238.46252868647747
3861857,314.467972502478
3862858,301.03861058875833
3863859,338.3174060321452
3864860,227.43108741972466
3865861,66.57975265044341
3866862,326.96765775820575
3867863,242.23518384557346
3868864,114.65845183037018
3869865,341.5053649594898
3870866,196.97110885593153
3871867,282.4683822916441
3872868,126.96345583881805
3873869,245.2929805137137
3874870,234.82612783056112
3875871,79.45693356197762
3876872,74.68556492611619
3877873,257.2657839839735
3878874,264.7621648196278
3879875,334.3273224709339
3880876,276.53178405753334
3881877,251.7219058713897
3882878,295.83237519785627
3883879,209.70162823225982
3884880,209.8516701980206
3885881,223.3188769405761
3886882,269.80460577977976
3887883,190.49676773583272
3888884,278.4997791179216
3889885,286.5709857984621
3890886,241.2979219155113
3891887,209.58937098975463
3892888,130.11379780316696
3893889,286.7288868800901
3894890,285.2987091263273
3895891,252.01883997096587
3896892,216.54194383817295
3897893,323.5857039756915
3898894,284.12448201563615
3899895,275.51299164310655
3900896,251.46371170230492
3901897,345.2243436715164
3902898,204.0655660813978
3903899,256.04972715268656
3904900,168.2784005931123
3905901,309.3385332844582
3906902,328.4476861246343
3907903,331.90023905922783
3908904,269.3730544007821
3909905,193.16390276383103
3910906,233.43833357653008
3911907,245.08898871063235
3912908,321.1941948512228
3913909,162.692234813534
3914910,263.52146179868566
3915911,317.734716045948
3916912,176.53041078394125
3917913,308.0697009512893
3918914,117.74625894472243
3919915,295.3851688716707
3920916,281.1212569001348
3921917,234.0190011361105
3922918,307.8767897670526
3923919,333.79131750342844
3924920,324.15167664374826
3925921,227.7965573593879
3926922,149.00554444646298
3927923,320.140724590567
3928924,110.2878232583054
3929925,98.1270208772349
3930926,182.20697187174525
3931927,284.61263315085995
3932928,152.68632770495844
3933929,190.31880932455886
3934930,190.11847912564352
3935931,92.86244403483698
3936932,192.5825511423636
3937933,256.496915321962
3938934,292.6399737253109
3939935,331.40242593977894
3940936,319.6523486250795
3941937,299.584210610209
3942938,195.7504021348592
3943939,84.12588442220823
3944940,305.3437976623995
3945941,264.3695153260123
3946942,297.0501511577829
3947943,245.67102001670213
3948944,253.21479227844287
3949945,316.5807467820084
3950946,80.9127624161804
3951947,284.681533285594
3952948,303.5415220897373
3953949,292.7615126420845
3954950,236.55257379454736
3955951,289.12421708738765
3956952,136.11308069199998
3957953,100.15902183334873
3958954,81.20954904902685
3959955,142.39204351552962
3960956,231.64651537037386
3961957,104.60709580764187
3962958,240.2012119440102
3963959,192.23987254836854
3964960,237.82024681565716
3965961,235.28833591081903
3966962,241.5356345353543
3967963,315.6110496907719
3968964,273.047265129138
3969965,103.05007731770723
3970966,266.66627412450634
3971967,228.26957065814423
3972968,213.66512534207303
3973969,276.45834053528665
3974970,193.17399877435116
3975971,233.41364210770502
3976972,239.5316408588292
3977973,210.38794588659994
3978974,218.37990379824387
3979975,106.07122223319817
3980976,67.24158370684398
3981977,336.9544239312386
3982978,309.4586714223803
3983979,287.26073888750363
3984980,104.04774687126348
3985981,279.84476689394234
3986982,166.78976405327245
3987983,293.99853065119214
3988984,166.95764398645903
3989985,317.73667445448797
3990986,89.94295531600159
3991987,280.13953915721805
3992988,273.0269152031227
3993989,317.1736391659881
3994990,243.5097065903844
3995991,268.5697405784696
3996992,279.1591199756994
3997993,251.87915226421748
3998994,198.66629544422963
3999995,247.5669328625148
4000996,226.030864395584
4001997,323.9588392456725
4002998,154.97122258559745
4003999,92.25450234976469
4005000,79.45220117224339
4006001,294.31385899591936
4007002,211.18707511065912
4008003,306.28861158854033
4009004,208.8198930221913
4010005,206.91866271018856
4011006,261.72767331091063
4012007,291.273150296854
4013008,281.18607106150597
4014009,117.0961373830275
4015010,304.35700818284215
4016011,232.356535107312
4017012,190.59611719287855
4018013,119.44536644951827
4019014,178.44435786965317
4020015,229.91123071356765
4021016,318.80691932635483
4022017,216.22007812623792
4023018,225.56226648363455
4024019,274.0779786623823
4025020,225.60496628751562
4026021,217.27218170063958
4027022,254.32631220772942
4028023,101.62297393240324
4029024,193.57817705178107
4030025,212.50838502570818
4031026,217.86375187310256
4032027,293.4003140571254
4033028,207.80979166758127
4034029,219.10224488622302
4035030,206.21723918992916
4036031,106.09619266078136
4037032,115.30557561704356
4038033,241.7028948268114
4039034,290.814793950698
4040035,273.8732810328203
4041036,225.59544094823357
4042037,238.74942105866708
4043038,317.90094359220257
4044039,193.00996362229114
4045040,246.21558404943306
4046041,307.1435755225095
4047042,165.61931376900344
4048043,310.1008592190372
4049044,299.5594342704382
4050045,265.829960654594
4051046,233.55029899014798
4052047,191.3800403354738
4053048,280.9022956991925
4054049,120.22655348602031
4055050,236.23794467550334
4056051,267.703375001623
4057052,150.861866471896
4058053,92.97771455103252
4059054,304.4419100976122
4060055,250.42162377775
4061056,119.6809355792134
4062057,308.9562475476707
4063058,172.96626893873145
4064059,166.7636834639139
4065060,302.0994026526414
4066061,301.1564988161916
4067062,222.54833890848997
4068063,213.53045857010392
4069064,247.13297899615955
4070065,211.6484390045588
4071066,183.68764126275363
4072067,231.54025626008448
4073068,210.5133638857398
4074069,180.98887141583643
4075070,307.7508703108605
4076071,127.29848482326585
4077072,185.25984536007599
4078073,227.96293559657326
4079074,202.4693749091129
4080075,315.35351610105664
4081076,287.90650627033483
4082077,175.2925841908806
4083078,310.15948909214774
4084079,284.91548648670283
4085080,286.39672060733756
4086081,273.26773843036506
4087082,219.2543350245018
4088083,214.5271702355445
4089084,171.8549223935997
4090085,267.8990213798361
4091086,340.643366552377
4092087,283.966132068269
4093088,275.4259038827536
4094089,103.84766458778216
4095090,291.06808920815024
4096091,219.50613536890398
4097092,219.22253970596734
4098093,204.8734875172729
4099094,226.15072169584494
4100095,185.77553774964784
4101096,207.49122412620417
4102097,299.42557272471237
4103098,314.32633598950486
4104099,271.1633871993458
4105100,287.12483193708124
4106101,307.7670069966985
4107102,176.01992596182924
4108103,298.1174131243049
4109104,229.65382226447744
4110105,243.9634243906156
4111106,297.46533738111776
4112107,211.50933536091296
4113108,208.4700847311155
4114109,265.8654214084901
4115110,302.11382682483145
4116111,257.0785707946743
4117112,287.4812856404985
4118113,288.07569221320034
4119114,162.9674470244073
4120115,266.44084994954324
4121116,173.87311077119455
4122117,302.9319504026816
4123118,312.9252955857013
4124119,271.19327553674935
4125120,252.37559669417445
4126121,260.9594266874261
4127122,52.59900365233935
4128123,330.4361964707219
4129124,210.30486046908547
4130125,291.89037526020275
4131126,211.19575870920013
4132127,322.7773235747101
4133128,196.21795046765175
4134129,193.1290583262687
4135130,117.44713264791338
4136131,187.1350085532472
4137132,298.13826934861356
4138133,211.79602663613608
4139134,104.26256869243237
4140135,342.5701426216307
4141136,286.51973169229825
4142137,34.93145252096395
4143138,323.5877725514188
4144139,235.4903816172841
4145140,314.6460570114153
4146141,314.77613285216967
4147142,289.870966615504
4148143,281.15824506365965
4149144,351.57352616465727
4150145,164.18523797071947
4151146,350.93669885002896
4152147,300.1903932099583
4153148,180.66120969279828
4154149,211.73842887321067
4155150,224.9345916230834
4156151,140.3674407112224
4157152,324.37914644534476
4158153,343.4046999009586
4159154,173.81443488472806
4160155,286.8463332133618
4161156,198.38106146157122
4162157,317.68721674021293
4163158,282.8585795398041
4164159,278.95704985356747
4165160,232.94124782497258
4166161,318.0261014630008
4167162,57.16278531888045
4168163,325.5409250744622
4169164,129.18289587507013
4170165,94.44374057507969
4171166,298.7923520719997
4172167,233.70266886925165
4173168,268.55742498893306
4174169,238.00353438546577
4175170,310.2701632603778
4176171,267.885725944836
4177172,165.13363264240084
4178173,120.44778836999119
4179174,81.38286179607313
4180175,274.064514421145
4181176,290.1372331276883
4182177,122.92172314595703
4183178,209.5117984375745
4184179,226.7497615337122
4185180,79.19990203567005
4186181,70.36072849874299
4187182,265.4394387091061
4188183,313.7253621537586
4189184,302.4855036818191
4190185,185.95290763917978
4191186,215.40206891947233
4192187,219.2455793708273
4193188,186.1789019794624
4194189,178.10585633024075
4195190,153.7903915637588
4196191,206.2253658298717
4197192,218.30217643425723
4198193,231.52597446808952
4199194,318.36831454886556
4200195,326.59101118899247
4201196,193.14253334944627
4202197,295.9928601381405
4203198,102.14998239073309
4204199,321.9441282154092
4205200,331.3786332804549
4206201,57.388432298223535
4207202,266.144483496624
4208203,256.5018710088046
4209204,95.4785376063566
4210205,305.9804967607428
4211206,231.28629299389627
4212207,121.37055982722148
4213208,332.4914730320104
4214209,187.45561289506688
4215210,315.6131337925905
4216211,195.85801570338847
4217212,226.77649247786965
4218213,121.81785482830709
4219214,293.22214602327404
4220215,213.0489120550356
4221216,202.37042231130997
4222217,304.01803606014084
4223218,315.03246364611783
4224219,128.54540622147078
4225220,95.67252680244735
4226221,316.03101983912774
4227222,155.44333985935276
4228223,204.21140799436762
4229224,218.62644036052194
4230225,300.55539665052055
4231226,258.6047722103058
4232227,239.18295669353293
4233228,204.14607064074434
4234229,76.34729714086491
4235230,276.9467337096902
4236231,269.0170354808142
4237232,306.0146073411508
4238233,275.782000160961
4239234,313.269615998166
4240235,318.95054687422265
4241236,285.59172050025546
4242237,70.20927467169665
4243238,291.2119893253392
4244239,313.75827204071567
4245240,166.54661290100807
4246241,195.41925441247673
4247242,247.59360302387097
4248243,188.09395667429678
4249244,188.23573609202379
4250245,306.24444302654507
4251246,125.19762101525761
4252247,87.07574827327379
4253248,247.82207380144078
4254249,186.42331474978332
4255250,134.81742798823322
4256251,245.18949640913738
4257252,113.66088104910985
4258253,114.13914250152183
4259254,82.2225537170441
4260255,214.38326331053437
4261256,196.2419458771634
4262257,158.5634111892877
4263258,334.8459213310116
4264259,229.57182345523438
4265260,229.15671084403417
4266261,149.55618708274642
4267262,292.9291215716977
4268263,72.89258336618245
4269264,300.3953501819555
4270265,327.97220519358734
4271266,140.6734226108313
4272267,177.61460583142784
4273268,172.65001594361541
4274269,303.6795331536483
4275270,322.2845271208778
4276271,152.9584795631993
4277272,198.58495694828298
4278273,88.6880957555136
4279274,320.33015682661744
4280275,88.47877665442678
4281276,63.49801735405833
4282277,283.1669753817918
4283278,295.0107114475702
4284279,166.64566876446335
4285280,96.46665558608643
4286281,117.32274061203587
4287282,102.13835466201441
4288283,270.3737869625835
4289284,311.1174952657091
4290285,233.0029778541342
4291286,271.1026260131039
4292287,245.35024465151164
4293288,195.80399513690804
4294289,146.10760241345457
4295290,216.89299776321985
4296291,245.1544835725946
4297292,175.88025904105825
4298293,82.92567185666135
4299294,166.4914963732226
4300295,261.15718343164724
4301296,209.86106844348961
4302297,177.3918137784178
4303298,206.2105695289511
4304299,129.8628564710089
4305300,214.63586030469648
4306301,129.6213220137451
4307302,206.09024630136935
4308303,247.4420392657662
4309304,268.0997942481748
4310305,190.04847552954445
4311306,101.6082072182088
4312307,220.27377977549395
4313308,119.05942768016335
4314309,271.5745133602164
4315310,106.01822017762193
4316311,228.82114849094305
4317312,234.98832028623872
4318313,177.2678512866786
4319314,101.51885820158728
4320315,252.39015961764468
4321316,228.91300306808913
4322317,218.96831112166308
4323318,209.0128064733067
4324319,133.99981934451884
4325320,279.4532339614047
4326321,168.7709128080896
4327322,256.86812338191504
4328323,162.03189349870678
4329324,177.2558334036468
4330325,108.59836477227847
4331326,177.9962683210996
4332327,115.71013182013318
4333328,223.16489114517407
4334329,270.7085676977028
4335330,279.07605861374066
4336331,140.63773463993004
4337332,155.32671202356855
4338333,198.10847196897907
4339334,223.4028175149012
4340335,145.7167071657367
4341336,224.57801832397408
4342337,102.37148714825891
4343338,201.73013370837364
4344339,59.93864873014036
4345340,208.8714327224553
4346341,219.99764813636634
4347342,303.89910653117875
4348343,130.39906053254452
4349344,245.40437903170542
4350345,82.91819157793137
4351346,264.74710955253295
4352347,127.69080176953626
4353348,197.9664474447239
4354349,85.2515589178535
4355350,165.10776276024438
4356351,225.89762698949986
4357352,132.70687506652493
4358353,183.7060547979565
4359354,104.4976666121023
4360355,91.79148006598005
4361356,182.53416984398893
4362357,204.37243614156262
4363358,133.21353785971115
4364359,277.9376370590606
4365360,183.71247766342512
4366361,71.52092863638329
4367362,168.25321567175828
4368363,82.43822182465578
4369364,75.85196491122709
4370365,136.9999458814255
4371366,219.55384515419954
4372367,91.1724865389219
4373368,303.0288945286755
4374369,170.2841614626624
4375370,184.10115759032172
4376371,166.0039218860592
4377372,258.3399031947189
4378373,189.6534693498513
4379374,108.40914232594832
4380375,277.63540842288916
4381376,156.96997189106762
4382377,69.93469622802755
4383378,181.20457039430738
4384379,257.2818634452177
4385380,201.28745370976182
4386381,109.31995087297119
4387382,203.12523137357772
4388383,219.3462755190428
4389384,177.8860280444879
4390385,165.02190930561284
4391386,264.53626907967254
4392387,226.6990719846398
4393388,208.32751581600053
4394389,141.25446669754945
4395390,183.93072889202583
4396391,298.61167057246337
4397392,140.74916004130864
4398393,280.6705901099272
4399394,205.71260728768888
4400395,205.92037992721822
4401396,194.818248094046
4402397,249.45942218200162
4403398,194.07410258368583
4404399,191.32020509650266
4405400,91.38968933436541
4406401,182.6647846687477
4407402,174.72204279901882
4408403,76.79475230682215
4409404,113.28723374048536
4410405,281.3514080778338
4411406,227.23662863297304
4412407,210.71779537859211
4413408,227.8118962658634
4414409,132.58231070178206
4415410,292.1095375551495
4416411,148.62317961617276
4417412,277.94544041737964
4418413,76.73443780340128
4419414,113.24221225817205
4420415,248.12221998768626
4421416,194.99047087513662
4422417,57.19099849789874
4423418,255.49917912733537
4424419,214.37423704918382
4425420,181.32341134012034
4426421,272.994743205668
4427422,146.57159864742297
4428423,183.39923878518235
4429424,121.11971298976903
4430425,77.65463857971949
4431426,279.4016260110662
4432427,194.42579321800451
4433428,107.56912175383592
4434429,86.34285134186749
4435430,170.59502019749516
4436431,105.14248759504753
4437432,197.488292514776
4438433,139.5801950216689
4439434,277.4276123983013
4440435,168.772248156161
4441436,85.15101624366302
4442437,175.64120327655053
4443438,233.73401292104003
4444439,257.01055006935246
4445440,206.09991022088352
4446441,202.4020215342514
4447442,254.14463456147615
4448443,278.9736611009784
4449444,184.26211812860407
4450445,283.0551936036663
4451446,184.70901541274287
4452447,162.2495474557067
4453448,148.72428331670972
4454449,83.5841519014617
4455450,90.07610492531693
4456451,252.8470804273429
4457452,222.61628199481336
4458453,130.40574683317357
4459454,145.92942409958118
4460455,265.8595093673925
4461456,191.6091075458353
4462457,109.82662080735231
4463458,247.83974913466895
4464459,302.99085249167035
4465460,28.307881637127515
4466461,70.48226091813011
4467462,73.19777719514401
4468463,148.45481723526393
4469464,236.11550313800558
4470465,282.2818464588714
4471466,268.7463455047764
4472467,223.29764392264158
4473468,119.99681360030075
4474469,119.69515473992841
4475470,98.40053507564242
4476471,117.1724808785598
4477472,75.19114124363782
4478473,281.7814566461645
4479474,206.22630299250469
4480475,196.90528912838505
4481476,121.43429642288899
4482477,191.20282632018876
4483478,299.0253048491515
4484479,291.9621291985305
4485480,81.84346029299807
4486481,254.3680658549515
4487482,128.07868008567687
4488483,275.12064536330365
4489484,250.35553423525155
4490485,264.6678422197622
4491486,163.62452326011373
4492487,198.3810255848622
4493488,76.83923560983041
4494489,160.86420395496577
4495490,159.69876388284007
4496491,327.0401826386695
4497492,237.66109202977952
4498493,308.7739860859353
4499494,289.01207534053185
4500495,287.50401547916
4501496,202.79315064904603
4502497,109.96327008235018
4503498,235.39155356869026
4504499,276.2194069452764
4505500,293.45023458591317
4506501,252.1637557399931
4507502,126.39234965902895
4508503,80.38161036423445
4509504,153.6087440947526
4510505,264.9704545398616
4511506,177.44680595106732
4512507,102.38841230084249
4513508,306.8241505876536
4514509,204.7455826718605
4515510,289.93280631771404
4516511,240.66105613393177
4517512,112.15666832616851
4518513,76.01825664600683
4519514,250.37113543991128
4520515,276.5755826436579
4521516,228.25842304207035
4522517,267.78567131782484
4523518,101.07908452205474
4524519,131.04676712871066
4525520,106.75102729273259
4526521,199.57614904924614
4527522,158.42255498731174
4528523,203.9233759998615
4529524,267.1991301661259
4530525,126.77672487273253
4531526,94.0979029707086
4532527,239.39007073653343
4533528,159.05075387373225
4534529,318.1749341393352
4535530,88.80261163229146
4536531,273.40296789164296
4537532,273.2620205417717
4538533,205.7978835412285
4539534,275.38967523099063
4540535,82.90292013468007
4541536,250.53481042572332
4542537,254.51555409850047
4543538,203.01269063554557
4544539,232.51086751715982
4545540,166.20827694525704
4546541,94.7743736473525
4547542,64.6036623393586
4548543,209.200720843523
4549544,176.75913671604295
4550545,75.33738668604687
4551546,196.7356448806092
4552547,178.694398471476
4553548,209.07616432832788
4554549,110.92896374885042
4555550,292.22839220482314
4556551,237.48779949104002
4557552,215.54047073694608
4558553,174.23806263265615
4559554,335.2450207493547
4560555,311.1232477995187
4561556,168.88667164519794
4562557,184.91917083544408
4563558,58.850844371331334
4564559,325.14196027388107
4565560,35.312595177701496
4566561,153.74370322080415
4567562,285.6870656314236
4568563,304.8796365755132
4569564,167.22438852602613
4570565,281.870753499665
4571566,333.3084190429239
4572567,176.3073424765886
4573568,202.14391842266937
4574569,199.53903555146485
4575570,198.72225380821547
4576571,177.8889542278458
4577572,77.28589966346937
4578573,264.8045281168573
4579574,304.7025894864085
4580575,199.81305323867628
4581576,315.458002490721
4582577,330.39469630234265
4583578,193.9529352566001
4584579,63.574475643851684
4585580,302.30427672879466
4586581,261.67177469686555
4587582,310.3434670167481
4588583,331.7958963918477
4589584,185.06170240819966
4590585,215.2838080728197
4591586,221.55385812256839
4592587,186.80116152155782
4593588,284.94547711616553
4594589,180.7718607974244
4595590,286.0300808134535
4596591,238.2457296980173
4597592,66.92059774319227
4598593,127.69851284108167
4599594,333.03123046058244
4600595,75.32762185531257
4601596,293.14655425945665
4602597,275.01917970515024
4603598,280.5378825704285
4604599,288.8368419467424
4605600,306.7823097754777
4606601,152.9090684978911
4607602,300.36706747045963
4608603,282.8930964483406
4609604,230.66165770807564
4610605,250.41403536058132
4611606,90.1529913752789
4612607,125.51853986191401
4613608,280.7771684243767
4614609,191.03752070786916
4615610,208.07739045146138
4616611,290.76555199246894
4617612,277.61404457577487
4618613,139.82859171436476
4619614,73.8971151888283
4620615,249.08575728170848
4621616,241.1495331245308
4622617,311.7689323807718
4623618,296.2723000893738
4624619,194.07148838418917
4625620,294.32990155179937
4626621,160.18566929349322
4627622,300.9728950258593
4628623,302.91205564315436
4629624,170.52395456182353
4630625,101.75385754771101
4631626,204.57125674301113
4632627,267.7501658120812
4633628,270.6162019257994
4634629,193.9774186121516
4635630,291.9898903111217
4636631,89.9011392672125
4637632,65.15285085989358
4638633,146.9329086032951
4639634,60.156526245085416
4640635,269.2853134984764
4641636,239.49463045776128
4642637,322.46038958717753
4643638,300.7699212255499
4644639,240.99327430703636
4645640,86.3102304296307
4646641,171.9003684693973
4647642,142.0100895575383
4648643,216.13269954898905
4649644,176.656028798518
4650645,268.8772984148332
4651646,287.00765497268986
4652647,216.8836272964239
4653648,118.47793311513986
4654649,91.49155829026529
4655650,199.94962504952588
4656651,229.75136649901236
4657652,270.95503150806775
4658653,206.59185067658743
4659654,130.70501026054515
4660655,152.00705996249982
4661656,232.19497942024844
4662657,314.66308851810766
4663658,79.24239759905397
4664659,205.03170004124442
4665660,199.22025629739744
4666661,298.6668385988456
4667662,172.37791701981294
4668663,81.20069721601044
4669664,169.77834287002744
4670665,270.2603836423344
4671666,190.9645091572363
4672667,226.9921014469547
4673668,137.65156792230567
4674669,100.95061076513194
4675670,147.15945505762207
4676671,187.89960460885828
4677672,208.0501353953693
4678673,89.5343133748531
4679674,277.4003036935912
4680675,89.3209745344697
4681676,219.77146465026098
4682677,181.84629717170444
4683678,201.0462483642702
4684679,214.1949414667356
4685680,314.2609336230799
4686681,117.86267442634588
4687682,269.06549433010906
4688683,313.07650981861883
4689684,110.4281937226171
4690685,293.040121054458
4691686,250.85775280435993
4692687,269.84569240396075
4693688,281.25861750187454
4694689,43.63406799195179
4695690,171.2075740217138
4696691,125.33793796559884
4697692,272.41441404193984
4698693,66.6522202075516
4699694,80.03599929407561
4700695,314.615314213543
4701696,286.7679262847312
4702697,44.24707467399286
4703698,215.72519892700691
4704699,315.31598771887167
4705700,209.69851624971747
4706701,207.51244854707738
4707702,320.8971676136321
4708703,102.53632327325234
4709704,204.3894664025157
4710705,245.48067980983882
4711706,297.0083842853411
4712707,307.70851076013236
4713708,259.3886669783893
4714709,206.241471801471
4715710,293.93249795186057
4716711,264.31260492511245
4717712,241.63927259981656
4718713,230.32116156479938
4719714,315.14736052300583
4720715,69.15630483454551
4721716,198.58321757493903
4722717,124.91884929852269
4723718,316.6357841763212
4724719,235.96453931978365
4725720,264.0700384229283
4726721,318.16871042316797
4727722,287.0592396815842
4728723,299.4014176971818
4729724,219.58246841022898
4730725,81.3129693603416
4731726,274.7362636351918
4732727,334.1819659396342
4733728,240.69498023656158
4734729,281.9332441630567
4735730,149.37832044270692
4736731,228.92256153604515
4737732,319.1136731076138
4738733,130.71475354918266
4739734,229.50090655592984
4740735,195.9744750214198
4741736,26.51543200348107
4742737,287.29640763004454
4743738,109.95807980210728
4744739,288.06176366347165
4745740,26.02914093697147
4746741,119.40101270471449
4747742,158.18051131965674
4748743,96.5641550168357
4749744,268.24827492881377
4750745,122.55003743570892
4751746,78.43254244890908
4752747,240.05794289755946
4753748,254.04392912637587
4754749,33.086342650078386
4755750,230.40928821286474
4756751,199.2470151369845
4757752,294.41185560165127
4758753,262.84347241284394
4759754,286.3041299517101
4760755,292.97678519787485
4761756,264.72743405146167
4762757,134.35813042966788
4763758,101.61969985173928
4764759,161.5619399812569
4765760,231.8724732141674
4766761,126.01302428693074
4767762,137.3949352411235
4768763,256.65772750590435
4769764,239.42337915440822
4770765,218.02277976726504
4771766,27.643594414103482
4772767,267.6575932786016
4773768,267.20596687456873
4774769,231.24444729962184
4775770,311.67007660232247
4776771,67.21107876326319
4777772,103.15256060119621
4778773,75.66679361035038
4779774,299.186459304699
4780775,251.16428202719038
4781776,253.969931915859
4782777,291.70685421419944
4783778,120.09168055736001
4784779,272.7110509559334
4785780,301.86346168668433
4786781,224.05679492322844
4787782,172.211246467802
4788783,112.62699929172712
4789784,215.69891548160024
4790785,165.8086402260776
4791786,212.23663363475777
4792787,178.256552285118
4793788,182.82699805825527
4794789,282.5413482867192
4795790,298.8737560893261
4796791,91.6968626908474
4797792,295.35940247998417
4798793,282.81593481602965
4799794,87.81453273406484
4800795,188.35169674334313
4801796,58.50297650420175
4802797,171.7927943282063
4803798,27.361539719676756
4804799,198.56287864312796
4805800,240.60389295624404
4806801,282.30239474258536
4807802,179.7494899079909
4808803,193.59671338645163
4809804,143.18769350560308
4810805,298.87489269783924
4811806,202.94643018657925
4812807,204.36730531674715
4813808,226.4948015526946
4814809,101.16855791703868
4815810,272.85415033463323
4816811,298.22369824298323
4817812,156.10109489637208
4818813,210.1661291792822
4819814,287.634248611604
4820815,177.25438442843392
4821816,69.64202768244094
4822817,150.1349151480797
4823818,74.44469882125787
4824819,195.89665802850342
4825820,139.05751142455395
4826821,143.2555694755191
4827822,153.5943805956277
4828823,319.5534076776582
4829824,271.4063799704518
4830825,285.6607042346816
4831826,51.897809566130256
4832827,198.20232274414352
4833828,244.69197379993815
4834829,278.394573102208
4835830,92.69704325566725
4836831,308.9193685530978
4837832,275.3745511898032
4838833,222.3743092064236
4839834,128.89641006525477
4840835,324.268156608065
4841836,264.6085059474064
4842837,319.1922995686668
4843838,323.3670087579174
4844839,293.212958276462
4845840,104.46561980828034
4846841,98.05127362429222
4847842,226.24600820881008
4848843,190.95731225704128
4849844,291.9437169065103
4850845,151.127782496957
4851846,232.57332851773293
4852847,59.142989710805864
4853848,255.32905230753357
4854849,293.3189107560889
4855850,174.37554714406352
4856851,109.3650870355009
4857852,294.54414496429143
4858853,266.74612231525947
4859854,267.8433926888831
4860855,299.32567597335714
4861856,143.4404532892703
4862857,225.99604374758752
4863858,214.8635122341494
4864859,307.0072551458199
4865860,279.37781704278916
4866861,64.02899314900658
4867862,188.992982284359
4868863,181.19770391489385
4869864,170.55509535628124
4870865,231.92240039283416
4871866,285.8301052318679
4872867,78.08545241436752
4873868,152.14766560543126
4874869,82.96278848679287
4875870,150.38085106359898
4876871,190.0050485900165
4877872,95.43071026119377
4878873,231.11155265933562
4879874,185.8159325183416
4880875,88.44345710099799
4881876,152.10045985719992
4882877,95.3339936061202
4883878,134.57993688631313
4884879,158.55912765516075
4885880,178.35105120417649
4886881,189.87728399027387
4887882,130.26590296909964
4888883,261.9268080414085
4889884,302.04896529529367
4890885,221.03451777791565
4891886,202.4761749246609
4892887,175.65883216207754
4893888,221.5120493680096
4894889,82.56715588022321
4895890,105.99526770140866
4896891,83.8131853978074
4897892,213.97094541584087
4898893,50.46094826604328
4899894,268.25359433779
4900895,154.683185817478
4901896,40.40624921735128
4902897,47.86223298453176
4903898,271.72637955979695
4904899,136.74595510195576
4905900,71.55219305627415
4906901,322.77386176268453
4907902,233.6009996450582
4908903,53.06530026398691
4909904,231.62663107600684
4910905,27.695334328182888
4911906,35.953261535747465
4912907,286.7137758822389
4913908,183.57711087359596
4914909,119.36606909207723
4915910,261.5529343450532
4916911,156.60102699312876
4917912,284.2340133134379
4918913,222.28364339747898
4919914,171.0117583184149
4920915,57.975425009551216
4921916,303.97190231947843
4922917,170.34449353088627
4923918,201.89997206206056
4924919,85.14520081948451
4925920,264.0692172970422
4926921,198.1715606386046
4927922,250.06364070939512
4928923,296.858772867274
4929924,87.95477651906991
4930925,219.6159749756178
4931926,158.83836300006564
4932927,165.65726686095547
4933928,87.69828844189388
4934929,161.70440514569177
4935930,204.84998057572813
4936931,125.27498391090238
4937932,178.25124921986597
4938933,142.3217536952807
4939934,139.44173625279504
4940935,138.63713756170802
4941936,160.4054551069207
4942937,189.0239927229112
4943938,197.3910174352632
4944939,280.80127832098475
4945940,29.744656878656535
4946941,138.62078659893967
4947942,176.52323910639734
4948943,86.06443042591103
4949944,246.5616227199264
4950945,165.96585221103365
4951946,28.646847303910736
4952947,99.12226420380478
4953948,152.14407920227433
4954949,144.8484761253678
4955950,184.18040627947605
4956951,135.35885310501396
4957952,162.540758593837
4958953,82.46265025479721
4959954,105.35443652326386
4960955,278.3118604649605
4961956,169.96767767441506
4962957,85.25413096539036
4963958,129.67641379747795
4964959,203.48311857451455
4965960,86.89909912546308
4966961,132.29029725648252
4967962,93.51060633778924
4968963,91.74716587656567
4969964,198.56369566538538
4970965,217.63793874569456
4971966,91.21127780370435
4972967,222.45047054867618
4973968,191.75085152306409
4974969,130.84712853480184
4975970,104.90721262051116
4976971,140.89514160077954
4977972,101.0257657532447
4978973,171.99297541128368
4979974,172.58592918804402
4980975,185.13797806153946
4981976,94.64719885138537
4982977,242.67125760957907
4983978,85.73048972326636
4984979,66.40656722713081
4985980,125.14932645413086
4986981,116.91441975277074
4987982,58.932442840240036
4988983,109.18070103999878
4989984,165.16362076203598
4990985,112.12856356755648
4991986,86.69932807641574
4992987,117.72496834923705
4993988,101.17388700215184
4994989,226.25682676567519
4995990,79.8923490469823
4996991,120.883541177268
4997992,106.07776992621034
4998993,166.3459905307585
4999994,83.36038907357309
5000995,98.50928708434672
5001996,204.81194329810225
5002997,167.2343786030113
5003998,140.0515528000131
5004999,195.90415700492673
5006000,80.88799702633126
5007001,134.19039709615643
5008002,213.16069534705557
5009003,211.0803486952487
5010004,199.38624031636823
5011005,239.1745485491669
5012006,203.36819936223685
5013007,36.33386327676318
5014008,252.01444582728925
5015009,65.29271339228839
5016010,90.04572991807052
5017011,261.192916610738
5018012,128.26368242012475
5019013,235.59551661725146
5020014,146.43833969586686
5021015,140.81959173668247
5022016,212.8057420216724
5023017,248.20039877817436
5024018,243.84184003883917
5025019,146.74645249172508
5026020,153.90144667560378
5027021,28.775652854619857
5028022,105.47052053135492
5029023,271.80527235851036
5030024,253.8427519282418
5031025,106.62883971336848
5032026,187.71890065107854
5033027,117.08695001110584
5034028,180.51813330002867
5035029,48.43124330845337
5036030,68.84534034169856
5037031,70.46081715861614
5038032,216.34239851276837
5039033,155.61135096558237
5040034,170.2864901741055
5041035,55.189647886091684
5042036,183.95789325013357
5043037,226.66598219044425
5044038,167.5418096810329
5045039,43.64483173419704
5046040,114.606660847277
5047041,83.71303422220437
5048042,232.06338110431986
5049043,183.58907774069888
5050044,136.10271612979162
5051045,40.47108234605472
5052046,226.35547930763323
5053047,84.58566154750504
5054048,243.22913854638853
5055049,115.70980031950343
5056050,273.0703356006701
5057051,193.74827108199386
5058052,190.93116374251923
5059053,134.9319951401894
5060054,241.42661889508545
5061055,70.24715075137702
5062056,85.93382772505701
5063057,163.0687058343664
5064058,239.43420870774347
5065059,158.81777355997602
5066060,45.17840050478995
5067061,96.26840858604227
5068062,177.79875956248006
5069063,213.65078988476046
5070064,220.32531645550262
5071065,265.935798277508
5072066,62.51814022585202
5073067,67.27125970941589
5074068,132.27728073784894
5075069,55.17069267818996
5076070,29.647739740389706
5077071,182.20396084950633
5078072,161.18472770570705
5079073,259.9017274637374
5080074,27.061135692465616
5081075,120.73994947087596
5082076,288.0087839676732
5083077,143.18508262927622
5084078,269.0560250192517
5085079,93.6530479327171
5086080,30.681271890081412
5087081,191.48357226694299
5088082,292.0070258578078
5089083,67.95886076898184
5090084,260.1032700759082
5091085,36.446461074975886
5092086,171.05466571741263
5093087,72.92633071514256
5094088,88.67020044215928
5095089,56.81106190858932
5096090,262.33896958123347
5097091,30.457398635368424
5098092,85.3693161292668
5099093,213.2467532883746
5100094,171.5144145473438
5101095,117.32771856565907
5102096,208.93761032834348
5103097,110.13426372443273
5104098,196.94637437035968
5105099,75.76642301145583
5106100,60.337821201894634
5107101,185.77041431785602
5108102,78.24699679208378
5109103,74.55580477290084
5110104,262.29863958425017
5111105,184.89613698905717
5112106,69.4178694075222
5113107,193.41254866149052
5114108,105.51396305192618
5115109,127.95475185134703
5116110,25.99607569802419
5117111,206.05924865966438
5118112,218.6371937245682
5119113,226.10630337739317
5120114,163.10016830668692
5121115,117.95610269963913
5122116,89.01278834386838
5123117,181.328069108347
5124118,100.14394546384207
5125119,58.765049467432576
5126120,230.10701906626008
5127121,219.56639191813056
5128122,215.74589210816174
5129123,56.24714676576864
5130124,275.6460707285044
5131125,193.73487378829165
5132126,29.601795296819414
5133127,149.85132850465936
5134128,174.2575229815376
5135129,154.22666172330386
5136130,71.62474367717314
5137131,264.9726433436697
5138132,204.1962323449071
5139133,182.17511490146745
5140134,33.70446872395989
5141135,265.8901111379149
5142136,237.8348256677352
5143137,109.2957160405441
5144138,255.09963887838785
5145139,262.11049900762316
5146140,86.9556420878652
5147141,142.23685337990406
5148142,30.176307298984828
5149143,52.519428350609225
5150144,140.72300134754016
5151145,43.98027547317943
