timestep,episodic_return
1000,114.3551129026191
2001,31.991406849331025
3002,54.30367587225856
4003,24.369113640218554
5004,72.7036091195594
6005,10.355674022940708
7006,22.349929733303274
8007,6.021926691804197
9008,21.24776653445397
10009,49.43418942289194
11010,86.31222319618497
12011,78.72297309137795
13012,82.85179179106728
14013,69.03549078595343
15014,125.88256161481144
16015,157.68366293252666
17016,72.59600594092802
18017,149.9878124662553
19018,153.95837818304685
20019,65.68051374192393
21020,188.65084939428783
22021,229.46353562714637
23022,162.96778139116813
24023,169.9521967779092
25024,162.15883036842456
26025,127.25906369994956
27026,202.6010968129036
28027,179.73206444790515
29028,90.02191499641208
30029,98.40049711594116
31030,187.61481423141572
32031,141.76196028293742
33032,40.58130479390132
34033,212.8592818112457
35034,180.3530916264481
36035,164.84073582412572
37036,243.38327621154968
38037,193.7940048155035
39038,228.95812941736523
40039,246.05950170177647
41040,217.1449013436812
42041,195.95031611885827
43042,203.24844256675726
44043,173.64920695952776
45044,183.83672565393374
46045,193.9998397172834
47046,216.59788184599077
48047,67.3351836181873
49048,200.74742043846055
50049,189.64523241057495
51050,233.32529500293705
52051,251.08395442580394
53052,171.5953674118338
54053,230.81746613281118
55054,176.03854371686475
56055,185.90830066031742
57056,278.58675395217074
58057,252.31404310307164
59058,218.8817766733126
60059,320.43478249487026
61060,237.75497853354446
62061,249.259457745951
63062,205.48319426965375
64063,211.22235835112727
65064,14.379845290291769
66065,225.01436879703527
67066,226.48935095804165
68067,236.7610905723895
69068,227.70441186489577
70069,195.81107277531066
71070,187.27904380202648
72071,249.59755304210714
73072,251.8345086948447
74073,198.2193630186368
75074,205.63836799641285
76075,198.18873029292965
77076,242.0846253486772
78077,237.93048802190953
79078,202.73738593073676
80079,198.89219085531536
81080,298.3599645378332
82081,177.47742139659363
83082,259.9124785534022
84083,191.92411961938973
85084,246.767752489436
86085,178.2358642580286
87086,194.86609663856095
88087,237.7347165462461
89088,255.024891064242
90089,183.75909741201718
91090,163.71728045930243
92091,229.4658280496686
93092,232.02928107107797
94093,262.64061080752487
95094,201.24574161775274
96095,220.05981033912278
97096,219.10583651113444
98097,214.9000443841974
99098,301.79398164867115
100099,294.13722786149714
101100,228.39984980511267
102101,218.4803317606473
103102,271.8561227202315
104103,226.73705484942639
105104,260.5898869100237
106105,227.89701069910592
107106,235.24303559706917
108107,184.55420007555452
109108,302.23413346500183
110109,325.2045709089604
111110,187.2812086223401
112111,217.64712148678615
113112,276.32059932014056
114113,213.90890494581518
115114,234.09179304909617
116115,198.24198934233016
117116,305.33001008529754
118117,236.78891725615702
119118,263.70959988711263
120119,185.62125803790948
121120,243.44656456431554
122121,232.05602865855525
123122,245.0072566549734
124123,229.08461142743252
125124,221.3127746731463
126125,252.66505718090784
127126,241.53466155102166
128127,208.89475424673623
129128,237.95530335419306
130129,220.45777581344203
131130,229.7930676281239
132131,246.01387769635483
133132,249.61891252385504
134133,228.9448578346337
135134,364.14328136556816
136135,223.0331984186662
137136,337.92522226828606
138137,337.96654297434
139138,222.1849920516053
140139,262.5485534109232
141140,462.6433015252945
142141,246.7601678823117
143142,360.48217775942294
144143,232.85438875423253
145144,249.35045798398167
146145,325.26279767188936
147146,280.5131136638579
148147,224.24857901246006
149148,285.7440373623256
150149,281.44759304278637
151150,321.3788507736465
152151,203.498076622654
153152,206.43308650010403
154153,220.05186166236064
155154,276.6434762127998
156155,270.00957293671416
157156,311.117108897735
158157,272.2952736740715
159158,296.85869700774566
160159,293.57102826729545
161160,208.4813203639432
162161,365.7000274240821
163162,247.01681882102034
164163,315.1325937658764
165164,330.10775433760324
166165,477.2617935550909
167166,249.8320156674758
168167,266.6673527763761
169168,228.56658347451855
170169,308.0977166982843
171170,252.9869245898277
172171,213.4591226332486
173172,358.59478036655787
174173,460.5153494148591
175174,462.0285191196323
176175,355.9894389330954
177176,336.9559198461553
178177,330.0332226634432
179178,461.7864275597104
180179,435.6213134233221
181180,437.61310119941976
182181,354.15290552908453
183182,371.96284458337567
184183,468.9955145736364
185184,364.4484224833553
186185,394.66770751660306
187186,276.3117403887341
188187,299.79917437301367
189188,507.91386138592475
190189,496.5094640591426
191190,662.0317768471145
192191,510.04322571089676
193192,546.995959683108
194193,520.7821412413032
195194,398.31452219708376
196195,579.3882221760933
197196,439.66637375101686
198197,699.6035468781541
199198,551.1434320151536
200199,623.8200309679445
201200,665.5229628715023
202201,687.8189727939274
203202,650.1564537027814
204203,569.0771784109281
205204,716.7486344934186
206205,730.3313595944995
207206,724.1304216845153
208207,742.8637514833657
209208,729.3449500554693
210209,708.8851324770554
211210,747.3339786895854
212211,747.2949655344953
213212,717.5157526252502
214213,759.2804026199768
215214,502.13311676122623
216215,764.4905437127103
217216,738.6291783032068
218217,736.9833925014519
219218,733.5024547376722
220219,716.7678878311337
221220,718.9555258378615
222221,758.4904517828343
223222,737.2106780602986
224223,753.5979240003228
225224,734.8724603625615
226225,611.0813986524156
227226,743.1706550691079
228227,746.3466729893094
229228,729.3607754566148
230229,686.515713878446
231230,679.8150744769991
232231,715.2683712618852
233232,669.4161431550339
234233,671.0289975816295
235234,680.4683190269462
236235,669.9105320979538
237236,659.2187989709586
238237,711.4175335035221
239238,659.4172430015159
240239,714.2672241958452
241240,716.7296774816809
242241,708.0358785749003
243242,692.1426166441647
244243,678.8797376986968
245244,704.0763530236511
246245,714.7852615458858
247246,731.9424234689184
248247,714.100604989125
249248,729.0695504283847
250249,711.5129649849189
251250,700.9249231855456
252251,712.6032406889611
253252,712.7624542690214
254253,665.1841704615367
255254,742.4265711625739
256255,739.329093194658
257256,730.0331671097108
258257,732.3601353789637
259258,737.7462607765016
260259,536.4610687666953
261260,613.8004170889238
262261,709.4449400261148
263262,738.6025646212015
264263,742.5091026393621
265264,642.8404602524363
266265,745.4746255863304
267266,747.927237928431
268267,760.1784622668262
269268,736.1862375963032
270269,736.0008303928532
271270,250.58826583744803
272271,721.823325356213
273272,728.8259958963027
274273,688.495585492192
275274,727.836453513449
276275,716.4762253330439
277276,734.6944182471309
278277,698.8781240464766
279278,646.8695703437622
280279,725.4642438600125
281280,731.2694205099492
282281,726.8579212758294
283282,732.8183782115547
284283,728.0886644438482
285284,650.4499964941429
286285,474.1394364364765
287286,707.7164434078446
288287,724.7467164794368
289288,741.9865926480154
290289,730.5104148345113
291290,721.0640083174145
292291,717.9406906405363
293292,738.0677586392954
294293,703.281388626601
295294,714.1174116654095
296295,728.0749081330666
297296,556.2644009796471
298297,720.5697991260264
299298,709.2377934073544
300299,728.2337978238827
301300,633.2748006898183
302301,739.8108718709873
303302,660.4983256284057
304303,726.0231572830802
305304,729.1728475283435
306305,713.3499420320627
307306,738.6611456903772
308307,712.1057806335972
309308,704.529268498428
310309,702.1006866271824
311310,723.1029515013164
312311,735.8356604807936
313312,727.9423158668845
314313,734.5596241135116
315314,660.2201042057148
316315,730.3464870093617
317316,657.8922703026684
318317,696.5788818854782
319318,294.17125282341954
320319,736.9216127287121
321320,740.8336300075155
322321,372.32491304070203
323322,731.864288557273
324323,731.2798853540044
325324,653.2796723437547
326325,736.1411352128199
327326,720.7008572765063
328327,704.1516792909396
329328,722.9803190343614
330329,689.4272734559736
331330,702.3501982086237
332331,531.8118564976998
333332,735.9640512871617
334333,716.1766083335644
335334,692.3636178926129
336335,701.4685318282355
337336,394.4607484126746
338337,717.3303184159466
339338,729.5876211873558
340339,676.1094934715715
341340,715.4264735323578
342341,727.2300406249801
343342,732.1721708948158
344343,669.9236013736088
345344,719.3596181925041
346345,249.2360487845433
347346,624.1267598834464
348347,733.956928798241
349348,730.3863644455126
350349,732.0115261876166
351350,702.5339205003224
352351,727.3751150660677
353352,702.0077787715616
354353,239.47003773715463
355354,735.2178306123305
356355,706.950027921302
357356,709.0624826146544
358357,682.8532891844089
359358,675.0615901369124
360359,722.8882657234699
361360,712.8518171250682
362361,723.6407957209395
363362,681.5432942954621
364363,713.5251087021809
365364,715.7806676228536
366365,197.56705964640554
367366,661.8366662925082
368367,714.8076072614542
369368,712.7421773722932
370369,725.051956391272
371370,635.1509135691612
372371,723.9852614302578
373372,713.0696545274736
374373,725.3463150821514
375374,705.2618617622429
376375,703.5072758225112
377376,707.8787692501301
378377,714.4972483809779
379378,612.8486700109573
380379,694.7263880442935
381380,567.8416613374147
382381,701.0377963182697
383382,630.8118948557903
384383,485.75770443713924
385384,710.8957232885679
386385,701.1939209338525
387386,337.8068577467904
388387,694.7710650794118
389388,700.7962967212641
390389,697.2811921548123
391390,670.5222933721673
392391,690.4757234731044
393392,677.8076391467082
394393,665.0179363199983
395394,646.9112342110317
396395,671.77802106375
397396,682.9612279024163
398397,668.0020501258481
399398,693.1770303088282
400399,649.0752471825799
401400,600.3076832153027
402401,654.0881142675844
403402,611.8967615613907
404403,668.4645674354582
405404,675.6395739193582
406405,647.0105276484974
407406,629.0406809860482
408407,682.8241007915083
409408,678.4603407627085
410409,671.4353522035619
411410,591.3645071412584
412411,448.31556655765195
413412,601.2084217573956
414413,651.4831999197286
415414,665.5132880891153
416415,506.4096242459307
417416,667.7991391297885
418417,667.7714454024668
419418,515.8677520706213
420419,665.9577743256801
421420,569.7606294810454
422421,610.8630522973394
423422,614.3271755251401
424423,562.7769503230877
425424,596.7592562674506
426425,555.2457767095608
427426,618.0710358610603
428427,634.0588457661831
429428,532.6134928449235
430429,595.7116404119662
431430,617.6787537398473
432431,600.9859933236637
433432,619.9995090546983
434433,592.1154888813635
435434,643.2140693606991
436435,620.4851375323681
437436,599.5176635455078
438437,593.0694646212429
439438,537.673328806801
440439,646.0825113506619
441440,637.4379702024978
442441,621.5852761452855
443442,627.8589667871443
444443,636.965693423717
445444,638.8647732260195
446445,624.0048881476592
447446,642.2598336027233
448447,638.654750934274
449448,615.4311786955278
450449,630.3818089869308
451450,615.9031688156242
452451,551.4374427978559
453452,259.23328308889853
454453,627.3263510642298
455454,634.3266198066655
456455,613.8136437612469
457456,634.3295969519871
458457,604.6996533354934
459458,403.3038940306936
460459,601.7476654088316
461460,606.5032164379521
462461,609.0353042297745
463462,593.1213866906129
464463,598.1619932217617
465464,599.1299527651582
466465,597.427273408034
467466,598.446219047139
468467,561.3037290365862
469468,608.2927970354534
470469,593.7600824394275
471470,466.6903939021066
472471,590.0719737771751
473472,528.5390765166321
474473,598.1476685352197
475474,583.6176559948246
476475,550.5225425163488
477476,379.61445162086517
478477,564.1880536115249
479478,554.2838948809994
480479,555.6106001383714
481480,547.605449808078
482481,561.7841794121452
483482,543.6365838372957
484483,574.0652529143217
485484,590.1135841277081
486485,588.6654103231747
487486,567.2916232502178
488487,580.5228341728441
489488,550.4278289288203
490489,576.9574149620247
491490,562.8490982286746
492491,581.0616853475764
493492,549.2990574712288
494493,578.0652760733911
495494,579.0028693546852
496495,584.7126605628343
497496,569.8235783135518
498497,577.8070030849049
499498,581.1751568444711
500499,592.2674891894688
501500,610.2748931820256
502501,595.173956473238
503502,607.338924301509
504503,582.1742895662136
505504,581.0899746271443
506505,580.7191674197279
507506,581.0088968904324
508507,301.27034300429693
509508,575.3579639935509
510509,577.2298456033973
511510,566.2334714802315
512511,460.3993178281204
513512,530.6887059166713
514513,531.4964459171927
515514,326.09518528969505
516515,571.1929108388949
517516,593.3270052142243
518517,596.9237331827179
519518,536.9506570210024
520519,596.9719459211206
521520,571.045822692593
522521,579.4059094954209
523522,335.07149780357327
524523,576.1504998740605
525524,621.0922850109704
526525,626.3612672035587
527526,312.0727350129314
528527,595.6989902969897
529528,533.3553934980957
530529,463.23560129314336
531530,606.1828053217575
532531,533.1117609510238
533532,585.036810177477
534533,546.1723184479487
535534,611.266776119943
536535,611.0452409825523
537536,467.00630862882747
538537,470.6592693296648
539538,603.1228367209235
540539,543.3227746962172
541540,612.457805374029
542541,626.7625637653208
543542,586.8834727384693
544543,609.9273484675679
545544,622.8270587264655
546545,471.07029099810836
547546,612.159632089141
548547,622.7041410638409
549548,629.4998403912949
550549,635.639511907019
551550,630.7298639194717
552551,658.839820021759
553552,653.8910000574434
554553,646.4539276647065
555554,617.6243053134261
556555,640.7987802500539
557556,657.4043532575691
558557,660.3558381723757
559558,664.9897412893718
560559,668.3125311555839
561560,648.5439924000377
562561,672.7667355757255
563562,659.8166283815088
564563,653.2530992803605
565564,675.4790954311269
566565,679.7288952144677
567566,680.6022914303338
568567,703.7010418554884
569568,700.0033106954439
570569,697.8070143710635
571570,672.4355254348524
572571,676.9975762952179
573572,664.3542932558842
574573,682.6012915799703
575574,686.1298473568573
576575,265.2580108096547
577576,683.6921196211204
578577,679.651535695381
579578,690.9841162497221
580579,685.4995020175238
581580,695.3426972023276
582581,671.5852136112984
583582,682.0759663888192
584583,694.2912212764618
585584,701.9976930739227
586585,686.9468911810308
587586,673.4723972393288
588587,694.9867314908689
589588,679.1174715128582
590589,685.1548251025648
591590,689.790449018159
592591,664.2639831861813
593592,692.504259577885
594593,687.9893212759871
595594,677.2051324022995
596595,686.5222332646821
597596,669.8462802401713
598597,697.6630185274925
599598,695.2375127242599
600599,675.1275321542444
601600,701.383942967901
602601,685.7593804036335
603602,690.5005303657902
604603,360.7125940525488
605604,701.1733347615784
606605,697.7895871290252
607606,655.996976637151
608607,688.7476389870607
609608,715.2017663193791
610609,697.9209990592899
611610,691.4537901375799
612611,686.6025991646528
613612,709.0699512209783
614613,704.8271229305315
615614,214.8259406308103
616615,698.3431157948095
617616,393.933190340036
618617,655.7666342252395
619618,675.0641577517295
620619,680.745056926686
621620,681.7123076123783
622621,673.721394539214
623622,680.5695060663081
624623,656.6736716727256
625624,670.5187859364479
626625,670.2204131043203
627626,692.5698086397706
628627,687.0822130907809
629628,688.1433596275338
630629,688.6266219635686
631630,530.4317828492244
632631,644.942249405706
633632,644.8778290327883
634633,682.464100672761
635634,689.7714446664056
636635,700.5192766732108
637636,691.9866574974055
638637,658.1092569120661
639638,700.8282944121712
640639,671.1333158963672
641640,293.8293061577687
642641,688.7336010447085
643642,463.6272204168826
644643,658.6304180440817
645644,662.3803554237448
646645,219.2985050155951
647646,645.278250999515
648647,675.7015886377084
649648,612.4093471114683
650649,633.9534283861475
651650,686.2026945770197
652651,657.5400672446947
653652,662.9425214003561
654653,587.9762853296173
655654,595.255314102098
656655,660.0262540597489
657656,598.6755551517286
658657,676.5058031131957
659658,639.4141749406147
660659,272.5713206076781
661660,662.2927187139119
662661,649.1433632754224
663662,530.246402185236
664663,658.7933694814463
665664,650.2997435879744
666665,653.373876887804
667666,641.5704364158856
668667,556.7375959621655
669668,631.8288645674565
670669,675.1426997120509
671670,197.6347721367058
672671,528.2847049839927
673672,666.3757073684158
674673,650.3559361732501
675674,665.8680918542068
676675,680.6913279026625
677676,277.70162054782065
678677,617.3738588390137
679678,651.7978557994334
680679,581.9653538049965
681680,650.0359162323986
682681,609.6002525814317
683682,495.08533269773
684683,610.3190400824543
685684,623.7360770898838
686685,605.179754427055
687686,621.3411234634877
688687,656.1178866362866
689688,674.874234176041
690689,665.4474633523109
691690,672.0284716186785
692691,649.7722557897805
693692,691.1872032601624
694693,549.4553649140329
695694,644.768783687444
696695,686.8414663345687
697696,618.893082217436
698697,632.5336277099689
699698,663.9363781982534
700699,453.13564435766585
701700,194.82274379964701
702701,658.9077807114969
703702,630.7590623688253
704703,698.9426320172831
705704,669.6250328616577
706705,666.0890907993148
707706,665.5359446209534
708707,650.2044640941238
709708,694.9302268664602
710709,686.2800557951969
711710,671.1369719846251
712711,685.5049783715001
713712,681.2968784658772
714713,685.7680221711186
715714,670.6944795741732
716715,688.1407529208321
717716,636.1915183196089
718717,648.8403483226214
719718,685.543923288125
720719,689.9578172126402
721720,685.8160886588287
722721,679.7450314147461
723722,692.949166043347
724723,667.8372599932005
725724,684.3924587349039
726725,668.8737048646421
727726,699.6374338798651
728727,588.7378910526446
729728,647.1081446239233
730729,712.6165226304081
731730,676.7512403732914
732731,694.6598862393732
733732,304.6732520441769
734733,669.2234583322196
735734,683.5083334141237
736735,674.8484650846333
737736,703.849249201456
738737,673.8745941120326
739738,649.1575594605475
740739,437.9983928055818
741740,435.9548171265579
742741,696.383315340936
743742,684.8585633606132
744743,688.5681631517181
745744,649.7755394775273
746745,659.0386755196339
747746,646.2701915173999
748747,654.3785159565218
749748,663.1706560378713
750749,670.7133855055511
751750,625.6164445582394
752751,622.8308434797588
753752,649.0227927821353
754753,677.9220621456338
755754,650.8552990211325
756755,660.2643406269384
757756,688.3510936396262
758757,694.6700791185801
759758,675.4235830437805
760759,693.5448199910384
761760,683.2167622669749
762761,663.7576018642163
763762,662.3419356208266
764763,665.7005751712662
765764,684.0459043733224
766765,607.8940943497042
767766,669.498595869374
768767,654.075077157831
769768,623.2050857781619
770769,681.3711420117606
771770,675.9307726673153
772771,684.9355614085821
773772,659.0743944069775
774773,659.0521273634376
775774,693.5960294787146
776775,676.7659107406507
777776,687.1178501549897
778777,688.7610475162987
779778,682.54578869265
780779,682.0714656734904
781780,684.5873261411921
782781,692.4504861055573
783782,697.9347336893638
784783,660.3953102460805
785784,684.0027832787381
786785,690.6706334155465
787786,689.6927650975971
788787,684.1292886422681
789788,682.4542860000197
790789,688.1798171721301
791790,684.2687374534396
792791,198.81943344147305
793792,650.9037914391449
794793,564.705792171545
795794,675.4884071524273
796795,691.1935736762655
797796,661.73464852787
798797,304.1014730826774
799798,272.45925836221585
800799,589.1673361932952
801800,675.0617004326816
802801,677.2323936512944
803802,671.8544773941886
804803,252.4764888198933
805804,680.3795064083812
806805,679.3148956817615
807806,687.8211471754768
808807,693.9018069787323
809808,304.92773966705306
810809,681.4657307084511
811810,690.7836004855847
812811,679.3185233785264
813812,677.9358397731341
814813,700.6876967434903
815814,657.0514410406857
816815,676.2261925046156
817816,688.6286943457801
818817,676.484272425701
819818,699.4707505063233
820819,669.9990445633588
821820,699.7666784031444
822821,696.0436199591793
823822,702.2790317461331
824823,700.854030436358
825824,698.0490919320898
826825,704.336057559644
827826,693.3949121053921
828827,706.0694222375006
829828,703.9336345872932
830829,688.4107122787501
831830,681.8994527377929
832831,706.6370189238684
833832,703.3434556923531
834833,699.2374756058996
835834,701.4911712061871
836835,705.6835661871487
837836,705.4863602139208
838837,704.2697865092435
839838,709.5743824269404
840839,701.6575547676407
841840,708.1367403498288
842841,697.0694362860581
843842,706.3037584303993
844843,701.0156126844496
845844,659.3068407470068
846845,688.8910857337041
847846,701.4771435529374
848847,701.3968152949649
849848,203.3479931151318
850849,707.4006991215535
851850,703.350824419009
852851,530.4103995328048
853852,705.5685852586795
854853,705.993804375064
855854,698.9378406693916
856855,699.3139616367615
857856,699.9672215449046
858857,707.4395375998974
859858,701.6299745102776
860859,709.3993074442892
861860,689.9768690645072
862861,700.5533052328788
863862,699.379874114001
864863,334.67106438641446
865864,701.7883253709592
866865,701.0423455838188
867866,262.32061550354416
868867,706.0579753721937
869868,690.814697699049
870869,708.5408687670757
871870,193.9713611926459
872871,703.8986744089528
873872,703.8917747330313
874873,703.7419429320324
875874,224.55334707843105
876875,699.0755714420625
877876,706.7471644917722
878877,622.0680014183577
879878,555.776885421183
880879,702.2842627113745
881880,688.9411231364065
882881,702.7156847476396
883882,706.4586597697823
884883,695.5982810045747
885884,697.8144701479916
886885,704.3258326878689
887886,706.5388505712084
888887,706.6932899137988
889888,706.0623879210217
890889,667.1021018794806
891890,705.120256861396
892891,659.6279591251985
893892,666.0552034434843
894893,699.6906782071588
895894,702.517338630151
896895,692.9030403816413
897896,701.1468343869103
898897,663.6381219201977
899898,706.6826536418806
900899,701.7304569447012
901900,615.8514348130869
902901,225.8627726679396
903902,707.8222827400733
904903,701.7194079795559
905904,706.3161484402442
906905,602.981054175163
907906,695.9415081534725
908907,703.0396181925585
909908,694.9419109587545
910909,706.8982410676117
911910,703.9977534498794
912911,706.7875299946515
913912,708.8642239758243
914913,699.3251995749417
915914,699.5445445765158
916915,687.8391760474528
917916,694.4055005659005
918917,706.3623430560418
919918,702.7966106393295
920919,706.532721100706
921920,704.6880529454484
922921,700.8355933195402
923922,697.7978538534321
924923,698.5149514818354
925924,609.0697033475539
926925,693.3316065675248
927926,691.9003847817719
928927,698.6253103946739
929928,704.157296642901
930929,696.1982829896516
931930,697.3134309089559
932931,674.7144877606664
933932,196.1166156731083
934933,700.5134674159245
935934,535.9235921194021
936935,705.301959550351
937936,685.7573310560801
938937,702.084392558667
939938,687.7238854835258
940939,304.40457820896114
941940,698.3461224619824
942941,692.3444523390306
943942,697.4452457874629
944943,703.2075172032531
945944,700.1212879011396
946945,227.3385203714366
947946,376.82780928377537
948947,704.1163172152568
949948,698.8992586602468
950949,700.3379317545708
951950,701.4124982647893
952951,699.1442735108269
953952,698.6646770571248
954953,695.8649402222193
955954,702.3304379430612
956955,701.5905048704084
957956,700.1223388572676
958957,703.6295374967171
959958,702.7382221065837
960959,697.5520862692165
961960,699.9528099612211
962961,694.4668519517064
963962,696.3348570434764
964963,687.567079499276
965964,216.64585489705766
966965,685.5549477318843
967966,692.2913869491393
968967,700.2990039573847
969968,180.38414894187844
970969,703.6608832961624
971970,698.4138976960721
972971,697.1771188606106
973972,693.1433843736402
974973,697.6242081878007
975974,694.9482749862386
976975,686.7271903244371
977976,697.2507205357749
978977,685.1498791487716
979978,688.6128160663757
980979,687.8145105725445
981980,681.4221813661488
982981,699.7261126803952
983982,707.9479959567439
984983,695.0073008626712
985984,700.4672070416439
986985,702.1286013898591
987986,693.3185009085188
988987,698.4577643522304
989988,683.3180839597686
990989,693.6829902039547
991990,696.5613012084115
992991,687.317943109004
993992,301.2382808729505
994993,688.5685820387841
995994,688.7008227725777
996995,694.4734635923976
997996,408.39331825920135
998997,694.7409721011486
999998,696.5066294539225
1000999,449.5961151289745
1002000,689.3450156466915
1003001,685.2209683914795
1004002,691.8828481218472
1005003,695.7474534514786
1006004,512.4762679072031
1007005,679.7245052030923
1008006,676.854540905901
1009007,656.8730518363633
1010008,657.0225677198603
1011009,692.714738613559
1012010,656.1826514171543
1013011,681.6899982798642
1014012,648.7473963318129
1015013,673.786623258036
1016014,663.4179107640953
1017015,654.6909599650867
1018016,663.6470242035435
1019017,658.0860527774305
1020018,674.8294397165525
1021019,647.830280968416
1022020,655.6165665031314
1023021,688.6625228147145
1024022,677.3847083557932
1025023,674.9639400532965
1026024,652.3106917756014
1027025,697.1316125628439
1028026,672.9023040197756
1029027,686.9249920113768
1030028,596.4495673861298
1031029,677.6172348320563
1032030,676.6940369035779
1033031,640.2489437470908
1034032,696.8330313962908
1035033,686.6107878747381
1036034,690.3800816899609
1037035,568.3166966678019
1038036,676.1948908194714
1039037,692.18277130009
1040038,692.8217026397621
1041039,683.1955021690787
1042040,694.2268281215514
1043041,682.9396836063812
1044042,242.84663161279937
1045043,648.5043012336295
1046044,692.3185715781643
1047045,681.0075424808282
1048046,671.5556852361999
1049047,272.655332686762
1050048,691.6548211739286
1051049,548.4324403969333
1052050,668.8220261661266
1053051,610.5172347440853
1054052,679.0067524373884
1055053,624.402503548745
1056054,676.98625532136
1057055,656.7354081137406
1058056,643.7217321194729
1059057,698.3919759002451
1060058,671.1902804688443
1061059,673.0247008523638
1062060,661.391861759385
1063061,670.6435850592886
1064062,689.1156199864367
1065063,678.4133048426136
1066064,693.8496428802448
1067065,675.3820619756037
1068066,681.5464507020791
1069067,699.6264580911233
1070068,686.9612388293481
1071069,649.4447534811821
1072070,680.5158059985087
1073071,693.4728693131322
1074072,674.1023255097623
1075073,637.9748958681167
1076074,674.5696662767951
1077075,630.7492515243292
1078076,666.182494211507
1079077,438.1884787169309
1080078,665.3944660401412
1081079,664.1805042799607
1082080,678.3512477550402
1083081,660.7539052929152
1084082,216.17345768256152
1085083,649.975340625531
1086084,646.00680134282
1087085,664.089003595361
1088086,675.5848207022995
1089087,645.0619995506507
1090088,645.5790136127519
1091089,625.4151369008941
1092090,669.7756753748012
1093091,658.0058201229057
1094092,679.964385308024
1095093,642.6416905451389
1096094,657.8057950392695
1097095,663.0789706994968
1098096,654.8580178836517
1099097,642.9271875244407
1100098,664.3241357484294
1101099,642.4700138214582
1102100,692.9082705080663
1103101,669.8496022373084
1104102,682.0246717200985
1105103,647.5462301954003
1106104,347.6096753850031
1107105,688.170179937803
1108106,660.5354313784179
1109107,685.2327798753922
1110108,668.1433855709789
1111109,669.1793701967
1112110,686.0694394194879
1113111,680.8265699113292
1114112,659.9195870671136
1115113,658.4474414164139
1116114,682.1309157042338
1117115,685.7812704926035
1118116,642.6314647574969
1119117,655.0108502918581
1120118,665.6885001864578
1121119,693.0717277901869
1122120,638.353612560405
1123121,680.2018190491499
1124122,672.5314837981782
1125123,664.8450861234703
1126124,673.9523393612311
1127125,680.604480088402
1128126,665.4734219513264
1129127,681.4048128737244
1130128,648.2947295736249
1131129,668.5777836051416
1132130,661.4572363025507
1133131,279.2715717694483
1134132,665.357634733583
1135133,667.6631124585407
1136134,625.243056383971
1137135,665.1398801699404
1138136,663.5868605549058
1139137,658.6361090951409
1140138,672.0722381930809
1141139,676.4480581609782
1142140,664.7659893810334
1143141,641.9703530853358
1144142,666.1429423673128
1145143,681.4360250495863
1146144,622.0473202482772
1147145,402.4277840179722
1148146,650.0871411113219
1149147,633.6051439241604
1150148,641.6364438431204
1151149,657.588436518228
1152150,671.6896007320188
1153151,609.3708383550107
1154152,642.434309244413
1155153,640.6764656776778
1156154,691.6981883211376
1157155,621.6991760117012
1158156,688.929259155658
1159157,679.6942118680618
1160158,685.1623467846539
1161159,680.187855085069
1162160,679.0969310468048
1163161,678.9378409171081
1164162,689.6592608424447
1165163,662.5861045507922
1166164,689.4361056689581
1167165,645.0223359559102
1168166,687.7950677501559
1169167,691.7455446811088
1170168,681.9340571007897
1171169,695.2582221130534
1172170,677.9308060064562
1173171,686.2438524247049
1174172,682.7362394652672
1175173,684.2647022594934
1176174,693.3205234418548
1177175,648.7678107077335
1178176,694.6381895736372
1179177,699.0871604562963
1180178,673.0953827343241
1181179,697.0393078606628
1182180,698.9563025950234
1183181,689.5133818892355
1184182,685.389133514513
1185183,693.4413794361084
1186184,687.5254832020812
1187185,691.7820573341263
1188186,697.6143994052193
1189187,693.1509391031944
1190188,369.78677936794213
1191189,698.9959022337622
1192190,699.4378825422015
1193191,703.1567248067438
1194192,609.5396370304053
1195193,700.1927195403593
1196194,694.888142854716
1197195,692.2915235994043
1198196,354.06723405050246
1199197,700.510562227131
1200198,695.4138590246909
1201199,703.0327813378469
1202200,677.3080135770367
1203201,684.0707864453408
1204202,703.7611235477784
1205203,683.1541467132265
1206204,700.7025404087459
1207205,699.0843649636323
1208206,699.667332085114
1209207,699.6095829209779
1210208,692.2254403228453
1211209,694.9228996445391
1212210,258.8221482310612
1213211,687.2357215650565
1214212,703.9798471959806
1215213,687.2374163776655
1216214,682.2146801624054
1217215,693.3374493969568
1218216,698.1165557492357
1219217,698.4415312119439
1220218,702.3063721868095
1221219,331.2673243634879
1222220,678.9472150978576
1223221,696.3149974649352
1224222,703.371348905242
1225223,689.957724147336
1226224,659.6453216213736
1227225,702.9424896215462
1228226,692.2655356270992
1229227,666.5228089818069
1230228,673.561299019623
1231229,699.9407854608075
1232230,685.1239259749015
1233231,681.7015670809268
1234232,634.2494623505892
1235233,701.8536314221732
1236234,688.6970145147009
1237235,691.5476045224782
1238236,669.8512355379063
1239237,701.5871633726847
1240238,574.1343825199532
1241239,663.1337327511417
1242240,679.8155940823308
1243241,564.967563390207
1244242,527.0706766617633
1245243,685.5456128113518
1246244,691.7794727350707
1247245,683.6446750044331
1248246,690.6627871146243
1249247,703.2706511688515
1250248,679.4501344823158
1251249,688.2515458852704
1252250,701.8252444594059
1253251,706.3344147643336
1254252,699.1540009002736
1255253,218.88089814593894
1256254,699.7729071959886
1257255,697.301406889688
1258256,663.4752981465962
1259257,682.7725109037469
1260258,684.749634319931
1261259,701.1622390844141
1262260,686.556477478197
1263261,685.9358710213883
1264262,605.2645502893436
1265263,189.8105724670095
1266264,696.6298459018419
1267265,688.5826286496995
1268266,691.7918891487501
1269267,694.4118617872846
1270268,697.1558459253682
1271269,616.3884643425228
1272270,660.4391014915943
1273271,698.29087338959
1274272,656.1590152675735
1275273,638.5570268834422
1276274,694.2121422231758
1277275,687.2323616304056
1278276,687.9363803294876
1279277,700.6510894586739
1280278,685.8806189398014
1281279,698.2948030216578
1282280,690.4995655874525
1283281,687.0877518810468
1284282,698.7931722168756
1285283,693.8703936580329
1286284,692.5393980822996
1287285,688.2228116453571
1288286,694.6373824566965
1289287,683.256497474962
1290288,257.65842651701735
1291289,700.6354792480142
1292290,703.1154151112813
1293291,347.11701548963833
1294292,677.9928032470768
1295293,662.3530953947409
1296294,689.010335773727
1297295,669.1893339184293
1298296,682.5389386263847
1299297,479.89297180211526
1300298,686.9708418640495
1301299,682.2946294699516
1302300,684.7966151570249
1303301,662.2358972836572
1304302,684.8148844070829
1305303,694.946367605337
1306304,681.5411912633034
1307305,689.233100211687
1308306,676.4246095895121
1309307,693.1929524857655
1310308,697.6779357736883
1311309,664.0891354168435
1312310,683.8971750155679
1313311,649.3178410110021
1314312,668.2320789234915
1315313,663.3855257082058
1316314,679.8676350487874
1317315,681.6752935264265
1318316,692.7016618891474
1319317,673.3441140995841
1320318,691.7226047923219
1321319,665.9424555334851
1322320,692.9042032653084
1323321,686.3914320351635
1324322,462.3663540660813
1325323,689.2270521396204
1326324,678.5682429163137
1327325,678.511138598687
1328326,659.8840850755782
1329327,261.5394518886226
1330328,687.7311215254995
1331329,644.8419936531241
1332330,673.058411492798
1333331,669.7299739813858
1334332,678.693011042492
1335333,671.1905270854937
1336334,649.7817442046563
1337335,684.6636850272505
1338336,599.9525700235583
1339337,678.272023606882
1340338,678.4601274440191
1341339,670.9397677023885
1342340,680.1118685478878
1343341,680.2993103719532
1344342,689.6881723765914
1345343,667.8329980343614
1346344,687.6775866828439
1347345,686.8773273340075
1348346,688.3997437428496
1349347,673.8324223593086
1350348,594.5403215328447
1351349,661.9289610224209
1352350,678.2849325346263
1353351,684.9663856581776
1354352,685.7314997830397
1355353,608.8813600688733
1356354,675.4566907824255
1357355,683.7128008915544
1358356,676.1605536132234
1359357,684.6442838204118
1360358,680.4535567244781
1361359,686.2672299348901
1362360,681.9768931744204
1363361,685.5045677020776
1364362,684.1606026257138
1365363,681.558709573738
1366364,684.284292253671
1367365,684.2766811422847
1368366,692.7591366752147
1369367,673.0401542158008
1370368,685.4681021765971
1371369,686.4260394929653
1372370,683.1493900610251
1373371,681.3375892148437
1374372,449.31081802651704
1375373,322.35856814794084
1376374,670.540415065577
1377375,652.0325910802851
1378376,456.8935311715474
1379377,623.8655066168911
1380378,678.766468939272
1381379,669.7478789961876
1382380,627.3019740845052
1383381,414.71682393316615
1384382,668.8383137693546
1385383,677.9325783390046
1386384,674.3187132352674
1387385,660.3085602974124
1388386,667.8059792170379
1389387,649.127387828059
1390388,663.8889693490268
1391389,641.8394667369371
1392390,683.3278946947192
1393391,681.4135875703357
1394392,698.091122570874
1395393,433.77270631625026
1396394,665.1753601906734
1397395,617.1059117819535
1398396,688.8021415966966
1399397,663.9027630049524
1400398,685.810564539797
1401399,696.2557686949275
1402400,695.3343278067467
1403401,696.0974967345742
1404402,188.1737589810141
1405403,685.9025340377298
1406404,669.6103216021197
1407405,694.1473987384342
1408406,676.8560671580623
1409407,693.8289360657095
1410408,702.7725562994925
1411409,699.145401780669
1412410,686.442000017873
1413411,692.5055340783097
1414412,666.4341504122631
1415413,696.1313533745741
1416414,694.2650330997009
1417415,695.8922915359104
1418416,690.4868720730205
1419417,692.4111115360299
1420418,695.009526661219
1421419,695.8738331934201
1422420,687.3750361577366
1423421,689.7372345355515
1424422,691.3264622595699
1425423,693.5345606428206
1426424,688.9394284072557
1427425,695.4742767193777
1428426,469.0207101291504
1429427,686.310309814347
1430428,691.2530907006159
1431429,697.7663828471658
1432430,698.7164437741161
1433431,685.5372444203139
1434432,691.0272766164492
1435433,676.4744255137108
1436434,677.9864861708812
1437435,695.9152986782417
1438436,688.162751280561
1439437,692.2876161699892
1440438,684.4895421616176
1441439,691.6490427429707
1442440,698.5344553122504
1443441,697.557296640615
1444442,693.0158039039843
1445443,227.0524737995747
1446444,678.169403519845
1447445,690.1857498875108
1448446,690.0532898705793
1449447,692.7925532074964
1450448,696.7798627837353
1451449,642.295447920313
1452450,676.1774300117423
1453451,673.5326458851097
1454452,673.5701099297803
1455453,685.9912566745749
1456454,660.2097564604485
1457455,692.8585392732277
1458456,636.7294095539735
1459457,459.71817968372187
1460458,675.7312777914194
1461459,673.7808923238802
1462460,674.6569020354302
1463461,664.9802632758353
1464462,688.9081215360031
1465463,660.7655769130763
1466464,496.66374526194454
1467465,344.441611429857
1468466,195.5888828775423
1469467,685.3720956899773
1470468,679.5289434263814
1471469,680.0586641988027
1472470,218.6179876047899
1473471,688.1784357252626
1474472,681.1595852509213
1475473,686.3879568973039
1476474,693.4889376884233
1477475,667.7781586331644
1478476,691.7084447044497
1479477,688.5219117173731
1480478,697.4933783381173
1481479,668.863801149953
1482480,687.403094171025
1483481,203.77862934803503
1484482,670.3423588494161
1485483,449.4679692067675
1486484,207.42221332486847
1487485,697.4789009093302
1488486,685.1206219276924
1489487,668.5975509383662
1490488,698.005714542796
1491489,669.2650239791689
1492490,692.201222279355
1493491,656.3533528452165
1494492,696.6699595334186
1495493,684.8217112943126
1496494,650.8085431308214
1497495,637.7149938094589
1498496,684.0243649969548
1499497,687.4077817910128
1500498,686.2739737694328
1501499,669.658513980359
1502500,696.3626556702072
1503501,676.8255405630267
1504502,695.9780397357499
1505503,686.2587929431697
1506504,671.3855789637639
1507505,683.5223787740841
1508506,670.2185922509528
1509507,698.2050880989741
1510508,662.4315602993956
1511509,231.43014215781537
1512510,664.3302696868047
1513511,93.49441737831845
1514512,695.0270787216048
1515513,697.1130109855624
1516514,653.282961396504
1517515,681.0226830713374
1518516,683.8587375554711
1519517,325.26737611678766
1520518,684.4841298067201
1521519,679.5212298004799
1522520,677.4416741964121
1523521,677.7086041561862
1524522,669.9789387395382
1525523,688.0826844154259
1526524,687.5944783012137
1527525,682.9187015090256
1528526,485.0166922983089
1529527,697.4269335496432
1530528,677.949314316457
1531529,685.8360955400091
1532530,663.5356984973919
1533531,687.9631669775827
1534532,665.4112300203867
1535533,689.5619584101062
1536534,692.1647804336155
1537535,656.653504323391
1538536,698.2776735075487
1539537,696.1891649083512
1540538,660.0462035940817
1541539,663.4333483620157
1542540,687.948568671868
1543541,669.7657154975423
1544542,688.4366738449672
1545543,685.0971734841303
1546544,355.5518555644459
1547545,673.3284677968612
1548546,652.3596053070434
1549547,676.9275483078774
1550548,686.4774971208486
1551549,692.950091242929
1552550,682.2894522267903
1553551,682.8373475094609
1554552,666.1156229940897
1555553,672.4373904345204
1556554,682.4755886689259
1557555,671.7951945812819
1558556,675.9209430750321
1559557,678.9861486811093
1560558,675.9972734147858
1561559,679.3243142940963
1562560,681.7204629971009
1563561,679.1845894126759
1564562,663.748491356501
1565563,688.3031847498017
1566564,688.3248245211694
1567565,677.1752148420866
1568566,681.9106365378485
1569567,689.3250726870347
1570568,689.0666184863713
1571569,680.7243685322484
1572570,692.098652853374
1573571,690.0251926426429
1574572,222.01433334294248
1575573,678.2142277797689
1576574,216.56853982479834
1577575,677.9603240211356
1578576,689.5429869367701
1579577,355.19210119553287
1580578,545.5758002988636
1581579,675.8995314983626
1582580,683.9067932637146
1583581,238.79051439968362
1584582,688.0915314263758
1585583,405.7262764383137
1586584,79.55371152952266
1587585,670.2830050798925
1588586,691.1754184800063
1589587,685.3361772965181
1590588,675.8448069638749
1591589,676.593824918537
1592590,686.2574655604128
1593591,681.371639331594
1594592,678.7184510532002
1595593,680.5087546078308
1596594,690.2302345735629
1597595,687.7312393685694
1598596,687.1955781863154
1599597,676.3230987246872
1600598,681.1348419614085
1601599,664.361795749241
1602600,683.0329391209368
1603601,680.7687274423857
1604602,685.0075494166485
1605603,680.2655442927411
1606604,683.778912186622
1607605,664.0350357173315
1608606,680.8597466650871
1609607,679.3801796311154
1610608,676.2267633489732
1611609,679.800417791057
1612610,407.6872453800679
1613611,677.04957501046
1614612,684.8718541116069
1615613,683.5925720187661
1616614,688.0119268332209
1617615,685.777070286094
1618616,677.9788854258384
1619617,646.1800770989365
1620618,679.1193226194854
1621619,680.0387737273569
1622620,672.303170346166
1623621,678.5561758448491
1624622,679.8866013491555
1625623,674.6343686987431
1626624,667.1888652281443
1627625,672.5855808084565
1628626,646.8216172104853
1629627,685.1817093163713
1630628,664.8780318228497
1631629,669.3830476828688
1632630,685.1148999692145
1633631,678.8676805602792
1634632,685.7607302310756
1635633,677.2313122080086
1636634,675.9015945709001
1637635,486.82131132743507
1638636,670.4565285521358
1639637,686.5636293648545
1640638,669.5002588600632
1641639,672.5103336919564
1642640,650.6524664107108
1643641,684.52476078568
1644642,679.3796420504223
1645643,683.8395211036003
1646644,681.3779875810133
1647645,690.2573236441738
1648646,690.3484222843043
1649647,688.2796493277051
1650648,692.9044500139315
1651649,662.0863328395791
1652650,690.5550240415428
1653651,690.5157220160196
1654652,687.835877434724
1655653,691.6781222227187
1656654,677.1471045065641
1657655,682.3103064066876
1658656,680.0947547239437
1659657,693.0734633842836
1660658,686.5255539170685
1661659,687.5135264899425
1662660,672.3827719302781
1663661,690.3197993815644
1664662,687.3549850260264
1665663,686.9585788784626
1666664,680.8469968964076
1667665,679.5453187564613
1668666,695.3785082969606
1669667,683.7622403411864
1670668,676.3842869474156
1671669,679.5641198889986
1672670,676.7870597583678
1673671,671.0191011665756
1674672,670.3114706309018
1675673,679.6351388511237
1676674,374.42762007599316
1677675,679.2510953340079
1678676,683.630851329819
1679677,669.4385704511014
1680678,680.9169527453853
1681679,682.9705266209893
1682680,674.1295210091511
1683681,659.2780892585397
1684682,684.0642885593464
1685683,666.2736082414355
1686684,676.5822318911017
1687685,465.5550192442727
1688686,673.421279789207
1689687,674.2302994255602
1690688,663.8135379244816
1691689,678.2798138224543
1692690,668.1942509468956
1693691,695.9521675328509
1694692,686.1446613158889
1695693,675.0668166042733
1696694,680.3567444140235
1697695,671.1300978349454
1698696,686.6442511106584
1699697,668.6017403057291
1700698,686.4749468169164
1701699,684.3330711021399
1702700,253.13110642563908
1703701,677.2702953865361
1704702,680.5391420498776
1705703,672.4766470061656
1706704,681.8044200707222
1707705,677.92059783242
1708706,674.7574247860431
1709707,686.3026123397066
1710708,670.772628835132
1711709,648.6015118364044
1712710,690.4919616431746
1713711,686.6369066356475
1714712,685.912550067824
1715713,684.7818274371234
1716714,678.6304094931143
1717715,691.8568495240535
1718716,688.7937999693411
1719717,681.7344980343213
1720718,675.3284485695657
1721719,690.360768130033
1722720,681.3949425094535
1723721,686.4895866921494
1724722,678.5497250192896
1725723,684.92847529648
1726724,678.330201595388
1727725,683.2816556527835
1728726,675.7423293320047
1729727,671.3375519258271
1730728,681.7895940935763
1731729,234.21055453519898
1732730,669.1974286716961
1733731,690.0364056802274
1734732,680.826464759422
1735733,686.4653497151148
1736734,687.8297925145479
1737735,685.5964575112134
1738736,687.3181224268963
1739737,689.4306450358931
1740738,692.0411630850994
1741739,684.9056632582729
1742740,682.2335391938238
1743741,685.7097430695703
1744742,686.5485715775741
1745743,686.0613738811888
1746744,683.6409152822265
1747745,683.1357830241277
1748746,674.5868321177061
1749747,640.0345253302801
1750748,583.3709632641219
1751749,689.5270480212563
1752750,674.8202385183256
1753751,687.4618610264874
1754752,660.975784590199
1755753,683.1572310792257
1756754,684.1408791631349
1757755,687.6835242078755
1758756,691.378665041648
1759757,671.0379724130905
1760758,209.58027009945803
1761759,167.1579394371915
1762760,683.3540234253011
1763761,683.8526696705
1764762,183.46698885357108
1765763,686.7790666888554
1766764,685.1305129034322
1767765,686.4921099778452
1768766,686.112465834395
1769767,665.6623492883598
1770768,677.4947104736724
1771769,683.9510187454206
1772770,673.5472954186108
1773771,680.3630957021064
1774772,668.5721810411346
1775773,681.4591882554209
1776774,680.1122400993478
1777775,672.2866706049068
1778776,670.4788056450748
1779777,679.3118494028117
1780778,553.2571661328594
1781779,664.8956793373327
1782780,672.7313759114564
1783781,664.7056876385607
1784782,654.0803400154082
1785783,672.0875671222996
1786784,682.2001183202082
1787785,674.6309325787226
1788786,676.3471640806877
1789787,661.5270655138733
1790788,649.3662843104689
1791789,678.414144730328
1792790,681.8063642880468
1793791,666.2791720574444
1794792,675.4071381200541
1795793,633.6611011820315
1796794,670.599215336321
1797795,658.4243422902073
1798796,669.4813997489883
1799797,673.5265511968415
1800798,679.6466402635829
1801799,669.8071806066749
1802800,663.4480890800646
1803801,646.175035106336
1804802,635.4737879923205
1805803,663.6357933715597
1806804,664.0407472143755
1807805,675.0754857790222
1808806,653.6251545957132
1809807,656.9234791157209
1810808,636.558560488181
1811809,650.7117593505762
1812810,631.3294765683203
1813811,632.5609525699593
1814812,571.6721087745715
1815813,641.3463159481565
1816814,625.9288773465977
1817815,640.4571987367553
1818816,509.32046367573287
1819817,657.177372054062
1820818,668.4925161432623
1821819,649.686955123076
1822820,659.0999874900494
1823821,655.3467884314748
1824822,643.4090727978813
1825823,643.9740697185472
1826824,668.0063338096812
1827825,532.1594988351347
1828826,648.9937201396584
1829827,645.2146566658879
1830828,612.6022231493837
1831829,665.0216189713738
1832830,622.3252569688818
1833831,538.2826375627862
1834832,554.5958472869227
1835833,666.3996953333898
1836834,569.4908845589417
1837835,659.4150037964997
1838836,655.7284619331173
1839837,651.8672389153179
1840838,655.9052345062127
1841839,661.1433961352111
1842840,655.9488209388835
1843841,661.6644366609388
1844842,658.2953753665812
1845843,646.5803166070359
1846844,655.8352781685654
1847845,663.8452226166611
1848846,664.8480484395278
1849847,662.5826797985977
1850848,675.2036901116899
1851849,660.6733620925257
1852850,653.9105552637526
1853851,266.9688494778477
1854852,650.1072907604952
1855853,656.1604371253585
1856854,658.9093929931117
1857855,656.1779998986947
1858856,666.3329985011718
1859857,662.8903448326256
1860858,651.4348846708366
1861859,659.9406098660418
1862860,651.649784911256
1863861,656.0054563801367
1864862,654.231048479687
1865863,662.2326442767311
1866864,674.9588551845684
1867865,627.5624332168594
1868866,652.4002589649024
1869867,665.8999489183285
1870868,664.3906003961806
1871869,663.9041461577785
1872870,337.1271378934617
1873871,660.3844053253689
1874872,669.3877066672221
1875873,655.1506939021797
1876874,659.552378987947
1877875,653.8375973842293
1878876,649.0413803715726
1879877,666.2855672479973
1880878,678.3373836221814
1881879,658.1539009041986
1882880,668.5968560068404
1883881,670.4837086418685
1884882,669.4455754346379
1885883,508.87073112502765
1886884,657.9416484253774
1887885,665.680204332023
1888886,675.2658114622241
1889887,660.9356751959627
1890888,664.7370415796802
1891889,675.3014437517209
1892890,646.5014308400321
1893891,657.8536922535584
1894892,649.2132419885462
1895893,668.5793462937937
1896894,220.44861688444172
1897895,660.9373157704381
1898896,663.6049552868645
1899897,659.9894476348838
1900898,667.8038476587787
1901899,219.0568187816764
1902900,676.6908584637305
1903901,674.1608499927924
1904902,653.3768152138266
1905903,673.7715698919642
1906904,673.6611360011361
1907905,662.5753375313848
1908906,644.464468872816
1909907,649.2430911547258
1910908,657.1648874500737
1911909,657.21233569588
1912910,669.544328805702
1913911,663.3317797298048
1914912,655.5543085504296
1915913,654.6765068068369
1916914,652.4487360645278
1917915,647.094619433379
1918916,627.4640073524994
1919917,182.3664974039671
1920918,656.6906311689299
1921919,647.999464070149
1922920,655.9717027175076
1923921,649.4594156983886
1924922,649.1242055621925
1925923,675.1936806851759
1926924,675.7076180594324
1927925,675.9332459633772
1928926,677.0131801269882
1929927,650.2388591567595
1930928,659.082144837036
1931929,656.2527583466673
1932930,657.3374838680003
1933931,679.1708247837787
1934932,681.8009365662805
1935933,240.7343118357451
1936934,682.0610551784
1937935,664.4172055427575
1938936,661.9217392813887
1939937,682.513362278195
1940938,676.6336572026286
1941939,679.8693563396429
1942940,668.7888509773929
1943941,691.7920120343236
1944942,690.2501053056759
1945943,668.9813869421953
1946944,678.2661637252007
1947945,686.4465766093359
1948946,688.9278184792688
1949947,680.7856942572815
1950948,680.9493164009477
1951949,698.7820089812658
1952950,689.7501806338223
1953951,682.3355904929207
1954952,683.051443467647
1955953,687.5372957918032
1956954,678.1175278527755
1957955,687.6421115217013
1958956,679.9731678495467
1959957,679.0767619512797
1960958,222.89406909827005
1961959,683.1415794073095
1962960,668.1742844857375
1963961,679.0963476956305
1964962,664.2424796602734
1965963,675.8299992410024
1966964,641.2546104596628
1967965,667.848925982892
1968966,663.4604307229072
1969967,570.7146873782668
1970968,663.3414962133467
1971969,640.0552748585543
1972970,649.4044929929386
1973971,552.051334783452
1974972,630.4786380222399
1975973,682.0553088726828
1976974,658.6005991302039
1977975,651.5204722644197
1978976,652.9150501165936
1979977,640.1915439235623
1980978,678.726253096094
1981979,672.4982555464603
1982980,663.1824107085779
1983981,680.5849462880224
1984982,657.8495866642992
1985983,635.7509008628169
1986984,660.9307050292812
1987985,664.5777028236598
1988986,630.8074387232934
1989987,655.3357998752372
1990988,662.4337364140259
1991989,636.9618826232262
1992990,200.81733935626855
1993991,621.2553020366458
1994992,670.8737336208362
1995993,258.61114075153495
1996994,659.5047409392615
1997995,657.0709780318336
1998996,674.7820250540249
1999997,667.6095468262533
2000998,651.5779188200844
2001999,673.181099042397
2003000,675.8354667210349
2004001,679.4571074536586
2005002,656.6503788069823
2006003,651.0981004507868
2007004,624.8896821615872
2008005,661.952235412029
2009006,655.9274127132061
2010007,676.0078692930848
2011008,672.9000330429934
2012009,678.0118205878581
2013010,569.5238710237836
2014011,653.6001544458003
2015012,656.1456687885455
2016013,675.800142362213
2017014,647.7637043986994
2018015,622.0393374802132
2019016,644.2172789801361
2020017,669.2742087371964
2021018,661.4706760551843
2022019,655.5892907423556
2023020,654.126028557878
2024021,626.9986764174487
2025022,634.175965340099
2026023,613.1549226934598
2027024,667.4155981196408
2028025,651.4024279194176
2029026,597.026239768658
2030027,346.9609353911203
2031028,651.7853631381323
2032029,638.8359609263275
2033030,660.5472918265937
2034031,518.7742394029716
2035032,622.4603009300542
2036033,657.912478381578
2037034,647.8423525881664
2038035,466.1967313677079
2039036,648.9433421750363
2040037,642.4477082859106
2041038,546.1072991057504
2042039,668.490238969334
2043040,667.217397807753
2044041,594.7217209998137
2045042,429.6714110101865
2046043,659.9796949724246
2047044,661.3911780565838
2048045,654.7925283295333
2049046,488.3895763490969
2050047,621.7754618083529
2051048,665.9079434596284
2052049,654.932478141694
2053050,646.5708611722258
2054051,676.4090397359699
2055052,643.472328097377
2056053,614.8650380310152
2057054,651.4111300055334
2058055,374.10210678230084
2059056,684.5303412410819
2060057,675.9382465174403
2061058,652.1592772550266
2062059,242.1953718055356
2063060,656.5466728937831
2064061,664.0171733177539
2065062,640.1512825758273
2066063,669.4510773390176
2067064,670.0273930976189
2068065,665.3906551420318
2069066,654.2363642950371
2070067,655.0392648645072
2071068,586.4549359415375
2072069,686.003378639527
2073070,638.6224616359742
2074071,688.9844161518116
2075072,679.4584709126833
2076073,290.4051063964312
2077074,684.3082168401056
2078075,676.6032389850635
2079076,680.4200812767344
2080077,682.6815251464889
2081078,681.9542895928948
2082079,682.2350558356459
2083080,683.5681449440642
2084081,692.2978290126307
2085082,681.0997460245151
2086083,687.908110872896
2087084,695.4794819884322
2088085,684.0159199477249
2089086,685.9845884019747
2090087,691.4963068036045
2091088,685.9828538688971
2092089,683.6990492176533
2093090,689.0743040383957
2094091,690.4224147565086
2095092,681.0087824649125
2096093,689.7922034135446
2097094,694.3910797428987
2098095,692.838996881579
2099096,684.3695758629508
2100097,682.6422817895059
2101098,693.8714368850136
2102099,682.4529481247474
2103100,691.3780626021368
2104101,684.897530974276
2105102,667.9738276933078
2106103,693.1798824741653
2107104,691.7476852362628
2108105,689.9113020460802
2109106,689.074451504496
2110107,689.9761300639972
2111108,689.5180450410845
2112109,691.6025351949319
2113110,687.961075934363
2114111,684.244488363037
2115112,691.125577223151
2116113,678.406246269381
2117114,272.78579321391214
2118115,691.1775586901974
2119116,684.5164237348051
2120117,664.0941364983444
2121118,681.0691485809779
2122119,685.3473633993007
2123120,679.2615667150167
2124121,684.0560852999831
2125122,681.6348820407248
2126123,679.5901100214757
2127124,663.8980211676924
2128125,675.5434780296623
2129126,689.1678679246527
2130127,684.2032711418325
2131128,680.1121090984943
2132129,681.9287320301263
2133130,691.4410957223463
2134131,689.3037735045816
2135132,687.3459091944452
2136133,684.8239513924921
2137134,688.2060307284202
2138135,685.6855347538258
2139136,688.6633554701707
2140137,686.7371250954056
2141138,683.9408468467908
2142139,690.0190685601797
2143140,690.6854888490117
2144141,690.567781610623
2145142,688.9482521532724
2146143,693.2373450221787
2147144,693.1173902884065
2148145,682.8249850575968
2149146,669.6859440346888
2150147,689.215999305335
2151148,685.3112867581352
2152149,692.2593246711587
2153150,681.1252534809024
2154151,691.1333175678338
2155152,674.1030729755765
2156153,689.3528702353138
2157154,691.2610952663315
2158155,690.4995220249609
2159156,695.2282564997058
2160157,690.6679114226954
2161158,690.4310146470065
2162159,682.0416790576033
2163160,686.0335588519496
2164161,693.8676403627734
2165162,656.0436072230549
2166163,690.9405481715648
2167164,684.6962601687393
2168165,678.1441121988854
2169166,686.3229714047027
2170167,685.1766972332305
2171168,682.3347370908602
2172169,679.4712175037001
2173170,674.6461576419608
2174171,686.7247621284813
2175172,668.319151536862
2176173,670.8320933801886
2177174,673.2413499397599
2178175,679.6731227578813
2179176,681.9423076674321
2180177,674.4914877238352
2181178,677.420137213599
2182179,668.460838521354
2183180,677.7654785601603
2184181,671.018334516804
2185182,648.6788805386998
2186183,413.43330895615003
2187184,680.6860139593067
2188185,679.502710676935
2189186,680.5234675009181
2190187,682.0455319692015
2191188,668.1859416118391
2192189,685.0912688839663
2193190,672.5385920924617
2194191,683.2716255986079
2195192,661.4082822223219
2196193,679.6938177441656
2197194,682.0424539780546
2198195,681.7135649806685
2199196,673.8020520185471
2200197,674.0082035892377
2201198,680.560423622423
2202199,685.7596464639475
2203200,671.927007204519
2204201,677.0460857245267
2205202,683.3452386879296
2206203,681.5708416208032
2207204,677.3615411413427
2208205,667.1756418293347
2209206,673.5743486631193
2210207,672.765992292072
2211208,667.4584572228681
2212209,679.4162582710987
2213210,668.2466465933389
2214211,667.4266340715415
2215212,670.7833494964926
2216213,660.4562249386269
2217214,678.3900852499469
2218215,671.0698853326379
2219216,677.2977989784242
2220217,671.2914482300655
2221218,676.4076885910974
2222219,683.3002308022229
2223220,675.4794029869544
2224221,676.4729128488049
2225222,681.4239839523656
2226223,683.611940614814
2227224,675.0005345227408
2228225,665.3786798533383
2229226,681.9221824417215
2230227,683.8285307527061
2231228,688.3115961257764
2232229,688.8873761133781
2233230,673.6859484827315
2234231,684.0669713004029
2235232,663.8399770728101
2236233,667.8588630318491
2237234,562.5115559748488
2238235,685.1711893451034
2239236,679.9544081685233
2240237,667.9797414195831
2241238,678.9909631206546
2242239,682.7092145078876
2243240,575.2029607830696
2244241,689.4511716925405
2245242,676.3852574864028
2246243,684.9535817151487
2247244,630.3240443107286
2248245,681.7185549206167
2249246,619.2314972876294
2250247,267.19272670177764
2251248,401.8397688536105
2252249,682.0425688152008
2253250,213.73713375575144
2254251,678.920796261122
2255252,676.6358012145294
2256253,668.4101907216223
2257254,462.096291135212
2258255,673.1979250417786
2259256,668.4432713698062
2260257,626.1450506082534
2261258,669.9657635396503
2262259,673.3032206229058
2263260,683.5943769867071
2264261,666.2069047452716
2265262,672.013432514464
2266263,654.042164300214
2267264,678.7461269832796
2268265,664.0586673147134
2269266,679.3377767147448
2270267,646.9826815008082
2271268,678.6006563563429
2272269,678.6847663354353
2273270,241.22845129035352
2274271,677.9785065642499
2275272,661.7745454098249
2276273,422.26998526181467
2277274,658.2511198365845
2278275,687.7256258927906
2279276,673.81512596015
2280277,646.1108732409627
2281278,679.4299202271065
2282279,682.9664579755552
2283280,276.4660811862082
2284281,207.71890631924526
2285282,681.7311934747701
2286283,661.3404024493342
2287284,680.6117827996427
2288285,686.0981194569237
2289286,664.4249236407992
2290287,679.8436446715903
2291288,681.3665679334973
2292289,677.2001291231986
2293290,679.2277783761831
2294291,685.9118083347624
2295292,661.1092829764937
2296293,677.2640759649427
2297294,635.4455825646921
2298295,687.514908317276
2299296,685.9813444268184
2300297,683.8693697060537
2301298,680.8289373141894
2302299,679.7557364227794
2303300,628.542720386762
2304301,671.195116564633
2305302,303.89633284555475
2306303,672.78668448903
2307304,679.9623000326543
2308305,297.690538114507
2309306,172.93309657219893
2310307,685.9301494752877
2311308,224.08007678736828
2312309,245.63812106668644
2313310,660.9328863083132
2314311,667.3969531958712
2315312,682.1964078777237
2316313,488.9784170563143
2317314,671.4854775172389
2318315,680.5102167949244
2319316,678.1655683968359
2320317,485.13950638377315
2321318,669.1422451639328
2322319,426.9800601852151
2323320,678.5582403311562
2324321,661.3981113287231
2325322,676.8244000086681
2326323,681.0563330990423
2327324,678.2760201646537
2328325,642.5286925129317
2329326,636.2474684909037
2330327,678.8568871788214
2331328,388.4213096646903
2332329,194.7424427212121
2333330,681.0742245275021
2334331,689.5146608814877
2335332,685.6055988412373
2336333,677.0071483556452
2337334,675.5023705895798
2338335,682.6099470657584
2339336,685.9654449497547
2340337,683.2473808465548
2341338,687.9662947376193
2342339,681.6827516413861
2343340,689.5299648235523
2344341,683.6769865517967
2345342,207.26568970592248
2346343,676.254431834087
2347344,683.2399665463865
2348345,682.5826012594899
2349346,684.6669987781692
2350347,668.2792332211311
2351348,684.2121707592523
2352349,678.1031069767356
2353350,683.3455988402221
2354351,671.4840812179984
2355352,680.2594054964937
2356353,668.7998446639945
2357354,411.59610767450454
2358355,680.3759036445356
2359356,681.003329901518
2360357,685.0957439285536
2361358,664.223610732666
2362359,680.8637575358495
2363360,409.11632267418844
2364361,574.9272454922198
2365362,687.2096063594496
2366363,671.8340928506852
2367364,686.4646570861589
2368365,202.3772550342577
2369366,665.8107653942353
2370367,670.525359050301
2371368,672.9254611007591
2372369,673.9018577139215
2373370,677.8473192912916
2374371,663.9824438569506
2375372,682.103047628911
2376373,445.8431889843634
2377374,646.8453256829182
2378375,680.9995872655409
2379376,685.1401062711367
2380377,683.0659527983723
2381378,683.2748587825259
2382379,670.9324130528383
2383380,658.0641599258714
2384381,670.60568523236
2385382,676.6196117814679
2386383,683.0106763838288
2387384,690.6520174739674
2388385,684.9060723010958
2389386,681.4477213335416
2390387,674.5430778611219
2391388,677.3904794966594
2392389,676.8763424053869
2393390,682.6002568270818
2394391,676.2617188308748
2395392,680.8974926615161
2396393,430.1811049754141
2397394,678.7137946940172
2398395,674.1449931824998
2399396,668.6049572618912
2400397,662.3535351319545
2401398,675.3852541480856
2402399,349.2931217695376
2403400,676.7325760549513
2404401,675.3758282261132
2405402,666.7883781041609
2406403,674.7981114797736
2407404,676.625621841328
2408405,666.5225420360044
2409406,637.0174741550132
2410407,664.9987824126272
2411408,673.4327552544052
2412409,662.0015873623507
2413410,678.7469734123459
2414411,668.2429710588084
2415412,674.9197720276959
2416413,671.4381180354782
2417414,673.0176121371926
2418415,484.1006987871071
2419416,212.31193632740442
2420417,646.6873199483815
2421418,652.8141734183297
2422419,657.702699866775
2423420,664.7159552137146
2424421,668.1317561646514
2425422,291.13034912652273
2426423,674.408797569853
2427424,673.1948401700408
2428425,674.9808704871258
2429426,668.6863043739281
2430427,662.1317327020331
2431428,678.4461193602751
2432429,673.7499660927655
2433430,384.3355847259586
2434431,668.4985743922548
2435432,653.6996931653429
2436433,688.8318036307372
2437434,682.15740883935
2438435,680.5962281857708
2439436,672.1512668268833
2440437,680.1168585234868
2441438,683.6152535299811
2442439,681.3320674497222
2443440,274.94580796947963
2444441,683.4082237926319
2445442,682.3634608017406
2446443,682.2477168351281
2447444,681.3076090359242
2448445,683.0173178136448
2449446,685.4211879515575
2450447,674.4223301565097
2451448,683.1211520186392
2452449,534.1377404481952
2453450,682.5044546094529
2454451,686.6901617975298
2455452,677.2286397985183
2456453,682.9055818959143
2457454,681.9436525933878
2458455,677.8457260094111
2459456,681.5723222087191
2460457,682.5035595290148
2461458,679.0626576618773
2462459,670.9501456751447
2463460,679.660395641098
2464461,683.0817325682118
2465462,685.6869463417511
2466463,653.1934139566897
2467464,681.7021784082124
2468465,678.1700097030996
2469466,682.1574295327571
2470467,650.0078451561429
2471468,680.0594609008112
2472469,658.9007300705595
2473470,671.9551325605175
2474471,652.7206844511155
2475472,666.3785261867092
2476473,656.9270347867815
2477474,685.3385484603923
2478475,670.2313891937987
2479476,662.5876026429778
2480477,675.1124444962649
2481478,678.241804131973
2482479,675.2063524188638
2483480,677.3517687727091
2484481,674.6033095245735
2485482,674.689254838901
2486483,679.7664676668429
2487484,678.7624576576661
2488485,676.8433579793566
2489486,678.9268653088307
2490487,676.5832374674378
2491488,675.8048174101834
2492489,665.8647143822761
2493490,669.714383142102
2494491,672.7735685274192
2495492,669.5995159811916
2496493,679.2870971463061
2497494,679.1216275692726
2498495,677.5368786495857
2499496,675.9384169438953
2500497,672.040855944024
2501498,681.0934991447526
2502499,681.0616326715777
2503500,681.4188699797595
2504501,677.7056446549136
2505502,681.5099197248063
2506503,539.222222200474
2507504,673.5861278993219
2508505,676.3113818823725
2509506,644.1922581653267
2510507,675.975588856957
2511508,679.3885191936838
2512509,681.4347841389858
2513510,642.3085593842776
2514511,670.4993887223525
2515512,676.8229461091506
2516513,679.3617917504515
2517514,316.29489755364733
2518515,318.7977174327343
2519516,576.178195642188
2520517,659.4462114266037
2521518,665.9005662118435
2522519,675.1514123292641
2523520,673.8909084089395
2524521,667.0217526532182
2525522,673.4260930006343
2526523,657.4975966624918
2527524,664.7635077232669
2528525,666.3668619525216
2529526,256.18149200594536
2530527,667.2470459273453
2531528,520.3638424446648
2532529,666.1001119469527
2533530,672.0812606631825
2534531,269.6474500776675
2535532,675.7200270358462
2536533,669.5900584491754
2537534,672.3632401975699
2538535,666.5981610388775
2539536,666.1695751104419
2540537,674.7966257698972
2541538,671.4818464157337
2542539,664.3456725899083
2543540,669.2623866888574
2544541,678.8367830222672
2545542,671.6129201472336
2546543,672.4241058438223
2547544,667.3240325337382
2548545,663.9716713832353
2549546,667.4667635602734
2550547,673.3768738672501
2551548,670.0942574518721
2552549,522.0826399436038
2553550,666.6190117664768
2554551,672.5155160667167
2555552,667.606328211914
2556553,651.0707930802675
2557554,662.1679937440125
2558555,548.1410330086187
2559556,657.9204038666263
2560557,676.3076887354863
2561558,667.2911909036196
2562559,670.9021400117107
2563560,645.541733613635
2564561,674.7938188664274
2565562,664.8947054594395
2566563,676.0282572583747
2567564,679.0127511063498
2568565,679.0631614633894
2569566,680.0089428612612
2570567,677.7688042113748
2571568,655.2572868884115
2572569,678.9647945319923
2573570,677.6886489689159
2574571,685.8543911797556
2575572,646.4229048273501
2576573,673.1378305145012
2577574,663.9282788873372
2578575,684.6621421233144
2579576,682.8830075796386
2580577,683.1298391246461
2581578,683.582306468483
2582579,681.889386201877
2583580,678.3455295158573
2584581,568.7877723092489
2585582,683.9497921219458
2586583,678.3200299175915
2587584,678.1223629045722
2588585,680.7264184135017
2589586,683.2648651532785
2590587,681.88843436689
2591588,683.798624676309
2592589,667.6445201298895
2593590,678.7363314620534
2594591,685.7233998095459
2595592,675.8569303028394
2596593,416.11132070448474
2597594,686.4673414051214
2598595,680.7578897497477
2599596,677.4803838633771
2600597,689.1646409765264
2601598,690.2552580719602
2602599,681.7736684470138
2603600,684.3958396841932
2604601,395.39936585927103
2605602,402.1049047724732
2606603,692.5356041975518
2607604,686.5984162490801
2608605,687.0618453025573
2609606,685.4690350069465
2610607,688.9867039385747
2611608,683.5094589038779
2612609,684.6835007998217
2613610,687.8403581611445
2614611,689.0878790372313
2615612,685.9722664416092
2616613,684.5144204955824
2617614,693.0368707274645
2618615,685.7555621708215
2619616,681.2355814087541
2620617,686.4830010869584
2621618,679.2679693493021
2622619,672.3982849070928
2623620,691.3198760653171
2624621,691.6764464959612
2625622,694.7038895799094
2626623,689.9868561163913
2627624,690.727250165724
2628625,684.7982962299463
2629626,691.0774301844505
2630627,687.4361194860464
2631628,672.6681201883464
2632629,674.6145116920247
2633630,688.6911625460302
2634631,687.4799841963268
2635632,691.7177077839758
2636633,678.335807491324
2637634,689.7951688038393
2638635,686.9768172814709
2639636,688.4301085598814
2640637,690.9529166159825
2641638,692.4482117833688
2642639,684.3098941311957
2643640,693.8205876418656
2644641,691.1203099412267
2645642,688.6555509848522
2646643,688.8804213749228
2647644,695.6528413358507
2648645,686.5476762708294
2649646,689.7714526050638
2650647,685.8620899244725
2651648,688.2629708945162
2652649,680.3500886566211
2653650,689.7687613730457
2654651,691.7344109874228
2655652,690.9662684192454
2656653,694.0597786389952
2657654,692.6169487871289
2658655,696.2483767912265
2659656,691.8928925438983
2660657,677.8859295289959
2661658,694.9081164924132
2662659,687.3522782791284
2663660,691.7597104802967
2664661,687.9016940021194
2665662,685.4172212862663
2666663,685.4769974357648
2667664,691.1418701937467
2668665,692.1814710968536
2669666,685.0538784492016
2670667,688.9112083425424
2671668,674.3905663728075
2672669,674.6585195779852
2673670,677.2496690484556
2674671,685.2545860528501
2675672,478.37341573824745
2676673,685.3811922168255
2677674,686.5264726382928
2678675,657.3833216614589
2679676,680.0077693449505
2680677,297.5063520157066
2681678,679.7992720391736
2682679,687.1728369989648
2683680,687.1041442908423
2684681,684.5943001098962
2685682,672.8294171979262
2686683,686.7516996645372
2687684,685.360005857184
2688685,688.8201092235886
2689686,683.925783859175
2690687,670.7607145150256
2691688,676.3252955205645
2692689,689.6005469602254
2693690,690.2398378066711
2694691,685.2726709695908
2695692,687.7887519902957
2696693,688.515181895555
2697694,688.8063363391428
2698695,684.0196053322444
2699696,690.1187584008475
2700697,693.4858160553384
2701698,685.8593587176872
2702699,676.2926782837852
2703700,691.4453815246383
2704701,683.1179352777261
2705702,673.0915219797139
2706703,691.258212217947
2707704,689.2312556844048
2708705,686.2212396912772
2709706,682.8949617771415
2710707,688.8675044484859
2711708,388.6989778226815
2712709,686.5574374670717
2713710,689.3774369946705
2714711,690.9437742044415
2715712,689.2586120866226
2716713,691.1489372191646
2717714,690.6981050223745
2718715,691.2008429537877
2719716,689.1961502702312
2720717,686.492063240612
2721718,693.3912115974566
2722719,690.6239963404466
2723720,689.2194838849355
2724721,691.5305081352034
2725722,693.3362496796823
2726723,690.3474016792574
2727724,694.113701099857
2728725,688.0819409707839
2729726,691.277768774293
2730727,684.4863130625955
2731728,690.4665480888599
2732729,689.6454839312747
2733730,682.4381035939347
2734731,688.9454072379821
2735732,681.3229748926997
2736733,675.7709877449628
2737734,690.0738853208923
2738735,686.2282055503074
2739736,690.1940280941096
2740737,685.9840512448969
2741738,686.8353114535633
2742739,688.6044418267503
2743740,683.7304380733158
2744741,685.0547354508183
2745742,685.3466016539926
2746743,675.2717713900785
2747744,686.0583092505065
2748745,676.7181566949434
2749746,682.1363735561774
2750747,684.8500874326389
2751748,688.9986857460514
2752749,685.0693262835596
2753750,671.5549077999007
2754751,677.6594960817775
2755752,677.73114946316
2756753,668.9459233221389
2757754,681.7551915422822
2758755,665.9948065743749
2759756,684.6041158077074
2760757,680.6968964012109
2761758,606.082906791793
2762759,678.828236702352
2763760,679.8063020719288
2764761,674.8542777974781
2765762,683.9005038227112
2766763,680.2980243734493
2767764,685.9895949369247
2768765,684.437255233549
2769766,680.2825631239733
2770767,670.5753346582552
2771768,681.0561313886627
2772769,681.1197466157378
2773770,677.6385192430961
2774771,673.0965218966353
2775772,682.2228348597082
2776773,680.1887069703595
2777774,666.2205029929434
2778775,682.7541919034087
2779776,681.8199694934424
2780777,679.0163497151758
2781778,677.6756054417057
2782779,685.8318091939221
2783780,676.9487669577176
2784781,680.824622060029
2785782,683.2646925526273
2786783,685.0075178598576
2787784,679.9258197517336
2788785,662.329708195481
2789786,684.6428676129677
2790787,667.521998747576
2791788,672.8353112740062
2792789,677.2729949484277
2793790,680.0553350777901
2794791,679.9932848244928
2795792,678.9674335833463
2796793,600.0314537675059
2797794,173.9586444326605
2798795,679.694269491001
2799796,677.9094713155475
2800797,681.0883921613031
2801798,679.7919428483245
2802799,678.9921206873448
2803800,678.8899419895365
2804801,668.4852950257015
2805802,667.830147631614
2806803,676.138294055648
2807804,678.3760057823333
2808805,678.1819288885422
2809806,680.663180540536
2810807,681.4374788658816
2811808,172.33764307702316
2812809,678.0832160766449
2813810,682.9506185683821
2814811,650.1388111057943
2815812,683.3444518707826
2816813,666.9648032471305
2817814,198.23528450274296
2818815,187.63433155187064
2819816,681.5094274284921
2820817,678.6844277218526
2821818,681.2094528708042
2822819,641.2730119888929
2823820,671.1275442876831
2824821,670.1532149266593
2825822,668.2804218538292
2826823,676.9873600516587
2827824,674.2406100734615
2828825,673.8239656761582
2829826,198.91057538648516
2830827,676.0677746755428
2831828,623.4448472425602
2832829,667.6142000586888
2833830,676.3199423505963
2834831,672.930530222552
2835832,675.9190934540535
2836833,677.7877753676955
2837834,661.8324262149748
2838835,675.6915076579431
2839836,664.3863070552923
2840837,672.9027296672197
2841838,672.2117121222957
2842839,626.273626249992
2843840,679.6336861764811
2844841,667.3859231173088
2845842,632.0788257052833
2846843,663.824168684458
2847844,649.3922345193114
2848845,635.3969725879123
2849846,620.7014133472533
2850847,684.3514834411371
2851848,559.6103758431799
2852849,652.6599552237924
2853850,664.7678596691934
2854851,669.6190820081625
2855852,671.333380035454
2856853,629.9223834272244
2857854,655.9096515677
2858855,664.9630467090767
2859856,627.9675953763159
2860857,664.5975557961128
2861858,654.6891693453144
2862859,668.0587190107375
2863860,667.4134278479543
2864861,640.2976579446387
2865862,560.9016271657318
2866863,641.3080446672136
2867864,677.2269434496733
2868865,677.50919789664
2869866,669.7564074827179
2870867,664.1042830900159
2871868,675.1187973093457
2872869,655.4724427628058
2873870,661.2600758521496
2874871,657.8402494978186
2875872,669.5714254812946
2876873,670.0200497967514
2877874,350.07435372041647
2878875,682.1615038801511
2879876,679.9560864895236
2880877,677.9196382055277
2881878,685.9349331754513
2882879,674.562997639827
2883880,676.834713710523
2884881,682.7260199662547
2885882,681.221296779959
2886883,685.092345126883
2887884,679.0684937221323
2888885,674.0794326042327
2889886,235.92685943339546
2890887,581.8494043345205
2891888,687.2246552910286
2892889,674.9111443807632
2893890,680.8300577711527
2894891,657.9832302215802
2895892,687.9517637352728
2896893,687.1746137254821
2897894,689.1319992709348
2898895,688.9870143266661
2899896,688.4270583393392
2900897,692.2626267846599
2901898,677.2815970648111
2902899,685.0696030147504
2903900,683.1339866879651
2904901,686.680491542664
2905902,675.6167794107536
2906903,685.1563490066511
2907904,683.4468601899705
2908905,666.3612626227108
2909906,686.7838217026714
2910907,683.6927717485272
2911908,681.1745938943204
2912909,662.8945656457026
2913910,675.0083119082062
2914911,684.5740750215998
2915912,685.3695499902083
2916913,683.0374463836775
2917914,684.5528120579206
2918915,688.4235307067829
2919916,689.0588904242836
2920917,679.2431005685637
2921918,680.2008400124615
2922919,574.8176705502643
2923920,686.9676563361024
2924921,677.2631517287457
2925922,688.3992126787415
2926923,676.7342024149724
2927924,676.2602545098079
2928925,681.9310915575487
2929926,676.0463976774085
2930927,683.9880179455844
2931928,682.3153837315233
2932929,641.0964882948758
2933930,685.8442679391065
2934931,676.4152169982272
2935932,688.8378799068859
2936933,684.4654964211817
2937934,680.1448624480784
2938935,680.8704563274166
2939936,685.5707191068968
2940937,685.4498930763806
2941938,685.3429575602714
2942939,681.7702121584819
2943940,684.9520272229402
2944941,682.6680899841926
2945942,680.4915389038446
2946943,680.61570368333
2947944,686.1005690062674
2948945,307.6886705744637
2949946,686.3314521591233
2950947,674.4967830405872
2951948,686.11635280775
2952949,675.3673931302235
2953950,680.9775937971352
2954951,667.5335549038923
2955952,683.6622941858465
2956953,583.8854088026953
2957954,657.5924983423666
2958955,687.4265445073701
2959956,689.179898701094
2960957,681.737562327124
2961958,682.2317991272344
2962959,669.3370189398878
2963960,686.4888576538417
2964961,678.5037903423615
2965962,683.8619749541664
2966963,687.5570437018793
2967964,686.4939442651774
2968965,688.9257486279279
2969966,681.8851587248753
2970967,664.2769641855257
2971968,656.4756382658688
2972969,685.3999727848604
2973970,686.3495894694997
2974971,685.7639369017793
2975972,679.6704310666195
2976973,682.6516673967697
2977974,679.6968911818433
2978975,685.0136595420718
2979976,691.3256077668633
2980977,575.6675854261299
2981978,677.6027901546017
2982979,686.5910519426619
2983980,686.3532067928263
2984981,687.0427726372926
2985982,689.9333681555704
2986983,685.6229367050199
2987984,687.5457256977041
2988985,686.7688109704468
2989986,673.1478088354859
2990987,677.8183193309583
2991988,682.9290277195149
2992989,680.4031278899374
2993990,687.7762152344567
2994991,686.956708025982
2995992,679.2911734379504
2996993,683.5369482795943
2997994,687.2782679217576
2998995,689.6249628404528
2999996,686.6751543534383
3000997,690.1051962484274
3001998,683.6408199584225
3002999,689.7820654408683
3004000,689.1440158596549
3005001,690.8917836921951
3006002,690.0986735999649
3007003,690.5530882763886
3008004,686.9336662880904
3009005,689.4122529400504
3010006,690.867247106063
3011007,689.8206211427712
3012008,675.2001799734826
3013009,682.6523109933433
3014010,684.1031445515638
3015011,692.8193390425394
3016012,666.2422509355096
3017013,682.7658219374073
3018014,692.0642337216348
3019015,685.9096175453386
3020016,685.6854015781364
3021017,688.659759473633
3022018,692.2673789517179
3023019,666.0300655359348
3024020,678.0714362737021
3025021,690.4217276375908
3026022,690.3726105549082
3027023,676.8599396049241
3028024,677.3223674501538
3029025,690.713462824449
3030026,685.3878595923053
3031027,688.6610568440374
3032028,685.9726094667343
3033029,684.9424512422231
3034030,672.0247547993838
3035031,688.4625313616023
3036032,691.2383561420758
3037033,690.5179707711071
3038034,682.5691938887346
3039035,691.9399538906698
3040036,685.4084959102039
3041037,686.6683850631902
3042038,682.6361006390674
3043039,676.1754960560589
3044040,687.272377881191
3045041,684.5590882090288
3046042,691.0577866590876
3047043,683.6058296118425
3048044,679.1755884272177
3049045,688.9028287606866
3050046,679.4460101383766
3051047,678.5608673612442
3052048,680.5394314367497
3053049,685.6916374058036
3054050,673.1065348823907
3055051,669.4122666092187
3056052,678.1687982202488
3057053,688.2714233749854
3058054,687.8866707412412
3059055,677.2504514541041
3060056,692.919127922599
3061057,688.5231918251521
3062058,682.5623290268593
3063059,672.9606618075702
3064060,682.7632123148327
3065061,680.8154155650351
3066062,675.1308244662257
3067063,680.2717952776536
3068064,685.5763268688165
3069065,688.7558729214477
3070066,674.8569652286042
3071067,684.1397982893218
3072068,680.086348924254
3073069,678.8371192630905
3074070,681.9253314176474
3075071,683.6382742852566
3076072,673.9804574604731
3077073,683.137073852285
3078074,667.7244379608684
3079075,678.1379152702842
3080076,682.3601741810752
3081077,665.6988361258061
3082078,670.9986738256786
3083079,685.3054448442373
3084080,676.6477865346922
3085081,682.2602317474964
3086082,659.690054066235
3087083,684.468405112041
3088084,674.6749691827962
3089085,680.890072570366
3090086,682.6184593375252
3091087,664.6829125967583
3092088,683.7211900893617
3093089,475.84298014701744
3094090,682.2092287390797
3095091,678.5367063882331
3096092,678.4282952817889
3097093,680.3710203753147
3098094,683.386748419075
3099095,682.1267687369453
3100096,674.7068415528263
3101097,690.55689999561
3102098,676.6626865372368
3103099,674.8141334448202
3104100,682.1129702297027
3105101,684.4851162519176
3106102,656.4552326318027
3107103,688.6800743189657
3108104,679.5722890852354
3109105,314.34210263433346
3110106,659.1305838944693
3111107,673.8252000585438
3112108,229.3595028932289
3113109,684.2572865126594
3114110,684.1258359824035
3115111,681.3086542425497
3116112,676.9173004716644
3117113,680.9937277411702
3118114,678.2236678118874
3119115,692.3854866950095
3120116,653.3074842814392
3121117,678.6037313026654
3122118,674.8245495530587
3123119,681.3568109924274
3124120,675.2282202302189
3125121,690.9854552116436
3126122,670.846538472505
3127123,690.3446524063253
3128124,683.7438054996213
3129125,690.2499064902997
3130126,683.67783307642
3131127,673.6580805032371
3132128,681.1372473776349
3133129,686.0258657831627
3134130,687.5893197339805
3135131,688.3060408192194
3136132,671.041033991917
3137133,685.8313995563989
3138134,683.4961089687904
3139135,689.8917506975695
3140136,688.669544266001
3141137,672.5888359728568
3142138,345.519614045261
3143139,686.7743339292197
3144140,677.0629139249054
3145141,689.115260857592
3146142,677.9571350717994
3147143,317.12397818842834
3148144,683.403837494905
3149145,488.7904841789357
3150146,681.337942177661
3151147,684.1152703866277
3152148,614.5856220764871
3153149,678.9425624496924
3154150,679.1656438552195
3155151,629.469390545682
3156152,208.98636713994657
3157153,675.4839131852953
3158154,666.7368427224685
3159155,676.5857378383765
3160156,661.5916138669483
3161157,678.2344341938093
3162158,660.2651393537845
3163159,655.3306563357737
3164160,683.2463978545211
3165161,671.3016794252591
3166162,676.5581268817161
3167163,678.904627239466
3168164,679.8579781693667
3169165,675.7839058978135
3170166,668.4239189142883
3171167,652.0187525940862
3172168,682.6175983630989
3173169,667.4302841619541
3174170,628.2715929495197
3175171,665.254099052905
3176172,677.130155833506
3177173,229.43806105579736
3178174,678.0867361581503
3179175,651.8150172821836
3180176,661.9105799293783
3181177,675.307126459781
3182178,656.1921991107341
3183179,674.5608647409657
3184180,676.0704119426604
3185181,646.3234471368132
3186182,673.3189880424651
3187183,662.8239775731591
3188184,663.8544854958244
3189185,645.730244718293
3190186,681.7004608463168
3191187,664.4954605042669
3192188,675.1011203142953
3193189,677.170518705643
3194190,677.1229691789598
3195191,633.8316864964811
3196192,666.7269125310858
3197193,675.6496074392335
3198194,664.9538324050068
3199195,408.3926383410252
3200196,675.6275481965016
3201197,680.6092294936501
3202198,658.2294940094521
3203199,674.436419825636
3204200,675.076789310941
3205201,652.1035351958596
3206202,635.6167244114988
3207203,666.0291812400529
3208204,663.975345012086
3209205,670.7736131885731
3210206,666.5196487046675
3211207,660.1663933706365
3212208,660.8763754995679
3213209,659.3814698511657
3214210,640.586839196928
3215211,653.3012528438761
3216212,672.6839315006694
3217213,670.9058478832209
3218214,672.5934654313228
3219215,468.2960062194963
3220216,444.04839787837466
3221217,674.1078897283282
3222218,671.4700192386927
3223219,682.4554666541559
3224220,676.8734474571437
3225221,673.0756157431631
3226222,653.024816379443
3227223,653.9528449662029
3228224,660.4499685171227
3229225,676.6531843358008
3230226,665.033240332213
3231227,669.2262225095507
3232228,662.6971423089723
3233229,672.3106343817658
3234230,673.3531602668725
3235231,668.9866906929918
3236232,678.8483449357874
3237233,660.9423221629437
3238234,656.2421672867652
3239235,637.2960878327008
3240236,671.104310139048
3241237,680.6743651292728
3242238,658.7865173843576
3243239,539.6755125230143
3244240,672.1736207247907
3245241,655.2772214052325
3246242,653.4916305033897
3247243,653.7092245569767
3248244,672.420423297682
3249245,643.5573099086655
3250246,646.2432300019121
3251247,663.0362250689327
3252248,680.0871236904215
3253249,672.5443878083825
3254250,665.6778366180168
3255251,653.4095320596847
3256252,678.8228546146901
3257253,670.8861968899511
3258254,681.158696162191
3259255,673.5683833240284
3260256,663.4254736860177
3261257,671.3596100785873
3262258,678.8941011313059
3263259,688.0611060180585
3264260,686.687336699388
3265261,689.2911394291339
3266262,665.0808866523438
3267263,675.6470685889618
3268264,685.9461316490433
3269265,682.7512602825301
3270266,670.6832608857338
3271267,671.8134124139789
3272268,678.5239001038558
3273269,677.9148215688501
3274270,685.152359932932
3275271,674.6101656861118
3276272,680.6933519173045
3277273,214.63429538037764
3278274,673.5107361114062
3279275,674.7898306261568
3280276,662.2605352114854
3281277,685.1059114151276
3282278,667.9909180395207
3283279,680.9452840521002
3284280,679.7210827782404
3285281,675.6809896300173
3286282,669.0782669326439
3287283,672.8230536675611
3288284,673.9290790110696
3289285,658.0545326051083
3290286,671.7481110680573
3291287,684.8883729975857
3292288,654.5756801153789
3293289,668.4321733956799
3294290,655.4348480803338
3295291,673.3422274907065
3296292,676.5530157625063
3297293,660.7978825751974
3298294,665.6668432309511
3299295,659.9900507613245
3300296,651.2260114440603
3301297,659.81026093165
3302298,680.7524647870654
3303299,674.6888001510988
3304300,660.2962071676592
3305301,672.9500873698928
3306302,675.8381364069021
3307303,678.2734159552531
3308304,671.1387960041432
3309305,683.5999439991118
3310306,682.1689123800991
3311307,673.7461348087623
3312308,645.8004018360252
3313309,669.6168186136895
3314310,676.1167537128438
3315311,687.4618991297202
3316312,652.1933286959587
3317313,681.6764889552799
3318314,671.2803767822415
3319315,686.6924835397316
3320316,636.9750785870953
3321317,687.880696579075
3322318,667.6617018965762
3323319,686.6956792576719
3324320,679.7516647492909
3325321,686.3889750206033
3326322,677.6641493070147
3327323,677.3499473035683
3328324,660.4517346627806
3329325,673.6556812005839
3330326,661.7633975397046
3331327,682.9250803392191
3332328,670.2874063354341
3333329,671.3244904765821
3334330,672.6851933890589
3335331,689.7023417493651
3336332,657.6733541067586
3337333,659.158949041095
3338334,676.9038306802736
3339335,681.3300412209949
3340336,675.3030054895875
3341337,676.0432070805747
3342338,679.2787062691586
3343339,578.2029466265562
3344340,674.874887813842
3345341,682.1279698376818
3346342,668.5186579931925
3347343,687.580132787844
3348344,686.9110319391044
3349345,260.4069441248397
3350346,689.186014203063
3351347,672.3938904908807
3352348,672.2042469922003
3353349,573.06026703725
3354350,686.3666607374729
3355351,685.5658144455273
3356352,686.7771190391642
3357353,662.3171260707722
3358354,685.7678466034627
3359355,681.9687747045863
3360356,683.7364211897049
3361357,676.9555948517112
3362358,686.1425537117266
3363359,683.9498190164403
3364360,677.0140201804927
3365361,688.8237164619431
3366362,685.9306277985028
3367363,679.6894650070319
3368364,689.9929181215157
3369365,689.485282775957
3370366,679.0740921550334
3371367,684.8613948529389
3372368,680.4874166201747
3373369,663.1422925354925
3374370,671.5980098336453
3375371,676.1218095380672
3376372,676.3659812826912
3377373,689.0849600291754
3378374,676.2919675262641
3379375,683.4234217379626
3380376,684.964002423695
3381377,685.3914512787768
3382378,688.3424703194023
3383379,681.6772303494499
3384380,674.8852186146626
3385381,685.1301223787649
3386382,680.514203104714
3387383,684.7705423230211
3388384,673.8877027779926
3389385,682.2961330775602
3390386,672.1140451411253
3391387,664.9412153737593
3392388,396.3983383978353
3393389,682.7103084561159
3394390,655.3917466416341
3395391,681.590798756978
3396392,680.644291481098
3397393,672.9919885772292
3398394,686.1385297712588
3399395,684.4951997271024
3400396,680.6747200233385
3401397,680.8560353138878
3402398,673.3762798408984
3403399,687.0293338334712
3404400,680.5144179737806
3405401,685.2965489345148
3406402,682.264079689732
3407403,382.11303346096486
3408404,413.64971822549535
3409405,687.5341750015867
3410406,680.5589580574705
3411407,673.4882818556309
3412408,213.9757808298381
3413409,682.3016064255124
3414410,680.0551500626344
3415411,529.7558843586204
3416412,674.2131874463113
3417413,675.3512199618327
3418414,193.21519799346996
3419415,681.3085731599126
3420416,643.4365823521914
3421417,676.8772809980088
3422418,682.2932142040929
3423419,683.3631137612257
3424420,681.6687451529754
3425421,682.580354709922
3426422,255.77764560757228
3427423,676.8842771747372
3428424,681.0352668972084
3429425,192.96007248314032
3430426,674.8853645445562
3431427,682.3002207164968
3432428,683.8998449131841
3433429,655.7488687889091
3434430,680.2894461594847
3435431,683.5645306825359
3436432,672.728576411953
3437433,681.7624434260123
3438434,666.9212821514004
3439435,677.5693743233791
3440436,623.9472184953983
3441437,671.9408474307118
3442438,674.062839171128
3443439,672.0187258656784
3444440,671.8885397848848
3445441,668.7838303419636
3446442,676.716210926092
3447443,685.7409227661967
3448444,682.5929528772282
3449445,678.7665358992433
3450446,661.5370812883527
3451447,675.0964361902816
3452448,675.3369976155423
3453449,676.265117714743
3454450,680.9193121998576
3455451,676.9449532140662
3456452,654.6261018173508
3457453,331.28108137730925
3458454,679.1603593457074
3459455,674.8363407911027
3460456,659.7313834788056
3461457,674.7659423747937
3462458,679.0036023544894
3463459,668.9074773281989
3464460,662.1700295334824
3465461,662.9173482499212
3466462,666.7439877294105
3467463,666.9377984884516
3468464,624.2498155558553
3469465,681.8917742608547
3470466,671.5467106375788
3471467,671.3288909789314
3472468,666.6893588481946
3473469,668.8030384434957
3474470,666.1397450569798
3475471,638.37877595937
3476472,646.95721056408
3477473,659.9490129532484
3478474,631.5257209415599
3479475,667.3123227796426
3480476,660.4495805371915
3481477,670.7285116740651
3482478,670.9621335144675
3483479,671.3212628115666
3484480,675.9172549391267
3485481,656.4137417599958
3486482,660.5030590835114
3487483,666.129933250671
3488484,682.193321950967
3489485,673.8944031862303
3490486,653.7704908624688
3491487,671.9279305103122
3492488,667.4636640754098
3493489,635.4236694844536
3494490,653.9958531000389
3495491,667.4491323754138
3496492,668.1791703481011
3497493,666.8837113888411
3498494,669.0925383072827
3499495,663.0828479826484
3500496,664.5858635285148
3501497,633.4993750859555
3502498,667.0221435717219
3503499,672.9355835085119
3504500,649.6365189975692
3505501,215.47100717574085
3506502,664.9317628249213
3507503,646.8541160678004
3508504,659.8810183473433
3509505,652.0626609397057
3510506,288.97492988965814
3511507,663.0015913409221
3512508,533.1734921292789
3513509,606.0834851168934
3514510,666.5294717387998
3515511,669.8971374430978
3516512,655.9185276712957
3517513,184.04987350553736
3518514,653.737521836772
3519515,666.9108916086333
3520516,659.8826269874309
3521517,674.6552464666936
3522518,672.3229150094932
3523519,667.2721095240516
3524520,670.4869746726833
3525521,664.0808705548912
3526522,645.8819431285139
3527523,672.1945925706513
3528524,643.4149093469314
3529525,631.2783232172245
3530526,673.0656946309325
3531527,633.9787865606302
3532528,673.2674757760717
3533529,674.9693061453376
3534530,672.4439741262912
3535531,673.6452359505731
3536532,678.5478384295106
3537533,413.6158821695025
3538534,674.2161417803292
3539535,672.3360866806693
3540536,675.8225238158827
3541537,670.5484940217236
3542538,652.4132608864061
3543539,667.4272920680169
3544540,637.0472743570803
3545541,639.8307761166691
3546542,670.3307262039948
3547543,675.5171355809684
3548544,658.0728433181694
3549545,664.3446385683131
3550546,674.569340613731
3551547,679.438421225327
3552548,663.9556910275006
3553549,659.97255919239
3554550,680.6456951989592
3555551,669.8933729431991
3556552,669.3912208050767
3557553,650.0886128567203
3558554,675.4069011451148
3559555,676.1190412213941
3560556,665.5786968987228
3561557,677.4121615763385
3562558,667.5336203237397
3563559,679.9460882404193
3564560,670.3252708225863
3565561,664.250324575503
3566562,671.1311786706061
3567563,676.4749367107867
3568564,676.058476306657
3569565,668.0851772677568
3570566,668.6165015294353
3571567,670.7822768655469
3572568,668.7259582661814
3573569,665.9770035032928
3574570,673.0357408252557
3575571,655.1334892139715
3576572,670.126648608677
3577573,679.8004207738124
3578574,656.5508692026043
3579575,659.7572632406141
3580576,670.5682882069882
3581577,678.8075989430761
3582578,633.214539866966
3583579,654.5861270693898
3584580,665.0266535196855
3585581,656.2923696013245
3586582,396.59938024369586
3587583,662.3417964574488
3588584,600.9895970328864
3589585,662.7859496540339
3590586,623.5821337080806
3591587,651.4464080171199
3592588,671.2318543344646
3593589,638.0661191353266
3594590,368.6488946181383
3595591,643.4713606489619
3596592,621.5194523360017
3597593,607.6405091876527
3598594,626.294660493201
3599595,637.6574061761921
3600596,677.7864966657107
3601597,671.6804608127844
3602598,671.2280302146648
3603599,646.6130402963631
3604600,662.2956343188497
3605601,655.0068039810072
3606602,551.4598585861155
3607603,569.4836865381392
3608604,681.2100432332071
3609605,640.2167808194205
3610606,527.1848551649715
3611607,624.6439580157088
3612608,634.6029992930876
3613609,629.659335187316
3614610,614.0142048336434
3615611,626.31298907833
3616612,659.5826604329967
3617613,600.0158429245481
3618614,637.5272959632684
3619615,637.377580935953
3620616,633.6176984826985
3621617,645.296780344597
3622618,621.8295162443289
3623619,660.0862534961873
3624620,655.6823337432236
3625621,652.2527629229364
3626622,657.0056375399339
3627623,666.3183462204295
3628624,614.0761182410754
3629625,656.7214283715496
3630626,667.2938052144967
3631627,652.9981781555191
3632628,662.446103403641
3633629,678.4987462450688
3634630,650.9052227498966
3635631,672.9445122728234
3636632,667.968650616016
3637633,679.008350989642
3638634,678.2971128438543
3639635,684.608667170886
3640636,661.5289112649866
3641637,655.8455170154747
3642638,660.4740779723859
3643639,672.8999407637132
3644640,673.1879923023764
3645641,677.3297329365922
3646642,673.713776095179
3647643,690.9684742602766
3648644,674.4450200614447
3649645,679.8413553124884
3650646,676.6054291248796
3651647,681.4849217873668
3652648,679.2324217968699
3653649,674.8957191429773
3654650,674.9411625453747
3655651,630.1905169037348
3656652,658.3442422108956
3657653,678.7494594259522
3658654,671.2557515056972
3659655,660.3144295002174
3660656,673.0498004609448
3661657,675.6762651096254
3662658,668.5773615970155
3663659,667.8420313940625
3664660,643.7184819164595
3665661,647.641948150087
3666662,660.7796662929163
3667663,673.5954245736384
3668664,634.7203114408936
3669665,679.3828938609357
3670666,673.0937900590388
3671667,540.1135291334296
3672668,673.1356831619938
3673669,644.59251185553
3674670,681.2183090058263
3675671,645.6632050377531
3676672,664.1786124489728
3677673,670.1022684914884
3678674,657.1426963005699
3679675,663.2972879559006
3680676,668.486360217393
3681677,663.712646968138
3682678,669.9587997605921
3683679,645.0426962905066
3684680,556.3427824154411
3685681,660.3289007292967
3686682,636.7115187819483
3687683,661.5213842449016
3688684,661.2680876127375
3689685,655.9064013931069
3690686,653.4210722836394
3691687,651.0380116564179
3692688,651.0253539162159
3693689,656.6998428871447
3694690,669.8997438892444
3695691,675.9495412285465
3696692,669.1593782135697
3697693,669.2176949680546
3698694,674.8633420121267
3699695,659.0769361472012
3700696,663.4050060680382
3701697,651.5659639390582
3702698,660.382601805855
3703699,670.6259659612226
3704700,673.2001579512977
3705701,670.706724747827
3706702,674.5133502548115
3707703,662.3666346330631
3708704,675.3533144724043
3709705,668.7130208870526
3710706,672.4896124200429
3711707,676.4343973132527
3712708,680.2608469680332
3713709,656.823288634802
3714710,648.5817494772161
3715711,677.1179461167146
3716712,677.1620197841012
3717713,682.6032953481296
3718714,669.942516000153
3719715,683.0442896267086
3720716,675.5935690142823
3721717,674.8502123288142
3722718,689.9846690651121
3723719,682.4952458515111
3724720,686.4909434165263
3725721,683.0720981688313
3726722,678.6689637008789
3727723,674.3712893101577
3728724,690.3484185179653
3729725,642.0504342891006
3730726,669.4473494184188
3731727,679.9301424525502
3732728,681.8993417262113
3733729,679.3307225327014
3734730,662.4610123954502
3735731,680.4631294434922
3736732,656.6944156280698
3737733,675.9408807179416
3738734,691.1473113792105
3739735,687.0264348341318
3740736,662.1979121663031
3741737,685.1371837461911
3742738,629.477515418807
3743739,674.3334826915507
3744740,653.7930077555703
3745741,662.9577670738707
3746742,648.4114620324807
3747743,668.927059497255
3748744,641.3245920846358
3749745,638.951971256436
3750746,667.6404261886272
3751747,644.7525897536234
3752748,648.6041193754587
3753749,650.4519316010299
3754750,665.4550919385781
3755751,660.9778470359074
3756752,644.260229433609
3757753,633.305730014707
3758754,626.21913434429
3759755,653.2245299678793
3760756,621.2915857421901
3761757,623.7074643568586
3762758,632.7981969228963
3763759,647.3571813332121
3764760,639.2027322388217
3765761,660.5988873652043
3766762,627.2168250041694
3767763,637.8247777540755
3768764,608.2767070215947
3769765,664.5256428269904
3770766,641.726260230655
3771767,646.8403883968658
3772768,659.2074484247852
3773769,624.9162149275393
3774770,638.6008148328602
3775771,649.002387413241
3776772,638.7088845271469
3777773,651.2284053946528
3778774,649.1002790925427
3779775,672.8600749754592
3780776,647.5895190087955
3781777,644.0902094373745
3782778,655.465093389273
3783779,666.6110148990124
3784780,684.4618969202953
3785781,651.1907617162584
3786782,664.8869773887125
3787783,663.6603090495367
3788784,621.9550182303024
3789785,658.9989594991463
3790786,645.6999552232612
3791787,670.4926347173896
3792788,659.1256567944823
3793789,656.2479760301363
3794790,672.7729418793717
3795791,680.8344052196113
3796792,637.7781856914573
3797793,675.4051229929772
3798794,662.429203363189
3799795,664.2811449927522
3800796,660.9993102661435
3801797,665.2635664391778
3802798,662.8905113098298
3803799,662.1014408071862
3804800,653.6949314647195
3805801,656.537430817973
3806802,663.5650956756541
3807803,660.7731167811727
3808804,663.7142584075503
3809805,656.5781838241483
3810806,674.4709352429563
3811807,652.1826545899307
3812808,658.4214274030851
3813809,672.7166629738472
3814810,664.6872820309962
3815811,664.0636118799098
3816812,628.9771096338584
3817813,655.3618085917237
3818814,671.7504994082691
3819815,664.3671277187635
3820816,671.4725321720924
3821817,662.3450677576344
3822818,640.8016495666253
3823819,649.8818364191544
3824820,679.733881068841
3825821,648.5655636362015
3826822,684.2649421058004
3827823,677.6609769099056
3828824,668.8996901547966
3829825,672.1167283400594
3830826,684.2536758090969
3831827,628.1157904872799
3832828,663.7860645246432
3833829,659.4243443375171
3834830,677.8448657136626
3835831,677.4082548412056
3836832,657.2300627445419
3837833,667.2604567351569
3838834,669.6654700912724
3839835,658.5781775145394
3840836,646.3121466567917
3841837,668.0894498352376
3842838,678.2757542472699
3843839,657.7891351579176
3844840,664.59799315051
3845841,668.2908445524836
3846842,671.431370246251
3847843,680.3489418030405
3848844,677.5864685176856
3849845,662.980695390153
3850846,661.940724126662
3851847,673.7567794378077
3852848,652.4832280568982
3853849,663.9643666453802
3854850,667.4575084957637
3855851,657.3761639003833
3856852,659.9775546745088
3857853,671.2153859975442
3858854,654.7032184772889
3859855,668.3916794651416
3860856,670.8978133624826
3861857,677.2816011394174
3862858,677.2439206610073
3863859,675.9218990366148
3864860,550.806245114431
3865861,665.1616118360503
3866862,671.654901930057
3867863,680.95806118385
3868864,670.8586553852818
3869865,669.9584440982642
3870866,680.4736405882736
3871867,668.9366357713607
3872868,656.3300235753794
3873869,677.0278069285197
3874870,667.989376354892
3875871,667.9252784292146
3876872,668.643639210333
3877873,656.2213187089958
3878874,667.3845043622874
3879875,667.3581314880181
3880876,663.9204186145691
3881877,673.4315435627469
3882878,657.969992958977
3883879,650.4235051807754
3884880,672.1608199406974
3885881,665.4697732566648
3886882,666.1983466771451
3887883,668.0347739695142
3888884,511.4596310775434
3889885,660.4903127351653
3890886,670.6386249072532
3891887,661.8110858945319
3892888,662.6832266970841
3893889,673.1314475861525
3894890,667.9919623116398
3895891,658.8534729397334
3896892,304.120893585689
3897893,681.3815513710987
3898894,660.9896437123467
3899895,670.8579582921449
3900896,658.3325922002798
3901897,662.8843301381479
3902898,659.6030256027581
3903899,660.4742975923843
3904900,666.0662723136513
3905901,664.3276864785222
3906902,661.8820062106139
3907903,669.875605879241
3908904,666.5116799711275
3909905,671.1583481340682
3910906,673.2816638691219
3911907,659.4677693841512
3912908,664.2897035528756
3913909,655.7316458388893
3914910,675.6286484202503
3915911,671.1278802844363
3916912,657.9231307169526
3917913,666.6595908256043
3918914,668.3314567715283
3919915,651.9591020611267
3920916,672.9273023537264
3921917,664.5878355911291
3922918,662.0528183491849
3923919,672.3464392527401
3924920,681.8400694137811
3925921,668.0112902822839
3926922,661.8567157306582
3927923,659.9215071627455
3928924,674.8690946639869
3929925,653.8426290596196
3930926,663.190883246608
3931927,670.610136255766
3932928,674.4079930083991
3933929,669.4369764491432
3934930,673.8015207510003
3935931,669.5983228721349
3936932,677.2298215831191
3937933,665.1382043875469
3938934,667.2025297079352
3939935,671.2964026173754
3940936,674.3901793502199
3941937,671.7274366038727
3942938,661.2286940812645
3943939,671.3787020384727
3944940,671.3466142696063
3945941,664.6586568377287
3946942,675.3394041842644
3947943,646.7313576213352
3948944,676.4232425216708
3949945,658.5923712060517
3950946,672.5526573309321
3951947,667.60611341733
3952948,636.9747311909863
3953949,664.7189196918491
3954950,675.0234701398704
3955951,667.961150574299
3956952,675.8248829388267
3957953,666.5531122756892
3958954,666.527898933599
3959955,674.5047191714593
3960956,663.4458448053223
3961957,668.8782027776509
3962958,661.7000159659651
3963959,672.8636276365454
3964960,654.317886344021
3965961,670.0237914223545
3966962,665.638249682502
3967963,652.2946191504824
3968964,666.9289379598634
3969965,658.2238506105962
3970966,667.1985747352512
3971967,653.2343195417479
3972968,665.6199684974675
3973969,673.9569499194104
3974970,657.1614053950894
3975971,662.4418071835797
3976972,669.2621165555136
3977973,536.778128907757
3978974,668.7668784051203
3979975,309.95295440153325
3980976,670.5332252089293
3981977,652.2368428624587
3982978,658.0555691246561
3983979,666.4548781375066
3984980,650.8464604485229
3985981,675.0668260507888
3986982,624.9884743110484
3987983,485.74849207855044
3988984,645.8411041383865
3989985,671.9046288605176
3990986,669.5473285946174
3991987,661.3006582738433
3992988,665.910553409249
3993989,657.5617939371263
3994990,660.9253367600911
3995991,654.9825478702011
3996992,664.917898100749
3997993,648.0985097081696
3998994,649.9306088669742
3999995,641.1338747728146
4000996,657.9411403268574
4001997,666.7630523724571
4002998,671.7986778749664
4003999,679.4836823472845
4005000,679.5221480949692
4006001,667.4359477265068
4007002,659.1459176076974
4008003,667.8878024563218
4009004,662.3382372578695
4010005,631.3820327187577
4011006,663.1413250033976
4012007,667.1240711326824
4013008,240.0407255949361
4014009,468.10354824308826
4015010,673.3730852311596
4016011,672.6505152654128
4017012,667.722268344342
4018013,678.6368575670423
4019014,667.6001644067085
4020015,673.1423848407169
4021016,268.878317996873
4022017,666.8834120887345
4023018,660.4340406895407
4024019,658.868255421759
4025020,631.148550644394
4026021,631.168987822885
4027022,671.37004755415
4028023,678.8143043776877
4029024,675.2348833308735
4030025,661.4449003992156
4031026,678.7458111419062
4032027,675.3515670189265
4033028,654.8420556992463
4034029,682.7663401025493
4035030,681.6513084192952
4036031,679.2624006894388
4037032,680.4762949410833
4038033,682.6238917115721
4039034,685.3765970453841
4040035,681.8645187363878
4041036,681.94997594366
4042037,677.3036020586703
4043038,677.867029888407
4044039,683.3390846803957
4045040,684.7110382931573
4046041,682.8582946163132
4047042,677.6003613850394
4048043,679.7591125115046
4049044,682.4370068601362
4050045,684.0839256178917
4051046,678.3482862054236
4052047,685.499437417809
4053048,688.0802593313082
4054049,486.22763272124797
4055050,678.6525469286481
4056051,676.9528068481412
4057052,679.4230497155547
4058053,682.9270842576731
4059054,680.2593293864608
4060055,687.1531988572407
4061056,682.195394566162
4062057,676.3502288260287
4063058,691.1198231421732
4064059,680.3935802370263
4065060,692.2816418144062
4066061,678.9240553731585
4067062,691.4006096967817
4068063,690.7149255833867
4069064,662.4955240715252
4070065,681.0330376498526
4071066,685.493497172234
4072067,678.1613873542433
4073068,687.8061060309407
4074069,688.5925095416643
4075070,685.4817588550594
4076071,682.7274324879412
4077072,692.3651539766894
4078073,682.4996677877599
4079074,690.6004717888786
4080075,691.2983926904885
4081076,685.2615644123639
4082077,691.0836834650512
4083078,691.192476526897
4084079,690.6381883345392
4085080,687.4189303865909
4086081,693.4458895052295
4087082,672.7680115831695
4088083,677.7590428077706
4089084,690.9291699353757
4090085,621.2058832070492
4091086,692.6975276835624
4092087,680.1725209971362
4093088,676.3470717103055
4094089,225.7368975852345
4095090,691.8635013640885
4096091,692.4063958368932
4097092,681.2538253021386
4098093,686.8596976768501
4099094,680.9774046810209
4100095,682.5555877748006
4101096,678.1906742126621
4102097,688.0805641625554
4103098,256.65659860142836
4104099,685.5317798258997
4105100,686.1950592843372
4106101,519.9778231069091
4107102,691.5508962373979
4108103,522.0354227609652
4109104,690.5972320299338
4110105,685.2315105597872
4111106,684.534432529124
4112107,685.1226049735767
4113108,684.978510347703
4114109,691.2389343229191
4115110,690.9426303561032
4116111,689.5927440922463
4117112,689.1089651820181
4118113,689.2065374374477
4119114,690.9498491776446
4120115,681.8269915436938
4121116,684.4425689066481
4122117,685.1751435375016
4123118,385.91797710110285
4124119,689.9396390726456
4125120,675.3603381731331
4126121,678.2711162053387
4127122,684.139594559323
4128123,607.1691109846237
4129124,674.6515470651821
4130125,683.2792685646317
4131126,686.9238181068445
4132127,691.486107028459
4133128,669.7641491736082
4134129,685.3828701347614
4135130,686.748172187701
4136131,679.5611301347776
4137132,685.6366480194187
4138133,687.8417998268893
4139134,686.5631642830296
4140135,689.5889242107044
4141136,241.0031818899168
4142137,683.9832082688538
4143138,682.8953589235176
4144139,686.7023499057677
4145140,677.6390653961482
4146141,665.7826810632329
4147142,679.3410798682045
4148143,666.3953255904266
4149144,646.1456388280884
4150145,674.0851844648627
4151146,686.4636895426748
4152147,690.9567329572485
4153148,683.8053513532603
4154149,692.1127235094699
4155150,684.7175940373403
4156151,682.0853910177038
4157152,665.7280553230878
4158153,687.1476979983838
4159154,674.485577832189
4160155,556.2675669085519
4161156,672.3321998308762
4162157,684.989928654386
4163158,689.03626193288
4164159,573.21438722923
4165160,686.5382180838316
4166161,670.6021935389405
4167162,684.5169218366971
4168163,691.6149007517998
4169164,679.2382736469189
4170165,428.45277580699184
4171166,691.6517308952266
4172167,689.4882717414246
4173168,689.5158097835307
4174169,691.0336740281065
4175170,685.2883802917327
4176171,687.0937706776969
4177172,678.8750747585452
4178173,688.0063169552335
4179174,684.310499628362
4180175,681.9244860866334
4181176,679.2625910303515
4182177,684.0331707790908
4183178,672.8013622955198
4184179,677.0440631303834
4185180,676.5013862229745
4186181,533.6539865084575
4187182,679.7725294827004
4188183,672.049106123908
4189184,670.1142420851083
4190185,689.458834365277
4191186,684.8725818330574
4192187,672.2404853800065
4193188,670.431570398424
4194189,682.6684130274691
4195190,675.7066408471444
4196191,683.8169061935448
4197192,682.6565572408248
4198193,670.1814175238469
4199194,674.7209407380477
4200195,667.8615783769504
4201196,664.7581410995484
4202197,660.3551996858251
4203198,684.2914804358726
4204199,673.9232937363145
4205200,684.2736310716009
4206201,673.463844661631
4207202,539.5058114980275
4208203,241.66181471598176
4209204,657.7035757838477
4210205,683.719224419552
4211206,688.8739274596992
4212207,657.3194429120871
4213208,688.9880296692215
4214209,688.0488060462598
4215210,682.8122644940476
4216211,682.1986440688279
4217212,676.2894979403051
4218213,652.7047565610794
4219214,688.2531917488751
4220215,683.7512936633171
4221216,684.3050508761311
4222217,679.708156573473
4223218,686.7854814875416
4224219,689.3034354985093
4225220,678.8476943940109
4226221,654.0300641452917
4227222,685.6734096669321
4228223,683.830407115224
4229224,688.1826489730946
4230225,687.2094933232974
4231226,689.1072576384117
4232227,689.6381957405285
4233228,679.1174394852427
4234229,688.8957136617179
4235230,674.0938753061232
4236231,677.9880941455413
4237232,691.2790260413856
4238233,688.6110697097245
4239234,688.3507980221405
4240235,688.4915483268093
4241236,685.6336157812683
4242237,683.3983548585134
4243238,688.2734020163504
4244239,688.7471259246452
4245240,690.4574266323343
4246241,683.8876621118566
4247242,681.150009943318
4248243,679.5852571615793
4249244,681.6151716568032
4250245,685.2172606354465
4251246,670.555738164583
4252247,682.9387261991391
4253248,690.5593306588383
4254249,683.8420657542271
4255250,682.8520924319815
4256251,668.5683924850047
4257252,687.8086402565417
4258253,680.9366157953798
4259254,670.719164377091
4260255,688.8881029200737
4261256,683.6471283474827
4262257,682.883519365021
4263258,663.9652960235898
4264259,685.1628734723029
4265260,657.5495183899953
4266261,686.727488982994
4267262,679.872156691558
4268263,678.5845805647486
4269264,671.3938382629445
4270265,683.4588600109637
4271266,675.1459387717713
4272267,686.6657289788712
4273268,686.8763825444087
4274269,680.6814488697014
4275270,688.289922367072
4276271,677.7986695818657
4277272,633.9636726194367
4278273,684.1191734720687
4279274,688.6426233611177
4280275,665.054432373586
4281276,684.2591854749086
4282277,682.8781770297757
4283278,687.6562863439337
4284279,688.3912054808832
4285280,676.7336676138752
4286281,673.99606851586
4287282,669.4839050885319
4288283,676.6864400742344
4289284,676.3231857915
4290285,674.0387766587298
4291286,671.0822933493808
4292287,681.1152709926859
4293288,677.8077844852082
4294289,667.1733742619233
4295290,677.7203198056164
4296291,673.5426780443373
4297292,667.6724880108119
4298293,665.4016675275442
4299294,676.4756877558866
4300295,540.1965557310929
4301296,670.2957090429253
4302297,646.4035312128618
4303298,669.1550138816842
4304299,663.5642756787526
4305300,674.9348268454421
4306301,669.3456033637773
4307302,682.3805349431518
4308303,668.1181460332717
4309304,665.8823830987955
4310305,677.1622118452424
4311306,674.4719222188429
4312307,672.3543846931676
4313308,672.0104706790211
4314309,660.2554084210936
4315310,664.7974490078703
4316311,676.3150223982802
4317312,681.3478746240943
4318313,649.3914205765594
4319314,656.0014455196407
4320315,193.51951928140915
4321316,658.3359716539276
4322317,677.1758019947267
4323318,671.8259482647001
4324319,661.6539782910851
4325320,208.31999749280203
4326321,657.9360743078487
4327322,664.3343645358543
4328323,656.8288811516729
4329324,658.3398543171024
4330325,659.6517311829028
4331326,654.3922542013826
4332327,663.9706819159866
4333328,668.0639235271437
4334329,660.0026131955551
4335330,659.2699283145876
4336331,670.0003910243533
4337332,676.8153887551947
4338333,656.017746184225
4339334,665.7905421187689
4340335,366.1866440044756
4341336,656.3530972432209
4342337,649.3105184104138
4343338,654.1546734939875
4344339,659.6006239221382
4345340,659.3745935993772
4346341,657.2110337064315
4347342,384.2242641710602
4348343,660.6613370208506
4349344,650.1467661572005
4350345,652.2821156999157
4351346,660.1380650541312
4352347,654.1823761769904
4353348,658.9944260586853
4354349,655.4606994483144
4355350,647.0430225640274
4356351,657.9785283873686
4357352,653.6020317748555
4358353,656.5265864371511
4359354,663.7677555572722
4360355,654.3447075349935
4361356,640.6878758057092
4362357,657.9522405305164
4363358,240.65113610652799
4364359,659.9996047801199
4365360,646.7885122856698
4366361,657.5308497081337
4367362,675.3299196058812
4368363,655.8655630631049
4369364,663.5470998380105
4370365,665.1207268891095
4371366,661.1632302942845
4372367,179.13966623725395
4373368,676.1832448738874
4374369,665.0069096645333
4375370,650.0261474358272
4376371,660.0378210753115
4377372,657.216171106611
4378373,656.919924049427
4379374,658.329009962619
4380375,666.7957184503474
4381376,656.873255925393
4382377,326.2435575576904
4383378,654.0721805240884
4384379,637.1885800435123
4385380,489.70727422854947
4386381,652.7372357280332
4387382,657.0131880516325
4388383,649.9612376163756
4389384,655.9275776643776
4390385,651.1152760445543
4391386,658.5985472375614
4392387,650.7778796403483
4393388,660.4037962530573
4394389,669.085144412116
4395390,649.4710866765129
4396391,662.6577378327253
4397392,637.1962410474803
4398393,650.6195866686049
4399394,648.5908676016685
4400395,657.7644882614499
4401396,670.103914030417
4402397,669.1723758367988
4403398,682.5587219916218
4404399,681.8450084956497
4405400,667.2294651148015
4406401,676.0302481521464
4407402,683.371016759072
4408403,675.4083191248584
4409404,665.7431145591822
4410405,674.6933449566255
4411406,668.7682750459489
4412407,671.4089138552749
4413408,650.3679871947829
4414409,674.3186761908263
4415410,661.6279450086464
4416411,680.0539483128111
4417412,675.0257337167702
4418413,668.2204406322605
4419414,668.2112192203504
4420415,678.6568048172632
4421416,241.58894134138018
4422417,675.3179682897733
4423418,418.60555688415656
4424419,670.2351115384319
4425420,650.8739563527796
4426421,663.2351967648865
4427422,662.1371298244615
4428423,666.3938035381286
4429424,674.9441998045138
4430425,666.0812281181726
4431426,674.636111591202
4432427,670.8616599497664
4433428,664.9144970390912
4434429,674.7086804632739
4435430,674.4006682862508
4436431,654.8828940956631
4437432,673.845591897174
4438433,654.8787768865423
4439434,662.6783117800533
4440435,661.238867140853
4441436,671.4230650518224
4442437,668.6761055466053
4443438,673.7270211870706
4444439,195.55454086592266
4445440,537.183469768879
4446441,662.8718216999102
4447442,674.6587950507102
4448443,674.1172693653834
4449444,678.2306727039703
4450445,666.1363972679536
4451446,652.5405205063419
4452447,669.761676673374
4453448,672.6465911857788
4454449,663.8106293425999
4455450,677.1238824138138
4456451,670.6637481482113
4457452,676.8536611056855
4458453,677.626645957736
4459454,681.316390800618
4460455,678.5617779397551
4461456,680.4236336949759
4462457,669.9723724310999
4463458,672.5673787564683
4464459,673.6796536312677
4465460,679.1825502883097
4466461,682.7587143098065
4467462,675.8144184038555
4468463,679.4316097193924
4469464,674.8444958994163
4470465,674.0657901485806
4471466,681.1169669727017
4472467,684.6053964017395
4473468,676.0969598809398
4474469,219.0065781372215
4475470,679.8013630828556
4476471,670.5017783972833
4477472,686.1549843556054
4478473,672.8395632707203
4479474,675.6917695031509
4480475,682.7350713594356
4481476,679.0472432624027
4482477,680.9597659538412
4483478,669.3573956876378
4484479,411.6002596821324
4485480,675.8665374792307
4486481,678.5603561607251
4487482,649.4170201398526
4488483,675.6582702821836
4489484,678.4098888231928
4490485,673.6252403799763
4491486,689.8534228338887
4492487,678.2756822234585
4493488,680.0864295178169
4494489,679.3354335586596
4495490,685.9486268629247
4496491,682.6495365959605
4497492,686.1900878837102
4498493,682.645735275489
4499494,690.8356308510074
4500495,688.058511444163
4501496,657.505837590412
4502497,690.5051433520232
4503498,262.8837583095343
4504499,689.0081237594295
4505500,679.5257196788582
4506501,692.8623745842789
4507502,689.3802091570193
4508503,422.90560332251044
4509504,691.9350638663636
4510505,685.5458967968898
4511506,686.430238868872
4512507,689.3549272853325
4513508,688.4919536523498
4514509,687.7395683009297
4515510,691.6974320143597
4516511,692.2065112123221
4517512,687.7719209742155
4518513,691.7795078265995
4519514,685.8908599408206
4520515,691.4719314523923
4521516,692.2711588280796
4522517,686.955195826625
4523518,631.9615070673586
4524519,687.3051518598643
4525520,686.6664115936028
4526521,314.5884988987767
4527522,688.9089771898599
4528523,691.027919549999
4529524,691.808198150065
4530525,690.2397088121849
4531526,674.8100779714318
4532527,689.2214107335241
4533528,686.3510656142298
4534529,655.8986075112313
4535530,689.9548185680615
4536531,664.5850006484479
4537532,693.233673735761
4538533,685.7663860243447
4539534,691.2229371016131
4540535,684.3483153097783
4541536,693.5362238500948
4542537,693.002761401966
4543538,684.3472586867493
4544539,688.9079808234668
4545540,668.9850680618258
4546541,689.078769888734
4547542,688.5908597174553
4548543,684.8891694125728
4549544,692.3857936288747
4550545,679.531926148954
4551546,692.0079465033034
4552547,690.3452369858705
4553548,688.6967125295956
4554549,687.7416720596511
4555550,692.53601512701
4556551,571.2336410734508
4557552,694.1633290873814
4558553,690.0857606878828
4559554,690.7800468647407
4560555,685.451214114032
4561556,679.8787833484859
4562557,690.5183443919185
4563558,687.8566363389942
4564559,689.1140181409128
4565560,691.7631167184769
4566561,690.6718847679009
4567562,687.6089834805159
4568563,692.2657646013233
4569564,692.4106766391708
4570565,690.2832983944485
4571566,690.0412163723067
4572567,692.675062748341
4573568,692.5783739756847
4574569,692.6498138974167
4575570,690.0643086251031
4576571,689.7857307493352
4577572,694.3406053746231
4578573,692.3914927704062
4579574,690.2526464730527
4580575,686.9290393413786
4581576,694.8025131892869
4582577,256.8434600099208
4583578,688.1394532376389
4584579,689.2780642278746
4585580,690.4262721735579
4586581,687.2231965249571
4587582,689.6776823734682
4588583,694.5516667176414
4589584,693.4210190480599
4590585,687.7267392887765
4591586,690.105262307601
4592587,690.8230881945728
4593588,687.8579515808883
4594589,692.3293728812013
4595590,691.9499150177946
4596591,688.4131216310057
4597592,692.9158733317485
4598593,690.0728815573358
4599594,690.4972016586709
4600595,690.6184780992548
4601596,690.8696092852414
4602597,692.0030002396247
4603598,690.4509803416585
4604599,688.6721435726312
4605600,688.4958432525683
4606601,693.8210381753906
4607602,674.0612299511589
4608603,692.0509524390843
4609604,691.9937643609305
4610605,693.5893827962947
4611606,693.4272348943093
4612607,694.0626670236303
4613608,692.4692459664753
4614609,693.4129867343449
4615610,685.9938387121573
4616611,693.7202261599961
4617612,688.0831697770574
4618613,692.4512159968443
4619614,689.0803679714238
4620615,689.9951616687165
4621616,693.0547956118205
4622617,687.8620737505445
4623618,272.54777742475824
4624619,279.7637683188885
4625620,693.2169157543199
4626621,672.1441315193853
4627622,241.12160141037864
4628623,685.9112797319203
4629624,517.7515483564745
4630625,258.1171159418422
4631626,692.6224089221018
4632627,687.3951719752247
4633628,694.3761815472117
4634629,691.9138328098658
4635630,690.1744761221136
4636631,682.2567968087453
4637632,692.2993266498693
4638633,693.0225248278821
4639634,690.3144444365207
4640635,678.912675581862
4641636,204.59714140100957
4642637,183.2096080428755
4643638,683.0722178680592
4644639,691.2021033827259
4645640,689.7870988919248
4646641,689.1598645075491
4647642,688.2998363196249
4648643,686.3555887850433
4649644,680.7893217369694
4650645,691.8341674243298
4651646,201.74974421283594
4652647,686.1023471922784
4653648,688.4953383618401
4654649,689.9585676267931
4655650,691.905356712932
4656651,689.1619217185946
4657652,693.5126823250014
4658653,691.5075718923453
4659654,561.9859375049521
4660655,683.3326777410565
4661656,687.6122212543347
4662657,692.6183804675636
4663658,686.1535419303184
4664659,692.3529550892299
4665660,693.7475865697257
4666661,687.8023008811316
4667662,691.6294337729831
4668663,693.437003094265
4669664,692.5000571551857
4670665,692.5072206693682
4671666,693.9739999729679
4672667,691.6053881766998
4673668,179.06227836550886
4674669,692.3042855974394
4675670,693.6255743750995
4676671,686.2664726867647
4677672,690.1775837031631
4678673,661.2785850252661
4679674,681.7604902957761
4680675,560.6508042630808
4681676,692.6322734037955
4682677,688.8656951473521
4683678,689.7513996342634
4684679,689.3420478843634
4685680,690.1121793656154
4686681,689.7269876669367
4687682,687.5303096641755
4688683,692.8879076774189
4689684,690.8304439604382
4690685,690.0515611511657
4691686,692.2183836468921
4692687,680.8081419908222
4693688,689.9631283994506
4694689,649.6285397708165
4695690,665.6823545928046
4696691,685.5631186988011
4697692,671.7356732976048
4698693,337.2025173873958
4699694,689.0520977970643
4700695,685.3187116214145
4701696,692.5738981481165
4702697,667.7233311314033
4703698,688.898203971917
4704699,687.9671430328985
4705700,687.6428705626339
4706701,689.6199099413965
4707702,690.2766371259131
4708703,674.2105325591314
4709704,687.4613414448829
4710705,690.7917689852592
4711706,687.6983145116318
4712707,693.130738954189
4713708,687.0549156021782
4714709,194.77496371070308
4715710,684.1270279251661
4716711,689.7820209297272
4717712,685.7627970669809
4718713,692.2380938515704
4719714,687.1501589294595
4720715,688.4724686534498
4721716,688.3031035657555
4722717,688.8065479592632
4723718,309.77457119165246
4724719,689.8608469077134
4725720,177.15425716610324
4726721,687.5259794126112
4727722,690.388889768675
4728723,689.5948768388841
4729724,675.7882867790731
4730725,685.6292907957193
4731726,684.6403578670006
4732727,681.4359645993883
4733728,674.0554466899578
4734729,685.2706200007364
4735730,682.3745805782095
4736731,683.4557312706909
4737732,685.568296522092
4738733,681.4275965423143
4739734,689.5606086203015
4740735,201.62604753930307
4741736,683.0761393310654
4742737,679.1239470013932
4743738,682.0583607494121
4744739,685.7608566033338
4745740,677.6085851110563
4746741,681.9625618642423
4747742,679.9343624791026
4748743,683.3476303038808
4749744,680.342604104909
4750745,683.6409035320069
4751746,687.8540276062096
4752747,682.0312441926793
4753748,670.2902511390606
4754749,681.5718872396696
4755750,672.855173014707
4756751,670.8363533450682
4757752,683.0947896178825
4758753,680.6185705157061
4759754,676.7110709067993
4760755,680.6538152385182
4761756,421.96485849959225
4762757,676.8747583995088
4763758,680.486199602295
4764759,668.9210625062576
4765760,685.4541981234927
4766761,681.8222740626246
4767762,668.693169035898
4768763,292.44526796296077
4769764,681.0910532191881
4770765,686.5122671131282
4771766,678.0394788166832
4772767,677.0786919972425
4773768,671.531110356099
4774769,681.0025510353116
4775770,659.128207815087
4776771,678.9065662660045
4777772,680.4879255550085
4778773,678.9973983272033
4779774,678.0590701200911
4780775,683.2444220515997
4781776,679.6282182921606
4782777,679.9270695116319
4783778,679.7731741982218
4784779,676.2426523014343
4785780,674.3053001911686
4786781,666.8392818398052
4787782,672.9050174816173
4788783,672.5981672718923
4789784,238.0009604869921
4790785,668.1571709530915
4791786,680.7480208341484
4792787,677.9234807624356
4793788,674.6309585098896
4794789,666.9644766231321
4795790,665.9523255403225
4796791,677.3410828320075
4797792,672.0758336419123
4798793,675.0786998064445
4799794,676.3835052306504
4800795,672.4704798508402
4801796,672.983484204612
4802797,673.2546977726015
4803798,674.8746605216728
4804799,674.7526804605945
4805800,554.4460891246628
4806801,664.8951156314548
4807802,667.7603758871696
4808803,675.8020409085055
4809804,671.6530212968755
4810805,674.2891017745554
4811806,677.9166140271699
4812807,677.7089180882135
4813808,672.9312897113206
4814809,681.6038381057123
4815810,659.6442312199953
4816811,674.4724091694884
4817812,678.2015330453521
4818813,181.59322894681037
4819814,682.8993741932678
4820815,678.7663613812755
4821816,669.1064135964033
4822817,683.2550681519282
4823818,681.2274477925905
4824819,422.67903237454385
4825820,686.6074573521324
4826821,682.4639273550414
4827822,680.1812551860204
4828823,581.62304608519
4829824,683.0467287796004
4830825,683.9796914961186
4831826,315.44838249185153
4832827,674.5380344765983
4833828,683.7414466161812
4834829,685.1679112064063
4835830,686.0467105781347
4836831,679.7035401346703
4837832,684.8069690441766
4838833,684.4881093388659
4839834,375.10157790179466
4840835,679.1959365194512
4841836,685.7792247396385
4842837,680.4246866880508
4843838,263.9582341990769
4844839,685.5560026764488
4845840,197.8913060809768
4846841,317.2019347086619
4847842,688.8623653212554
4848843,684.6317833158608
4849844,686.3479797454522
4850845,687.15867427991
4851846,682.2941515585763
4852847,682.9413079114727
4853848,684.4872467694645
4854849,684.2513008883487
4855850,680.939370029868
4856851,685.464323028367
4857852,686.2592544363157
4858853,682.4471329895631
4859854,204.35879906446593
4860855,683.8333688285402
4861856,680.5728587091858
4862857,689.6958753842456
4863858,682.4622905492029
4864859,428.514231015034
4865860,689.3858415126048
4866861,669.9329098411354
4867862,690.1641981178899
4868863,181.3984115083309
4869864,686.8868488824476
4870865,678.14466411531
4871866,684.6475098874099
4872867,682.0197462902522
4873868,685.091248885169
4874869,684.8588877392006
4875870,689.025656001127
4876871,689.2129338529396
4877872,683.8227079874531
4878873,686.8405377157214
4879874,686.9000425686114
4880875,685.0494232881026
4881876,684.6529821402977
4882877,685.8524862313092
4883878,685.1259314627135
4884879,687.2619035364539
4885880,682.2523767131395
4886881,689.2692055146654
4887882,684.7030905589849
4888883,261.8398824383511
4889884,684.5154222349605
4890885,689.3983967793746
4891886,685.0813092886061
4892887,690.0479789464239
4893888,686.7624219539107
4894889,684.7808225897368
4895890,676.6642208206639
4896891,688.9387860735422
4897892,684.1132330996713
4898893,681.6862671059562
4899894,687.211000674366
4900895,417.8254668085227
4901896,689.8096514069017
4902897,679.8279508020315
4903898,678.6266568898567
4904899,685.1914793859773
4905900,680.9564779848046
4906901,690.3103220584953
4907902,689.4617468881319
4908903,673.2647331056456
4909904,685.561665554055
4910905,680.030383705895
4911906,684.5025989460348
4912907,677.4994260587719
4913908,678.5504732118546
4914909,683.1140378060627
4915910,322.94770891576246
4916911,682.2777513889677
4917912,684.3326441205833
4918913,663.9646629631637
4919914,687.0338812850789
4920915,681.625970511345
4921916,685.7663897497499
4922917,681.6924925215044
4923918,687.5142268572146
4924919,673.0517784207307
4925920,685.158565980621
4926921,240.22082212117868
4927922,681.5259780605433
4928923,676.8918804103672
4929924,677.8196429642192
4930925,678.1591945508992
4931926,684.7714482649199
4932927,685.1197757476995
4933928,684.3341017612422
4934929,683.1697229020057
4935930,675.1570218322272
4936931,679.2229940313397
4937932,681.8031544826734
4938933,563.813928462851
4939934,687.489980044014
4940935,685.8355167251971
4941936,681.2842966399796
4942937,680.8717970182523
4943938,684.2253161119859
4944939,682.6396114732015
4945940,665.9010163749563
4946941,679.0289143213436
4947942,212.37663662300662
4948943,682.3079537410673
4949944,238.30512163057134
4950945,683.6589318875585
4951946,686.0321725802971
4952947,676.1337767495107
4953948,683.4020502425419
4954949,686.2180168119771
4955950,686.3400128299032
4956951,683.616626445701
4957952,672.7281947421104
4958953,687.1027460115663
4959954,685.902529326767
4960955,682.7233732648411
4961956,688.0884490400466
4962957,689.0582854046166
4963958,679.7499115508975
4964959,679.460614498283
4965960,668.0755168750095
4966961,687.0897145056392
4967962,682.6334347212429
4968963,684.5012977939249
4969964,680.9144719198003
4970965,684.2250255243673
4971966,688.0197362224892
4972967,684.6857834409712
4973968,684.6733719226813
4974969,686.6318391541247
4975970,667.9886104156204
4976971,672.7248926498543
4977972,682.5028320372047
4978973,684.458394989477
4979974,682.3332017849702
4980975,682.0506554160881
4981976,684.142551257081
4982977,669.1552330786421
4983978,682.1073381837493
4984979,682.1586894615667
4985980,680.4686813478294
4986981,684.301256734097
4987982,679.9501939234638
4988983,660.5861818769088
4989984,655.8392473263797
4990985,671.0583221281414
4991986,675.0440394353263
4992987,662.9932901314457
4993988,677.1085969387359
4994989,683.808134838932
4995990,683.7272289987287
4996991,676.847588413663
4997992,672.5591876486673
4998993,643.0678612557031
4999994,678.6153561629934
5000995,669.4467814724859
5001996,680.4836842766376
5002997,681.4890558606498
5003998,679.0499644068987
5004999,666.3493260031908
5006000,680.5367624634068
5007001,681.4773372216318
5008002,674.5575018906835
5009003,678.701469748893
5010004,674.7047218465932
5011005,677.0369351501893
5012006,678.3027996175209
5013007,673.3770760736801
5014008,679.219897071215
5015009,678.7849174286305
5016010,678.36363134292
5017011,676.3747648610179
5018012,232.139995582814
5019013,663.4950498949923
5020014,667.9252734509071
5021015,469.52887529235153
5022016,676.3231981793176
5023017,673.0167660197625
5024018,678.3998877345912
5025019,677.6548837553711
5026020,676.1463226284417
5027021,669.8681990271597
5028022,682.1508543118805
5029023,660.4142904325706
5030024,666.201503605137
5031025,665.2549894130686
5032026,675.124647671407
5033027,675.4701764183503
5034028,674.8211745488055
5035029,679.2541634936599
5036030,679.0289285131241
5037031,678.396452369855
5038032,665.8442425472367
5039033,675.9687034807856
5040034,679.1978036428087
5041035,669.1659676409266
5042036,673.4476839508732
5043037,672.3603062683285
5044038,672.4969607406092
5045039,674.5925905014819
5046040,670.9228030804394
5047041,447.96978922224065
5048042,669.163528854975
5049043,654.5507397791575
5050044,665.9046171157731
5051045,634.2072976370214
5052046,650.026443224145
5053047,653.1088623558427
5054048,671.5691940511932
5055049,664.4352750222502
5056050,656.1306013980516
5057051,649.3764492945155
5058052,671.0156799760945
5059053,642.484220032946
5060054,653.067772513401
5061055,665.2559585495726
5062056,655.4692047130658
5063057,646.5178904755626
5064058,654.8145616263317
5065059,641.3462935678656
5066060,654.9151489748527
5067061,660.7938823166908
5068062,661.6286223742036
5069063,657.5612904940897
5070064,652.4015212452964
5071065,668.6402524978399
5072066,663.7420848448776
5073067,608.4442724250877
5074068,588.1872548373221
5075069,660.5401858990685
5076070,665.8397914771189
5077071,603.8331588645299
5078072,655.1204982239572
5079073,624.8022435300146
5080074,622.7832706670774
5081075,605.1309528133552
5082076,672.1911421144147
5083077,616.0483777442801
5084078,633.7696450801152
5085079,653.7213111861253
5086080,370.2660127645568
5087081,654.7081544504324
5088082,609.0411463312789
5089083,568.8882787294218
5090084,612.4366418317169
5091085,611.8095315455317
5092086,586.7354437898142
5093087,599.6625977463935
5094088,607.4427187538972
5095089,590.1997198800625
5096090,570.8503453724792
5097091,587.1697105143604
5098092,595.3843643846689
5099093,578.8405086863586
5100094,581.2886753967537
5101095,583.1498726970976
5102096,591.3617378476694
5103097,584.775251827033
5104098,487.88276289707534
5105099,566.857454120511
5106100,524.6302190861106
5107101,552.9780204637647
5108102,568.2899736547984
5109103,557.9787036897196
5110104,572.893045663451
5111105,487.77054527269223
5112106,575.0113828978921
5113107,546.034822664509
5114108,409.7579977293239
5115109,551.4254453010126
5116110,536.087149080788
5117111,546.8244097169724
5118112,553.4466358105316
5119113,544.5601337037928
5120114,547.3763556618953
5121115,552.0923492736251
5122116,550.8562440922332
5123117,558.0083485815136
5124118,543.3217495118498
5125119,557.8284881394472
5126120,568.7595295573998
5127121,555.1907988091499
5128122,553.8634171836079
5129123,548.6063059883899
5130124,545.8999032882627
5131125,539.4217464018949
5132126,192.92253124244976
5133127,620.6599661098932
5134128,558.7490764988713
5135129,559.1784890108526
5136130,600.557349883371
5137131,514.2280337062605
5138132,601.4400869538085
5139133,573.4956661416478
5140134,530.1824962410114
5141135,541.8693332493718
5142136,577.6327845853876
5143137,575.3970134197627
5144138,536.7854408194056
5145139,487.1986354070738
5146140,593.9451982259578
5147141,568.6415404183923
5148142,575.1415509424573
5149143,575.9449994513556
5150144,592.0603614815456
5151145,494.61633395557567
5152146,230.70101353059025
5153147,593.9645688427988
5154148,609.5050014406575
5155149,609.6104793783104
5156150,601.1327126884787
5157151,597.7901891400056
5158152,613.8546521611108
5159153,592.4135941118453
5160154,613.6217364763916
5161155,606.0067613035748
5162156,600.0405562830482
5163157,630.9539167215779
5164158,608.8328933973914
5165159,614.6398054581445
5166160,619.4879691667358
5167161,648.4629548011767
5168162,631.500104826551
5169163,635.0959148423586
5170164,650.0263048369623
5171165,637.2074480163421
5172166,638.151020568825
5173167,643.8014061833542
5174168,654.0527679831504
5175169,635.8732875573096
5176170,643.4065491817988
5177171,645.5604896207893
5178172,654.391214641288
5179173,646.039532840515
5180174,664.1634377589204
5181175,653.6783155199839
5182176,655.835509694265
5183177,655.6907703597522
5184178,629.4622825228874
5185179,660.1707718567166
5186180,674.5117281212862
5187181,657.3915848535437
5188182,647.9941708532931
5189183,658.6136258532925
5190184,670.6051686369859
5191185,667.5209647872118
5192186,666.813116108999
5193187,669.231953373288
5194188,663.8985080169398
5195189,654.808580068612
5196190,655.4074330889179
5197191,660.540152381583
5198192,659.8391258277708
5199193,653.9056716445932
5200194,643.9639793512475
5201195,659.4877297797196
5202196,666.6114204811403
5203197,668.2848779942831
5204198,616.8151213959436
5205199,655.1470561817944
5206200,662.9455517016207
5207201,628.3294892080395
5208202,660.6105000977957
5209203,657.7413126381875
5210204,662.7765194745529
5211205,668.4349955638141
5212206,666.5988809555064
5213207,659.0696253279862
5214208,664.7349298766611
5215209,653.3712077579635
5216210,658.7108312207345
5217211,652.9410317507889
5218212,635.1358396404934
5219213,672.0973711563333
5220214,644.5158060877461
5221215,670.091815989148
5222216,668.4423192781153
5223217,659.8193615962713
5224218,667.0326677943083
5225219,670.4512894885243
5226220,671.0919838535875
5227221,673.9678253077797
5228222,653.1060843932818
5229223,649.6132959060124
5230224,668.9347652341607
5231225,678.9145295334239
5232226,671.3357741846781
5233227,675.143959461165
5234228,666.831952487242
5235229,625.403254743433
5236230,629.306277897807
5237231,668.1814222862241
5238232,678.5357714023373
5239233,674.0870085519306
5240234,679.1243621231051
5241235,655.4284698478707
5242236,649.899906103806
5243237,640.1332971124207
5244238,675.3157183483544
5245239,548.7611454398193
5246240,683.7272509821904
5247241,673.4591200381514
5248242,658.2991401513992
5249243,671.4877723988935
5250244,674.7600372131213
5251245,665.8585157750454
5252246,676.1769649224271
5253247,676.2469300338677
5254248,677.1918507090896
5255249,655.5997074892284
5256250,683.0568809842248
5257251,659.120499671028
5258252,665.6405221944528
5259253,669.7123214717864
5260254,673.4305749472805
5261255,678.2569774359143
5262256,673.5007954586912
5263257,669.8998399853572
5264258,668.9371602903557
5265259,675.8885893835613
5266260,292.8130908279826
5267261,675.2429546610915
5268262,678.1312604424992
5269263,179.01725721135912
5270264,279.55095884949554
5271265,640.4350811161315
5272266,671.9690121784326
5273267,674.338139969589
5274268,658.7173220151845
5275269,668.6378042366392
5276270,665.5637434360398
5277271,663.6906584892471
5278272,673.4029108053282
5279273,680.6641569291481
5280274,206.63774008974676
5281275,647.658714576698
5282276,678.1496480470837
5283277,676.0958564147754
5284278,669.6284845721352
5285279,675.2170805805977
5286280,675.2567100826761
5287281,667.3245741807505
5288282,659.3180832250896
5289283,677.1106650752553
5290284,181.31673430395395
5291285,671.4944758319034
5292286,670.1713512401832
5293287,673.8253280494079
5294288,675.6970826434983
5295289,678.5631148772619
5296290,673.71716478818
5297291,676.7129029911873
5298292,668.2388952803016
5299293,678.2912613399425
5300294,680.8249349715828
5301295,678.2508868707665
5302296,667.2577331225109
5303297,520.2648167388159
5304298,664.4387753066296
5305299,660.0837672093568
5306300,292.31816532805504
5307301,679.4619965378247
5308302,639.9263926888708
5309303,677.4897988491507
5310304,660.8394277716545
5311305,667.7535663468634
5312306,670.8130684627723
5313307,672.9449031568793
5314308,676.6443642777298
5315309,657.3927878738142
5316310,659.1823511919141
5317311,679.1198568157639
5318312,650.353762226116
5319313,671.7425443463903
5320314,652.1349666182753
5321315,673.7778189853742
5322316,651.407285099886
5323317,659.1146611581661
5324318,674.9809314647115
5325319,658.1260667369711
5326320,675.7883486847487
5327321,631.4010293230954
5328322,337.08927597686943
5329323,671.8439781775786
5330324,286.6784084789877
5331325,664.0515741979965
5332326,667.8590750203908
5333327,282.08534788314876
5334328,654.1702288882241
5335329,671.7714749947835
5336330,660.3655421364653
5337331,658.4171932748295
5338332,643.8487880224521
5339333,157.69598978832352
5340334,201.8028665975644
5341335,645.907355089162
5342336,658.417206434862
5343337,598.2126530509641
5344338,662.4828296105146
5345339,253.67638937182392
5346340,668.9475918968418
5347341,639.1758380831628
5348342,668.4055323522252
5349343,667.353290115254
5350344,662.8729044222604
5351345,206.17764178819286
5352346,662.3927579687818
5353347,669.0160785278945
5354348,672.1877580710682
5355349,664.0977926761911
5356350,668.146053313685
5357351,665.7490988402807
5358352,206.7965094824301
5359353,661.6917807086154
5360354,657.3526792381346
5361355,612.380288598061
5362356,317.85112982724485
5363357,649.7418538826068
5364358,649.2265486385469
5365359,658.6366885422573
5366360,656.5021382160944
5367361,631.7133539340406
5368362,652.7952290606424
5369363,660.3884352004995
5370364,146.37154869740607
5371365,661.6427366874908
5372366,658.1384129918277
5373367,656.7266965863566
5374368,654.1250738777717
5375369,652.530600311803
5376370,645.2700720117457
5377371,663.9870309380516
5378372,637.295098388583
5379373,644.3330304345885
5380374,329.95821184705727
5381375,649.3570834290033
5382376,655.8022047123715
5383377,320.8048511231035
5384378,664.026733158804
5385379,658.9542997186364
5386380,286.4020388251813
5387381,628.0497436096988
5388382,651.3686230676001
5389383,647.3761816754453
5390384,186.20598898377912
5391385,659.9305338660428
5392386,655.7466821800532
5393387,658.0190220950207
5394388,631.1981747970812
5395389,658.6804667425747
5396390,627.5686901858853
5397391,440.631683991723
5398392,634.8214535603464
5399393,649.0741315908842
5400394,654.3003064803645
5401395,645.4137313916713
5402396,239.06820448348736
5403397,205.5855135591449
5404398,185.255427018074
5405399,506.7857012408809
5406400,644.2225021534102
5407401,659.3266030525097
5408402,648.6686408085947
5409403,661.8000307932799
5410404,633.4979633692328
5411405,656.7684840154488
5412406,660.1626814935199
5413407,421.14429697142145
5414408,647.4635347274605
5415409,657.8790558714087
5416410,658.8439190971171
5417411,645.5218553563057
5418412,652.7697197569183
5419413,655.4347874734184
5420414,651.1813087866558
5421415,652.9618450605976
5422416,641.863905948637
5423417,648.6134067703812
5424418,640.7106686006668
5425419,306.43996340099346
5426420,654.74404978092
5427421,648.4281875523442
5428422,632.6614964875671
5429423,658.7066008897164
5430424,261.45002115351673
5431425,654.2471181039028
5432426,663.9550882779882
5433427,648.1566957148801
5434428,650.2635387964367
5435429,640.9109239729449
5436430,659.9996763895151
5437431,622.614013089186
5438432,330.42741891574207
5439433,647.6954760876289
5440434,671.7518876417007
5441435,650.8872768865278
5442436,648.3274125357515
5443437,650.12763712152
5444438,646.5286575498747
5445439,644.3917581021183
5446440,657.3653395812238
5447441,647.8204627950431
5448442,660.0114823655323
5449443,663.6303165730644
5450444,647.5889337355799
5451445,659.1257557523415
5452446,655.7714438849182
5453447,668.9990080937204
5454448,659.2953658419292
5455449,658.3707983254196
5456450,636.2499318177539
5457451,630.3977623185453
5458452,662.8735065104048
5459453,651.3266978120452
5460454,667.05213264607
5461455,615.0674083179669
5462456,644.7263296948141
5463457,670.5512327393023
5464458,653.9851682699929
5465459,659.0050619972226
5466460,665.6441972286922
5467461,654.8890019255899
5468462,656.7253733865581
5469463,643.2266697209734
5470464,662.684164770556
5471465,649.347345760652
5472466,659.7518999420736
5473467,643.2462622672451
5474468,671.8174050205339
5475469,662.5194349331559
5476470,614.1329139690021
5477471,642.0214007347118
5478472,667.6151779687024
5479473,639.7934751557138
5480474,668.3833459369506
5481475,653.1209062237953
5482476,637.1021348344982
5483477,654.5643512907938
5484478,359.2098264659999
5485479,649.1140223204127
5486480,650.7611494941103
5487481,669.8171342326171
5488482,665.296465494741
5489483,676.3729974240522
5490484,666.7417417848976
5491485,652.4851263346599
5492486,666.9934733245476
5493487,666.8428148023756
5494488,669.501031015722
5495489,658.9158308484743
5496490,661.2261743759268
5497491,664.2750551992702
5498492,673.5828792111853
5499493,653.2575477450787
5500494,664.5271089659311
5501495,678.4814612386056
5502496,658.1778524532236
5503497,673.1351170358411
5504498,672.8046001499887
5505499,662.3317888707791
5506500,675.7122923409979
5507501,662.6567389356798
5508502,669.1389389626105
5509503,651.0642571426204
5510504,180.28800769116447
5511505,671.2513503547424
5512506,216.95702781410552
5513507,668.3899733238335
5514508,670.904040866305
5515509,663.2082559504363
5516510,662.441461828429
5517511,670.467684424171
5518512,669.2443235613856
5519513,671.8985714646835
5520514,653.8077142205815
5521515,665.611078439073
5522516,669.1222031937942
5523517,677.857543657385
5524518,681.7297484204078
5525519,671.0135472564687
5526520,288.4814211240672
5527521,273.5162935363276
5528522,664.6416085033919
5529523,658.0238390079079
5530524,676.0012693636025
5531525,675.9055788451759
5532526,671.1618973358846
5533527,671.5106294145486
5534528,680.9064077016908
5535529,669.6580840619769
5536530,665.9106240979081
5537531,673.447853085103
5538532,675.1053388605194
5539533,680.0586357406302
5540534,667.5510326765647
5541535,677.6275621533504
5542536,679.3672789076263
5543537,668.0436312095233
5544538,674.0978436882615
5545539,653.9074597891417
5546540,672.0715402730473
5547541,641.9449246000462
5548542,662.5618664032929
5549543,662.0165249061835
5550544,663.9070233683925
5551545,675.0351115707493
5552546,600.4246172447392
5553547,668.6697896396224
5554548,661.1589387971854
5555549,671.5340822755346
5556550,643.7444725168627
5557551,654.7807222913423
5558552,662.4382033070997
5559553,669.9499738880612
5560554,665.8525477118626
5561555,673.9637167271279
5562556,656.9358627419306
5563557,654.5904104470708
5564558,666.4584179344401
5565559,652.2641359736891
5566560,649.6869145424373
5567561,657.2108611422475
5568562,662.791047220558
5569563,650.7549440855076
5570564,626.1643105429665
5571565,649.0885209554724
5572566,508.2946394153778
5573567,565.4832785613775
5574568,662.9198745869779
5575569,641.8823931138738
5576570,665.6204134317218
5577571,629.74544875396
5578572,648.5307763761516
5579573,624.6305822262256
5580574,608.8660415155834
5581575,634.570977048609
5582576,587.4718505579435
5583577,616.6588224802715
5584578,635.7839466100271
5585579,664.0240877919304
5586580,660.646877156227
5587581,661.408198796333
5588582,642.4990978853813
5589583,670.0832580680634
5590584,656.2438504773189
5591585,641.1115185492152
5592586,663.4962224284102
5593587,638.2366895683516
5594588,649.4748755861274
5595589,633.0753411175626
5596590,632.4153410496308
5597591,608.7523435175194
5598592,662.0435249211272
5599593,462.7987289967491
5600594,408.3347351266457
5601595,649.688578071151
5602596,632.4680405312159
5603597,638.8807072924728
5604598,621.3954673881475
5605599,651.7362491220233
5606600,654.5917605410309
5607601,641.9984212886028
5608602,602.6498596623517
5609603,662.5421205435241
5610604,627.2699967316133
5611605,595.1642806734167
5612606,642.5238193049638
5613607,636.0330645192284
5614608,641.603857669962
5615609,642.1826563491644
5616610,642.8009437545519
5617611,611.0134778826686
5618612,663.8060356723579
5619613,627.9550608488943
5620614,608.9394059992367
5621615,647.2888421652567
5622616,459.8952640430106
5623617,649.4453793686591
5624618,657.5178156907034
5625619,234.66828048310546
5626620,641.5209111084232
5627621,656.6966646563366
5628622,624.109012353836
5629623,642.7927289401708
5630624,640.4888915620269
5631625,646.6998493244436
5632626,627.8682940083482
5633627,448.6740083497319
5634628,647.2282673090521
5635629,651.38787843822
5636630,642.5261612092572
5637631,669.4967791644943
5638632,656.4437039876609
5639633,620.6397829972142
5640634,651.7631017955616
5641635,660.6094835399467
5642636,664.4086815162431
5643637,648.7237623344284
5644638,653.4936898788526
5645639,648.7091511264736
5646640,640.8758901207848
5647641,654.7554291176731
5648642,634.1870185427948
5649643,659.4160641948719
5650644,636.07029230452
5651645,170.7574699083264
5652646,660.6332876493757
5653647,647.8388102640578
5654648,659.9406569976325
5655649,653.495081452834
5656650,673.666510360233
5657651,667.1904216496705
5658652,662.7149192524594
5659653,651.9260002908934
5660654,672.3683523869321
5661655,657.7970092155882
5662656,666.3412694277737
5663657,671.1365364837517
5664658,670.0034778715061
5665659,670.7709995912297
5666660,467.3433754400967
5667661,671.1652065151034
5668662,667.9713675376639
5669663,618.4806528714121
5670664,665.3797654214943
5671665,671.1895452761598
5672666,676.115388081425
5673667,672.4687604553034
5674668,677.9333389568108
5675669,677.3231022129586
5676670,656.6805409255448
5677671,678.0724039408086
5678672,660.3603036811215
5679673,673.7976702680544
5680674,677.9043738222631
5681675,592.1294810844607
5682676,666.162709425202
5683677,668.051402967369
5684678,678.2749571876831
5685679,676.2273634123048
5686680,668.1062539575266
5687681,677.467832680413
5688682,263.71621422658416
5689683,668.7057381382338
5690684,678.9525713828483
5691685,675.8789040562552
5692686,672.0784292793678
5693687,678.6489022940493
5694688,678.575731410124
5695689,683.5024337134238
5696690,676.2238783929663
5697691,679.9997493975534
5698692,669.5984237149124
5699693,662.9129167903862
5700694,682.5108169280918
5701695,680.9972291670508
5702696,668.2676178351068
5703697,686.9816111566287
5704698,430.81870424148485
5705699,682.6264452879695
5706700,682.2510135240665
5707701,679.1323479471959
5708702,684.8668905118634
5709703,673.3385166119818
5710704,686.598492362952
5711705,682.9733848285751
5712706,640.5370437437542
5713707,479.9252727417304
5714708,685.8952697170186
5715709,677.7879312014472
5716710,685.5300150031194
5717711,686.4388528908688
5718712,681.4609771919561
5719713,674.0009743051933
5720714,674.4726049104779
5721715,243.5042492284954
5722716,681.9023805874318
5723717,682.1107852462892
5724718,686.6854760400234
5725719,685.9289295502879
5726720,687.6912558347589
5727721,686.9351735098328
5728722,677.7052148224724
5729723,685.8132549201996
5730724,690.337750699904
5731725,686.1274397694539
5732726,686.1617030972945
5733727,677.8887715805121
5734728,686.9867761659187
5735729,685.3645271925542
5736730,690.1640177235978
5737731,675.955367266951
5738732,688.0251507929689
5739733,688.6835273362793
5740734,681.874809603045
5741735,685.3160098131756
5742736,687.5897833238097
5743737,214.419795956725
5744738,683.3923646614411
5745739,686.2257748759739
5746740,687.7841827162671
5747741,685.9525245667561
5748742,691.4370646815601
5749743,687.6477092319416
5750744,681.8784284917457
5751745,651.3538886892537
5752746,682.7620482257252
5753747,681.9654212885378
5754748,666.7401321752825
5755749,666.971894366597
5756750,688.866434790185
5757751,676.1534202949898
5758752,681.8717348046231
5759753,682.1608830673297
5760754,685.8202749205036
5761755,683.9631515772006
5762756,682.4155310785558
5763757,610.5379106486337
5764758,651.6274586690266
5765759,193.75319285389492
5766760,682.1009451275596
5767761,680.3150353418567
5768762,685.168105992058
5769763,666.2062988144922
5770764,681.5803091197802
5771765,673.4117795114931
5772766,680.1264362196682
5773767,651.8771193361856
5774768,686.8524980471531
5775769,686.7849272940427
5776770,677.1334248024818
5777771,674.697135233157
5778772,684.2186870708614
5779773,648.59587940203
5780774,686.9041192436421
5781775,667.0362859263153
5782776,687.7651921199266
5783777,685.3709396321552
5784778,677.9937895919842
5785779,684.9810064310991
5786780,687.6172610836869
5787781,684.2260761820071
5788782,685.8297905215687
5789783,682.9815278874954
5790784,668.4958305655443
5791785,679.0497292887983
5792786,655.0672011497821
5793787,685.8175372313259
5794788,682.810632207178
5795789,683.4135564045043
5796790,683.0426730946017
5797791,673.6702248573279
5798792,674.947463952926
5799793,681.9424286863887
5800794,681.2486175044452
5801795,682.0680876576214
5802796,679.3846424544911
5803797,655.0363766445166
5804798,681.907843023934
5805799,681.2089345192401
5806800,668.1603591312725
5807801,669.5148886730655
5808802,681.2994941541758
5809803,675.9599067361605
5810804,675.7680823882143
5811805,673.2764484172551
5812806,673.8245335522366
5813807,672.3265187767045
5814808,676.3743591293435
5815809,671.8198507658973
5816810,661.3718384127026
5817811,673.0056832838239
5818812,132.70632456163324
5819813,642.7834346795629
5820814,672.658855048921
5821815,666.473988271038
5822816,665.5468689714472
5823817,667.137305947517
5824818,643.8189875345957
5825819,201.56444327010738
5826820,669.6507748068425
5827821,619.831602603707
5828822,674.9008562452497
5829823,662.3985856645193
5830824,680.3943674019614
5831825,667.4100169931486
5832826,668.8344508893705
5833827,655.2610319648119
5834828,648.7705110119853
5835829,662.4067377927782
5836830,650.4712755878829
5837831,657.0952622674123
5838832,628.0832950870555
5839833,670.4791704076617
5840834,632.2134864550624
5841835,674.2453334450544
5842836,673.6180840117835
5843837,660.2962851406021
5844838,665.2365968577026
5845839,649.3002184873777
5846840,653.4372798298456
5847841,668.2616463078239
5848842,247.2096905432632
5849843,667.5761730708265
5850844,628.3231599988652
5851845,643.5801994758633
5852846,669.5402468724776
5853847,624.8903833146146
5854848,664.2306483469835
5855849,659.6367499261141
5856850,666.8582313698715
5857851,671.213866177355
5858852,673.9916529766082
5859853,667.3544206953605
5860854,672.7036219424023
5861855,664.897146730922
5862856,659.3186526433817
5863857,644.6578164350183
5864858,656.9929652180294
5865859,653.2417162040585
5866860,656.9273924003214
5867861,639.4814140911833
5868862,659.5058532720299
5869863,641.0229828193148
5870864,671.0123670594706
5871865,645.8134916955655
5872866,662.371067028108
5873867,644.713772228773
5874868,657.5669860620089
5875869,625.5391270230456
5876870,668.3373504776545
5877871,645.9404196581935
5878872,677.6695450916674
5879873,651.984225517247
5880874,671.774337078954
5881875,633.7745864442137
5882876,501.08581579428085
5883877,656.9645608261068
5884878,633.7573172416686
5885879,669.0084608072217
5886880,672.7273718024982
5887881,664.6023295124254
5888882,672.6867309452282
5889883,672.1150404347477
5890884,591.2761251646149
5891885,677.6893164007614
5892886,675.2409361896473
5893887,667.4316952196003
5894888,660.4882979158012
5895889,663.3053373772314
5896890,686.4764833809649
5897891,551.4072034675202
5898892,672.1607831004422
5899893,396.0121505131488
5900894,643.0115166767176
5901895,666.2493689544625
5902896,665.6454635895029
5903897,352.5782151837587
5904898,659.0303441955804
5905899,633.5154464815714
5906900,669.6725423341401
5907901,655.3127125826263
5908902,658.7106648433669
5909903,681.9760932125619
5910904,665.8209833547068
5911905,669.3792328076461
5912906,683.3168748837829
5913907,636.6846154253292
5914908,668.8769211549785
5915909,652.7954085432692
5916910,673.7108123822812
5917911,674.3657229058331
5918912,634.6635964115299
5919913,662.380789198492
5920914,670.0108645012153
5921915,635.4584987154911
5922916,670.2301206230023
5923917,661.46534452796
5924918,663.6894520032168
5925919,664.9110560520735
5926920,652.8688480233011
5927921,673.6754945040997
5928922,639.0589738981803
5929923,670.9226869083851
5930924,664.3451120880819
5931925,675.1468541568493
5932926,670.441449156505
5933927,666.1791104640365
5934928,667.5106017694883
5935929,670.7421139958868
5936930,633.0438180253811
5937931,649.5441823091625
5938932,663.9297701258679
5939933,671.0453606969439
5940934,665.8066461293392
5941935,632.6952113629623
5942936,638.8302592784999
5943937,523.9906947410317
5944938,677.7034110567793
5945939,662.8712208836109
5946940,660.1760910759781
5947941,677.0970303008678
5948942,654.3936441107728
5949943,661.9655705349027
5950944,677.4029099026461
5951945,660.1101425805098
5952946,652.7455902435929
5953947,647.1879761477214
5954948,657.261574115862
5955949,547.1642695694524
5956950,677.7877705787798
5957951,656.7004238671483
5958952,653.8695475401672
5959953,668.7832452943186
5960954,665.8076753553436
5961955,666.7624905853068
5962956,674.3135098170139
5963957,636.5796155459454
5964958,681.8759899828117
5965959,635.6062776779654
5966960,671.3185671956492
5967961,659.8214051357037
5968962,653.7616767068864
5969963,682.4291105279794
5970964,674.4819216798397
5971965,659.9823091988862
5972966,662.9622085221356
5973967,658.8700103382522
5974968,650.9268898678862
5975969,685.3068233639383
5976970,631.0118594463114
5977971,655.6383355718652
5978972,643.3742493397236
5979973,665.4252968733325
5980974,659.4678854521283
5981975,670.758877542143
5982976,672.7841795296405
5983977,679.5654455454243
5984978,659.5907405220261
5985979,645.88630016986
5986980,637.23555280399
5987981,660.8553684543147
5988982,677.0265488787705
5989983,689.3917397708453
5990984,675.0886307209141
5991985,664.9182878193903
5992986,172.1297735037458
5993987,646.9483559376822
5994988,667.1618476230469
5995989,166.60388559084393
5996990,638.8083429847156
5997991,668.0155938305074
5998992,677.6140193935446
5999993,682.1572465714614
6000994,662.1951950225755
6001995,641.8602284640903
6002996,681.3186735474676
6003997,669.8937029314377
6004998,676.4332201677632
6005999,590.9211928107326
6007000,643.8901713760861
6008001,653.4455248776056
6009002,531.7386398522134
6010003,679.2675683350058
6011004,634.4922442801063
6012005,247.66877062769618
6013006,631.1415935415243
6014007,663.515612972208
6015008,610.309666996981
6016009,675.9732251362778
6017010,620.7836545966754
6018011,675.5742859295858
6019012,686.3862822878455
6020013,663.1583481813316
6021014,630.5094628799197
6022015,583.7056929647533
6023016,674.507927873772
6024017,663.602985456303
6025018,600.0235723414235
6026019,675.7707978212559
6027020,668.6012616327969
6028021,652.1248085755915
6029022,673.4902412429523
6030023,686.1022212382909
6031024,654.852808641642
6032025,293.8770021746476
6033026,262.7411956220306
6034027,247.06020158920396
6035028,668.8872609387873
6036029,663.9851743728891
6037030,648.0048464143205
6038031,673.4860561989207
6039032,195.6320795513302
6040033,668.2783133478412
6041034,676.2797290084177
6042035,679.2079569257405
6043036,680.5598370947981
6044037,685.6521051298621
6045038,683.37623241132
6046039,687.7960766447301
6047040,646.6565015334543
6048041,686.9857560667921
6049042,682.0019683095436
6050043,636.3295207737109
6051044,650.0529789047914
6052045,220.54129266333535
6053046,673.0384570596924
6054047,684.3159657706453
6055048,684.8344349862506
6056049,674.1959339585014
6057050,681.4751993934037
6058051,690.3758355262604
6059052,685.7207740053149
6060053,682.7542011508729
6061054,677.598501978955
6062055,689.7303884979783
6063056,670.8782254719677
6064057,673.2426643998696
6065058,687.5204791608257
6066059,682.4422947881704
6067060,670.9077493379776
6068061,688.1549779974346
6069062,681.0896258894767
6070063,682.8127530596462
6071064,689.247251796338
6072065,680.7607080299794
6073066,682.3832391115266
6074067,686.130922451843
6075068,682.936423065988
6076069,684.5649123538224
6077070,686.8193195884197
6078071,684.5724695310947
6079072,688.2618599681056
6080073,689.6595584055696
6081074,641.226363618063
6082075,682.5667293616805
6083076,684.3253708857865
6084077,678.3901265727649
6085078,663.2969053975492
6086079,676.9338175167283
6087080,683.3213830412953
6088081,682.575540453819
6089082,684.4909771875518
6090083,685.8566064107291
6091084,670.5922745693068
6092085,659.9418593295783
6093086,672.2119054249621
6094087,675.7622496321337
6095088,538.4234919685074
6096089,171.21897198135167
6097090,682.8151260962929
6098091,687.0570648222441
6099092,674.8533743497563
6100093,688.5680842958695
6101094,561.4558592137705
6102095,680.7266794156017
6103096,682.4773422026857
6104097,679.6742223936392
6105098,681.865735829321
6106099,667.0048834907138
6107100,660.8252017322034
6108101,680.5103978229337
6109102,684.281945322837
6110103,233.70462656949178
6111104,684.8380476433933
6112105,681.8507404941507
6113106,672.3050169615841
6114107,688.5976599908739
6115108,213.31467474443426
6116109,685.6767923157361
6117110,641.7256914125197
6118111,687.5705063409679
6119112,682.0945952661596
6120113,688.6531590126311
6121114,688.2415131977094
6122115,688.5104294707378
6123116,672.5573426205203
6124117,686.9113512446477
6125118,680.5581045401161
6126119,687.4627653805608
6127120,330.26820443877085
6128121,669.3986944014696
6129122,683.4360680073729
6130123,659.7686601370757
6131124,660.5551579845495
6132125,680.6281061109455
6133126,684.5841235894695
6134127,685.8224816024073
6135128,685.7633638299876
6136129,680.197746885969
6137130,676.0767551357847
6138131,671.4740508073893
6139132,613.7413882529887
6140133,685.7994542833547
6141134,687.5101248197211
6142135,205.51401431561615
6143136,684.2666119934614
6144137,675.1935791951977
6145138,671.9428247294941
6146139,314.32865795405604
6147140,687.4339348005822
6148141,685.0383372968253
6149142,682.2591051182195
6150143,677.9526996579299
6151144,675.3835329168222
6152145,684.6741196465507
6153146,688.2397557546279
6154147,684.3381850549108
6155148,675.5134585266337
6156149,675.9494787764297
6157150,682.424972765446
6158151,684.2923188462925
6159152,681.1512281813244
6160153,679.7935394279693
6161154,681.8869651976047
6162155,685.179286935238
6163156,675.3512440414157
6164157,220.23910981345568
6165158,683.1661284631466
6166159,669.2304577310482
6167160,666.7154138661979
6168161,677.4489179828217
6169162,673.3266002882332
6170163,669.1698143734744
6171164,679.3723570171596
6172165,674.0378276329632
6173166,683.8089508416538
6174167,678.0133053854214
6175168,272.9407019290328
6176169,662.6335957635204
6177170,674.5458363692184
6178171,690.197873767635
6179172,668.5321216519634
6180173,671.1418492656894
6181174,681.7717238500361
6182175,680.2324015452094
6183176,682.5401846865914
6184177,681.6852765641494
6185178,680.2317529382382
6186179,675.1560049692787
6187180,653.9265328142843
6188181,682.3060165562189
6189182,656.8732343124369
6190183,676.3148791323131
6191184,669.3098318844029
6192185,670.5450371114995
6193186,671.3290222851788
6194187,115.3630399406617
6195188,669.3796652781075
6196189,631.667341133827
6197190,673.0486724740067
6198191,666.2203033584889
6199192,666.2424277586387
6200193,659.7468137150256
6201194,648.0515603156298
6202195,397.3272494545524
6203196,666.9891837947304
6204197,661.7375851967166
6205198,665.8565394308339
6206199,666.99713990204
6207200,680.6482504290756
6208201,674.1559139655303
6209202,229.33585051704748
6210203,679.3542381321143
6211204,669.5413907953458
6212205,670.2585255688655
6213206,667.2932318371344
6214207,671.1067281309545
6215208,667.3764485550511
6216209,669.5260680636239
6217210,258.6917190465671
6218211,644.7902787217256
6219212,637.5971733737229
6220213,648.5701816571226
6221214,655.6325797576247
6222215,665.688520716646
6223216,652.6968548154126
6224217,652.1452360802323
6225218,409.8631923451306
6226219,678.6195902936491
6227220,671.9886588681899
6228221,650.4684229872009
6229222,649.5901610213675
6230223,663.3190087396787
6231224,664.9391582460424
6232225,631.6397025322791
6233226,653.5243132464278
6234227,601.5010346858392
6235228,656.6616997134469
6236229,672.0812608289721
6237230,646.4189257400825
6238231,665.4677718696254
6239232,678.9623846555039
6240233,671.6869459821758
6241234,663.7598557280388
6242235,681.7936813388194
6243236,661.0387519679884
6244237,669.3092954218637
6245238,664.3177712258006
6246239,462.80799641507275
6247240,666.6626214300974
6248241,650.1398088085358
6249242,658.7800798033325
6250243,637.8790551579519
6251244,671.9477509329496
6252245,670.2672432802439
6253246,664.531688707718
6254247,678.7290928638935
6255248,678.9254321617618
6256249,672.7753045609328
6257250,656.445530197253
6258251,630.1712114963831
6259252,665.8746763734433
6260253,660.843190010139
6261254,643.073966444358
6262255,676.193544573484
6263256,668.8154740608728
6264257,95.91936483408
6265258,671.0535493184806
6266259,675.2008902055277
6267260,664.7798273396791
6268261,651.8083687986374
6269262,676.241167481532
6270263,667.3998913972604
6271264,676.1820406412232
6272265,665.0854254824472
6273266,669.9055937706393
6274267,667.8250440656467
6275268,637.8812085825922
6276269,674.5767884076747
6277270,669.3573952493628
6278271,648.7274654471399
6279272,676.4616208000266
6280273,666.0692794163526
6281274,672.6610328223546
6282275,676.9731661308299
6283276,642.866081824804
6284277,675.0442908988008
6285278,682.0241961810506
6286279,655.2044998352766
6287280,679.7480273452492
6288281,666.773180753609
6289282,675.6722132412767
6290283,220.8901919475487
6291284,653.2903165246009
6292285,648.5806528461944
6293286,653.1819638233723
6294287,643.276390654224
6295288,669.9137265160283
6296289,519.4934583464404
6297290,655.7134330053362
6298291,659.7771060736303
6299292,677.3547013297588
6300293,668.8677691997327
6301294,675.4249903111711
6302295,670.869931637636
6303296,620.304923407271
6304297,660.3484735307627
6305298,668.5715022590563
6306299,673.0492422464696
6307300,670.5987673341555
6308301,661.6149392897056
6309302,651.2158668691854
6310303,655.1882078773053
6311304,649.4862398888455
6312305,664.2177667160105
6313306,656.9318538487374
6314307,664.8136858948664
6315308,635.1007047975969
6316309,666.1298182227971
6317310,641.0679993678071
6318311,673.4026904072592
6319312,645.7857548087543
6320313,666.2910724151045
6321314,668.2627760953644
6322315,548.3096937336785
6323316,636.3214052416928
6324317,666.9004923792385
6325318,655.6144382622986
6326319,639.2591052352805
6327320,675.5687002739686
6328321,673.006421221589
6329322,664.9950347542097
6330323,673.3303226275217
6331324,661.3883301708247
6332325,590.3545370859229
6333326,653.9229449888546
6334327,653.1260293371008
6335328,673.254983831436
6336329,658.4674328853021
6337330,647.5837568913257
6338331,655.2243832266741
6339332,673.0507117034481
6340333,660.2322883244652
6341334,666.1491803797418
6342335,393.6207661346942
6343336,666.9948388463224
6344337,646.530738216969
6345338,681.5645160574317
6346339,612.0037840684205
6347340,661.9646154614677
6348341,661.3450837871933
6349342,646.1255818512383
6350343,672.7458361439353
6351344,675.035657554818
6352345,675.5171125236895
6353346,627.8939247325682
6354347,676.2208120567855
6355348,637.9330848499917
6356349,667.2012415989765
6357350,636.7843574876532
6358351,343.91235066352516
6359352,668.7887399611411
6360353,668.5036483047764
6361354,650.9284127798751
6362355,673.952081809407
6363356,646.2102652554856
6364357,656.3207676418032
6365358,608.9187479542755
6366359,651.65656040289
6367360,665.5389270971286
6368361,660.495458123848
6369362,653.4812021903762
6370363,675.8959427280727
6371364,664.1830501618341
6372365,655.8074514611841
6373366,606.9755251989174
6374367,647.8464773447357
6375368,653.2655802901771
6376369,669.4117077914276
6377370,668.5348045613008
6378371,407.57911798885675
6379372,646.080438778095
6380373,665.307344203287
6381374,660.0899984899557
6382375,203.23468990015883
6383376,667.5676449376735
6384377,192.38798033445235
6385378,631.5175686316468
6386379,661.6853187302077
6387380,663.6076897132123
6388381,676.8215537156328
6389382,680.7303844996839
6390383,668.236507086135
6391384,651.8374644117798
6392385,683.4763585976654
6393386,631.075016147759
6394387,685.4659255197553
6395388,668.613919028117
6396389,674.0492999591864
6397390,661.1414768403947
6398391,678.7176744512922
6399392,676.1025116244851
6400393,671.033834043949
6401394,657.2236935268077
6402395,674.6968238265392
6403396,658.7541055158674
6404397,681.4392560957253
6405398,679.7784855882026
6406399,658.3874539822618
6407400,666.4830652275477
6408401,679.1709234845129
6409402,675.5071017757324
6410403,684.4385068679696
6411404,678.7849174262294
6412405,679.0391128188306
6413406,212.548059319677
6414407,674.9474640745387
6415408,537.5885200976514
6416409,681.1656863483136
6417410,673.0730445819689
6418411,221.42454351781527
6419412,685.9509412011366
6420413,662.8544542190263
6421414,677.4250179246892
6422415,677.9571163519478
6423416,668.1547933046855
6424417,682.0467102005664
6425418,684.0016874708803
6426419,682.5874013774304
6427420,683.0728739310888
6428421,668.8542582204542
6429422,311.19782279684165
6430423,680.5545493879349
6431424,677.1197222078366
6432425,680.8515072850475
6433426,683.888526314619
6434427,632.0467578633745
6435428,674.461927041828
6436429,685.6475424369903
6437430,686.3536930497722
6438431,679.9734801793733
6439432,680.8804833588651
6440433,676.2249999350252
6441434,687.9490221673124
6442435,670.0748672797673
6443436,680.2711232072413
6444437,678.9885403632069
6445438,690.6351616867188
6446439,685.1328547240199
6447440,674.5998381264072
6448441,668.5648662622459
6449442,680.3164850920557
6450443,651.2076326784329
6451444,634.477412102761
6452445,681.6332427245511
6453446,665.5414055063421
6454447,669.9298372193807
6455448,682.0891835395639
6456449,677.1137186599899
6457450,680.4364387238029
6458451,683.9149788834419
6459452,686.4143516009655
6460453,673.713119448755
6461454,685.4168537128145
6462455,675.7049636493771
6463456,651.8864682314496
6464457,668.4392857498
6465458,663.6029975600545
6466459,680.795471321098
6467460,679.1106746006566
6468461,671.6975527089535
6469462,676.1909372522124
6470463,652.445759650354
6471464,674.9090834098554
6472465,683.8986791149479
6473466,664.1069250004796
6474467,668.0408334291267
6475468,654.9365315093883
6476469,646.0552768849774
6477470,653.1295544173905
6478471,667.541244133384
6479472,677.6817001598785
6480473,664.584189991578
6481474,654.7342707575915
6482475,656.7932469244903
6483476,655.2188501540614
6484477,632.8855181367347
6485478,670.1305018199137
6486479,667.3795461314535
6487480,666.3206016225632
6488481,640.971498698812
6489482,671.0019123955826
6490483,674.6482727709084
6491484,668.2711584222849
6492485,662.8848433958202
6493486,669.1112202788785
6494487,673.8228279694885
6495488,677.789258914093
6496489,671.3815069575695
6497490,182.73037052613367
6498491,195.93220674246868
6499492,678.5980566644945
6500493,673.0000132356497
6501494,182.91509932769284
6502495,663.1530251482425
6503496,666.8126662823643
6504497,351.32831358831714
6505498,655.9974238438109
6506499,680.2516704975983
6507500,669.5598203958604
6508501,668.4197176486964
6509502,675.9882135722818
6510503,659.0416803626229
6511504,667.6612418543617
6512505,674.8145253409193
6513506,676.3886732060633
6514507,672.7838241236
6515508,677.8461520659066
6516509,669.1182929499502
6517510,678.359958711304
6518511,674.8516895313716
6519512,674.2912408512411
6520513,676.3042316706932
6521514,662.4522784353951
6522515,667.1626032958989
6523516,667.3557829433694
6524517,652.6093044276289
6525518,666.1879290763281
6526519,676.845780594349
6527520,680.2188117766943
6528521,673.7772477425609
6529522,682.2104764389811
6530523,662.1410251816139
6531524,679.2013459515356
6532525,674.2816889532864
6533526,676.7482435075532
6534527,673.2513203063692
6535528,677.3010240290959
6536529,608.5493349964763
6537530,654.5300254390764
6538531,678.5775702994183
6539532,646.807424920563
6540533,636.2687689161363
6541534,676.4622630553927
6542535,674.1319666739223
6543536,676.22680765684
6544537,666.1141640765929
6545538,674.6172779499599
6546539,651.2713425380811
6547540,658.6396278417373
6548541,674.523335630253
6549542,653.209574928827
6550543,673.3211655062482
6551544,447.29745305222224
6552545,672.6762677094969
6553546,493.7838930428327
6554547,661.7349459508692
6555548,669.8086610715171
6556549,671.1702054474857
6557550,662.0344337898202
6558551,656.5153282580494
6559552,661.848713611068
6560553,663.381230565933
6561554,655.5548914270117
6562555,658.5458556646041
6563556,661.2405013076361
6564557,662.0744927020328
6565558,664.6474889589065
6566559,653.4288925754472
6567560,639.6576422418353
6568561,664.983443849647
6569562,663.2081129106999
6570563,678.030609848672
6571564,668.5528327185975
6572565,656.3371230872561
6573566,666.7180070582386
6574567,659.1628258500133
6575568,675.7958220956384
6576569,668.3722419238222
6577570,667.1281299150163
6578571,670.273880233226
6579572,655.1746935842465
6580573,669.8791084441355
6581574,670.5191596254292
6582575,662.621367697344
6583576,678.006358130576
6584577,641.5651790385506
6585578,646.4940074348482
6586579,666.5770862745902
6587580,664.7205614411655
6588581,658.2937171092971
6589582,684.7691690749001
6590583,660.7912808418265
6591584,679.7427130720621
6592585,677.8271139726545
6593586,678.7917126435013
6594587,660.7931987893215
6595588,680.2855609900528
6596589,670.8033715260955
6597590,379.6135121372289
6598591,678.2218627377442
6599592,680.1083934153052
6600593,680.5987654939481
6601594,679.3245410812374
6602595,678.8987136527013
6603596,677.0229957478416
6604597,679.9409909207336
6605598,683.0391021525666
6606599,670.2198131767972
6607600,676.9969930375378
6608601,672.5001901237836
6609602,679.3228482027099
6610603,665.5128715397028
6611604,687.8990906859837
6612605,661.6433101831701
6613606,673.4582252288188
6614607,687.3802942511621
6615608,684.9703748262989
6616609,666.588005066695
6617610,681.8488249057925
6618611,683.935720680078
6619612,680.3271649927499
6620613,661.5660147068822
6621614,685.1564194259846
6622615,683.6507408038649
6623616,678.8513460850046
6624617,687.9766649376852
6625618,674.0684102278676
6626619,683.3468201657809
6627620,686.7498589748076
6628621,688.1931397757148
6629622,689.5396162165341
6630623,546.7601256983548
6631624,688.2484885127218
6632625,682.3440266198337
6633626,663.6959931234823
6634627,687.1765309216851
6635628,686.2518846607899
6636629,668.6658350063523
6637630,662.7829110564368
6638631,683.4921184608196
6639632,680.3874698061753
6640633,687.978681213834
6641634,683.741402729392
6642635,683.6322245536782
6643636,648.1672187005881
6644637,425.72233995301775
6645638,683.398862244893
6646639,675.1170347258791
6647640,673.762137521565
6648641,657.7708416765
6649642,681.2072279385243
6650643,681.3157517136304
6651644,680.7165444780728
6652645,280.3549282780011
6653646,666.3080788971555
6654647,686.021914626487
6655648,678.1494961985937
6656649,670.3848445158769
6657650,686.0663969054558
6658651,678.5294017925868
6659652,684.1229379490687
6660653,685.6060842477596
6661654,687.6575549299008
6662655,678.68220493451
6663656,681.665920293919
6664657,670.3370720816367
6665658,682.3597939196295
6666659,687.8254258898265
6667660,680.6371785546108
6668661,657.5145402221275
6669662,680.042316155953
6670663,537.705635875444
6671664,686.8683398412646
6672665,538.250084411015
6673666,662.7467249963252
6674667,673.7900220846323
6675668,670.0282147561327
6676669,664.8129060401575
6677670,654.0444144702926
6678671,666.284276791772
6679672,667.711506502736
6680673,679.1920185942222
6681674,676.9967229199266
6682675,679.3496855155462
6683676,652.0224637032247
6684677,669.6962275413856
6685678,677.957148923781
6686679,667.7673114238178
6687680,656.4738449983207
6688681,634.6523778431186
6689682,685.9021465972123
6690683,646.6138286342918
6691684,673.5864339939196
6692685,678.3442912727024
6693686,674.0416597195772
6694687,677.2767303931753
6695688,670.6288615775672
6696689,674.7229359365407
6697690,688.6205335126197
6698691,669.3181983122867
6699692,667.6789248417422
6700693,677.664260700722
6701694,689.1662437780997
6702695,669.4973554553685
6703696,668.9517278929593
6704697,646.5768647533229
6705698,547.773966713738
6706699,653.7885265788074
6707700,645.1722616254616
6708701,683.2966073284995
6709702,680.964954690767
6710703,680.2589830862304
6711704,653.178504311929
6712705,660.9584900072507
6713706,668.1487828739658
6714707,688.6929496711276
6715708,610.8957619491955
6716709,666.8734000476662
6717710,653.7396409803151
6718711,659.7058106069114
6719712,666.7244453096486
6720713,656.0219772532758
6721714,661.7507050975224
6722715,653.6176945319015
6723716,672.354235506161
6724717,656.3355889753764
6725718,678.1497697236192
6726719,673.6207028532035
6727720,678.322131155878
6728721,340.0960168030046
6729722,542.1978376408739
6730723,677.5153982310794
6731724,664.3042619052911
6732725,667.7450202739702
6733726,662.9563318561924
6734727,270.9766294281264
6735728,681.7893422004566
6736729,676.8180226317567
6737730,644.4881950405914
6738731,670.5744149934942
6739732,674.0266890312429
6740733,670.0972545125388
6741734,679.009652206616
6742735,667.0677794681419
6743736,662.7411793686316
6744737,681.8363536993998
6745738,607.662336916646
6746739,673.5046370828777
6747740,665.4027126923351
6748741,683.2497635920929
6749742,630.826714480056
6750743,661.0355905217184
6751744,681.3685151889392
6752745,672.5234586507644
6753746,643.3589402761213
6754747,682.7967314101276
6755748,669.0934207463105
6756749,680.7136783769117
6757750,683.8680680428449
6758751,682.9674935916436
6759752,687.7786959456662
6760753,667.8365164738145
6761754,685.1258630377721
6762755,653.7376628565768
6763756,671.2670707213159
6764757,683.4948732008046
6765758,671.5487250931444
6766759,675.0421877775973
6767760,666.1287986489945
6768761,670.4856047144561
6769762,647.8621359646504
6770763,679.2054388427953
6771764,672.3491495757962
6772765,678.862997554731
6773766,641.0590763450691
6774767,678.4649501136748
6775768,672.1527645649898
6776769,651.276986367274
6777770,677.943556446935
6778771,678.6595640843437
6779772,681.0737572517315
6780773,680.3055526332968
6781774,684.1180611447237
6782775,685.691064687802
6783776,686.3037082648314
6784777,684.0600199651574
6785778,687.8419792444656
6786779,680.7001254858131
6787780,678.55096602398
6788781,674.5426370378398
6789782,679.5687548655676
6790783,674.2617902999093
6791784,657.9256028373605
6792785,664.4013940823828
6793786,659.4478302075438
6794787,668.6593535818492
6795788,680.6379644146508
6796789,672.3893900834644
6797790,678.9360265521077
6798791,668.8772033444342
6799792,675.529796044202
6800793,677.2892688101479
6801794,659.3531899451132
6802795,660.9151387543708
6803796,665.3259949588648
6804797,674.909368415211
6805798,658.266268593465
6806799,662.6218116441603
6807800,680.1747792961077
6808801,662.423485473584
6809802,673.7133844302167
6810803,676.9659544997784
6811804,652.0659876722442
6812805,649.4903275793276
6813806,663.1114480861386
6814807,644.5142028588062
6815808,657.6134668492437
6816809,663.2322844283217
6817810,668.9805581797035
6818811,664.20069707652
6819812,647.5684820566164
6820813,649.4469825820178
6821814,661.4603907185987
6822815,673.274921132884
6823816,657.3331772316369
6824817,419.55364197572885
6825818,659.0956434189059
6826819,653.5863602067324
6827820,663.2273495713164
6828821,674.2047401602975
6829822,606.6680235544083
6830823,677.8152298964083
6831824,653.0882564228435
6832825,644.3312329547482
6833826,640.2331704502823
6834827,271.0568298238749
6835828,652.4213727807991
6836829,660.9244507650976
6837830,659.3468205907911
6838831,666.3160761904974
6839832,643.725091278474
6840833,668.2343590167384
6841834,632.6785530275919
6842835,606.6994302377125
6843836,660.7095926423618
6844837,674.9859758177441
6845838,677.0935819219545
6846839,669.3370122525681
6847840,630.7519449947894
6848841,656.212454457822
6849842,660.0886071773974
6850843,210.9520627749271
6851844,631.3428936668403
6852845,661.5394054134457
6853846,658.9903931453963
6854847,672.7480149793709
6855848,239.3656029045455
6856849,657.200264140939
6857850,612.4051414249833
6858851,457.49180122081606
6859852,665.2645302359253
6860853,676.5342798052695
6861854,641.6300620360248
6862855,627.673178806735
6863856,667.1038719625908
6864857,663.4839771004353
6865858,672.0576968143333
6866859,666.2216357059839
6867860,652.3883725582972
6868861,659.9343276063072
6869862,647.6698594626387
6870863,657.5416703499799
6871864,659.7727116451299
6872865,657.9338680783096
6873866,650.2836544707003
6874867,671.5238403791838
6875868,630.2687413712738
6876869,668.9053226889145
6877870,669.0506046227753
6878871,660.7039119188761
6879872,644.8773249322252
6880873,675.8851140074421
6881874,672.7534559957669
6882875,620.7794484404234
6883876,663.0048139959603
6884877,682.0344755689873
6885878,666.2370256840162
6886879,667.2762932483834
6887880,646.4958346619991
6888881,669.9617860130213
6889882,678.3025370777913
6890883,686.7470410965101
6891884,678.0726891700948
6892885,669.4487265349693
6893886,675.0360684283328
6894887,666.4009200266789
6895888,681.6289935856794
6896889,679.2902620145196
6897890,682.719397757961
6898891,656.592470718898
6899892,672.0690381334903
6900893,676.1742479709113
6901894,622.1352499147289
6902895,670.787140869386
6903896,665.9483784040473
6904897,682.091020688793
6905898,665.5478307760103
6906899,679.5400191146553
6907900,679.2294031715209
6908901,676.277650529833
6909902,672.7985138082463
6910903,681.0165466951682
6911904,674.8040629861754
6912905,273.7854700130943
6913906,673.3260993219541
6914907,677.5257373970185
6915908,672.229163996845
6916909,670.2740193813514
6917910,683.1840444666357
6918911,677.3848603966352
6919912,677.0537390287428
6920913,665.3507898688626
6921914,686.0116905391809
6922915,660.3035509670821
6923916,681.2432331040698
6924917,665.3131739825163
6925918,677.0113461480378
6926919,657.3661007558927
6927920,678.2693974024244
6928921,670.9039324138458
6929922,685.1624078203171
6930923,678.4386212548005
6931924,674.7193009488844
6932925,678.1723133383672
6933926,671.417713457429
6934927,670.9328287278647
6935928,675.3187765519807
6936929,671.653767670347
6937930,673.5122777771695
6938931,681.1312090689842
6939932,671.7485561962533
6940933,326.8621040268934
6941934,664.2565657066722
6942935,677.7325761165035
6943936,458.48174193367544
6944937,664.4910538270295
6945938,670.5384377348681
6946939,385.17091576700506
6947940,683.195007663158
6948941,680.792590932997
6949942,667.7480089086644
6950943,671.6352241976493
6951944,677.8217451627067
6952945,675.9817564185985
6953946,671.0575772913496
6954947,654.5544990986724
6955948,389.5927406389478
6956949,676.7721521731705
6957950,260.83740520035286
6958951,673.7091208020356
6959952,681.2630301422506
6960953,672.3224158479519
6961954,680.4445673305269
6962955,664.8625775892742
6963956,674.1917353602628
6964957,641.8696904752481
6965958,672.9507612090255
6966959,677.4828753067937
6967960,672.1024183036902
6968961,672.7985321960745
6969962,658.8171708712206
6970963,676.424004237716
6971964,666.1118756142937
6972965,652.2553235914793
6973966,236.91893171512731
6974967,678.0414456214011
6975968,596.8807776367313
6976969,666.0247267579614
6977970,666.418979572796
6978971,176.48281995774366
6979972,658.7474362934049
6980973,677.9115251779094
6981974,667.6982677922844
6982975,679.2391703860577
6983976,366.505250522215
6984977,616.694973962858
6985978,659.6075973169324
6986979,670.1808942853617
6987980,645.1219826956058
6988981,671.1768035354816
6989982,675.9441148552379
6990983,671.257352149675
6991984,191.6061550162628
6992985,661.1950350254485
6993986,679.0192788806512
6994987,665.7142174954613
6995988,668.2133855510986
6996989,275.0875227108266
6997990,660.8123475752374
6998991,647.287056308766
6999992,663.1199728684691
7000993,674.1456285862905
7001994,624.5491461424333
7002995,192.7809912166546
7003996,679.3538195974228
7004997,671.0703005097103
7005998,675.5096201674146
7006999,668.4681762177509
7008000,672.4428968952175
7009001,681.4634577696302
7010002,674.3756362776137
7011003,665.4016539290262
7012004,665.7720686418737
7013005,678.036979752092
7014006,669.8662664092802
7015007,652.2769334388286
7016008,665.4837414131745
7017009,638.2730765496497
7018010,672.296912666408
7019011,655.3531115568617
7020012,635.6631002763215
7021013,669.5899326448234
7022014,661.5804980989401
7023015,667.7636612224552
7024016,665.0349556268231
7025017,668.1684479489161
7026018,652.0170157815984
7027019,674.7188285815755
7028020,672.5785344997909
7029021,669.4500999876976
7030022,671.4424505124446
7031023,655.1493471758553
7032024,644.8952123407103
7033025,651.8871646626217
7034026,642.2244014398904
7035027,643.8823319536757
7036028,666.080983452534
7037029,661.6747845995313
7038030,656.3586285005268
7039031,658.8524719048241
7040032,667.4851107755275
7041033,650.4238537950764
7042034,667.6374340243055
7043035,646.0967475311307
7044036,645.1769699968581
7045037,658.7041107325592
7046038,625.393148006152
7047039,652.419612090812
7048040,655.9578839174554
7049041,676.2742384167957
7050042,645.5366646928142
7051043,642.0394133942461
7052044,642.5227325537232
7053045,595.6072980928037
7054046,629.8294524930437
7055047,668.4118172736626
7056048,493.3124923014986
7057049,449.4507628562683
7058050,663.7223987341908
7059051,628.8667462778417
7060052,638.4052783746655
7061053,604.3874938990177
7062054,657.514083072965
7063055,635.2975227186349
7064056,632.7832305582637
7065057,649.0288980503635
7066058,651.333368240706
7067059,658.5707425365568
7068060,642.658582409311
7069061,664.328507325659
7070062,636.3851313722909
7071063,636.0689465357062
7072064,620.7507165094514
7073065,642.6655902656431
7074066,632.8654324537866
7075067,571.0247947197108
7076068,618.8373451666272
7077069,596.2918199195982
7078070,637.9488173890348
7079071,647.1170306849383
7080072,645.6589505662465
7081073,637.119829016004
7082074,643.9844997103562
7083075,636.3367986663445
7084076,650.416708691382
7085077,668.2112983947137
7086078,527.2297391644569
7087079,644.7646866420814
7088080,626.5601770382121
7089081,604.7444454861363
7090082,632.9060974113066
7091083,604.1750041707431
7092084,623.5000799286887
7093085,566.1005031809094
7094086,585.7840289490507
7095087,588.4842523656504
7096088,630.8299708338704
7097089,611.7165480492229
7098090,638.8114007484884
7099091,616.2905781721869
7100092,649.5234143178546
7101093,653.7281187183834
7102094,653.551593302915
7103095,675.2948582231871
7104096,651.2814270275132
7105097,634.4728343375118
7106098,656.061024558198
7107099,640.4514316454286
7108100,659.4496218272054
7109101,669.7017694476689
7110102,653.3172897304207
7111103,655.509959929207
7112104,687.8976143112169
7113105,668.0856338304911
7114106,671.0068313167744
7115107,647.2801997637217
7116108,670.1288288105886
7117109,647.4993381598797
7118110,677.5069589655554
7119111,638.9340548340259
7120112,661.1822261681906
7121113,662.9865076180411
7122114,650.8217908520504
7123115,664.0258578509215
7124116,658.353086812291
7125117,526.7368569976107
7126118,671.2043750806533
7127119,646.313423683991
7128120,675.1971003537036
7129121,678.269980263192
7130122,640.0712245704909
7131123,680.3939335399588
7132124,677.7116047170989
7133125,675.2422318627407
7134126,326.8990051303627
7135127,606.0131660114934
7136128,687.5939470328128
7137129,678.3559001027714
7138130,666.8714536340084
7139131,668.2741388365725
7140132,677.7698833174882
7141133,666.9808034288071
7142134,683.8305134859195
7143135,391.5505764449101
7144136,688.0997961653185
7145137,668.9154544871932
7146138,674.543014737327
7147139,671.2890444440628
7148140,680.7011523407275
7149141,667.1315881916976
7150142,677.9306160953297
7151143,237.18372741517908
7152144,688.1163402761157
7153145,637.4766792700274
7154146,660.6436278295381
7155147,658.6219960745204
7156148,661.0728863493501
7157149,679.164157303372
7158150,679.2905839317001
7159151,680.6437746619146
7160152,679.6336347560165
7161153,685.1320377708572
7162154,669.3742973392258
7163155,679.4008491078339
7164156,660.51739784501
7165157,662.6183944202978
7166158,683.6018172728977
7167159,679.8556043835999
7168160,689.6529165876489
7169161,681.5003163368601
7170162,684.9811127030796
7171163,667.5019256482258
7172164,686.4235907507544
7173165,685.05586692571
7174166,684.2980433358962
7175167,679.5873814273032
7176168,688.852321018711
7177169,681.1751455629817
7178170,678.3643365880628
7179171,670.9272118513709
7180172,676.6951000892068
7181173,663.73457320445
7182174,679.6110061525502
7183175,685.7223793635097
7184176,680.5095539437526
7185177,687.1874268444541
7186178,685.6099749111146
7187179,638.525977659583
7188180,685.8231877074837
7189181,687.7442157028063
7190182,677.0016328319227
7191183,683.1111563119332
7192184,684.976776742254
7193185,681.6247169947953
7194186,686.3059812677801
7195187,683.8508518631567
7196188,684.1286273104267
7197189,684.7704714231531
7198190,247.47737018096018
7199191,678.8556330701945
7200192,688.6672682272841
7201193,687.9300273608197
7202194,684.7423988611383
7203195,681.8144537906256
7204196,657.1994957836271
7205197,298.6919655125577
7206198,682.9869494245834
7207199,173.72798272858734
7208200,676.4357028001034
7209201,650.9117458467057
7210202,685.1496728967495
7211203,686.6885976837859
7212204,689.9894586972
7213205,685.6146870813991
7214206,224.69505501865862
7215207,685.4484651264851
7216208,687.8235482101801
7217209,683.2357377818549
7218210,678.7967391165404
7219211,180.69602436528157
7220212,678.0604161610006
7221213,678.549644566893
7222214,648.9484743662293
7223215,636.335192715731
7224216,678.6164635910349
7225217,637.2099733577238
7226218,684.6509051684592
7227219,682.2502598395397
7228220,672.6703077463685
7229221,680.8456522974938
7230222,686.0036459402447
7231223,667.1529372653425
7232224,683.642867956776
7233225,681.9861489003579
7234226,671.9797088498975
7235227,687.7654882394195
7236228,421.33208020524773
7237229,670.3021996849077
7238230,675.7035578294694
7239231,188.03054619705375
7240232,679.7987708020012
7241233,674.9862429713739
7242234,665.9594990709804
7243235,683.3999062645049
7244236,684.4577976366662
7245237,682.6448490094198
7246238,686.4832179140056
7247239,685.3702447484953
7248240,675.6883254995461
7249241,686.0580418946911
7250242,680.7346707305707
7251243,686.4089566651694
7252244,676.5139561754881
7253245,677.6859821731509
7254246,485.87438528100097
7255247,679.2452335533534
7256248,652.5319567758761
7257249,677.8293090155046
7258250,683.6478719692752
7259251,626.2918990517495
7260252,678.1327829605862
7261253,682.4518513644922
7262254,671.2637522875507
7263255,688.8123750513436
7264256,676.9179162016796
7265257,679.4657002876711
7266258,679.4916190110332
7267259,323.5128057094187
7268260,680.4595166878397
7269261,684.2714017524428
7270262,676.4121192764937
7271263,684.6634725840386
7272264,684.763455823911
7273265,685.0926300326252
7274266,678.3107915822985
7275267,684.7772341715572
7276268,664.0591524017774
7277269,685.6204772894673
7278270,679.3374145214375
7279271,682.6138835057822
7280272,677.0437056006564
7281273,661.3825799958466
7282274,678.3065629254485
7283275,677.8980440069008
7284276,687.9341685998237
7285277,679.3345337011551
7286278,686.2962063358178
7287279,680.6359500014233
7288280,661.2438545546266
7289281,669.1539975638007
7290282,661.4730469716953
7291283,683.229130524394
7292284,681.0777383413425
7293285,672.0711864490676
7294286,689.4438396618922
7295287,677.5430585004452
7296288,679.225351340339
7297289,689.6005182175703
7298290,686.1030720638836
7299291,676.3806185819117
7300292,681.4559837446474
7301293,678.6049711881689
7302294,686.6670250538521
7303295,670.9659920124492
7304296,681.2655248314979
7305297,679.7438616964353
7306298,681.0929704203046
7307299,327.98716161773166
7308300,685.8160300418637
7309301,680.4447912128501
7310302,669.6102670338973
7311303,679.5038010572898
7312304,669.6394692282333
7313305,678.5209092923952
7314306,673.4652054585066
7315307,679.2611563457551
7316308,682.1944558413105
7317309,679.392717419667
7318310,676.9487184137178
7319311,683.4292740615668
7320312,673.2684380453597
7321313,681.6463429103181
7322314,679.9799207262002
7323315,684.9772840241569
7324316,684.1569537964524
7325317,167.14816299415918
7326318,683.4717611689284
7327319,666.4487638524236
7328320,673.6630630068393
7329321,683.2537492361187
7330322,680.5693344615273
7331323,665.4735026823965
7332324,675.8086506425204
7333325,680.0571937150656
7334326,687.415250919208
7335327,684.0217847965572
7336328,659.1926948326125
7337329,667.8658382387999
7338330,168.63818961031834
7339331,279.7471449083646
7340332,677.5090600787809
7341333,683.633485252594
7342334,684.8010866140373
7343335,682.5563462957008
7344336,680.8040594900988
7345337,678.809644028813
7346338,678.8866677604021
7347339,679.619960217207
7348340,678.0961284466586
7349341,685.2864967216453
7350342,389.48377765297056
7351343,682.8403921034288
7352344,681.3310856819157
7353345,682.1095887204565
7354346,672.6236616166827
7355347,659.0761421354595
7356348,681.6812371615691
7357349,679.1986393750366
7358350,671.1641268747816
7359351,686.1788694827175
7360352,668.6443015769979
7361353,667.1431202844865
7362354,681.7732494850264
7363355,681.2267014205651
7364356,680.2501059237695
7365357,670.0779776624686
7366358,666.4943359773233
7367359,681.2648070493534
7368360,683.3604655327658
7369361,684.7699270960784
7370362,680.8885178517487
7371363,673.221927217836
7372364,670.5276610746109
7373365,682.6022826998748
7374366,676.4365144791957
7375367,677.3503213576971
7376368,677.680776394125
7377369,681.3114673910059
7378370,674.1803262139493
7379371,674.4022002992559
7380372,641.9000535012926
7381373,664.0630204982391
7382374,681.9799731152501
7383375,666.6684102789073
7384376,672.3629343696394
7385377,678.0067670380187
7386378,675.1196736544067
7387379,679.3715457525651
7388380,677.2955285202361
7389381,674.4843879663321
7390382,678.0309926690985
7391383,666.9844328257118
7392384,675.7553725353289
7393385,645.0483258147401
7394386,682.7992975637926
7395387,679.6808211142352
7396388,665.8516751427607
7397389,679.6574487802435
7398390,674.384778872801
7399391,661.2321278341108
7400392,673.4542518252446
7401393,657.3689663478808
7402394,671.5173670950566
7403395,667.8935963776826
7404396,656.194712730383
7405397,674.950524431656
7406398,671.6020371965601
7407399,669.772448384045
7408400,681.6105986699156
7409401,198.80940933997323
7410402,661.0354685982803
7411403,667.2852463779644
7412404,661.6651918475405
7413405,663.7082633868965
7414406,684.6704255518035
7415407,677.7800190542127
7416408,675.3858725138616
7417409,670.1946052533323
7418410,663.7263837770174
7419411,674.4265450753155
7420412,671.4244245263055
7421413,677.1398924805508
7422414,678.147585699449
7423415,658.733942374046
7424416,666.0534169020018
7425417,681.9665256788281
7426418,683.1518732048079
7427419,652.9374451388699
7428420,675.8027295708363
7429421,677.7250031259869
7430422,681.2553270323984
7431423,670.3947793507907
7432424,673.4078710282129
7433425,679.9954327295532
7434426,670.1428564068173
7435427,680.1144144592332
7436428,673.4364773957222
7437429,680.7495245079216
7438430,678.1782505500182
7439431,676.9281554851547
7440432,659.1484488654518
7441433,685.3666029415859
7442434,675.0208878481512
7443435,452.66357218452254
7444436,679.5103483328184
7445437,681.0691223575872
7446438,666.7580267175081
7447439,679.5538190060305
7448440,673.4506633230206
7449441,676.7652725205875
7450442,674.1084377776949
7451443,680.3568469542455
7452444,672.5457173797528
7453445,682.9637630953954
7454446,679.7695901704834
7455447,193.20120957041166
7456448,635.8143083070772
7457449,680.5517271615948
7458450,667.7911583948572
7459451,669.0600962470355
7460452,679.916076591772
7461453,670.3044193998652
7462454,674.2713558441515
7463455,472.871074042081
7464456,676.8694534140274
7465457,677.2429394807897
7466458,681.5372707631625
7467459,676.0928085258653
7468460,670.5095379928575
7469461,678.5917957326868
7470462,680.3242214085092
7471463,679.0313066277356
7472464,682.2276667291075
7473465,644.0621033805809
7474466,677.2025636021134
7475467,666.2590128966189
7476468,661.8648917971569
7477469,683.502040019402
7478470,678.5812211111293
7479471,669.3389858206067
7480472,671.0963946884495
7481473,680.7894986939912
7482474,652.507581056064
7483475,672.3470630403363
7484476,679.4559295434481
7485477,300.1697755079843
7486478,679.0925070475552
7487479,678.0277912313843
7488480,681.8510323361581
7489481,657.9651744359941
7490482,683.1831806509388
7491483,675.6076523628852
7492484,673.3130466656968
7493485,681.6096108407553
7494486,682.4847935066418
7495487,678.6795518584393
7496488,574.0231578300669
7497489,674.9742792054283
7498490,675.7499409233138
7499491,681.4006732189767
7500492,678.1994311499485
7501493,678.9888727565125
7502494,676.0452799458359
7503495,653.2787886885061
7504496,654.3969005517469
7505497,651.6288640700868
7506498,672.1704971018022
7507499,679.2129203818602
7508500,675.4726974217657
7509501,678.8390783418423
7510502,676.187795877693
7511503,676.1564336319341
7512504,674.0066281387246
7513505,679.2760642014883
7514506,665.1894306287404
7515507,671.776475665129
7516508,656.5177190997257
7517509,669.355471684053
7518510,662.9350059668188
7519511,680.1597469703859
7520512,239.3417381850136
7521513,652.0756545851971
7522514,671.6766076891895
7523515,670.8918795584999
7524516,641.0387572252893
7525517,656.0884436350333
7526518,389.2380168356466
7527519,667.4375763762865
7528520,672.9557846467895
7529521,665.2213336798121
7530522,630.2416220546636
7531523,672.2974337352024
7532524,666.7534291676513
7533525,667.3138209389014
7534526,671.858419674218
7535527,672.5265053762364
7536528,662.629546263094
7537529,386.9056304724204
7538530,673.7331520638813
7539531,664.3381203760938
7540532,658.2251341209997
7541533,444.8271191278786
7542534,660.1169786030134
7543535,647.3235581735912
7544536,240.06714749078907
7545537,666.4536705826491
7546538,659.8695034544563
7547539,663.9863128599251
7548540,658.1173457642188
7549541,659.3285351268289
7550542,661.4320900685716
7551543,650.2726619684972
7552544,632.9431124620336
7553545,651.7765911148184
7554546,631.4077625904305
7555547,668.7874407371135
7556548,655.4392579460673
7557549,639.9349479621328
7558550,655.6548248821105
7559551,672.6727641061609
7560552,664.762639669729
7561553,659.7863870398787
7562554,625.363761086746
7563555,642.3205332943718
7564556,676.548095030541
7565557,670.4513595676037
7566558,640.6472198076603
7567559,617.7374316047202
7568560,670.1705610554206
7569561,660.5574032601688
7570562,651.9742135890693
7571563,652.6894201472655
7572564,659.8298111115379
7573565,673.9119099538856
7574566,658.6513529117
7575567,679.8693256600881
7576568,657.0760138285527
7577569,649.7430785821331
7578570,671.3520596875122
7579571,670.8152061744673
7580572,217.23455832899015
7581573,439.6539840726698
7582574,486.23514549899767
7583575,647.4032754224593
7584576,682.1546993251006
7585577,663.4052237361573
7586578,661.5339356254169
7587579,676.4871514493843
7588580,653.5167841897172
7589581,671.9687458017398
7590582,674.1650489999677
7591583,661.5010618456553
7592584,659.7432457127153
7593585,665.6895424397824
7594586,646.592342647643
7595587,677.1263165311211
7596588,667.5858807925138
7597589,639.4767940879692
7598590,664.7471034050933
7599591,668.4779554249733
7600592,654.352590188441
7601593,643.8279475999288
7602594,621.1140494626231
7603595,650.2342799925348
7604596,669.9844216689033
7605597,596.2952974341563
7606598,667.7933245750094
7607599,582.6039897617143
7608600,674.4611980130029
7609601,651.5590071532054
7610602,663.9971363875118
7611603,284.2295611108956
7612604,671.3254400892697
7613605,664.740960267182
7614606,667.2066669867614
7615607,669.4443262603164
7616608,655.903532118578
7617609,651.3345081603393
7618610,665.9029789146701
7619611,220.74977003965236
7620612,662.7107204700111
7621613,556.8566721807064
7622614,625.3533687105405
7623615,285.1234062978626
7624616,355.47372761161296
7625617,167.65521246052722
7626618,669.8420566928139
7627619,235.66104250207732
7628620,666.9293866767263
7629621,668.3206339342579
7630622,651.5916548693091
7631623,661.652906107524
7632624,227.15307663845263
7633625,677.5144020249559
7634626,652.37983454514
7635627,671.164973514697
7636628,663.050869418448
7637629,645.3706642241324
7638630,671.8967583692726
7639631,662.8344069180849
7640632,675.138767913316
7641633,670.9691130484928
7642634,675.60698127373
7643635,675.8254101125057
7644636,668.1132323285433
7645637,661.6683681785734
7646638,672.3515923955355
7647639,109.11309267305847
7648640,661.0633865136132
7649641,675.8912211884627
7650642,670.0064823345358
7651643,672.0067978999942
7652644,669.1177011143516
7653645,674.1374183483892
7654646,654.6001695568237
7655647,666.1058035377649
7656648,652.9201647911817
7657649,664.1154046786269
7658650,347.4143073384388
7659651,644.8794609244989
7660652,662.514977247411
7661653,665.026627799575
7662654,668.632198120538
7663655,660.4508743006755
7664656,661.4963499642001
7665657,671.8106385295815
7666658,180.93113814034052
7667659,662.9243377809378
7668660,671.3041701056006
7669661,673.2616646221827
7670662,672.9421733302988
7671663,656.2725426032268
7672664,668.7458935450636
7673665,672.2436661065525
7674666,655.348870629922
7675667,669.3040595188525
7676668,666.8011938763466
7677669,667.790277551596
7678670,653.6773258589815
7679671,665.4867126024421
7680672,672.839726300842
7681673,666.8752522865076
7682674,673.5907007359302
7683675,670.8079186188988
7684676,668.5074036412709
7685677,660.1274413454291
7686678,658.9363959429027
7687679,676.7157900952702
7688680,672.7056691314152
7689681,670.09101109791
7690682,673.7616439968905
7691683,670.287696585793
7692684,676.5622760324063
7693685,657.8195261865042
7694686,671.3460404064416
7695687,662.1687928163734
7696688,672.3970327773659
7697689,662.298862370127
7698690,672.3216730540908
7699691,652.7440892706325
7700692,669.5109727606967
7701693,669.1451709312274
7702694,678.164183408183
7703695,666.8393966257935
7704696,638.621713671682
7705697,674.3855556487792
7706698,657.3487317244077
7707699,675.4454338556571
7708700,669.8369256507291
7709701,672.688146626912
7710702,666.4296183236444
7711703,666.2635093518801
7712704,558.088971042254
7713705,667.3477752107069
7714706,667.0799209048313
7715707,659.8141227418895
7716708,657.7041726486822
7717709,672.8058474620944
7718710,667.6274835460715
7719711,666.9589664606438
7720712,671.9984510654493
7721713,667.1294890674399
7722714,632.3356847576063
7723715,670.3730116293367
7724716,669.5288466162399
7725717,662.145700731449
7726718,253.4004732937744
7727719,667.6934580285122
7728720,662.7207178031533
7729721,668.0431201702553
7730722,656.7658672899672
7731723,656.4228328778105
7732724,670.7242974352758
7733725,660.9122090331473
7734726,549.7810663488963
7735727,667.5035811275084
7736728,653.0904427342188
7737729,666.6901133273971
7738730,663.2174726766665
7739731,355.58982815654815
7740732,668.4567834463986
7741733,569.6774013273497
7742734,665.9463335821956
7743735,664.5962702667322
7744736,671.4858466363997
7745737,671.3225362153473
7746738,658.7261908399904
7747739,308.74149719002776
7748740,668.3007940664468
7749741,659.3368336267567
7750742,657.2196575147549
7751743,286.34183095854894
7752744,660.90256539668
7753745,669.4972121273453
7754746,656.5324832197406
7755747,663.4904027504224
7756748,668.3049573033882
7757749,665.9365419131396
7758750,618.9225782046146
7759751,659.6850030794798
7760752,654.1347676724052
7761753,666.1456345737562
7762754,663.8694384475037
7763755,643.9456953107926
7764756,655.0285401346058
7765757,667.2500930774246
7766758,637.4937948505589
7767759,656.7877556231504
7768760,665.3724736319303
7769761,667.5591782130645
7770762,651.3519333328775
7771763,633.8646649826984
7772764,673.1734689874197
7773765,662.5646923907241
7774766,405.3405072519789
7775767,667.6771428528093
7776768,361.7540601136994
7777769,666.364072549402
7778770,665.1616359287311
7779771,663.5786570901095
7780772,666.2548951528107
7781773,650.2127470574218
7782774,248.9314627113691
7783775,667.992307008863
7784776,654.5244141288083
7785777,661.7891595615047
7786778,221.49280991314185
7787779,670.5376372149124
7788780,674.4050822101881
7789781,664.6623281405066
7790782,336.8592432272638
7791783,665.5460125562249
7792784,666.0951455739417
7793785,664.0781429375419
7794786,673.7652722191584
7795787,667.3693291613951
7796788,654.5544147071428
7797789,672.9268044786177
7798790,659.5254740288993
7799791,669.8339870216079
7800792,671.182616840076
7801793,654.5800782408414
7802794,663.3338947611934
7803795,663.9752043661229
7804796,665.7266744921292
7805797,669.1400276037717
7806798,238.14878967236692
7807799,663.38128359952
7808800,241.46644183441282
7809801,652.4324583611698
7810802,648.1679823331528
7811803,655.1764579477676
7812804,669.9174249003851
7813805,665.9017338422575
7814806,656.4880808624492
7815807,661.990233833029
7816808,675.3281708689095
7817809,665.7503870422353
7818810,667.1031847029587
7819811,665.5189555251428
7820812,667.7825376431202
7821813,664.1387379278929
7822814,671.1218738945764
7823815,436.42131598559695
7824816,676.8879730134591
7825817,672.5634735853323
7826818,672.8733535011725
7827819,666.6472472092106
7828820,672.4727798058622
7829821,670.5351373263134
7830822,652.8379708427843
7831823,657.980500541251
7832824,673.5346764224523
7833825,670.647423932681
7834826,671.5728587962656
7835827,672.5335876688713
7836828,672.5029765039467
7837829,669.7909153791514
7838830,668.337385041279
7839831,665.9959603845994
7840832,669.9925608185641
7841833,672.2687756853779
7842834,656.0213938759614
7843835,669.8884308092826
7844836,672.4603699848528
7845837,666.3374347820302
7846838,664.3039238674259
7847839,466.6738081231776
7848840,382.4564593833399
7849841,674.4113113429821
7850842,667.6987511956312
7851843,414.1282418850196
7852844,672.7716629143112
7853845,653.2102947882832
7854846,659.2874805849875
7855847,668.4542105791074
7856848,677.5910304827413
7857849,657.7304734899907
7858850,646.6531637335676
7859851,668.2162974637249
7860852,671.3049145593324
7861853,676.4350415165934
7862854,660.9167040877227
7863855,669.7654936838387
7864856,678.5054944015761
7865857,664.1167494518778
7866858,327.094296871241
7867859,674.2950006907794
7868860,675.4471200657624
7869861,665.4597849506669
7870862,663.4493476517904
7871863,673.1274320185913
7872864,668.9004541983167
7873865,675.777418974789
7874866,671.8286416748617
7875867,669.1491724274202
7876868,658.9596569886272
7877869,191.20497749144693
7878870,675.3560926024916
7879871,678.1521420393574
7880872,665.9716112906939
7881873,678.7654149487537
7882874,672.2651900057554
7883875,672.6312546142946
7884876,666.6053375087836
7885877,674.1640366940194
7886878,676.2940664456913
7887879,678.4726868612494
7888880,670.1690264696089
7889881,194.08214242933158
7890882,671.2665302810423
7891883,673.5594528160582
7892884,668.3787406591046
7893885,673.6460086953233
7894886,658.0895987193304
7895887,672.401115383525
7896888,663.4966863539056
7897889,667.7642242167002
7898890,661.9069610705579
7899891,674.7891109800329
7900892,667.37960599439
7901893,667.493758249307
7902894,667.4165402142966
7903895,646.3233658211288
7904896,670.6718251991348
7905897,671.4703450241635
7906898,671.2812681675491
7907899,667.6210416629184
7908900,675.4930766819971
7909901,669.8630149330653
7910902,669.4158788198191
7911903,671.6399196219763
7912904,671.1253525967113
7913905,670.5392619000894
7914906,293.9480035611296
7915907,666.4637229906422
7916908,669.887460924538
7917909,458.2743691269284
7918910,667.698643269487
7919911,662.2265953971304
7920912,675.1782958704637
7921913,674.1895810757474
7922914,667.538293784734
7923915,671.0623755192812
7924916,622.3264350751224
7925917,673.5563403021997
7926918,661.6365938021125
7927919,650.0777637075269
7928920,665.4654866347144
7929921,667.3818760706513
7930922,650.1647777877815
7931923,670.5352768017416
7932924,675.4936213356136
7933925,671.151066103038
7934926,673.2683787281768
7935927,657.6877478123321
7936928,658.8325647099771
7937929,670.002619741924
7938930,651.583729295582
7939931,667.913628743324
7940932,671.5151185289695
7941933,663.699956067065
7942934,654.3592154546099
7943935,664.871720526017
7944936,668.0982918363047
7945937,236.15185341209175
7946938,662.0381330930792
7947939,651.409027335443
7948940,667.0140699340413
7949941,661.9489173841152
7950942,655.479629952129
7951943,666.5312214630201
7952944,668.2040970920422
7953945,665.5011026944502
7954946,647.6151911603299
7955947,667.001520553898
7956948,670.4794188683431
7957949,652.5092143999102
7958950,670.3639906935804
7959951,671.9796634225513
7960952,654.8793933698307
7961953,267.0762991548773
7962954,663.0983826725025
7963955,663.9152564610773
7964956,664.2575692666956
7965957,666.6265038297854
7966958,668.6707030548537
7967959,647.6349801258939
7968960,657.4934128500722
7969961,666.6111527688674
7970962,661.8257045416866
7971963,655.1515756478753
7972964,664.8892456028614
7973965,662.1056646466394
7974966,552.2510439646924
7975967,666.2891924901162
7976968,659.5789456506686
7977969,624.2253087743625
7978970,202.87673693324484
7979971,657.0121620746215
7980972,655.5943429301386
7981973,641.4316278150945
7982974,667.0039860053508
7983975,658.0515741427407
7984976,125.2283237385566
7985977,665.0439054843299
7986978,311.40656287023137
7987979,654.8111310514578
7988980,665.5600228111736
7989981,662.8828549394665
7990982,534.3159694314469
7991983,623.986069552854
7992984,668.9427088249524
7993985,660.9122185888543
7994986,669.9484773164479
7995987,664.7080566232826
7996988,664.8211863988826
7997989,654.0515750179685
7998990,668.7354170544106
7999991,671.8101883343309
8000992,662.5180091505938
8001993,666.3726825153292
8002994,668.1615204801831
8003995,647.2221441115122
8004996,667.193849623045
8005997,668.9820629990345
8006998,670.290176473741
8007999,664.6084857511285
8009000,665.6846505947526
8010001,665.4807353089031
8011002,664.082941835813
8012003,670.0457585583091
8013004,484.9685866965953
8014005,666.6581932630029
8015006,665.9818823404347
8016007,664.3985576306412
8017008,671.0893649171988
8018009,661.9640696900051
8019010,670.6889558425188
8020011,655.8755694862638
8021012,670.510685153725
8022013,653.6238191629295
8023014,664.4947007356194
8024015,667.446412866837
8025016,669.3911076307894
8026017,662.6623123355988
8027018,653.0461940017473
8028019,666.421097292097
8029020,527.9260099757746
8030021,672.056309901407
8031022,660.9399853323046
8032023,664.3324624013177
8033024,663.1040971808734
8034025,670.6845012270489
8035026,675.2145897383875
8036027,669.1653004481224
8037028,666.2244185126673
8038029,665.6765761052502
8039030,668.9840617291144
8040031,647.6669266056313
8041032,662.2176696909577
8042033,661.4099633727566
8043034,658.5261061048268
8044035,668.2931063246127
8045036,668.8981088094421
8046037,670.2056901647829
8047038,631.5976936873401
8048039,661.9266048442188
8049040,665.8847747508421
8050041,667.7515792829518
8051042,659.1176227605903
8052043,667.7319455118372
8053044,662.8905068152806
8054045,663.5586758764186
8055046,659.5179794466641
8056047,665.1063829280175
8057048,345.2476967816537
8058049,662.506710486804
8059050,650.806970964637
8060051,662.7833373706192
8061052,664.76123396516
8062053,660.3700173298314
8063054,275.51598115440106
8064055,650.2677878456805
8065056,660.0333924721058
8066057,660.158801200104
8067058,660.8637826112347
8068059,78.21482341176619
8069060,665.2181328414079
8070061,499.19308640033614
8071062,652.4948891118316
8072063,650.7438668789101
8073064,663.627872634998
8074065,656.8166176132061
8075066,248.29356644591545
8076067,657.638178969354
8077068,665.0715612527131
8078069,658.9969593778505
8079070,663.815461896944
8080071,668.3414661208055
8081072,642.4901317843829
8082073,656.3282922784065
8083074,318.31523338224804
8084075,445.1656197387803
8085076,664.3541314277962
8086077,651.7296658417049
8087078,656.2473353188003
8088079,666.0722320003916
8089080,666.5789997513017
8090081,661.5275576756512
8091082,661.0039080665522
8092083,636.7740988127282
8093084,644.2938116159321
8094085,648.5550224578323
8095086,672.2093413927979
8096087,643.9658915904483
8097088,667.4528760810613
8098089,666.4409659248367
8099090,671.8297075284141
8100091,660.9724492450338
8101092,671.576365948837
8102093,129.43426518368142
8103094,665.7821658657174
8104095,672.3176639848915
8105096,664.7472273401197
8106097,648.1961787627488
8107098,669.2710840230122
8108099,664.3631609243249
8109100,664.3694463504513
8110101,666.5637842184552
8111102,668.6850457618485
8112103,655.8085202119539
8113104,631.6906997352527
8114105,666.8782880027223
8115106,671.0435477416528
8116107,666.3696248240559
8117108,670.0448689293892
8118109,660.9470497014723
8119110,661.5424647218144
8120111,668.3527350492654
8121112,671.6334563751165
8122113,664.599779577358
8123114,266.2022629644085
8124115,664.6727695638542
8125116,652.5002727267262
8126117,670.6800893891884
8127118,669.2407092424048
8128119,670.9496859829441
8129120,660.28869792133
8130121,663.8386207785152
8131122,671.2677538516468
8132123,664.8046622525717
8133124,652.5046397803342
8134125,647.492696522042
8135126,670.2653778491227
8136127,675.9301760472055
8137128,670.3253664746335
8138129,648.2459763137817
8139130,668.8458243192641
8140131,644.4259834871782
8141132,659.8952685406382
8142133,670.1404459124861
8143134,669.2454585797825
8144135,667.6097008197938
8145136,673.3204082372848
8146137,672.5371741409522
8147138,670.5804989284222
8148139,662.7061967898879
8149140,657.2571923331138
8150141,651.2540890623576
8151142,666.8827483141073
8152143,666.7224426478246
8153144,673.1655115028018
8154145,663.8734813732347
8155146,662.7462872612301
8156147,450.9851600305009
8157148,676.1557200210949
8158149,679.2681928472753
8159150,656.5158977692665
8160151,663.9320399319328
8161152,655.4277236292678
8162153,622.6943491144692
8163154,665.3388905550593
8164155,270.2707008909131
8165156,658.7566531493654
8166157,669.3401816847582
8167158,662.5083146273206
8168159,546.597530676325
8169160,653.3938014410147
8170161,665.739337763312
8171162,662.1631331586366
8172163,678.243959338035
8173164,637.0860402272109
8174165,676.9340293099319
8175166,665.1612379598605
8176167,669.7976114267968
8177168,665.0498427612599
8178169,653.5765554121681
8179170,675.6238412136343
8180171,653.3313131381875
8181172,639.9055220026565
8182173,671.0633647975699
8183174,669.6590079579506
8184175,664.495782824216
8185176,183.62548101703152
8186177,464.45705749578565
8187178,668.6762761140459
8188179,664.1014555221575
8189180,668.8094300553603
8190181,658.6484834355507
8191182,672.199615072186
8192183,664.2728613571074
8193184,635.4480558349172
8194185,656.7443133345483
8195186,655.4819290470632
8196187,528.6685228514314
8197188,632.3665826192797
8198189,356.6305147697378
8199190,646.6832962967562
8200191,661.9578705460232
8201192,644.4643181802721
8202193,489.76205477669436
8203194,653.6172530347707
8204195,624.6923414720933
8205196,637.6596379830819
8206197,667.7458050024275
8207198,660.0952489694843
8208199,663.3851594149719
8209200,656.9920372355413
8210201,643.6833512214077
8211202,320.5140839724546
8212203,653.748469454658
8213204,664.9248645785589
8214205,664.3652617187452
8215206,645.9294390442154
8216207,641.3565201666846
8217208,635.3905230523258
8218209,660.7920161250962
8219210,649.5491657636227
8220211,436.97496837709105
8221212,651.8900443040316
8222213,646.1562545687336
8223214,632.8926585343172
8224215,478.3469261887103
8225216,636.2946669067305
8226217,626.0623970279735
8227218,608.5031654292283
8228219,633.1764105208596
8229220,635.6201635666671
8230221,559.3269370984011
8231222,653.4584787753121
8232223,641.9127570611317
8233224,643.7387931382746
8234225,543.3170306268252
8235226,667.3859243699765
8236227,657.699826915921
8237228,656.2925713197018
8238229,657.0627826715536
8239230,665.0395806424535
8240231,658.1940293614094
8241232,660.6782951605558
8242233,647.386061842197
8243234,656.009650017959
8244235,668.8714009870645
8245236,638.9579015040555
8246237,661.8492830018465
8247238,657.5509304328207
8248239,664.6444631204085
8249240,220.2159730796388
8250241,663.9185217286895
8251242,669.5002882208096
8252243,666.0502515809486
8253244,660.1222279174665
8254245,585.1163931736245
8255246,662.8584991162203
8256247,659.7252609682959
8257248,660.978364576107
8258249,624.3932934504487
8259250,659.0279563796199
8260251,634.3605898485262
8261252,670.3647648684125
8262253,668.0115293321182
8263254,649.5504540063885
8264255,447.87152445656545
8265256,665.5390592862121
8266257,640.1540217136674
8267258,659.4036567367754
8268259,664.0127421112489
8269260,665.0932134286919
8270261,669.5866702838521
8271262,646.612386327648
8272263,640.2680728455114
8273264,665.8262561717441
8274265,661.6065191279364
8275266,657.7775362432023
8276267,644.5082686099049
8277268,301.92662921514267
8278269,645.1867317074825
8279270,661.3596093732219
8280271,651.5543157354745
8281272,659.634491627264
8282273,666.8510612672235
8283274,452.2403064307667
8284275,647.6876492641271
8285276,658.243575745397
8286277,669.0534794445339
8287278,666.2300667038853
8288279,670.9223585054726
8289280,656.071705421784
8290281,541.4578719798244
8291282,206.60451129168695
8292283,670.4295772497888
8293284,662.2506698455861
8294285,668.5094384647701
8295286,667.8123466467611
8296287,669.6665397699543
8297288,668.8690667700234
8298289,672.230538517431
8299290,665.0647539574895
8300291,670.5191725529952
8301292,674.3782357567419
8302293,668.1946189747065
8303294,339.6517573318803
8304295,654.4699588026216
8305296,470.8675372723127
8306297,647.6360223542598
8307298,248.30591712167163
8308299,664.050285097866
8309300,668.5956866856824
8310301,670.8254323320398
8311302,201.06550168249885
8312303,672.8433519146324
8313304,666.332926714225
8314305,665.5741297977568
8315306,660.2886320185822
8316307,672.6107199715559
8317308,647.1090076330626
8318309,661.1832225285862
8319310,658.5582299770689
8320311,674.515594913389
8321312,666.5106080345489
8322313,653.5987991918056
8323314,672.7918207552424
8324315,598.2880511291323
8325316,451.4144074596032
8326317,668.7201090589208
8327318,671.3519374111739
8328319,665.7028582828935
8329320,657.777724366469
8330321,650.7635958902209
8331322,658.0140620778401
8332323,669.5716983718153
8333324,665.2282663371307
8334325,661.0901779563956
8335326,671.2322754158837
8336327,662.8841147858825
8337328,659.4178847424382
8338329,663.6831446473273
8339330,648.8059919582561
8340331,299.2983098127987
8341332,645.4916144372747
8342333,653.5282765467481
8343334,528.1797263407782
8344335,619.7011496430983
8345336,579.1590527858706
8346337,665.9630236440379
8347338,658.7489742199344
8348339,662.9769919289088
8349340,666.1943619942043
8350341,94.06525153731823
8351342,665.7414970878657
8352343,657.2967833346287
8353344,473.5414860973437
8354345,666.4648039539758
8355346,666.1878697050821
8356347,615.2032057489254
8357348,661.5362219361677
8358349,663.5862781344468
8359350,660.091762117107
8360351,665.9387170753205
8361352,220.1224380697665
8362353,660.6182692592292
8363354,658.6556619647922
8364355,662.6293166633025
8365356,657.0264729539525
8366357,660.2197148182058
8367358,190.19795188855008
8368359,664.4979734792324
8369360,670.0926124310377
8370361,662.0475877468265
8371362,663.4625417855473
8372363,300.5712189545966
8373364,470.4497171545143
8374365,667.9951236015627
8375366,665.4169100255341
8376367,638.8186623029632
8377368,643.0584886079496
8378369,669.3663850106535
8379370,670.7803912346501
8380371,644.7235850219126
8381372,674.3330487450497
8382373,670.3639462270942
8383374,659.8587475292477
8384375,664.861354665824
8385376,673.6564041776918
8386377,613.9662984912799
8387378,668.7517570596269
8388379,667.9245884595373
8389380,666.8793311779825
8390381,667.8191041978281
8391382,667.283668595899
8392383,666.1117887762775
8393384,671.7225945254298
8394385,666.8721240344229
8395386,670.5021449539913
8396387,659.4042062333356
8397388,663.2127250876702
8398389,653.0418683191285
8399390,659.4247185000494
8400391,645.6639068850818
8401392,667.2478960865132
8402393,665.1214899216156
8403394,666.6696889505836
8404395,103.21934124215986
8405396,654.4965424130675
8406397,666.0722045161361
8407398,664.0418482081268
8408399,668.2445111595084
8409400,673.8252624831
8410401,650.3444420358209
8411402,667.708294178062
8412403,641.2671768219926
8413404,535.5412262376008
8414405,528.4953768401056
8415406,643.0684314801331
8416407,662.3719521810813
8417408,668.7952778057985
8418409,630.7489542077334
8419410,669.291654373229
8420411,667.3137897389572
8421412,659.7664272605522
8422413,664.6176976414525
8423414,574.102488871102
8424415,671.5066002009983
8425416,656.2413053462495
8426417,669.4599125872958
8427418,667.9472446647278
8428419,667.9322031173427
8429420,664.5615026669732
8430421,651.6637704150679
8431422,668.7480273857864
8432423,665.2235350299466
8433424,665.8038486390817
8434425,655.811564591845
8435426,671.1465542258579
8436427,374.1974671350508
8437428,654.0014473876121
8438429,660.3655043230133
8439430,666.932518819519
8440431,298.8467862579803
8441432,668.4288840183026
8442433,666.5171219269695
8443434,233.44811494440708
8444435,671.6536082898415
8445436,669.5291988238893
8446437,635.0917728832216
8447438,664.7387858170595
8448439,247.16398096863645
8449440,669.2427943318975
8450441,664.5845586521382
8451442,542.6657588975183
8452443,662.3635321980547
8453444,663.2397178088544
8454445,647.0594073047837
8455446,244.2659571848915
8456447,658.7015387203827
8457448,655.7457832737724
8458449,662.5470289552154
8459450,666.0820046580965
8460451,661.4697275005714
8461452,656.9504975023768
8462453,668.1254343820611
8463454,667.7099683517224
8464455,665.4085347260238
8465456,666.6803412483727
8466457,659.4011865197278
8467458,657.8532936533013
8468459,643.1563196842247
8469460,354.10657362362457
8470461,670.9787792457287
8471462,668.1098955726965
8472463,658.5550766610393
8473464,351.28944631830353
8474465,663.5614082362398
8475466,664.5987690263312
8476467,667.6591298702135
8477468,665.9687828171392
8478469,664.7601607981392
8479470,173.84637548557637
8480471,648.9584393891314
8481472,644.8065971360367
8482473,634.6972912382914
8483474,655.7658575809998
8484475,198.8344724434522
8485476,660.1803027076552
8486477,647.3763489890907
8487478,660.8410758212866
8488479,666.8544355637226
8489480,665.1029273677511
8490481,672.3523746281434
8491482,663.6265372025866
8492483,666.7396510576036
8493484,199.6423162547808
8494485,666.9006840784489
8495486,665.7301108677045
8496487,665.5747984297012
8497488,665.430974647692
8498489,664.3334725310476
8499490,664.9521459420794
8500491,651.5633533112024
8501492,656.2066425322054
8502493,664.5798800633465
8503494,643.6196006057437
8504495,656.9616958066156
8505496,655.317499255281
8506497,666.4492835227636
8507498,251.14845858412622
8508499,376.1208522030599
8509500,660.4473432988138
8510501,663.7397270731772
8511502,662.1037103394656
8512503,664.1835237264795
8513504,643.659282987001
8514505,663.1591956687021
8515506,660.4463770752562
8516507,660.4032647040299
8517508,364.1720137663379
8518509,663.8745341753322
8519510,656.3978347007336
8520511,652.002077576703
8521512,655.279146623852
8522513,660.7235903023641
8523514,650.0530611771626
8524515,642.7938447322263
8525516,654.1765164947791
8526517,654.8500611699887
8527518,656.9080129569647
8528519,649.7113704130484
8529520,662.1394621262477
8530521,654.8171740924682
8531522,658.1668083077283
8532523,663.4875866181442
8533524,636.721114919422
8534525,662.9371810485382
8535526,656.1433709374361
8536527,649.8569398426292
8537528,655.5140933207412
8538529,266.2541801259593
8539530,656.6511909851359
8540531,654.5163458662784
8541532,659.356106789481
8542533,662.6477100621318
8543534,654.701330009781
8544535,650.6353678846945
8545536,659.350093186966
8546537,652.862618665734
8547538,657.9657098874544
8548539,663.2060341791203
8549540,651.781292080906
8550541,653.1541929299856
8551542,657.95564525641
8552543,306.6662939469086
8553544,647.552291448674
8554545,627.634452780673
8555546,654.3936377106426
8556547,612.510515767106
8557548,649.0244556080781
8558549,653.3036049935475
8559550,652.8247917368805
8560551,654.0349425040289
8561552,650.3192915317301
8562553,651.7523389052366
8563554,634.8105563345547
8564555,658.0938794745798
8565556,655.4519537243398
8566557,516.3401456894467
8567558,656.2060515082387
8568559,654.091855524586
8569560,92.0691548733782
8570561,647.8476176753812
8571562,659.7634767100468
8572563,648.5574649802519
8573564,653.7119946134143
8574565,645.3275269892189
8575566,650.4330319779756
8576567,644.5240302798982
8577568,648.8216331412384
8578569,333.1530940722173
8579570,641.9309806033953
8580571,650.0338009580346
8581572,654.7615877718847
8582573,661.2295481612283
8583574,656.5004049229543
8584575,657.2595523161955
8585576,645.297001829512
8586577,655.3106365199957
8587578,648.9422999982896
8588579,659.4508414122546
8589580,640.3561938816182
8590581,643.9098911947096
8591582,649.6163217632512
8592583,635.9279736646788
8593584,208.43810365945293
8594585,638.8447974833757
8595586,645.2969252624215
8596587,629.8163192914054
8597588,639.3330676960128
8598589,655.6997538088427
8599590,642.6420217464117
8600591,650.7975415979264
8601592,631.4744837893497
8602593,629.4152560330067
8603594,648.8514067519696
8604595,642.3253380770544
8605596,640.2064740400133
8606597,285.848783308962
8607598,649.6268966618441
8608599,637.2733418832821
8609600,646.1572145840327
8610601,637.9891754272483
8611602,637.9942161071514
8612603,634.3877113617191
8613604,630.7688832393551
8614605,646.979268277206
8615606,644.6159860010825
8616607,641.5631908979477
8617608,615.0043796088929
8618609,619.5854622262705
8619610,650.5720989605254
8620611,642.9987923399245
8621612,648.0883089082032
8622613,640.746459892893
8623614,625.1783396352857
8624615,644.9251626626
8625616,619.7170528620685
8626617,559.0406048564555
8627618,601.4992509256402
8628619,328.4347316853438
8629620,159.29025750109906
8630621,623.9741087744527
8631622,631.7458199439817
8632623,445.6148188762209
8633624,636.2409368530099
8634625,410.4003054716137
8635626,638.4304320321766
8636627,630.8112251855996
8637628,642.6864824880014
8638629,639.3147004354915
8639630,632.1771181120357
8640631,645.7060074420186
8641632,647.7931414481629
8642633,638.1055944346348
8643634,637.5419508720852
8644635,640.3981832736533
8645636,629.7146217866242
8646637,621.4961160595211
8647638,645.8014427002913
8648639,645.8177704459378
8649640,641.5066182902208
8650641,640.313490772709
8651642,629.417088163068
8652643,651.4698888557874
8653644,642.8006687412965
8654645,642.4254273066089
8655646,651.0977309600188
8656647,648.4729285529572
8657648,641.1778446195368
8658649,634.5090959182068
8659650,652.2284988375395
8660651,648.4013694045118
8661652,652.8714074563505
8662653,645.7900880199439
8663654,649.4348841949512
8664655,654.2204838892544
8665656,529.0238685076887
8666657,661.4929910579633
8667658,649.2431730036685
8668659,628.9464544562342
8669660,649.1612812793105
8670661,651.6636991980539
8671662,652.537787130945
8672663,647.6570082368326
8673664,652.2122131407216
8674665,641.8336565825022
8675666,646.7128010898316
8676667,650.1585166407111
8677668,648.9259365563937
8678669,639.9459710442435
8679670,623.8352623564324
8680671,645.5403497810788
8681672,634.9274971941878
8682673,639.6958334835018
8683674,646.3912227072465
8684675,649.3592760893378
8685676,655.7730441827605
8686677,99.41020175014098
8687678,652.7245997073792
8688679,656.5287484427755
8689680,653.6673663247311
8690681,646.2475331684063
8691682,661.9763570409474
8692683,659.9120160802503
8693684,639.8144505390279
8694685,655.6123314414976
8695686,659.9890760307782
8696687,632.1693779122089
8697688,643.2834791274565
8698689,658.1884079319568
8699690,647.5008439777148
8700691,651.7816817792236
8701692,661.4079630973259
8702693,649.2536007812038
8703694,179.52218079446754
8704695,660.1581893142964
8705696,649.9522128476644
8706697,629.9646881604975
8707698,653.6429161426413
8708699,628.9692479232136
8709700,656.1494742308117
8710701,662.2094889703714
8711702,656.1696806188695
8712703,659.8181157240593
8713704,648.9668955249372
8714705,653.0026983462056
8715706,596.1058591288019
8716707,661.2027189914692
8717708,635.0378509982797
8718709,653.2522351697559
8719710,654.1364679958742
8720711,652.9182271638432
8721712,653.871515916032
8722713,649.1791605218373
8723714,646.8414234302327
8724715,646.5873127851726
8725716,641.5385341592082
8726717,640.6698725064324
8727718,663.4036725221526
8728719,661.9316269057971
8729720,653.5685642796149
8730721,613.602771855305
8731722,661.6729169534299
8732723,624.3605313593172
8733724,562.1284691066547
8734725,645.9797522311635
8735726,380.073537212966
8736727,208.88156527672461
8737728,655.3965617242633
8738729,666.8183916389177
8739730,649.2034890871286
8740731,627.8865959734285
8741732,650.2337250856301
8742733,645.2329777528184
8743734,657.4383370828301
8744735,659.3842500898556
8745736,650.2877620745851
8746737,637.0953283230194
8747738,645.756235340402
8748739,649.0311661809914
8749740,635.6553664241353
8750741,643.9216214073716
8751742,630.7336169063171
8752743,649.3738262548275
8753744,645.912759006191
8754745,655.2198242937255
8755746,649.9287004962545
8756747,625.9360397878863
8757748,249.59204646174814
8758749,654.3467794839331
8759750,645.3712120322338
8760751,652.5775200907916
8761752,654.2951732676003
8762753,654.4860320557708
8763754,625.2262027709212
8764755,636.0898054148645
8765756,626.6402831955936
8766757,649.2521642141351
8767758,656.4131288614466
8768759,642.8627051947358
8769760,648.075527860951
8770761,658.0029539194069
8771762,641.32935796483
8772763,635.0000489320286
8773764,646.038815932913
8774765,630.2995558624714
8775766,637.7704448953286
8776767,632.0936573228016
8777768,638.0334607915357
8778769,644.3695873251323
8779770,259.87438290351326
8780771,651.0204296938226
8781772,655.6847867407118
8782773,636.8376408014014
8783774,653.6335084164074
8784775,190.87328460864802
8785776,657.6595327343972
8786777,644.464562025937
8787778,645.7372221837112
8788779,639.0841570425183
8789780,650.7592208654233
8790781,653.7612416862069
8791782,650.602501285172
8792783,650.8816066859878
8793784,646.5961252225857
8794785,649.0139878830863
8795786,650.4680553158034
8796787,648.8374020561531
8797788,643.6530582547551
8798789,650.6953273132378
8799790,644.567788757154
8800791,636.3757202348343
8801792,647.4333934707757
8802793,648.5510662577195
8803794,625.3578885489853
8804795,655.4150381362797
8805796,645.1924871942471
8806797,642.4075960397793
8807798,657.6777562567685
8808799,634.365106942324
8809800,219.5455613643585
8810801,398.3781897040132
8811802,547.1026790776323
8812803,254.00952471293985
8813804,650.0402425158319
8814805,643.7961113746096
8815806,657.1987344709177
8816807,648.2628154629944
8817808,646.2294283482918
8818809,644.496050958521
8819810,638.3116179370084
8820811,651.8401945444251
8821812,653.643503306349
8822813,657.0245128699706
8823814,652.1613815702033
8824815,621.2187084939728
8825816,653.2870782380551
8826817,649.2621063915966
8827818,660.209193295165
8828819,639.3777897529153
8829820,651.7047428136514
8830821,652.2362044096938
8831822,645.9240688662627
8832823,655.0653063334196
8833824,648.324639359093
8834825,651.4165207509473
8835826,651.1859507028176
8836827,650.435731085557
8837828,659.0448659808623
8838829,658.8708503836274
8839830,649.8526519571813
8840831,653.4229027714238
8841832,655.336123695522
8842833,648.7166379457791
8843834,656.1322723411812
8844835,664.6178120207019
8845836,648.9034791227655
8846837,659.2123996135786
8847838,629.716805242263
8848839,647.5348429080985
8849840,435.5656265936687
8850841,641.6060118043308
8851842,655.0936868877526
8852843,657.5833978536896
8853844,628.831010533652
8854845,664.0349317432959
8855846,651.336274441513
8856847,659.7757783499152
8857848,648.292875388591
8858849,659.2581440200479
8859850,654.1281069812449
8860851,648.2341477178661
8861852,645.9975452631251
8862853,414.61631861936905
8863854,662.771741150259
8864855,650.1443462638567
8865856,641.0489069388794
8866857,648.1940209885739
8867858,654.0051651897759
8868859,653.8487842666323
8869860,653.3906700410186
8870861,632.6238781098616
8871862,652.5804856219507
8872863,609.5532073383553
8873864,648.9673875276858
8874865,622.1128995703582
8875866,649.2497555695138
8876867,656.6325780493476
8877868,656.4957900510174
8878869,628.3594231079179
8879870,614.2967153555101
8880871,644.8741673109629
8881872,649.8292906549095
8882873,637.4846847796682
8883874,645.2719304384516
8884875,657.2517943543666
8885876,648.4695984761136
8886877,653.762661994857
8887878,662.9384024985383
8888879,646.7654327357111
8889880,655.3581733415346
8890881,518.0786454705445
8891882,660.787867171795
8892883,632.6665310741121
8893884,664.027143675054
8894885,652.9821574181077
8895886,652.6632813141332
8896887,655.2208488740707
8897888,639.7134323131402
8898889,657.3349399615424
8899890,637.6686151775461
8900891,652.2750111081214
8901892,646.235188312549
8902893,644.7153321100234
8903894,666.4483220172143
8904895,651.559139375786
8905896,661.5334428732713
8906897,652.2938032298731
8907898,640.1244903760323
8908899,657.1489022067768
8909900,661.3397562226063
8910901,652.1068399659816
8911902,431.3593744346594
8912903,652.96066749338
8913904,637.7585741406868
8914905,643.7299680889982
8915906,375.3733056699872
8916907,613.0968370949829
8917908,655.5032476131039
8918909,628.4712964356271
8919910,621.3531073880739
8920911,625.9083747356544
8921912,649.7942460263567
8922913,635.8275514681593
8923914,641.6426513297508
8924915,389.15727405875595
8925916,202.41351991971743
8926917,644.7580218372477
8927918,640.9325616918173
8928919,635.6998263483598
8929920,337.42031316029073
8930921,627.6127933470403
8931922,646.9980024852185
8932923,639.7858762562252
8933924,645.1850732359622
8934925,644.6033601677169
8935926,629.9361375118762
8936927,446.2185487031883
8937928,648.9445226066548
8938929,637.8396793030156
8939930,657.9062075559979
8940931,652.107869017114
8941932,655.2732907018465
8942933,503.695982940495
8943934,625.9440374258439
8944935,642.512135004331
8945936,548.5527108785993
8946937,641.7791237025319
8947938,602.199716076592
8948939,628.65217906135
8949940,639.9032459530913
8950941,655.5301084477702
8951942,631.029871667067
8952943,638.9123623365283
8953944,632.0437902484207
8954945,629.2401409970431
8955946,651.3025167512953
8956947,638.4407129801391
8957948,620.4366536356009
8958949,608.580453286461
8959950,643.2145567320995
8960951,646.0845482813113
8961952,646.8819674206673
8962953,644.3146832173622
8963954,526.438596260062
8964955,644.1039242943621
8965956,625.1716263169941
8966957,643.4120949396672
8967958,656.206894222134
8968959,625.9085866072973
8969960,648.8922149545238
8970961,435.28627254398987
8971962,600.153252735526
8972963,636.1041223716022
8973964,631.2300202584285
8974965,617.3073160517134
8975966,628.0836517939647
8976967,625.8001329455006
8977968,640.7085750212295
8978969,644.0481662252213
8979970,611.5453582228595
8980971,629.0475751090412
8981972,637.5305664132588
8982973,298.7606460933712
8983974,634.0499846331496
8984975,632.5145568928746
8985976,636.1772134894004
8986977,597.6162557336853
8987978,607.4576553298697
8988979,645.9580557895345
8989980,643.0062184560662
8990981,614.4582886852246
8991982,641.3390181334803
8992983,323.8103943094909
8993984,653.2913123828739
8994985,622.7448688221867
8995986,658.3914521424937
8996987,622.6625958259247
8997988,620.7753765110734
8998989,650.1119193659911
8999990,630.8658834560263
9000991,622.3680131854644
9001992,628.4281962612936
9002993,635.8637364609476
9003994,648.834523484046
9004995,646.5265035773367
9005996,618.4981096002825
9006997,622.4770943454809
9007998,638.2488440030418
9008999,650.3973670781605
9010000,645.3795464608712
9011001,645.3226778518991
9012002,639.8149431596144
9013003,628.1395602445256
9014004,653.5230874677083
9015005,606.5490464607469
9016006,639.6024724215645
9017007,617.5934186463678
9018008,624.9739388528714
9019009,626.8638381915896
9020010,636.0426222066858
9021011,643.6611549045134
9022012,646.5376922550282
9023013,648.3250735346834
9024014,628.1930830922561
9025015,629.4990968219668
9026016,644.6113331331503
9027017,379.01744797430325
9028018,644.5458349048414
9029019,625.9604196018956
9030020,602.7505309271547
9031021,617.9946604197196
9032022,663.178673522419
9033023,627.896789750285
9034024,653.4584667016188
9035025,629.5517228792647
9036026,649.2535334123921
9037027,636.4485201130636
9038028,643.5144562437679
9039029,635.2126074885118
9040030,642.761677926965
9041031,654.1720277689105
9042032,649.7985062817353
9043033,642.5053051115331
9044034,656.5852897295252
9045035,609.0983675401777
9046036,653.2460236361676
9047037,630.8480321043992
9048038,644.7036787002676
9049039,642.1623491336248
9050040,641.8582475555669
9051041,560.6918707148503
9052042,633.4837580151774
9053043,646.6405710996388
9054044,641.4996939385766
9055045,653.8872267889329
9056046,644.5961952663055
9057047,355.05407265113746
9058048,650.8798644754801
9059049,628.9942669279123
9060050,654.5587244852699
9061051,646.6568116612151
9062052,653.0070817364273
9063053,641.2937630992029
9064054,656.2707170147436
9065055,649.9167867729261
9066056,644.8393322462804
9067057,651.8494171654621
9068058,647.1804421978004
9069059,640.3924593873762
9070060,651.3258335253091
9071061,663.1319442304421
9072062,655.9819191008891
9073063,595.1973360573327
9074064,659.2224134141568
9075065,98.29865787893337
9076066,658.4122412954041
9077067,640.2268375944268
9078068,205.63808005522168
9079069,647.6394545473776
9080070,627.4941507446235
9081071,640.3135199327955
9082072,637.1723699310229
9083073,648.0738107951676
9084074,635.242425134182
9085075,649.758245068437
9086076,627.086988432791
9087077,623.0236551094648
9088078,634.270331495831
9089079,627.1387166846602
9090080,319.98757001924787
9091081,630.635856522052
9092082,630.834205628538
9093083,649.3536907651758
9094084,647.6684467377323
9095085,617.5537486664722
9096086,635.6420120877492
9097087,650.3444363235601
9098088,654.9799858881764
9099089,617.0233653815302
9100090,644.820093652544
9101091,220.98149367294235
9102092,636.4163635427534
9103093,647.5586370653281
9104094,654.1736674378931
9105095,641.8546240083786
9106096,641.8312734308348
9107097,626.656712925197
9108098,646.4054506329802
9109099,628.6364670469958
9110100,651.6212564256633
9111101,648.1637389376925
9112102,651.512313900794
9113103,643.3488851275769
9114104,652.7867230876385
9115105,633.7989239738571
9116106,651.085998476057
9117107,651.3691890255317
9118108,653.8452417114353
9119109,638.2514863160112
9120110,447.65610619276947
9121111,646.0314453132752
9122112,650.1433266606244
9123113,351.8293554009573
9124114,628.705403948517
9125115,641.0133412105339
9126116,655.4732279590239
9127117,660.868166749329
9128118,648.2750583264291
9129119,647.4949210730551
9130120,634.4116994389052
9131121,652.5756955023564
9132122,652.1738966742519
9133123,660.8027535039112
9134124,650.4022646233392
9135125,661.5348340385024
9136126,657.1566372279303
9137127,658.8056009247467
9138128,657.3022983604191
9139129,647.1223005325157
9140130,652.8110804886485
9141131,655.3833979496317
9142132,650.2460117239644
9143133,435.28689645161074
9144134,648.2597823059738
9145135,643.50874303517
9146136,657.2562889817174
9147137,659.0591792622104
9148138,657.5602564134929
9149139,188.80783043069684
9150140,647.364636236176
9151141,630.1463712350017
9152142,610.0752393196998
9153143,650.2866089307047
9154144,620.8292628155887
9155145,633.0224799690893
9156146,652.5485557585531
9157147,608.7124143008926
9158148,646.4610071569412
9159149,646.0063791068213
9160150,639.8576520879772
9161151,624.7089963634514
9162152,620.4523967486786
9163153,642.5227923882596
9164154,634.6584660082913
9165155,644.4060907294984
9166156,613.7679313543994
9167157,622.9144942343287
9168158,639.7700736224398
9169159,648.0943602258047
9170160,619.5750061459148
9171161,638.297602451593
9172162,622.6045919887584
9173163,637.9539485016455
9174164,648.8920423563497
9175165,647.3951863693482
9176166,637.545531850966
9177167,651.1361649188968
9178168,647.871861843853
9179169,648.2616731728962
9180170,647.3543116288348
9181171,627.0783687983516
9182172,633.3953990014957
9183173,240.90928506232015
9184174,632.9838160554621
9185175,648.5715068637273
9186176,638.6866589176284
9187177,650.8130496878607
9188178,651.9292498425309
9189179,624.1406296145333
9190180,636.8102067093627
9191181,638.5024798936213
9192182,640.8079295484326
9193183,554.8848996445456
9194184,636.0004663313201
9195185,285.8396714270915
9196186,636.1317336615451
9197187,639.3154381000033
9198188,616.5572117985561
9199189,638.3370737761519
9200190,635.5053748938915
9201191,623.6644358525126
9202192,625.3828562001493
9203193,626.7755009623297
9204194,630.2413035462205
9205195,609.7561521366741
9206196,178.34363497502494
9207197,523.1127823182754
9208198,622.9859584043754
9209199,640.7049312050357
9210200,632.3882217646379
9211201,630.8754793241607
9212202,624.1314496448222
9213203,636.4739899280323
9214204,637.636394573026
9215205,607.0135838703633
9216206,621.2267850846029
9217207,631.1778908233555
9218208,633.7910089318257
9219209,629.287138214336
9220210,629.3800860933759
9221211,605.6897589927564
9222212,634.4683753232462
9223213,615.8790506193006
9224214,627.6573789928719
9225215,613.7014651443334
9226216,611.8489503248053
9227217,249.63882089577166
9228218,619.900854750588
9229219,640.2148919086068
9230220,221.8460295785489
9231221,621.5212955215416
9232222,620.1396273626082
9233223,612.3892239331105
9234224,615.0140471208188
9235225,625.0128968936715
9236226,632.5166829241407
9237227,640.502193618854
9238228,632.5040207103507
9239229,628.6166447403564
9240230,606.9963694354772
9241231,627.2873366760574
9242232,525.2882793762684
9243233,535.2345569816614
9244234,601.1658883321927
9245235,611.9468231776877
9246236,620.47354700277
9247237,626.4615092238677
9248238,629.3064938587544
9249239,257.0126480274133
9250240,625.7095921645251
9251241,233.92784549519644
9252242,622.1122512074342
9253243,626.4308448563116
9254244,628.1983696014508
9255245,623.1351383414425
9256246,589.2169824279686
9257247,613.0714267951605
9258248,613.4542119047891
9259249,623.4592680502301
9260250,627.1573235713443
9261251,638.6944073796119
9262252,620.1488353701648
9263253,629.081201963915
9264254,619.7497459692637
9265255,630.4249348343785
9266256,632.8638125257199
9267257,592.8694950764716
9268258,285.28074977293824
9269259,584.3120938121687
9270260,605.6981600584928
9271261,620.7586335488986
9272262,625.0492323395033
9273263,612.9771261114514
9274264,629.9758499184596
9275265,636.2756236249321
9276266,629.178643534653
9277267,624.4115893533199
9278268,638.0493692019078
9279269,625.7694294248657
9280270,611.1268984407101
9281271,632.8862336827506
9282272,640.7971020799359
9283273,632.382743719926
9284274,635.7818652349855
9285275,633.0972981004936
9286276,629.4721740844772
9287277,474.4288234967353
9288278,644.3486552719585
9289279,624.3579752900231
9290280,640.9052314493146
9291281,609.4790615740498
9292282,629.1698226453299
9293283,631.9185087460012
9294284,640.8362104109756
9295285,624.7684742377927
9296286,428.609438785857
9297287,633.5127860062702
9298288,616.1040681660653
9299289,631.2568070760012
9300290,614.8357533183978
9301291,612.979044573606
9302292,637.9219327097425
9303293,645.3181495556036
9304294,639.237090326402
9305295,593.2985969044671
9306296,623.0084404978187
9307297,641.9400075972937
9308298,627.6169028961573
9309299,631.1108169576372
9310300,631.2384700852288
9311301,636.769859105397
9312302,507.8159537165821
9313303,635.8581042412864
9314304,642.9512284662289
9315305,640.3331629098172
9316306,628.359413115914
9317307,622.54842463215
9318308,643.5030046692335
9319309,633.1703137003512
9320310,628.4116069208035
9321311,628.4241285493459
9322312,302.37276529947536
9323313,630.4281038620417
9324314,635.9683152566471
9325315,648.9973717474155
9326316,616.9602135608717
9327317,636.6717459718798
9328318,632.2780544053783
9329319,636.6250180175707
9330320,610.2306177745432
9331321,638.8934953452429
9332322,619.2398768760298
9333323,620.4619254961509
9334324,635.7825152122869
9335325,639.6144494240783
9336326,636.154386830455
9337327,612.8885410616932
9338328,623.2402576513779
9339329,646.0272754707619
9340330,640.722051345516
9341331,441.8030915415725
9342332,607.2367989875883
9343333,624.4020234559196
9344334,642.8587635186761
9345335,600.1618646408399
9346336,618.9196913300977
9347337,624.3799915052675
9348338,634.290733353101
9349339,624.2547864190383
9350340,647.3682951529768
9351341,633.7101700688017
9352342,630.1161248299707
9353343,633.6403469178589
9354344,635.2007241158469
9355345,641.3110957167223
9356346,638.1422312347823
9357347,611.7219972867925
9358348,634.8739236412102
9359349,637.4376207797886
9360350,648.837407294991
9361351,645.1418295463392
9362352,648.9931636662523
9363353,643.9143540398726
9364354,609.4490514680667
9365355,646.9533277093674
9366356,638.2773701907565
9367357,640.9428833356388
9368358,637.826587855955
9369359,630.3239942923402
9370360,642.8740750253432
9371361,645.4562044601716
9372362,654.3332050922163
9373363,644.9536976292401
9374364,644.3744677729061
9375365,639.1374382549998
9376366,636.9947074977405
9377367,640.554815058442
9378368,640.0052781737282
9379369,625.5748068958421
9380370,620.5954948520226
9381371,404.98227856753795
9382372,640.3331573970132
9383373,643.116003258087
9384374,314.2593219130611
9385375,640.2595612569029
9386376,638.887060124331
9387377,635.501364081596
9388378,636.29632999427
9389379,628.1513050299998
9390380,645.3998433435559
9391381,286.48516605824625
9392382,632.2137962584552
9393383,642.1382817600352
9394384,633.4133452496382
9395385,459.17984195990965
9396386,640.4210145255286
9397387,637.3074315693731
9398388,611.1544254726443
9399389,638.922163134684
9400390,627.1789539715186
9401391,463.0309677342846
9402392,644.7756811017291
9403393,633.9729280930597
9404394,640.7274889672999
9405395,612.6712565835976
9406396,632.6439092768205
9407397,646.9000351571534
9408398,636.2297898318724
9409399,621.3815541432484
9410400,620.2584483091393
9411401,637.6479138960251
9412402,628.8173674894159
9413403,637.15880230232
9414404,254.22583251434963
9415405,629.6566131357968
9416406,641.3077130684269
9417407,612.4633072771215
9418408,636.1988442151298
9419409,645.2499109306094
9420410,519.6416546907212
9421411,625.7036039941809
9422412,631.9355035786341
9423413,628.6851066370335
9424414,637.6573174791417
9425415,634.5579122451918
9426416,627.6395663508135
9427417,632.5089077478888
9428418,633.292770938512
9429419,632.9000240762667
9430420,637.0407274702493
9431421,644.1070294886583
9432422,634.4444644399749
9433423,621.7078502148756
9434424,631.018664679424
9435425,633.0460751110718
9436426,634.9019207905135
9437427,400.1991632371508
9438428,626.8015154691406
9439429,643.1620781229648
9440430,583.5942081412658
9441431,297.7341335423577
9442432,618.1719199447722
9443433,91.07809091531388
9444434,635.7825805350241
9445435,632.678810099975
9446436,413.20457499754554
9447437,231.45660584700718
9448438,627.2807213310826
9449439,620.5884068483172
9450440,637.8192136504448
9451441,631.5320871579618
9452442,634.3399166920506
9453443,309.55372408701635
9454444,613.3872339931995
9455445,637.4419486249359
9456446,631.8476442699204
9457447,447.6133514884569
9458448,632.4692294634017
9459449,621.5967232387792
9460450,637.5965801497583
9461451,634.759956430905
9462452,627.0172912999993
9463453,608.0709320799585
9464454,634.3302481105537
9465455,188.93462808150377
9466456,625.5929511202444
9467457,622.9417383345527
9468458,634.1748368928363
9469459,640.1648143691708
9470460,635.227070394934
9471461,599.4491835865856
9472462,355.45023403845505
9473463,620.4331733649569
9474464,623.9716048321917
9475465,642.7250462427247
9476466,641.1735669153493
9477467,215.73103409084874
9478468,636.1775931722196
9479469,639.2740792167983
9480470,616.5241060128666
9481471,640.9109652823374
9482472,609.3203864120659
9483473,625.5852280437556
9484474,634.9753687282422
9485475,625.7703872791891
9486476,627.958459249024
9487477,475.61010207805293
9488478,625.3296878430832
9489479,634.2048729252875
9490480,607.7878267643082
9491481,624.4636783871141
9492482,616.5152559152084
9493483,642.136242878346
9494484,419.43273464319924
9495485,625.6543488017933
9496486,630.4509819089103
9497487,630.099664241316
9498488,646.5450179162436
9499489,630.827964337779
9500490,605.9472947943348
9501491,628.9069976575505
9502492,621.4404466650375
9503493,628.2522476896971
9504494,642.0871679003352
9505495,605.5944766555355
9506496,618.5486127053559
9507497,632.1592623379247
9508498,621.634315238418
9509499,639.7220903490543
9510500,635.7217498533157
9511501,638.6790153813198
9512502,620.4639129977372
9513503,607.5408829737795
9514504,613.6508656729602
9515505,608.9576673516151
9516506,615.413204724435
9517507,647.5982580195848
9518508,612.4903209853709
9519509,632.9175974088412
9520510,628.3655756810698
9521511,634.8332731093278
9522512,629.5583412842761
9523513,632.1674816934993
9524514,320.46407317668223
9525515,628.7259829320774
9526516,608.8153366752057
9527517,401.6490877401806
9528518,634.9960392833774
9529519,619.7777586462943
9530520,595.7413039897278
9531521,531.7136815858191
9532522,605.4796287753504
9533523,624.514992260702
9534524,620.3713682246222
9535525,641.7435114323354
9536526,284.68680175865575
9537527,617.2732570706178
9538528,603.2951617825638
9539529,602.599322325177
9540530,622.9661646883517
9541531,628.8025512390941
9542532,616.480760675236
9543533,107.3681573735878
9544534,631.2032605618722
9545535,625.4141224896927
9546536,631.0491704913637
9547537,623.2948378819709
9548538,625.3053861974839
9549539,235.70471469576904
9550540,631.9901201983247
9551541,636.1111675138843
9552542,633.1579179203568
9553543,601.9031963896518
9554544,633.0686966955749
9555545,594.1113342431079
9556546,628.9982867068607
9557547,646.1203717569473
9558548,603.9041340074076
9559549,612.1419464870329
9560550,620.964926500439
9561551,642.8218637718545
9562552,635.13467297649
9563553,400.49018309348554
9564554,633.623194457093
9565555,617.7102918898348
9566556,642.4307556381749
9567557,632.8323227528034
9568558,630.2934450777021
9569559,624.8448929749895
9570560,631.7886945208307
9571561,636.7447451746614
9572562,631.7109628460539
9573563,633.2943380219097
9574564,606.8113163611383
9575565,354.9226267663154
9576566,616.7715603112185
9577567,643.7694475244173
9578568,634.2500729283661
9579569,633.5910074598315
9580570,642.3279854428765
9581571,639.2732572165355
9582572,629.0441443626637
9583573,632.4413287505331
9584574,631.1948375615697
9585575,635.7493497378873
9586576,623.1697922817983
9587577,215.9755917366698
9588578,392.22516628000204
9589579,648.807512156037
9590580,620.8746627077385
9591581,652.1353296966207
9592582,630.9319823160059
9593583,372.9022983966809
9594584,629.7925405056125
9595585,641.0394842866957
9596586,642.4174107637937
9597587,635.5869358848447
9598588,628.7186849001985
9599589,642.5740670235805
9600590,649.8966539701057
9601591,634.444824454405
9602592,253.7311268650018
9603593,628.8592822410774
9604594,311.323855533244
9605595,628.8767858549814
9606596,604.9565268188504
9607597,630.2974096690804
9608598,630.3316348300647
9609599,588.3146068481367
9610600,628.3972121605975
9611601,633.737806659975
9612602,636.4016304797632
9613603,644.2667428387739
9614604,598.633738256238
9615605,634.5943578346181
9616606,614.2477330424363
9617607,650.2810108568513
9618608,620.3886426657148
9619609,639.1296467785005
9620610,622.0774014499973
9621611,514.1140988205352
9622612,631.9391791963859
9623613,611.6839464064398
9624614,624.2174705282558
9625615,612.3938836911381
9626616,622.9549317725056
9627617,621.0298241296813
9628618,627.6500582546697
9629619,626.3977703625529
9630620,607.4745122002802
9631621,584.0628079170214
9632622,518.1454933101468
9633623,640.7407799815389
9634624,636.4814041611506
9635625,619.6718994583438
9636626,620.5323448881661
9637627,639.9584408413191
9638628,627.2486129979067
9639629,617.0733598529669
9640630,639.3264814807281
9641631,634.3624152435465
9642632,628.6789179403022
9643633,642.3474849130376
9644634,536.7032013423443
9645635,646.0533432037984
9646636,652.2858124236656
9647637,628.9407435535302
9648638,625.2171423294449
9649639,639.3362397533099
9650640,638.2098142431383
9651641,504.6905402435166
9652642,606.1594136935039
9653643,636.1685758072631
9654644,611.4551134335017
9655645,652.0338067801755
9656646,644.9929547655908
9657647,624.6432230792718
9658648,649.6563710142709
9659649,625.0629562124717
9660650,642.9641160750558
9661651,617.6104392921849
9662652,621.3994420437353
9663653,642.7734449731466
9664654,637.0273437573385
9665655,636.6774959769352
9666656,620.1300695435218
9667657,647.2510957852683
9668658,620.2148579317138
9669659,641.1872255810288
9670660,496.7363844893889
9671661,646.5148037812447
9672662,411.60358395976186
9673663,640.3814285954122
9674664,643.226422804001
9675665,626.0846435860797
9676666,625.1781418057637
9677667,618.0072977244942
9678668,503.9421318734935
9679669,650.4404182522688
9680670,633.9402913992491
9681671,651.2571576241301
9682672,635.4314054060136
9683673,640.8589105066836
9684674,643.7670670666597
9685675,636.9855006494438
9686676,417.94146972535646
9687677,638.7549788158105
9688678,650.8920985220294
9689679,626.1692250785126
9690680,533.6236595908489
9691681,640.4297229968083
9692682,644.0728185850519
9693683,631.6496366391362
9694684,629.6290608933984
9695685,627.4654238198445
9696686,639.843237534421
9697687,635.1157667174544
9698688,632.3930290791155
9699689,643.6657104148503
9700690,643.0340488109152
9701691,642.4596866734212
9702692,622.7774083453975
9703693,634.1544886491214
9704694,639.9418994441335
9705695,612.9929174133229
9706696,636.4559325023376
9707697,620.3914050918139
9708698,643.6349344497819
9709699,641.6559356218789
9710700,640.3731180952304
9711701,650.4355597533122
9712702,639.3997752438001
9713703,638.3366292322762
9714704,639.26274956219
9715705,633.5643068829954
9716706,626.4156592149703
9717707,635.5368035691287
9718708,605.4118970921913
9719709,607.3589404461404
9720710,619.5101522976565
9721711,622.2093367199666
9722712,638.1494095965921
9723713,548.0937494828564
9724714,643.813053446384
9725715,629.1487407253885
9726716,642.6473654827788
9727717,617.8399331743755
9728718,643.9747257299891
9729719,636.9847338485307
9730720,639.0347430034966
9731721,627.3698768873869
9732722,611.5750014675377
9733723,612.6678957446471
9734724,643.6663841829392
9735725,612.6777959793097
9736726,637.5302166752032
9737727,653.6469329057536
9738728,279.3198587310864
9739729,646.2316847353371
9740730,643.1990099092003
9741731,508.54835083281216
9742732,619.1921218863471
9743733,648.240435866031
9744734,640.4816711016258
9745735,654.6815255588502
9746736,641.027715194452
9747737,641.607665701826
9748738,643.1367834138805
9749739,641.1343469741265
9750740,628.3848368628157
9751741,621.7894376598016
9752742,646.7039301647452
9753743,643.2349893195986
9754744,634.639328905883
9755745,633.4927688618769
9756746,631.468188589904
9757747,641.9603851579898
9758748,630.4897023820301
9759749,638.2707391763867
9760750,639.0880688961661
9761751,618.085251002465
9762752,553.9631116049271
9763753,624.1041371666545
9764754,648.7329916704749
9765755,650.5040116965798
9766756,637.8277601155891
9767757,613.7653453003335
9768758,642.8952075872529
9769759,637.2398998567616
9770760,632.8939836620208
9771761,649.092720914364
9772762,639.0109662679693
9773763,659.3206519461136
9774764,638.0736931799019
9775765,424.55727824706116
9776766,646.747535122001
9777767,645.257481618133
9778768,646.9188177752604
9779769,539.5420673870987
9780770,644.1802534466788
9781771,616.961131193019
9782772,600.2813211639557
9783773,653.4695109884829
9784774,614.6312867900839
9785775,492.44934800918594
9786776,554.9029920769414
9787777,510.080029214164
9788778,652.6533452793626
9789779,645.4242808577246
9790780,638.2697167282075
9791781,617.8834288813224
9792782,641.762328799171
9793783,635.0637624944927
9794784,639.2436195977282
9795785,629.5002318250041
9796786,647.4976720576296
9797787,633.4562862613253
9798788,645.7424995056839
9799789,630.2410303454323
9800790,611.6383683764263
9801791,651.097561682938
9802792,647.8184819074271
9803793,631.4388189552393
9804794,639.9038048517184
9805795,605.7347003577063
9806796,653.5438807897875
9807797,635.7823350723755
9808798,641.4877321766443
9809799,643.1852391657235
9810800,637.5734983052256
9811801,633.1742236725837
9812802,607.917764688324
9813803,417.880804076966
9814804,633.4688376189225
9815805,641.4958862646372
9816806,628.979089002136
9817807,648.3051459677137
9818808,648.9193359316696
9819809,615.0396431105565
9820810,650.4677136340752
9821811,645.1555412877386
9822812,633.3332518558174
9823813,649.5709178945972
9824814,639.0511151938041
9825815,647.5557085848883
9826816,636.9301829636546
9827817,642.462992049248
9828818,626.8914452684974
9829819,641.8082716141165
9830820,316.18837840415864
9831821,553.2061223923571
9832822,594.1368566840238
9833823,645.9459483193089
9834824,622.6224052378566
9835825,621.911255590516
9836826,640.32086902349
9837827,615.429381727277
9838828,633.1861060237754
9839829,638.4064190358998
9840830,650.8896834883639
9841831,613.1557293889568
9842832,622.2332922353088
9843833,641.8254539032346
9844834,384.4543988112013
9845835,646.815356125248
9846836,625.708850180171
9847837,646.3166212148102
9848838,636.6886694486687
9849839,633.7278127870444
9850840,352.05455192882664
9851841,608.8218090731986
9852842,629.1681013587074
9853843,648.53085579944
9854844,650.2138036350042
9855845,514.0791064967218
9856846,641.7518779040533
9857847,246.1885007810651
9858848,644.9719341003195
9859849,637.416892157616
9860850,646.4949024817214
9861851,654.9602968151041
9862852,643.9273563046382
9863853,643.9346553212699
9864854,622.4691148993852
9865855,650.0589824450924
9866856,649.6930651113139
9867857,644.5859354928493
9868858,645.0921207594365
9869859,631.4601912992148
9870860,643.6554492589967
9871861,641.5029537643645
9872862,649.4672336230267
9873863,650.0303213945905
9874864,628.5400715946308
9875865,617.6574092573729
9876866,635.6514431500091
9877867,628.2884345567245
9878868,646.827728379774
9879869,628.2025223732608
9880870,646.3683941148772
9881871,179.674543399852
9882872,644.0436483132092
9883873,639.0641525492974
9884874,647.4715220602374
9885875,634.1394368544924
9886876,263.5845177294217
9887877,626.8017902861968
9888878,630.6936409820017
9889879,646.500249916224
9890880,260.3514176198377
9891881,629.417132171983
9892882,640.4162504014454
9893883,644.4746825750315
9894884,624.3184886465557
9895885,623.6526616470687
9896886,600.2665224940683
9897887,330.1025726002279
9898888,645.7002143464529
9899889,645.1553124123285
9900890,537.4928729544528
9901891,616.3198380393872
9902892,639.9174956559552
9903893,637.9686882250169
9904894,650.3043372916062
9905895,653.8157834849666
9906896,640.0967225541863
9907897,647.962111047769
9908898,639.4237006631265
9909899,642.3670119523615
9910900,628.1860085950009
9911901,639.1089418641116
9912902,642.5135476487002
9913903,635.123737824639
9914904,635.9042824878567
9915905,647.891626813377
9916906,647.4842597428745
9917907,643.3275902861288
9918908,642.4378032886755
9919909,633.699984351021
9920910,641.6315350143408
9921911,649.4024372780135
9922912,641.9150398467756
9923913,610.6536554803539
9924914,630.1359976930883
9925915,646.6011447220395
9926916,647.747903283278
9927917,647.3223851648568
9928918,625.2397050853986
9929919,653.1257182890308
9930920,649.0640407308593
9931921,638.450621862533
9932922,642.0723682909896
9933923,370.42946314966366
9934924,639.2842342457603
9935925,542.8542266532858
9936926,257.7876958118969
9937927,612.7814062179198
9938928,633.1575628407363
9939929,654.5044987492913
9940930,632.123543694473
9941931,647.0573336238227
9942932,640.8974195807311
9943933,647.9618211184156
9944934,640.6774356453456
9945935,653.4514825567701
9946936,564.6449617595401
9947937,545.8651486283705
9948938,541.9895129410789
9949939,646.8244706530421
9950940,651.3650017179585
9951941,647.1772350570039
9952942,638.8708588342143
9953943,646.598628602797
9954944,634.8947344145175
9955945,640.071784074561
9956946,647.2651655976221
9957947,652.7858959947218
9958948,625.8311931778526
9959949,643.0919418790213
9960950,649.4191967331267
9961951,325.84665849968854
9962952,645.0728669320976
9963953,649.3274464436079
9964954,640.6427607723482
9965955,634.4853754059957
9966956,633.2865440666194
9967957,633.4344096275651
9968958,641.2069732078928
9969959,642.9580865152349
9970960,651.4481539151197
9971961,606.0447199391025
9972962,392.6705251329857
9973963,207.71168466085757
9974964,632.1841950363078
9975965,648.3478665860094
9976966,640.7869976238178
9977967,644.0371120073765
9978968,645.4523787120803
9979969,628.8315843289889
9980970,646.5913574238101
9981971,539.5727391027167
9982972,652.4345183073451
9983973,196.39625253164954
9984974,643.5514085751904
9985975,636.9514349486681
9986976,615.8539843801932
9987977,654.4769304651568
9988978,642.1693738321136
9989979,636.268930510263
9990980,637.5093027123694
9991981,643.7236939517047
9992982,634.5804169043034
9993983,652.0311505498347
