timestep,episodic_return
1000,18.35516779978315
2001,83.75532801053072
3002,51.82696360587646
4003,172.04937628173252
5004,106.56506964877117
6005,27.29752343942535
7006,227.3220862393468
8007,216.84152385628502
9008,170.94630481334931
10009,23.474579560345536
11010,190.23115974482107
12011,15.023784529390976
13012,110.98381052261183
14013,173.1374773401009
15014,120.74899687926043
16015,143.73223763351362
17016,161.47405250115472
18017,62.87574558917349
19018,152.83926202833365
20019,183.86667803918075
21020,222.88031008166072
22021,157.65947417957517
23022,289.03237319295096
24023,200.5173554353909
25024,241.80181902889902
26025,204.2565156581076
27026,171.28985179912124
28027,107.18839609181873
29028,97.57804593508693
30029,215.49572310126695
31030,189.67545004520244
32031,208.99758384697705
33032,145.62219847823425
34033,150.159225925704
35034,187.9858931927015
36035,215.65354265614974
37036,237.49215846669992
38037,158.71458616458906
39038,178.5793725210584
40039,170.29237601007407
41040,166.26175708031323
42041,208.13709316455382
43042,183.86689467891114
44043,163.46045217852762
45044,165.17082327543002
46045,182.71438278020923
47046,219.3297686758318
48047,173.85236052149503
49048,187.707355101705
50049,201.31256895833482
51050,185.66014756984453
52051,175.01523352533445
53052,157.8532552656521
54053,246.5163833502512
55054,240.2693891469197
56055,253.089834268246
57056,267.66642675016664
58057,224.74148478459728
59058,234.9362768116739
60059,240.56935594810483
61060,178.57732865400405
62061,149.49546320530015
63062,272.0522363195587
64063,275.6873892616876
65064,209.64516566177218
66065,204.38616016309845
67066,208.49226309311626
68067,243.1308123448617
69068,199.92637618585425
70069,238.87508077272471
71070,215.77682849841088
72071,213.40542232314317
73072,250.25798788528752
74073,224.55583233335489
75074,253.60067939048096
76075,252.47319561689278
77076,213.68595150829242
78077,212.44987307352216
79078,213.24599665836845
80079,219.09885045406193
81080,259.9585906173087
82081,238.13031312142343
83082,173.79655634942623
84083,195.26787903516575
85084,224.1298004413331
86085,188.6039904169825
87086,211.83767261300628
88087,229.3830935389809
89088,206.44819971720247
90089,209.42922554366498
91090,213.05922433723575
92091,231.149795269298
93092,250.6232101499338
94093,220.37215894413742
95094,237.41176871471754
96095,184.1204308348942
97096,301.79949451037777
98097,228.27223493487836
99098,229.1983749104371
100099,169.43552310025768
101100,237.31150642606892
102101,194.80767629887984
103102,197.53324894299115
104103,170.13044801687917
105104,188.5743122791749
106105,230.44945078401616
107106,230.23616544239331
108107,234.99148070969846
109108,288.84218591507147
110109,203.72864487709745
111110,267.0596591639395
112111,283.9749774252345
113112,238.23054840498202
114113,270.11758761044433
115114,228.60238769517227
116115,293.2028255546642
117116,235.11457627448993
118117,264.5070508298863
119118,212.5377494601835
120119,335.79335702170624
121120,201.33162570326255
122121,201.59978886879924
123122,233.09360960567656
124123,298.2312037932699
125124,238.8101730855859
126125,281.1719035496159
127126,290.6280234134527
128127,260.2063519510869
129128,342.282203359994
130129,206.0314567026661
131130,292.77474499889274
132131,258.18064079443064
133132,299.28816465536806
134133,384.2295944362882
135134,365.40592502123866
136135,301.3882753779357
137136,241.83271907250932
138137,302.8637330380739
139138,308.3016437219061
140139,318.78042366710895
141140,299.36280468548443
142141,317.9708039763307
143142,350.76971790417036
144143,308.67738272772067
145144,301.20790041363324
146145,282.18898747635836
147146,432.69957554942744
148147,303.0092049865923
149148,369.1744439627351
150149,338.11847232804774
151150,365.9758312687357
152151,352.6664408371374
153152,310.0678531545795
154153,346.00572117578537
155154,340.51190813004314
156155,334.57375902748765
157156,381.9674735068365
158157,466.66502309983673
159158,373.4361192961614
160159,320.9420720855664
161160,391.12975063278975
162161,555.454107324638
163162,318.96848076784806
164163,429.7183058858979
165164,504.1385100094183
166165,626.1368052052803
167166,447.65873552505275
168167,625.4715378054757
169168,563.8794788217681
170169,601.2485461661279
171170,601.1055375834732
172171,676.7083178557989
173172,723.5150610267036
174173,540.4283342891523
175174,687.364472455446
176175,422.8356766563094
177176,671.3653348668936
178177,492.63411977650503
179178,365.2206458553005
180179,459.3967003038831
181180,579.5113365152049
182181,510.095577175685
183182,541.504730600787
184183,648.3384622969834
185184,596.0203073962828
186185,652.7039368776097
187186,628.9294259568014
188187,611.4710761103365
189188,633.768706117834
190189,586.5914719107269
191190,659.0659848838787
192191,681.9489220605489
193192,717.3601149333593
194193,440.40286777841015
195194,278.98333540963597
196195,244.22498875336265
197196,539.5571706639882
198197,494.49699762989275
199198,609.2050595274476
200199,709.6627621795135
201200,588.2292149985574
202201,694.3201498884175
203202,530.1371437157833
204203,540.9859480025966
205204,720.3367586795684
206205,716.2833639069783
207206,713.1752276066718
208207,724.9432995968425
209208,708.8769112554035
210209,675.8047666423545
211210,724.9106291091958
212211,690.545368273374
213212,557.6373222457573
214213,710.6084178723713
215214,696.9151319516726
216215,474.42244413721806
217216,695.652831635139
218217,675.0240695562047
219218,665.325067693231
220219,687.033835603681
221220,661.6287014637311
222221,674.003330977474
223222,381.8513247310544
224223,621.6120972045969
225224,680.8440452056923
226225,675.1562310511899
227226,635.5726578427383
228227,636.1394100371692
229228,656.2680773272856
230229,443.54653789745436
231230,478.8498200787366
232231,329.9002333795419
233232,472.9092828202498
234233,606.3548417934464
235234,523.0641899226999
236235,426.6444534598114
237236,433.54629457221915
238237,524.2711643228755
239238,512.8138404953803
240239,469.0357626338691
241240,585.1295807209027
242241,492.7904215412184
243242,632.8770133958101
244243,539.5868954495907
245244,617.1078903479845
246245,564.7542163560237
247246,646.7233776520333
248247,622.2676885812512
249248,602.0345615361134
250249,708.9911201809714
251250,672.7341358596962
252251,688.7427894351155
253252,668.8074153108271
254253,656.3045189996424
255254,616.7381704743318
256255,698.9162835279368
257256,712.8123263570701
258257,622.6690556198457
259258,670.0649037721283
260259,638.9598317225233
261260,659.5104145489314
262261,339.4166063659424
263262,593.8798496653362
264263,243.52583988602336
265264,225.8839055950469
266265,219.77229844474934
267266,234.99496970470938
268267,268.61680671455576
269268,606.7310812081423
270269,599.2791071579516
271270,243.14622111328677
272271,249.25127936167635
273272,251.23355929908507
274273,289.0358120952831
275274,321.6272361485769
276275,324.7528630201754
277276,570.4427678705698
278277,502.7072981386445
279278,399.4490859384928
280279,427.3011938568848
281280,447.5662358087818
282281,414.1465918987942
283282,481.4717746546624
284283,506.5581977609643
285284,207.06610969547762
286285,595.1868877675478
287286,597.7069070661773
288287,564.3439293964027
289288,572.683506543369
290289,661.6378608065075
291290,668.1501888294704
292291,618.6281769564944
293292,278.3340550698126
294293,179.72602534382244
295294,284.09134289068726
296295,165.6847663993172
297296,688.2571413792466
298297,684.099287419716
299298,696.764820443493
300299,345.6200548145342
301300,464.1938902429606
302301,695.0386169536833
303302,645.8285599070215
304303,635.5267366860419
305304,664.8910076048232
306305,577.5697723470817
307306,579.9965062821474
308307,584.2166705765194
309308,549.5864305331261
310309,674.681073947762
311310,706.029549119177
312311,672.6875876505137
313312,691.5536497103818
314313,669.934082031417
315314,676.5907629104969
316315,582.6757034257326
317316,672.9191858402432
318317,685.0450332263171
319318,548.973433258824
320319,494.89882275346287
321320,652.6900634012354
322321,679.5133928402818
323322,482.7955532043323
324323,531.9051873526349
325324,709.4508843354316
326325,679.3481307989181
327326,688.6117987733275
328327,699.8804478717119
329328,666.9266687984699
330329,528.9704677295814
331330,695.5746907439077
332331,678.8558798297622
333332,353.9156870999004
334333,306.0131588610894
335334,636.8695695792029
336335,664.437305022588
337336,690.3372762775193
338337,695.6910290752245
339338,662.091714863952
340339,604.654301301832
341340,616.185280832606
342341,327.3352832652495
343342,573.4293484373461
344343,545.6991089016371
345344,416.96301831708985
346345,615.5373263018489
347346,678.8468718064958
348347,476.5338369521527
349348,686.2468337047982
350349,537.2205451617276
351350,470.69840475395347
352351,556.9886927041714
353352,614.813704927819
354353,207.07228422103276
355354,222.74926518784565
356355,705.5465287720251
357356,292.01212834148714
358357,711.6469336494288
359358,259.8210474074276
360359,251.41984492087192
361360,246.1271453871333
362361,224.43479252592468
363362,214.5933541357463
364363,541.841897835926
365364,204.80935846480682
366365,490.5755571743613
367366,361.90261411955777
368367,467.6897102300443
369368,464.7188965448616
370369,534.0375618397901
371370,501.9298303867879
372371,465.8572920736248
373372,568.9187930595292
374373,701.2979916198849
375374,448.10495173083933
376375,276.8702365024062
377376,215.6564214889655
378377,286.81839780902556
379378,645.2901419797598
380379,594.4171466201742
381380,647.7727265736867
382381,642.4142377114847
383382,471.6258360414831
384383,217.8836571703914
385384,315.3905014696855
386385,229.72330403196355
387386,436.83054849032334
388387,589.4876082125992
389388,581.2730648912815
390389,157.0139475070295
391390,207.07734797351955
392391,636.8269867099781
393392,328.59393840615223
394393,418.0234957645829
395394,224.9304601737274
396395,682.9406632176563
397396,695.2204840030162
398397,686.9317981319426
399398,587.1313066089824
400399,248.7388878287658
401400,667.7496283702668
402401,674.298897969054
403402,336.2894922582182
404403,681.6168441318546
405404,678.5828367980481
406405,329.44439020921345
407406,670.8018116584913
408407,651.7140236394133
409408,197.58791061636862
410409,663.2756804638241
411410,612.835895766523
412411,528.9819301345767
413412,249.8000593413473
414413,355.4635415611747
415414,418.7313373900765
416415,687.3804980767985
417416,194.99089058561998
418417,564.8641967285134
419418,578.3999500133762
420419,661.7391711960959
421420,672.631658766977
422421,537.1430206363588
423422,516.0112154161615
424423,656.4461440275265
425424,642.083443090954
426425,707.1701381721864
427426,643.4881444367826
428427,486.72143462735136
429428,681.6508115871294
430429,647.7543668296541
431430,607.3974112624147
432431,672.6282895703773
433432,569.2580853141586
434433,681.9319905649888
435434,681.1155693616304
436435,643.5946409290284
437436,661.7146460309801
438437,683.8846241006113
439438,674.9586124802652
440439,684.0848980822846
441440,698.428834090854
442441,622.0387988401382
443442,643.6981911354151
444443,674.1172257307952
445444,666.200686809891
446445,690.9123502932938
447446,544.8907494810992
448447,478.87464680781636
449448,457.73913027209375
450449,235.57053865925417
451450,223.09217058327073
452451,246.58531168927308
453452,686.1864544821476
454453,327.0012971747124
455454,376.9233553167492
456455,617.3083177198824
457456,239.23932596497232
458457,655.3748918476388
459458,604.5860775993096
460459,486.7085513378404
461460,685.2912289686544
462461,623.6238062770581
463462,635.9968565874813
464463,393.2109426785131
465464,387.60289134461357
466465,614.2300840933997
467466,229.7023541476483
468467,480.8776192633044
469468,645.3705763856677
470469,587.0579892445081
471470,670.4676997312849
472471,646.3254350148113
473472,637.2753638793276
474473,654.5673468932811
475474,589.1122988360455
476475,652.2323519169172
477476,629.5719133134468
478477,627.2508033266938
479478,614.8157770296666
480479,601.1908351926166
481480,621.2720947596081
482481,616.4578282335269
483482,630.3601460582004
484483,593.1198166888393
485484,621.6004279383362
486485,620.4834014008563
487486,603.7745373776377
488487,600.5901535436482
489488,618.7995835375293
490489,631.1233255519082
491490,612.0747703729761
492491,385.72452904622315
493492,221.70855153020048
494493,546.4603779961283
495494,604.3222029262067
496495,411.83614710616706
497496,608.6162490563546
498497,281.59860810740173
499498,152.63917262628254
500499,421.0622671834824
501500,202.6259263503598
502501,332.61494655770986
503502,614.710924089701
504503,638.9131464014945
505504,638.6863706273775
506505,466.54618406073365
507506,641.716289873153
508507,619.5983478646061
509508,621.9140171993871
510509,578.9571469145094
511510,389.6626392979769
512511,469.87934065477464
513512,247.66708249457557
514513,652.5396128717966
515514,584.4456440439272
516515,600.985374167249
517516,303.4570037025008
518517,638.0691141382645
519518,329.32562305416906
520519,549.3410200495001
521520,587.2331892747504
522521,630.5534151693821
523522,673.1402022241664
524523,630.0709616555698
525524,604.465553409826
526525,667.8727583183938
527526,688.2312304700122
528527,192.63908589670194
529528,635.8501818484357
530529,626.5147357079782
531530,423.49104774015353
532531,465.597866957218
533532,692.0228541745674
534533,189.1471920183571
535534,217.13063845413006
536535,346.6499116326249
537536,186.7283208377715
538537,653.169314084731
539538,433.56376175130106
540539,205.58834310598056
541540,220.59215583323936
542541,541.5451828113715
543542,189.2040842728039
544543,229.5762690738411
545544,483.4935186796793
546545,257.37463299132
547546,704.6043252753768
548547,670.8663537775773
549548,573.5999799900259
550549,529.0633342007611
551550,636.4171818427603
552551,249.83290722007834
553552,686.7603539448595
554553,694.4618682319472
555554,620.0724551838678
556555,312.78665496301767
557556,385.81818419999087
558557,474.09193997816664
559558,419.8070699592847
560559,658.5196883702222
561560,673.1291139454798
562561,228.40630838935854
563562,642.1450920221872
564563,686.3320551615639
565564,704.1194635727095
566565,600.2048072409958
567566,520.0618524230142
568567,533.9518761113919
569568,530.8737254420965
570569,703.4655159172991
571570,434.93345306327217
572571,452.3766873937765
573572,405.63931828111754
574573,692.8621133699846
575574,692.4731257621456
576575,680.223784906292
577576,569.8299033897881
578577,382.11452338047906
579578,635.4673096964746
580579,689.5046440423675
581580,259.4118393771215
582581,465.01756482017254
583582,665.9563251617672
584583,410.19851884414015
585584,319.0770790152266
586585,650.3492379055268
587586,666.0987033786565
588587,651.5324447430883
589588,648.9779113695853
590589,500.61711186655714
591590,665.3520832717755
592591,337.0979647783222
593592,488.93590548950164
594593,348.3671560708733
595594,556.8058075298707
596595,612.5989614702702
597596,543.45677329525
598597,568.3774240667802
599598,673.9567259796786
600599,632.5318233627787
601600,497.2496473293542
602601,590.3289326203858
603602,640.7307322263817
604603,509.4828885065216
605604,699.8290125292328
606605,607.0720043135497
607606,688.3347722750343
608607,226.12128536470243
609608,498.47128320211806
610609,515.8891906418758
611610,688.2400485145065
612611,699.7868883664462
613612,177.03019575034764
614613,643.5537913275165
615614,334.83459682501484
616615,507.825268815147
617616,486.6530285388228
618617,641.9126404694773
619618,225.4324847526843
620619,603.6665746573071
621620,582.0034087250384
622621,575.2789634537362
623622,417.84137708591396
624623,566.2437090373375
625624,584.8566071995272
626625,268.00117288141627
627626,697.3894770147896
628627,405.48151237696254
629628,586.3669006306062
630629,503.978525085254
631630,577.8262058519936
632631,341.8838303294794
633632,592.4455201415768
634633,299.059604012294
635634,539.3749480777158
636635,486.48466008297834
637636,330.09719755044335
638637,397.6935804603768
639638,419.827485943805
640639,681.5498282000219
641640,489.222112006925
642641,525.6572682996391
643642,568.5169695572034
644643,492.1703452438769
645644,683.3638033361342
646645,620.9232869128058
647646,572.7303032111441
648647,641.3075343944569
649648,303.84923526172787
650649,668.0087105554792
651650,436.3508622023637
652651,656.5769583989521
653652,613.2194330500055
654653,619.3610894266192
655654,682.8154805676478
656655,669.0309837713799
657656,675.4038696091098
658657,679.7083755595218
659658,536.9177184620877
660659,681.8483010218313
661660,329.5246708955937
662661,568.402722233551
663662,381.1031886729095
664663,226.40357403700224
665664,642.4575113842218
666665,259.6025830303188
667666,556.0759002439962
668667,631.0823859605429
669668,381.50097978822066
670669,356.0682629909978
671670,430.35607493739604
672671,611.3232914169731
673672,594.2791252040151
674673,619.7496011587199
675674,538.9847748545706
676675,616.7964826101568
677676,335.8536048190311
678677,476.34320220949076
679678,294.4766550176191
680679,573.7292639871677
681680,337.8377419646292
682681,644.2311016572767
683682,338.79313676007115
684683,520.2209072331515
685684,631.9455377869893
686685,607.9079702983397
687686,623.8516020258568
688687,523.2750215949638
689688,261.44579684738596
690689,617.518129805881
691690,326.85888723901905
692691,496.73668905380987
693692,447.3819509083017
694693,425.32569249678187
695694,658.5395367796785
696695,589.2086578210091
697696,531.7444729449173
698697,627.350577197329
699698,631.5349330895673
700699,396.8602954549752
701700,635.0332907025258
702701,532.1298491389969
703702,533.1564565584305
704703,613.106312504023
705704,617.3592350370592
706705,564.1923172425692
707706,622.2162923506487
708707,480.7270050091536
709708,277.2951683292377
710709,616.7572585325395
711710,550.4572210957026
712711,657.4301663625245
713712,577.4232675636971
714713,578.6225124381523
715714,655.9233307803905
716715,646.2623476464271
717716,614.2916626562117
718717,368.58359159650655
719718,200.8564270809604
720719,594.9177680353044
721720,415.63750911825105
722721,385.40920621483707
723722,481.253387565297
724723,526.3674491336498
725724,411.1592563303182
726725,500.58447827979177
727726,345.8738856401656
728727,648.3554297193969
729728,644.4060083300814
730729,623.8829793171842
731730,617.3955319325801
732731,442.6930275646944
733732,577.8651152498314
734733,510.1055228946115
735734,319.32804157009554
736735,558.1599608956097
737736,473.60111201769536
738737,365.02152637879914
739738,449.25404542987735
740739,520.0600523199986
741740,544.5413122003132
742741,577.519681616303
743742,207.35926251748822
744743,595.9607473530175
745744,612.0604645858748
746745,616.2425595716826
747746,627.6915256206591
748747,466.18843605911474
749748,648.9550533241122
750749,645.6466697595118
751750,639.4593988730527
752751,564.2846151155131
753752,567.9579897147491
754753,587.9883325560834
755754,402.595053643459
756755,257.083861543554
757756,249.00009270177932
758757,451.1079710587407
759758,643.100593600472
760759,662.8915206443738
761760,618.9666003434271
762761,195.26426748452536
763762,255.18059801473808
764763,643.8897538452178
765764,647.7733991732024
766765,598.3448614499131
767766,664.8906533611962
768767,646.0077654246539
769768,354.5835333715395
770769,638.4861513408666
771770,619.4180346482831
772771,648.5258289105974
773772,665.1602332857631
774773,661.2630618424934
775774,186.00379405084735
776775,557.1415878988647
777776,673.1261725044214
778777,409.78187977909636
779778,673.4711275898279
780779,682.6943396367443
781780,533.7586253496175
782781,677.9477219520693
783782,546.879799783951
784783,222.90228326397872
785784,639.6509227704071
786785,646.5620127661655
787786,619.2859709338519
788787,676.3530790458458
789788,537.6000524921864
790789,222.91693294809699
791790,634.5528319140349
792791,690.7129981983626
793792,652.9784365474619
794793,671.4837019534986
795794,225.21095773150375
796795,636.569836202978
797796,655.0522020261017
798797,697.8902331437106
799798,230.39225363439104
800799,649.1570756889869
801800,281.821276087608
802801,248.4023639083804
803802,292.76855408863565
804803,248.02854275217905
805804,564.9939199537673
806805,241.51597597533896
807806,330.25187443972845
808807,577.2248463134614
809808,272.2239722407399
810809,688.9846809971078
811810,615.1952434307987
812811,194.4684410651731
813812,303.7521823952425
814813,360.24568280851514
815814,577.194493332677
816815,678.05292070946
817816,506.3676719932864
818817,257.4896558758494
819818,377.0778490611197
820819,180.3747695814554
821820,642.2365636556785
822821,612.7111821994235
823822,573.513962438012
824823,270.30529899183716
825824,291.1551660742363
826825,561.585701703154
827826,374.99007775762044
828827,621.83317930495
829828,570.5041516704052
830829,544.0467206799498
831830,517.1836750818059
832831,432.8899494820333
833832,581.3260492327257
834833,482.7481006007388
835834,348.82320656837305
836835,585.7007611929234
837836,540.4088305439784
838837,571.5112206379847
839838,621.3500064571754
840839,583.1661483003826
841840,655.3896118397212
842841,526.6685612344784
843842,552.8046621733098
844843,599.2998181955405
845844,251.7143363360411
846845,644.1299295172823
847846,371.89020242674894
848847,549.6201689283129
849848,680.1366177546662
850849,498.03042899572233
851850,607.9696087897598
852851,599.7273679612384
853852,695.9384408607955
854853,625.4684008152033
855854,585.7148120840661
856855,228.15717188598387
857856,619.9370362805121
858857,637.5875362174475
859858,551.950856540954
860859,695.1213256039249
861860,649.0259743070818
862861,581.9433930398188
863862,599.880804572872
864863,520.8936466886269
865864,221.82940525649042
866865,356.60755809513864
867866,255.32684183790448
868867,679.4910856648316
869868,198.83555522130763
870869,663.0859571940584
871870,257.41532456893344
872871,668.1581072976575
873872,451.076527444481
874873,575.9106830290375
875874,515.9753132058074
876875,651.138946599451
877876,691.0335152127343
878877,678.4762271180225
879878,237.83609256939076
880879,234.80261268601342
881880,672.4182751328209
882881,687.1378935222508
883882,362.12691371674464
884883,680.635452805411
885884,574.6454433210984
886885,680.4683970565991
887886,217.70161845826854
888887,659.5232426785394
889888,234.35782306705863
890889,695.4016374168355
891890,272.36638965179804
892891,629.3772416035044
893892,685.2164753302058
894893,235.03469141382385
895894,330.05738579923644
896895,573.4705252240137
897896,569.9984260194155
898897,671.7568237813292
899898,240.67690879719657
900899,564.0194186532747
901900,669.6390750607086
902901,702.7715534008232
903902,516.4852045298836
904903,673.6038199509368
905904,664.0544958376252
906905,673.9754308556027
907906,428.67877294956736
908907,539.9457117684041
909908,238.278562112157
910909,311.76677013631706
911910,677.4715048220203
912911,513.5970462639805
913912,295.97364659164475
914913,558.0979189516707
915914,241.38547837148
916915,630.9718512592934
917916,614.5878144307311
918917,271.6818825091549
919918,672.5986157326466
920919,686.6106108056499
921920,651.1862995966385
922921,631.0708766600651
923922,655.2483310859747
924923,681.0940709603715
925924,221.5814596183937
926925,542.4934466340266
927926,680.9142254776398
928927,232.2917094481173
929928,216.3689661847052
930929,693.4097283765753
931930,674.852254507777
932931,688.7367806399998
933932,679.3051419646257
934933,263.83329548178904
935934,204.785193158115
936935,259.4563173336443
937936,667.8086109973806
938937,670.1427585282192
939938,665.0429036795518
940939,670.4400327388292
941940,670.7583051162569
942941,613.5999560814388
943942,660.5687749788905
944943,208.11184630681979
945944,697.4532523611288
946945,604.4596461804515
947946,647.0342832929776
948947,669.354824642121
949948,633.9076033732701
950949,641.6873181132462
951950,659.6905848225533
952951,313.4878914005894
953952,654.2034542293352
954953,672.6271747632003
955954,685.6639802275507
956955,657.0121384452968
957956,693.5745741183338
958957,680.2785338521388
959958,373.18748497825834
960959,612.6456824542572
961960,510.63407136314527
962961,662.9515237241163
963962,506.1522677467176
964963,532.7133401132813
965964,598.1039114472035
966965,588.7111676260806
967966,594.077597599422
968967,222.4446199980162
969968,226.78913536250852
970969,672.5239019963989
971970,602.7943956669818
972971,666.7107637794932
973972,232.38598312681978
974973,683.32002578367
975974,632.4455695066432
976975,589.2978721906424
977976,657.2598520344718
978977,216.18475562194305
979978,577.0903469295727
980979,659.947818091615
981980,651.6777455249211
982981,635.4943290551042
983982,642.8298631279766
984983,625.9871484314002
985984,657.6207610777143
986985,237.42527233472433
987986,551.5595276178467
988987,608.7183356480884
989988,214.82653663946883
990989,640.4917785777053
991990,638.2516210099957
992991,636.3809874414558
993992,604.0718892242865
994993,222.0317379295387
995994,608.5578695817323
996995,665.1727380678675
997996,605.5229916172376
998997,330.72096083065895
999998,299.67531266909356
1000999,634.3562744953873
1002000,602.2825646752352
1003001,238.25796568812117
1004002,203.27862638781386
1005003,623.3891322816515
1006004,671.4725739771453
1007005,601.957911387877
1008006,610.1688201875228
1009007,614.8008988113434
1010008,236.34791963717583
1011009,495.2100970713429
1012010,604.6380716093373
1013011,296.7577894206364
1014012,637.3468354611297
1015013,627.501003051746
1016014,222.69542843469708
1017015,490.33603128344873
1018016,498.5953254238817
1019017,628.5080239166681
1020018,618.4879801144809
1021019,221.0298069393387
1022020,622.3178171435195
1023021,584.8349576297364
1024022,558.4983699309779
1025023,637.7158137395678
1026024,527.214764543108
1027025,571.5020570248128
1028026,635.0543208851996
1029027,285.0743634683882
1030028,492.5741541056715
1031029,630.6033329283158
1032030,638.5363158362543
1033031,513.5096574706683
1034032,427.9271870522063
1035033,365.4462040345378
1036034,523.7768005694498
1037035,690.3336167485097
1038036,648.2984932442153
1039037,636.6880348089372
1040038,520.7835370864198
1041039,464.7824812570773
1042040,413.3358097193553
1043041,302.88843843389594
1044042,435.49148585605593
1045043,329.1940142317948
1046044,575.6542329866962
1047045,261.8152223447654
1048046,524.2408640709112
1049047,517.1318157416039
1050048,587.9171405300021
1051049,405.0608239255337
1052050,437.7256322631063
1053051,491.84267247638587
1054052,203.81092713968656
1055053,499.82316921846825
1056054,386.0850291382085
1057055,588.9015541808812
1058056,459.9435886368575
1059057,411.7658461561764
1060058,608.4916519325159
1061059,578.387279445515
1062060,594.0896712417231
1063061,606.0778387776712
1064062,620.9781549299402
1065063,644.9152262382298
1066064,448.1293199798258
1067065,341.684991046349
1068066,577.3820362319059
1069067,592.7534443998474
1070068,615.5710431377823
1071069,551.5619116024627
1072070,462.9549405079472
1073071,628.6020949216862
1074072,564.3237824746343
1075073,602.9126315757693
1076074,635.7587854050353
1077075,506.1648164959531
1078076,390.19209055481264
1079077,608.4678311097081
1080078,639.0808385069433
1081079,621.0045411567069
1082080,488.61661426542486
1083081,547.0802341198493
1084082,621.9926163691551
1085083,522.5472597997815
1086084,674.3914283749407
1087085,630.4219710843549
1088086,618.1531832580697
1089087,666.8932673294372
1090088,685.5495542040367
1091089,682.1975568334166
1092090,597.0774954050054
1093091,624.4438705677331
1094092,693.1610848926636
1095093,206.56013809766313
1096094,623.7631557904671
1097095,678.5662398049219
1098096,608.4237347625751
1099097,567.9122774627656
1100098,392.4606980360569
1101099,608.5360933498375
1102100,611.667581084552
1103101,585.6828344461422
1104102,293.5354367050538
1105103,583.7916885898685
1106104,425.28749969164636
1107105,643.5945603544883
1108106,415.98984778153255
1109107,653.7028829018317
1110108,173.4272487602333
1111109,521.9952730373311
1112110,663.6107119988212
1113111,458.9359077915706
1114112,439.2984571840549
1115113,459.74015270421927
1116114,512.5299880973099
1117115,590.6744966062332
1118116,446.74555730418217
1119117,265.8834963877711
1120118,454.220880159686
1121119,668.84045588271
1122120,605.0929345535894
1123121,405.90023218146644
1124122,449.616641163833
1125123,569.3548231138628
1126124,637.4458624382844
1127125,660.4555034495262
1128126,560.5316655821176
1129127,280.2934048534206
1130128,550.5830045712744
1131129,561.4010444618807
1132130,373.0523283615504
1133131,317.96877869622404
1134132,600.8288966645233
1135133,304.48207135305296
1136134,415.8010327323985
1137135,525.5241198183132
1138136,599.6926914378969
1139137,498.81892557037554
1140138,409.4505797109933
1141139,503.71060800872544
1142140,607.4391747567113
1143141,604.3894201458895
1144142,580.1969773211704
1145143,300.06077345935415
1146144,628.6731296488306
1147145,262.3416978212208
1148146,664.3349267695885
1149147,603.9017189609951
1150148,638.7899568452254
1151149,692.5810649758375
1152150,669.7120485793255
1153151,472.83267929043467
1154152,543.4508982470363
1155153,604.8939399561302
1156154,220.5160444825161
1157155,240.73512438012892
1158156,311.0882883514029
1159157,204.13087696905342
1160158,579.4693294806802
1161159,625.8578198911963
1162160,657.417316318867
1163161,610.6067485679048
1164162,376.08545564910406
1165163,443.1848709330986
1166164,597.3082975666882
1167165,647.248768053307
1168166,634.8583718419085
1169167,603.2927058708005
1170168,410.1638350768732
1171169,351.6686971854233
1172170,493.73893326409853
1173171,234.9783052189466
1174172,341.32557499943454
1175173,403.06181511837525
1176174,563.3951269664673
1177175,601.613319677507
1178176,644.9164078515698
1179177,690.0786779853283
1180178,537.1917244424
1181179,201.85159761221135
1182180,661.8539738883983
1183181,630.0190019704198
1184182,674.9216066390783
1185183,648.7116873987857
1186184,691.2642740815623
1187185,505.2504134210134
1188186,310.6723219392241
1189187,599.5680015059984
1190188,579.1212243787037
1191189,681.9301345801241
1192190,621.7528136589079
1193191,416.3331279280911
1194192,479.8226484224503
1195193,362.28091119066687
1196194,212.4571140943782
1197195,670.4600615415393
1198196,354.82476795994023
1199197,292.8022109271241
1200198,506.65419871943385
1201199,649.7822090973392
1202200,696.4136900658506
1203201,601.6704659467241
1204202,386.04436293611883
1205203,657.0419544061332
1206204,368.27566484484
1207205,293.0785499104215
1208206,365.744676338152
1209207,240.50832657018958
1210208,612.8850717047261
1211209,658.4513845391068
1212210,579.0308174197722
1213211,218.93164394651302
1214212,470.90177928243986
1215213,283.8069145556686
1216214,600.0785861687366
1217215,479.6537456187059
1218216,318.90423519918056
1219217,605.7814172900574
1220218,491.4223644409111
1221219,521.6708576840113
1222220,658.7388730201457
1223221,638.3906186687921
1224222,564.8937438453327
1225223,523.6154599132052
1226224,683.970409487719
1227225,574.0991915492381
1228226,639.7859889778139
1229227,695.9602995713207
1230228,504.31312370218495
1231229,629.514178050692
1232230,638.9665257558942
1233231,259.9750348141649
1234232,620.6793907056812
1235233,531.0600936735971
1236234,253.23836210039073
1237235,619.3082287338866
1238236,318.6030056723299
1239237,366.14535516885934
1240238,665.8954341290057
1241239,541.7121321645251
1242240,645.7671705440957
1243241,509.6453660713002
1244242,643.0240594634058
1245243,691.4932336298906
1246244,621.2324175346454
1247245,687.3445217381934
1248246,263.18165845263286
1249247,642.1152492487574
1250248,557.0350683088095
1251249,366.03955939680094
1252250,191.5309788318113
1253251,638.7578683327096
1254252,686.7324671581952
1255253,318.932493333103
1256254,428.4477377966135
1257255,666.8992780777701
1258256,677.947411064449
1259257,639.4956041453551
1260258,613.5532873044796
1261259,605.7740380077923
1262260,483.4556139290122
1263261,475.1740047545347
1264262,601.4459331853244
1265263,327.14153540039604
1266264,529.5040393696588
1267265,637.1475079437942
1268266,574.1520090073498
1269267,412.00470111064215
1270268,607.5261797819668
1271269,393.0579413533565
1272270,473.58379041682474
1273271,225.71984733918742
1274272,578.4196089510549
1275273,310.1270799829675
1276274,604.7699219113297
1277275,247.50511779191373
1278276,549.2626286872209
1279277,388.09096752452575
1280278,580.7886785812972
1281279,611.2754926551358
1282280,552.8912013696566
1283281,399.23842424316894
1284282,469.2234449915439
1285283,562.8655832673998
1286284,548.3145276070702
1287285,489.6477749780863
1288286,611.8038589116084
1289287,558.3615948325761
1290288,637.5749285226368
1291289,240.08256252935666
1292290,575.6904699440965
1293291,335.2415116529311
1294292,264.54900033199107
1295293,446.98590831196884
1296294,439.40132458680176
1297295,388.5005983641367
1298296,517.9708316698503
1299297,524.816400034918
1300298,234.37996805976996
1301299,595.6433306535125
1302300,368.33760558781773
1303301,366.04499046408495
1304302,584.6618280633279
1305303,590.2278024997169
1306304,437.80817593385683
1307305,249.35847538736834
1308306,545.0768869461206
1309307,575.4189301127271
1310308,468.0653371830479
1311309,640.4844944689286
1312310,474.92642611787005
1313311,575.5192749213832
1314312,528.9634978206618
1315313,482.64870236558914
1316314,657.4971134287761
1317315,465.70147554202345
1318316,559.5024708278506
1319317,485.24076317263047
1320318,638.2805416916408
1321319,619.1330863731498
1322320,627.8626624703594
1323321,574.2918846440481
1324322,624.8473601795849
1325323,596.2878378623255
1326324,618.0143952683546
1327325,494.99095315520776
1328326,566.3326016102196
1329327,555.700271311875
1330328,619.3749060255766
1331329,551.5749160626227
1332330,525.4288610153085
1333331,520.7409463821596
1334332,232.84992656842886
1335333,658.6634594206222
1336334,659.0736797942338
1337335,233.31087538581778
1338336,540.9869832177619
1339337,452.91110254964667
1340338,516.7237445788534
1341339,600.7198484048334
1342340,637.650553823167
1343341,558.8560443146913
1344342,645.3483171869972
1345343,461.36935985870514
1346344,541.1162911303809
1347345,624.3464119547116
1348346,674.3624234997899
1349347,612.2189920024698
1350348,684.0468459945628
1351349,639.444581487985
1352350,670.268414124327
1353351,557.1471479513284
1354352,658.3360275733069
1355353,668.9330467226451
1356354,301.41840826035286
1357355,577.768144246086
1358356,606.2476389096935
1359357,507.60239698471213
1360358,624.8226787629932
1361359,545.5489272037001
1362360,629.4735370336921
1363361,644.1751432277467
1364362,544.7783342776562
1365363,575.8698430397485
1366364,605.2558390890763
1367365,643.7140606892289
1368366,636.0928791212569
1369367,571.6169544120745
1370368,574.0907101585464
1371369,500.78726802539836
1372370,676.3240623709797
1373371,531.7685490386647
1374372,657.771580646243
1375373,683.5063615176384
1376374,553.5484091002828
1377375,633.7877861735691
1378376,512.533606408204
1379377,532.4371885268761
1380378,610.881534367937
1381379,658.1523298301621
1382380,516.4435446619332
1383381,614.6385733435823
1384382,343.86558547348585
1385383,584.4074734971978
1386384,510.36753362356336
1387385,557.3685032232837
1388386,443.1694662908221
1389387,620.5022990317386
1390388,697.5144902566826
1391389,628.4352307328812
1392390,531.637524959056
1393391,619.450740147795
1394392,611.2030990922361
1395393,662.2732371652232
1396394,551.2368656384709
1397395,627.5107187616682
1398396,575.719840785914
1399397,569.7531289271269
1400398,547.8960768440901
1401399,597.6336992511119
1402400,655.826565573619
1403401,638.907135748932
1404402,646.5807732371579
1405403,280.18825331554405
1406404,601.2856072483406
1407405,588.9214385284714
1408406,645.2605181209541
1409407,535.6542219160831
1410408,598.0555079408406
1411409,421.9088660742946
1412410,544.8460135764251
1413411,248.41976973416453
1414412,273.06247607117996
1415413,562.7035396050636
1416414,651.5224665174746
1417415,641.5233017579735
1418416,651.5306345444585
1419417,631.195414532683
1420418,587.0598907263794
1421419,581.123188437561
1422420,528.5895913867789
1423421,507.0110344413819
1424422,209.8223026494178
1425423,558.6141893111276
1426424,674.6495356567324
1427425,191.71971249085212
1428426,614.5919812398129
1429427,570.8323059020414
1430428,665.062539211639
1431429,574.5729677826116
1432430,546.2881375394254
1433431,229.81005862417084
1434432,594.6207143184034
1435433,285.29077412260983
1436434,627.7104680486764
1437435,598.8521078993472
1438436,541.6308422563542
1439437,399.79840607671093
1440438,500.4590237143849
1441439,527.7405503827948
1442440,351.6579434096633
1443441,359.5282292561066
1444442,610.722679737863
1445443,339.0174406217861
1446444,653.920478088908
1447445,265.51149306999025
1448446,505.13148329123135
1449447,614.4848897566654
1450448,481.85788547026334
1451449,625.347261321122
1452450,640.440237970304
1453451,572.5208385203722
1454452,207.02447658528595
1455453,565.2254928331905
1456454,527.9000495659311
1457455,563.5006643163988
1458456,260.99743427481934
1459457,651.5091910624695
1460458,460.6885313032737
1461459,511.06526609705287
1462460,481.68553378564627
1463461,605.8608934118048
1464462,537.6053269507524
1465463,402.37395740421755
1466464,676.4875900356616
1467465,601.6799650621442
1468466,596.2029809065041
1469467,651.5328118035827
1470468,678.46393450528
1471469,438.45887115741243
1472470,504.9681682455552
1473471,611.7918060973177
1474472,580.7875078192898
1475473,494.85137923692884
1476474,336.0062567741755
1477475,580.7384864632065
1478476,502.0038465977946
1479477,609.3515698694995
1480478,660.3125422444192
1481479,575.0935423583031
1482480,380.34473876703487
1483481,476.46216310815225
1484482,588.6739549661527
1485483,290.30318805046625
1486484,604.9823377770326
1487485,688.1007183854935
1488486,362.9114051473713
1489487,568.7942720122206
1490488,658.2829662361806
1491489,614.5770962990047
1492490,593.5958325295544
1493491,552.5956983974821
1494492,580.6122254376455
1495493,358.0703029142509
1496494,490.0676603564804
1497495,547.504874082093
1498496,512.9261569906522
1499497,417.0903421451293
1500498,473.85039022972273
1501499,534.3021957146401
1502500,494.1672967399758
1503501,417.6893785218772
1504502,511.9885873026418
1505503,525.1224563595288
1506504,480.72291831023983
1507505,210.82348903829137
1508506,648.5842543894481
1509507,675.4155347575872
1510508,621.4620365734256
1511509,597.0741596298968
1512510,618.499249164119
1513511,289.98028339150494
1514512,639.3546508323732
1515513,403.67002204630995
1516514,364.81108833096596
1517515,672.528099392251
1518516,384.5563165924329
1519517,647.8675337206255
1520518,666.8898110978154
1521519,252.66299688701773
1522520,656.193230442435
1523521,511.7562632937716
1524522,629.2710113254628
1525523,620.8520507846947
1526524,603.7849172338974
1527525,543.1104820619486
1528526,589.6586736756077
1529527,596.932396615261
1530528,615.3944253773294
1531529,580.6394242300727
1532530,536.8702637381563
1533531,579.5039634529394
1534532,600.9066930790626
1535533,573.985511266136
1536534,560.354091494931
1537535,276.15824553369316
1538536,538.6654454575533
1539537,543.7719762928506
1540538,558.111663600553
1541539,527.650969070081
1542540,442.48031775669557
1543541,540.7184106766847
1544542,511.80928447785556
1545543,347.80620715701053
1546544,487.80413373489284
1547545,493.6101575142336
1548546,506.52378763326374
1549547,456.5406248985321
1550548,453.42192337782706
1551549,503.20520297410707
1552550,561.9292147587374
1553551,499.59343690334646
1554552,457.4920393528374
1555553,510.99571977619536
1556554,384.65815693412895
1557555,417.3189607720586
1558556,217.0842356787495
1559557,205.193478240915
1560558,487.06336720159226
1561559,190.08925718671227
1562560,536.358432849523
1563561,435.17038804873704
1564562,158.66305146620044
1565563,465.2602873942055
1566564,218.2327888144747
1567565,369.6433624728614
1568566,531.6726862097535
1569567,414.4704992092291
1570568,545.8205394044105
1571569,495.2187695762682
1572570,194.7993033646138
1573571,537.0192858416582
1574572,487.7727881420677
1575573,444.8448071284464
1576574,199.50573206914933
1577575,197.16514593643015
1578576,192.63935758343152
1579577,224.49411165892798
1580578,264.7842105391678
1581579,469.51282314245935
1582580,496.1595538094138
1583581,466.31136140294626
1584582,509.96081229136007
1585583,508.41538294773966
1586584,502.32654351636444
1587585,424.056964253701
1588586,537.2861382074135
1589587,434.044491341999
1590588,533.2903633091913
1591589,535.0558062803863
1592590,555.7084407408843
1593591,227.90761008996716
1594592,555.8733227070021
1595593,551.2367788371297
1596594,543.6980771930306
1597595,547.7637162407763
1598596,467.8985085521939
1599597,350.56247858244245
1600598,479.73426086143354
1601599,550.4588871367821
1602600,357.8986757180698
1603601,568.4594514827382
1604602,573.2469280385016
1605603,243.52162510759803
1606604,565.5671475779424
1607605,566.4772752518854
1608606,199.61821877206646
1609607,564.4078329979561
1610608,229.74859961249882
1611609,537.5261262937319
1612610,380.83879131694135
1613611,211.13548073270638
1614612,513.4084696849109
1615613,511.8129447154509
1616614,270.8367951192303
1617615,584.2701110712894
1618616,587.2044091529879
1619617,572.7360066853514
1620618,264.8020298743625
1621619,528.4318543379018
1622620,548.4585468354518
1623621,375.2984281723973
1624622,522.4193609946906
1625623,374.3925757810389
1626624,571.8611953001705
1627625,263.063260515127
1628626,326.31906212822855
1629627,351.4419360591707
1630628,278.3651513458987
1631629,572.6509501284081
1632630,594.1890401043717
1633631,556.0106132706871
1634632,358.9472589742809
1635633,594.8263830409777
1636634,596.1292522197043
1637635,606.5714139830218
1638636,615.516392620158
1639637,208.66376285419202
1640638,554.7756511684269
1641639,632.5690164612322
1642640,613.0689010315007
1643641,575.5871745246965
1644642,203.87037429280588
1645643,636.0209803454576
1646644,266.7193697373981
1647645,614.9922537268629
1648646,595.9602674662692
1649647,611.5016443854546
1650648,615.0152337082596
1651649,626.9256133712703
1652650,601.2489099838347
1653651,634.7075650799849
1654652,594.3709674990196
1655653,605.988095026033
1656654,626.125978235506
1657655,595.1600700452002
1658656,593.3600238636667
1659657,586.3728499912711
1660658,572.9533109184962
1661659,637.9848538113358
1662660,607.74286677957
1663661,597.703757867762
1664662,646.8366671467063
1665663,563.4119596822426
1666664,645.9498115155762
1667665,643.2576513451232
1668666,622.0029066641995
1669667,627.4182644984575
1670668,603.8860781962395
1671669,646.0728068294369
1672670,629.6298969904964
1673671,657.7511402785976
1674672,579.3724243382756
1675673,642.6300900153934
1676674,652.682832224527
1677675,653.233578628817
1678676,658.9214477260639
1679677,643.3110782125857
1680678,658.4029752901282
1681679,623.4107536139625
1682680,643.6853479747208
1683681,627.4802187759943
1684682,619.5316366267805
1685683,612.7330459930237
1686684,647.4280079734282
1687685,627.8250342211388
1688686,629.734932439975
1689687,630.9318414507351
1690688,614.1599594388274
1691689,591.909652510041
1692690,657.2379125833817
1693691,641.1494931733964
1694692,657.3292821482933
1695693,652.1192304704454
1696694,565.3952288865358
1697695,656.4067789350536
1698696,256.0491453912531
1699697,631.2331560606574
1700698,520.6939554857271
1701699,241.17842735020207
1702700,664.0164978481031
1703701,651.8108535457632
1704702,584.4548335745076
1705703,650.2081772637351
1706704,630.0795145821759
1707705,654.0260445256908
1708706,604.4171032187313
1709707,649.1871337777135
1710708,552.7905585624679
1711709,653.1911314082475
1712710,602.3845982023381
1713711,665.6572393373765
1714712,662.2215139384738
1715713,480.7323887481779
1716714,657.5818618888442
1717715,571.2986737545713
1718716,664.064285863676
1719717,631.0726848721686
1720718,477.7262609310478
1721719,564.9876610094326
1722720,670.9724784095378
1723721,374.383652469047
1724722,275.79153674647034
1725723,421.99442926355664
1726724,572.6187432047296
1727725,647.7660264504506
1728726,621.7380952760651
1729727,564.6435792154431
1730728,277.12946165200884
1731729,441.0488710472157
1732730,622.2157628339423
1733731,567.698592683703
1734732,547.1914194946526
1735733,272.75401961664426
1736734,644.4772424863091
1737735,652.0686517963611
1738736,557.2998989226014
1739737,554.8075103279002
1740738,581.8510181838441
1741739,625.7510820769113
1742740,592.9783118165931
1743741,589.5217813871126
1744742,662.0467098458075
1745743,585.7896836839544
1746744,621.0079377916043
1747745,574.4205333803496
1748746,653.958640959542
1749747,658.1263072967636
1750748,363.04739799139844
1751749,658.4421927557888
1752750,331.06477244243564
1753751,670.4187674459082
1754752,448.37128455947004
1755753,334.8903983060255
1756754,629.8842943259822
1757755,616.395248076197
1758756,411.1610684615603
1759757,639.2022701428004
1760758,522.8933363774537
1761759,593.4490756463501
1762760,568.54762602002
1763761,624.7384877573004
1764762,602.0921342221782
1765763,449.13871917150186
1766764,579.4707774626191
1767765,660.1141002095313
1768766,648.8602257825215
1769767,581.3531016323408
1770768,198.81000405703224
1771769,671.1195591291151
1772770,632.8197356772876
1773771,302.26575655208137
1774772,653.2498941258526
1775773,539.7681172930729
1776774,636.803978633489
1777775,377.46798991233373
1778776,642.2841818082113
1779777,163.84363035688474
1780778,671.9041015054539
1781779,328.9104235734829
1782780,684.1435484924907
1783781,635.4232057265378
1784782,611.1062405612021
1785783,641.2890294837645
1786784,211.6090094561144
1787785,536.9960306781514
1788786,672.212105244029
1789787,358.5961829482576
1790788,152.16037331517308
1791789,661.3254969124417
1792790,670.7838165487501
1793791,654.707075415238
1794792,653.379776158606
1795793,658.2296098064005
1796794,520.3167562381528
1797795,653.2845872323409
1798796,505.03342004860633
1799797,672.8101898454684
1800798,476.5429228042436
1801799,668.5672893722076
1802800,551.6764007571259
1803801,669.7638611963947
1804802,474.38530814564587
1805803,155.67108604837767
1806804,675.115152427613
1807805,676.569934554726
1808806,674.0922068033881
1809807,672.4349473194414
1810808,654.141509872753
1811809,657.6198868514541
1812810,662.801092922314
1813811,669.9336926706546
1814812,678.52304603061
1815813,674.4728286898124
1816814,646.5828875929659
1817815,155.04593925347058
1818816,645.5925818121277
1819817,678.0228411809825
1820818,138.56023342059456
1821819,620.2202537323979
1822820,621.3824885940963
1823821,629.3750165149572
1824822,538.175739270732
1825823,501.97693738903047
1826824,651.7264186405077
1827825,664.5374621546124
1828826,187.72878103260174
1829827,239.42684739029906
1830828,354.64720684311095
1831829,224.9857571281099
1832830,478.17681691522887
1833831,662.323093692661
1834832,410.6942408821831
1835833,655.760494831334
1836834,673.4756473121938
1837835,590.4909447941171
1838836,631.7972717278639
1839837,401.22523899623064
1840838,644.9525941255221
1841839,675.8490717910219
1842840,228.85165508474108
1843841,629.3946163733568
1844842,183.91819659427884
1845843,671.5873433413079
1846844,665.6703530733213
1847845,644.1790061257462
1848846,628.5434614856528
1849847,636.2827033653243
1850848,653.5104803979339
1851849,402.6389213024044
1852850,668.416300825739
1853851,620.7914252435367
1854852,619.9124271238938
1855853,555.3834632008568
1856854,678.444547382965
1857855,647.6659939068418
1858856,300.0312638817922
1859857,541.832064556502
1860858,381.9548788415201
1861859,669.2001312473166
1862860,652.2845848924449
1863861,394.7283938907
1864862,455.4153407995719
1865863,448.61162808779875
1866864,553.8720889249607
1867865,620.5492103487275
1868866,643.8380857358173
1869867,378.8498405093742
1870868,629.7311579342232
1871869,668.8376492795645
1872870,674.8742174767655
1873871,310.70320493755344
1874872,654.3325427718148
1875873,629.0719162608967
1876874,605.3564805435174
1877875,636.8261515788515
1878876,665.4467929563335
1879877,588.0294408922713
1880878,629.1818006569603
1881879,405.8047523948808
1882880,524.5849172486102
1883881,512.979697566176
1884882,607.5252346217834
1885883,412.5145517336477
1886884,595.753574984478
1887885,613.6490785827019
1888886,603.4580924777397
1889887,619.1813910404402
1890888,643.2887320566422
1891889,610.6033297889429
1892890,653.1195901600014
1893891,654.2500673292684
1894892,660.5211557231129
1895893,664.0558656742693
1896894,585.9164801441856
1897895,665.9508154053259
1898896,535.3798935759327
1899897,599.5815322833773
1900898,207.3110763316836
1901899,226.5043889225365
1902900,339.01395844206553
1903901,201.81731547647664
1904902,645.7537654339926
1905903,633.734100988379
1906904,641.6236150719924
1907905,677.3166800920595
1908906,665.0311934906936
1909907,238.90387484609226
1910908,643.5341096913569
1911909,651.8410768667653
1912910,649.8756574273972
1913911,639.1659108337144
1914912,571.6862886291204
1915913,619.2048966882031
1916914,597.5722725494533
1917915,641.8148696466585
1918916,632.8269345355244
1919917,596.4893853996783
1920918,559.2370511463588
1921919,600.5542124080245
1922920,279.65043470734673
1923921,561.4317297165583
1924922,608.6709121690349
1925923,595.5842925922371
1926924,583.253775268138
1927925,615.1071094006113
1928926,242.91668744241755
1929927,644.5417751210678
1930928,637.7807803450095
1931929,606.4058267476094
1932930,636.8842002196259
1933931,575.4256591928588
1934932,281.59100114468487
1935933,485.4449529535862
1936934,509.7230156063735
1937935,414.94165554707536
1938936,346.3703667740326
1939937,570.3714405386859
1940938,602.9236193416808
1941939,572.2207336377082
1942940,599.4128601092433
1943941,379.34358625339434
1944942,535.7293614833483
1945943,416.0563757373061
1946944,178.83094801938748
1947945,348.67114253638607
1948946,620.7646323398916
1949947,582.6857961465491
1950948,504.6930150524709
1951949,506.8994067426868
1952950,619.0987810013531
1953951,316.2918620590229
1954952,447.6397763203497
1955953,645.2450725033698
1956954,375.8427997201236
1957955,498.5592250348837
1958956,623.6668743630519
1959957,624.4148219502736
1960958,654.7052954549006
1961959,627.9187658689995
1962960,204.4248939919276
1963961,660.5294626749877
1964962,564.2863450903518
1965963,652.7203412311746
1966964,205.01764364735956
1967965,341.4060593607278
1968966,390.9405849620893
1969967,642.872661989021
1970968,634.0907695620622
1971969,655.7149302833756
1972970,216.82954838647436
1973971,521.5431740566095
1974972,661.5791296182998
1975973,658.6210333973348
1976974,359.9688810404682
1977975,546.598664226973
1978976,650.0137312219798
1979977,653.2998465293311
1980978,472.73852652396107
1981979,649.6778798194588
1982980,632.5393564513037
1983981,423.27584472174266
1984982,315.1965193315111
1985983,669.1671278132983
1986984,669.686621777602
1987985,662.5449118067688
1988986,657.1686160899945
1989987,578.715985196267
1990988,648.7891189408746
1991989,680.2159865052253
1992990,676.3955341604362
1993991,516.7279467337104
1994992,246.36634888791022
1995993,636.5537260807964
1996994,152.17154614619415
1997995,465.8807174973025
1998996,465.5436703573724
1999997,677.74674053444
2000998,590.5210595154053
2001999,636.0716245172797
2003000,362.37185015401184
2004001,602.7807447867767
2005002,624.0986554825075
2006003,362.61782497197606
2007004,633.5651095419211
2008005,239.32340617599863
2009006,263.9764382692274
2010007,527.3840238019541
2011008,636.8932587753688
2012009,636.6675745323491
2013010,600.911528811755
2014011,578.0357908916977
2015012,366.4140339422219
2016013,576.4691459369552
2017014,449.3792845436154
2018015,213.33968636377742
2019016,549.9429212567834
2020017,648.7460512776266
2021018,651.856418491818
2022019,685.8509917621562
2023020,675.7590710813297
2024021,383.4957928407637
2025022,661.5086076373856
2026023,619.8688733464398
2027024,657.6544675971373
2028025,568.3078476680605
2029026,579.0221720656041
2030027,251.09745930581892
2031028,339.79527787564894
2032029,648.4979026131546
2033030,254.34174395151598
2034031,178.79909229973606
2035032,280.2591881141084
2036033,220.53114312695433
2037034,379.8674807619394
2038035,648.1384474036015
2039036,220.8337777543123
2040037,504.65032116649616
2041038,493.4977493964947
2042039,515.8164814919502
2043040,633.7935925972199
2044041,655.4888286148114
2045042,652.4688757800351
2046043,206.36082525786085
2047044,638.183191347777
2048045,482.08150747928494
2049046,634.9256271782854
2050047,175.80407929624684
2051048,659.8840896654464
2052049,548.7543164996231
2053050,314.67689763212104
2054051,623.3400438702598
2055052,163.59584093624565
2056053,649.1015649624327
2057054,362.7668138287417
2058055,611.7777335279056
2059056,633.260861538088
2060057,318.8700776229481
2061058,644.0055444492872
2062059,652.8522393523665
2063060,374.05143835892335
2064061,222.09874529431102
2065062,626.1315669195703
2066063,632.5028557532681
2067064,626.8897778476604
2068065,645.9845898084986
2069066,640.027495982354
2070067,449.5982535020331
2071068,307.29999813252675
2072069,621.3687367943402
2073070,623.391863964734
2074071,627.1591815766656
2075072,615.9986458489711
2076073,618.8586969190779
2077074,620.1099684486243
2078075,646.0794105866452
2079076,631.2827170888179
2080077,552.5847563097282
2081078,621.2864162539503
2082079,634.5620534532344
2083080,637.9353574755617
2084081,610.783123245603
2085082,368.70304906154064
2086083,604.7415334041656
2087084,627.2485990521914
2088085,297.02451733223836
2089086,227.36767547484774
2090087,607.1924337505857
2091088,595.3522160689989
2092089,181.81246495535592
2093090,592.1307452002411
2094091,318.53838343208355
2095092,606.0314689856211
2096093,217.00324718518996
2097094,593.0833834777982
2098095,584.5318201463884
2099096,403.48594833069046
2100097,418.19038705851153
2101098,539.6116279840696
2102099,512.8314330900515
2103100,367.27810911451684
2104101,640.8950412499743
2105102,634.26648287394
2106103,617.4537546119127
2107104,629.7892173454939
2108105,587.000165219594
2109106,541.9797477700845
2110107,479.5453198301869
2111108,634.5419624350461
2112109,628.6787887168032
2113110,635.8958818662124
2114111,655.5885924488955
2115112,428.2490949829918
2116113,635.3574371076052
2117114,602.6054898085001
2118115,631.4823156342486
2119116,659.2309792740965
2120117,659.8333275474307
2121118,426.38322939944425
2122119,489.93252773271365
2123120,607.3527640183704
2124121,662.3059575826121
2125122,524.626633954495
2126123,655.8334937182774
2127124,495.41420339629695
2128125,647.2816919268678
2129126,657.3445526342389
2130127,148.46024977290102
2131128,307.488113303622
2132129,235.9203375926497
2133130,443.8467430904426
2134131,422.3291184495096
2135132,221.9311194404374
2136133,666.9765991553686
2137134,561.7474738983832
2138135,184.08528256225674
2139136,233.25644727745612
2140137,398.00632986079916
2141138,546.3504888722143
2142139,604.2994799267051
2143140,645.3058441768286
2144141,633.7963371260653
2145142,149.98288542181004
2146143,193.60404072617607
2147144,300.28407447881426
2148145,375.3727093035345
2149146,643.523502305065
2150147,434.02112432877556
2151148,452.07845278739643
2152149,278.704424199841
2153150,220.97581625869574
2154151,640.1598771809765
2155152,436.98003206442337
2156153,359.64267983460576
2157154,209.41834196143805
2158155,349.4490059517642
2159156,252.8782954594641
2160157,453.4696421090846
2161158,510.83585836038327
2162159,319.21475178628276
2163160,182.80480447570253
2164161,268.91665432451936
2165162,643.504088799099
2166163,506.6566039530755
2167164,652.2389226531817
2168165,521.0327268256736
2169166,576.6579912440549
2170167,177.04745677699654
2171168,521.6721438697006
2172169,238.28221390591503
2173170,438.4436271653848
2174171,593.7195410081104
2175172,355.43755838275155
2176173,437.1704167551001
2177174,243.33625404208374
2178175,402.8899892561678
2179176,171.7088085885554
2180177,298.4472559571695
2181178,161.84928878417105
2182179,555.5919448270995
2183180,552.012354752032
2184181,552.3075397624981
2185182,460.4517084852581
2186183,500.6158279637885
2187184,595.2126455361753
2188185,296.90933373394796
2189186,610.8730877337368
2190187,361.64329632987057
2191188,631.6414586847842
2192189,188.83728260007084
2193190,607.8947078999707
2194191,614.6223071631026
2195192,249.96639609650768
2196193,570.667278248456
2197194,581.6752861881571
2198195,609.1751375197637
2199196,217.24640227540817
2200197,258.0991036606261
2201198,617.186673836801
2202199,547.1574426244717
2203200,161.1032238628185
2204201,244.47406068468217
2205202,474.919589717236
2206203,579.8690950045045
2207204,327.64552241837794
2208205,613.9681367552147
2209206,590.9185971871282
2210207,597.0946834279713
2211208,588.8857977881158
2212209,595.722223754049
2213210,502.77879959690097
2214211,626.6166102343695
2215212,621.4206387841597
2216213,376.0918491968926
2217214,381.0325547129339
2218215,534.5042012261285
2219216,603.7180456505167
2220217,605.0709571968555
2221218,562.7945788701329
2222219,611.3482461634817
2223220,549.8121563311009
2224221,357.9374996648105
2225222,282.00317814542893
2226223,292.56648169453155
2227224,530.7707687846787
2228225,465.30012928060603
2229226,576.986391206898
2230227,193.77425991051072
2231228,572.2117043618268
2232229,392.20581896899745
2233230,370.69495586030166
2234231,543.3943466703662
2235232,493.75399338806096
2236233,271.78994112021235
2237234,254.29496088629477
2238235,270.4882706261555
2239236,171.93480507350105
2240237,480.23896372841796
2241238,212.30832218904533
2242239,384.82668808605854
2243240,228.0186564011203
2244241,571.9182261933273
2245242,505.2473525613773
2246243,428.6057460831044
2247244,511.77068460458224
2248245,284.91576846659285
2249246,404.00039160350264
2250247,407.0684489815646
2251248,576.2140869464492
2252249,594.4289387936172
2253250,595.8454970748263
2254251,464.6253431052686
2255252,622.9725491102289
2256253,373.5737344178024
2257254,607.9377192693428
2258255,441.3823865358158
2259256,594.1456973915942
2260257,618.4988186944244
2261258,604.6744355548366
2262259,411.85253611052354
2263260,596.8444544480367
2264261,588.0083855090888
2265262,395.2991018590074
2266263,620.6337246880271
2267264,603.8325357939966
2268265,603.0131270869643
2269266,611.2413890799211
2270267,415.85732365081094
2271268,269.6396827767621
2272269,324.709791551617
2273270,609.899553451757
2274271,417.6228274402532
2275272,295.364115985949
2276273,370.09436616591597
2277274,269.929539195111
2278275,450.53681381229563
2279276,191.0608807872601
2280277,581.1042307489315
2281278,546.4889235248141
2282279,633.8428859954116
2283280,336.97785745992843
2284281,588.4424499739341
2285282,544.3292996445978
2286283,442.77815848250395
2287284,337.5805478093688
2288285,597.5987940546929
2289286,233.22399097704826
2290287,468.14728718464136
2291288,504.01735262890986
2292289,572.658955055062
2293290,290.3098564035509
2294291,593.7530868308936
2295292,522.0047110804112
2296293,467.61307502235474
2297294,632.640845145418
2298295,476.368852083798
2299296,633.3716971614066
2300297,595.761286791143
2301298,611.3698370472613
2302299,632.5544016747151
2303300,566.7043187581909
2304301,414.1698734673919
2305302,529.6869927375619
2306303,200.44664206729576
2307304,630.906127611484
2308305,659.6832405820318
2309306,606.2817367204404
2310307,629.7291438011757
2311308,628.8358380451255
2312309,633.3788362216593
2313310,677.6890824032296
2314311,373.41150011274726
2315312,654.7993423193667
2316313,357.448370177379
2317314,613.8690390270655
2318315,663.3871028523666
2319316,166.86885245621374
2320317,466.4525644759617
2321318,642.3682991840924
2322319,597.6812217927722
2323320,269.72654689145816
2324321,645.7790537437389
2325322,160.17794679501088
2326323,643.1928945815037
2327324,626.5272411903754
2328325,618.2798758034505
2329326,610.1945731956864
2330327,284.1376454087418
2331328,439.06163710598935
2332329,621.2146481935117
2333330,204.35520025594204
2334331,630.6228206383469
2335332,354.4791933945794
2336333,667.8576108350014
2337334,615.2900361753203
2338335,589.7055500835761
2339336,666.9107972785324
2340337,613.5959249768034
2341338,610.6614381467725
2342339,629.243359335751
2343340,232.8197602888261
2344341,492.32850052344656
2345342,679.7031864515045
2346343,650.657429547067
2347344,568.13203681964
2348345,637.6285844485944
2349346,530.1104537779476
2350347,600.5420440320278
2351348,622.0545271555294
2352349,509.59035692203236
2353350,278.5943973617646
2354351,658.3484565554148
2355352,637.268928808105
2356353,220.50125140685645
2357354,207.68461803036456
2358355,581.6991549127944
2359356,629.1408796495646
2360357,569.0314966108048
2361358,665.044932832662
2362359,662.6417830099921
2363360,657.9737283616572
2364361,673.2836697898207
2365362,454.8043845534911
2366363,199.8593529571
2367364,670.0276394104731
2368365,636.466509211865
2369366,357.86477444651416
2370367,642.3160533306243
2371368,181.0678537890884
2372369,477.77974659633605
2373370,608.2616832227078
2374371,639.4052026952016
2375372,607.1950753523065
2376373,564.2844540893389
2377374,667.9100495232893
2378375,143.69454355625086
2379376,639.6442267223235
2380377,661.9919643510073
2381378,648.7646542143201
2382379,358.42298593173075
2383380,282.95076149938103
2384381,615.8894981061417
2385382,565.1495130976999
2386383,619.2111654317415
2387384,192.4686738200264
2388385,562.2301406005124
2389386,613.283852781694
2390387,632.4317127265003
2391388,630.2208509890862
2392389,597.4069467186264
2393390,549.8497398866011
2394391,378.4087739609074
2395392,637.653742583027
2396393,660.4025631591031
2397394,192.85059112474337
2398395,380.6583953093445
2399396,532.5077568541946
2400397,158.20560496364715
2401398,172.15935966664722
2402399,647.982304045307
2403400,678.8032258498636
2404401,670.3731915162631
2405402,273.97215570474646
2406403,674.3528282236731
2407404,222.74962567918453
2408405,431.3426315559291
2409406,340.99802900356985
2410407,685.5436692919951
2411408,213.97331967258475
2412409,672.50857599129
2413410,665.8448102691797
2414411,396.49391391221525
2415412,492.6534115740624
2416413,667.660640825444
2417414,157.40527642583072
2418415,560.5235200394026
2419416,674.0488439328616
2420417,653.1936910622719
2421418,653.5822368315164
2422419,273.07257889057115
2423420,232.3115712452302
2424421,558.0300826453305
2425422,264.86304653732253
2426423,667.0956144072761
2427424,454.2527060519034
2428425,672.7639191178514
2429426,678.8310252089448
2430427,686.499693231522
2431428,666.2908069418711
2432429,156.50496148519636
2433430,248.3087629634739
2434431,678.3684763794226
2435432,662.0426272789589
2436433,681.7429386279202
2437434,588.2501596832689
2438435,585.6479495347396
2439436,482.01133910147286
2440437,285.2082409313375
2441438,627.8316320572839
2442439,169.00658127814603
2443440,672.4602863769534
2444441,443.426910694776
2445442,147.17766739655647
2446443,654.0815791423544
2447444,667.8002578994272
2448445,540.400907123069
2449446,650.7358187444777
2450447,664.2173492808814
2451448,660.241365704119
2452449,651.1027855713915
2453450,244.6108798645752
2454451,560.666752690236
2455452,524.8946978760243
2456453,392.0418697471925
2457454,365.93897019746777
2458455,206.2020371245237
2459456,649.2519175776706
2460457,306.17668738051657
2461458,680.5117182709156
2462459,659.9736473618254
2463460,666.498247461536
2464461,653.1459711476718
2465462,622.5749505854561
2466463,627.2677019328175
2467464,636.9270590094674
2468465,575.3432583971315
2469466,608.5615382689621
2470467,481.9834667383744
2471468,632.6205634000912
2472469,656.7682153345149
2473470,637.7723284143052
2474471,613.5430036926261
2475472,630.1529202432998
2476473,352.3215547855721
2477474,511.01964473186086
2478475,575.0405742486696
2479476,647.6584377457611
2480477,255.07205766653192
2481478,628.6548713101265
2482479,523.9297508847351
2483480,645.410047627854
2484481,638.6171277869653
2485482,638.4351132740725
2486483,614.1983651053811
2487484,629.714670984558
2488485,614.8612674840106
2489486,555.8045016799531
2490487,659.7548695609943
2491488,648.596617483828
2492489,640.8960527450769
2493490,618.9716631457443
2494491,651.6897223054793
2495492,651.8538201290512
2496493,663.770008548258
2497494,672.8339294605491
2498495,651.6421748430707
2499496,573.6753425061784
2500497,678.2094121632311
2501498,661.2733974442026
2502499,649.0498899228519
2503500,666.214644020888
2504501,644.4306927723326
2505502,659.8361442877721
2506503,665.5290983791597
2507504,629.1490513918766
2508505,683.6129977390837
2509506,655.4368058454462
2510507,658.6988609665922
2511508,642.4607199012519
2512509,645.3867045881943
2513510,282.11384257182203
2514511,381.6973154801799
2515512,665.1651092796009
2516513,351.1302699693028
2517514,532.7346086678958
2518515,662.386324644405
2519516,564.8343970272098
2520517,338.54073404441317
2521518,533.7449831153488
2522519,667.9066583549032
2523520,502.74221929136957
2524521,477.1194851971023
2525522,413.6997272699235
2526523,281.91295619961187
2527524,658.6147581132453
2528525,628.7923835101434
2529526,642.05171490276
2530527,658.0763760696527
2531528,175.02575397369426
2532529,312.09579583528506
2533530,620.3675327366359
2534531,314.94741559315355
2535532,663.0482250688428
2536533,257.0398703849736
2537534,245.97181364836757
2538535,407.22409768307557
2539536,671.730849074064
2540537,668.4431362901744
2541538,203.1671708496344
2542539,649.0468839727023
2543540,670.9804776624188
2544541,687.0073901946697
2545542,677.8831927252156
2546543,400.76493989140613
2547544,448.55844846081385
2548545,678.4918332226391
2549546,634.3552378207364
2550547,681.9561638793008
2551548,266.63478391011455
2552549,663.852134680966
2553550,651.6203255782739
2554551,639.1565928868669
2555552,600.3406971964416
2556553,346.61645267391805
2557554,603.4729745346675
2558555,262.9867074475884
2559556,669.7817721344168
2560557,668.1859471322363
2561558,651.9648684338798
2562559,639.7944439822398
2563560,475.3039478023618
2564561,588.2607951268288
2565562,652.0783182571747
2566563,675.4884676737528
2567564,234.97691230697225
2568565,646.462239364397
2569566,377.8936904942958
2570567,278.60386905740404
2571568,383.73783303367605
2572569,635.6949418294041
2573570,634.7351103869746
2574571,623.6704543002472
2575572,567.309660437266
2576573,607.1056708185159
2577574,217.9489530708881
2578575,602.0933001572313
2579576,438.66005809173384
2580577,602.2156437337121
2581578,578.6704439934012
2582579,335.2648494509894
2583580,578.0237194803445
2584581,542.3842452425181
2585582,564.4752681855923
2586583,574.0330099429011
2587584,553.3671448073256
2588585,602.9787167489613
2589586,585.8694057917492
2590587,591.8053131664325
2591588,589.9686620934738
2592589,271.15988997431185
2593590,605.1144235687407
2594591,613.6851440361423
2595592,575.9735229903821
2596593,572.1071899749343
2597594,597.6668584139215
2598595,269.4004174228944
2599596,224.04077843914902
2600597,196.95048389767365
2601598,628.133922989494
2602599,583.5019195936226
2603600,283.6890224717923
2604601,478.4965367267272
2605602,656.3550073874801
2606603,435.12560442723844
2607604,676.5625456974772
2608605,671.7390258152584
2609606,651.22629879953
2610607,675.8439603950086
2611608,671.37330266926
2612609,663.6024345199603
2613610,690.3179754023565
2614611,680.9186596908728
2615612,203.14097546244872
2616613,392.4912864328072
2617614,658.6456370721609
2618615,453.3720616059004
2619616,647.0748567571558
2620617,658.8720517210546
2621618,653.9146674486152
2622619,608.7536492592003
2623620,509.164547081649
2624621,227.98093417717027
2625622,567.7166339387813
2626623,605.482711110912
2627624,110.50356758589622
2628625,606.9419180101547
2629626,616.1419039083232
2630627,493.85346884344483
2631628,643.4754647619642
2632629,591.8794828290553
2633630,626.6094670162008
2634631,569.5519179251258
2635632,530.416586727831
2636633,214.34139392040802
2637634,622.5642618068413
2638635,433.30195220338766
2639636,647.4731204080801
2640637,423.2637717262377
2641638,633.7387779156635
2642639,658.450647294377
2643640,510.52411482556334
2644641,208.63740673736442
2645642,626.2384272623775
2646643,661.7968842693274
2647644,641.8374021467525
2648645,640.0941663859871
2649646,248.07549069020249
2650647,665.1359553426641
2651648,675.4027372210404
2652649,368.892687204731
2653650,558.2030698846256
2654651,311.7761989790406
2655652,482.85739832671214
2656653,667.2908026127218
2657654,450.58523803499514
2658655,369.96893174126524
2659656,202.89970603855787
2660657,674.5427398441811
2661658,673.6810996963021
2662659,686.1377893620298
2663660,644.2619851118592
2664661,427.33594930502915
2665662,672.3952603904306
2666663,686.8624163599851
2667664,683.62830763576
2668665,232.92792376133318
2669666,676.6683481394509
2670667,584.7659080553029
2671668,439.31144132387385
2672669,648.4463677765533
2673670,657.3857516050828
2674671,661.9560351213245
2675672,639.8461329227524
2676673,679.2917997660508
2677674,567.1423724844218
2678675,685.895165760172
2679676,696.7406236725085
2680677,683.0390778346147
2681678,669.8088410664026
2682679,564.0229598939972
2683680,662.4555199932721
2684681,372.55598573536776
2685682,635.4522699816431
2686683,662.2146396414388
2687684,654.1172748327048
2688685,653.5416522488043
2689686,651.4187621301095
2690687,488.2768017316726
2691688,645.0069143521446
2692689,663.5883110937561
2693690,641.6695801758405
2694691,663.600414410741
2695692,653.5588638700126
2696693,644.0570761089087
2697694,634.5169969573119
2698695,655.7544095918527
2699696,661.2229064818852
2700697,229.1692531632108
2701698,218.7191892417606
2702699,526.8149014784733
2703700,224.0071756661554
2704701,637.3212690390517
2705702,657.718843414068
2706703,670.9341943351923
2707704,661.7044161061119
2708705,652.0366496419475
2709706,646.7941685478067
2710707,625.486103125617
2711708,628.5794398381922
2712709,516.6904508628927
2713710,621.104275585445
2714711,613.8019495321796
2715712,614.9512103766499
2716713,595.2242943031588
2717714,581.4233724268553
2718715,434.4012813761781
2719716,620.0733001188931
2720717,610.4568183131646
2721718,610.073751899729
2722719,601.7041785532056
2723720,360.46657441286743
2724721,587.20975890634
2725722,618.7382579120268
2726723,539.2768721665049
2727724,618.9315777063547
2728725,313.3089916703701
2729726,594.5550318371824
2730727,605.8210136457502
2731728,597.0894265060291
2732729,600.6256836764292
2733730,580.4929514449374
2734731,605.5400252109546
2735732,338.2516220093158
2736733,607.7337238702233
2737734,617.6278670147692
2738735,588.9743792679193
2739736,589.978639591534
2740737,271.43095316420187
2741738,598.1138438495938
2742739,610.3661533898933
2743740,589.0922920338426
2744741,248.48954556867895
2745742,365.091780739917
2746743,214.39644976279715
2747744,160.95298517127014
2748745,615.2011255958699
2749746,615.8047500904559
2750747,616.5144283356577
2751748,222.93883446690478
2752749,550.2009614361957
2753750,595.268824506555
2754751,589.7829453883377
2755752,498.55413202561704
2756753,591.3441312568148
2757754,629.3508217945168
2758755,635.3827832886255
2759756,189.51226950067863
2760757,466.09928789474304
2761758,622.771319418444
2762759,614.3882451559376
2763760,246.7681439072899
2764761,636.948210308113
2765762,622.9360262484057
2766763,606.1284779313006
2767764,209.38262714052732
2768765,596.9171046538055
2769766,600.5289093538491
2770767,614.961394869083
2771768,506.2986141687853
2772769,608.5453223859693
2773770,626.3729889781828
2774771,618.6823182405241
2775772,445.8017942933523
2776773,620.8170749155901
2777774,654.8360655287489
2778775,662.5045208562733
2779776,613.9537172851924
2780777,666.2310501221777
2781778,396.38516734146873
2782779,591.9481456291655
2783780,49.776616504161524
2784781,624.46829789294
2785782,680.615617246546
2786783,614.9321295104215
2787784,662.4032485405943
2788785,599.193419316773
2789786,466.6501873250843
2790787,678.8347086656424
2791788,460.05050764438226
2792789,646.2255587550735
2793790,179.72323385677984
2794791,627.5102742055103
2795792,526.7419587836308
2796793,686.590651078963
2797794,624.2730981926588
2798795,547.5051145007851
2799796,534.6160811965043
2800797,620.9166793062169
2801798,650.4578841341109
2802799,655.3900714234206
2803800,683.4104529147463
2804801,180.4007828565468
2805802,489.1834758733075
2806803,320.684910207284
2807804,421.86335733573804
2808805,654.6161365445685
2809806,600.2001093777076
2810807,607.3036343868682
2811808,502.5862176146615
2812809,613.2047489145768
2813810,671.6228366489269
2814811,544.5768110366782
2815812,492.9917600382171
2816813,673.4216489568257
2817814,669.9115930534172
2818815,163.69220759027334
2819816,556.6377132527887
2820817,289.0787416166161
2821818,659.5490148337176
2822819,638.0031213847797
2823820,639.934091703108
2824821,624.529019768813
2825822,298.78259641623606
2826823,580.6544583883374
2827824,673.1533800265698
2828825,414.2192237776938
2829826,591.4501740028726
2830827,609.6548918967247
2831828,678.636193997184
2832829,645.4449401177466
2833830,251.16577641444553
2834831,617.3225961701779
2835832,278.13436928134354
2836833,621.4858740407703
2837834,514.6888707745089
2838835,631.6855733709717
2839836,645.8745147735813
2840837,650.1193702190171
2841838,616.9274685023607
2842839,651.2759767824956
2843840,672.3745306350689
2844841,543.1387904244691
2845842,322.1833698481581
2846843,608.5743494566694
2847844,653.6597712217487
2848845,597.8323963711039
2849846,587.1989268010487
2850847,352.3293273572187
2851848,535.850949838261
2852849,605.8617942766984
2853850,662.1964395553173
2854851,203.47631628984092
2855852,213.37303264235115
2856853,651.2581503176546
2857854,278.8863060058652
2858855,298.97037542043313
2859856,620.2585264539587
2860857,552.9271384119527
2861858,495.43593512367596
2862859,477.2268988482201
2863860,616.5641329308656
2864861,642.5995301754716
2865862,661.4881413289095
2866863,670.7733505819642
2867864,386.4359406073682
2868865,201.98496312389548
2869866,487.9581321772028
2870867,420.9252760495051
2871868,261.12641737126717
2872869,441.6811895350814
2873870,582.38473731774
2874871,319.499470006283
2875872,467.8340178972784
2876873,354.97877069353115
2877874,452.61481314567203
2878875,332.60264360860793
2879876,251.30312506162429
2880877,582.321893916636
2881878,660.1051435792162
2882879,655.8332192337601
2883880,219.77344894688065
2884881,644.5169683262666
2885882,491.85443681534207
2886883,630.0368333647276
2887884,579.4595933113787
2888885,633.0859442827878
2889886,374.2203388835699
2890887,652.0400785329156
2891888,628.1564411295689
2892889,625.0552575518587
2893890,545.395724504232
2894891,611.0525233073479
2895892,599.6348511157122
2896893,391.9351035917093
2897894,666.7459401547492
2898895,654.6891486135493
2899896,596.29000996669
2900897,604.0384969165963
2901898,625.6563667141637
2902899,507.251808443897
2903900,631.963287225147
2904901,318.4246243559345
2905902,660.697176028118
2906903,579.3046278298779
2907904,626.6731357025028
2908905,664.6144007168367
2909906,618.7431532684815
2910907,632.8843376569251
2911908,640.6690341826236
2912909,611.2829271697193
2913910,617.9370378590403
2914911,436.1585091535291
2915912,292.3430829499632
2916913,538.9324062580449
2917914,609.4022323806003
2918915,600.570809597921
2919916,437.35086430795536
2920917,598.7020309496523
2921918,326.17040449057845
2922919,473.81866545343513
2923920,590.6660407679707
2924921,607.9501234339502
2925922,509.4850477557485
2926923,618.6298427623217
2927924,595.6379073253968
2928925,626.1562279518923
2929926,636.4897566030202
2930927,473.09126698861746
2931928,185.86590317713944
2932929,549.3605980727477
2933930,238.73877438700853
2934931,634.5923046449348
2935932,576.9754022009615
2936933,623.5845650704948
2937934,603.4638836906512
2938935,637.6601629370476
2939936,622.9063448295454
2940937,624.7549349765525
2941938,234.98266963635956
2942939,543.4642264756941
2943940,574.4303676039738
2944941,357.7874799044762
2945942,681.743594250698
2946943,315.5797792717281
2947944,222.99137877518987
2948945,653.5306491283351
2949946,561.7437706249822
2950947,624.7477871348145
2951948,347.15613961830957
2952949,612.1737066404772
2953950,680.8392993818645
2954951,682.9061272938445
2955952,664.8037542291509
2956953,662.666987761695
2957954,643.811937460693
2958955,624.7859197831672
2959956,666.7447285090684
2960957,458.40411085652516
2961958,674.7864551814159
2962959,645.8779609110192
2963960,261.26384625999714
2964961,669.0131383683445
2965962,630.4506661504486
2966963,351.5058221263009
2967964,628.9903527313223
2968965,640.2708993467685
2969966,211.86811494833873
2970967,352.2188529831068
2971968,648.044402287518
2972969,455.0768058390546
2973970,489.1352475768667
2974971,197.32849720430502
2975972,667.6734869003504
2976973,643.9891397636392
2977974,548.6918256217842
2978975,661.8622922530219
2979976,438.7502672065687
2980977,651.52639724941
2981978,258.53023208823794
2982979,230.09133317393193
2983980,554.3595376551972
2984981,669.2846508696605
2985982,434.30841315777434
2986983,286.650149522961
2987984,214.7788277589779
2988985,632.4777887675757
2989986,661.1990405300379
2990987,603.6597731032614
2991988,676.4987476936528
2992989,386.4086168662969
2993990,599.0616924095968
2994991,280.15329060506014
2995992,639.6082164204729
2996993,664.0952529951309
2997994,442.73815438100235
2998995,651.0781725138645
2999996,556.6290805738192
3000997,666.1713563074837
3001998,627.5640846705361
3002999,459.0201070375195
3004000,631.7822839555619
3005001,250.6579817664157
3006002,503.99425716080583
3007003,245.42780222096383
3008004,623.2327274517653
3009005,420.9295306121691
3010006,417.53355686493967
3011007,458.3851380034798
3012008,584.9877257529545
3013009,672.0088225073501
3014010,219.7571945489265
3015011,621.9372713681819
3016012,642.959407088543
3017013,596.4038751672481
3018014,643.2753075672385
3019015,346.7826214103441
3020016,327.3399293303043
3021017,663.1723608244804
3022018,262.03170003178457
3023019,310.62384959491834
3024020,358.7342013813186
3025021,673.1704344251712
3026022,307.4505573984158
3027023,636.3347229231539
3028024,345.1428091341631
3029025,670.9676836241891
3030026,669.2905321934425
3031027,249.11678671113697
3032028,653.9172404681362
3033029,317.137919467335
3034030,691.7906232076859
3035031,675.0475425082786
3036032,671.5236098049381
3037033,671.7430010555009
3038034,646.0217734451796
3039035,549.9495591197817
3040036,652.377439055092
3041037,644.7834684614864
3042038,671.8216565491977
3043039,675.2132465245227
3044040,560.9472598550755
3045041,685.405887012592
3046042,690.2477565428987
3047043,674.0764149475992
3048044,665.047768949713
3049045,271.36945210160115
3050046,242.76739199243116
3051047,299.8732657427435
3052048,672.1554302131696
3053049,318.06814071318513
3054050,270.2939033560841
3055051,666.5873759048684
3056052,300.71268159925455
3057053,281.68877280406
3058054,657.9708257149443
3059055,641.5170998988374
3060056,192.13769617840387
3061057,647.3325354888755
3062058,665.4619581436348
3063059,324.1961852859168
3064060,677.7479869539815
3065061,490.0487735306198
3066062,633.4662800420859
3067063,555.126901368992
3068064,657.957838787462
3069065,451.290547450856
3070066,663.7978704580918
3071067,654.6868986573281
3072068,196.9006538942271
3073069,635.4419565634976
3074070,482.2394244018495
3075071,410.00379392931137
3076072,320.7094163368572
3077073,389.3563008045116
3078074,492.30342031414386
3079075,540.9731306936421
3080076,496.2965482630685
3081077,661.6298768707755
3082078,560.1630330794968
3083079,674.2473728583677
3084080,578.600424908831
3085081,630.0570110344341
3086082,655.1411949159876
3087083,469.70146169617675
3088084,672.6707509824863
3089085,619.4927676673341
3090086,661.6655666945279
3091087,649.0636082450895
3092088,669.8921608281022
3093089,649.8765392395121
3094090,558.9175498090322
3095091,491.5195350969517
3096092,388.371396175179
3097093,455.84962299089034
3098094,492.24150196063226
3099095,448.337067621072
3100096,406.1053904355532
3101097,546.2724089361501
3102098,612.341184929387
3103099,645.6412759803296
3104100,665.5702741333093
3105101,429.963200088231
3106102,167.72114118827105
3107103,624.356295982223
3108104,629.488426948786
3109105,273.63856379975005
3110106,653.5298824291929
3111107,311.4811036338788
3112108,647.517026584659
3113109,600.9326751588964
3114110,184.7604951255916
3115111,323.565087340147
3116112,446.6786739886084
3117113,660.1995079516678
3118114,648.1777566996872
3119115,288.5904456474828
3120116,646.4389084480059
3121117,448.01785442673037
3122118,654.6782072401362
3123119,258.293013118157
3124120,643.5315903570494
3125121,226.9615049841462
3126122,439.85376381971093
3127123,642.1217672946774
3128124,664.3266678448641
3129125,313.0711318042967
3130126,249.6734534964942
3131127,626.8276508276236
3132128,564.9279159069021
3133129,654.9645584843877
3134130,572.5696407069387
3135131,227.42079822237403
3136132,661.7924167547807
3137133,654.2339047206139
3138134,246.69790488183213
3139135,625.5266245584476
3140136,624.3306153568633
3141137,477.2519537821306
3142138,612.5172950876107
3143139,669.2174948382776
3144140,653.9008110347764
3145141,649.8549112430354
3146142,644.6013860053083
3147143,660.052658254508
3148144,255.2483572579041
3149145,668.3497112952391
3150146,242.45301881755736
3151147,646.7015858142767
3152148,670.7881746323992
3153149,662.7020342607066
3154150,217.38020938402124
3155151,670.5927958720678
3156152,416.1718494939117
3157153,596.1894472066423
3158154,458.8533467087113
3159155,668.1834693928857
3160156,484.3381645931087
3161157,629.4898535449508
3162158,485.5386795602996
3163159,578.260607992437
3164160,236.06231183759377
3165161,640.2910108602274
3166162,677.1107066578229
3167163,275.2824685529095
3168164,504.8531897674232
3169165,266.62909938213147
3170166,636.0852407489858
3171167,371.27661433318303
3172168,672.1406854520395
3173169,420.36953151861496
3174170,479.4109895231822
3175171,653.4818469943248
3176172,641.173882548159
3177173,456.5613871150708
3178174,654.2767967288689
3179175,261.2000508466229
3180176,560.0386951651452
3181177,567.5557984004606
3182178,300.3691831473735
3183179,633.0672176357796
3184180,263.80699174866476
3185181,617.4189170235976
3186182,168.49296625974287
3187183,493.0902701922946
3188184,641.9033040853136
3189185,214.26918805905572
3190186,655.4091493894512
3191187,246.0354704801273
3192188,650.6966540966007
3193189,650.633917396922
3194190,590.7324112333316
3195191,649.2676044313539
3196192,346.24624074146556
3197193,631.0604927614173
3198194,170.85718530816098
3199195,631.128219638941
3200196,645.9066040849286
3201197,605.1662727350089
3202198,518.4009895089017
3203199,597.3622960270981
3204200,638.9133501226315
3205201,646.3127915732861
3206202,593.8346299461496
3207203,673.3010641283589
3208204,647.1542143320405
3209205,627.7583006763937
3210206,653.0552008593529
3211207,628.6547955581187
3212208,644.06742209905
3213209,633.1589504149432
3214210,614.3111557931337
3215211,664.4917283813245
3216212,618.7923602952143
3217213,474.0566671370224
3218214,300.5410177579849
3219215,503.9944197564195
3220216,645.8897100664906
3221217,361.61371332757943
3222218,601.4904675655907
3223219,335.5220920927037
3224220,608.92282070172
3225221,520.4408439211078
3226222,533.2754206627659
3227223,609.0095296532344
3228224,634.7062978590018
3229225,385.9813676538138
3230226,565.3868600851991
3231227,566.8676016774612
3232228,574.6539086849942
3233229,632.2611977625116
3234230,594.4379331986935
3235231,571.2139559776662
3236232,655.2292513018108
3237233,604.7807244328321
3238234,197.7218960328773
3239235,212.9761977976483
3240236,612.7957920268142
3241237,247.78227341836657
3242238,635.2354620537727
3243239,617.8465314619825
3244240,605.952491289909
3245241,597.432396742842
3246242,615.440542999359
3247243,631.5119472124519
3248244,536.2498036703023
3249245,642.3382743074238
3250246,459.0056376889567
3251247,579.2747114833583
3252248,352.31226285714934
3253249,456.259986212147
3254250,367.41294315029245
3255251,462.36229740445015
3256252,443.5866188956439
3257253,529.1811706955956
3258254,118.74218749740469
3259255,306.3901338828341
3260256,524.5087118292181
3261257,481.52921494555795
3262258,435.7341276071839
3263259,548.9150364726441
3264260,366.22858508931796
3265261,359.4812136847383
3266262,278.66577096645574
3267263,533.2065405732667
3268264,279.8663596229417
3269265,554.134765305442
3270266,485.9260233515923
3271267,448.01616804210937
3272268,239.54409865326105
3273269,443.58245706672324
3274270,505.63062285585283
3275271,409.574156754971
3276272,591.635376262795
3277273,422.89431600131
3278274,634.220049955168
3279275,629.8413770159442
3280276,650.1380353333052
3281277,609.8123180599866
3282278,610.0648203431138
3283279,342.46390850354425
3284280,423.0892843695538
3285281,237.61813754003862
3286282,584.405506648803
3287283,492.0511532122476
3288284,652.010986804498
3289285,540.882149383475
3290286,410.6128074627321
3291287,639.2474384857057
3292288,591.2196980133672
3293289,603.0458441133857
3294290,623.9634764378268
3295291,646.4079919460881
3296292,643.5818734008315
3297293,626.9260480953727
3298294,252.31375144489078
3299295,653.1176079285733
3300296,653.0762946202956
3301297,615.6162842383652
3302298,532.4702665334914
3303299,614.779816781555
3304300,653.1986919904351
3305301,524.451656957711
3306302,654.8738330265909
3307303,549.8035994603085
3308304,664.7623996552252
3309305,660.537123702188
3310306,651.4428434986615
3311307,657.394754653156
3312308,474.4830005369845
3313309,629.1912591484436
3314310,593.5874201649868
3315311,365.7834738858613
3316312,649.5963934239335
3317313,587.18068784367
3318314,231.51837575570912
3319315,182.98470642753975
3320316,642.3668333923522
3321317,436.97057862453835
3322318,652.3840463082173
3323319,647.8027583671086
3324320,358.4426542269108
3325321,559.916592747902
3326322,664.1425082508146
3327323,669.160467830367
3328324,406.8316499807448
3329325,627.0816074440794
3330326,274.87268540211284
3331327,639.1865358882209
3332328,420.41486929904767
3333329,566.665083431544
3334330,573.6599105409043
3335331,316.9257958411669
3336332,640.0851015206024
3337333,666.7140033817899
3338334,413.49392662196755
3339335,640.692799952443
3340336,661.0027104088323
3341337,653.6045903416283
3342338,571.7029308162801
3343339,630.4510065254053
3344340,621.4358149787771
3345341,541.2228256134428
3346342,572.0873487801541
3347343,417.16541245120334
3348344,625.366272969027
3349345,650.0709547288478
3350346,425.8386538590143
3351347,646.2958490638498
3352348,577.7200650830871
3353349,602.5603983301921
3354350,446.6990892948443
3355351,288.31183463272447
3356352,607.3062121755477
3357353,592.2575634958871
3358354,505.9100736493897
3359355,630.532236797663
3360356,626.9299832119525
3361357,569.8851655002642
3362358,626.3269210375951
3363359,497.68565111812995
3364360,526.7463186090005
3365361,618.6363939056286
3366362,384.97938839123844
3367363,632.9936748776726
3368364,464.004070668262
3369365,620.7034163249974
3370366,386.0390209806959
3371367,573.8324821091754
3372368,634.1774523814947
3373369,523.761843872824
3374370,560.5205373097326
3375371,280.5581117062744
3376372,325.9883309556011
3377373,579.9766488503655
3378374,578.5746577022308
3379375,386.5029829947682
3380376,385.58703852202166
3381377,633.0945511106282
3382378,501.3055708308307
3383379,415.9506801978923
3384380,463.96210940092294
3385381,631.4069437667453
3386382,614.3277573617753
3387383,600.2521580130456
3388384,516.2978993806574
3389385,623.4410170284336
3390386,646.7172830304501
3391387,623.8329438025315
3392388,636.6781102290375
3393389,327.6595594763493
3394390,252.43515320977406
3395391,591.6742261386811
3396392,486.97585306553907
3397393,236.75097952972231
3398394,554.2093989103923
3399395,574.5217432970547
3400396,626.93783121015
3401397,378.8123785495338
3402398,259.5073968497023
3403399,658.6091451056523
3404400,454.32613271403136
3405401,387.9025027866644
3406402,649.6287049217033
3407403,635.8778496521822
3408404,639.5597832536766
3409405,418.49738870197785
3410406,400.1105773501905
3411407,654.0494708275293
3412408,550.7636699870242
3413409,598.7642196465738
3414410,386.7754442001245
3415411,634.2628257922299
3416412,603.6477609321353
3417413,376.79240484847
3418414,536.5413838106195
3419415,652.2726252253682
3420416,648.4195174910798
3421417,621.3798524101453
3422418,669.2165790763713
3423419,649.7650015292206
3424420,662.8653311777207
3425421,663.5798329115066
3426422,663.7279436755654
3427423,550.5188480869058
3428424,603.4157030386449
3429425,665.977354311151
3430426,338.89907264782994
3431427,202.38876465452117
3432428,672.1720796525954
3433429,637.3164986065261
3434430,457.5687305171377
3435431,396.97916404808
3436432,396.64459334939386
3437433,284.1796309185686
3438434,453.10984671456475
3439435,628.0726195526405
3440436,666.4580897995838
3441437,667.4023647984611
3442438,249.96463341661192
3443439,661.1461654362665
3444440,422.800126229898
3445441,673.5934414120786
3446442,212.62774684712463
3447443,562.6924942355438
3448444,604.675792565644
3449445,656.0418261220688
3450446,658.8684547024004
3451447,358.5829954494465
3452448,305.43556084230204
3453449,647.1867265456324
3454450,645.0164069557974
3455451,614.7221293515607
3456452,656.8765844561076
3457453,312.4139976955321
3458454,662.2932905788288
3459455,386.98927383474245
3460456,665.2903430262969
3461457,659.2452043178585
3462458,666.2230145958378
3463459,648.3961484785441
3464460,588.5948611239422
3465461,632.1752786412507
3466462,473.4387778926127
3467463,626.9610327120148
3468464,643.7017470907485
3469465,648.643277601324
3470466,652.4579505040862
3471467,357.40658822878794
3472468,646.8802493764983
3473469,653.9518528394946
3474470,552.1839968838904
3475471,638.1280697936475
3476472,389.3524362142951
3477473,627.9974931109045
3478474,651.7760985886808
3479475,642.3106228570225
3480476,582.2237524099052
3481477,542.8835290905247
3482478,620.3129851851861
3483479,264.60931807163894
3484480,629.2731573890063
3485481,512.8628600904397
3486482,659.586434069548
3487483,564.6213658997575
3488484,631.6728715670648
3489485,216.3580750093427
3490486,636.7336066447664
3491487,585.7373533776461
3492488,641.7901338953222
3493489,497.61107964928135
3494490,242.78995422166716
3495491,668.6322624981163
3496492,650.5159627443885
3497493,299.59249661470756
3498494,537.7493451685638
3499495,657.1034579634467
3500496,520.2905084135574
3501497,665.6491896489988
3502498,634.7079042163648
3503499,587.1403232870515
3504500,651.1605359679303
3505501,641.1889185392225
3506502,647.8755692256018
3507503,633.875583427065
3508504,634.5473283812217
3509505,666.4943891069198
3510506,641.0986016160405
3511507,469.63691140103936
3512508,629.2065448515938
3513509,635.7730832432926
3514510,517.5393238459986
3515511,268.5915102619099
3516512,454.2270568109834
3517513,637.0574725015274
3518514,621.3266567372734
3519515,638.4092894199013
3520516,260.0032466410397
3521517,641.0535870040212
3522518,536.3007546809358
3523519,402.3969760476392
3524520,571.2160581042635
3525521,514.9007431829726
3526522,647.9557901975865
3527523,565.9803244851637
3528524,647.6641413668833
3529525,604.9485063262393
3530526,528.9969656747954
3531527,419.5008384261653
3532528,369.5697089408187
3533529,252.0950420472358
3534530,474.4824753861962
3535531,613.0961145428691
3536532,624.5828374784053
3537533,567.8319087257815
3538534,645.8125019167217
3539535,280.4759988730018
3540536,638.9620388492392
3541537,621.2359885166799
3542538,558.5247867240755
3543539,440.7670877153791
3544540,622.8126686189454
3545541,606.1239799463426
3546542,647.9238560919896
3547543,520.3917217603694
3548544,453.47448123805367
3549545,399.8517188791498
3550546,560.925860276555
3551547,527.2046327146678
3552548,660.1953648367911
3553549,534.7875426150297
3554550,540.9195929654012
3555551,213.4584845714075
3556552,621.2444646499852
3557553,542.3203261210379
3558554,662.2133831101293
3559555,561.5757265923183
3560556,518.0595990990537
3561557,637.1691468917777
3562558,599.2918306683287
3563559,636.2568520958943
3564560,634.4924391374634
3565561,627.4703622027133
3566562,601.5668553129315
3567563,529.1782786620668
3568564,660.6049915568573
3569565,657.4639010005754
3570566,626.1319606465389
3571567,524.1918160910726
3572568,631.2937150173691
3573569,624.5583905382032
3574570,645.13261113411
3575571,620.0762613758162
3576572,420.0151921822375
3577573,418.09858797320277
3578574,606.0000033365388
3579575,641.8030552401518
3580576,626.8579056098747
3581577,503.3473962137238
3582578,628.8254165279528
3583579,446.00509624530736
3584580,555.5360627962847
3585581,598.0701232886206
3586582,635.5114714687516
3587583,639.0348205459118
3588584,637.8258727773297
3589585,653.9228000888583
3590586,593.0551050759327
3591587,497.96281642868627
3592588,273.6140547996897
3593589,554.5999000781675
3594590,538.2833488557852
3595591,656.0913151135562
3596592,657.4846516190868
3597593,638.2880948361276
3598594,494.2590124343391
3599595,674.1354186878284
3600596,652.5637958038857
3601597,501.9210234903012
3602598,599.5458104720885
3603599,553.2082928061976
3604600,662.5471274761992
3605601,657.6746572277324
3606602,651.2087963373474
3607603,653.4872211631275
3608604,646.1065532558964
3609605,656.9342881922868
3610606,636.1606394258819
3611607,350.4335526646508
3612608,650.2439884029321
3613609,558.2656785081034
3614610,525.2705731212484
3615611,664.7666674329192
3616612,656.0472851776049
3617613,556.0245996377957
3618614,568.3301399238763
3619615,613.8667924815977
3620616,604.940069813091
3621617,670.3026869959266
3622618,623.2473936334555
3623619,540.2495886176755
3624620,662.2838739057438
3625621,655.7160813146933
3626622,649.9258753430328
3627623,513.0136684546662
3628624,482.2133162978282
3629625,637.5696612192027
3630626,638.4317495439313
3631627,513.2132389701991
3632628,671.2916265454164
3633629,319.7331219331089
3634630,294.2692140315944
3635631,655.446435103996
3636632,665.0268064041254
3637633,664.5686090192437
3638634,630.8730437724366
3639635,634.8912760701797
3640636,478.0334574459934
3641637,653.7559955647378
3642638,644.8778127098022
3643639,668.0723961434973
3644640,651.8887301158893
3645641,525.3141457089969
3646642,664.7480950223002
3647643,656.9261617532753
3648644,651.1796078444634
3649645,653.4282608198473
3650646,455.80453298474083
3651647,650.0484591032083
3652648,662.5513935107388
3653649,647.7193036796002
3654650,644.3817126980988
3655651,656.9410504786645
3656652,536.5546445666191
3657653,605.2166500805373
3658654,675.7592685137147
3659655,599.7111816293087
3660656,341.7079326704723
3661657,312.8348877454368
3662658,621.8141441327439
3663659,516.6338935112451
3664660,640.650789797012
3665661,609.26297602202
3666662,632.4758315499473
3667663,630.26963993679
3668664,555.8826199282312
3669665,629.6750897307683
3670666,426.7961260394325
3671667,643.7695996318705
3672668,632.2868019569725
3673669,520.888235849812
3674670,616.6029399223927
3675671,605.3774846548762
3676672,235.95376258804123
3677673,639.1401699238234
3678674,456.2543789829099
3679675,550.6953358577329
3680676,510.4160080867403
3681677,612.811962721416
3682678,641.9644384338002
3683679,639.2669667834142
3684680,605.9474514876263
3685681,646.6255911913557
3686682,657.8919186508564
3687683,626.2520111148863
3688684,587.8264067995157
3689685,604.9741393091798
3690686,566.4909346242201
3691687,544.6638943722805
3692688,440.25211885231505
3693689,319.45390131835256
3694690,534.9513322476009
3695691,650.6693503444005
3696692,652.3690397054962
3697693,644.4364824227259
3698694,632.2449559801697
3699695,586.3570316444508
3700696,651.2768813505983
3701697,473.66417295712205
3702698,637.94905659592
3703699,638.5726661310888
3704700,613.7745562928474
3705701,448.46609445312714
3706702,589.2559439559161
3707703,460.3667573933892
3708704,512.900192334778
3709705,279.95460860204963
3710706,523.8039139637968
3711707,621.5747142401677
3712708,627.7598468851087
3713709,553.2449983981011
3714710,640.5367875333784
3715711,496.0298789768108
3716712,610.4589333995597
3717713,672.8795365579049
3718714,634.1715979737995
3719715,657.900029233052
3720716,647.7924639238518
3721717,661.2677510879672
3722718,657.9662322243706
3723719,669.7906512321564
3724720,670.8895242286857
3725721,399.09823560159225
3726722,645.7479730526434
3727723,677.4161000766704
3728724,187.99662941991664
3729725,458.59256466460107
3730726,652.488457811171
3731727,336.3157939666315
3732728,663.4191472873076
3733729,659.168158818661
3734730,671.515893065821
3735731,640.7848228016508
3736732,633.9831000045112
3737733,652.9547219554952
3738734,675.3286688704574
3739735,659.4874861868427
3740736,258.84269745711464
3741737,629.540908186407
3742738,671.6532964274337
3743739,576.1453715482724
3744740,677.2526744601744
3745741,669.0408549683967
3746742,676.1681041959798
3747743,684.2266766137744
3748744,656.0915282239611
3749745,599.1199540370862
3750746,671.2137729735776
3751747,678.2989289157132
3752748,604.1640426181145
3753749,669.6483326800841
3754750,225.94829110739337
3755751,471.9276177343328
3756752,671.2473178241803
3757753,654.575074526759
3758754,668.5433189522936
3759755,651.1371902347469
3760756,684.7590940382562
3761757,669.808808209519
3762758,679.0326374656541
3763759,679.5820002269415
3764760,685.9861957836665
3765761,592.0387230242577
3766762,588.7378127663943
3767763,678.5871160314256
3768764,663.4234959517739
3769765,676.1739516053874
3770766,676.7121086812259
3771767,677.3404496630851
3772768,420.98427478873793
3773769,682.5861035798204
3774770,597.8293818661365
3775771,593.3123010667533
3776772,288.4461989145267
3777773,680.6947018804466
3778774,572.318784457093
3779775,605.7559227465952
3780776,522.6301573010572
3781777,580.0686186791189
3782778,602.1407883313979
3783779,496.0653105773835
3784780,678.3977694381723
3785781,421.0862931036997
3786782,581.3676124220887
3787783,657.0811790654419
3788784,672.4943068423246
3789785,279.6809322484834
3790786,675.0424760918509
3791787,574.9356384139348
3792788,651.846558130832
3793789,662.9878549867661
3794790,244.50773750240023
3795791,273.2290316462316
3796792,670.9496174778328
3797793,307.0134254156153
3798794,324.5975905290307
3799795,298.23821566693914
3800796,662.1933833456417
3801797,581.6863932353714
3802798,654.3575894804017
3803799,572.4777023507709
3804800,300.16561649300877
3805801,321.73363882354187
3806802,615.0051653621549
3807803,341.4486004773942
3808804,646.8862892859935
3809805,644.1039326892859
3810806,656.3866799725006
3811807,365.302738496518
3812808,651.1038285814273
3813809,570.2532607217212
3814810,670.0339313324611
3815811,416.1738491939606
3816812,652.9086222003452
3817813,520.7966475433292
3818814,514.3896231431899
3819815,340.6447384010097
3820816,310.4438241913431
3821817,530.9605108599898
3822818,530.6651566263035
3823819,660.0631693475411
3824820,333.7392678769418
3825821,635.5071213464073
3826822,393.3984682752881
3827823,607.2896850598356
3828824,391.6443494538555
3829825,647.8125504197438
3830826,195.73285620381978
3831827,416.5621963844046
3832828,657.258835410613
3833829,650.3061218621922
3834830,218.5304726719832
3835831,566.6606818146112
3836832,651.9963514501754
3837833,541.523300729214
3838834,445.4319195203491
3839835,270.840396955678
3840836,646.4071726282081
3841837,607.8141133588964
3842838,514.8603535254247
3843839,637.5199049662842
3844840,618.4251260107121
3845841,647.0148621946705
3846842,653.440786080862
3847843,661.3165533432623
3848844,650.923751023076
3849845,647.8569030260813
3850846,627.5303967872122
3851847,667.0314622515128
3852848,665.31881325337
3853849,620.8172514268723
3854850,626.0623455079873
3855851,505.61467056659313
3856852,643.3995624488934
3857853,663.4442829258148
3858854,644.2367006096495
3859855,660.2178853220878
3860856,663.2851299214243
3861857,668.4884649290698
3862858,527.8073110223813
3863859,630.5737888764763
3864860,592.9794288489636
3865861,661.0319018380267
3866862,666.927173671959
3867863,674.6159931791482
3868864,666.280750769699
3869865,651.737211652155
3870866,663.1806119932885
3871867,666.2273766412792
3872868,646.2494939136468
3873869,672.6158568128118
3874870,283.38338927911144
3875871,502.84991724217394
3876872,671.8937337035247
3877873,639.1786294889821
3878874,571.9691640886188
3879875,307.1867799819584
3880876,652.642681550183
3881877,680.4528285398069
3882878,670.04386644711
3883879,583.2565944045494
3884880,632.4788858114647
3885881,653.9673065229986
3886882,666.9066961588147
3887883,669.6683719187689
3888884,498.218151201857
3889885,661.2377398905423
3890886,253.77877992331744
3891887,565.4988737510441
3892888,667.3995191955609
3893889,676.4228368209962
3894890,397.98332529012293
3895891,597.1514701567693
3896892,629.9874074781806
3897893,641.6114396680481
3898894,656.3572226646779
3899895,677.5930234381104
3900896,667.2425336176905
3901897,679.4362521179273
3902898,554.6330418416513
3903899,673.1964170962405
3904900,672.5612510815406
3905901,676.6648633763789
3906902,638.506002813856
3907903,683.0088456576124
3908904,683.1897432138544
3909905,666.2252354883921
3910906,394.97034036955046
3911907,667.5254402061615
3912908,656.7557438179919
3913909,356.4613335264572
3914910,638.7100993907223
3915911,676.6800150280875
3916912,618.6428846096991
3917913,405.9715675356177
3918914,483.2392805052423
3919915,560.7436513211331
3920916,661.5768116435357
3921917,676.9275681437537
3922918,638.9639391583008
3923919,636.5169327338299
3924920,664.4354179601354
3925921,588.3129462323295
3926922,673.7752986213094
3927923,581.9624821070543
3928924,666.8353545841228
3929925,665.8216383008144
3930926,660.4695993042858
3931927,670.7536837579552
3932928,669.6314609941603
3933929,663.5191104259161
3934930,563.3071526931129
3935931,270.148555335378
3936932,569.7088769139807
3937933,664.3331341986817
3938934,636.1337030152422
3939935,647.2280770249654
3940936,448.4238876921292
3941937,617.7947078887764
3942938,281.5610824892825
3943939,639.7501049141199
3944940,644.0365144152948
3945941,646.4638296525743
3946942,282.218012095134
3947943,386.7731643691703
3948944,470.025628381389
3949945,433.6305210363528
3950946,665.9955233667176
3951947,653.9420787894695
3952948,571.8159846339505
3953949,525.9942182807508
3954950,449.3695901696676
3955951,283.7276474010227
3956952,638.0643014717183
3957953,545.7496862986297
3958954,215.14338488363538
3959955,549.223033824783
3960956,433.3824163057039
3961957,577.689518660026
3962958,477.7169984637717
3963959,254.40874719312362
3964960,338.4246646601701
3965961,384.55819459640645
3966962,644.019011589542
3967963,304.52468116576273
3968964,583.9866904434131
3969965,498.7317317615738
3970966,432.64667583078256
3971967,424.50533876471843
3972968,509.0892278638556
3973969,410.0851793381361
3974970,633.1817241906004
3975971,192.56557690008643
3976972,553.5524447479185
3977973,577.926075832248
3978974,612.9819836677874
3979975,364.0465488556858
3980976,601.5013810943077
3981977,549.3528373824638
3982978,323.1539385357331
3983979,353.8797012595855
3984980,566.3327084965981
3985981,561.918808468679
3986982,521.0443400639676
3987983,289.6651375029038
3988984,436.9247310596316
3989985,502.998251654896
3990986,562.2134774806682
3991987,584.3846001624937
3992988,490.37025654848895
3993989,571.401182400949
3994990,234.41090006744224
3995991,583.5551486296654
3996992,608.7974764648203
3997993,619.5608197864865
3998994,364.74906950779416
3999995,266.1520591166417
4000996,616.780523917339
4001997,615.4480838634247
4002998,616.238486687187
4003999,620.5971677649853
4005000,547.6295033013914
4006001,548.5575261543729
4007002,637.1363215784796
4008003,637.6370389248691
4009004,527.3481473624712
4010005,450.26655578900454
4011006,651.6191888511328
4012007,589.247542166151
4013008,627.600209576658
4014009,651.1326906858891
4015010,606.7035653060434
4016011,532.4269863219237
4017012,628.3609745108115
4018013,616.161082261364
4019014,610.1040424541166
4020015,609.5408943748578
4021016,645.6003834440389
4022017,560.345394908995
4023018,644.7982615602588
4024019,632.8891332358097
4025020,643.2061755798195
4026021,564.8492351827456
4027022,577.9679102656091
4028023,570.2136019076893
4029024,565.544570694622
4030025,612.9303931703013
4031026,592.4834791510469
4032027,598.6342277373124
4033028,548.0538190985917
4034029,624.6742985896475
4035030,595.6044334763269
4036031,645.8607822892664
4037032,653.2125274106565
4038033,658.5149688485315
4039034,659.5061147619225
4040035,649.459960764374
4041036,633.3448347505918
4042037,643.9745419770107
4043038,528.0242176128279
4044039,619.752348675187
4045040,251.98891199510797
4046041,483.09177974521646
4047042,652.5803788977854
4048043,660.5827435535595
4049044,633.4465219243986
4050045,668.1499923215503
4051046,669.9681499935443
4052047,659.2346840711349
4053048,660.6362911507248
4054049,661.7809815452829
4055050,659.7157896876606
4056051,672.6030828900983
4057052,614.9752577359885
4058053,641.2986479185627
4059054,652.1501114687898
4060055,662.2607802283893
4061056,671.6898134743116
4062057,652.0345215225418
4063058,645.5675726293248
4064059,224.8490257511056
4065060,486.1929234271356
4066061,665.4383498712922
4067062,249.92346873009467
4068063,208.90428161567945
4069064,656.4701190941549
4070065,477.8578061459065
4071066,660.0866912533355
4072067,637.4906819560323
4073068,663.6616347494615
4074069,235.3961108700031
4075070,632.933988831837
4076071,247.61803397525796
4077072,646.6506089324037
4078073,645.4857234145458
4079074,637.5318889696406
4080075,639.6282428427703
4081076,531.8397443409777
4082077,298.9221580297698
4083078,392.2189155013612
4084079,423.5142687391494
4085080,541.1409580021826
4086081,512.6045736161127
4087082,371.45331075294865
4088083,671.9549011133939
4089084,639.6165042573301
4090085,619.8344860602979
4091086,629.3905543944611
4092087,650.8799797745215
4093088,629.1072108664873
4094089,546.881787725749
4095090,650.3280329583242
4096091,638.6128205314292
4097092,511.5717416042904
4098093,671.1147077466298
4099094,639.6700697621344
4100095,618.8851347459449
4101096,422.61122856564555
4102097,658.6432245658833
4103098,591.4133929901758
4104099,396.6705190666523
4105100,630.1903903654816
4106101,498.43799896572887
4107102,546.51951431075
4108103,649.145178464646
4109104,432.2209689765677
4110105,566.6993514605603
4111106,612.6650831760816
4112107,447.7657549559339
4113108,634.609927811929
4114109,363.7242229435493
4115110,654.1410033578336
4116111,332.8431587984841
4117112,655.1416600333896
4118113,626.1789806836385
4119114,315.432163161093
4120115,646.2367223712351
4121116,656.6515250521273
4122117,666.1898783404685
4123118,629.3248147328682
4124119,661.5004326814562
4125120,348.0307576065852
4126121,661.9555691359512
4127122,653.6442865465436
4128123,644.4507632463112
4129124,627.361767388244
4130125,648.4445997527831
4131126,416.15259178298203
4132127,665.3624041710539
4133128,656.6515440306712
4134129,596.6570862845911
4135130,398.24076395333384
4136131,649.3784247310764
4137132,630.4984401688512
4138133,650.3780401374644
4139134,604.7379051344124
4140135,611.2601144584569
4141136,609.4738793124379
4142137,647.1923035905429
4143138,534.3606663017529
4144139,645.5214145838595
4145140,645.7986117258808
4146141,642.1960759099776
4147142,648.0738260045246
4148143,642.0935686161182
4149144,631.5315430266329
4150145,292.303602091395
4151146,546.1691377106206
4152147,616.6542009665276
4153148,594.5954202799658
4154149,363.05490281582837
4155150,650.7459995449871
4156151,200.1183638444951
4157152,627.8490870311743
4158153,434.0527352262649
4159154,635.8240045407481
4160155,499.19777770638234
4161156,641.5810797678345
4162157,207.07758587066294
4163158,456.0223634612529
4164159,606.7013925022505
4165160,617.7210658960239
4166161,614.7838325458374
4167162,340.9731584196216
4168163,601.312196325005
4169164,531.5674147572587
4170165,370.01568399876385
4171166,216.86148547874274
4172167,503.29704590885433
4173168,531.9812365502587
4174169,480.57853784029476
4175170,637.4864398906764
4176171,617.5680242906874
4177172,450.33301401178045
4178173,297.1300717748351
4179174,634.0721284127385
4180175,430.3782456492695
4181176,496.1593305205866
4182177,473.0686181997653
4183178,294.0817216180133
4184179,605.6367014222749
4185180,553.1006272782644
4186181,279.5240658506246
4187182,490.7253976773692
4188183,433.79017313978517
4189184,371.660185772403
4190185,481.5638024346818
4191186,614.7662100582264
4192187,485.00483416450834
4193188,550.5894318875039
4194189,607.7497386023329
4195190,619.104822215182
4196191,435.38444445862746
4197192,597.8171801695055
4198193,540.6741087386991
4199194,656.9959914883526
4200195,508.61872275445614
4201196,590.078039436881
4202197,649.2015755203647
4203198,632.8625976120211
4204199,564.822160277587
4205200,601.9311261258756
4206201,625.2488443044771
4207202,287.34921462304345
4208203,544.4522429122068
4209204,593.7569663864369
4210205,547.5724950107343
4211206,633.1778137155367
4212207,626.759815799598
4213208,506.16977581936123
4214209,648.568173138247
4215210,599.7199495985117
4216211,360.5934873301004
4217212,499.47217969377067
4218213,663.1851599153889
4219214,618.5514799193934
4220215,597.2997799495296
4221216,509.2054138287446
4222217,605.327881587914
4223218,526.7378551560325
4224219,591.0609017319993
4225220,529.2142681938603
4226221,645.4014835345185
4227222,649.4503589656925
4228223,648.2757324612193
4229224,545.2662293345999
4230225,408.6096833511612
4231226,603.4560771835061
4232227,643.1358967580016
4233228,627.1139490790196
4234229,483.59929045298094
4235230,210.27183523683428
4236231,602.4950672454295
4237232,618.3544417752731
4238233,586.6483705110073
4239234,615.9373200389131
4240235,633.2004012858528
4241236,478.6733815059259
4242237,637.3861293935892
4243238,410.91797978013517
4244239,545.7089990689863
4245240,610.1910992295865
4246241,574.6480377319625
4247242,650.2889752277235
4248243,640.3916362898482
4249244,653.6431817700767
4250245,574.5844391296724
4251246,627.320380092474
4252247,306.3742375065174
4253248,526.3009048843769
4254249,606.0516278417252
4255250,532.8975611011438
4256251,622.82751855036
4257252,598.6701324555488
4258253,627.9018390192253
4259254,624.7940981209435
4260255,630.274434453085
4261256,583.9991324227
4262257,651.0450146446965
4263258,150.4243045020349
4264259,606.7888925412433
4265260,636.8090211671541
4266261,615.6624323356705
4267262,408.02824599025655
4268263,637.2591841283738
4269264,606.0475611335416
4270265,648.2690637727115
4271266,600.568553479572
4272267,542.6070963967488
4273268,653.718390388865
4274269,635.552984311647
4275270,635.4692255562437
4276271,620.7685911856133
4277272,445.62603672528223
4278273,608.4950044202914
4279274,599.1563134330952
4280275,637.5569067361084
4281276,527.1441144649291
4282277,634.8204207835598
4283278,551.146266396364
4284279,590.3036625240964
4285280,616.6340488866613
4286281,603.5441502515431
4287282,615.3949119193709
4288283,635.8771951040467
4289284,486.0195981103488
4290285,585.5764929942102
4291286,618.4823170416716
4292287,487.2058551942711
4293288,647.8390914326213
4294289,627.3372669493923
4295290,317.71077019705876
4296291,576.3704518157676
4297292,648.3975098311117
4298293,607.5137096075455
4299294,473.92017591965595
4300295,625.1817438143687
4301296,384.56356960293965
4302297,617.5764665630952
4303298,631.6316299099288
4304299,287.17222512749885
4305300,629.6391236511199
4306301,198.26899147371304
4307302,209.91946908452266
4308303,623.617371302842
4309304,645.3001279598789
4310305,648.7856649655629
4311306,647.0084868608545
4312307,563.4211573336664
4313308,644.6249753640632
4314309,258.53400930527533
4315310,256.59857498956404
4316311,644.7026670509584
4317312,661.0433925247638
4318313,588.9934013475932
4319314,274.7174591429549
4320315,553.1372854527657
4321316,635.4176620498044
4322317,641.3816862019729
4323318,643.6619860792788
4324319,610.9822264410666
4325320,649.9536916070805
4326321,228.25548649081918
4327322,651.9753233349921
4328323,541.751098489458
4329324,644.8585858834947
4330325,646.7029533287106
4331326,486.11360122910764
4332327,653.1690300913837
4333328,657.258617652896
4334329,403.3640650045438
4335330,663.8090161799172
4336331,625.6048718106717
4337332,442.02524708173513
4338333,664.6650913839711
4339334,633.2980556159071
4340335,646.6336236623499
4341336,254.54637522256422
4342337,514.8516228832877
4343338,380.6602255274322
4344339,563.7041655980485
4345340,613.2713635116766
4346341,471.3942594801964
4347342,456.3729493723988
4348343,664.8224332727245
4349344,654.1374316338525
4350345,656.2301604791719
4351346,648.5364857202428
4352347,597.8204039155377
4353348,605.8035158941336
4354349,650.1497652790553
4355350,441.69171258225214
4356351,638.1421523726332
4357352,577.2626918191698
4358353,652.6683361091739
4359354,176.4621171363811
4360355,620.9664271572632
4361356,647.5166952602937
4362357,631.0104928031175
4363358,517.0933529311851
4364359,657.1731029085953
4365360,655.1298196411346
4366361,638.9470655295618
4367362,622.4330011266909
4368363,218.0219638127772
4369364,634.2242439387364
4370365,529.5954166998948
4371366,646.5623061356663
4372367,668.4003923977682
4373368,664.3688658366145
4374369,651.5085333841489
4375370,668.9252969177
4376371,666.8680120520513
4377372,650.4286212442777
4378373,248.27155290132632
4379374,660.1801317903008
4380375,655.119706557941
4381376,623.2115591771241
4382377,626.3425622316072
4383378,662.5802073933625
4384379,656.5270287425459
4385380,643.5757338995444
4386381,669.165396720117
4387382,667.4891289178427
4388383,654.8837565209426
4389384,659.4166017350332
4390385,560.5974471027832
4391386,640.5876619496815
4392387,650.1015655858753
4393388,640.4351894529116
4394389,525.6707167198068
4395390,548.0272099502039
4396391,653.646575547442
4397392,639.3397996872369
4398393,661.2045468348751
4399394,655.8243055026697
4400395,634.1028803202818
4401396,653.4901829498561
4402397,660.0729949746814
4403398,593.155653458472
4404399,662.8367448390641
4405400,260.7005907110897
4406401,378.7937518371817
4407402,616.6127780026821
4408403,660.0744777866217
4409404,662.1184087121517
4410405,653.8876400812941
4411406,504.2686723160052
4412407,669.2870232374364
4413408,668.0294469284556
4414409,653.6737196722106
4415410,662.1310771189743
4416411,650.6989360719767
4417412,456.21554290736435
4418413,646.0554223737665
4419414,663.4510967892214
4420415,503.6230439823493
4421416,607.5629186640815
4422417,663.2943063293602
4423418,452.8564682984011
4424419,630.1192545819442
4425420,639.9258197006772
4426421,647.0484478916014
4427422,644.6706982122894
4428423,555.063706696942
4429424,649.086212706758
4430425,601.4431422581681
4431426,657.7657724847511
4432427,641.1894819068733
4433428,557.0217239034765
4434429,620.8982461781732
4435430,647.4173067722295
4436431,626.5424421270701
4437432,657.8149122550566
4438433,643.2579845742206
4439434,631.5964268180668
4440435,524.9125484442725
4441436,585.4009034337032
4442437,641.9834225512451
4443438,259.2801748234418
4444439,651.7267762956782
4445440,605.2609616049806
4446441,539.4421112836336
4447442,661.0434279378142
4448443,387.3545610681972
4449444,640.2572746891977
4450445,631.0980661410995
4451446,639.3802392616773
4452447,661.5821626807561
4453448,647.9154652530115
4454449,642.6955518668633
4455450,653.3986942447103
4456451,280.5193575835693
4457452,503.7537991368761
4458453,271.74272866187874
4459454,663.3910609634403
4460455,281.06252899669096
4461456,357.3226288514968
4462457,662.4063799486113
4463458,631.3339627223418
4464459,294.7364766356111
4465460,641.5298233037383
4466461,309.6561185473219
4467462,676.4590847596131
4468463,662.3949617431462
4469464,529.0568633025684
4470465,673.6504681991802
4471466,662.77198343254
4472467,654.5026638045044
4473468,673.4059747855055
4474469,677.6012901597575
4475470,214.74958878141396
4476471,627.6465116790346
4477472,669.2698864059835
4478473,406.5084230145135
4479474,543.2059444646937
4480475,659.9039657019846
4481476,616.9347517216934
4482477,636.8870997137894
4483478,638.3887700092806
4484479,647.7834814470065
4485480,655.3978243424499
4486481,652.0009391588653
4487482,633.1319532730053
4488483,652.756965434632
4489484,651.279202526091
4490485,629.2685531017935
4491486,654.6669555663508
4492487,629.3406599018347
4493488,522.2548239263022
4494489,656.6412730972343
4495490,637.7871410046711
4496491,628.501440005297
4497492,610.5226639135394
4498493,622.2456962686767
4499494,605.8584023021554
4500495,600.8186544641654
4501496,621.3265583838287
4502497,597.5451948467687
4503498,618.9747108228813
4504499,627.6894342670195
4505500,421.1449453502983
4506501,425.26864982791767
4507502,637.98553822553
4508503,638.8704687001684
4509504,661.0733184620236
4510505,583.805844390177
4511506,218.44749084189513
4512507,615.3942730947931
4513508,619.8277105631215
4514509,570.4772427099475
4515510,627.8515236198955
4516511,643.2965886652523
4517512,640.9256744933075
4518513,606.9569913829504
4519514,615.4492254814791
4520515,468.66384072240817
4521516,409.3643577546909
4522517,594.6783454899617
4523518,626.3860860024524
4524519,387.1591424315843
4525520,579.2929568707048
4526521,624.7688037651942
4527522,635.1591561474552
4528523,582.1925174214848
4529524,623.0935976019704
4530525,330.92124848272
4531526,595.3263027441418
4532527,653.7895748048271
4533528,610.0176576254911
4534529,413.12487031391515
4535530,635.3265231176433
4536531,637.8389099030052
4537532,655.8210068172457
4538533,641.946137305149
4539534,626.6670944267374
4540535,480.3163878239094
4541536,653.7579488606428
4542537,621.15674560377
4543538,667.7502183962481
4544539,657.9360708310311
4545540,643.7047431117524
4546541,641.5070631109451
4547542,632.506450373425
4548543,613.3589169990943
4549544,646.8945085684823
4550545,632.9406000803931
4551546,641.1809316404076
4552547,646.0619828221562
4553548,667.9870886772832
4554549,651.5286654753169
4555550,663.9255405770191
4556551,542.917205708473
4557552,579.9333066976025
4558553,505.06481291965997
4559554,627.1744513539352
4560555,313.26086218964724
4561556,624.3607902869871
4562557,680.4740583341521
4563558,390.91293708474973
4564559,681.1368450264446
4565560,674.8355372253789
4566561,671.5035520093824
4567562,277.30955609485574
4568563,635.8688233143483
4569564,642.0509876858082
4570565,571.0467258865892
4571566,526.0409222745611
4572567,655.7213807265538
4573568,682.2675634131612
4574569,661.2274678399381
4575570,666.4787271561161
4576571,614.1768004987097
4577572,610.8993197429909
4578573,674.053890414074
4579574,671.5379447976421
4580575,678.7958957259015
4581576,679.7680994703669
4582577,541.3524217484636
4583578,643.1008972772471
4584579,659.3706479253888
4585580,646.2030974404887
4586581,671.2405409493595
4587582,655.2759512293112
4588583,546.6554393476513
4589584,493.1668220733839
4590585,387.4991477468214
4591586,594.9245840801221
4592587,480.00095979560155
4593588,524.0523256255176
4594589,547.5022225719067
4595590,499.3459333880767
4596591,433.7398935876461
4597592,521.2176669282676
4598593,641.2821034873225
4599594,499.33836960522257
4600595,667.9088785850213
4601596,531.9928046433636
4602597,642.1618079702124
4603598,653.641551845642
4604599,641.1395898051422
4605600,303.37487887268566
4606601,334.67291819644726
4607602,508.9059479747021
4608603,624.8518769449757
4609604,634.3992243713757
4610605,668.0620285431136
4611606,550.1993446731619
4612607,671.2581569354026
4613608,646.1115542992935
4614609,638.5702783258241
4615610,665.2135881987723
4616611,655.3718793761946
4617612,219.69685488026246
4618613,631.2257882775831
4619614,498.6268126803998
4620615,661.4548530495982
4621616,667.0607011750652
4622617,677.4682967737592
4623618,625.7462361421238
4624619,666.7080532478676
4625620,556.3665717408804
4626621,658.5882146659512
4627622,325.3244848097889
4628623,673.6770091601296
4629624,664.1816257933881
4630625,661.4886813245004
4631626,669.8864454400161
4632627,664.6989883738133
4633628,637.0061423922274
4634629,659.7957806150697
4635630,672.6107048063184
4636631,680.3382382171883
4637632,638.0150484224639
4638633,642.8539423451688
4639634,674.7494638624994
4640635,671.0329330783067
4641636,610.5712293613501
4642637,664.7408957491614
4643638,609.0512962398581
4644639,527.9874988651486
4645640,680.4774416164511
4646641,660.5611440565648
4647642,647.4359770954712
4648643,643.4020769722651
4649644,668.028330314639
4650645,675.1999062891975
4651646,658.6523921118974
4652647,471.7175224012696
4653648,648.3195963888164
4654649,655.9652327826876
4655650,657.8391394451673
4656651,233.26285852664878
4657652,666.0293186154963
4658653,665.9657409795888
4659654,677.722615515556
4660655,507.68176075982365
4661656,641.7956291950662
4662657,671.6140302900844
4663658,676.9037908231401
4664659,347.5465506697772
4665660,320.5561142207537
4666661,376.6793429923037
4667662,581.1645607986117
4668663,651.8382462237938
4669664,662.9085858823005
4670665,335.7129069309265
4671666,655.4795667721132
4672667,674.8482550798045
4673668,663.0629155078328
4674669,680.4125244808921
4675670,297.8748729420498
4676671,646.0828622976373
4677672,607.8506751988778
4678673,602.3636559582949
4679674,666.8720602125594
4680675,644.6726705334287
4681676,656.484634844612
4682677,657.7342299762844
4683678,645.7299521647191
4684679,667.4972929773727
4685680,666.3875041303854
4686681,680.6900632599055
4687682,662.49487694262
4688683,668.9354154253248
4689684,665.2705037014273
4690685,666.1548380890958
4691686,656.3532078273577
4692687,674.8600921348794
4693688,655.004236498553
4694689,678.9214149808446
4695690,648.5905062490383
4696691,667.5738379776651
4697692,667.6586283575623
4698693,661.5503902803788
4699694,670.973474547872
4700695,639.0971607064826
4701696,269.5172130466917
4702697,629.2802042772779
4703698,523.465004883472
4704699,519.6200242700465
4705700,508.66930900102807
4706701,622.7766738187594
4707702,636.6078507605134
4708703,482.09905169728864
4709704,581.7824701302043
4710705,636.4397821265995
4711706,366.17352265657007
4712707,275.46403169669026
4713708,640.9402916454658
4714709,219.01125124354593
4715710,626.2399043426725
4716711,289.8211566602251
4717712,225.31547014319776
4718713,600.5163551596145
4719714,480.4218565029095
4720715,635.9037491019326
4721716,533.524962271971
4722717,653.9953193897711
4723718,651.3718703512307
4724719,624.6659476535673
4725720,670.6604828842487
4726721,649.029718590501
4727722,251.3463204841766
4728723,652.7648931369467
4729724,645.8974096860026
4730725,616.456341443858
4731726,642.9528851119494
4732727,629.0543076622797
4733728,614.654864971337
4734729,623.0066813591344
4735730,625.92686407555
4736731,640.8841319147934
4737732,641.3512723051381
4738733,598.4186458579379
4739734,658.8770048146197
4740735,645.030452787283
4741736,639.9584884994036
4742737,628.066646975741
4743738,652.4684644569403
4744739,668.4476477148175
4745740,654.1569156316839
4746741,638.5010237995373
4747742,665.4684123692416
4748743,662.7474416885952
4749744,665.2007110215454
4750745,649.4473225539328
4751746,653.5577002011713
4752747,636.5306066746451
4753748,655.1030968804287
4754749,644.7730153213715
4755750,647.6696105073771
4756751,572.9661074479875
4757752,420.7555024975986
4758753,648.0598203120645
4759754,653.0288467164704
4760755,631.0520098516176
4761756,673.328440953533
4762757,429.6426131879284
4763758,512.2287208259959
4764759,656.5095511914714
4765760,536.1758092235073
4766761,661.115280106757
4767762,664.1230238599554
4768763,661.4610085492632
4769764,677.1451887089534
4770765,467.23629837487897
4771766,521.8120882723427
4772767,356.7875904230553
4773768,474.454989398141
4774769,663.5969970995615
4775770,597.6332069510512
4776771,635.8770597728654
4777772,649.3964543631497
4778773,645.1241600119452
4779774,611.4570711043492
4780775,658.8900514692494
4781776,388.46362125655867
4782777,657.2198367164187
4783778,358.16638712494426
4784779,631.9646113894181
4785780,640.5524533212196
4786781,325.7874665696004
4787782,634.2942884072362
4788783,567.8790956569447
4789784,650.0010321864166
4790785,649.5748617315039
4791786,499.0378284456816
4792787,658.4119500438146
4793788,661.6055730537946
4794789,676.3506198547334
4795790,677.1535657734381
4796791,656.2404532155148
4797792,648.6032339935301
4798793,619.3077495579922
4799794,657.9441098854755
4800795,653.649724969375
4801796,649.417316070212
4802797,645.2002085245493
4803798,665.5086052004276
4804799,661.1613037564529
4805800,602.3274358987677
4806801,665.1689212912371
4807802,664.8794705403309
4808803,235.40538906605647
4809804,540.7025558239038
4810805,675.7375449345949
4811806,653.189540852887
4812807,629.9714131398287
4813808,633.3489703666927
4814809,641.656029433395
4815810,631.1270808724332
4816811,657.4630644262737
4817812,591.4145459091162
4818813,572.2556957814995
4819814,542.6298388163825
4820815,564.5997197145359
4821816,643.5668908549204
4822817,512.0662598615377
4823818,576.6210871363851
4824819,586.4494831683477
4825820,638.7867629815963
4826821,644.2133291470446
4827822,623.5997073639538
4828823,647.4106075590744
4829824,433.9845521109505
4830825,612.6114282215128
4831826,612.1628644123392
4832827,637.1696716422834
4833828,565.1057105262814
4834829,584.4911061835221
4835830,549.1267107928545
4836831,479.42591750433013
4837832,587.9036956980491
4838833,273.5924711543359
4839834,590.6735219167759
4840835,570.9295728223224
4841836,570.9403349892295
4842837,521.4610523305863
4843838,544.1443010770365
4844839,536.698745942365
4845840,626.6664262457743
4846841,595.9874614654748
4847842,606.3316908924093
4848843,510.69208629497933
4849844,599.3081610777572
4850845,442.2853341529336
4851846,606.5792217013662
4852847,252.16880581457625
4853848,266.3427485894252
4854849,432.07861342423394
4855850,421.8050416564963
4856851,563.2447559612183
4857852,537.144970712266
4858853,597.0661516060292
4859854,539.591957117369
4860855,394.42759188682936
4861856,410.8675002436378
4862857,629.3054241560659
4863858,659.1280796566141
4864859,613.1725957051202
4865860,461.90886829204175
4866861,648.0278579430116
4867862,378.52855055567557
4868863,217.73792437264632
4869864,633.9548368517702
4870865,393.66327984034086
4871866,638.5501505234524
4872867,551.4329585426624
4873868,510.464330026889
4874869,647.6537505524726
4875870,613.8322876757509
4876871,493.18418820016757
4877872,513.2095169262228
4878873,241.5911288180844
4879874,654.6373668597062
4880875,628.8633437921329
4881876,475.1059323313803
4882877,534.8834937735786
4883878,638.1794660947355
4884879,621.2458216429809
4885880,649.0529483503371
4886881,638.6938220781583
4887882,476.37869923366225
4888883,519.8507959326128
4889884,381.6183618887787
4890885,397.9804447020239
4891886,278.8121679244376
4892887,619.2554586060994
4893888,516.9431425694521
4894889,397.9796570144741
4895890,657.7525337868966
4896891,508.66879492509923
4897892,634.0436944366415
4898893,517.5549333222594
4899894,583.8609960326759
4900895,517.5188203671306
4901896,628.6462784898397
4902897,623.9809395269062
4903898,455.6068583629105
4904899,662.3556987604577
4905900,466.42138834423406
4906901,524.0687902483851
4907902,640.2900497927649
4908903,623.3744320508805
4909904,562.6143199038733
4910905,628.0982841562876
4911906,396.704416302105
4912907,579.3884555284747
4913908,618.9717926982275
4914909,588.7809090971
4915910,593.7261007017851
4916911,543.1965604853771
4917912,634.7025255263806
4918913,641.839233023132
4919914,481.443017016522
4920915,449.37598442361815
4921916,362.56387271594065
4922917,405.3328100252432
4923918,650.2819641343414
4924919,403.38767284003995
4925920,623.9289324692276
4926921,668.8773920987202
4927922,439.3376068470027
4928923,536.0258264961044
4929924,629.1150288276262
4930925,466.79558436140036
4931926,638.618867961538
4932927,641.7173020832171
4933928,525.2291816166128
4934929,632.6641059194591
4935930,613.009046100465
4936931,648.7506260179923
4937932,595.3865967827793
4938933,651.7595062582507
4939934,643.281294136639
4940935,631.3535545464118
4941936,455.6398584988923
4942937,624.9124026110877
4943938,239.61581498743215
4944939,628.5737105564841
4945940,652.7846886805926
4946941,623.0192094946904
4947942,544.5153560571956
4948943,623.539608430853
4949944,408.87255901881036
4950945,662.4783062507807
4951946,662.5255712425488
4952947,580.240692718384
4953948,662.9522930587078
4954949,515.224826310992
4955950,586.0004103418894
4956951,455.43970076151345
4957952,604.1274617429162
4958953,650.3845707516004
4959954,440.14996371177614
4960955,502.5309599707629
4961956,343.46639947093985
4962957,565.9641407727308
4963958,553.2008937661323
4964959,621.107589483144
4965960,512.1954780911559
4966961,507.0631368119481
4967962,475.9261534786582
4968963,648.9580552866154
4969964,456.79168361455805
4970965,652.5990999999364
4971966,592.5357754137177
4972967,647.0023436850821
4973968,660.3471820169013
4974969,651.9153780653595
4975970,675.991227766719
4976971,647.9891278067486
4977972,657.0643201671937
4978973,665.6511233362193
4979974,520.7043806299799
4980975,528.5512255836284
4981976,641.7070887109496
4982977,652.3543215027316
4983978,658.6313138673934
4984979,668.2743452849724
4985980,648.9834875155601
4986981,598.0915357102974
4987982,665.6204167890248
4988983,675.2073429804034
4989984,464.50307734397506
4990985,659.045547694396
4991986,660.4916085145824
4992987,655.7585284921603
4993988,668.3416815729855
4994989,638.3000155913936
4995990,654.3533136833813
4996991,490.3363970720357
4997992,471.6374267928568
4998993,662.5980688287115
4999994,280.6767733371431
5000995,666.4800292396194
5001996,658.4624140422059
5002997,665.2542074888181
5003998,545.6419057407413
5004999,660.0057388400659
5006000,385.07236198027755
5007001,663.463184452143
5008002,601.6210867139343
5009003,652.5697640297408
5010004,669.9843068629178
5011005,650.2694586565775
5012006,647.765858885531
5013007,670.1428225972522
5014008,653.4294513079378
5015009,656.9092740981789
5016010,645.82924774716
5017011,671.5237555387389
5018012,667.9513641912641
5019013,651.1112972065257
5020014,568.6016090816099
5021015,333.0633022389541
5022016,673.6690862828058
5023017,675.5284776076245
5024018,633.0341297643504
5025019,679.7660386158784
5026020,672.4098206202414
5027021,649.7750898537314
5028022,647.3870604902025
5029023,667.9117154806987
5030024,652.0596429712548
5031025,671.3382433551701
5032026,658.2843385058068
5033027,650.1789402637295
5034028,657.013798898785
5035029,675.4839150653647
5036030,644.1991653898461
5037031,568.0496337586254
5038032,468.08957127862305
5039033,676.3805180234996
5040034,506.29052059995564
5041035,674.7002576456547
5042036,669.6830201295531
5043037,238.80369056342943
5044038,591.7890057571765
5045039,668.0685640433934
5046040,661.4914291795601
5047041,662.3901032755514
5048042,662.8921729669306
5049043,673.7154953695355
5050044,676.0081241700013
5051045,650.2636697017674
5052046,647.0012711521562
5053047,679.5421567737947
5054048,665.1664471601401
5055049,662.7043450430601
5056050,660.2061599711935
5057051,495.61689892781425
5058052,647.0610626754178
5059053,654.2219225918503
5060054,650.755375926377
5061055,527.4075394762353
5062056,658.2947850337952
5063057,658.4067731361081
5064058,639.1830490074044
5065059,494.4278326334209
5066060,666.8015638669644
5067061,673.5348636775888
5068062,667.6283124492783
5069063,520.7938345488764
5070064,412.3071817932425
5071065,660.4520845744419
5072066,655.0255770996439
5073067,668.823851484333
5074068,654.2493578300129
5075069,552.6452757509497
5076070,565.4466301191951
5077071,666.8082570910201
5078072,679.2277157730563
5079073,650.1039065719464
5080074,652.5465695137347
5081075,389.52187199567004
5082076,656.0218036350158
5083077,639.7959319105414
5084078,661.6632788298492
5085079,635.4330306232808
5086080,643.9799794219081
5087081,443.16425994388396
5088082,510.1464647918166
5089083,672.356514328859
5090084,652.4663136031452
5091085,669.275397994958
5092086,660.470317525193
5093087,666.7361225838483
5094088,647.1434569492952
5095089,521.1549581941881
5096090,630.0326833487325
5097091,668.9850528925832
5098092,359.62668655118665
5099093,414.47404822717755
5100094,462.28760267559466
5101095,659.1570556359715
5102096,673.9148721251594
5103097,671.4904344538146
5104098,665.4226785759643
5105099,676.2486844296038
5106100,495.9904394167615
5107101,665.321956203642
5108102,653.3033253959685
5109103,672.4435327851728
5110104,674.9432012614111
5111105,679.9752140479403
5112106,655.9961092077704
5113107,271.4483975077745
5114108,684.2951064827006
5115109,652.1036958772256
5116110,659.6643504338108
5117111,673.4011676355072
5118112,662.8310790249186
5119113,667.1558191094924
5120114,629.8118232097046
5121115,668.5561730258913
5122116,645.288019669162
5123117,609.3930365008634
5124118,650.2785325633873
5125119,680.0022955960194
5126120,666.0271626734274
5127121,655.9563926457449
5128122,656.3900173723224
5129123,668.3443786826697
5130124,629.4952734466982
5131125,646.0409468897795
5132126,338.35357497637284
5133127,529.2480049786117
5134128,554.6188931707217
5135129,593.3071562937771
5136130,381.8538746677725
5137131,651.5990419892238
5138132,551.7671565749325
5139133,659.2421798609322
5140134,528.3765718645252
5141135,614.2013880649788
5142136,539.7658296939588
5143137,615.9577767913196
5144138,456.56435174108447
5145139,625.4339919290829
5146140,311.1811827205209
5147141,527.110645055574
5148142,614.3159335808059
5149143,435.7102400093331
5150144,668.6477400994225
5151145,516.1012472771271
5152146,642.3230996505581
5153147,600.1987951251957
5154148,667.4560783802896
5155149,636.0271764475569
5156150,640.4987108965695
5157151,625.1961209930912
5158152,611.8558115822302
5159153,655.6409860149113
5160154,641.6814876181683
5161155,655.37807727789
5162156,641.9309957895782
5163157,621.7434909032871
5164158,638.2935933660531
5165159,660.0592140628195
5166160,638.2806479130536
5167161,442.19924547129415
5168162,551.3057729622194
5169163,658.7197393229185
5170164,659.8164988298537
5171165,654.5002763872958
5172166,645.3140854874325
5173167,635.2525281103772
5174168,617.4864391731638
5175169,380.295267206851
5176170,643.865254770988
5177171,585.6512666670526
5178172,632.1294690781493
5179173,640.4238463002968
5180174,620.2543175305212
5181175,658.5141321364788
5182176,432.51982222741105
5183177,665.521470914526
5184178,454.75488360884304
5185179,653.029729047121
5186180,665.3890948952933
5187181,656.2212041202463
5188182,653.6756835656546
5189183,642.5492414847323
5190184,657.5416314698865
5191185,528.5894124131872
5192186,573.0467318941371
5193187,633.0814765365074
5194188,601.0719211383786
5195189,607.2296236597238
5196190,658.7680840800674
5197191,631.9490548746816
5198192,374.0167332793929
5199193,627.7953654498789
5200194,627.9425390052105
5201195,547.3887349038653
5202196,371.2029977445169
5203197,636.2655896763356
5204198,484.24385083005194
5205199,653.9720234797362
5206200,591.2646788015799
5207201,452.41408010816843
5208202,503.53080610145724
5209203,656.2380779760749
5210204,651.9670922279126
5211205,661.1330830008972
5212206,627.1525752534877
5213207,386.32107571552666
5214208,599.309517408752
5215209,636.3032471214398
5216210,558.355073096749
5217211,655.9867545417442
5218212,665.1014805212301
5219213,465.34294678232277
5220214,507.72273268177867
5221215,571.3398339487073
5222216,667.5207489382605
5223217,669.2071743391252
5224218,583.8076564685449
5225219,670.2047009619724
5226220,655.348808323826
5227221,635.7114982137696
5228222,668.0551461606724
5229223,660.6003222365912
5230224,660.592382889438
5231225,663.9052714350973
5232226,600.6312962487139
5233227,674.2628825509574
5234228,669.4661810145446
5235229,639.6757028765161
5236230,536.7905264062829
5237231,449.39115083402265
5238232,670.1145204709769
5239233,671.1967942358301
5240234,651.4992601836611
5241235,641.244607671023
5242236,646.5094735156093
5243237,625.8559528349193
5244238,667.5661756518008
5245239,657.3367138193406
5246240,423.42902227471046
5247241,500.3112047864741
5248242,476.69932697217604
5249243,558.0206130751374
5250244,543.1639146574495
5251245,545.9066552660081
5252246,652.4479434339265
5253247,642.0082369352391
5254248,590.9211257223459
5255249,537.4661873437316
5256250,594.0994672209255
5257251,613.4103965916736
5258252,638.0032437065674
5259253,650.7123516777568
5260254,652.1189757332112
5261255,335.127256383567
5262256,662.7211548592728
5263257,671.6342406974888
5264258,650.6887739714443
5265259,643.5629709498176
5266260,645.7741152262159
5267261,651.7399933330069
5268262,386.3080079523845
5269263,670.5593084955558
5270264,657.7220952007199
5271265,488.78160271367045
5272266,646.2965161028022
5273267,551.7297858158041
5274268,650.9804319670568
5275269,588.3311958247983
5276270,643.0714974357135
5277271,635.7725386968713
5278272,555.0568079720554
5279273,582.7611673327897
5280274,475.66682304021225
5281275,615.3953746494715
5282276,403.2914014226998
5283277,641.5554429653312
5284278,646.6648392570164
5285279,654.4248468550591
5286280,541.8135195744645
5287281,641.2039643697826
5288282,635.4883016361764
5289283,344.08973885234593
5290284,590.2977713347523
5291285,657.291403857038
5292286,656.915800714031
5293287,652.6598794756883
5294288,667.841418183733
5295289,654.2914866973821
5296290,661.6019908650869
5297291,656.6207195324857
5298292,631.99935638958
5299293,649.5924849794959
5300294,638.254283474665
5301295,670.5119163740827
5302296,665.5914392535519
5303297,195.8645248846867
5304298,645.1443125314228
5305299,492.7686982576628
5306300,658.4286441396375
5307301,534.6926234945756
5308302,365.3719096425984
5309303,624.3145363769041
5310304,659.2658577687984
5311305,558.4564097476203
5312306,649.6045568930015
5313307,670.9718854256528
5314308,318.58558502797524
5315309,481.8493037530671
5316310,565.8637702964149
5317311,471.14136071673096
5318312,465.5238043816277
5319313,502.0386187612254
5320314,632.1593984101955
5321315,645.235594600724
5322316,305.84128717969264
5323317,665.4725201051676
5324318,587.3027011426376
5325319,645.3911416330375
5326320,327.6834868399972
5327321,394.41111082966444
5328322,478.5952638569249
5329323,631.8073255963664
5330324,636.6972420107244
5331325,623.2070349248014
5332326,663.0067972579527
5333327,641.4533663779525
5334328,656.844029843783
5335329,633.1111429064633
5336330,558.8299626658377
5337331,391.8439899177204
5338332,563.6751247068217
5339333,653.5798300205798
5340334,643.5098037205976
5341335,643.61756402763
5342336,639.9309980788998
5343337,654.5858528200403
5344338,664.7621965563517
5345339,644.0395916186662
5346340,636.1216542012729
5347341,641.3514650880433
5348342,637.9744403409248
5349343,649.8468366201087
5350344,626.3947978729335
5351345,482.90973256780745
5352346,629.6025310362619
5353347,670.7525973723154
5354348,651.8942683902767
5355349,607.5420826223569
5356350,649.9926843007772
5357351,427.94482746398126
5358352,641.1476875841333
5359353,602.0687919536917
5360354,642.852497829193
5361355,674.8702774360808
5362356,653.567425108629
5363357,645.9005298152777
5364358,661.7146001961748
5365359,590.0839977691095
5366360,633.0250731903162
5367361,510.2596159974138
5368362,555.230400933227
5369363,593.8480270876258
5370364,566.9691839590971
5371365,642.0670951411824
5372366,587.0430643860411
5373367,627.7725598390359
5374368,621.8647463212784
5375369,670.2210945393181
5376370,496.37060741677317
5377371,486.4851811323296
5378372,628.1153553531567
5379373,626.9671820011387
5380374,599.8435112095199
5381375,636.8088276764278
5382376,588.8331380499068
5383377,622.0861179329243
5384378,530.2595576737845
5385379,383.25818112329097
5386380,465.2573284994881
5387381,534.007628833657
5388382,551.3293154247418
5389383,587.0679192111795
5390384,261.61946122083486
5391385,540.2591229835984
5392386,606.7211699302483
5393387,552.6971171603778
5394388,597.2456709108752
5395389,547.3668785802424
5396390,577.3664172631832
5397391,610.738212183065
5398392,488.11546467437967
5399393,547.5460494140931
5400394,571.863280851151
5401395,550.9540471268638
5402396,638.9298978567052
5403397,576.439441727939
5404398,629.4067416423877
5405399,606.9831334393486
5406400,614.2180739727078
5407401,647.1147087348747
5408402,611.4148852760947
5409403,611.963760469576
5410404,633.898206552459
5411405,651.9187830345081
5412406,639.1200551956522
5413407,657.735217042477
5414408,646.3622778356083
5415409,636.7504539260008
5416410,604.0237262199768
5417411,637.1208669856878
5418412,575.5084344400626
5419413,655.6661843680266
5420414,658.5738913890766
5421415,643.1684259263101
5422416,673.5728680077914
5423417,674.0815680552561
5424418,427.03110815875027
5425419,669.2078619605869
5426420,663.9871148228751
5427421,428.19798852655526
5428422,475.65967789489963
5429423,624.6544250272744
5430424,290.91515036733836
5431425,664.0342163935303
5432426,496.256200097042
5433427,670.8079306972957
5434428,603.3069432696794
5435429,550.5601605317767
5436430,630.3682598359304
5437431,663.0841582378011
5438432,660.5105961467838
5439433,666.3826921148903
5440434,597.0053921098751
5441435,650.2121540664286
5442436,663.0904851803081
5443437,587.683255215799
5444438,517.4048098558682
5445439,664.0816653916811
5446440,656.3957958756536
5447441,537.9699494314668
5448442,664.5035368044987
5449443,656.2493574260319
5450444,480.3590578941659
5451445,450.5770731336601
5452446,599.2000102114673
5453447,646.55076564459
5454448,645.410941177934
5455449,652.9262258028535
5456450,584.8583597879566
5457451,570.4421044647744
5458452,639.7784282708831
5459453,650.2815592808552
5460454,515.4991118801453
5461455,561.5602496294491
5462456,595.8095768782067
5463457,670.3548922784673
5464458,644.9877314395503
5465459,653.224373553243
5466460,664.6995345776853
5467461,665.2145545982117
5468462,304.27185313389737
5469463,517.2320811378826
5470464,659.5173804982857
5471465,680.9236882001117
5472466,649.040646785012
5473467,661.9213997785542
5474468,681.3715552242113
5475469,568.960743510589
5476470,679.7102612443051
5477471,678.4834113583153
5478472,667.6208548438648
5479473,585.4247697676492
5480474,588.5665041204854
5481475,465.01289358552884
5482476,658.0950241307038
5483477,679.768265742425
5484478,570.9418061281921
5485479,321.98105683811474
5486480,534.4818538484491
5487481,641.0279643089772
5488482,346.940479194556
5489483,664.1808214097382
5490484,677.1710094831095
5491485,591.226514472776
5492486,677.4677104446369
5493487,660.9956376809262
5494488,678.6997509997378
5495489,670.952216052041
5496490,663.7532870653122
5497491,508.7290817408883
5498492,672.0266228093459
5499493,667.148537973644
5500494,679.9932922014916
5501495,673.1458018930168
5502496,656.5157876331194
5503497,467.18800816840076
5504498,677.3387079894336
5505499,666.1725593342032
5506500,665.8453910261736
5507501,660.8757747975205
5508502,668.1946299048217
5509503,560.9884162540017
5510504,664.3960757915239
5511505,665.7132462598437
5512506,665.8986074352359
5513507,566.1165702095018
5514508,475.40800841680584
5515509,649.3565485045934
5516510,438.75791320062416
5517511,307.35375764702275
5518512,631.1661379207359
5519513,515.4490590060159
5520514,614.2182038956778
5521515,646.4694262741225
5522516,636.492208060695
5523517,658.6349404932087
5524518,661.425614454353
5525519,665.2564765374009
5526520,649.5216161546399
5527521,663.6429158585032
5528522,672.7466134312472
5529523,668.6001850562055
5530524,659.2528229353395
5531525,650.5070951743234
5532526,624.1053749288084
5533527,375.87280916189303
5534528,667.6068251662198
5535529,649.4352527877836
5536530,627.7655928491289
5537531,659.3009864668527
5538532,649.3514922575692
5539533,662.2740941008161
5540534,657.4186988689044
5541535,661.6891804848239
5542536,659.0965919217911
5543537,592.0306808598692
5544538,647.6274609857913
5545539,642.9276631169536
5546540,666.1947426555939
5547541,654.9863770376706
5548542,650.1328588838247
5549543,649.2703515268576
5550544,608.7918395615513
5551545,545.4619008624455
5552546,393.5950197387402
5553547,569.8597372792034
5554548,646.2850958204821
5555549,653.5239950806978
5556550,651.2364190578178
5557551,508.96568403171636
5558552,535.9129751486399
5559553,666.8994917939174
5560554,545.9890204332736
5561555,657.5800590710376
5562556,487.4337711758711
5563557,662.1912747736604
5564558,660.211972329262
5565559,657.4302522943822
5566560,676.7613875653318
5567561,503.2046149975408
5568562,551.2605500519644
5569563,665.6097550848924
5570564,669.3389062289615
5571565,539.7113872909815
5572566,649.4170756164409
5573567,633.411145656055
5574568,429.48553590631013
5575569,665.335483785214
5576570,652.5165823866565
5577571,664.789320343439
5578572,554.1050548381886
5579573,661.8031797433869
5580574,586.1630917822208
5581575,660.8299588210663
5582576,395.7499935814895
5583577,599.6175345645601
5584578,658.8308930696196
5585579,665.466672035604
5586580,655.493654699967
5587581,666.8788489790035
5588582,666.784868951221
5589583,515.7255729489509
5590584,415.0552609848744
5591585,668.1347751611258
5592586,682.2646921545958
5593587,576.7050926112155
5594588,663.1580702302518
5595589,494.0442860038229
5596590,675.6449000067706
5597591,661.9266505268533
5598592,555.4520181208422
5599593,670.8334217342065
5600594,678.5556146660432
5601595,672.4605732542379
5602596,680.3728848956853
5603597,660.8987449711898
5604598,615.9122258800319
5605599,679.697277766957
5606600,681.5892151094915
5607601,651.2328748259514
5608602,662.5443199147163
5609603,572.7410319277919
5610604,670.381667978686
5611605,421.48993737440924
5612606,643.0011448628359
5613607,671.5620365559785
5614608,662.01358755024
5615609,672.3413127405976
5616610,659.058722154446
5617611,674.3076141594956
5618612,607.679876001917
5619613,674.2626121115322
5620614,459.3050642454726
5621615,661.2892762225546
5622616,682.4947997438505
5623617,670.2913963315731
5624618,658.2701240080468
5625619,647.0749475320528
5626620,306.7976701612191
5627621,680.199840457469
5628622,669.9778062608503
5629623,666.3016162021627
5630624,630.4461372492945
5631625,671.774983565111
5632626,636.7320062887421
5633627,678.5152163430081
5634628,654.3754001373245
5635629,679.6872407506139
5636630,591.5577226530554
5637631,665.5800553719084
5638632,669.0511593147586
5639633,654.7651417200349
5640634,673.382993878098
5641635,672.468729834353
5642636,641.0640783185567
5643637,634.9216350744435
5644638,613.2044299501622
5645639,528.0905525549531
5646640,667.3466636842664
5647641,656.5567277014459
5648642,665.0902929930343
5649643,655.0326766011497
5650644,664.396572932295
5651645,625.4947381900068
5652646,650.9827796691892
5653647,646.6054849335824
5654648,620.3207282808688
5655649,502.3957035690904
5656650,654.9884374244373
5657651,582.0520588685795
5658652,313.63807965549745
5659653,559.8561295143203
5660654,654.2858810389778
5661655,551.3277280408694
5662656,654.3928035118665
5663657,444.68092602803966
5664658,625.8226743729114
5665659,492.6480031448463
5666660,434.5967110629682
5667661,401.4483909075673
5668662,412.81541022172985
5669663,501.1722058288426
5670664,571.7057709335085
5671665,622.3894202727162
5672666,320.32614707847307
5673667,505.26791646149553
5674668,557.0351818204634
5675669,620.4013182057407
5676670,634.2425117133178
5677671,664.980989301138
5678672,655.3924962312329
5679673,643.2244292513643
5680674,629.555108499143
5681675,674.5462647807487
5682676,668.6261125275392
5683677,647.9276787461157
5684678,655.4766741429225
5685679,638.3708262304503
5686680,653.6552463487714
5687681,597.7950266765175
5688682,631.6583276050318
5689683,341.3467066846623
5690684,599.4990271893001
5691685,636.2131678405719
5692686,659.4188278467388
5693687,660.9528914413969
5694688,574.1157330965023
5695689,661.4035350244719
5696690,669.4843024201341
5697691,632.9774289360149
5698692,672.5059641167682
5699693,423.9884344872241
5700694,642.6757081521881
5701695,671.5441560947646
5702696,660.4320441058163
5703697,655.0418120952984
5704698,540.3621421218256
5705699,668.5004946141981
5706700,655.3385040664965
5707701,657.7356740461986
5708702,538.4797128235825
5709703,664.0347001120409
5710704,657.1706797465208
5711705,498.33183057359906
5712706,627.8040413413433
5713707,652.6403297221848
5714708,636.7558447071355
5715709,581.2654666417968
5716710,662.8770286078327
5717711,640.2212676345887
5718712,543.721486749538
5719713,652.8434665575063
5720714,641.3980726833715
5721715,650.7163638740508
5722716,650.4724871455375
5723717,652.1729310696993
5724718,625.8186319958071
5725719,635.0230879072501
5726720,640.3484255568749
5727721,656.333635076306
5728722,620.7591666488564
5729723,623.2098193488741
5730724,660.8646260751214
5731725,664.8025398266852
5732726,435.11860136210504
5733727,647.8655395765198
5734728,650.2692637137301
5735729,421.0786359431009
5736730,641.002377392727
5737731,559.246689346086
5738732,660.2181609621533
5739733,647.5977532827637
5740734,650.8345775052024
5741735,563.1984667226532
5742736,660.1984508823595
5743737,652.1593297163215
5744738,641.1204040529675
5745739,511.4237264156429
5746740,661.6892994805604
5747741,645.0775608359734
5748742,637.847913887249
5749743,652.3701231046344
5750744,534.7223188760436
5751745,627.3858289486745
5752746,653.0159135065163
5753747,650.0059120905199
5754748,512.8419171177881
5755749,665.4550153121841
5756750,583.6163411455815
5757751,628.0191670634129
5758752,656.4798829302853
5759753,633.4953251970039
5760754,662.6472580099702
5761755,656.4087235142937
5762756,646.809340240474
5763757,653.4781629425685
5764758,658.6416193271484
5765759,610.5276153413517
5766760,650.8234871882106
5767761,507.6777735540456
5768762,537.0678290636279
5769763,626.9582537558239
5770764,519.6318965397662
5771765,631.8891285050786
5772766,633.7519042442314
5773767,640.5965528254004
5774768,609.6375861066401
5775769,640.1367670479174
5776770,635.3628634333793
5777771,268.9525365469752
5778772,659.5613629324879
5779773,575.8196679520553
5780774,640.1547718624067
5781775,586.1043209841528
5782776,375.3228512166857
5783777,399.2973561089258
5784778,648.2694363535496
5785779,626.6667972113545
5786780,635.8358334756219
5787781,611.6480481478474
5788782,635.7481989205736
5789783,648.0132485179168
5790784,415.95468997291846
5791785,637.6766343613115
5792786,630.2576482768117
5793787,523.6907014997474
5794788,480.73511187317564
5795789,612.8453587805074
5796790,668.3260006408208
5797791,639.9841984732033
5798792,637.4058398790204
5799793,639.158466728786
5800794,631.4849084533163
5801795,660.2836217829661
5802796,397.0759964121689
5803797,630.1903220090744
5804798,600.6069593532068
5805799,634.3743306201906
5806800,641.171970970008
5807801,548.0557492278051
5808802,654.9492023544955
5809803,668.7096213349961
5810804,452.7480631248509
5811805,269.95950426410843
5812806,585.3588301163217
5813807,666.8497022167458
5814808,644.2564028813321
5815809,636.3817451652036
5816810,669.6901557071133
5817811,467.51750594348795
5818812,626.396951354527
5819813,661.1729635799883
5820814,515.6164346112917
5821815,651.9916941397943
5822816,668.6403719331677
5823817,559.8490523873594
5824818,445.9546602019366
5825819,484.1472872557307
5826820,602.9027156674097
5827821,657.5292049800662
5828822,633.9678141298449
5829823,628.0634311309574
5830824,649.5433462584232
5831825,662.8174076995566
5832826,648.1460318963092
5833827,635.8863937214261
5834828,658.3042986720134
5835829,663.8337250065008
5836830,675.1714576857124
5837831,659.6616782325499
5838832,663.0109023691984
5839833,677.1088523623578
5840834,672.3512856501723
5841835,570.1287606953631
5842836,579.8165428323497
5843837,443.7078054510138
5844838,665.7124382524594
5845839,554.0697283683847
5846840,676.8869966915476
5847841,583.6662912669675
5848842,665.269135521467
5849843,515.7578719850911
5850844,671.9527729672778
5851845,620.405667393313
5852846,625.3658960883309
5853847,522.2894600840408
5854848,676.3940170534084
5855849,654.6066078997068
5856850,636.5055075879515
5857851,663.2256346286543
5858852,668.5436203056261
5859853,669.4447973971066
5860854,660.2547808661535
5861855,648.6655371963743
5862856,638.4963713817466
5863857,646.8068877600765
5864858,671.3062253627737
5865859,675.3817159186772
5866860,432.1675592246226
5867861,671.071249206449
5868862,593.6403006091911
5869863,645.8846057896403
5870864,652.7786004853566
5871865,659.5106888537018
5872866,675.7760948472546
5873867,670.515974669893
5874868,648.2985002387719
5875869,637.854824618043
5876870,587.7490397563528
5877871,635.3516855119599
5878872,673.0926995259418
5879873,670.247828710768
5880874,644.7419062023131
5881875,590.0001751635702
5882876,430.3440411224138
5883877,566.9025061331304
5884878,557.4507944095554
5885879,655.322149252572
5886880,652.5387116327978
5887881,455.88317708158036
5888882,537.6009555268532
5889883,669.9757334372182
5890884,668.4283722424678
5891885,580.3032522700188
5892886,655.0121428868249
5893887,591.7419785582687
5894888,671.3517194875869
5895889,659.9310285938354
5896890,662.3073789200089
5897891,591.4161778073008
5898892,640.5314217632501
5899893,634.816432124887
5900894,655.7708729830556
5901895,669.4684911308982
5902896,651.8002559092254
5903897,449.51774647875175
5904898,569.5640350755801
5905899,655.4205544095815
5906900,299.0606848510928
5907901,557.0182511585472
5908902,515.0193042064354
5909903,640.1468583170599
5910904,640.7346717912468
5911905,644.7886959872944
5912906,606.2609808598766
5913907,425.6529682195504
5914908,604.0620677583626
5915909,641.5227966266158
5916910,650.1160860090188
5917911,640.6136537557762
5918912,559.0090899187917
5919913,626.9759827266778
5920914,640.2944990180379
5921915,650.8155327368603
5922916,619.791743051619
5923917,575.3532857658043
5924918,638.4565224572401
5925919,635.1634871310656
5926920,633.4916783903999
5927921,646.4681959454301
5928922,530.7763900262366
5929923,394.29533697888553
5930924,622.701730242394
5931925,318.8260465220336
5932926,640.0815183576943
5933927,469.6759055101087
5934928,626.393274175482
5935929,644.8664991280513
5936930,508.87877885458136
5937931,339.04303157392417
5938932,637.3731655409777
5939933,398.8553653027199
5940934,582.8423169734555
5941935,436.8629761723524
5942936,540.4578885758799
5943937,468.14560142605217
5944938,661.5566006082826
5945939,657.9745407523443
5946940,477.2461378741651
5947941,655.7796578868875
5948942,654.8910131710053
5949943,664.107887646022
5950944,649.7182511447409
5951945,661.7397673416141
5952946,649.1253785112079
5953947,634.9987986128492
5954948,637.5507678209267
5955949,579.5161636073271
5956950,647.4759326134075
5957951,610.3057769011142
5958952,637.9145100449358
5959953,377.51163009701634
5960954,646.0051137411825
5961955,427.1497708705055
5962956,642.9971382528059
5963957,591.957958599759
5964958,303.29827368254485
5965959,625.7820314975792
5966960,322.5233504335789
5967961,493.51172402509275
5968962,321.4695383148
5969963,653.2702525048819
5970964,653.0631651301616
5971965,575.2383193923122
5972966,642.5422479819074
5973967,609.0361996181663
5974968,405.7245121407249
5975969,626.1964472280192
5976970,653.9600131222263
5977971,644.7996918635694
5978972,641.2726238920254
5979973,448.5043038693215
5980974,646.2477112217344
5981975,617.0207463211688
5982976,522.5430043917996
5983977,653.0596545260171
5984978,420.9923519200027
5985979,652.6302246991953
5986980,645.5229738678879
5987981,640.5613263845303
5988982,621.3164943000951
5989983,582.3716110286509
5990984,666.1394091154151
5991985,646.2910470101502
5992986,667.4262243070939
5993987,644.4057750350545
5994988,655.6211087409783
5995989,614.8655727851555
5996990,417.1000041251649
5997991,637.9064831494985
5998992,650.4512836063655
5999993,561.6660715002743
6000994,427.9133746062717
6001995,647.6458318466288
6002996,605.7498089864642
6003997,572.1205153891364
6004998,587.1766791067689
6005999,631.8723603250241
6007000,457.26783588869233
6008001,638.0844253060133
6009002,660.3957431103493
6010003,566.0908823084086
6011004,554.5271494067995
6012005,652.2811959496892
6013006,513.6351631033864
6014007,633.0693486890498
