timestep,episodic_return
1000,32.39012593919857
2001,78.39049507751476
3002,175.8408651465111
4003,83.71661196555175
5004,93.37817435907527
6005,184.21451506007583
7006,153.71124661185746
8007,121.88599129273926
9008,181.50218031330294
10009,214.26101765289357
11010,127.57791874019362
12011,136.02527135361078
13012,91.96615648048262
14013,148.1941416639549
15014,170.0977055333377
16015,97.95136831914832
17016,161.22334215414102
18017,197.53015720160647
19018,213.38450555993933
20019,200.2828883479944
21020,183.0710748839682
22021,191.1922397438472
23022,210.16134835889397
24023,155.5724980153242
25024,209.36020624275952
26025,174.10689758449362
27026,152.8517758164933
28027,254.10975624013025
29028,215.36683856926538
30029,263.9282488997382
31030,165.30425066144264
32031,199.66335108219448
33032,168.44586437316272
34033,154.82231015281667
35034,199.9854697110814
36035,178.17570168818946
37036,218.1787491991159
38037,195.71543361711514
39038,161.21827156374633
40039,233.64870582222886
41040,231.12499463227385
42041,218.5816150380711
43042,229.91870289771586
44043,185.1397831783926
45044,258.560025301987
46045,167.95299985064375
47046,253.9701151279482
48047,224.64585934276195
49048,150.56687299015533
50049,235.615445544822
51050,167.34372898400082
52051,245.13450063139902
53052,235.18736909530975
54053,205.0009537169615
55054,176.5193663394413
56055,193.2708568460868
57056,225.23939772424427
58057,230.26148947847642
59058,247.62350369414247
60059,296.28381424103685
61060,241.05219787412634
62061,299.8249375138833
63062,277.2420729230569
64063,301.92338182448617
65064,250.10419998841925
66065,220.30747137202275
67066,262.78033574879163
68067,325.0214273316244
69068,267.11632909143
70069,346.1630077656078
71070,247.43818867770486
72071,260.95737320013154
73072,283.3765794301695
74073,309.0772674728265
75074,300.579697820851
76075,282.0179159545198
77076,369.5913826895175
78077,196.7225895704282
79078,295.08694175706137
80079,278.69183271022587
81080,327.7274664245716
82081,241.758695921448
83082,269.1508189233397
84083,232.20245339108817
85084,422.29257887336075
86085,359.8573585971505
87086,312.1091492802786
88087,299.69840464791866
89088,319.09267893329127
90089,314.3055764740281
91090,280.6091110174414
92091,230.39339937795947
93092,347.9483902814944
94093,218.52350426472464
95094,305.39626762196633
96095,368.11724227439373
97096,364.86660267525343
98097,369.10838945245285
99098,345.9457666520937
100099,354.9816514177998
101100,228.79383423005717
102101,234.93972833420517
103102,309.88167911340855
104103,364.09912747367946
105104,385.08671409076135
106105,449.7859212279323
107106,354.0219433439974
108107,370.87579924368924
109108,318.7122350471312
110109,343.3902220148104
111110,328.951517801886
112111,336.7586282630499
113112,304.19381129261717
114113,377.6780837507859
115114,293.00276703707345
116115,249.75193204746665
117116,288.727275508487
118117,352.2761836123157
119118,470.0014148878636
120119,255.51623835315553
121120,325.5027757705906
122121,306.97702043616874
123122,389.42602795046395
124123,377.39179947046546
125124,361.5556462107687
126125,293.84744681376924
127126,376.90748054658593
128127,413.2284471937897
129128,343.36968478100397
130129,385.4291718404235
131130,337.2791388868094
132131,343.2041860781653
133132,397.9301034475723
134133,366.9424316921598
135134,286.2338099895577
136135,344.46113371301203
137136,326.47560470569783
138137,277.5483249783551
139138,301.9326280132919
140139,279.14566940687877
141140,270.60278617382875
142141,322.3085071017589
143142,336.4192061529716
144143,383.9984168232706
145144,363.6400714689191
146145,414.86878653349675
147146,315.8456369976391
148147,307.27708181541726
149148,339.0090697119837
150149,413.5454743397049
151150,286.59695831522447
152151,323.94354856585966
153152,311.644746164164
154153,310.4475982711086
155154,265.2162701199476
156155,338.44191661590725
157156,281.96894017269676
158157,330.8117175053282
159158,356.72887132464723
160159,240.527004683483
161160,269.47408445257713
162161,295.4729491182275
163162,306.18768331386434
164163,284.8623362731059
165164,402.8058532867575
166165,350.7367504550299
167166,352.87172787587014
168167,381.55881957068925
169168,286.3239480864454
170169,381.5709279158627
171170,361.1313726588866
172171,211.00246809109268
173172,305.04750600187117
174173,316.6949523403657
175174,338.86245870679966
176175,261.53617993535437
177176,336.0138694120933
178177,360.01553206955646
179178,334.3614991071473
180179,337.7723629113238
181180,347.0796017703961
182181,282.9293183747484
183182,322.4179088817285
184183,259.82416498500135
185184,359.65583055145527
186185,274.46075410830264
187186,392.4868190784574
188187,405.64015310670055
189188,397.0045382422124
190189,420.744545562517
191190,288.2888998612808
192191,339.97757355298745
193192,397.586998610486
194193,375.1550931331579
195194,574.49812321356
196195,407.54816396096976
197196,436.51193945914014
198197,432.78161495208815
199198,380.60861522564335
200199,296.50046023417684
201200,261.18550911209974
202201,467.504795264718
203202,292.9220330530979
204203,331.52772491687585
205204,372.2134179811149
206205,327.39188265673437
207206,356.6702044888556
208207,319.69248454956335
209208,273.70766413710743
210209,295.95835704352334
211210,587.2300842015212
212211,509.2002197394727
213212,317.4252987067486
214213,285.36154307219533
215214,376.9990753223952
216215,405.35745276837446
217216,429.3462461414033
218217,192.41565572174295
219218,557.7381728920035
220219,354.1987109500555
221220,498.7421385297186
222221,488.2138793265045
223222,512.4626351566811
224223,577.4768602841117
225224,687.0619044670099
226225,716.1079257166625
227226,561.1829513046689
228227,692.2211273711015
229228,618.0697922278488
230229,499.09054513305165
231230,654.9194479375344
232231,612.7747533822657
233232,268.38530276523267
234233,656.2684653968203
235234,630.0586318881371
236235,543.0713177667072
237236,287.29228588074534
238237,283.6234055977804
239238,352.10973844611175
240239,376.2139292648886
241240,357.8610031770818
242241,635.3635962152897
243242,647.8442448850916
244243,667.9908183827872
245244,330.8466253413671
246245,336.5102491512192
247246,620.3044340813126
248247,193.2660742710984
249248,252.15867288140055
250249,460.89107066910407
251250,448.6197375323715
252251,603.3139521970246
253252,455.2281132049111
254253,251.03520906317556
255254,384.2570329643156
256255,650.5079649870551
257256,485.77468568497284
258257,696.6178711048648
259258,625.4998418295843
260259,681.4997494224713
261260,691.8161714981111
262261,570.8100666802741
263262,548.0980286281502
264263,702.4922691847709
265264,625.2360171516053
266265,617.0223815553594
267266,617.9094584035525
268267,628.8696541230938
269268,199.20732537045097
270269,355.2985106103631
271270,427.16426628634144
272271,621.8938183018322
273272,580.9247043546746
274273,640.6116465762997
275274,515.4124302978595
276275,311.41032902835445
277276,280.0466502262129
278277,399.49294345133274
279278,423.90696130848005
280279,688.7936506814218
281280,361.60211285115884
282281,659.1410484517594
283282,402.5819759560881
284283,697.9644798335887
285284,680.8673403248783
286285,576.5311246854803
287286,412.24960898957625
288287,474.9172113766878
289288,514.2603574000291
290289,578.7357491046374
291290,613.569904509369
292291,363.9848002286105
293292,660.8380005760803
294293,654.2113497089152
295294,589.8348965566945
296295,315.0501042800956
297296,596.2025029047813
298297,636.2819244518936
299298,538.8938717661333
300299,584.2789418289119
301300,438.4898642708028
302301,674.5947032621918
303302,550.9648426662311
304303,636.7824485320937
305304,606.5974006631055
306305,585.5836369730936
307306,579.8340614130052
308307,208.77145033993767
309308,468.82792906821925
310309,204.88781458628142
311310,563.6909227761353
312311,627.3079403950454
313312,639.5276410554164
314313,645.3695045532726
315314,534.7976027596301
316315,432.09691309135644
317316,625.5934845608961
318317,564.4933088064982
319318,462.6615230638475
320319,656.8677845977606
321320,636.4885850095854
322321,376.1974941094027
323322,655.7206795620991
324323,581.9878009697672
325324,624.1245625099463
326325,594.5846217244382
327326,642.6993842908377
328327,205.12960132814956
329328,639.3742576513529
330329,694.589343253512
331330,678.6321192067431
332331,710.9815317462791
333332,680.7887340284474
334333,608.2933261397792
335334,658.0298948481658
336335,700.5073692387598
337336,628.4322826428826
338337,676.2018643541758
339338,227.86097806521303
340339,256.33528252864846
341340,465.693324348021
342341,695.2546109142746
343342,551.022550960682
344343,614.7805145640361
345344,691.3323596563498
346345,695.3846179088887
347346,199.25051475133918
348347,214.68247774489936
349348,681.0289221692747
350349,235.48874419207203
351350,601.597618837637
352351,220.60752562205366
353352,163.505173657678
354353,301.8881209551981
355354,186.11578056620948
356355,255.76729102836865
357356,283.72403083542133
358357,242.3165322911923
359358,685.2351802653307
360359,693.6692287795136
361360,317.7053507781125
362361,626.3456894451647
363362,611.4386545340502
364363,230.41512393852503
365364,662.6646258808966
366365,644.3028707702493
367366,356.8112577765448
368367,211.17667892947586
369368,662.2483902341922
370369,678.4750349953325
371370,187.94086949490713
372371,304.1535045774153
373372,420.7768224864195
374373,180.30144466379585
375374,541.3390659573158
376375,382.3742630920853
377376,279.6155808911083
378377,561.3379442701531
379378,456.23138660080036
380379,554.7430056024399
381380,469.4980635192045
382381,643.7325340801234
383382,683.2573120656509
384383,684.0412748556098
385384,685.168075560901
386385,689.3366595185388
387386,571.6164048099331
388387,686.1804095266792
389388,193.11803173583357
390389,687.5527283520568
391390,241.51031317378082
392391,559.4086472990712
393392,646.4636289575253
394393,673.7274465304289
395394,567.8700861972538
396395,651.2718862678855
397396,546.8751898233496
398397,276.30768336506304
399398,625.6287034821243
400399,690.3900763234435
401400,365.72156516306126
402401,436.51657923194995
403402,657.8651845861115
404403,178.59968880509825
405404,667.867884779191
406405,605.7817700761404
407406,260.4156045966318
408407,195.94984738120237
409408,175.7206844590659
410409,259.3468991593297
411410,374.31229658762845
412411,388.8088505544126
413412,216.24443844185694
414413,218.3263147182281
415414,651.0995132237293
416415,636.4569465946247
417416,567.0598794375596
418417,339.8922785090952
419418,474.286778032317
420419,509.5152491766995
421420,457.81960968978865
422421,535.0012116062024
423422,577.8708725251348
424423,546.5984020596228
425424,602.960580420218
426425,693.5804909186779
427426,683.2507681051217
428427,418.02188973390867
429428,681.8870289515794
430429,589.3624382551434
431430,688.4426832242962
432431,686.8956771777813
433432,534.4864219913991
434433,657.0052749567071
435434,658.3739763798146
436435,534.2923177484461
437436,561.5985717282956
438437,402.3145950680132
439438,680.4488136037866
440439,672.5259476663548
441440,370.0407304480225
442441,676.6549236548744
443442,224.80032061781014
444443,166.0143188287418
445444,677.7225831084239
446445,213.3321897114345
447446,689.5720175862334
448447,258.14638603568363
449448,693.5555238992722
450449,317.44830540732306
451450,214.98569157747912
452451,263.1577825392451
453452,686.6245821533779
454453,607.3217853360569
455454,246.52722496406105
456455,637.6845477225005
457456,337.7619851899999
458457,520.9445078364272
459458,655.1267710695323
460459,612.6201466716764
461460,332.8316887786986
462461,676.1480202281632
463462,674.9921766376845
464463,633.5886363800846
465464,688.2776412507274
466465,654.4682203293247
467466,598.1043867088873
468467,599.3308458313352
469468,578.0711209042361
470469,678.8458072688816
471470,650.9832252094036
472471,649.088032479715
473472,457.4006963851562
474473,363.1361186604618
475474,677.6259390328887
476475,192.07979877298274
477476,411.3115075887027
478477,447.0207326684521
479478,193.50221774848117
480479,228.58983702978603
481480,534.8882963671323
482481,640.242198755674
483482,354.76053977170454
484483,536.181848679013
485484,321.78963176688075
486485,683.947442030242
487486,681.0493516195546
488487,376.7235135715707
489488,662.6458772529278
490489,415.1117891220448
491490,616.5895977531679
492491,624.912833266391
493492,210.7468977367219
494493,388.44800596484197
495494,232.4677497086135
496495,690.0569668817589
497496,277.31879990767885
498497,524.7371039321362
499498,484.6711282419907
500499,170.1155488338322
501500,323.1516418697027
502501,640.1314762716567
503502,217.2069418013706
504503,275.999617295251
505504,648.7121482380761
506505,237.57708715629823
507506,284.0876647126782
508507,649.8043494968147
509508,586.9940789772219
510509,603.5606250604101
511510,422.6518648954371
512511,625.3487825796635
513512,491.5466442573244
514513,450.00148631275965
515514,290.28163744910574
516515,619.3769690220779
517516,368.3315061003543
518517,459.9736226760725
519518,274.6278132078436
520519,583.3215334829459
521520,623.0793192722198
522521,608.979180367618
523522,271.8167919297777
524523,657.7228422168415
525524,658.2910921388185
526525,632.7957924538131
527526,606.1093016638009
528527,627.1298574642218
529528,369.158488635246
530529,599.5266208792642
531530,558.6181948058336
532531,566.5218497729712
533532,381.9391454476905
534533,480.29260100639516
535534,435.6118362159158
536535,290.442748102114
537536,337.7121851232368
538537,447.5639078062492
539538,371.9608954616625
540539,544.8439846663614
541540,507.7128634670558
542541,467.1798750249477
543542,361.3482049763585
544543,531.8612904971819
545544,511.9931909348512
546545,444.9886292534876
547546,553.3157244427385
548547,345.06488287945587
549548,533.5857401873825
550549,159.24216377547992
551550,547.9091176028323
552551,154.8281564160904
553552,550.2724606765588
554553,587.3045046150338
555554,551.4444165110219
556555,569.8122635563992
557556,595.0848015098817
558557,649.917894478641
559558,645.7053843932371
560559,653.1848993689352
561560,679.7412440916603
562561,668.3615725659186
563562,673.8607623935224
564563,682.4605741383832
565564,661.2604417195145
566565,693.4878857093706
567566,695.4953906267372
568567,671.9721800587764
569568,529.847430730912
570569,220.6267050540866
571570,682.6918619232597
572571,600.6966986107952
573572,684.8316776365863
574573,687.5532078815875
575574,668.200547595765
576575,671.4548519370347
577576,667.5458146500074
578577,422.646255806634
579578,667.9280427520608
580579,678.3697395481203
581580,679.3519052920927
582581,645.2085198983016
583582,646.8505074282049
584583,654.839601746003
585584,675.4699378226904
586585,641.26530801142
587586,515.7245918893544
588587,248.42277517341694
589588,244.21407925645642
590589,179.26139736720643
591590,694.3756766939962
592591,678.8248761097532
593592,690.898993367486
594593,578.4020102529889
595594,588.3477568967323
596595,683.0458650033873
597596,677.4292487737429
598597,592.3359459762388
599598,682.9803136348993
600599,513.8193701239519
601600,676.0495130414006
602601,659.5094725650191
603602,633.994947833483
604603,162.29637626227586
605604,616.9785614978535
606605,580.1673064545781
607606,679.4843644353513
608607,174.9490210721471
609608,180.5853385557329
610609,186.73868344211442
611610,678.4875304782902
612611,195.40204716101485
613612,209.78481741490276
614613,665.0983686181559
615614,595.545631255881
616615,198.0183299100771
617616,656.6527327368054
618617,161.52584667161207
619618,237.40613619578167
620619,606.0097883337837
621620,494.6127497303449
622621,199.72604591046976
623622,591.2056942117022
624623,673.8166070089395
625624,563.5269438831606
626625,609.473181868526
627626,668.7696283812452
628627,302.78282746783316
629628,596.761337813341
630629,225.47821879579152
631630,349.58524389726875
632631,529.4309669690966
633632,560.2533377374257
634633,413.63449237896003
635634,554.773030937745
636635,684.4422216774663
637636,680.688288328875
638637,636.7161922462873
639638,597.9082917529491
640639,288.1031727648651
641640,626.9754080123715
642641,538.1696269462183
643642,654.2314369800629
644643,556.1272719830434
645644,327.3154337708517
646645,420.26365973809396
647646,245.88208416430032
648647,561.938286195915
649648,383.0964452117316
650649,652.9056064305197
651650,488.9615353812277
652651,646.0327007986581
653652,665.4766478939792
654653,659.5558205522514
655654,226.6680443700119
656655,637.6759964157094
657656,626.2602450993465
658657,638.9683630479378
659658,652.0794212812267
660659,621.4681661185093
661660,558.4804609750423
662661,475.1862197827414
663662,291.9629631133849
664663,630.1108272245334
665664,489.1594433317785
666665,628.0638123464262
667666,465.1310104344809
668667,493.4287053635707
669668,660.4337115537338
670669,646.5814592470143
671670,254.2937618596411
672671,687.2933139837228
673672,564.301868030825
674673,674.2766705879006
675674,639.7461528765105
676675,653.8979600112558
677676,539.4804801591554
678677,630.1352022970357
679678,656.1088364317435
680679,210.64224926403202
681680,226.98853130413954
682681,312.2110987332732
683682,670.3321831586417
684683,574.0958218785522
685684,545.9416914268886
686685,649.8916574992842
687686,264.17020478194723
688687,661.9713072783424
689688,679.801874666616
690689,254.86365820226692
691690,372.7910615600631
692691,554.6254317710205
693692,681.852503821919
694693,675.5479090669511
695694,639.1060514186007
696695,385.2227727051653
697696,583.0832501736113
698697,663.395435521934
699698,690.1782187535297
700699,618.2711603022217
701700,441.005100592482
702701,626.0917973554623
703702,413.0366170752193
704703,581.4686522011285
705704,606.5232309969324
706705,522.2494974031328
707706,382.2603468837401
708707,564.0685878439114
709708,203.03452549110588
710709,476.38690969747006
711710,640.6053633757449
712711,297.5451739611887
713712,639.0765722082775
714713,480.1667628980253
715714,669.2558002682185
716715,211.29183611747328
717716,211.70137281722248
718717,681.9202594196126
719718,671.0028688378994
720719,647.6449589374323
721720,683.2664650021723
722721,625.0081210959548
723722,687.3956470409507
724723,649.9352867424622
725724,666.8238624127086
726725,665.9548959327587
727726,675.1465938359834
728727,683.3277790618166
729728,512.1223906977888
730729,590.4594361173043
731730,555.0921875547173
732731,608.7775918337525
733732,261.741337684072
734733,521.1413461283679
735734,641.4800007099325
736735,640.9371299546242
737736,574.0110136183558
738737,194.3166547337473
739738,541.9562364502907
740739,552.2470231681098
741740,530.9267252134023
742741,401.3232048351497
743742,242.8797047907424
744743,581.5032323663473
745744,275.532690010845
746745,220.55883121949674
747746,535.0408187849584
748747,357.6089572673625
749748,672.9946706253036
750749,586.2596806443062
751750,353.54264190475493
752751,655.7818517307846
753752,677.3855098856552
754753,640.0543172759093
755754,635.3252146052175
756755,673.0849097445744
757756,576.2690440663756
758757,641.9567531724077
759758,561.9575089218425
760759,590.9679465904245
761760,598.57457984153
762761,652.6597674652728
763762,620.9922083713368
764763,690.1044979922049
765764,597.7299805646035
766765,653.6517721026426
767766,551.8952728535119
768767,646.0844946355772
769768,497.3636028724976
770769,658.705196988
771770,686.9112163145786
772771,646.7450502603566
773772,321.3064982329382
774773,379.3057715580209
775774,508.6795525206094
776775,544.9722742151145
777776,608.8501041585318
778777,259.85215330631064
779778,684.1524377164277
780779,337.3961888503496
781780,663.4531237386198
782781,395.87068686793395
783782,640.5595659944343
784783,367.2486650049452
785784,613.5805563600317
786785,332.81186091016895
787786,642.4851828966256
788787,252.10107356192503
789788,590.908673961677
790789,591.8155378036906
791790,579.777192203157
792791,273.3327530467217
793792,628.523248407581
794793,651.7745578608053
795794,600.7717541943069
796795,622.0337651101349
797796,472.22554832003243
798797,611.0062485035487
799798,613.9566253920387
800799,611.0404094358614
801800,612.080431240825
802801,617.5104049727199
803802,628.2352247099344
804803,476.08950239717814
805804,426.32310423855967
806805,623.2161165082795
807806,484.9504958040355
808807,626.3026698843923
809808,248.95075678426016
810809,607.1552586715353
811810,619.4803668415542
812811,627.9878035832896
813812,613.9277058314857
814813,297.35843220371
815814,604.5143771747673
816815,439.0393626435811
817816,598.5575258031574
818817,270.0195459198072
819818,501.92477112319955
820819,294.0497109569489
821820,309.6576919778657
822821,412.64713007293784
823822,581.9235258315691
824823,369.588924340643
825824,558.5723550438784
826825,328.7445489128718
827826,268.23871109369253
828827,418.2652345379225
829828,640.000506864945
830829,335.2517314990296
831830,286.67285391091497
832831,618.9564160139818
833832,577.7086412378666
834833,229.2196841465707
835834,365.3038248682155
836835,539.34762411968
837836,621.794677175176
838837,254.0594892931835
839838,357.4146921663003
840839,372.4132254078028
841840,402.17550064079154
842841,599.1576283938923
843842,598.5671038191697
844843,583.3950620920127
845844,384.1159857733455
846845,474.1633734873967
847846,601.4259459428777
848847,431.96857300666596
849848,584.3474329133405
850849,578.7836409012102
851850,545.5807685273595
852851,565.346619552072
853852,542.6493695360871
854853,464.70372884912973
855854,547.846629513757
856855,239.27418134906
857856,248.9817165570627
858857,363.65422052119044
859858,441.12153241765253
860859,421.934326108948
861860,261.8047979714659
862861,356.5314256542124
863862,332.96382219391097
864863,453.91495474792015
865864,510.27472035906436
866865,336.0329499706817
867866,262.4366747355207
868867,336.83632524949434
869868,612.392246717356
870869,574.8220763400435
871870,571.3983232301794
872871,350.78085423046815
873872,511.40972398737955
874873,608.0495002271383
875874,231.82148195886768
876875,203.98110453299853
877876,612.1727132899339
878877,592.8114499861356
879878,525.3686456258961
880879,483.3502812991245
881880,411.1886500654582
882881,585.1179906505873
883882,267.18710343601236
884883,418.9311937105528
885884,489.72343601612454
886885,625.503852003872
887886,306.02644202246546
888887,531.3969418206846
889888,619.0614086190405
890889,601.1362703366424
891890,543.9932135421855
892891,607.8065619874146
893892,518.3714213610843
894893,398.93956134552434
895894,358.593608912753
896895,543.8264828767808
897896,415.344202087087
898897,603.8924978356631
899898,373.30673577392474
900899,622.4671413501763
901900,545.6963333536576
902901,609.965943475767
903902,525.1839425455041
904903,286.0545696041856
905904,585.8709403438058
906905,273.08893638160106
907906,404.0054966784925
908907,458.49734252892785
909908,583.674069626137
910909,457.55850774172245
911910,581.5804715749111
912911,597.5063303637015
913912,572.1437524153573
914913,574.3463530364402
915914,647.8234745483888
916915,604.9341401697022
917916,640.9865325510016
918917,506.36473813393246
919918,611.2888596975804
920919,580.6889979561807
921920,235.11909500907691
922921,637.7199668618846
923922,481.25815099081154
924923,619.9763540634638
925924,479.75507953852195
926925,484.9535062154978
927926,571.9303027479461
928927,638.7869421604752
929928,598.4509175548111
930929,655.8852581148587
931930,660.1603794185818
932931,231.96177970494344
933932,558.1885270728407
934933,394.55454667742436
935934,603.4570636129915
936935,626.6644489270183
937936,614.1681637935518
938937,674.7642434368732
939938,682.4103528862029
940939,628.1834413010415
941940,625.353524607276
942941,696.8405818633424
943942,687.14854217113
944943,629.9674524000985
945944,691.8897419274127
946945,664.4075147294844
947946,586.7548685897281
948947,251.8904633025929
949948,651.3159112534939
950949,608.8320729135692
951950,678.3943435807571
952951,641.733021050014
953952,635.8885723113733
954953,674.0716377288063
955954,667.220538357989
956955,232.74551669453948
957956,658.4363339707928
958957,630.3373807274434
959958,624.0477244750919
960959,611.9029799995221
961960,659.9536149110801
962961,646.2369675793732
963962,684.00952716073
964963,238.25857353841522
965964,672.0392593013904
966965,666.4936730499522
967966,686.4038297640262
968967,603.5736092067531
969968,694.0675076844265
970969,268.30809168090724
971970,690.7762320596205
972971,668.7053620772778
973972,691.6092813556945
974973,692.9826825287279
975974,630.3667983419657
976975,654.985525924166
977976,693.5414953516445
978977,674.9262270870281
979978,686.1738382420288
980979,692.166393054847
981980,686.2176761660609
982981,650.1886345515925
983982,656.9851817453085
984983,661.7454803633043
985984,653.4644343440704
986985,259.01831354771696
987986,595.4717865915437
988987,665.5861534585882
989988,641.5862018787516
990989,673.7901641935107
991990,415.47665768032726
992991,268.178244772934
993992,562.0600444741935
994993,614.4274695714131
995994,617.5465649154003
996995,637.3119746395525
997996,626.1804483395655
998997,667.4361812611675
999998,610.0898216916299
1000999,658.9028774716445
1002000,519.5243583610265
1003001,667.8807100125185
1004002,683.1388198111645
1005003,548.3636055860924
1006004,268.14502036722223
1007005,389.7855201426995
1008006,563.3019807865927
1009007,647.5793946335849
1010008,674.2294507837748
1011009,605.9927735103303
1012010,623.2564734817292
1013011,239.29223624466067
1014012,665.4715488009774
1015013,662.5098948957735
1016014,409.39572440248713
1017015,596.0294165988196
1018016,684.242208435169
1019017,276.0485579748697
1020018,257.5396956210202
1021019,332.12669002017674
1022020,414.5756005291029
1023021,681.1365638307976
1024022,684.3063499980634
1025023,684.5903452310429
1026024,649.6186711069622
1027025,685.080803397446
1028026,688.6626181361731
1029027,297.69283364929845
1030028,184.6228162562841
1031029,400.74702358782406
1032030,292.8932139870201
1033031,368.84522936671476
1034032,298.7163619073785
1035033,636.1432113416125
1036034,670.9712899700522
1037035,199.43488268299382
1038036,682.1645896951538
1039037,679.1047006054233
1040038,669.6026342929454
1041039,615.0022705825405
1042040,646.2646094356992
1043041,561.180540856558
1044042,503.5847447803792
1045043,234.8088825463258
1046044,345.23536891143533
1047045,688.8498483298694
1048046,689.018886567991
1049047,691.5932278657513
1050048,464.62893377139414
1051049,694.8985676596976
1052050,529.2259328072272
1053051,628.892718312255
1054052,493.60051211900776
1055053,609.3605920010266
1056054,224.36179467912115
1057055,221.48301949143305
1058056,197.75496749898772
1059057,356.3390752209401
1060058,411.0981126779074
1061059,633.5233924954744
1062060,597.2535106694447
1063061,588.3456949432734
1064062,656.930678291106
1065063,587.0175151920636
1066064,488.54518759012876
1067065,544.721703364863
1068066,642.7511462614796
1069067,613.2219074051692
1070068,609.1026883656948
1071069,482.8605185906728
1072070,652.021302142753
1073071,655.1890762414703
1074072,632.1914017843762
1075073,620.9530337991932
1076074,551.5715268726311
1077075,582.1220850443933
1078076,678.0372427791277
1079077,632.1246676847835
1080078,614.5219832504249
1081079,521.5776037160041
1082080,647.9912764040357
1083081,521.474582949875
1084082,399.97254071336107
1085083,613.8661623752398
1086084,592.4732911944022
1087085,547.8532938681061
1088086,659.4249968545811
1089087,222.23520150152743
1090088,252.0173020196036
1091089,644.1933099129342
1092090,679.8920904703326
1093091,528.5576227489665
1094092,536.0296841608507
1095093,657.6020994854442
1096094,538.6133648147198
1097095,510.4121360280235
1098096,634.6775025494742
1099097,500.79725813977694
1100098,603.1986965244774
1101099,575.2876597942974
1102100,617.4573916565676
1103101,669.5998247346383
1104102,669.2423368960159
1105103,620.4463520722472
1106104,654.8187173251268
1107105,590.20739655997
1108106,606.0962152423222
1109107,675.2172308269865
1110108,348.16345067955194
1111109,661.5547775143268
1112110,667.4130608392811
1113111,609.7156704998238
1114112,641.7171234555262
1115113,557.2096101074563
1116114,675.7466966672822
1117115,596.8358065202793
1118116,622.4136342325892
1119117,574.3758334585262
1120118,259.46707531052147
1121119,611.1446771639921
1122120,625.3776448058115
1123121,274.16762564574356
1124122,586.5645408829225
1125123,646.9165360827146
1126124,625.3317615520647
1127125,673.9349372706062
1128126,482.99712367398877
1129127,267.7415731269524
1130128,660.9790289814721
1131129,636.5835921777795
1132130,635.9893605692378
1133131,580.4890381519987
1134132,621.7246824453055
1135133,213.31305952838775
1136134,565.6426424284041
1137135,595.169842443135
1138136,607.3939899904717
1139137,670.0977473129542
1140138,645.0761709295533
1141139,508.29842500541093
1142140,622.1970827031143
1143141,543.3686211116567
1144142,640.5338683297595
1145143,485.93979535320733
1146144,615.8833527057946
1147145,434.1665048846335
1148146,634.6432716819335
1149147,533.119822676409
1150148,628.4923642822204
1151149,321.53481000593416
1152150,595.5742800253219
1153151,638.0911898478446
1154152,607.8218492402183
1155153,495.66678669190236
1156154,659.722485229642
1157155,587.247134145268
1158156,634.6372847206843
1159157,616.1952774835268
1160158,464.09134715653977
1161159,582.43124405131
1162160,625.729945798767
1163161,556.4934081505322
1164162,631.2028031518546
1165163,647.9498588242819
1166164,606.7237270211428
1167165,611.8224463579805
1168166,629.0531559952689
1169167,627.8540626289683
1170168,655.8413579059084
1171169,583.8666687090558
1172170,663.9428342149786
1173171,477.081324828903
1174172,649.6774286517099
1175173,183.27604002540994
1176174,540.359636078407
1177175,649.1354156896701
1178176,156.58435559752118
1179177,628.6558940121902
1180178,513.6056538299222
1181179,623.2060081228153
1182180,285.6843214452441
1183181,546.3960078287027
1184182,641.2743241832321
1185183,666.5928057283817
1186184,603.7969615529453
1187185,230.82712766532205
1188186,555.9505872208975
1189187,618.5453027387306
1190188,584.0696953778489
1191189,648.7320913976287
1192190,627.0769522417357
1193191,583.5404240697288
1194192,368.24563148789196
1195193,423.0620340423677
1196194,172.89656697173
1197195,265.026745831675
1198196,629.763970840583
1199197,236.13989806282095
1200198,608.642594645947
1201199,608.3235505312767
1202200,581.9176750974261
1203201,616.6069274423336
1204202,634.9174439196149
1205203,611.7511427447467
1206204,611.3604802213271
1207205,251.32423929609485
1208206,592.0910362222908
1209207,430.0237307548691
1210208,625.0418806862576
1211209,561.2645875461517
1212210,591.49809368822
1213211,285.9614033840518
1214212,639.8164630165569
1215213,276.02596218430944
1216214,240.84055487415552
1217215,247.22713618151366
1218216,643.5295216553155
1219217,621.0068124006402
1220218,479.9212798943657
1221219,506.3861537697707
1222220,467.4068095605034
1223221,610.1741070077219
1224222,597.6133169383346
1225223,274.0156814829977
1226224,369.16775489548587
1227225,192.4727507817186
1228226,593.8438882726982
1229227,620.028289583305
1230228,191.22999817545502
1231229,412.1551456397616
1232230,277.38585740870667
1233231,559.7580488604385
1234232,600.5037185787121
1235233,284.4745543797069
1236234,629.6234156234167
1237235,644.074747228633
1238236,360.38318235431245
1239237,672.7814621470557
1240238,656.1740079650544
1241239,359.488963824622
1242240,650.2121273380525
1243241,651.9468509787115
1244242,644.8697560446863
1245243,178.5959761242986
1246244,417.41731135867246
1247245,683.4851043650259
1248246,238.77788071709097
1249247,641.4136670727842
1250248,642.1909837390552
1251249,615.1096066039742
1252250,590.4506868094334
1253251,627.0682259646775
1254252,635.223761278597
1255253,192.1542037375803
1256254,430.17476445397483
1257255,617.2829617803526
1258256,612.7519933259473
1259257,649.5743250900761
1260258,647.3219023860805
1261259,257.26056244523784
1262260,337.4575008557163
1263261,653.4789162438475
1264262,183.74335330302893
1265263,640.6573205436356
1266264,647.1344497051309
1267265,190.51657290011372
1268266,633.1733885960181
1269267,445.1224701061273
1270268,438.60760690739045
1271269,337.86780852313785
1272270,640.3804912577249
1273271,642.6399359986307
1274272,352.59590684882045
1275273,624.6470710026085
1276274,334.0681161699172
1277275,270.88465577573453
1278276,317.7974576292159
1279277,394.67208881374194
1280278,495.40354619128306
1281279,250.915181554795
1282280,523.8449863050569
1283281,243.2698566099628
1284282,226.7918943789939
1285283,579.3804724982191
1286284,585.2432212953495
1287285,229.0084795760358
1288286,285.451356516674
1289287,270.4182724084734
1290288,226.1984901595578
1291289,506.94585055785655
1292290,603.5560116238887
1293291,320.5708174394844
1294292,449.12655110715326
1295293,320.7070163098242
1296294,389.96954295267625
1297295,520.3973623136873
1298296,516.348688138099
1299297,256.32908734472784
1300298,450.39581884932886
1301299,283.6294508418097
1302300,351.9953590694667
1303301,588.872909447539
1304302,474.1749620679728
1305303,212.02685477289359
1306304,510.755816009878
1307305,582.8320004143295
1308306,617.0836487946796
1309307,476.7633763652274
1310308,238.11995122229925
1311309,555.5348084187112
1312310,565.8130872807243
1313311,326.2854549603315
1314312,467.3083630691798
1315313,253.00944849819876
1316314,335.5616928165568
1317315,481.32546553977426
1318316,452.6091354859567
1319317,471.0642817961876
1320318,612.7829961641141
1321319,212.2708702926375
1322320,512.4897156847068
1323321,246.53029379596344
1324322,585.9090848111009
1325323,225.51072177342144
1326324,599.2174686605923
1327325,635.2254873582668
1328326,658.5875274533335
1329327,560.0803975221156
1330328,438.4356629113277
1331329,681.1708148315392
1332330,579.8780312750324
1333331,674.8817164546813
1334332,238.94711673245342
1335333,191.62625975869156
1336334,186.83373053927272
1337335,663.9618869495474
1338336,658.6729498758335
1339337,603.3389113873291
1340338,665.035072585666
1341339,387.13594367174795
1342340,395.0446405693012
1343341,487.5369478437589
1344342,561.6307215065622
1345343,467.79206883967356
1346344,601.5078929907141
1347345,576.6798301100276
1348346,409.74676182731184
1349347,176.1906364468198
1350348,263.7964656328467
1351349,598.7684869894617
1352350,554.2509032689196
1353351,445.48135562322307
1354352,523.1213324146113
1355353,643.7014583446963
1356354,239.42316326009
1357355,577.7934002115591
1358356,440.9372988573301
1359357,487.6956813895456
1360358,546.1982798382741
1361359,271.7774240185123
1362360,540.1820572069894
1363361,469.419663460209
1364362,508.56763193263197
1365363,489.2662075977959
1366364,560.8497968084678
1367365,370.6686603484231
1368366,429.63341705701356
1369367,312.0555728176392
1370368,638.708196933879
1371369,585.3887392515597
1372370,575.1720758884416
1373371,364.1118839889688
1374372,679.389057328121
1375373,638.7859851717735
1376374,630.1117702219116
1377375,594.135929383929
1378376,482.87382450622556
1379377,578.8669243095741
1380378,551.8376296092839
1381379,462.02151763714716
1382380,551.1817280555316
1383381,657.6331338101094
1384382,669.5713716278171
1385383,679.4364422206779
1386384,631.0349657461796
1387385,455.4220133304619
1388386,566.4283367037784
1389387,453.3910283875414
1390388,481.94220762694613
1391389,292.41593640970893
1392390,290.9016370261218
1393391,447.87253506126615
1394392,203.00263744522323
1395393,562.0091865305579
1396394,476.05141613310917
1397395,242.58448893373372
1398396,656.2823257698669
1399397,555.6950558455397
1400398,588.1937578764782
1401399,292.8894793230041
1402400,444.3895366492563
1403401,630.0023484781514
1404402,237.4152501394833
1405403,559.5388235075695
1406404,526.4286511317446
1407405,591.5148370206987
1408406,424.33588925545547
1409407,592.8432755558986
1410408,500.77714163323986
1411409,338.80356992107994
1412410,489.8857359966351
1413411,651.3617853470791
1414412,261.9575073251958
1415413,607.6532884994268
1416414,664.7472391980997
1417415,208.68979841620435
1418416,294.9707876606687
1419417,656.782735944722
1420418,254.71584164423393
1421419,681.886970305374
1422420,655.5799270506934
1423421,634.8149472378288
1424422,685.5802212262992
1425423,383.70134596785084
1426424,513.2249248270988
1427425,655.7275591683645
1428426,683.0517362202529
1429427,652.0690678697716
1430428,335.71744745283485
1431429,660.0301218216393
1432430,669.6799471620942
1433431,668.5963477395451
1434432,638.9973892945153
1435433,665.591916126883
1436434,533.3039311965638
1437435,644.6822566489798
1438436,358.2178688824685
1439437,676.6077656369298
1440438,614.6998338634897
1441439,680.7483911006709
1442440,304.70033024864347
1443441,589.1392672685557
1444442,598.055039598158
1445443,669.342983872512
1446444,393.76074288471034
1447445,678.0196813445068
1448446,619.0127848734606
1449447,634.8943778179694
1450448,625.3771177899287
1451449,572.722780135363
1452450,645.703299933803
1453451,462.0850383401802
1454452,647.4807844071249
1455453,584.9485811271368
1456454,671.1641506518239
1457455,674.9063578254115
1458456,232.52894178111748
1459457,610.5712851288794
1460458,663.3555163028904
1461459,685.7677696647688
1462460,323.1358225975714
1463461,648.8792096956257
1464462,682.698620986932
1465463,549.798059603223
1466464,684.7496134656021
1467465,672.6475200330127
1468466,635.946811755723
1469467,632.016772365331
1470468,497.884569103343
1471469,679.589286276391
1472470,220.28667910649457
1473471,325.0745837494975
1474472,630.3405603568532
1475473,238.4962602371944
1476474,665.7983176296298
1477475,570.6741312160093
1478476,243.19853428556146
1479477,653.2008490479396
1480478,320.07666320911295
1481479,635.4081033302042
1482480,518.5482373238349
1483481,604.9321934361126
1484482,647.9324654614172
1485483,185.36440743831835
1486484,594.9587391757677
1487485,503.1522369577864
1488486,616.2132584936289
1489487,344.4875431857798
1490488,292.0161997065206
1491489,434.3094651170176
1492490,636.7802433171951
1493491,667.1249863522452
1494492,626.3668809755782
1495493,239.64250981820388
1496494,660.8513751219167
1497495,686.3630941620942
1498496,648.8620414325893
1499497,632.9414668231346
1500498,238.70230531737016
1501499,659.3771258181196
1502500,436.98167445510114
1503501,516.2948965608676
1504502,672.1786260773041
1505503,204.39916308897932
1506504,643.4900936394354
1507505,566.2148984048265
1508506,624.765473498367
1509507,596.4039887179667
1510508,632.3338990731207
1511509,520.5933069827176
1512510,670.5475321173308
1513511,612.3761685738209
1514512,666.5189003932826
1515513,534.5392081564523
1516514,614.3410781543366
1517515,503.92196644099147
1518516,269.340085503491
1519517,686.657836790064
1520518,627.8182178989802
1521519,382.2279428738559
1522520,652.6095611465175
1523521,680.8900293625925
1524522,191.8281775005414
1525523,459.13866839827625
1526524,650.9207936124255
1527525,555.5310496438194
1528526,277.64035113178943
1529527,596.8661933200805
1530528,625.9787912412063
1531529,594.7735704011297
1532530,610.2059449963186
1533531,357.56249742220365
1534532,200.1182494629289
1535533,595.7932049469547
1536534,614.0214146600433
1537535,555.8109755843645
1538536,583.5402112537289
1539537,551.183431396743
1540538,510.26465866151096
1541539,391.1696593301522
1542540,485.81649925849723
1543541,630.1984512570235
1544542,445.6822096733388
1545543,678.6750726868784
1546544,533.558128126972
1547545,209.99870391999482
1548546,648.6962544799428
1549547,663.653370812801
1550548,228.65626796013643
1551549,541.1811249030408
1552550,660.1214576340992
1553551,660.6339890315093
1554552,647.0269560377799
1555553,675.412651041459
1556554,670.4185740022704
1557555,536.2481205888379
1558556,590.7146636843553
1559557,666.4580446793182
1560558,625.44265377662
1561559,634.7858079119532
1562560,625.0759176489743
1563561,643.825658450916
1564562,641.2017361762896
1565563,627.6306158911808
1566564,636.6219390196559
1567565,375.04398328541305
1568566,644.7869955443725
1569567,625.4330656136915
1570568,646.6284246962969
1571569,656.5354105009167
1572570,652.9381877410165
1573571,488.2798595060197
1574572,669.7041309154953
1575573,292.1249678519375
1576574,671.7935090960985
1577575,582.9488101952268
1578576,673.2178763662116
1579577,672.1456321678545
1580578,691.9975207979857
1581579,681.310202874417
1582580,608.2914006417714
1583581,649.175540862774
1584582,668.3134736651103
1585583,563.4787083808658
1586584,662.1716533339226
1587585,664.0065507326412
1588586,640.9047408523109
1589587,685.2542517585917
1590588,648.2407758591787
1591589,678.4118452199856
1592590,670.1141215829347
1593591,677.6311447839906
1594592,666.1450227350069
1595593,681.3058371398632
1596594,656.9639685532665
1597595,671.8440021289066
1598596,658.3796124815783
1599597,675.4279051330774
1600598,346.8643495603275
1601599,377.13948533215336
1602600,681.521715550925
1603601,679.7104893800679
1604602,648.3022716203648
1605603,680.3896143918995
1606604,613.243526714729
1607605,634.4918682202385
1608606,669.1096291681108
1609607,671.3100866782706
1610608,675.7181664414761
1611609,655.6876683341404
1612610,642.2646768868111
1613611,645.2834033291334
1614612,641.003217558689
1615613,615.6788442537395
1616614,567.2903733929764
1617615,639.5885474136682
1618616,627.057978456563
1619617,671.4855255129203
1620618,664.7845850852996
1621619,423.34107605486514
1622620,643.697344232274
1623621,669.9619841887218
1624622,395.86435706799057
1625623,643.2001896905545
1626624,672.4203314222798
1627625,671.0770878898849
1628626,683.1007999885275
1629627,301.33824682585384
1630628,689.6931414545577
1631629,664.5866985514635
1632630,383.10641282024324
1633631,338.7065269475916
1634632,651.5926073676438
1635633,642.4938073038004
1636634,652.9769721124724
1637635,590.9848299870412
1638636,640.5067238853011
1639637,467.3817653526059
1640638,641.6048850403621
1641639,655.0257744547059
1642640,509.93631668451815
1643641,666.1794655283405
1644642,638.6118680371479
1645643,490.20384077907664
1646644,696.8843154431576
1647645,441.6651764172564
1648646,413.21589377321976
1649647,668.3384272506723
1650648,590.9257210499859
1651649,623.883317849775
1652650,390.82754592700053
1653651,460.21334241172565
1654652,437.80430595207355
1655653,509.0548729690587
1656654,621.9790897584559
1657655,638.3737679211956
1658656,647.1726923882402
1659657,667.255102582541
1660658,235.25026923740432
1661659,669.5247705752668
1662660,662.6561631770433
1663661,677.6489334831516
1664662,660.5910033354577
1665663,632.8718253992545
1666664,198.53990240180215
1667665,592.9298695531264
1668666,462.2211171433918
1669667,414.6023474440671
1670668,674.728459304463
1671669,672.9107808496694
1672670,667.9445295018953
1673671,665.2853426453033
1674672,660.5826550840823
1675673,621.459035889913
1676674,672.6180873049318
1677675,680.561544251053
1678676,683.5024356694228
1679677,688.0791881630979
1680678,605.9362316067883
1681679,641.4299325294571
1682680,326.2112089623776
1683681,665.4197380999998
1684682,646.0007325037767
1685683,650.2309544157846
1686684,639.3875561059582
1687685,675.7298577080356
1688686,678.3911348415378
1689687,402.24058310069825
1690688,387.7534288490183
1691689,646.9395007579319
1692690,667.5735123384147
1693691,552.3444443482613
1694692,540.5418504077855
1695693,242.74680466239928
1696694,628.2444566719587
1697695,566.1430658146428
1698696,645.9708783140418
1699697,538.132014357284
1700698,609.2031121280265
1701699,569.4747070158934
1702700,654.433210574973
1703701,607.7903316485979
1704702,604.3081010750491
1705703,418.5796059018336
1706704,633.3233476202341
1707705,544.8256750189042
1708706,367.1776857032535
1709707,341.91230199061556
1710708,610.2529400690042
1711709,533.3610980047514
1712710,626.0311400298364
1713711,389.62938576973835
1714712,499.4576551909882
1715713,488.53577832625774
1716714,678.9636041223941
1717715,243.9537675989162
1718716,330.9767917902171
1719717,661.1427807813614
1720718,618.627266797309
1721719,344.11387086706253
1722720,643.0963154664427
1723721,622.3091166946134
1724722,597.138580446579
1725723,584.5863216428359
1726724,647.5590309575757
1727725,636.194936086423
1728726,656.0350097313514
1729727,426.5036225813819
1730728,619.5043468522945
1731729,594.5541801197717
1732730,642.449181764548
1733731,291.2658149035638
1734732,367.5486797145524
1735733,630.720399504494
1736734,641.8771143789212
1737735,634.7156782259399
1738736,637.2116204855511
1739737,546.440053677677
1740738,564.6724218950892
1741739,227.5050575472437
1742740,575.1069422184271
1743741,220.64270233360554
1744742,424.72266627729897
1745743,684.0791041691544
1746744,664.1060181547113
1747745,681.6329912058778
1748746,653.1075569693188
1749747,400.0583979473387
1750748,662.418937173935
1751749,265.0864219865698
1752750,638.001349526687
1753751,490.9054663307214
1754752,269.37425710024513
1755753,651.9786598308456
1756754,262.38366460432616
1757755,542.9197883043885
1758756,623.3386138865885
1759757,445.974265359907
1760758,676.0329115889198
1761759,652.6824975195077
1762760,669.7586484263418
1763761,437.356030848688
1764762,663.3773595750124
1765763,638.748756669191
1766764,653.6002862480589
1767765,617.1889199650154
1768766,560.7740186983026
1769767,674.3762990769261
1770768,655.7135338205871
1771769,664.6154287215135
1772770,453.96191290633925
1773771,687.7042427180584
1774772,582.4449732491145
1775773,354.8126355062303
1776774,638.7839975411146
1777775,669.9482935054741
1778776,674.7335669442048
1779777,661.2238540142492
1780778,650.9822460131364
1781779,660.6565849300048
1782780,655.6534623858809
1783781,656.7945477006308
1784782,667.7997264751657
1785783,680.2732404251407
1786784,663.3769857712836
1787785,648.46446438364
1788786,678.7152425638775
1789787,657.8213930068796
1790788,441.3632291209614
1791789,679.7736400859955
1792790,680.485611410418
1793791,672.6952935257739
1794792,574.0006873391206
1795793,639.6312497305946
1796794,503.5709976693673
1797795,663.101038948545
1798796,669.6596871153116
1799797,562.9392318485719
1800798,649.824772514449
1801799,661.7052205825694
1802800,417.1510824178905
1803801,475.6521512410828
1804802,510.0201771268263
1805803,625.7058456347758
1806804,500.6792831840322
1807805,575.4436321670076
1808806,294.72942396502253
1809807,472.79155819970094
1810808,669.6676502423522
1811809,343.3965769946915
1812810,673.5966931009476
1813811,667.4870323234327
1814812,676.5308409054592
1815813,221.45779595771026
1816814,605.6521585196945
1817815,656.9437529082167
1818816,261.7823272376059
1819817,652.7162082602799
1820818,578.0788113802065
1821819,653.4256517498926
1822820,565.9435153027564
1823821,671.044991678805
1824822,588.6401507045149
1825823,188.3531056604204
1826824,639.7174462946464
1827825,664.6011895687434
1828826,488.1940654648909
1829827,672.9904650475702
1830828,527.0405221597481
1831829,647.4208720601495
1832830,632.7237232542917
1833831,638.0556786800676
1834832,657.3142836854317
1835833,662.3881541096143
1836834,668.706031403313
1837835,659.7527943281044
1838836,629.7221643702101
1839837,621.9626789065313
1840838,656.4809536504795
1841839,594.9037283135763
1842840,667.9806575120504
1843841,450.10537600044626
1844842,615.022063438266
1845843,611.9231765996584
1846844,678.1874103779434
1847845,645.8165978536434
1848846,540.3007542357325
1849847,296.14517586899916
1850848,616.3225185197991
1851849,528.618961320579
1852850,605.4212684120771
1853851,617.9075416370448
1854852,635.9399831816942
1855853,654.089251960021
1856854,664.1842705520737
1857855,322.90652670347237
1858856,621.4617567389308
1859857,645.2196108147516
1860858,643.6095393196803
1861859,527.2743892081712
1862860,616.8460790172842
1863861,636.621941389839
1864862,338.67982292255215
1865863,623.6680805258121
1866864,592.4335222678174
1867865,635.5961496820396
1868866,673.2629618136552
1869867,654.6164731504354
1870868,555.3924972632918
1871869,624.8873921778916
1872870,629.4808674289756
1873871,607.1071614852874
1874872,654.7523331020086
1875873,527.6822758168901
1876874,646.1888623986127
1877875,654.6019185863075
1878876,631.4023407737222
1879877,445.3621416319571
1880878,645.4881102378364
1881879,559.9614869116037
1882880,328.9096136388405
1883881,539.7811915798193
1884882,520.681176058014
1885883,336.66906111143805
1886884,451.8055207056588
1887885,630.9566615538887
1888886,583.0576185097889
1889887,634.4257450287076
1890888,598.7898848276568
1891889,622.5194002345805
1892890,635.5768803559153
1893891,673.5842930336684
1894892,524.2464701271012
1895893,654.3458687095865
1896894,649.3527020042718
1897895,637.4516140998849
1898896,683.8619697746054
1899897,664.2948477237827
1900898,654.488591966227
1901899,650.0400848174738
1902900,499.03110020389164
1903901,575.9097474933644
1904902,662.529632065777
1905903,583.8275125139608
1906904,610.7541884637469
1907905,575.621652340164
1908906,642.4285935628244
1909907,652.0889286461529
1910908,627.7535977123175
1911909,621.5886978944599
1912910,648.6961780873316
1913911,655.9581390525407
1914912,664.9803779048385
1915913,663.1349643190556
1916914,660.2261826425217
1917915,245.42911884888107
1918916,662.9560180803915
1919917,649.503334715865
1920918,668.1294009824969
1921919,558.7248858600385
1922920,626.3858663974506
1923921,615.9625048460945
1924922,291.61766514029256
1925923,653.2433483637342
1926924,240.96193312681012
1927925,639.6841950284288
1928926,644.7997799152016
1929927,314.83852858791397
1930928,652.9434708533279
1931929,643.489792290872
1932930,540.662553382418
1933931,418.78390504959094
1934932,662.2222635402532
1935933,665.2445358718045
1936934,603.9287183168376
1937935,541.409838247649
1938936,627.7032322467163
1939937,652.1299778428302
1940938,662.0879039621119
1941939,667.0073769587614
1942940,616.1113964900534
1943941,573.1664676888294
1944942,620.5799062678109
1945943,657.0727053759566
1946944,563.0985715216622
1947945,591.6626455422519
1948946,619.8568410957351
1949947,406.5048433047243
1950948,609.5818204450102
1951949,563.3735338898666
1952950,570.9478883735535
1953951,658.5920953227599
1954952,584.2429566118456
1955953,520.8161639991192
1956954,598.0039800322462
1957955,627.0096153620242
1958956,687.6359876290688
1959957,639.1763763984874
1960958,673.3757056130123
1961959,657.7681238008457
1962960,660.4821515841679
1963961,660.2528416939955
1964962,625.6847346738704
1965963,611.1328289870521
1966964,635.2034652733842
1967965,638.9163964090571
1968966,653.5010113167107
1969967,665.9406605453834
1970968,271.7836483640443
1971969,630.032387953619
1972970,639.7508359918423
1973971,626.37472871506
1974972,633.2742064502389
1975973,417.68477144204144
1976974,548.7054483726291
1977975,661.3808692196741
1978976,633.2650730563213
1979977,627.2256701696595
1980978,640.856783002419
1981979,642.2717937315033
1982980,410.77449541096445
1983981,650.4265036752466
1984982,625.6790094922087
1985983,630.5225056680501
1986984,528.5376267524861
1987985,560.6438632628766
1988986,624.3611352078344
1989987,618.0544044619256
1990988,626.3037957706887
1991989,610.7635342014041
1992990,520.6190287800009
1993991,639.8796462337668
1994992,587.0214806941868
1995993,612.1099069058226
1996994,609.9134742821475
1997995,614.2921232198665
1998996,627.3096463037409
1999997,197.39412757374217
2000998,387.10659710834875
2001999,634.6011369333838
2003000,513.9030176093746
2004001,315.60569921605895
2005002,636.5658464430797
2006003,448.9587874843321
2007004,596.891027068755
2008005,309.74542380144675
2009006,600.0949401563743
2010007,305.64717207491947
2011008,560.0150506036913
2012009,541.1618558651238
2013010,616.8427801037565
2014011,407.18501721284946
2015012,522.6165823980097
2016013,647.629853877699
2017014,549.3225279180599
2018015,604.0274706453544
2019016,387.8005594407071
2020017,634.9629949725655
2021018,637.0779103892432
2022019,643.4120997303879
2023020,648.4644738185218
2024021,638.9540164907207
2025022,629.8861808958402
2026023,423.0018702505143
2027024,364.3042182086708
2028025,322.9999568550261
2029026,614.7927111291389
2030027,563.9214546292659
2031028,598.550924552322
2032029,596.6046909483931
2033030,627.2786707845268
2034031,596.4611821206647
2035032,346.9337201196215
2036033,402.71622505378076
2037034,638.37716772176
2038035,529.914544874393
2039036,384.7336662941504
2040037,626.5649566944712
2041038,255.4262834612961
2042039,624.4897777739823
2043040,449.4542651117748
2044041,370.13440532989574
2045042,412.2603006467437
2046043,612.4354122456134
2047044,615.7882358527808
2048045,551.4747850383104
2049046,459.726631783385
2050047,325.41355516589493
2051048,525.459830232918
2052049,246.366985356266
2053050,613.0559416013655
2054051,465.25451860357504
2055052,185.00724414551377
2056053,168.02545783160565
2057054,621.6851988100494
2058055,411.6649969441863
2059056,624.7322223437916
2060057,638.9308597834267
2061058,614.8892450843517
2062059,448.3275126320876
2063060,566.8301454674502
2064061,492.11620939136316
2065062,330.5225402147035
2066063,647.7313064829054
2067064,437.0965196395175
2068065,662.6994122799839
2069066,673.2778908576531
2070067,378.16641943964817
2071068,632.8382288502013
2072069,620.7920345716229
2073070,501.2447661073238
2074071,649.5238322693295
2075072,561.771162172742
2076073,403.3611068964823
2077074,671.7361281294196
2078075,658.7864827494027
2079076,650.6082805946459
2080077,662.1757647983007
2081078,680.350309560962
2082079,668.9248603742782
2083080,641.1065743773487
2084081,666.7454350502002
2085082,670.4804379943162
2086083,575.3182460239296
2087084,224.5551023059984
2088085,669.2810999537002
2089086,678.322437577421
2090087,521.2382975592468
2091088,651.5313128963527
2092089,660.5021299651783
2093090,634.6166233237874
2094091,641.5169432169843
2095092,645.026007544158
2096093,656.2261372074242
2097094,642.9303684009483
2098095,601.4299660266963
2099096,357.07230500040725
2100097,606.9438455821911
2101098,474.0005982652341
2102099,452.16685234314957
2103100,569.5139001434253
2104101,351.6706500707038
2105102,675.8918170436659
2106103,679.1450414947777
2107104,568.4755015077158
2108105,506.21764468020666
2109106,648.0804105337685
2110107,366.66250750760133
2111108,584.7620513693169
2112109,621.1215359886457
2113110,660.9084774424458
2114111,562.2365538110636
2115112,672.7902825778939
2116113,647.7549907389156
2117114,671.6409442732414
2118115,677.3342737375547
2119116,639.7812510139896
2120117,659.3088841094218
2121118,180.86923136684402
2122119,659.4643538992573
2123120,393.15148540981846
2124121,655.1410179059174
2125122,649.9095367021749
2126123,668.5454770373248
2127124,598.8359774399752
2128125,653.6710594468863
2129126,543.9623514693288
2130127,671.5907169976406
2131128,545.234393094721
2132129,663.2079452734814
2133130,670.1880575142453
2134131,659.0865926323833
2135132,675.8247366730359
2136133,657.569485604581
2137134,656.2121232495173
2138135,652.5030189675404
2139136,658.249292189226
2140137,567.8046845447972
2141138,666.6058190495762
2142139,618.4148296768449
2143140,561.7131491498018
2144141,381.7961110066893
2145142,186.6548377755425
2146143,654.0383717555527
2147144,617.8662711748377
2148145,627.4355726488731
2149146,644.0910173990235
2150147,655.3453451716877
2151148,483.01751632172085
2152149,620.2799467328472
2153150,497.303669232298
2154151,376.70291545437806
2155152,479.8768117529233
2156153,394.88718703320615
2157154,662.091754166113
2158155,585.6510871348252
2159156,637.4288055878015
2160157,625.5380393496197
2161158,638.2444725675164
2162159,649.6034852723601
2163160,642.3162175687526
2164161,645.4184791058124
2165162,607.9771874976417
2166163,631.9847223779598
2167164,389.63446542691787
2168165,636.0675605912846
2169166,652.1241859985262
2170167,621.6432216325433
2171168,645.733100738809
2172169,642.8752740525484
2173170,333.4093247931292
2174171,499.45367100903803
2175172,625.8402092964219
2176173,622.1739117749943
2177174,472.9685613331016
2178175,634.9523942661147
2179176,621.9346147857963
2180177,636.29029163059
2181178,621.8823264500533
2182179,378.76719989727775
2183180,552.3292492147251
2184181,576.0645318064032
2185182,399.18959947221316
2186183,519.247416316391
2187184,673.4262994096738
2188185,585.179608145753
2189186,320.70273104702557
2190187,603.7014899329754
2191188,608.0089882707842
2192189,660.9794720843026
2193190,600.3603350172456
2194191,328.52148896791624
2195192,642.1126520920877
2196193,226.27714068745775
2197194,637.9517467370325
2198195,631.6098655928371
2199196,426.25134049778904
2200197,656.6351191367681
2201198,190.21029015299214
2202199,188.42993962609233
2203200,381.5477348231927
2204201,607.9736735610956
2205202,609.7969405321094
2206203,648.4907327713166
2207204,523.8199676397828
2208205,588.6730187388994
2209206,371.43613386756573
2210207,602.3868102159059
2211208,177.19077597019322
2212209,299.8822976609291
2213210,583.3579503491878
2214211,626.6290934920447
2215212,562.0754445453949
2216213,628.8339167905473
2217214,404.71400263510014
2218215,665.4265031896326
2219216,628.3585471166028
2220217,341.3675227567754
2221218,550.3632673534884
2222219,595.8457016313906
2223220,643.9173429080213
2224221,515.9230673944305
2225222,668.2258498559372
2226223,356.5173758953336
2227224,632.0236982379366
2228225,671.7698011897901
2229226,351.4294324780607
2230227,370.81264990918424
2231228,634.0104574355938
2232229,638.2091294816905
2233230,643.1234318035591
2234231,633.8585405006909
2235232,653.5865251131717
2236233,373.2378232868662
2237234,650.361467500446
2238235,665.9995933332707
2239236,427.88575026772816
2240237,617.2931032938958
2241238,422.51759682774485
2242239,253.22725248510878
2243240,308.6666020702874
2244241,579.4792297999372
2245242,592.1362649739684
2246243,595.6118511848338
2247244,420.18669957453756
2248245,595.6459837415299
2249246,255.8001599997947
2250247,589.9773071024555
2251248,558.8579371712304
2252249,623.3472099059061
2253250,632.9309773012931
2254251,650.9075924080654
2255252,634.3676003652896
2256253,561.7217967345766
2257254,639.8353407086884
2258255,654.0987033376811
2259256,326.3406657557539
2260257,562.9540844296168
2261258,491.1004760617578
2262259,651.8313263293279
2263260,557.702535513247
2264261,592.8256147602048
2265262,570.403483709867
2266263,567.5621661032781
2267264,587.1254587292036
2268265,261.33441816812496
2269266,561.910615138876
2270267,616.2235003943548
2271268,619.4541380620427
2272269,615.3623331037022
2273270,574.4376758450943
2274271,619.1019307681355
2275272,547.2799321592238
2276273,604.496524339948
2277274,509.4971363989987
2278275,624.9788671632656
2279276,676.8829248300491
2280277,646.4673589430985
2281278,631.4170549686361
2282279,651.8317492549055
2283280,613.2621589022369
2284281,571.0343570219786
2285282,650.8878048665949
2286283,517.9978657263665
2287284,593.9487515756239
2288285,656.7554452570255
2289286,660.8305778035799
2290287,572.4558226768419
2291288,627.8037843829354
2292289,502.39496884926416
2293290,574.4813775094932
2294291,609.0803821670348
2295292,632.7755326575425
2296293,569.5610297344688
2297294,633.1585430059066
2298295,622.2070279105574
2299296,531.1245851776761
2300297,559.1758772916484
2301298,258.82133345535664
2302299,525.8770228165145
2303300,311.3037641807334
2304301,418.0452382522185
2305302,401.0334117182477
2306303,552.8473785309317
2307304,516.9662581138714
2308305,608.1618743840593
2309306,588.0064219318058
2310307,586.8914790228828
2311308,634.4581430245717
2312309,669.0364249627373
2313310,640.8813867134409
2314311,582.5490140446227
2315312,602.4533538817162
2316313,645.63231188402
2317314,519.9109669594478
2318315,677.4529595705495
2319316,614.1471063550788
2320317,235.61637982138356
2321318,655.3157427256875
2322319,682.9642491274417
2323320,631.3689576195101
2324321,676.2463922806991
2325322,672.8247996940643
2326323,651.6916622673617
2327324,651.0505472197342
2328325,660.9284305221928
2329326,652.4947331084782
2330327,625.552154603193
2331328,592.467080913023
2332329,642.43200737451
2333330,599.32292986565
2334331,612.4700777659672
2335332,641.305473091649
2336333,506.42972986654974
2337334,628.8279646836426
2338335,305.1295430275897
2339336,342.0113747944586
2340337,475.5048140826577
2341338,439.5111494415566
2342339,332.4468859835089
2343340,609.4011994926478
2344341,604.3508281984591
2345342,585.3082643049643
2346343,467.1959868443525
2347344,621.9041826026939
2348345,420.23844250975907
2349346,630.2984910576833
2350347,628.4523546026195
2351348,559.3542176137138
2352349,655.6781071982149
2353350,620.7289423207749
2354351,607.7911255446674
2355352,552.6975207006483
2356353,498.0728620569005
2357354,574.3852046437554
2358355,634.0417071392282
2359356,423.4098985444303
2360357,564.6723780372421
2361358,663.8660686137162
2362359,642.0712424175346
2363360,583.7794646495889
2364361,572.8904973790774
2365362,651.1700187473969
2366363,565.471494537934
2367364,456.69391638280746
2368365,442.870182853832
2369366,476.97595888200794
2370367,536.656267316743
2371368,619.3737713957853
2372369,653.9445327773099
2373370,607.3875493365737
2374371,398.3768200528452
2375372,554.5737017913414
2376373,638.3845678586601
2377374,373.0949989647529
2378375,519.424841260583
2379376,455.84352141914144
2380377,575.2603896458164
2381378,652.4622901834167
2382379,482.2322257475949
2383380,587.8946742645769
2384381,492.99707856175746
2385382,325.77879585428866
2386383,249.4898446093803
2387384,603.0205403632141
2388385,383.0766537405698
2389386,644.8340184772348
2390387,669.2618390296441
2391388,649.0976360884558
2392389,645.3651456522745
2393390,679.7781642339141
2394391,667.6001315496627
2395392,656.3467149026662
2396393,641.1494257027244
2397394,642.4375492337923
2398395,652.9960689670802
2399396,402.67086864732727
2400397,663.8552254855799
2401398,663.9969755393313
2402399,546.0607450253526
2403400,636.2887494285017
2404401,683.5969532816306
2405402,443.1900499458365
2406403,670.618276862423
2407404,661.5592161943762
2408405,655.1691267705263
2409406,616.4551280245056
2410407,660.0908032460256
2411408,595.488834778945
2412409,372.59298823025074
2413410,651.8499915140064
2414411,424.5692547280939
2415412,632.0781784212213
2416413,549.3176285966863
2417414,655.57991285943
2418415,442.0677619715017
2419416,408.0485050548096
2420417,654.9088478797756
2421418,663.0606591479352
2422419,619.3339600486648
2423420,653.3988800713545
2424421,516.4982887392607
2425422,633.5884312246118
2426423,640.0613526963117
2427424,629.5693379313493
2428425,635.3608216255053
2429426,623.3227138691761
2430427,657.6885545094751
2431428,495.7204182526161
2432429,658.3365454908379
2433430,622.0615472369965
2434431,473.06468944728994
2435432,427.32474642478445
2436433,609.5818491845289
2437434,616.8833070648906
2438435,634.6682379016947
2439436,596.6632360496567
2440437,603.8403091026524
2441438,646.0129842372914
2442439,603.0145684261313
2443440,634.4289854830222
2444441,638.0907943653294
2445442,607.3324855784041
2446443,630.6289160945329
2447444,616.7136124006089
2448445,569.0178648224617
2449446,620.5360642560219
2450447,598.9869406256748
2451448,596.66980138038
2452449,489.5032511226543
2453450,600.450140104579
2454451,560.1183942661872
2455452,639.6532785640854
2456453,460.67008722783817
2457454,641.9232264114374
2458455,525.6808749444746
2459456,574.7721985328868
2460457,504.0504379423867
2461458,413.5877776272239
2462459,622.7058346551372
2463460,633.2379982420013
2464461,633.2281194317854
2465462,593.0063882077066
2466463,638.6948863627572
2467464,431.47536120591326
2468465,633.6875633409659
2469466,421.05075461032374
2470467,618.6786745267103
2471468,344.51835551210536
2472469,575.4028017925518
2473470,602.8395592454259
2474471,641.7601695565297
2475472,630.3353846367228
2476473,476.3798464081017
2477474,571.8995817213823
2478475,592.1797185016974
2479476,594.1820565093926
2480477,454.02964723629424
2481478,636.2064526678798
2482479,324.9982270525272
2483480,424.6335362350463
2484481,498.42533662167284
2485482,414.4619149721744
2486483,598.2606509161157
2487484,297.5019333300916
2488485,490.20117534543664
2489486,592.9967271292472
2490487,355.7628937439666
2491488,617.3901627301166
2492489,550.8613272312141
2493490,594.8488443671366
2494491,609.3101514954978
2495492,535.5519950786318
2496493,537.2800299728592
2497494,595.67825583816
2498495,631.2173813745403
2499496,402.28117013850635
2500497,341.13586489049106
2501498,456.85614886448053
2502499,350.38825324783704
2503500,425.11817131420895
2504501,421.8222769391161
2505502,559.2903218442457
2506503,613.2831296859744
2507504,319.68461957407993
2508505,308.63042292756825
2509506,454.87176714558206
2510507,471.01767519585104
2511508,616.5717908560829
2512509,657.533780573316
2513510,603.2592958987087
2514511,476.3499758489951
2515512,465.23316252012916
2516513,409.7981356284426
2517514,437.5204304207439
2518515,408.08095602436515
2519516,483.73753688516405
2520517,616.3873158707946
2521518,588.9502150723665
2522519,595.053252997381
2523520,380.2802339392767
2524521,614.9442395329684
2525522,512.4228310714844
2526523,466.94395186795936
2527524,263.1615923351407
2528525,640.2979966156246
2529526,650.8840981132745
2530527,459.59901701614916
2531528,629.5611441567096
2532529,300.5167945216475
2533530,617.522517793819
2534531,625.4588066081151
2535532,657.1207561984155
2536533,619.9678010828883
2537534,545.6376910066363
2538535,322.1698109835039
2539536,538.7894242497496
2540537,525.8043169962624
2541538,661.7138815706496
2542539,648.3313680005178
2543540,671.5267934356723
2544541,655.5478566251394
2545542,584.3583416228283
2546543,633.1685172872827
2547544,457.7245023870405
2548545,117.90283216899094
2549546,632.0765050146357
2550547,573.693938096879
2551548,635.0417991234839
2552549,551.5934774785402
2553550,654.3499611040344
2554551,585.5573337396908
2555552,627.5678535509429
2556553,510.0955174293599
2557554,625.0649368282853
2558555,349.9347673556067
2559556,484.1534894240671
2560557,631.7626962804143
2561558,549.7690811245652
2562559,616.6344650335016
2563560,333.63580994953895
2564561,561.1688854210145
2565562,592.4310803299818
2566563,410.89588298629354
2567564,368.0530319556538
2568565,643.8228611863824
2569566,624.3862516662435
2570567,115.39633066630348
2571568,484.87436714520106
2572569,566.9157199846508
2573570,390.6915637377337
2574571,295.78648148794167
2575572,626.9551237732949
2576573,593.3864444892247
2577574,630.4299846952377
2578575,634.6179239925198
2579576,567.0750464240323
2580577,625.8302329231448
2581578,417.0497741226254
2582579,350.5488585456487
2583580,486.4224812904481
2584581,181.73353191098775
2585582,606.4639907969412
2586583,628.7821504684608
2587584,348.39436629798394
2588585,592.7084566656242
2589586,610.3840372533325
2590587,277.64571119109974
2591588,233.84645433402162
2592589,657.3254887679097
2593590,643.256599185067
2594591,637.9924269788801
2595592,597.0476234352718
2596593,623.5499163033284
2597594,623.8242450459384
2598595,505.62232285610355
2599596,465.2852597738513
2600597,614.7343808881143
2601598,632.0126735494825
2602599,637.5598580425526
2603600,631.2534434503763
2604601,629.0188152966117
2605602,608.4341654423718
2606603,634.7711033189004
2607604,568.3522201797158
2608605,626.9652622543131
2609606,627.8925385424797
2610607,632.6581195719601
2611608,619.9172844856454
2612609,628.2509574772212
2613610,604.555267491475
2614611,661.0584480329982
2615612,576.5653446058354
2616613,638.6285868698043
2617614,674.7301285932213
2618615,638.9239696908237
2619616,635.3929999436717
2620617,628.8012989797453
2621618,559.4611080536791
2622619,680.8341740929795
2623620,658.2688989499999
2624621,290.91349442578013
2625622,507.23049732796454
2626623,648.3554047068111
2627624,641.9860130401157
2628625,644.9681865674645
2629626,590.9478266303408
2630627,651.2460927247068
2631628,669.4270177659783
2632629,280.9891377946238
2633630,617.1617870438438
2634631,558.2365333791118
2635632,651.4217564845526
2636633,620.8484821560651
2637634,604.0974791731771
2638635,647.8611118567444
2639636,632.182745008828
2640637,616.5655917263861
2641638,631.729747347382
2642639,627.3331100499166
2643640,216.01480667540176
2644641,626.3970551407889
2645642,278.26676184215216
2646643,370.6355327754314
2647644,444.21537692563976
2648645,616.54227703382
2649646,282.8744247896922
2650647,651.4788511381663
2651648,655.0953615830958
2652649,308.0424181904875
2653650,673.4413672061061
2654651,620.5795587782513
2655652,652.2361796902695
2656653,534.0088100942615
2657654,251.46465580245007
2658655,594.3334741738743
2659656,640.7026817949626
2660657,639.722514897687
2661658,634.6654331267414
2662659,634.9775956284332
2663660,649.2608984214202
2664661,598.6457972313091
2665662,624.4009278955215
2666663,636.2338855676753
2667664,666.5387863866681
2668665,617.4418834879973
2669666,259.49320925803426
2670667,604.5537188824196
2671668,468.48708893207726
2672669,605.0325889056713
2673670,627.971488337272
2674671,386.3276193241924
2675672,611.1214073876096
2676673,591.2206910946918
2677674,630.441294545521
2678675,606.9701029034095
2679676,618.0818556041073
2680677,607.9561208145043
2681678,661.0040934510508
2682679,651.8808143120871
2683680,586.609532289922
2684681,636.2659872702061
2685682,541.0227431246195
2686683,568.5673925827123
2687684,656.710202150094
2688685,592.9809280458046
2689686,658.0990735745978
2690687,649.768580869029
2691688,413.3521136671937
2692689,601.8790360325925
2693690,618.9952920673712
2694691,628.0264423536621
2695692,506.8234502570895
2696693,612.441154549844
2697694,586.055759480819
2698695,570.1126759237034
2699696,650.6650976634601
2700697,648.715166558109
2701698,623.1955305748812
2702699,630.9629213960561
2703700,650.452544370057
2704701,642.676260002362
2705702,570.8741634192313
2706703,617.7512340564231
2707704,619.7244249283115
2708705,627.590679431543
2709706,642.7553529964582
2710707,610.671471616444
2711708,670.4860878113946
2712709,653.0406315365988
2713710,637.1640768306386
2714711,616.1168059024824
2715712,624.3247857611856
2716713,627.7881939756112
2717714,497.7114712826088
2718715,635.9386174561647
2719716,628.9027579517402
2720717,616.4355280831977
2721718,670.6331424943542
2722719,611.100266416248
2723720,543.6871039185245
2724721,612.8452896802758
2725722,634.903586924631
2726723,620.8198393924482
2727724,542.6158777432945
2728725,389.2531654635161
2729726,552.621027882839
2730727,569.6669865559145
2731728,621.6963104032793
2732729,596.2065606354663
2733730,394.0558055077403
2734731,412.4941507214541
2735732,545.8986708627314
2736733,560.882792108315
2737734,388.36233701546723
2738735,573.5525134449458
2739736,603.2899624172205
2740737,575.0862730049038
2741738,507.11187411595745
2742739,605.8282327029702
2743740,604.1937623140561
2744741,627.5909623361265
2745742,576.996250554764
2746743,607.1042971467908
2747744,623.9085622664644
2748745,595.6097302928907
2749746,583.9647233247193
2750747,569.6022257871119
2751748,572.9942818064277
2752749,581.5045530653504
2753750,622.6090350541707
2754751,606.1550166796758
2755752,530.4798718835798
2756753,592.7302941581162
2757754,638.0165374648923
2758755,603.8878096649058
2759756,592.540241771111
2760757,405.0476971240224
2761758,614.7856774981851
2762759,443.20165475070115
2763760,592.5584855417343
2764761,600.1725250633611
2765762,532.0647721531675
2766763,367.88043167382295
2767764,441.90243767933737
2768765,380.4805525949698
2769766,343.1461178833626
2770767,504.43512929269707
2771768,270.4737207279365
2772769,546.6765030855752
2773770,588.2961751835254
2774771,558.2187890639938
2775772,459.37947491430225
2776773,530.2676425285509
2777774,478.82425604709465
2778775,568.4756796990732
2779776,345.8594990796659
2780777,545.4727908558878
2781778,484.2253092336592
2782779,591.2963745987732
2783780,428.4654194899682
2784781,609.851737263817
2785782,610.2292138002962
2786783,395.57305926290695
2787784,522.9319410269336
2788785,551.4064113128038
2789786,565.8784362356389
2790787,199.25530098488912
2791788,288.52360993888686
2792789,383.0729280937657
2793790,594.9492034870308
2794791,514.9601506649599
2795792,230.80808709573523
2796793,607.7531360297854
2797794,569.8307868655281
2798795,577.4224260142386
2799796,377.0504238599398
2800797,589.4669968481247
2801798,522.5593998380598
2802799,581.6638100281377
2803800,590.2225574845419
2804801,408.3149040552879
2805802,418.50090273015996
2806803,279.5748075283413
2807804,294.4083094740222
2808805,256.68457434847846
2809806,266.8693030436247
2810807,599.3546601236586
2811808,578.265437029103
2812809,439.1094188452275
2813810,572.4542691234909
2814811,522.5950962501386
2815812,174.51393078217123
2816813,412.7652806794727
2817814,325.66512085439115
2818815,454.30773737567336
2819816,580.3865333948785
2820817,345.8796390363166
2821818,552.5159800425571
2822819,546.682929634351
2823820,231.33973834494984
2824821,399.82829877763396
2825822,572.8699045950063
2826823,316.4161484302631
2827824,590.2077304232464
2828825,490.0928490678859
2829826,622.0895883738025
2830827,333.8527172528303
2831828,613.2782775746964
2832829,584.2330686577108
2833830,460.0153401784609
2834831,375.8114154987233
2835832,443.2127890380519
2836833,613.5857585858104
2837834,450.08354469806295
2838835,576.6049895809039
2839836,471.6720078289798
2840837,620.6097821601733
2841838,535.2863802833615
2842839,319.08330656543706
2843840,482.7875989368695
2844841,630.0514618082448
2845842,600.5359547171122
2846843,590.8865725874383
2847844,649.3883703534265
2848845,378.30928875548295
2849846,645.856496951252
2850847,631.0704536809471
2851848,555.4782865419998
2852849,654.4488590982455
2853850,614.7922340053108
2854851,640.1754389346797
2855852,482.96990042421805
2856853,633.9486131171697
2857854,336.97068462581876
2858855,595.5799169967842
2859856,529.050370599716
2860857,553.6764655701068
2861858,592.6949031667122
2862859,578.9527229020366
2863860,460.5491499230927
2864861,532.545868963868
2865862,621.6697988111514
2866863,532.6563151078534
2867864,578.5764246812045
2868865,617.2789694106802
2869866,486.7364611098913
2870867,628.9742563107798
2871868,510.6357713438056
2872869,577.930200221886
2873870,645.9814818299683
2874871,639.3051537324322
2875872,630.685614523512
2876873,630.4945363987987
2877874,642.332651352605
2878875,651.6207504113748
2879876,636.9321984817745
2880877,637.6119267152122
2881878,615.6381681076736
2882879,630.8578451268781
2883880,544.026968337809
2884881,603.1475716909065
2885882,623.3559026001262
2886883,219.95208112534752
2887884,618.5116115648817
2888885,653.370226278505
2889886,488.3928230121557
2890887,630.0618935878032
2891888,643.3352363972294
2892889,636.7396224542279
2893890,280.96364745418674
2894891,501.9282392983536
2895892,566.0690721618315
2896893,584.0152735508971
2897894,660.0754144745581
2898895,647.4094862234028
2899896,401.07193110133227
2900897,621.6610741765005
2901898,293.8434717016493
2902899,601.6380936068844
2903900,624.7904230066035
2904901,432.0686680357038
2905902,587.9450120904149
2906903,583.3043841706012
2907904,649.308948591063
2908905,447.9259836694824
2909906,644.2779700912607
2910907,632.0459887759012
2911908,597.3116137443068
2912909,600.7386993629608
2913910,595.1499659123685
2914911,588.9105472065368
2915912,615.6330124822224
2916913,411.54103126155326
2917914,495.99331150545044
2918915,381.3840354499876
2919916,483.7914173136197
2920917,505.9996575909137
2921918,332.76425801131006
2922919,593.3055122350997
2923920,591.2786998332725
2924921,621.6473807104868
2925922,642.0938494471534
2926923,638.6247888743588
2927924,500.5498372819939
2928925,528.7460789340995
2929926,581.0821062663811
2930927,628.933700740189
2931928,601.1844826187297
2932929,609.7345428386516
2933930,577.2122568315232
2934931,353.18823102779027
2935932,619.1546065194432
2936933,616.6427762390236
2937934,619.9603053363625
2938935,626.8917823537633
2939936,485.028741036759
2940937,622.084365465088
2941938,639.7338580024735
2942939,471.39409517978845
2943940,629.2658795593411
2944941,584.1438492627082
2945942,270.1856848726831
2946943,470.09365559663905
2947944,581.6786001305596
2948945,376.56723022850827
2949946,378.8885397785723
2950947,581.1827563587601
2951948,599.5869215720215
2952949,322.2250925747481
2953950,597.7986728454954
2954951,454.571726612647
2955952,303.0506571057875
2956953,627.9786128861101
2957954,504.3167808271843
2958955,343.7572270404137
2959956,628.1953112728835
2960957,579.1916123174899
2961958,520.0031178251469
2962959,514.0841606008221
2963960,605.2593083674553
2964961,608.1785721898533
2965962,525.1487473856552
2966963,606.0002942022808
2967964,106.23263439243762
2968965,606.8708208264279
2969966,437.461887106823
2970967,628.0222415922358
2971968,625.0023362248274
2972969,597.6008012846931
2973970,623.7598851197353
2974971,587.6484692999566
2975972,624.6386309533874
2976973,569.940648703788
2977974,640.9195963897405
2978975,630.5649562673265
2979976,598.9685685561453
2980977,627.6711420298562
2981978,500.0808349613043
2982979,456.67475173573075
2983980,600.6533480880803
2984981,368.9576492700684
2985982,466.64609026096133
2986983,590.3297075654491
2987984,386.8474425068765
2988985,614.7738128798119
2989986,610.8324025220013
2990987,604.1398421531362
2991988,422.8738489028121
2992989,599.4192274369735
2993990,650.2036304519596
2994991,604.8458505040413
2995992,547.1934602096936
2996993,304.5901277574419
2997994,359.19833928651684
2998995,395.30436351205213
2999996,401.9718410622229
3000997,410.63337913260443
3001998,416.78936042483036
3002999,605.3927716519054
3004000,609.5674846551261
3005001,610.2158172031518
3006002,478.4104938449201
3007003,667.0888409320961
3008004,382.50596332927194
3009005,556.2309586702647
3010006,578.3983444064478
3011007,662.0600935263845
3012008,432.95306267421404
3013009,599.8454873116843
3014010,362.6091878251253
3015011,478.2080417841033
3016012,610.9902016634348
3017013,320.20132814909823
3018014,614.8825004448049
3019015,635.4871565809052
3020016,619.2246583210626
3021017,625.0041266752419
3022018,620.9005204565088
3023019,382.99416198186276
3024020,643.3268632068248
3025021,584.8516080066778
3026022,623.2359616730973
3027023,622.2144597583432
3028024,636.0166066828899
3029025,635.8709907054355
3030026,624.0101910607918
3031027,649.5362626025459
3032028,631.066895959306
3033029,639.5748814758783
3034030,624.335654157019
3035031,621.0759350770222
3036032,659.9205351505327
3037033,623.2388318109274
3038034,619.0899240187885
3039035,653.4364572182304
3040036,623.0657937578769
3041037,654.5159215386115
3042038,531.0238645644182
3043039,575.0839046961773
3044040,651.1905863355532
3045041,243.52730736256382
3046042,565.3148068100145
3047043,621.2143151052093
3048044,648.3020333148245
3049045,628.1322252654197
3050046,607.3601747457366
3051047,576.1220370395913
3052048,305.02459115500346
3053049,296.99860412836773
3054050,641.7492444557645
3055051,640.0933894612751
3056052,318.07195353744754
3057053,632.268758154188
3058054,646.6900852517643
3059055,637.9634269986441
3060056,634.7093251130814
3061057,635.4924109507924
3062058,523.3298123380848
3063059,645.6876850916046
3064060,642.2913485713922
3065061,643.2150823507792
3066062,670.7505584581156
3067063,657.9172172531136
3068064,651.3257656623425
3069065,648.4883499569519
3070066,542.8061985153009
3071067,559.5043688264556
3072068,657.1272059554061
3073069,652.6635960380235
3074070,652.9098772946319
3075071,639.3221007202799
3076072,647.7992140117324
3077073,649.2770864888081
3078074,670.411342268519
3079075,663.3093282098744
3080076,643.8647755642193
3081077,641.1197617522329
3082078,625.609935197703
3083079,318.883389507941
3084080,414.25964058821785
3085081,572.3902732244759
3086082,636.2949523456408
3087083,643.0818574140111
3088084,655.7715121876868
3089085,514.0922670758957
3090086,474.1280476687009
3091087,219.54721511317678
3092088,214.45686442715584
3093089,597.9224159003669
3094090,624.4333631586792
3095091,655.48930154586
3096092,637.6469138475245
3097093,442.3364604550463
3098094,654.2138060259412
3099095,231.05488826183696
3100096,673.1086843726968
3101097,666.0834545029596
3102098,647.6730369735426
3103099,652.1287681921445
3104100,665.044384971494
3105101,634.068658084966
3106102,601.5484884302798
3107103,636.5794117660993
3108104,621.8598362712528
3109105,623.7116226208606
3110106,337.4654485393205
3111107,633.0522110533341
3112108,642.5023724582743
3113109,602.7827353549608
3114110,487.2751061988254
3115111,644.5577074225337
3116112,485.6697807645053
3117113,632.4734038464163
3118114,443.37051533958413
3119115,525.454337115319
3120116,619.1518585579659
3121117,653.1298685875998
3122118,500.12665131729267
3123119,455.6760968094283
3124120,246.75955859836824
3125121,344.76981890367057
3126122,226.40722614579272
3127123,499.5023419634681
3128124,652.3972289958647
3129125,257.00419966125366
3130126,262.50298088353827
3131127,577.1452358573256
3132128,333.97541047528574
3133129,300.24128509435747
3134130,268.2038975202913
3135131,619.7089640010876
3136132,644.7906485902504
3137133,643.4013145768864
3138134,348.7536490866775
3139135,662.410749414467
3140136,640.93100308472
3141137,661.3694652742997
3142138,660.0666096030495
3143139,668.8761676576883
3144140,665.2974870686292
3145141,594.824498241693
3146142,644.0703441559074
3147143,654.0982959785381
3148144,648.1802989079064
3149145,658.7751691922153
3150146,638.4791399014257
3151147,670.8041215004912
3152148,652.6308057540386
3153149,656.3174465102081
3154150,647.5426732711234
3155151,648.3061409184957
3156152,457.3773782228184
3157153,626.154825130583
3158154,632.6458835448024
3159155,649.5437545398242
3160156,360.329999697249
3161157,270.25480985859195
3162158,651.1983314151113
3163159,386.29921861703144
3164160,619.8744412068206
3165161,635.5524237489209
3166162,592.1895233947707
3167163,592.6830317322841
3168164,457.73715068491606
3169165,439.711546502438
3170166,544.7775339394636
3171167,628.5737977348949
3172168,658.8978562245425
3173169,665.108304372963
3174170,499.38043110971944
3175171,645.7123431608131
3176172,663.2343455589037
3177173,626.2144700066289
3178174,643.8251209506618
3179175,222.09081156790108
3180176,536.2715053642941
3181177,623.3254233809579
3182178,458.1607669082
3183179,638.2189409611191
3184180,538.7462974037968
3185181,631.8202325397107
3186182,609.4985328598056
3187183,546.5392858823832
3188184,614.2797788288741
3189185,603.6672274168154
3190186,499.77782984381633
3191187,581.4721065720084
3192188,591.3274980084288
3193189,612.4946349496985
3194190,578.437463204088
3195191,348.9626655959163
3196192,619.8274613287731
3197193,625.8323185883828
3198194,629.9721915786815
3199195,579.5768762763406
3200196,676.0695476740214
3201197,456.213831087779
3202198,576.0602010073127
3203199,622.1633406095481
3204200,602.0942132374091
3205201,599.7225849927501
3206202,628.4508812315684
3207203,444.73928629650067
3208204,618.5415207090757
3209205,652.3192187592964
3210206,564.015192545508
3211207,612.6605431528253
3212208,493.61160987346426
3213209,640.4880105403334
3214210,666.315466340117
3215211,650.7215951139237
3216212,632.7411532798371
3217213,539.8051561133814
3218214,639.1330990694689
3219215,550.1494740894138
3220216,639.4935815287221
3221217,670.9899753297695
3222218,674.4820169454299
3223219,638.2256597506394
3224220,388.1741865849369
3225221,627.8307179806274
3226222,617.7621379850599
3227223,264.53772922927624
3228224,644.3848206604441
3229225,628.3171074305951
3230226,621.5104986680856
3231227,630.2855496780953
3232228,650.0967595149723
3233229,640.6520999239955
3234230,624.8147272127993
3235231,435.47218948471493
3236232,619.5328675285148
3237233,652.111071092399
3238234,653.0421067000094
3239235,644.6976475758447
3240236,464.8415571647925
3241237,618.5254958112412
3242238,626.5475272347024
3243239,654.3497214644711
3244240,658.0075440189171
3245241,624.9278936402313
3246242,379.74060266991205
3247243,641.0707837407597
3248244,647.4288354533718
3249245,610.5469760220503
3250246,609.3706784826529
3251247,618.6919732316061
3252248,662.3156937671835
3253249,663.9593758368064
3254250,662.471468887516
3255251,596.7553590815111
3256252,613.8191980910452
3257253,611.586038348757
3258254,642.9121591939362
3259255,622.9719796819394
3260256,624.5709117005886
3261257,593.2345172511159
3262258,654.1950141011911
3263259,614.2562623022827
3264260,441.5267271497918
3265261,626.5092863430625
3266262,633.1766683707002
3267263,450.8646502212668
3268264,660.7601436914179
3269265,516.3849326847194
3270266,220.5740800004332
3271267,658.1996619513084
3272268,646.7137336158181
3273269,608.666895029797
3274270,601.4241398996822
3275271,649.1125264009235
3276272,392.22488417993975
3277273,638.8060940290386
3278274,664.787099103075
3279275,652.1362435287497
3280276,644.568631014987
3281277,671.2387817060101
3282278,475.5730895427992
3283279,683.2341987024347
3284280,623.4119911643044
3285281,632.4121854327409
3286282,260.37346056365163
3287283,556.0652958351704
3288284,650.7970769723092
3289285,520.3081269388632
3290286,642.6881621929914
3291287,643.3183000752846
3292288,661.2385221041147
3293289,666.0471461868286
3294290,646.0359123812365
3295291,576.0329899238452
3296292,653.4686285630606
3297293,453.28053207692085
3298294,656.4189400217899
3299295,603.8405512897158
3300296,659.5504041036342
3301297,639.5488747499354
3302298,642.8353101832064
3303299,573.1835845578478
3304300,667.8832020060369
3305301,638.4637695714109
3306302,657.4974786398025
3307303,216.35016468276314
3308304,634.1006128342716
3309305,636.3557253324981
3310306,416.3098391567463
3311307,398.2304719887644
3312308,350.39934496072306
3313309,647.3038359045449
3314310,570.994605342918
3315311,640.9603723114261
3316312,595.1910804106384
3317313,647.6213140138485
3318314,662.2318920987138
3319315,470.7621867734486
3320316,627.9640496900591
3321317,590.6244722958432
3322318,636.4669453134883
3323319,551.8736223114439
3324320,630.9104493024612
3325321,632.0370050400144
3326322,609.1986705037538
3327323,656.9852556958925
3328324,633.8920790167373
3329325,605.2517531454877
3330326,569.2398128152145
3331327,623.5953922054871
3332328,522.5191868698744
3333329,360.4679135158999
3334330,573.8436239514756
3335331,442.8610794240191
3336332,604.8013585551656
3337333,586.6084641021419
3338334,465.2371113140523
3339335,618.1503231590034
3340336,533.2890834864857
3341337,416.51497945791226
3342338,594.1561298255324
3343339,625.8641766288507
3344340,645.6584792058869
3345341,606.2860592005561
3346342,442.47499578046126
3347343,663.0112661719166
3348344,624.9033414214798
3349345,655.6634973344935
3350346,638.432233732714
3351347,655.3154564795858
3352348,612.4641965835165
3353349,543.8786982900186
3354350,635.7565245435039
3355351,616.771961174473
3356352,433.96388572304136
3357353,577.5486623729703
3358354,626.3059339110056
3359355,635.7053358397834
3360356,270.5979058503214
3361357,612.3576929337601
3362358,625.4842817309423
3363359,464.8968651988237
3364360,417.02856693923377
3365361,335.65847385961905
3366362,611.4844026404672
3367363,624.9698482105894
3368364,529.6426971355917
3369365,595.8548639040503
3370366,428.92047872344125
3371367,639.2163989692756
3372368,651.0256563854881
3373369,245.00003263034793
3374370,540.0769803398317
3375371,608.7365720145323
3376372,653.287306201355
3377373,538.9865563593164
3378374,481.5890764398099
3379375,468.24954576301525
3380376,619.1952176465982
3381377,449.621792032286
3382378,448.1835424609297
3383379,641.3409360195701
3384380,662.5718736649161
3385381,647.1460449469326
3386382,595.9288208267318
3387383,654.2578724705743
3388384,540.798892987956
3389385,645.7846526653066
3390386,660.528427041654
3391387,648.5097399828227
3392388,607.0179830316189
3393389,543.2358155833394
3394390,644.667825580763
3395391,648.4218677455382
3396392,623.1034864524639
3397393,629.4618787613061
3398394,497.3901061759144
3399395,643.6076066787471
3400396,624.1163743022834
3401397,656.4919454240668
3402398,622.5831991041715
3403399,423.86061624395387
3404400,545.7599132759748
3405401,566.4892768115621
3406402,627.5713970002831
3407403,433.5464208475697
3408404,656.0206503655633
3409405,651.9969986879507
3410406,511.3685291417963
3411407,568.4432309919654
3412408,500.7787318286606
3413409,644.6375071449546
3414410,607.726224891017
3415411,632.7839031184725
3416412,204.70624568866288
3417413,650.2948083881348
3418414,375.13637906612394
3419415,630.0854404855664
3420416,548.5019259937519
3421417,495.3995267998495
3422418,535.0795894558911
3423419,619.0436339926378
3424420,327.8209956291293
3425421,637.5751569670447
3426422,577.3874523238584
3427423,395.13639535228367
3428424,378.5408018046914
3429425,531.6702099169706
3430426,291.3312308620977
3431427,455.5797177881275
3432428,445.93989650725763
3433429,598.6186619246047
3434430,612.6766782402732
3435431,476.4190264898044
3436432,630.8453476362017
3437433,327.3078459173928
3438434,499.4622396280797
3439435,628.8874078184439
3440436,651.3909082213678
3441437,608.7857749437062
3442438,637.233473271161
3443439,335.32215284491366
3444440,434.7276099639893
3445441,438.8687699268596
3446442,527.1495497971571
3447443,606.7670789162637
3448444,635.5235876206857
3449445,562.617988761872
3450446,486.23839784953026
3451447,502.92974423639413
3452448,617.0842196070191
3453449,636.9868218505175
3454450,486.38515813815076
3455451,618.4983295441867
3456452,642.6120985671092
3457453,544.0236391949223
3458454,624.0569315229333
3459455,401.14421608433474
3460456,396.603916762695
3461457,356.850039700471
3462458,489.3300213091316
3463459,234.71248157836644
3464460,372.10372660898
3465461,609.4366137844602
3466462,540.9529646532387
3467463,539.5597805172865
3468464,435.3444153347332
3469465,581.966960059695
3470466,322.5457248043567
3471467,566.7621022635411
3472468,550.3143099696886
3473469,654.049047272329
3474470,363.02889765954563
3475471,558.9686087575325
3476472,302.1248812389067
3477473,652.0022660030064
3478474,658.5757039729087
3479475,632.8632138133023
3480476,562.0284867972503
3481477,472.3710805087144
3482478,284.1444053990026
3483479,404.4219136932693
3484480,419.6258948953026
3485481,497.15535168505875
3486482,522.871658724443
3487483,637.8234271726407
3488484,651.4215123806352
3489485,475.0829395053124
3490486,626.5834564265916
3491487,627.9956922624079
3492488,640.6955225379553
3493489,489.9825876102675
3494490,630.788743756016
3495491,595.1910639964584
3496492,313.9744323291863
3497493,489.92104382210573
3498494,618.179647018281
3499495,472.40737616306666
3500496,592.6154548352838
3501497,606.1096338361698
3502498,593.9888851860078
3503499,403.06029446682817
3504500,369.5121846455454
3505501,615.3859934964019
3506502,429.5156181362886
3507503,538.7732471632346
3508504,618.6355752151458
3509505,572.2373899707671
3510506,612.7009140027591
3511507,373.1953282701176
3512508,655.0313902011297
3513509,468.4922740763996
3514510,644.194966862504
3515511,620.2166184918226
3516512,557.2123636082083
3517513,625.1865093871196
3518514,655.4045735916899
3519515,611.0097484875585
3520516,556.2139152937226
3521517,631.6858842963718
3522518,549.6177058977423
3523519,463.24961049671145
3524520,645.7208943184434
3525521,643.8972985045408
3526522,541.0565338725141
3527523,634.7930871609403
3528524,641.7189319508941
3529525,660.4613968293228
3530526,639.9391926419568
3531527,641.2595050968685
3532528,640.2933326813056
3533529,253.80386193784102
3534530,644.6112484173243
3535531,637.3217642966357
3536532,624.4547993860916
3537533,600.3507409425963
3538534,629.2285160791083
3539535,587.5613905550083
3540536,467.2135880522282
3541537,641.5282494865157
3542538,531.1680357377908
3543539,640.2632261622831
3544540,608.9637535484318
3545541,643.177672279329
3546542,569.7532060059971
3547543,630.660610199263
3548544,655.3103411081656
3549545,638.928260658483
3550546,621.5511615182567
3551547,346.80943939203377
3552548,315.5282908021193
3553549,576.1796591937239
3554550,504.785735814034
3555551,344.5215852349368
3556552,646.5478071316753
3557553,661.7469573134034
3558554,647.6049277258578
3559555,668.4873937838107
3560556,309.1508501492999
3561557,627.8760637510322
3562558,654.7055806209822
3563559,355.63832337401334
3564560,287.97990876260315
3565561,651.226538551696
3566562,654.3067101971573
3567563,533.9529201258712
3568564,450.4180984678149
3569565,648.6726041583428
3570566,543.8443989101753
3571567,293.3569933682369
3572568,653.7965933943769
3573569,664.7802677283186
3574570,360.1561487058877
3575571,453.3623697172642
3576572,647.2964832859332
3577573,569.3760201036396
3578574,650.0947629184665
3579575,439.4519258716101
3580576,653.801627358446
3581577,620.8794968404594
3582578,381.5832683187432
3583579,518.2691309674462
3584580,474.9501549553329
3585581,645.364990736371
3586582,243.202428041333
3587583,366.9508291526141
3588584,204.37117738195695
3589585,571.5776287155423
3590586,602.332474663313
3591587,460.39169652412124
3592588,526.7720142226278
3593589,471.22124240891253
3594590,637.170089575413
3595591,646.0727290612709
3596592,607.2030552539229
3597593,613.1012379726301
3598594,587.851607891546
3599595,626.9885735716805
3600596,459.1117657535538
3601597,586.0638403569753
3602598,572.9552447559756
3603599,638.3720453154308
3604600,586.7056991078491
3605601,436.21086329929193
3606602,561.4190340613237
3607603,649.5528359639985
3608604,621.6172755688369
3609605,611.9230927502375
3610606,638.4834662981946
3611607,623.2698965321287
3612608,616.9110263872707
3613609,657.2710933453582
3614610,622.9440460305916
3615611,613.028749947398
3616612,671.1448511155636
3617613,643.889425598156
3618614,651.0560048202154
3619615,638.3361625863744
3620616,627.4585137267576
3621617,366.93968059090446
3622618,656.0942906019668
3623619,227.81486086012393
3624620,639.093711248687
3625621,574.4464325376462
3626622,420.7631824215865
3627623,555.2665291713851
3628624,637.3833076473885
3629625,642.8108946203715
3630626,485.40846249682227
3631627,660.2679432475884
3632628,641.2568985191092
3633629,644.9284862167798
3634630,545.7451335155042
3635631,572.3474374172491
3636632,661.0216772811226
3637633,649.0728656407606
3638634,482.6077945911851
3639635,653.1959150734635
3640636,645.4589763527147
3641637,628.4255572166048
3642638,573.2991683816141
3643639,656.6746662932434
3644640,645.9547233853101
3645641,630.711943171341
3646642,547.8357429035789
3647643,644.3642209743498
3648644,541.2577485911871
3649645,678.5802618921673
3650646,593.1806009171814
3651647,414.7631288830395
3652648,630.1648333646308
3653649,618.4712599141435
3654650,597.717269448988
3655651,634.1220388066266
3656652,617.707965950947
3657653,482.505831848522
3658654,352.9447489223852
3659655,661.9528119749773
3660656,286.7881071730663
3661657,674.5476980735276
3662658,420.76896172947465
3663659,617.4306173335495
3664660,448.17014708946897
3665661,507.40162417919447
3666662,639.1260058278216
3667663,642.0542695900124
3668664,538.3488776165605
3669665,560.3625919535966
3670666,512.1803372381133
3671667,640.6468156981375
3672668,632.0574459925617
3673669,448.9568028156224
3674670,656.6774598440267
3675671,650.062131768836
3676672,437.9123623871431
3677673,553.2507187834573
3678674,653.0373264322335
3679675,398.10066649832936
3680676,656.1833883801864
3681677,632.8165311093094
3682678,478.43230294413087
3683679,641.1113016075551
3684680,673.9667634663609
3685681,362.70285085802914
3686682,646.7455559913124
3687683,342.34794108056496
3688684,644.4943140143514
3689685,447.6658068862301
3690686,648.7972198750398
3691687,639.5572329066116
3692688,656.2852309543749
3693689,660.1521338359986
3694690,462.07208492257314
3695691,664.2923595433982
3696692,370.9845173613441
3697693,656.9066776124251
3698694,639.5722017839687
3699695,650.6519295428043
3700696,443.2567754522804
3701697,521.6924672866292
3702698,526.3711993364285
3703699,668.4123348337724
3704700,632.3426235532861
3705701,651.6148764065942
3706702,656.3595162071118
3707703,645.3805440327616
3708704,549.9119876383967
3709705,663.8741283240798
3710706,647.7935483957135
3711707,425.4984163569347
3712708,658.7012562638217
3713709,651.253715624675
3714710,655.406373317794
3715711,638.7019367923372
3716712,463.2080188465602
3717713,653.4882477661546
3718714,629.5349158741429
3719715,463.90795183918925
3720716,568.7913743274162
3721717,575.0949690308211
3722718,613.4421950927882
3723719,288.82701908120504
3724720,436.0091398617218
3725721,626.3386024211586
3726722,579.8621758776358
3727723,563.1692185353718
3728724,534.5948549546882
3729725,384.7326732928111
3730726,614.0699123803726
3731727,622.1298438832769
3732728,624.6377793933955
3733729,632.8205697790048
3734730,429.9339304197469
3735731,612.8179954130719
3736732,297.68684928117466
3737733,584.7419603920908
3738734,490.5813818797204
3739735,568.9419235342433
3740736,528.6689583643989
3741737,526.5403329303505
3742738,650.4228833108227
3743739,329.0655880403711
3744740,404.50309838382447
3745741,411.5375152318467
3746742,575.9349674151813
3747743,408.2037674338834
3748744,570.4970583814446
3749745,388.3535295349861
3750746,602.0891823132441
3751747,284.63776168887665
3752748,459.1177280867046
3753749,601.1978664260504
3754750,620.9437412148808
3755751,663.2963077035907
3756752,490.58095477325617
3757753,617.6667212692471
3758754,518.4983484835864
3759755,437.4201320842774
3760756,631.8972278658082
3761757,659.1423613378754
3762758,645.2369585027992
3763759,518.9883942202744
3764760,571.8605429011802
3765761,649.5205408086648
3766762,626.2652799290593
3767763,656.166842340893
3768764,634.3189576874008
3769765,635.9169175534232
3770766,600.6474494494313
3771767,557.0126307545032
3772768,472.99197136781174
3773769,615.2959322665129
3774770,645.8192861664602
3775771,637.4343118901572
3776772,640.7569071557126
3777773,595.2594686996321
3778774,537.1137165482787
3779775,649.0250887368568
3780776,568.6655615793794
3781777,636.1952577225779
3782778,612.7279310802262
3783779,638.3884023078991
3784780,634.916344363954
3785781,405.20297547608055
3786782,639.9337853325646
3787783,583.1116681055944
3788784,531.1824184889344
3789785,529.1237897771382
3790786,641.2617435203223
3791787,576.9923063608182
3792788,574.035423562515
3793789,600.9984799220862
3794790,482.4840176565207
3795791,630.5953082584413
3796792,621.3745645582572
3797793,638.1816908768776
3798794,617.7167527814244
3799795,628.3355571876307
3800796,578.6068178292807
3801797,540.8204243590367
3802798,626.7749160328186
3803799,637.7582183211172
3804800,585.408981025604
3805801,594.9289573327048
3806802,596.9946492357566
3807803,566.533165679728
3808804,486.1517328117485
3809805,471.5091447742856
3810806,623.1374765090926
3811807,620.5917529796077
3812808,624.5091986021345
3813809,464.1233405974597
3814810,631.9697436347344
3815811,578.1723705115927
3816812,637.0721985726763
3817813,612.9205327362818
3818814,619.0224716879278
3819815,583.4065739511063
3820816,617.8309178145872
3821817,613.7432002325288
3822818,634.5358154067886
3823819,428.5522297578138
3824820,611.2394172168707
3825821,544.6034218147937
3826822,554.1653732455537
3827823,485.1382488339526
3828824,441.6329914568578
3829825,570.8688741020055
3830826,578.2643583455454
3831827,646.447202635308
3832828,437.877043554535
3833829,612.5364588857668
3834830,629.3139805792154
3835831,559.2361769274156
3836832,622.7447879456156
3837833,461.7236777839651
3838834,645.065832321365
3839835,586.7035410712916
3840836,298.23813296838034
3841837,549.4256260254663
3842838,607.355975064387
3843839,589.6495500507011
3844840,554.9784934374047
3845841,635.6433772713385
3846842,572.9858970905111
3847843,504.30794546219596
3848844,664.2798633032598
3849845,647.8500042220727
3850846,656.6246128315192
3851847,658.833433168099
3852848,678.2724944874014
3853849,580.5696301141146
3854850,483.86862239425255
3855851,465.33375241924904
3856852,622.8397043907675
3857853,631.6753661894146
3858854,670.9220318063882
3859855,653.3700072548146
3860856,671.2826811806731
3861857,651.8137150183134
3862858,500.49477253400335
3863859,568.1709498675035
3864860,547.3154206050514
3865861,571.0485551791156
3866862,663.5862293248977
3867863,641.3864667655398
3868864,569.3376227571313
3869865,468.23418643787454
3870866,638.2837052120432
3871867,637.9429526744613
3872868,631.2813400986801
3873869,630.8925987654725
3874870,634.7984310917876
3875871,471.55664352733965
3876872,617.817404119233
3877873,426.14656714115245
3878874,613.9397688540712
3879875,473.1116265672488
3880876,557.7316177906092
3881877,567.7612211216775
3882878,601.2592906292003
3883879,538.6056034432067
3884880,550.8292993840305
3885881,591.0473865338422
3886882,612.8538581779483
3887883,399.7920409616681
3888884,637.1695183166197
3889885,592.6843177350755
3890886,613.6244623999395
3891887,638.8077569258206
3892888,626.4388050979954
3893889,625.2091447529973
3894890,633.0293836590779
3895891,559.32385591414
3896892,627.1975767034584
3897893,416.584326956684
3898894,617.4322446656029
3899895,645.2340041928995
3900896,621.6612050481435
3901897,493.9739577476326
3902898,572.5497375014286
3903899,638.2358538782953
3904900,553.8039966410233
3905901,644.1037151902923
3906902,634.7758641997337
3907903,630.3079016904619
3908904,644.9034510740864
3909905,652.0630019029513
3910906,462.65952413573933
3911907,339.69062291995846
3912908,523.7989549278852
3913909,565.5175025227772
3914910,628.1326196996454
3915911,372.32110321210877
3916912,576.0865079860713
3917913,646.0680250310022
3918914,612.2422527703307
3919915,621.2553467168159
3920916,420.9628492873597
3921917,628.9339480436988
3922918,621.510465860313
3923919,571.4503865549907
3924920,635.7539228051174
3925921,628.9398493277914
3926922,542.0252920142289
3927923,444.2107246235161
3928924,295.4999158379289
3929925,623.7997149524283
3930926,541.9937230276353
3931927,605.7082382303512
3932928,642.009438575979
3933929,642.8755815137133
3934930,477.82584661992297
3935931,655.3314124410772
3936932,645.4822175930511
3937933,497.9983629681818
3938934,482.5635679107505
3939935,575.6670323874225
3940936,634.255327899158
3941937,628.3738020248928
3942938,631.1812766091628
3943939,646.0021126585918
3944940,636.7313843589819
3945941,638.8482256253158
3946942,633.2415319880789
3947943,645.9487950392719
3948944,593.7169524783517
3949945,653.2503800061013
3950946,642.0759380584816
3951947,253.7354169203075
3952948,309.942654528881
3953949,501.2605411629365
3954950,612.2535057783977
3955951,648.6210839129217
3956952,602.7542977347488
3957953,471.13228840859887
3958954,629.6617303337105
3959955,639.5214398125097
3960956,621.0783792762702
3961957,560.9862757300772
3962958,605.3555020267669
3963959,437.03192082735126
3964960,613.1220332785863
3965961,432.7958381498903
3966962,475.19032026130395
3967963,597.9284057528106
3968964,554.5666708158008
3969965,530.3097122390923
3970966,533.8878303803999
3971967,545.9558073359945
3972968,606.0553437867952
3973969,528.1974073708476
3974970,591.7539064188126
3975971,622.8063154995548
3976972,561.7385402818095
3977973,487.69598601898866
3978974,610.3468158089801
3979975,605.030691321805
3980976,508.78645448889654
3981977,394.23669673665665
3982978,581.8811249999728
3983979,509.63979421599714
3984980,519.6234233219382
3985981,546.7085036445151
3986982,450.71560429003796
3987983,455.97175536711705
3988984,539.9814424893914
3989985,521.3798962022117
3990986,611.9944720452174
3991987,521.9196166148555
3992988,597.04435351346
3993989,562.8214444814976
3994990,511.03827684207516
3995991,575.890055438611
3996992,421.9948357645582
3997993,545.1356192078897
3998994,589.6684459296368
3999995,533.2573024439162
4000996,508.13693388298134
4001997,591.4335709439102
4002998,586.2446698695277
4003999,579.0308744683196
4005000,518.2579716166136
4006001,538.5351652772357
4007002,580.3638935146406
4008003,599.8865068175531
4009004,597.0327759146023
4010005,617.6380202129795
4011006,615.5457705706458
4012007,541.4198893008206
4013008,514.4282995152346
4014009,492.7143515927696
4015010,486.069722101678
4016011,533.0194267112942
4017012,598.9093616943818
4018013,489.62369024012355
4019014,346.5560674889497
4020015,580.1841036850196
4021016,503.11924245023994
4022017,346.0936298024593
4023018,599.3948290840418
4024019,609.5981585741986
4025020,500.35750768956484
4026021,619.1087972742587
4027022,622.5188090519416
4028023,597.6243786312813
4029024,612.4979318406528
4030025,638.4595579666166
4031026,610.5922749714728
4032027,278.3896854722548
4033028,294.0715633290342
4034029,531.7232559395177
4035030,643.0449889174179
4036031,639.3919858310566
4037032,637.6185584743035
4038033,649.9467316901711
4039034,633.2705965544334
4040035,652.0733375351299
4041036,646.9185586724365
4042037,624.8859859171569
4043038,646.5751629562725
4044039,557.8868372197126
4045040,642.5727458380701
4046041,657.7952323964047
4047042,539.8363608091711
4048043,630.2051387174648
4049044,641.2313270939253
4050045,450.3297658345621
4051046,635.1786451880023
4052047,649.2993811328703
4053048,624.042836372152
4054049,518.5386874262942
4055050,559.7820609247286
4056051,427.35402547081117
4057052,628.3943578646201
4058053,623.4961472564559
4059054,604.3861079347994
4060055,569.7754049669513
4061056,225.27722080869276
4062057,639.5356988340427
4063058,655.9932243619799
4064059,662.850760429328
4065060,650.1039053032267
4066061,663.3626391364414
4067062,582.2533675118099
4068063,678.4783471443136
4069064,661.2678340214444
4070065,646.743211139255
4071066,628.3171809073024
4072067,626.1398216602278
4073068,643.8714991890149
4074069,556.8014024433559
4075070,595.518176219355
4076071,636.5488024694415
4077072,410.07906069075773
4078073,549.0664164048093
4079074,202.17964706160973
4080075,527.6392504373435
4081076,607.7915309915804
4082077,626.5574266810272
4083078,416.77694268145024
4084079,536.2904759329499
4085080,585.9323413788887
4086081,595.6293326192639
4087082,583.532058525164
4088083,272.5374215198598
4089084,392.64606567949755
4090085,611.2891501566675
4091086,596.6214800871331
4092087,650.615571369157
4093088,475.9236427260375
4094089,579.2373265518659
4095090,378.4124105605188
4096091,552.606037324138
4097092,471.6067704193411
4098093,512.6200049928945
4099094,383.68210041581597
4100095,365.0210170221704
4101096,510.48114410962717
4102097,468.32686063318164
4103098,548.9623498534588
4104099,561.5218565941623
4105100,514.2635467700641
4106101,446.57523833529467
4107102,521.8616505489973
4108103,547.352442950582
4109104,549.7827254663497
4110105,479.8174340246195
4111106,585.609007256604
4112107,581.3511416483689
4113108,479.072364084035
4114109,530.2643230119894
4115110,554.8550324002393
4116111,614.6515736874636
4117112,551.3212937029887
4118113,621.3819715162842
4119114,595.9974222116497
4120115,574.500335292881
4121116,613.9589124334263
4122117,549.3278763816095
4123118,628.238937022076
4124119,642.0389272501419
4125120,567.110549579917
4126121,628.7003895439293
4127122,623.8377199636747
4128123,510.40148619557
4129124,548.5211499824594
4130125,558.8211381775732
4131126,553.400480659473
4132127,556.5805626610799
4133128,578.0065086015537
4134129,607.3486827036595
4135130,583.6248414741652
4136131,540.0759283065478
4137132,540.37724470401
4138133,593.2321626317449
4139134,591.3474407489371
4140135,602.570833904609
4141136,581.8385167606149
4142137,601.0688818399311
4143138,620.4585312053337
4144139,594.1317253227545
4145140,569.7368249095038
4146141,611.6544925974861
4147142,579.3975438749355
4148143,587.2338227928807
4149144,566.0675380862522
4150145,581.5854494305441
4151146,600.9629734342362
4152147,435.8534874278248
4153148,455.37713833588134
4154149,608.7551605896437
4155150,492.2966732076969
4156151,606.7093720767143
4157152,429.29685008837714
4158153,593.8268955076169
4159154,437.3180617989014
4160155,609.7194992415216
4161156,606.464274871723
4162157,514.8198783983315
4163158,611.213804464663
4164159,619.0406771093532
4165160,507.04954376622646
4166161,621.185566806819
4167162,626.3190200989675
4168163,620.3552838109815
4169164,603.0286674225546
4170165,613.7826954108841
4171166,597.0375003729063
4172167,626.9740153708666
4173168,612.1943904790025
4174169,611.0170115340811
4175170,635.2437067058117
4176171,615.7749660705732
4177172,593.7717559771061
4178173,531.6131767029592
4179174,624.2143817871098
4180175,595.3011920396729
4181176,620.2029644932093
4182177,636.542414288307
4183178,570.5951905095409
4184179,612.9050513840384
4185180,629.7103584202546
4186181,601.8893822589768
4187182,567.6764023774568
4188183,544.4406291776484
4189184,645.3724540872239
4190185,614.6553960819225
4191186,619.058460399107
4192187,452.63755120439913
4193188,623.0820148969316
4194189,591.2771439323966
4195190,625.6273291109583
4196191,616.7068490634855
4197192,298.07064345891297
4198193,453.3066764703057
4199194,602.9863761977329
4200195,593.6066321340782
4201196,550.5024489415106
4202197,578.3535406028084
4203198,624.8886872579218
4204199,554.7375324826472
4205200,626.4074097571533
4206201,631.39060987471
4207202,632.0088059542434
4208203,628.0603513259788
4209204,636.4128898167459
4210205,534.8617778482001
4211206,633.9935983978387
4212207,620.4747377429071
4213208,236.75420255643687
4214209,631.3541088947118
4215210,388.3816583328701
4216211,599.4985001243434
4217212,624.0191431297017
4218213,644.0648026266539
4219214,294.3041226984336
4220215,634.6945626825185
4221216,632.3269230845158
4222217,645.3324315233194
4223218,647.8189004325925
4224219,429.21357658796273
4225220,613.3992735925793
4226221,619.4347886480018
4227222,641.208286628554
4228223,635.6272362659741
4229224,607.6111664159856
4230225,603.8070143863304
4231226,629.6599890188968
4232227,570.2801440605002
4233228,592.933764942308
4234229,638.7642452215498
4235230,626.0425086506774
4236231,583.1094329232109
4237232,628.9527176895089
4238233,628.4419693722297
4239234,645.7086374223503
4240235,631.9735795713149
4241236,528.2819589902675
4242237,495.7789910874297
4243238,584.8515249462969
4244239,631.0962290629758
4245240,658.2205075074822
4246241,459.20658099438344
4247242,497.32533169268174
4248243,634.5006042350105
4249244,630.8747486487532
4250245,639.9617988488661
4251246,658.1787351528842
4252247,636.3303748690563
4253248,626.9927951834342
4254249,622.4047729895128
4255250,623.0381990662365
4256251,598.2255979368713
4257252,606.5303627017161
4258253,633.0749833358476
4259254,619.4945430590743
4260255,636.1141916790764
4261256,564.1060668486316
4262257,636.8955442979869
4263258,629.662708260893
4264259,608.1726647164926
4265260,614.4100672112866
4266261,598.1157242397202
4267262,642.9006337566017
4268263,625.0871037284986
4269264,629.2929670401388
4270265,585.6603362850688
4271266,632.7428370233538
4272267,630.5987748137301
4273268,662.5567890240571
4274269,623.5783945236618
4275270,649.3765796643563
4276271,645.2077960862626
4277272,631.580548989288
4278273,467.3309030672885
4279274,640.4057833662964
4280275,658.3061601917698
4281276,275.6378301595961
4282277,651.3587512146072
4283278,623.8674590440726
4284279,636.3360633616629
4285280,643.8010088934416
4286281,433.294599007327
4287282,351.18444176565504
4288283,607.0119610449491
4289284,444.6221243077589
4290285,617.5245125455385
4291286,638.9204303922126
4292287,596.2796758955157
4293288,379.1692915933661
4294289,632.9220870812621
4295290,280.69268637176265
4296291,646.0725394092286
4297292,373.9138020789642
4298293,434.9215737860963
4299294,511.17064278998856
4300295,587.5888032195088
4301296,578.7527382443715
4302297,596.2088604914388
4303298,620.8334753088342
4304299,571.8162112948686
4305300,604.5223586227788
4306301,632.7124153681506
4307302,606.8027259899425
4308303,593.787349108879
4309304,621.0245197830618
4310305,598.6470350332019
4311306,628.3933125250898
4312307,629.2250999549912
4313308,631.4571522198347
4314309,618.352061966566
4315310,612.9753409613005
4316311,476.595812099747
4317312,647.013620510134
4318313,646.6575067493767
4319314,360.28407448186186
4320315,574.0430363566817
4321316,643.6775778245915
4322317,647.9579377271222
4323318,640.4454358476164
4324319,634.79468559441
4325320,568.2257617516506
4326321,661.5591249194538
4327322,575.0132871622537
4328323,602.7696070656102
4329324,631.1974888772231
4330325,564.9523362856297
4331326,591.4157301493269
4332327,585.9053147279004
4333328,629.5098443593458
4334329,643.1024259263536
4335330,639.2845276059904
4336331,578.738539934353
4337332,617.349658704279
4338333,611.4017375402428
4339334,492.95393966282825
4340335,620.3817222253044
4341336,538.3886853581254
4342337,633.5786270906078
4343338,632.972231333479
4344339,635.6140999731113
4345340,632.4493950150905
4346341,593.4488666004445
4347342,635.2545622672627
4348343,601.5129258994679
4349344,649.5902725565402
4350345,634.2184098350984
4351346,542.9441257040872
4352347,611.000512514798
4353348,593.4086114817035
4354349,640.7142199342063
4355350,587.1622323139133
4356351,582.056060486828
4357352,495.72349382090704
4358353,639.5436813486872
4359354,634.2303785598502
4360355,656.5238371325731
4361356,475.32323565983376
4362357,667.2970919540937
4363358,655.2356716538791
4364359,658.8360261816705
4365360,649.611025744675
4366361,640.904087513908
4367362,581.5223560274854
4368363,641.6433543329339
4369364,649.1374473605213
4370365,651.4806204549877
4371366,459.06101189156095
4372367,662.581648953051
4373368,581.2278507811118
4374369,388.6507474641871
4375370,515.5314182692454
4376371,520.8080739877545
4377372,399.1234265066457
4378373,576.1543433029842
4379374,670.4028879403943
4380375,637.2240725297937
4381376,398.09972205621983
4382377,631.2704090405232
4383378,659.6295743246874
4384379,456.13713425724916
4385380,663.5559117647304
4386381,672.3337507655649
4387382,658.4815411864934
4388383,230.86348357154952
4389384,445.9922766302135
4390385,659.8941192257853
4391386,369.26091556780966
4392387,611.5124045377624
4393388,419.68654590604103
4394389,652.6321757357829
4395390,650.3588083986887
4396391,679.2927167946543
4397392,456.1347800029961
4398393,282.5945771451556
4399394,597.0362845680257
4400395,244.09918229803597
4401396,600.5388256361514
4402397,651.0825832086425
4403398,636.181855612324
4404399,407.6611571837866
4405400,667.7014301531096
4406401,668.0738888205875
4407402,655.479427833561
4408403,674.9494160309517
4409404,677.6508416317582
4410405,667.900981923384
4411406,671.6057652699515
4412407,670.829310527904
4413408,672.2879017325258
4414409,675.1536093721826
4415410,661.0719741495307
4416411,624.3727186202706
4417412,661.1283529758341
4418413,667.4986284918593
4419414,654.1623082666906
4420415,388.74986461125695
4421416,637.989253232179
4422417,511.2831700565872
4423418,662.3346942638123
4424419,668.4929242544529
4425420,661.5727361893663
4426421,662.920311574829
4427422,660.0436080716833
4428423,658.5457541729402
4429424,659.1907624923051
4430425,647.8081270589496
4431426,665.6446717590749
4432427,634.387962048027
4433428,544.713659356231
4434429,646.8495746509448
4435430,673.8468795738851
4436431,646.4512269565047
4437432,569.1275057464234
4438433,652.9761291204468
4439434,535.1255810037859
4440435,591.7247027153387
4441436,651.8854978730145
4442437,658.6460514170037
4443438,668.2759392052201
4444439,661.4655780573349
4445440,663.0466947542423
4446441,676.1941036602942
4447442,666.4701953223285
4448443,669.7583443543657
4449444,653.1831320467702
4450445,677.0374768974783
4451446,649.5750764238752
4452447,674.6895744746655
4453448,670.41350062885
4454449,673.2970523469209
4455450,671.7075555263008
4456451,671.0841339983987
4457452,676.5030398582466
4458453,672.193392134581
4459454,270.9027907104676
4460455,644.896142681163
4461456,571.3330284423168
4462457,659.148539095689
4463458,558.1102309608974
4464459,668.9601431408744
4465460,652.3793817211221
4466461,675.4713866541898
4467462,657.1348919154052
4468463,654.8330112797198
4469464,655.5514612636439
4470465,658.0377212895214
4471466,489.10832896636543
4472467,648.6380347031093
4473468,655.2515692620522
4474469,629.0766404461217
4475470,662.2209141539402
4476471,653.9379663497475
4477472,551.6348160579435
4478473,655.9464399141277
4479474,633.5475047893191
4480475,661.774764426024
4481476,496.4510190180174
4482477,529.4884790084876
4483478,636.2521347512594
4484479,577.6552517291041
4485480,641.6879451313481
4486481,660.7331073117577
4487482,661.3760981995609
4488483,634.3200340947903
4489484,661.1553148458237
4490485,651.9171566532007
4491486,656.9360238635513
4492487,662.3905224290398
4493488,661.0296813888336
4494489,659.2080154156683
4495490,654.2916693131689
4496491,659.0118518356869
4497492,662.0010742314763
4498493,645.257892318681
4499494,647.6384827899839
4500495,529.5965971644014
4501496,508.15035026205766
4502497,662.2153503070649
4503498,674.1348244616651
4504499,346.4773246690264
4505500,270.491016070573
4506501,646.7000747693959
4507502,306.4614387671269
4508503,658.7745916076015
4509504,510.61302756290837
4510505,633.8221594075118
4511506,659.0358720328927
4512507,597.1818202454784
4513508,368.18745964484845
4514509,660.7630761965988
4515510,592.7028400441111
4516511,666.6727393676882
4517512,572.0032175937583
4518513,673.4916287417731
4519514,674.5519851177179
4520515,666.5575765353782
4521516,669.394251394229
4522517,663.2918531126247
4523518,681.6983022725175
4524519,669.9434590759694
4525520,656.0166876577221
4526521,666.8322409969152
4527522,663.4313459662859
4528523,665.6197108725422
4529524,666.0654441330399
4530525,670.6515237855449
4531526,666.6952893926604
4532527,638.5460950347529
4533528,665.495666786549
4534529,661.9430205912985
4535530,655.3330720418179
4536531,650.5508028606532
4537532,607.743629798348
4538533,436.50418365627763
4539534,666.0381561610394
4540535,649.7187494190473
4541536,647.5797961745108
4542537,659.4395509773773
4543538,634.7160339069302
4544539,644.2488449352716
4545540,657.6227684077687
4546541,565.5010488053731
4547542,656.1471999362141
4548543,536.8844249816784
4549544,431.6640294045812
4550545,662.8507312891478
4551546,665.2872588681824
4552547,664.1217017092532
4553548,543.0719544635427
4554549,346.52194357684203
4555550,661.4853121929901
4556551,458.13053954182385
4557552,658.4603693572105
4558553,423.157602778524
4559554,662.130396893713
4560555,570.5850947473209
4561556,174.2794122005891
4562557,673.2862912014033
4563558,323.98116723830157
4564559,677.3624381089652
4565560,506.4530714174413
4566561,670.9082309833425
4567562,278.27988738456287
4568563,600.5274777301562
4569564,528.0090980352356
4570565,670.9246237266283
4571566,658.3440534567123
4572567,661.0313478754024
4573568,549.6059508007875
4574569,647.502868095961
4575570,648.0142197735368
4576571,652.5038104386547
4577572,649.6958338164998
4578573,662.7626462467503
4579574,667.5084698870236
4580575,648.1920428632606
4581576,652.3400163318488
4582577,646.3181127503598
4583578,662.3756039882984
4584579,657.2225933528233
4585580,668.1756989814801
4586581,319.82479085260985
4587582,664.7539485267982
4588583,663.9181868435779
4589584,654.27811905924
4590585,520.1749938574692
4591586,639.6354737625619
4592587,665.3947037703722
4593588,638.514316953855
4594589,662.902430938371
4595590,534.190689450131
4596591,673.6926193125419
4597592,669.541923685601
4598593,530.2381980869613
4599594,644.6722634569076
4600595,662.620453595729
4601596,650.4684809924333
4602597,624.9543484529003
4603598,211.44627622400245
4604599,659.7687983317305
4605600,529.0573921276164
4606601,516.2217766342375
4607602,653.0945835788162
4608603,523.0207409600092
4609604,581.1256543548446
4610605,510.15055229904135
4611606,562.9078088219866
4612607,295.4989911006894
4613608,650.8427844478172
4614609,483.364761218965
4615610,532.6729857779484
4616611,642.5020062697632
4617612,648.510047227384
4618613,526.7714038488192
4619614,382.0502408192293
4620615,653.751562526478
4621616,391.44083301525797
4622617,655.1343038875925
4623618,603.1463561975747
4624619,656.0978604254074
4625620,660.9887770914803
4626621,639.1516092244077
4627622,625.3158956957677
4628623,646.0387348417896
4629624,272.6087864581288
4630625,643.935422171876
4631626,641.6063827411161
4632627,559.7188470281692
4633628,660.4378100130281
4634629,317.0021217749137
4635630,580.2403208955644
4636631,638.2061119760413
4637632,536.895842727197
4638633,607.4057171411195
4639634,654.2178608042731
4640635,561.805887592706
4641636,510.03889703234955
4642637,379.8051581347956
4643638,487.6004767495162
4644639,465.4382305148311
4645640,615.3182242965339
4646641,590.2312285163096
4647642,481.54479985379675
4648643,634.0132891481571
4649644,637.6293789925713
4650645,616.1554968727665
4651646,586.1969449875105
4652647,639.3823230358607
4653648,622.2469088327289
4654649,434.486820129026
4655650,638.8281859244609
4656651,602.6010451711333
4657652,623.5120292237992
4658653,559.1927586745751
4659654,619.7405463675312
4660655,646.3253318411031
4661656,642.4003848706647
4662657,632.0132346232084
4663658,611.2440186076846
4664659,651.8495426944072
4665660,640.8457148278089
4666661,446.207516087081
4667662,565.8017126239015
4668663,498.2976468873523
4669664,640.0063358945448
4670665,657.5990352870047
4671666,551.5184971285181
4672667,649.8220192161117
4673668,633.0995371430147
4674669,670.7028481233317
4675670,668.7863906591091
4676671,658.7696357913729
4677672,650.5304788254032
4678673,677.7975144924534
4679674,667.0260857843265
4680675,480.5349208125005
4681676,660.2285452230667
4682677,661.6624195812175
4683678,678.3454148292229
4684679,660.084166583302
4685680,665.8298094270222
4686681,668.9952187629565
4687682,660.6275615548018
4688683,669.3727806626592
4689684,667.2393983922083
4690685,675.4709630476258
4691686,669.2242643866277
4692687,672.6597234746729
4693688,678.411944300613
4694689,673.651567789241
4695690,669.0594186705048
4696691,667.3907599834242
4697692,665.7524713782606
4698693,664.1974328745246
4699694,661.3373692528288
4700695,672.2463216708584
4701696,674.8693966257864
4702697,655.7001008052442
4703698,670.9626664997936
4704699,671.6796600901873
4705700,655.7509391401808
4706701,647.6881926817957
4707702,665.8486940529123
4708703,659.9952865072809
4709704,154.94035958454907
4710705,662.1531535963866
4711706,647.1674568399229
4712707,659.3096011082097
4713708,639.96727287449
4714709,647.8597117634757
4715710,439.9922667869574
4716711,645.1972230809504
4717712,641.6872495493609
4718713,645.4124791186456
4719714,626.7803019725402
4720715,642.1259129947808
4721716,647.9647470129568
4722717,649.5735718995282
4723718,289.4351714136897
4724719,603.540037188921
4725720,428.8219396100306
4726721,554.2585084196804
4727722,627.2235776882202
4728723,506.9381266895119
4729724,636.2938373301292
4730725,640.0102610727022
4731726,649.5202581456883
4732727,650.6322330214931
4733728,657.7134962634733
4734729,639.9069867304568
4735730,569.9494907846264
4736731,628.0580977763874
4737732,554.9664828754985
4738733,643.438814745306
4739734,616.1192771613415
4740735,524.9040153500853
4741736,632.7714154887628
4742737,361.917857376378
4743738,516.3863922320576
4744739,621.6499488283032
4745740,627.3333997798455
4746741,609.7535861400623
4747742,624.5442999044513
4748743,184.12055793195827
4749744,635.8665017066699
4750745,627.1309726630293
4751746,631.6086299564431
4752747,628.2682283717369
4753748,610.103844760898
4754749,558.8073610592434
4755750,552.5310525475381
4756751,615.32572546737
4757752,340.28702696764435
4758753,608.3291845461906
4759754,307.6702352093587
4760755,438.79883719940324
4761756,404.8141174475736
4762757,607.893981969534
4763758,632.871735197394
4764759,625.6128819940656
4765760,631.2686956051432
4766761,626.1200089308957
4767762,620.1311526346365
4768763,604.0098814449311
4769764,579.5052055871435
4770765,635.5621315156391
4771766,631.7807724679956
4772767,595.1795383583475
4773768,631.6238762552039
4774769,614.7949521171272
4775770,656.7057670507173
4776771,450.02149738477794
4777772,642.4287836082467
4778773,496.3658610618054
4779774,213.2966234144455
4780775,583.0807861583554
4781776,636.4494794817258
4782777,506.4482318835481
4783778,631.0652817100842
4784779,626.2600639334473
4785780,504.4057127152216
4786781,607.0870963136516
4787782,608.8032928152772
4788783,633.0092247443511
4789784,612.2568365376907
4790785,648.3476349227398
4791786,622.9415563053128
4792787,614.9051983700629
4793788,616.5798531612463
4794789,638.0674482571972
4795790,647.9176875571129
4796791,626.389403224503
4797792,620.0461811892314
4798793,642.0494065315734
4799794,644.5882108663944
4800795,609.7888176995945
4801796,620.4614473063702
4802797,622.5876093373005
4803798,542.7925976475633
4804799,506.67620799587417
4805800,598.487911855818
4806801,601.4007698720272
4807802,537.4382121783788
4808803,602.9999326086783
4809804,497.1019304216644
4810805,630.6922392238492
4811806,584.3446852242723
4812807,585.7001487602535
4813808,606.3597472460543
4814809,633.0631798071106
4815810,572.7489219886911
4816811,569.5855306564359
4817812,570.4373349266072
4818813,551.1129484336954
4819814,586.7022193654378
4820815,576.8524213782274
4821816,622.2752403568887
4822817,565.7876287838161
4823818,602.8958267180866
4824819,605.1919471229485
4825820,575.0911433265883
4826821,634.32080701553
4827822,578.7691547265244
4828823,554.8337794774433
4829824,514.8997496597311
4830825,611.970139098292
4831826,616.3943825972488
4832827,627.3727185632526
4833828,643.3085634130217
4834829,628.6658247566317
4835830,627.4901560394147
4836831,638.978588243899
4837832,631.7510380990275
4838833,624.254636441289
4839834,620.8358090318724
4840835,657.5754674147245
4841836,620.2940181029454
4842837,641.6609031588586
4843838,664.0861240898394
4844839,646.0434543609318
4845840,649.3675349521563
4846841,628.2779955282242
4847842,636.2411646168757
4848843,628.3705426701177
4849844,623.7739696489742
4850845,644.5258078458602
4851846,279.82699522644333
4852847,506.254080615014
4853848,642.093972245526
4854849,661.5992636758839
4855850,660.3207721592842
4856851,654.4613940792855
4857852,661.327259924018
4858853,650.2645073928064
4859854,646.9930866126148
4860855,668.050843805609
4861856,663.430963408305
4862857,410.01198022889776
4863858,635.5667862127146
4864859,516.4041452543968
4865860,660.5802169589502
4866861,672.2839104630036
4867862,658.9351660921863
4868863,672.1490906114846
4869864,655.4948180595444
4870865,674.1408255247794
4871866,645.7267462537066
4872867,483.2397686586553
4873868,660.3988565660771
4874869,586.3320149786645
4875870,647.353999149984
4876871,656.0953008116387
4877872,637.9205427178969
4878873,661.3876413415887
4879874,518.9461030875183
4880875,554.0736111500428
4881876,654.0027664657194
4882877,641.9691451690653
4883878,654.1860558561987
4884879,643.2816227647445
4885880,395.6940959214378
4886881,661.1335205280429
4887882,654.858038759147
4888883,496.2492577036651
4889884,643.6162701552397
4890885,662.9386642822321
4891886,410.4820663473977
4892887,654.9190313450652
4893888,643.9509508584816
4894889,582.7237458792118
4895890,651.6977469344969
4896891,662.4108821989146
4897892,606.131217076849
4898893,666.9118061294988
4899894,651.7206581988221
4900895,655.6650566735483
4901896,656.8991525456642
4902897,662.2388874456886
4903898,538.3280504472071
4904899,537.3440735078037
4905900,374.77404465886957
4906901,479.6567221722281
4907902,667.2481696921931
4908903,664.203836197312
4909904,650.0868747845847
4910905,627.2484298875421
4911906,659.9606218762133
4912907,656.4118686397471
4913908,363.58078833132225
4914909,487.8973457233022
4915910,658.0179527347209
4916911,648.2164136782043
4917912,270.16304966084346
4918913,663.2390645020703
4919914,321.08939239002024
4920915,657.2733730977872
4921916,652.5862750091322
4922917,657.0930203579944
4923918,657.3958976951486
4924919,643.9089717764466
4925920,280.4111258559656
4926921,650.424203748043
4927922,619.5499449856238
4928923,515.5108210170714
4929924,669.7253416321656
4930925,642.8911262221903
4931926,541.8238753006439
4932927,636.9497887150579
4933928,651.1905465437152
4934929,631.9218131472303
4935930,651.5738015977807
4936931,657.1371590577675
4937932,653.3779281375532
4938933,634.1501421564838
4939934,644.833947448518
4940935,656.3577555476666
4941936,659.4134575027792
4942937,670.4813820839473
4943938,654.9701957450307
4944939,664.6522317565349
4945940,275.86266059987616
4946941,662.352756828958
4947942,646.0343603769343
4948943,661.0604957218765
4949944,665.8581671602437
4950945,511.01181840198717
4951946,584.7415309946346
4952947,660.8059184252861
4953948,649.9671934498283
4954949,576.7168523941004
4955950,499.2272773755602
4956951,667.5583833646004
4957952,669.0680292271471
4958953,290.2123745504916
4959954,643.3354004040896
4960955,654.0544265474448
4961956,663.6325928102408
4962957,663.6410920793853
4963958,676.9744420572943
4964959,648.775338176389
4965960,660.0779303807859
4966961,624.0887880428535
4967962,518.7446099537993
4968963,622.4417621057652
4969964,657.524428103821
4970965,668.4453918848673
4971966,467.14996027827544
4972967,659.9413430637575
4973968,421.25851384163803
4974969,488.880656194636
4975970,669.5047989115359
4976971,592.5045160497087
4977972,660.1400786551415
4978973,667.862097795137
4979974,658.459082102996
4980975,666.040910569159
4981976,483.2044266071755
4982977,671.1332556186971
4983978,660.1332445553818
4984979,676.6461011338741
4985980,683.2622089293957
4986981,676.6311293152208
4987982,652.3733965181445
4988983,654.4303884616103
4989984,469.02799830077436
4990985,663.884429814349
4991986,671.2991532464936
4992987,661.8536920007458
4993988,677.8108599853502
4994989,411.9269043187682
4995990,404.65255431618164
4996991,673.359005004445
4997992,418.15367960263046
4998993,329.75555984683746
4999994,364.76814297181176
5000995,407.91257071760305
5001996,587.1669690463654
5002997,465.633072718587
5003998,604.679979021827
5004999,672.2295234737913
5006000,669.071047849579
5007001,612.0794322245032
5008002,661.4811898068804
5009003,371.9622259212614
5010004,678.0678035641914
5011005,675.7305841343609
5012006,547.7353646326868
5013007,673.6719626428879
5014008,670.9539230481781
5015009,676.137838511966
5016010,670.9724063048823
5017011,663.5579303970693
5018012,663.4116091258318
5019013,661.4344646355836
5020014,455.8053691933289
5021015,662.3517010469719
5022016,653.9916924366792
5023017,505.77822449856194
5024018,662.1329308901509
5025019,664.7142403737167
5026020,675.4717089833431
5027021,662.0548866519727
5028022,638.4297646547009
5029023,654.1371044147133
5030024,659.5536280549985
5031025,669.7676926870433
5032026,652.3875312213235
5033027,639.5013499341912
5034028,654.7355106494367
5035029,658.4081107669912
5036030,659.0094211817258
5037031,573.785461474816
5038032,652.3626782646412
5039033,651.8125029433862
5040034,502.28992119623973
5041035,644.2843237440524
5042036,637.732150574794
5043037,647.1219214364853
5044038,639.4358918014831
5045039,644.0699754252945
5046040,516.1644248065554
5047041,638.9690986533416
5048042,653.6003913728051
5049043,644.5298463039626
5050044,594.0093468297739
5051045,655.0430884495532
5052046,560.8737142166609
5053047,652.5448635539386
5054048,332.3624467035198
5055049,652.1592083987499
5056050,662.7746179027293
5057051,643.7046243482554
5058052,656.5873227377964
5059053,662.4648860330935
5060054,658.2881281393704
5061055,645.9712628526978
5062056,650.2863731382133
5063057,639.833210979928
5064058,349.59357832971057
5065059,631.3222337533446
5066060,654.0762336990792
5067061,643.8615150706165
5068062,629.4011104052422
5069063,661.9074728354931
5070064,644.892647224994
5071065,582.993275737483
5072066,654.9061109969966
5073067,659.8831350051735
5074068,548.8793037823444
5075069,662.304530820343
5076070,663.0907003937604
5077071,668.8236842460169
5078072,395.33313852433486
5079073,534.5664361402382
5080074,650.438733578006
5081075,647.3780446929591
5082076,632.2102029895888
5083077,652.6044262019473
5084078,521.0067956220147
5085079,657.9866915400285
5086080,647.6387409451469
5087081,651.5600586028645
5088082,555.4294945319211
5089083,574.8922720108783
5090084,663.3923887684518
5091085,572.2904022390511
5092086,643.8725035339953
5093087,471.93200226896835
5094088,677.2968037456463
5095089,593.8092876979618
5096090,668.0639886430524
5097091,659.4641093164125
5098092,598.0979813336728
5099093,671.2068313185638
5100094,667.0768736839383
5101095,539.8930423794044
5102096,350.1492648730882
5103097,656.0528975796575
5104098,427.20164200115113
5105099,512.4589612402226
5106100,583.491351914429
5107101,653.8434998984679
5108102,609.1126893217921
5109103,661.2612366700605
5110104,649.2657546182935
5111105,494.76401948561625
5112106,656.4070198869961
5113107,664.5780642938744
5114108,655.0231615674174
5115109,445.63433420715904
5116110,640.1426605913466
5117111,632.7491406855582
5118112,661.4767397069296
5119113,639.3344501401571
5120114,639.9025712014522
5121115,638.342409468823
5122116,362.5952616267994
5123117,648.5737122347157
5124118,632.4457936778743
5125119,383.9545084074361
5126120,654.1809987524093
5127121,369.7918963511391
5128122,664.7439444720914
5129123,640.408993907883
5130124,588.9062614126302
5131125,655.9968113104811
5132126,639.7487720523228
5133127,667.2080160787941
5134128,655.8734486901084
5135129,661.4189070558537
5136130,432.04053512242695
5137131,635.7785931994964
5138132,581.6997080434909
5139133,550.1428027682427
5140134,623.9194830088547
5141135,493.75144606850387
5142136,647.0104791733023
5143137,649.2934586183455
5144138,645.0256240481939
5145139,634.1871372063711
5146140,578.3663218138175
5147141,291.797847920374
5148142,376.10864626323206
5149143,641.6196533693729
5150144,641.2783086767782
5151145,567.9510228630303
5152146,637.706978266509
5153147,654.0292675431607
5154148,633.8052538076577
5155149,648.4936316800402
5156150,405.72759713022396
5157151,653.3678476631698
5158152,363.0431085606769
5159153,493.78409481690835
5160154,640.3044905047898
5161155,637.5197595736508
5162156,284.14271196121587
5163157,635.2804900702805
5164158,528.5136181081339
5165159,479.04046348432405
5166160,667.4153621394963
5167161,642.8354127319304
5168162,667.9369922510599
5169163,657.2215906296756
5170164,586.9632596393691
5171165,590.7477107921432
5172166,667.7878719878876
5173167,665.9302960286005
5174168,674.8353727564368
5175169,496.9103483401213
5176170,364.8529789340494
5177171,481.39784486551014
5178172,658.4297116772187
5179173,677.9659112267058
5180174,673.9097041717877
5181175,570.7348549079315
5182176,660.0730953820462
5183177,569.9093837232282
5184178,661.3584093670606
5185179,659.8135369446878
5186180,528.8219381360898
5187181,654.4590212654012
5188182,661.9760200246284
5189183,670.9709172774648
5190184,677.1990348731655
5191185,675.9816130162475
5192186,666.0432482153877
5193187,581.0067492266692
5194188,653.9227651663845
5195189,641.4607418894843
5196190,661.061242388371
5197191,674.4480773583952
5198192,669.1030840256824
5199193,404.5705338924492
5200194,505.95331258884335
5201195,661.3925108097843
5202196,676.6027261670686
5203197,674.5344326861201
5204198,564.5492226516245
5205199,680.1532382601204
5206200,673.4823786760941
5207201,674.8426989868929
5208202,329.8225415465107
5209203,659.6373811816802
5210204,586.4170762412195
5211205,551.8699236690614
5212206,491.05129792808964
5213207,672.6166071484033
5214208,682.786527582094
5215209,656.4444381241391
5216210,670.9736062713492
5217211,670.7659475097646
5218212,678.071346391886
5219213,661.7877386509936
5220214,675.9941345978292
5221215,583.5227795986349
5222216,666.650119970981
5223217,640.102248065835
5224218,649.9782899661789
5225219,675.6449036765365
5226220,667.167516211844
5227221,675.9298235691654
5228222,681.4341272857582
5229223,674.4288442062851
5230224,668.1341200416692
5231225,676.6369624864371
5232226,663.5959167773964
5233227,456.2232803432984
5234228,471.3474453482013
5235229,670.5625701120493
5236230,227.6012102070289
5237231,494.9884340147856
5238232,599.7950254759448
5239233,454.7061943385954
5240234,597.6493591117138
5241235,667.0535694604658
5242236,665.6271395572678
5243237,639.0835015455588
5244238,648.0051252783114
5245239,683.4756977638008
5246240,619.6460396759007
5247241,588.6238107717892
5248242,672.2262166068971
5249243,573.4719494830923
5250244,672.6254581321397
5251245,673.5942214540593
5252246,668.0377618315081
5253247,537.5315237603332
5254248,677.4848767214194
5255249,514.3758781838063
5256250,360.67407352033973
5257251,580.9853311946317
5258252,675.0290264360735
5259253,629.767603791578
5260254,414.0044771999472
5261255,502.9013495438767
5262256,599.0980784684007
5263257,595.4524808458391
5264258,667.1555229987094
5265259,606.8329672990382
5266260,668.3764578482718
5267261,670.3678452554352
5268262,665.92207529089
5269263,645.9817961058615
5270264,671.7353500685476
5271265,503.2614426604921
5272266,663.5602476541721
5273267,658.8372618758889
5274268,669.8411103482991
5275269,665.8041086182695
5276270,653.8941755286202
5277271,663.590438951637
5278272,633.6366965821665
5279273,669.9239930095429
5280274,587.7011628342816
5281275,358.07879343095584
5282276,664.6158430977359
5283277,454.4796759564454
5284278,442.42466141971994
5285279,543.2345604799865
5286280,350.70673674349337
5287281,645.4403023630535
5288282,644.8962061100519
5289283,668.2933756006621
5290284,493.6431950072479
5291285,564.452557965532
5292286,667.2497193863006
5293287,660.1197335448451
5294288,641.8520200628858
5295289,305.4428378917433
5296290,663.051438510232
5297291,526.328568615823
5298292,652.4024970507103
5299293,521.4143112314385
5300294,654.1951135981668
5301295,653.3842160272001
5302296,654.8402624175804
5303297,640.307220568535
5304298,632.9312930017556
5305299,589.9985279833277
5306300,564.6211361837031
5307301,599.5358334826363
5308302,274.8430876520232
5309303,662.9293775510134
5310304,457.224859648325
5311305,667.6690698097734
5312306,666.9464111886012
5313307,668.7600607804037
5314308,666.4346963045286
5315309,600.5509784516622
5316310,673.5295909008256
5317311,649.1334444150976
5318312,675.0609350895628
5319313,647.8007744917347
5320314,607.1741216557687
5321315,668.9499397492992
5322316,647.208281796475
5323317,645.8746977754764
5324318,648.2356220980308
5325319,659.9402270666651
5326320,649.8323957210766
5327321,641.1911879311781
5328322,670.3493466294887
5329323,650.4508200596078
5330324,659.7961630037536
5331325,667.0241273720027
5332326,594.5541058650048
5333327,583.3018497985413
5334328,672.7900005216626
5335329,653.6685505112054
5336330,656.0644662151726
5337331,658.3469962458169
5338332,651.3781458986689
5339333,657.550191971029
5340334,658.592973210657
5341335,660.1776229662911
5342336,673.1628637442104
5343337,656.0381556492327
5344338,582.7951643983408
5345339,659.8625734374361
5346340,657.3104738197472
5347341,404.10314610467225
5348342,645.7171086417042
5349343,640.8296456241115
5350344,581.2124424096112
5351345,663.5102139619431
5352346,643.1382134376987
5353347,541.219818830588
5354348,571.4236153407188
5355349,599.8983942612584
5356350,650.8885578527465
5357351,576.4039896530016
5358352,660.2625201849146
5359353,644.872278891886
5360354,612.9532929124109
5361355,462.06541278865177
5362356,644.0142106455189
5363357,668.0586114036313
5364358,539.0920706620417
5365359,564.9806635680242
5366360,657.7602461816998
5367361,652.4115111885404
5368362,653.4655503444583
5369363,597.3114659797103
5370364,439.516709509651
5371365,632.9852880563967
5372366,659.0199838218078
5373367,525.096136837031
5374368,638.999629802323
5375369,630.8517571472823
5376370,501.7924666443486
5377371,333.0553721972464
5378372,394.3689164041667
5379373,613.4301946833117
5380374,243.95631340481597
5381375,573.6385383851081
5382376,635.2743128258996
5383377,640.4968381098313
5384378,511.08697654162444
5385379,639.5496269503647
5386380,647.9403555922944
5387381,669.2658867245779
5388382,651.8361675050729
5389383,663.8036476662442
5390384,413.8449469566068
5391385,358.8832513989554
5392386,632.6175435772515
5393387,651.6950050683823
5394388,322.36422869384893
5395389,510.90486056302467
5396390,530.3555758529156
5397391,628.3261683162365
5398392,632.3709627519329
5399393,651.618987118119
5400394,193.60413676004814
5401395,438.2961785625442
5402396,344.40714043664985
5403397,215.79280970499133
5404398,654.2513546422199
5405399,588.7186527448991
5406400,649.2215069500721
5407401,573.2184686403962
5408402,674.5680171774122
5409403,477.01669000998004
5410404,656.9191237123387
5411405,655.9065033843384
5412406,562.8360440984666
5413407,591.1925609976706
5414408,629.5447628858632
5415409,649.9615913478794
5416410,649.0506682701313
5417411,516.8800055204142
5418412,570.3233900094893
5419413,607.2874220256438
5420414,669.0035008208062
5421415,658.1819374126072
5422416,451.9557562938679
5423417,365.88760219132246
5424418,639.4005562281191
5425419,508.38894511611676
5426420,396.29500953398724
5427421,648.6163993961212
5428422,584.4874413438298
5429423,500.6035398269692
5430424,471.59559064064007
5431425,563.1375764452347
5432426,577.1976011856651
5433427,216.61556060077808
5434428,624.2123067455713
5435429,350.0072991116477
5436430,454.1043392969401
5437431,470.7882068173868
5438432,644.2939523533515
5439433,527.9120747997392
5440434,653.2638884738192
5441435,540.9819598678891
5442436,645.2238749756093
5443437,634.8989984358197
5444438,336.6156916771471
5445439,646.3172526127324
5446440,552.3952755817434
5447441,644.4181281988269
5448442,666.571152999756
5449443,370.46771632371554
5450444,648.0403740847861
5451445,226.46418507713037
5452446,478.3078538491057
5453447,655.0420566521966
5454448,664.831231980927
5455449,595.4122888844789
5456450,495.56638764077314
5457451,369.0686620385881
5458452,655.1685664168839
5459453,647.4715052949036
5460454,552.0115610670288
5461455,592.3382300440985
5462456,674.8420465903799
5463457,656.0475867479072
5464458,614.5906987613356
5465459,658.600997818836
5466460,565.9716093473999
5467461,654.6710539127167
5468462,576.829183974608
5469463,573.0916624798213
5470464,494.51080629759593
5471465,574.7087807968092
5472466,610.5692693336619
5473467,348.5339826511968
5474468,621.9348737206604
5475469,659.2808878243743
5476470,455.5955446011045
5477471,661.2734181751944
5478472,638.3185264809783
5479473,642.6045712497238
5480474,561.6741066565452
5481475,635.4277918212488
5482476,665.1297436926754
5483477,551.3288057904617
5484478,621.0315492539836
5485479,631.1961937666756
5486480,495.6425286946258
5487481,615.6746200807095
5488482,639.7325936682375
5489483,638.6718988732755
5490484,469.994940661251
5491485,622.2115682502355
5492486,402.09455586768354
5493487,623.1628659373832
5494488,286.1469928800476
5495489,633.8209441488381
5496490,492.2036335420064
5497491,578.5597345251326
5498492,633.7716675644541
5499493,519.4568296845985
5500494,335.220977785417
5501495,362.39828625446
5502496,642.0042754753647
5503497,623.0806318299946
5504498,603.8484154384106
5505499,388.39061197341755
5506500,385.46547975926137
5507501,348.70588333351657
5508502,582.470468669471
5509503,584.4872085613631
5510504,648.6047496927813
5511505,623.8190470987217
5512506,480.3814416877956
5513507,675.521999963681
5514508,562.5433750565919
5515509,646.81568598834
5516510,614.6883382135431
5517511,533.7726268890059
5518512,338.5139876852454
5519513,654.8248100245265
5520514,475.74108269687395
5521515,656.5411955946298
5522516,614.2592197462336
5523517,642.718431177327
5524518,640.1996595122567
5525519,660.1754733180555
5526520,664.0934825597865
5527521,532.7814117641875
5528522,172.49577987335613
5529523,638.7971519019047
5530524,647.2187435813048
5531525,481.772089439323
5532526,643.196193150992
5533527,658.2310308083566
5534528,478.95348149021464
5535529,633.4951715777413
5536530,650.9652228908321
5537531,601.8968706324843
5538532,629.3359700235416
5539533,638.5610022501688
5540534,653.345528027998
5541535,640.3029112464621
5542536,568.1450639137192
5543537,636.3376583235519
5544538,633.1770946648251
5545539,657.8913030759514
5546540,666.1838795842791
5547541,642.051985781257
5548542,572.4732516993374
5549543,645.2071813962917
5550544,608.9540671018242
5551545,523.7707723821685
5552546,582.8664802354174
5553547,633.9927361383681
5554548,584.5568841566987
5555549,570.4580480263655
5556550,461.18432221316306
5557551,628.475867770625
5558552,535.2611585000844
5559553,554.707577192749
5560554,628.2479837820825
5561555,654.6377276423274
5562556,554.3646073465211
5563557,202.90746386453458
5564558,652.2358688470946
5565559,668.2486771852597
5566560,394.70652784937
5567561,662.1073254921314
5568562,498.5880994356834
5569563,644.7983250872749
5570564,432.98597303941904
5571565,567.1840584583268
5572566,508.0504091125792
5573567,653.8105494735943
5574568,651.778252429113
5575569,395.44405393138163
5576570,641.6256926081707
5577571,587.7666296053314
5578572,484.86929028624445
5579573,573.8818771618933
5580574,642.3537794039406
5581575,624.8384348087307
5582576,588.0410965081369
5583577,647.9586293159501
5584578,640.1510980591047
5585579,634.8113396927877
5586580,573.1468997496098
5587581,635.4654386821819
5588582,538.7603090188146
5589583,676.1432071689648
5590584,356.53331480796004
5591585,649.4956655587499
5592586,610.884399182937
5593587,669.9863478355566
5594588,664.3324423058639
5595589,575.6651642865073
5596590,678.5080879602215
5597591,661.404751106355
5598592,662.9279193625349
5599593,522.3148041232934
5600594,601.0093361213532
5601595,481.22564949111927
5602596,568.0320703157284
5603597,640.4487811369604
5604598,674.1199789858186
5605599,547.5846168822407
5606600,503.9985791467043
5607601,646.9441629248512
5608602,275.8693810998691
5609603,648.0064395261631
5610604,574.3414567269039
5611605,522.7546725753382
5612606,653.4270919217125
5613607,660.3880342648762
5614608,584.5988706504071
5615609,489.62523257962994
5616610,494.81401088048295
5617611,662.4202422578528
5618612,681.1457576451738
5619613,661.7755204275031
5620614,656.1886412698032
5621615,218.824938004526
5622616,656.7665083706263
5623617,655.7386808905707
5624618,514.126604085021
5625619,583.9792179508028
5626620,432.5070624053418
5627621,574.0535279971269
5628622,644.4366701963035
5629623,514.2223446394108
5630624,483.3503839434272
5631625,657.2896942621439
5632626,649.0467832289769
5633627,380.69843936165944
5634628,645.4633504756272
5635629,537.1907172931174
5636630,343.62740517510116
5637631,653.844546191641
5638632,606.736214173673
5639633,653.8338536535921
5640634,680.9047081580719
5641635,653.2059011981086
5642636,596.5671824031854
5643637,658.693528280962
5644638,657.7554993245355
5645639,660.3714193718677
5646640,662.0584847304382
5647641,494.70238186723856
5648642,649.3920985844032
5649643,660.4518450342506
5650644,603.5931556582318
5651645,644.500581700884
5652646,640.3211181052021
5653647,637.0079287371674
5654648,270.43370650137973
5655649,647.9678928978088
5656650,561.2232836333365
5657651,666.7419920155066
5658652,671.8005831468845
5659653,435.9910922521603
5660654,647.75684200093
5661655,659.132247128805
5662656,546.9677342523211
5663657,638.7253172081666
5664658,660.2317042399897
5665659,655.3295124259698
5666660,630.7567957982063
5667661,488.8457397764813
5668662,593.4818642752826
5669663,573.370088210222
5670664,659.3714929635458
5671665,675.1992860936898
5672666,574.4517056838064
5673667,376.1903807114229
5674668,668.8819265446892
5675669,656.8718498473779
5676670,653.3450156748239
5677671,511.8754776893168
5678672,486.2600882879477
5679673,645.527345735686
5680674,608.4341388834027
5681675,564.1133346615563
5682676,647.1043348632696
5683677,479.16356501763346
5684678,556.0024076090523
5685679,649.5146143659273
5686680,646.4846569789717
5687681,642.148377968415
5688682,647.8344237854469
5689683,582.1639979155545
5690684,594.4905916434087
5691685,221.4090445479576
5692686,298.50416137522797
5693687,654.061923581757
5694688,417.10119559582085
5695689,630.6453458285506
5696690,646.485332702292
5697691,640.1788698286936
5698692,641.4511197183102
5699693,653.3004013963708
5700694,633.562986159854
5701695,648.6911963884113
5702696,667.1491041424414
5703697,601.4404326192245
5704698,628.3073313676244
5705699,645.479120279586
5706700,363.18406280793585
5707701,649.7526796281057
5708702,644.5056003742742
5709703,614.9878756379906
5710704,644.093419998404
5711705,541.8826583312695
5712706,568.6076384723709
5713707,595.7853138306451
5714708,610.4801514073863
5715709,650.8633426987153
5716710,432.5231360971909
5717711,590.658165556512
5718712,638.5920487209493
5719713,639.7658039544004
5720714,665.5231022744625
5721715,629.9107206020849
5722716,572.824719366839
5723717,637.07406548691
5724718,626.6017479665809
5725719,635.3214660449029
5726720,385.3337812530441
5727721,490.22477357742287
5728722,660.4506584430779
5729723,487.36914082902507
5730724,649.7331190177032
5731725,640.2050144315435
5732726,343.6926116285559
5733727,538.2325663788866
5734728,542.5993397504892
5735729,661.2913766437131
5736730,473.474338803509
5737731,506.169442508697
5738732,639.4552482382791
5739733,624.666822042414
5740734,520.8145550936118
5741735,653.1676650421321
5742736,644.019202676863
5743737,569.593427538975
5744738,651.042272301415
5745739,644.3766149394881
5746740,477.75543296523443
5747741,664.6593760123546
5748742,642.4980515226869
5749743,663.1971154909055
5750744,679.3425943383548
5751745,657.0061345492285
5752746,663.2991791700047
5753747,657.2620066425782
5754748,671.8148868652095
5755749,669.4219916863296
5756750,664.9830012732689
5757751,656.2221800534754
5758752,336.7167923433605
5759753,655.0263663307521
5760754,625.9158477137371
5761755,293.4796130246834
5762756,531.643287828681
5763757,657.6659840886057
5764758,655.3345981612158
5765759,430.11582831881776
5766760,641.6210258727224
5767761,609.9656614969315
5768762,647.5138738106737
5769763,631.2500284867825
5770764,465.12298192755725
5771765,592.3249920322935
5772766,603.8939455543109
5773767,399.37823132736054
5774768,629.3220313937865
5775769,344.51563836813017
5776770,649.9680505630283
5777771,621.5463887509563
5778772,612.4345065639558
5779773,663.2111881524881
5780774,658.7042669991108
5781775,517.9427651721968
5782776,647.341537186185
5783777,606.5519271841356
5784778,628.6677149035542
5785779,669.0440417597931
5786780,648.1509880854982
5787781,579.1753249699462
5788782,643.7753630515289
5789783,670.1542236463071
5790784,657.6618672687933
5791785,669.632924733547
5792786,640.3870856765441
5793787,653.2919762009739
5794788,650.3067905953567
5795789,428.151143755576
5796790,650.9773742730914
5797791,660.7313139563066
5798792,654.0279728597644
5799793,643.675314248406
5800794,644.8958574319149
5801795,651.5779035321651
5802796,650.1463535919688
5803797,358.22688221443445
5804798,615.5583327408625
5805799,589.1187310665129
5806800,519.8741360011812
5807801,665.8890124382161
5808802,652.3159729008637
5809803,639.2467145677481
5810804,645.6277001162774
5811805,571.1654211241818
5812806,640.3363781128925
5813807,625.309246696561
5814808,503.49025269363887
5815809,655.2795708129858
5816810,636.4858948423812
5817811,657.1508105577169
5818812,574.6767429992278
5819813,661.1840492883456
5820814,612.7942255435784
5821815,645.7660429681355
5822816,661.8627103298284
5823817,666.7445027033751
5824818,659.8098984699941
5825819,665.340192661981
5826820,667.1672335742144
5827821,658.0607041580159
5828822,667.7445279029363
5829823,667.5000458424321
5830824,653.1031464805873
5831825,647.393620669359
5832826,657.2085217954927
5833827,666.2409741654624
5834828,545.8095281567462
5835829,653.4365797126968
5836830,666.4439986668925
5837831,574.1232883593163
5838832,652.7654937202391
5839833,655.4429372237809
5840834,667.5250314348483
5841835,654.8107463979075
5842836,656.3534738691042
5843837,646.6758691635373
5844838,677.0787573676112
5845839,664.8286957730153
5846840,658.216839341403
5847841,573.2299147690336
5848842,659.2288286652062
5849843,668.3217534228835
5850844,657.8835702773005
5851845,652.6134368989923
5852846,643.2252788426897
5853847,651.176558945295
5854848,512.8680975090588
5855849,652.709911108862
5856850,650.914019429136
5857851,531.681174135357
5858852,661.552716004912
5859853,672.4765127896889
5860854,648.8683391089982
5861855,654.5468147679663
5862856,673.2209687137668
5863857,661.896370252896
5864858,624.1920362109265
5865859,546.0761996877189
5866860,633.9718965493942
5867861,659.1614479115412
5868862,365.67028900664627
5869863,665.7647850752858
5870864,542.5068861335782
5871865,652.6687157326928
5872866,657.8041489629683
5873867,647.6160438471667
5874868,666.6615384009167
5875869,615.0681482251856
5876870,604.2188418719844
5877871,639.9210638270681
5878872,654.8291573219801
5879873,647.7837156636955
5880874,643.8044554232143
5881875,650.2614525563959
5882876,644.5206384590421
5883877,633.2616735991381
5884878,629.4601589467237
5885879,470.04659414301193
5886880,577.5927976404311
5887881,649.0373665560489
5888882,637.9344171146148
5889883,612.7404844203239
5890884,435.51327123161326
5891885,632.3809825878938
5892886,638.2184685424032
5893887,638.0167469161762
5894888,625.4374142672357
5895889,626.8030401355938
5896890,507.8044417895061
5897891,630.6761130126258
5898892,547.5384864374313
5899893,613.6664872037334
5900894,645.9085669595277
5901895,464.6651016903969
5902896,653.452400839915
5903897,662.9148635631452
5904898,625.5599728229139
5905899,638.4218210671688
5906900,646.0434388483479
5907901,626.9268207354824
5908902,616.6700833625954
5909903,435.8810288791227
5910904,650.3069395269243
5911905,643.7505433909122
5912906,638.8902112816094
5913907,624.3528856302697
5914908,635.7138823886756
5915909,618.1884152783608
5916910,472.43780711316833
5917911,614.9922532424686
5918912,625.9115620755389
5919913,464.17325880868054
5920914,630.8782569215579
5921915,557.9376708487548
5922916,610.3730927077484
5923917,614.4596918701109
5924918,426.40215048659263
5925919,641.3864746009311
5926920,585.6658086005069
5927921,638.6296889607563
5928922,439.0453831686427
5929923,603.7515959140936
5930924,639.4499335065536
5931925,543.6560081561472
5932926,640.9819514734348
5933927,434.01310455984566
5934928,646.8839750480395
5935929,637.2485906538878
5936930,521.3282574651413
5937931,591.8342532154419
5938932,634.3088204743306
5939933,598.8359832871375
5940934,607.5281901207164
5941935,597.722513952868
5942936,635.6582488957988
5943937,658.6459322861764
5944938,641.0526608859176
5945939,542.2992508341521
5946940,431.43119731325527
5947941,630.8280170983418
5948942,623.025965861938
5949943,506.17979579380585
5950944,294.1639755838019
5951945,522.9390913137594
5952946,638.6382569525147
5953947,642.9525582875261
5954948,610.1488208025352
5955949,652.8316043502028
5956950,636.4259112604001
5957951,563.6373198245374
5958952,640.6908796976976
5959953,652.6903036277319
5960954,655.1108574219639
5961955,645.6799713802271
5962956,633.4024028419904
5963957,645.8360509019501
5964958,652.2937522443207
5965959,652.4218704785741
5966960,551.8932702095349
5967961,629.8998735498475
5968962,624.2732675875778
5969963,660.0180749802937
5970964,542.1284458290924
5971965,661.003649030732
5972966,648.1176628869332
5973967,534.6185955895575
5974968,654.8389491790961
5975969,659.5201493581458
5976970,647.1078017983505
5977971,649.8953465724343
5978972,638.19077446075
5979973,426.66582397847634
5980974,503.96160892024324
5981975,650.4012928366058
5982976,650.5324023035171
5983977,648.7719423647793
5984978,611.4909777459441
5985979,653.6260809185981
5986980,618.4505350043889
5987981,659.0642499277827
5988982,653.3069715461824
5989983,664.2843896817805
5990984,533.4144630886084
5991985,649.2050674924453
5992986,655.064463059393
5993987,445.84331166650156
5994988,666.2050747588046
5995989,652.7066031051754
5996990,383.8354124112122
5997991,651.364351351691
5998992,648.6109365260173
5999993,653.2500563563351
6000994,656.631577475427
6001995,626.9961960148061
6002996,656.737531188404
6003997,646.5286118066219
6004998,653.2274747481723
6005999,649.213074604327
6007000,638.9208997582359
6008001,641.9624543799441
6009002,652.9335674961737
6010003,596.961332792593
6011004,642.7077512947991
6012005,642.8739875854377
6013006,653.2275174663051
6014007,639.0824318606373
6015008,632.942951406818
6016009,644.9058516527333
6017010,644.8822831738657
6018011,640.3656742716489
6019012,629.3692939332334
6020013,635.9260649554968
6021014,510.55687143090853
6022015,443.12913236373225
6023016,531.7716647443718
6024017,633.9549134796321
6025018,467.68822491602486
6026019,619.1787917728375
6027020,479.50393776251275
6028021,626.6643016071218
6029022,515.3608080076176
6030023,473.09355869823656
6031024,656.9205515965562
6032025,624.1568217583458
6033026,501.72665413440797
6034027,464.3949229589954
6035028,550.2995701798579
6036029,627.0027399201531
6037030,637.0706646269576
6038031,321.9711573486928
6039032,593.646797251097
6040033,636.6822053598637
6041034,608.2225270682815
6042035,635.6799254832032
6043036,631.6350281665318
6044037,630.3636002355291
6045038,630.6119772119987
6046039,642.0117352244584
6047040,554.7265891984451
6048041,557.3671630981398
6049042,643.1435560129858
6050043,634.0956592686786
6051044,647.8003948024639
6052045,640.1025293480733
6053046,497.1796643655835
6054047,570.424152822687
6055048,634.8140048303277
6056049,427.09106320242915
6057050,637.1770662432432
6058051,584.6511835919496
6059052,576.6215523358461
6060053,636.0066375458017
6061054,651.4536670549436
6062055,644.6379926025337
6063056,437.5096770039158
6064057,273.7543803218093
6065058,620.7951155866061
6066059,497.33600386392794
6067060,637.424456027569
6068061,595.1613184106501
6069062,655.2680639553623
6070063,515.8361281230923
6071064,652.3156711940121
6072065,658.0308989361998
6073066,571.7341683181354
6074067,646.9301102568683
6075068,607.490633243444
6076069,604.396350548706
6077070,622.2226708141164
6078071,587.2872834367398
6079072,633.2986872153947
6080073,620.9404751036395
6081074,554.5028975523977
6082075,613.2166450236602
6083076,621.3241515241664
6084077,599.7816398650817
6085078,608.9050209983315
6086079,593.1308982244412
6087080,414.11712681371654
6088081,640.3293127203242
6089082,499.2301842038677
6090083,573.1860754903695
6091084,612.4144390945442
6092085,623.8403393044392
6093086,487.00492596738485
6094087,460.21213331816506
6095088,533.7495619629368
6096089,606.951092467413
6097090,582.1885869708614
6098091,593.2382458438981
6099092,488.506159502866
6100093,561.6174965473735
6101094,625.9500067674853
6102095,582.875715068124
6103096,434.25583552494555
6104097,585.8405777990088
6105098,586.1075792575635
6106099,542.9116278047887
6107100,527.7982983680631
6108101,596.6316390520603
6109102,631.7845929986447
6110103,610.4665823652068
6111104,599.0845909547784
6112105,588.8169938634313
6113106,534.6285458696365
6114107,615.9998803930933
6115108,536.2905211325849
6116109,602.7674661058159
6117110,615.4147286086686
6118111,632.4465873436476
6119112,522.9549671623605
6120113,609.9401713118673
6121114,604.2505755048493
6122115,530.3424095014349
6123116,594.3004458461426
6124117,543.6889931678811
6125118,626.4211761951619
6126119,619.1687390079845
6127120,624.0784621979767
6128121,512.8087604525277
6129122,636.8917493828793
6130123,614.9354449366593
6131124,636.6760052715663
6132125,440.41131149237833
6133126,587.2195674574116
6134127,579.9221558066284
6135128,597.0689469300357
6136129,552.1680030680868
6137130,524.9877455456284
6138131,582.6280331634003
6139132,593.4601687613574
6140133,620.0097133964556
6141134,585.9556966519476
6142135,606.1055097738843
6143136,593.3269151408198
6144137,438.7236522185108
6145138,561.5872359057204
6146139,410.9306060378884
6147140,561.762431754856
6148141,610.7679462922522
6149142,406.01788574745024
6150143,458.6916051914396
6151144,516.8817588643473
6152145,597.1352010791915
6153146,595.1306339269381
6154147,556.7081246144073
6155148,583.8618224328052
6156149,607.2112836174218
6157150,573.8912535390156
6158151,596.4853860695285
6159152,591.581329036963
6160153,626.9284959816612
6161154,501.5620977071379
6162155,590.9425077870952
6163156,537.3785086746683
6164157,565.7887213128945
6165158,600.6616629002843
6166159,605.9982085913452
6167160,580.9429295586866
6168161,591.1752011480203
6169162,578.073222589173
6170163,617.2631300328379
6171164,549.3115475706263
6172165,326.6228344387566
6173166,572.7283431060935
6174167,622.1198467735776
6175168,585.3538672291226
6176169,418.4444131883787
6177170,511.74937687894766
6178171,612.0672608936147
6179172,605.6258559717392
6180173,509.7606986076856
6181174,325.13067420448044
6182175,466.67749665132874
6183176,372.3767762273627
6184177,491.09696693346797
6185178,584.7845850628689
6186179,381.7546297197946
6187180,578.85916899843
6188181,594.6893942526365
6189182,366.54349045323704
6190183,633.1892808441378
6191184,574.5549815746323
6192185,527.7088056537231
6193186,473.5469883978914
6194187,423.9592955645586
6195188,423.70593043954966
6196189,499.798607255764
6197190,630.2161500401266
6198191,612.1675745202151
6199192,457.41193443557955
6200193,603.3407754048785
6201194,455.8287931996942
6202195,609.8051203727597
6203196,619.1363755906705
6204197,504.4447848661802
6205198,605.4020059331688
6206199,534.2039334654173
6207200,630.8956579445878
6208201,645.3841528893088
6209202,546.9536365599745
6210203,606.6136233550211
6211204,631.5830111163823
6212205,614.754767448288
6213206,638.5102987366911
6214207,449.6670206911095
6215208,652.6206431998585
6216209,631.9118306048634
6217210,610.1806079866211
6218211,568.836121433146
6219212,508.61340391658763
6220213,578.2767026567383
6221214,638.8377828435844
6222215,640.2685220839397
6223216,523.1215917708225
6224217,638.1807784280104
6225218,608.5483536270806
6226219,625.8360868722987
6227220,626.8098467695431
6228221,618.6301198734617
6229222,628.1158961982991
6230223,494.97044017714126
6231224,641.0312648311339
6232225,538.9109105050301
6233226,577.3738313581848
6234227,656.6024650186985
