timestep,episodic_return
1000,2.4514019222474515
2001,3.3506154698369444
3002,8.870385090908051
4003,14.409346802833438
5004,17.012596939788242
6005,15.39485098440522
7006,32.71244580679547
8007,30.933245662406225
9008,32.86944525190306
10009,46.96602785213934
11010,40.881171282100816
12011,40.5199187109377
13012,73.67797531791733
14013,62.380694083822895
15014,73.70045541802874
16015,72.70815270697756
17016,29.021944612920638
18017,68.74257535087814
19018,81.31883007160583
20019,83.66858595823847
21020,28.752699689689287
22021,94.84846690109352
23022,128.39675044895856
24023,93.94929653701564
25024,134.6884527411105
26025,19.590064522555537
27026,126.20261261146997
28027,174.29492102555093
29028,172.5294657979147
30029,43.23794333372797
31030,133.46884911085394
32031,44.800459729806676
33032,101.74037700865381
34033,98.99719976289337
35034,170.2484332073429
36035,196.74393171419223
37036,158.81681378824416
38037,204.17137460007459
39038,41.724333671356916
40039,77.84834385035688
41040,77.31811211115365
42041,154.0690837076165
43042,72.7028934506591
44043,106.28662369299423
45044,60.053823898517635
46045,167.11464069284847
47046,114.4674406586897
48047,127.16714350861895
49048,201.60920597758638
50049,122.38660918965934
51050,101.98774017419501
52051,60.62262187301692
53052,57.76083526866878
54053,63.419001653218295
55054,224.95888042997132
56055,36.0026374189902
57056,150.24128809264408
58057,37.86996055310359
59058,38.17505839371132
60059,224.46350914874802
61060,235.20658849774384
62061,166.55729450678038
63062,210.92814762783934
64063,59.584298264828426
65064,111.53049241897119
66065,223.30698392795577
67066,180.8918805505793
68067,69.10804132264619
69068,235.13467805106708
70069,47.49119094239604
71070,195.96818733153196
72071,63.95947912922973
73072,181.24668176373086
74073,49.89992229048258
75074,136.4769954681806
76075,214.45723395100424
77076,188.38137084272418
78077,74.72257376034445
79078,211.4449077028912
80079,280.0639418124414
81080,229.62239082197928
82081,149.58834150608106
83082,154.21150591265865
84083,280.00715312751686
85084,153.8922456310229
86085,263.8510036601521
87086,199.8332967697117
88087,194.62607194135327
89088,178.34953340584386
90089,63.67661243231354
91090,110.95760001234785
92091,84.28818294163293
93092,95.4986252516261
94093,220.32135146055802
95094,46.05995755189441
96095,203.52756599757242
97096,70.24684975930538
98097,217.57059846287157
99098,213.52486491439575
100099,53.24139199605431
101100,206.81069624943254
102101,64.44117940605302
103102,225.1705832048091
104103,132.96962770334545
105104,199.7542498687909
106105,274.586799550152
107106,199.56694462098267
108107,243.79092539567563
109108,288.82671349445303
110109,276.3087644118118
111110,103.75226881914998
112111,163.57756470649426
113112,270.5608952696446
114113,221.57246046768657
115114,79.57115181484103
116115,61.546277883277924
117116,176.5826368499368
118117,164.21836125707978
119118,160.55306922832463
120119,170.35838381475068
121120,144.75502152176477
122121,208.51208402200615
123122,244.76061932187534
124123,202.89033296844414
125124,53.61181353050959
126125,102.59745643246374
127126,275.31457978361993
128127,127.76122443861424
129128,309.0523311221254
130129,184.7270353031499
131130,55.32603644587939
132131,260.32830967959825
133132,88.01106505368283
134133,286.4005673823351
135134,128.26290322376258
136135,228.92046446164468
137136,207.2402986340066
138137,264.9102384240273
139138,51.43908761842935
140139,140.74641829830009
141140,155.56507630404812
142141,308.13873637638335
143142,97.02603196628125
144143,62.81820027573513
145144,158.03714954162496
146145,234.9669925939419
147146,73.78299919725472
148147,155.87123825819384
149148,95.31729011209389
150149,140.23607587079633
151150,224.94965716362327
152151,283.9042020701814
153152,287.66468127246753
154153,104.54724779984882
155154,217.90377041051917
156155,104.53966627029429
157156,197.5257618319666
158157,302.6323521732102
159158,110.53482291475227
160159,283.3270745282537
161160,102.47388502725059
162161,175.90314884288824
163162,97.55012045814688
164163,233.59620903074966
165164,293.818503849292
166165,195.8540797045379
167166,33.678817868100964
168167,271.9199078963547
169168,180.02508080966246
170169,379.3556270374721
171170,90.18515927266287
172171,72.86684161433531
173172,283.16564324867727
174173,145.4214153122508
175174,253.46462476861646
176175,108.16725275719313
177176,64.90906568415087
178177,328.57687844158977
179178,68.01530872859357
180179,77.85880797100901
181180,40.9341130173184
182181,257.19709348692675
183182,79.53440515866411
184183,217.17138562263958
185184,145.63500604696887
186185,86.0428269880534
187186,67.04351074322408
188187,48.06999468977417
189188,95.14648793365495
190189,154.36836138103874
191190,239.00898602413565
192191,303.7511939525451
193192,201.75722707102875
194193,98.6545570889387
195194,252.03002973730912
196195,84.18068170684376
197196,90.4955757564792
198197,191.39806231434238
199198,139.2833207929561
200199,274.8944011497815
201200,330.47917973541695
202201,103.90825721790024
203202,256.9724314043373
204203,124.3026426720152
205204,91.42686549080388
206205,38.50291207123247
207206,133.36285950155758
208207,294.97389914652916
209208,210.4867244909961
210209,297.03462631365204
211210,285.66709346441417
212211,330.2458215281273
213212,138.4987973161931
214213,347.24018677081773
215214,320.12421488723254
216215,200.06610281932348
217216,48.95545330944577
218217,72.40214812248294
219218,339.4436174971072
220219,309.81499151098257
221220,314.5812593770749
222221,314.78713900385395
223222,307.88304335518023
224223,128.6847137879818
225224,296.5181345119064
226225,150.78240177504304
227226,353.32596057192916
228227,250.47050455028977
229228,125.30216811447995
230229,241.44593033059084
231230,285.7195919426703
232231,199.7034877342403
233232,221.6538132836619
234233,313.2442003228552
235234,173.17756205868935
236235,95.42980015549962
237236,276.9665468498709
238237,310.0792825374555
239238,268.8254944745836
240239,328.7338663817846
241240,301.90502731251684
242241,188.60621806500123
243242,311.6236973243452
244243,228.12448538979245
245244,297.1375532700956
246245,293.33701984206397
247246,70.04069474469952
248247,260.9392818974775
249248,278.62329837667494
250249,167.96860530289123
251250,309.4416597946261
252251,114.71791633463815
253252,381.70406164799886
254253,295.88296445394275
255254,305.3705170397169
256255,130.55639541234203
257256,332.1276865976241
258257,207.29399723390725
259258,84.9795417757774
260259,104.71597015479418
261260,85.04854194472111
262261,162.90956045785467
263262,356.6083773766406
264263,353.9872079248713
265264,161.51769624037647
266265,122.5312745050181
267266,322.06787454363865
268267,260.7508433484533
269268,165.80449279597184
270269,128.19799840492934
271270,181.14928021767994
272271,298.56446737715873
273272,261.11389658368773
274273,345.10294471047615
275274,241.84241382735706
276275,134.08711953514492
277276,86.35357705525621
278277,328.99672489162606
279278,211.86684448438464
280279,284.9193005972576
281280,64.80417244325965
282281,163.34381456607005
283282,213.2431779270551
284283,183.5885384049434
285284,327.9858711560725
286285,92.12942846458675
287286,102.81481152363362
288287,358.69794690842593
289288,178.844898523366
290289,375.10717417919386
291290,132.57207637438336
292291,211.17855860092172
293292,184.61650398262034
294293,249.89917342202403
295294,272.443430442583
296295,243.92217027172296
297296,345.07839360689394
298297,70.86096530812677
299298,343.82364422043474
300299,105.15017794965549
301300,125.0744913079055
302301,446.2502303364313
303302,256.0123222357722
304303,151.36055093775857
305304,212.77377470081782
306305,125.61006844015363
307306,239.4558034370349
308307,382.4932471444807
309308,80.06190258639877
310309,292.6059724416614
311310,236.00293639068008
312311,231.41434280861924
313312,211.2269897687601
314313,151.87355480405634
315314,266.2362753377891
316315,109.506644743193
317316,312.6880667777466
318317,248.29891546673971
319318,312.7600387161443
320319,402.2286853490308
321320,48.570830955750466
322321,233.54587103878208
323322,294.357936460563
324323,289.3807593207216
325324,324.43539358088424
326325,357.165564561405
327326,339.68810695421666
328327,67.58523839634184
329328,340.48857961660076
330329,126.05242719589621
331330,372.9354476849751
332331,324.88204303310465
333332,391.25246683421295
334333,86.14530156813152
335334,274.4747001536295
336335,116.1230348694738
337336,95.98578842078541
338337,341.89293640795745
339338,283.37709626878063
340339,144.62930550093068
341340,117.22832706706407
342341,283.45255398527337
343342,175.58120149884735
344343,350.8473726202992
345344,282.0727855774669
346345,285.7716560702612
347346,328.81312041921007
348347,91.32594129750294
349348,163.7489882885075
350349,367.4570805637564
351350,115.93576805967714
352351,249.35240271897806
353352,90.52315333569244
354353,277.2890786740891
355354,143.22298786490268
356355,91.22513822618927
357356,312.7715207578739
358357,258.7119779559115
359358,113.22560993224867
360359,348.57121562589174
361360,116.91367930045908
362361,237.32755887901857
363362,97.7174996872098
364363,355.67106106322905
365364,222.83174201691747
366365,151.79960811913276
367366,341.38915432912324
368367,83.31736522362038
369368,88.18970097434067
370369,154.51877833859206
371370,36.647307946161995
372371,283.71976732020335
373372,228.27338620603072
374373,112.59160745242484
375374,207.22739513786422
376375,348.1887676377656
377376,321.14754893138854
378377,354.9588704683536
379378,318.87566621411804
380379,70.90046322813613
381380,147.74902250603716
382381,88.3134722286272
383382,108.25961801134603
384383,163.30008948127943
385384,175.70273373457587
386385,108.0571669650672
387386,185.9674832074918
388387,254.75399723405573
389388,124.80906301734957
390389,295.6614171040901
391390,337.80874318485843
392391,58.07707966500383
393392,149.52968492703573
394393,266.5081567312714
395394,110.41641583600119
396395,79.043595210764
397396,393.91024153353567
398397,177.0084777732233
399398,233.1429478505946
400399,143.52565732377866
401400,357.9882651631533
402401,90.10545008306677
403402,122.10792472948535
404403,229.12109991771936
405404,174.27325826324233
406405,423.85246431262885
407406,116.88197165253209
408407,267.3090656782623
409408,322.86380914726965
410409,359.2798047726379
411410,64.04580585037965
412411,216.65644404756173
413412,96.96056038731318
414413,81.03972096709288
415414,76.55076234679152
416415,181.94309786617112
417416,101.0361914292106
418417,347.40381870210734
419418,218.79941094578228
420419,147.10096662190557
421420,113.19201645011879
422421,214.7425760715253
423422,120.5138996082797
424423,277.46879266225443
425424,325.9044295520223
426425,191.8933471940031
427426,147.59430182626687
428427,335.77584714689004
429428,247.27919958629374
430429,423.40824148402066
431430,102.78625842282173
432431,175.18533015876926
433432,272.95443023730377
434433,159.29430394921445
435434,251.12984911600574
436435,302.3440261840034
437436,360.6651270550076
438437,227.6151503544412
439438,47.407583504326055
440439,114.5036838834372
441440,75.174983024684
442441,324.5649496412245
443442,205.73230373797185
444443,296.58469688710477
445444,106.63686428928617
446445,229.27285950416194
447446,123.11627201292292
448447,91.19708887433926
449448,240.6727118771972
450449,207.74875662220788
451450,183.53858038042787
452451,135.61044981334086
453452,136.15528811202583
454453,286.03519048648604
455454,134.1692670756598
456455,153.30159926755707
457456,289.1548819322098
458457,117.43672133699297
459458,179.15276634262403
460459,212.7898466718542
461460,128.11079547943388
462461,259.6068996914044
463462,175.67297986142069
464463,91.0674808850983
465464,81.00458173619734
466465,85.14161517880277
467466,354.3996897365409
468467,299.6642465302941
469468,72.40633376595478
470469,336.0136247092705
471470,236.36269345287573
472471,97.21279261129213
473472,191.32305582208852
474473,88.88097872377732
475474,208.30436416825762
476475,149.04721576023505
477476,222.63769609776605
478477,207.37499156142442
479478,38.79180275677171
480479,88.79369565815271
481480,67.0681621753384
482481,366.90266665874185
483482,82.89312830785597
484483,108.90769682132638
485484,201.44813411161684
486485,63.93928587872322
487486,182.1785408967148
488487,104.00582307396978
489488,85.95621769793075
490489,214.2016278993371
491490,59.4792373836823
492491,138.32351248480006
493492,93.65252961573765
494493,222.0587378378601
495494,57.050639256032106
496495,220.08747709738952
497496,361.69211179022113
498497,181.79448999077127
499498,322.0813960940569
500499,133.45082484870102
501500,256.808377873239
502501,170.81186942935463
503502,69.32525044324144
504503,387.58382413806163
505504,148.87881672990642
506505,169.07293837524423
507506,116.92865353115147
508507,68.61292466183103
509508,68.17466329606917
510509,174.61176360174036
511510,245.5963176298806
512511,129.5056238715352
513512,67.79949102564242
514513,239.50432884043568
515514,278.0496124435365
516515,141.43865792914292
517516,58.092339186043624
518517,77.3624063015383
519518,326.34978782189546
520519,163.39810668426148
521520,337.34291899232704
522521,293.9940687558875
523522,66.030012900677
524523,89.86713371261584
525524,77.80501157120696
526525,223.67465271280653
527526,97.32047027327428
528527,228.08460193730534
529528,87.5748195917606
530529,210.6570212033288
531530,283.94942581830315
532531,257.38031362975516
533532,156.4895535651948
534533,223.51806620415493
535534,198.5123885768161
536535,142.71333111918338
537536,167.8223559393075
538537,55.182461278934014
539538,108.43229870715928
540539,144.9166226644707
541540,324.40979161249135
542541,161.48807242382733
543542,257.5302795670356
544543,286.28015300372
545544,128.35795072769002
546545,375.57429351627496
547546,96.58688263647414
548547,69.52977490700168
549548,173.4078270920982
550549,101.34857886904885
551550,122.611685752209
552551,215.98730515226177
553552,217.05255657067607
554553,140.47026577484016
555554,158.58895200414545
556555,116.9852484291377
557556,83.7504543931113
558557,140.40645737605786
559558,54.5426983017997
560559,255.75200462115615
561560,387.7096869890107
562561,317.35583408026105
563562,180.1685927396787
564563,74.11363932326068
565564,58.620801529078676
566565,180.7417079480886
567566,88.10962048565273
568567,302.7433605334696
569568,261.1945094127791
570569,128.63766325945474
571570,254.8949916580489
572571,131.89874718797438
573572,139.58783573024573
574573,102.8564022432705
575574,111.52054939753883
576575,107.51046962253047
577576,169.54079476960808
578577,155.36504669931333
579578,125.6818709288373
580579,113.1025417623654
581580,236.61951846330822
582581,92.51648110131076
583582,152.75605928014184
584583,69.36516753229208
585584,62.55133058237124
586585,136.70381740092589
587586,72.92651058331728
588587,67.94744432980555
589588,242.64775517356676
590589,75.137986829633
591590,96.26863443949615
592591,77.88800460785166
593592,243.24463019523145
594593,385.2962900237933
595594,99.16233552610645
596595,351.8711285546545
597596,140.7286678405852
598597,226.9376741793839
599598,176.97414561684755
600599,221.76962528419566
601600,133.9051130613882
602601,83.68656486865848
603602,81.15413171275225
604603,191.98429961485698
605604,160.8153886407324
606605,114.35591693132001
607606,120.19197348427764
608607,254.53827740069102
609608,278.7837070546009
610609,168.04915820853773
611610,378.70158166474005
612611,246.81863978140984
613612,351.43188642343955
614613,364.61377638193443
615614,70.98601152517199
616615,67.14286467855617
617616,207.52425286912813
618617,224.97315717345637
619618,310.46760915493854
620619,137.02865111741778
621620,180.22017360631065
622621,104.92409412170015
623622,99.29182195241204
624623,97.0897487513921
625624,293.52599881514425
626625,100.30112815819213
627626,115.99477896162175
628627,151.09198145714095
629628,261.218763640204
630629,168.08894208938506
631630,271.3718970406591
632631,331.22832498817303
633632,70.58491548597326
634633,291.5304743763825
635634,211.54094674317375
636635,105.44104935051212
637636,309.6855169002316
638637,152.37422639147178
639638,296.08859351642707
640639,343.2083618347416
641640,282.1593121127449
642641,275.9943678319879
643642,309.5076622260376
644643,327.39200903696036
645644,312.66690694334676
646645,231.4433331796538
647646,283.72268914315515
648647,311.1991267659244
649648,117.04123913062293
650649,77.16553246201251
651650,339.9105559527868
652651,103.92333238421503
653652,319.80720814256017
654653,315.2310086190011
655654,200.58976341412694
656655,64.93199048394695
657656,121.50034201263827
658657,313.38997259338964
659658,128.46903411279482
660659,244.67521816438042
661660,286.38619265338303
662661,285.83807705750365
663662,207.0332954660734
664663,296.81250346500076
665664,185.10658658787835
666665,102.05346084834943
667666,358.46630189523387
668667,201.95310918418437
669668,200.61306692860526
670669,141.51929909030153
671670,355.41922640371826
672671,133.7285879768499
673672,391.2484573820414
674673,305.6409884483691
675674,170.10269622529813
676675,250.52267264554544
677676,142.9352048426659
678677,326.96746619136667
679678,181.76269010294402
680679,95.09318659924948
681680,362.0183747071513
682681,133.44009186207165
683682,280.58484668341845
684683,94.10062487024919
685684,216.6405180166033
686685,237.4972760406788
687686,169.82162598035728
688687,201.1237347734011
689688,77.9483450608319
690689,167.21615171455232
691690,78.14409305523458
692691,318.7308690556002
693692,67.32805639430912
694693,367.96554773221345
695694,94.66147992265093
696695,330.17629625154484
697696,298.7906191647137
698697,138.25833753020908
699698,126.7605360884226
700699,80.85810158181847
701700,100.13982078160743
702701,353.1610254951358
703702,388.05615438544794
704703,243.2781112563424
705704,102.58979567443207
706705,142.70611608631066
707706,235.88041227739262
708707,86.67479885395254
709708,337.46109080270367
710709,287.1890159354892
711710,378.5497834321521
712711,332.84054445900864
713712,347.50829735296696
714713,187.1634456851119
715714,327.5711372388719
716715,162.0503945637645
717716,108.39675227983969
718717,184.31212206271692
719718,373.12210313180805
720719,141.45893303752493
721720,119.01086370093536
722721,323.8523865894406
723722,179.35502112936894
724723,340.50088790089455
725724,104.81768118039213
726725,328.1756146985229
727726,264.42260760062607
728727,85.90870217202979
729728,312.0238699501554
730729,147.5452179169853
731730,128.91623121662258
732731,57.46042178807495
733732,372.5494008474472
734733,314.50571211816833
735734,178.40449830281767
736735,328.3814668792124
737736,243.76899445377285
738737,83.58075296649056
739738,130.3720772118971
740739,128.23428001683996
741740,167.9746219727838
742741,73.43147571555457
743742,29.182336804036392
744743,240.75850090549966
745744,242.11322053140498
746745,320.58278532899686
747746,247.70987765862031
748747,190.1456167507212
749748,91.6296359846126
750749,196.02395761498514
751750,118.73057815238148
752751,64.23156203422897
753752,246.94666277025712
754753,67.49024393241872
755754,158.22794165203527
756755,189.5730185050509
757756,76.19268729326228
758757,209.94477958474005
759758,319.0939291215688
760759,301.62468714103113
761760,79.63161462504526
762761,322.0884760366169
763762,259.6284320700227
764763,119.84372291202774
765764,326.2754851283042
766765,108.54923990285573
767766,221.64098390723186
768767,69.16241079253015
769768,227.7142718660285
770769,87.10473219606162
771770,84.2808068012785
772771,384.6775924204378
773772,243.66269857665247
774773,208.51410408705638
775774,210.9934801943216
776775,219.564322947792
777776,73.59831116522666
778777,195.65637446090045
779778,234.87184386656233
780779,56.703119998965576
781780,247.7650016577579
782781,169.23631513241028
783782,59.68149523965782
784783,283.99992598579456
785784,100.19415082161338
786785,107.82690533718561
787786,324.2942332106747
788787,80.26336334483295
789788,107.09775563501644
790789,119.10846360898401
791790,82.20535397316266
792791,274.7416485603432
793792,57.63714880176316
794793,144.6813347087722
795794,351.0400833745605
796795,227.4488071303878
797796,324.8494923013817
798797,56.676858505355945
799798,320.9517290804232
800799,281.04884799734026
801800,171.8927296313184
802801,191.70143695861998
803802,205.51216227876128
804803,322.31991309835973
805804,107.41831264026656
806805,339.60120598627446
807806,267.3345987568282
808807,58.13518430024544
809808,136.9462861538579
810809,304.4358488052422
811810,222.61332626556356
812811,53.28109248976339
813812,158.3797171245916
814813,131.88083073761612
815814,155.81652520276688
816815,149.6400522795896
817816,67.5770804739933
818817,339.6768099012662
819818,365.63439102777096
820819,140.30603106620984
821820,95.89117016666692
822821,99.63314647639199
823822,58.65071769557893
824823,173.0704654029288
825824,266.8402197859582
826825,143.59707155742535
827826,51.19999176499497
828827,79.11507899948084
829828,323.9729649772127
830829,340.05073704088073
831830,77.2999090557554
832831,219.92198912907855
833832,270.7538550497331
834833,176.27170561130018
835834,146.29669386532603
836835,91.78937043948065
837836,188.63589791001823
838837,331.84816448603254
839838,362.52419460158245
840839,302.19453625381595
841840,343.81940434561335
842841,61.30605396362236
843842,100.42639615516191
844843,230.57323594458381
845844,338.649499389824
846845,85.6694346935235
847846,192.33227001554775
848847,169.18530041225105
849848,203.75944203884768
850849,314.2403044132722
851850,124.59782897131298
852851,69.258677614546
853852,200.6369638313103
854853,100.24491368143592
855854,322.7922459800311
856855,280.5777913023073
857856,322.90505352639946
858857,116.14816389507983
859858,55.82987031458286
860859,326.5818631616184
861860,157.4747839630393
862861,167.59175951759235
863862,189.04110049188066
864863,138.8551225395118
865864,354.0249441593622
866865,112.70315611647847
867866,353.3697707749435
868867,295.168129850855
869868,94.41849871517702
870869,181.09987419143891
871870,235.05243436465207
872871,116.79968457981002
873872,162.1164238878324
874873,69.00697787255469
875874,305.4664237539822
876875,313.3176324464698
877876,100.82423742131019
878877,377.2087927003056
879878,122.02435421117444
880879,185.81558459588197
881880,145.39979717899942
882881,67.49139722769375
883882,384.22726118687604
884883,112.9172156417662
885884,337.96978083627397
886885,47.8105984501874
887886,171.26902901122142
888887,225.15555057985296
889888,216.16339700160358
890889,269.6064015047894
891890,253.1156944529455
892891,117.31296311535426
893892,354.1342131731678
894893,221.4925761051586
895894,221.27545590742673
896895,227.44460861102314
897896,286.529229361644
898897,151.03728380658364
899898,53.57354868776313
900899,249.77201071453666
901900,349.492148567356
902901,304.88187140429204
903902,88.28960284044634
904903,354.689626557612
905904,274.0873036011544
906905,171.1239325770144
907906,206.09984446363805
908907,205.83296307132818
909908,242.5128531172731
910909,129.41427352025306
911910,253.80337233062298
912911,113.876514195485
913912,325.82131022548145
914913,325.27997976268557
915914,74.11723249441091
916915,335.1974613092628
917916,233.69267166626466
918917,241.62231617827015
919918,167.60435920815542
920919,277.5300684807484
921920,310.2418272098105
922921,183.38435924621757
923922,115.55054264357427
924923,169.67647127374457
925924,351.218171479114
926925,328.8307106374762
927926,150.20881624155433
928927,332.63272851131285
929928,224.19408583448782
930929,256.4767603431993
931930,98.33445488865176
932931,190.3002826652732
933932,105.15570328781794
934933,127.24053588161642
935934,246.69012735307192
936935,192.8536265543626
937936,315.18561990708145
938937,81.89884234405287
939938,287.89856557425634
940939,294.61895677726193
941940,160.29361884352707
942941,52.458648355659236
943942,127.04043893318115
944943,87.6349340350216
945944,299.767996035069
946945,218.45422960792772
947946,269.4482647560528
948947,135.9421832428995
949948,242.39655227262963
950949,315.7767679602434
951950,165.75491971869076
952951,319.9514657762466
953952,307.3896665743566
954953,155.20041230067585
955954,110.55484294548879
956955,146.8721099566498
957956,103.58764639175666
958957,278.28609473437376
959958,395.57836198974513
960959,111.91629575040962
961960,301.3886844217595
962961,269.0297650286657
963962,353.1022252880972
964963,74.28874730683128
965964,170.63416934235542
966965,360.29325081209686
967966,228.69585612687604
968967,58.134402007808895
969968,189.44471869661248
970969,284.2502647043304
971970,73.18345576242244
972971,210.60374895134254
973972,76.85237775685752
974973,76.29131845568897
975974,344.2849723674231
976975,114.31052675081634
977976,240.66724858432372
978977,234.915265567344
979978,363.4708504498
980979,81.40748228723895
981980,179.57950678760486
982981,89.42110285734336
983982,383.2427964180587
984983,337.17598888717845
985984,181.9223461940446
986985,77.88176543021319
987986,216.62942026317552
988987,87.27175706834714
989988,235.6072236993136
990989,87.80251035276987
991990,135.15770959388286
992991,361.3344218910301
993992,78.4961874347318
994993,311.21393617629906
995994,62.22312475358695
996995,346.1050196789595
997996,172.50961872507403
998997,204.55441444224115
999998,167.70685437254775
1000999,133.4805720508083
1002000,268.6117676672002
1003001,253.82864756214045
1004002,232.16457411777156
1005003,328.375356405588
1006004,158.02138852941786
1007005,200.50509072079387
1008006,157.58476534898372
1009007,48.351535261979805
1010008,111.13750265262402
1011009,93.46902344841727
1012010,117.70642294266281
1013011,139.7833227658225
1014012,304.74656933654245
1015013,215.78465611427941
1016014,251.26611695264006
1017015,108.6287076475351
1018016,200.89184221322168
1019017,103.92303132516372
1020018,171.9782759312032
1021019,141.1068815895402
1022020,208.68542433883812
1023021,84.31279080196016
1024022,117.64206616631377
1025023,84.65762129022386
1026024,119.63894989437718
1027025,317.3625831519591
1028026,231.06130540791224
1029027,123.29177024108236
1030028,189.9852260202318
1031029,298.9189319743505
1032030,120.33613902383657
1033031,140.35706774453337
1034032,243.36937236825202
1035033,222.39526848058586
1036034,165.44871863928196
1037035,273.58180894913187
1038036,367.8765560939111
1039037,132.44462997032565
1040038,131.09954561234176
1041039,74.37929018461968
1042040,318.96970099305446
1043041,172.3487528547747
1044042,157.31579641543732
1045043,257.12043885438004
1046044,238.3440722434045
1047045,143.43297881058376
1048046,76.26768561885787
1049047,82.33458078139694
1050048,348.45870173530545
1051049,152.1266797334702
1052050,287.51550266200337
1053051,186.25414108719926
1054052,142.19240616952453
1055053,256.3142419092558
1056054,372.9224054695771
1057055,395.2627333734847
1058056,160.475855206698
1059057,304.38760451383854
1060058,228.24893501437066
1061059,303.59748773670486
1062060,402.19323853120454
1063061,372.69991817976864
1064062,61.398419017258455
1065063,136.5506984689396
1066064,386.85006481669484
1067065,229.55299964555522
1068066,197.24267752358642
1069067,264.752277865505
1070068,268.1960051501069
1071069,348.47594850042896
1072070,253.71238175133226
1073071,90.8398273673694
1074072,332.779750760828
1075073,104.55776005718336
1076074,151.67429418023636
1077075,181.28011919620926
1078076,388.4863179975434
1079077,183.69413125249392
1080078,123.0968147426739
1081079,175.20424896472556
1082080,355.6080479340954
1083081,125.20431074758046
1084082,247.40884112697182
1085083,85.95293464525714
1086084,150.44903847994365
1087085,82.98878047427469
1088086,359.8836244949987
1089087,118.59977701659041
1090088,172.98421106552394
1091089,213.2183569131785
1092090,212.05381258015728
1093091,165.06123698040795
1094092,141.0476206911868
1095093,369.6710810715705
1096094,152.56026336802924
1097095,138.8066225918729
1098096,387.24833141786667
1099097,229.7208441116311
1100098,182.01556510189872
1101099,393.62346482051504
1102100,384.21067902693176
1103101,223.82171383403718
1104102,347.09635627977696
1105103,131.43433079839437
1106104,359.62481674831184
1107105,346.9727957977177
1108106,333.1766134843354
1109107,86.59344237402964
1110108,93.61132728784945
1111109,256.3186839601833
1112110,83.73405797241591
1113111,176.15123470705765
1114112,128.61182129401456
1115113,151.9105787339954
1116114,369.744182290349
1117115,128.85717421220156
1118116,404.3877918101695
1119117,169.6645352003867
1120118,359.5259146529736
1121119,113.52250640490786
1122120,227.5178995524645
1123121,147.05847023783383
1124122,299.00903006764764
1125123,107.0118239540343
1126124,238.01023632684215
1127125,129.82956545189214
1128126,354.5067895063434
1129127,78.93561774246085
1130128,158.35565384557592
1131129,310.37718784038464
1132130,159.47033392345352
1133131,373.69584432572077
1134132,112.74785375869129
1135133,184.10243092654605
1136134,82.0022338726579
1137135,233.74859008058425
1138136,314.22515036658666
1139137,98.86096022949833
1140138,226.0970836526073
1141139,98.81762390426056
1142140,293.92705584118926
1143141,154.37113719868148
1144142,294.3718072158248
1145143,315.0564801580826
1146144,338.0012853602113
1147145,336.4321332623587
1148146,299.420313463672
1149147,331.22144749471477
1150148,285.0095306722975
1151149,326.51369272607894
1152150,323.49452738733083
1153151,312.73023918475695
1154152,79.26125377858189
1155153,175.88511428978777
1156154,124.4888802538574
1157155,131.0280852591653
1158156,115.16802009267373
1159157,329.10366156316746
1160158,119.46060152997431
1161159,108.58613762696092
1162160,312.7447535788835
1163161,220.19246304498103
1164162,40.49187461457553
1165163,208.7196094512224
1166164,303.76027806345337
1167165,295.75537031108456
1168166,137.68191689627406
1169167,288.880705315048
1170168,331.53783878048256
1171169,389.2884377186263
1172170,363.7069752137805
1173171,198.20987798963225
1174172,326.6767850515393
1175173,106.39453642401843
1176174,353.1692809810912
1177175,58.50651980237095
1178176,226.43175541968887
1179177,330.952318896748
1180178,180.0510475648165
1181179,147.86529737830801
1182180,197.86453007744035
1183181,177.78106273834547
1184182,233.86866992732692
1185183,190.08361696621813
1186184,333.2511016924027
1187185,134.10618263168593
1188186,338.6036233544942
1189187,345.62417435820953
1190188,218.17318536623068
1191189,115.53395567371325
1192190,72.22967326144362
1193191,257.8279783237827
1194192,364.36093224788436
1195193,74.85154343437732
1196194,256.35818971456536
1197195,257.2847101033522
1198196,144.04747454802586
1199197,188.774325564744
1200198,75.21039576445838
1201199,150.06149907483754
1202200,225.87233966118873
1203201,168.58583260887391
1204202,202.81410287157337
1205203,152.00210706356006
1206204,163.23271875942973
1207205,212.0631176106586
1208206,123.80542744945022
1209207,368.8046754468922
1210208,250.2379626536639
1211209,103.44111777249076
1212210,201.06727184781667
1213211,288.71051454124614
1214212,24.199057607730005
1215213,207.49630543328973
1216214,294.6386440011584
1217215,208.04851740078098
1218216,126.09634889823434
1219217,129.24936785924538
1220218,146.36188359309688
1221219,85.41628872851173
1222220,92.96602504449186
1223221,47.52762114163596
1224222,163.0809338590808
1225223,241.22168926108438
1226224,90.08114293662666
1227225,124.35307096028504
1228226,152.38945519918872
1229227,180.06827095144973
1230228,60.680975037463895
1231229,408.6867570319327
1232230,63.02121551025917
1233231,219.28980752823182
1234232,223.45515323347473
1235233,107.68829451233442
1236234,393.1051954015062
1237235,227.75079983594418
1238236,94.19021928707087
1239237,106.48702751462524
1240238,110.7783271405761
1241239,118.6926862055175
1242240,234.5148024675377
1243241,203.76471143469524
1244242,337.4149075777977
1245243,253.92809251104433
1246244,172.9869280116515
1247245,194.09139252774833
1248246,153.32967553980416
1249247,353.33767568028225
1250248,362.38468290908366
1251249,60.04387713425995
1252250,134.32122008836248
1253251,193.38039834913613
1254252,96.61671794986431
1255253,149.06980249072916
1256254,66.87488096687821
1257255,138.20959960414987
1258256,67.68279373350643
1259257,405.2681051431792
1260258,36.210512379737345
1261259,235.0723384645049
1262260,366.4274695932184
1263261,294.5753278662416
1264262,112.22668303514698
1265263,347.54587436705407
1266264,276.2762375752221
1267265,377.41182634787816
1268266,201.79051227316037
1269267,377.3290837359954
1270268,101.82382301818997
1271269,328.96167713465303
1272270,138.18067556659088
1273271,29.428260988070033
1274272,375.75091966455096
1275273,133.89038472618557
1276274,109.63566930443655
1277275,97.82904609053355
1278276,344.5513294600721
1279277,96.37264255597768
1280278,331.33776654781207
1281279,319.7530557039727
1282280,279.6017300796326
1283281,289.8010739714024
1284282,61.611976459274295
1285283,39.94679330933803
1286284,373.6820865542381
1287285,363.49501392908184
1288286,373.8807892719174
1289287,350.54382514493614
1290288,325.6114521115566
1291289,345.0863498880053
1292290,337.39621010494585
1293291,209.42967227954557
1294292,252.9046194148271
1295293,352.70801770760636
1296294,122.3045431603711
1297295,373.7161717645277
1298296,348.020326821958
1299297,354.53731991236555
1300298,423.47563495772886
1301299,100.14836336219932
1302300,169.200174230618
1303301,158.06702198412177
1304302,337.58545820490923
1305303,308.3550050278327
1306304,155.35071007502953
1307305,293.04890253824533
1308306,338.40386155198877
1309307,404.71704494797024
1310308,352.2319628201141
1311309,298.43805421635096
1312310,86.96330827793238
1313311,356.0053521808827
1314312,320.8319360248798
1315313,338.45530471829557
1316314,325.61418677388104
1317315,310.1587420527521
1318316,334.635119634964
1319317,360.8559654791893
1320318,320.96002915909156
1321319,91.66286551432707
1322320,306.2613522639669
1323321,356.94046428840693
1324322,222.3178591761721
1325323,91.53744831675226
1326324,119.59178001177526
1327325,273.97670129727544
1328326,255.20393091662146
1329327,166.8687782493601
1330328,376.5616543485794
1331329,340.0340935733697
1332330,163.79280816429252
1333331,52.89505075291026
1334332,358.6093950661857
1335333,204.36862683717897
1336334,356.2364566878732
1337335,185.416952410277
1338336,70.90110665689437
1339337,268.87432698302894
1340338,94.40961356645626
1341339,59.35986589959268
1342340,160.7976601066754
1343341,243.20467391581676
1344342,324.5363129963615
1345343,370.97593371379617
1346344,364.31328492508237
1347345,378.91208631078763
1348346,368.8257966101606
1349347,342.4318190823223
1350348,322.6269337583597
1351349,321.14105024482393
1352350,347.10331473085506
1353351,151.9941058330875
1354352,324.0258395994469
1355353,329.44247315311213
1356354,369.2861144110592
1357355,388.8186705028566
1358356,352.8160688403221
1359357,391.69113571301193
1360358,135.34856709310543
1361359,154.15965318185258
1362360,226.29729897508304
1363361,349.6809498771296
1364362,234.0487568631202
1365363,103.41028081892624
1366364,252.33649297239435
1367365,345.16047817104516
1368366,334.9710375646808
1369367,320.7139538183524
1370368,191.23911578228365
1371369,349.799867944445
1372370,323.70088755010556
1373371,402.80264759469367
1374372,138.45056565334806
1375373,300.0058700084646
1376374,149.5484682490616
1377375,77.79108027270149
1378376,168.37598694275627
1379377,352.9412380608225
1380378,161.61602805411243
1381379,283.38011847210987
1382380,357.5443618255937
1383381,100.75984369729426
1384382,245.42494533292492
1385383,362.2629056863856
1386384,227.5456422049686
1387385,356.8357049629025
1388386,274.1384273351176
1389387,262.1465736012687
1390388,61.953714861812806
1391389,80.70863348710263
1392390,117.0962915078408
1393391,109.88701558275586
1394392,167.83765092528262
1395393,319.3766653216633
1396394,372.0205125296925
1397395,235.0175534225658
1398396,205.68316409535325
1399397,80.05634910294366
1400398,218.00808734433306
1401399,392.4756826544109
1402400,371.8086607791461
1403401,181.05612681703212
1404402,116.07621155254085
1405403,286.63140986235663
1406404,393.4942776364364
1407405,325.21764976184176
1408406,399.67297777672314
1409407,308.2384811724774
1410408,379.7941883579623
1411409,354.51252379492036
1412410,178.75266195305798
1413411,101.87054385367382
1414412,311.37271613134556
1415413,82.98533684889031
1416414,136.09188701088064
1417415,393.15946326661935
1418416,131.32734424689164
1419417,346.299673505332
1420418,360.2135966162169
1421419,226.50166266961364
1422420,279.46216933969845
1423421,340.95825000813346
1424422,179.28731489302686
1425423,72.69124585058934
1426424,367.42656374262145
1427425,159.12052844079074
1428426,168.72535162017772
1429427,244.34632269323131
1430428,342.5878705837276
1431429,60.19894598071408
1432430,220.96010633347413
1433431,105.14782653349994
1434432,44.47462276600735
1435433,303.8309548399568
1436434,302.95794528513227
1437435,349.20499614522737
1438436,137.0773692996809
1439437,245.040278047264
1440438,273.8333398633944
1441439,355.99308933113196
1442440,291.55568679099684
1443441,384.3398720331051
1444442,219.55187195146095
1445443,405.594449647399
1446444,246.9751827031083
1447445,286.8946915699684
1448446,316.09172233820124
1449447,312.4649553750434
1450448,306.268052057947
1451449,213.79152781185172
1452450,138.10076153069116
1453451,207.2316853442325
1454452,356.34894115127554
1455453,317.93956806508436
1456454,421.1000558255264
1457455,251.5127655576202
1458456,242.44147681295755
1459457,324.22737724599773
1460458,284.0574610018032
1461459,331.10448443547745
1462460,331.3991235960758
1463461,297.7322806216996
1464462,371.3148650593331
1465463,185.56297610600745
1466464,280.79067760473197
1467465,260.01950747565064
1468466,356.9074493250169
1469467,154.70044996155895
1470468,393.1492371011596
1471469,90.47236302619662
1472470,353.25153624706496
1473471,114.71479163615047
1474472,196.2874021774207
1475473,346.29659443710847
1476474,151.5225489067553
1477475,317.4879227782841
1478476,371.68410366545504
1479477,354.7595821643724
1480478,348.5600736050043
1481479,191.69472591295735
1482480,277.84427086480423
1483481,145.23841634895211
1484482,396.83437602756226
1485483,329.63523183156104
1486484,118.8435550602746
1487485,347.60780870852767
1488486,388.81552064028494
1489487,313.837391329802
1490488,305.71847930995335
1491489,232.96361844669013
1492490,117.57884768454
1493491,388.5968588515823
1494492,352.8348320344091
1495493,133.93925178129288
1496494,288.3683604487725
1497495,117.63846220378144
1498496,325.5014655965352
1499497,357.0644629926112
1500498,361.5610802339889
1501499,306.85226393746996
1502500,187.4868729386625
1503501,267.7911671281999
1504502,349.3121321407354
1505503,77.23654490311682
1506504,181.7879324339907
1507505,104.66794857053995
1508506,212.90921351512134
1509507,369.20264147999166
1510508,226.36591977499202
1511509,104.97450534594994
1512510,223.88519775527178
1513511,124.66969324175331
1514512,226.49301543436718
1515513,384.55542133059225
1516514,164.48337289574877
1517515,122.17961144994293
1518516,273.38604821909854
1519517,208.15475197846573
1520518,342.96522804988723
1521519,126.83057903550277
1522520,347.08896615239263
1523521,311.03191456339704
1524522,208.69463052775487
1525523,345.2056024678483
1526524,306.6391572871399
1527525,216.9135779299297
1528526,214.71808202864443
1529527,102.57768556858115
1530528,179.04478795573502
1531529,257.0375966684278
1532530,328.8748788985592
1533531,186.61482863501874
1534532,340.0068690936413
1535533,269.67226393191197
1536534,323.13238182784994
1537535,116.29633366057797
1538536,351.9813791433494
1539537,254.08525635434697
1540538,240.80614249058382
1541539,192.07122762649502
1542540,102.77440510237707
1543541,207.33284024453408
1544542,380.7921548548059
1545543,358.83950357262313
1546544,127.09190283950485
1547545,378.12758528313356
1548546,154.82504627107858
1549547,312.0077099517864
1550548,389.9751953403659
1551549,387.3858675106306
1552550,344.4160270974388
1553551,294.0129427523741
1554552,83.78485606827306
1555553,152.6830904382764
1556554,52.60304483844355
1557555,126.83514590038061
1558556,251.9417340429992
1559557,355.4893388133996
1560558,246.03986168445735
1561559,228.27441399593096
1562560,106.620653192222
1563561,366.9647466568167
1564562,111.56985813888026
1565563,421.9682093868478
1566564,205.98391158751863
1567565,239.5363372526363
1568566,283.3179162610098
1569567,91.63562521889153
1570568,278.296293464001
1571569,221.2185130483786
1572570,135.263227095867
1573571,281.00280045155324
1574572,393.5399929273482
1575573,95.63163476578738
1576574,343.4515562956498
1577575,254.46494350272647
1578576,164.630512136361
1579577,236.98726268818095
1580578,150.32221120666054
1581579,303.5811651328847
1582580,356.39981481334036
1583581,349.6417276719007
1584582,290.30989968678506
1585583,359.066946932663
1586584,292.38992099954726
1587585,145.58476921939786
1588586,353.498526387972
1589587,303.9554449171944
1590588,138.09914921057535
1591589,208.19131746324774
1592590,183.6774145295108
1593591,113.11975141361441
1594592,235.1156901195533
1595593,101.6165203289734
1596594,171.82475645571574
1597595,119.25354751261352
1598596,122.11993987243909
1599597,143.38178637223893
1600598,270.6725093321652
1601599,398.7776264297054
1602600,340.6139825369968
1603601,182.2633494438938
1604602,266.26606786701916
1605603,118.71599825073399
1606604,161.3861402467932
1607605,243.33770058965035
1608606,193.6702612541984
1609607,207.937875091487
1610608,274.69676602929457
1611609,220.56817567141752
1612610,337.56260213293405
1613611,91.35894105497707
1614612,149.4106464865735
1615613,201.89712877466616
1616614,407.99755372812984
1617615,367.4604578606312
1618616,268.80363852635486
1619617,99.26555724146876
1620618,296.8326185724387
1621619,205.97943848200273
1622620,319.04138600229226
1623621,194.97675957132552
1624622,315.0897729212942
1625623,145.06875120082182
1626624,377.8511213946948
1627625,263.30167087569373
1628626,68.05693366172993
1629627,107.55656385635622
1630628,137.40197165568088
1631629,332.0161511565591
1632630,243.72362613249655
1633631,361.2492068828003
1634632,178.2182993607289
1635633,348.83010490571314
1636634,235.12015495999998
1637635,345.2932879737058
1638636,123.27924420568176
1639637,259.30790283913973
1640638,337.3288183508564
1641639,174.24453246702393
1642640,248.1166842631567
1643641,343.89458205515365
1644642,305.6416966940037
1645643,147.0893900587474
1646644,100.86238208628782
1647645,202.72593259726625
1648646,101.2393931701903
1649647,329.0150457845749
1650648,280.0861404943874
1651649,350.6698473704708
1652650,332.95654553741025
1653651,269.2538860664801
1654652,165.2347485928
1655653,246.00402864524196
1656654,163.94172919328335
1657655,217.13248212422735
1658656,319.1717880849401
1659657,86.50088448669513
1660658,134.5753665160523
1661659,93.81356005973389
1662660,215.59512422737993
1663661,131.32567375709556
1664662,191.04155679663114
1665663,346.4235257211573
1666664,162.29037240374615
1667665,397.9057660444267
1668666,284.33036346564137
1669667,132.9820185248868
1670668,273.5184226078446
1671669,176.04988964112687
1672670,378.26849471885055
1673671,92.40529731705087
1674672,180.8233949825159
1675673,137.76655797187672
1676674,241.0001966857534
1677675,244.59346053805422
1678676,160.19547435750562
1679677,81.61014871818853
1680678,168.55979408133322
1681679,263.46179512657227
1682680,247.7431819011246
1683681,130.20725777160774
1684682,138.2493853297307
1685683,410.54487387999046
1686684,149.9878097838196
1687685,219.09683551330556
1688686,359.99113306311096
1689687,390.0484372662513
1690688,369.75784621205827
1691689,130.59435156565303
1692690,282.13311629735836
1693691,288.7190980554357
1694692,81.34139032310837
1695693,195.34010332346844
1696694,146.61120339894603
1697695,153.25313407306388
1698696,124.44625949207868
1699697,64.9450909635709
1700698,165.08760840592524
1701699,305.64406842754215
1702700,372.4711063847786
1703701,142.72076930382306
1704702,232.64997374679243
1705703,154.0156343616759
1706704,137.45612129062891
1707705,409.94419975446834
1708706,318.7897004073008
1709707,308.3680297086923
1710708,286.38116051074945
1711709,364.9652148134816
1712710,204.036443795838
1713711,450.7335459686105
1714712,392.75208084072443
1715713,337.31332888764416
1716714,278.92705015908746
1717715,384.0588465542518
1718716,174.79727754006237
1719717,332.6272433766131
1720718,328.10522607756417
1721719,431.2026142714297
1722720,270.7035693792738
1723721,233.7824459992626
1724722,166.65729207412974
1725723,312.75227087250767
1726724,351.89082090931356
1727725,393.1809531673407
1728726,180.58508160570645
1729727,362.1075510519267
1730728,99.17008315374976
1731729,271.1663867966155
1732730,218.1219659756167
1733731,413.3486647095281
1734732,409.4244627023677
1735733,344.010373106894
1736734,202.79591502776654
1737735,382.62038710366824
1738736,244.21557375522625
1739737,251.06264492086393
1740738,173.59869927554416
1741739,91.6430045067036
1742740,351.3548564137328
1743741,428.37227877751263
1744742,340.5727015646237
1745743,434.3260440988382
1746744,173.18192304874478
1747745,419.1258952404332
1748746,201.56506706580598
1749747,184.38366823933276
1750748,293.59588307083567
1751749,350.4026184975261
1752750,65.1675891641434
1753751,266.98803577734606
1754752,378.338426601965
1755753,480.0596187641389
1756754,368.56647270826915
1757755,362.34369609284
1758756,406.9247050640237
1759757,163.03395786121564
1760758,381.82311625628427
1761759,281.3281113937798
1762760,167.06479108215845
1763761,87.48707960999712
1764762,169.66962774933882
1765763,150.04453499154155
1766764,363.42115487549927
1767765,180.05781593094733
1768766,131.66495845733974
1769767,231.13441079819776
1770768,198.60382166696417
1771769,193.6173229084825
1772770,76.20721626686246
1773771,370.61432128931443
1774772,124.44098052027208
1775773,338.91359283044244
1776774,403.3590530740715
1777775,75.8472966521888
1778776,113.44647563078925
1779777,56.5502595947285
1780778,170.81643196186278
1781779,58.95652273311584
1782780,328.8852100551406
1783781,196.58803637509428
1784782,415.4183113580521
1785783,66.04459089801468
1786784,325.3572351272027
1787785,359.75490297725827
1788786,362.4943975976109
1789787,253.18666792069317
1790788,194.7348738912377
1791789,206.49240915482983
1792790,113.97836421965191
1793791,368.2571866480973
1794792,136.70817715841966
1795793,381.89722613582956
1796794,275.70083403628655
1797795,158.04080992953484
1798796,134.48408403542192
1799797,21.918251368493248
1800798,65.55629574800811
1801799,109.88536159067255
1802800,106.59049674872793
1803801,112.789451377734
1804802,301.8670823107501
1805803,285.84475532561066
1806804,419.8482221411788
1807805,255.33675540722592
1808806,371.03703947587127
1809807,287.98418639409545
1810808,117.17919168963888
1811809,360.2345145398739
1812810,386.2083133917452
1813811,147.59605039711812
1814812,358.1253256831032
1815813,153.50870820644002
1816814,112.12282487237395
1817815,322.3040783593602
1818816,397.37804974691767
1819817,228.26648289860748
1820818,180.80823391132128
1821819,350.418808412715
1822820,186.81334267655274
1823821,350.2150282304041
1824822,130.21665373030007
1825823,330.58974701726794
1826824,179.2483321784339
1827825,57.65915478085594
1828826,36.66578849174691
1829827,196.74642651296017
1830828,231.4435524221674
1831829,163.01932371721887
1832830,190.37801629256953
1833831,332.52892176696287
1834832,229.81134812037405
1835833,346.7192777944344
1836834,334.9980134645804
1837835,88.78921247289074
1838836,129.3342436111172
1839837,219.16742024127322
1840838,365.8414306035366
1841839,230.49284864753514
1842840,172.13827925351856
1843841,241.52581780991088
1844842,251.48812598208872
1845843,280.5259005387533
1846844,43.48273066534392
1847845,251.28669693630863
1848846,152.32903102838665
1849847,130.59253392697926
1850848,156.01799337117308
1851849,374.6607888948248
1852850,151.96636401584502
1853851,177.8040921627412
1854852,169.1979237418053
1855853,183.82631848466275
1856854,150.89827942554513
1857855,224.4998346188174
1858856,87.46591609566416
1859857,257.57624729704565
1860858,85.82746948899988
1861859,384.4142550893491
1862860,295.038059724293
1863861,346.078993113708
1864862,431.7271522528328
1865863,97.72639058691756
1866864,446.4868570523757
1867865,160.0081991507207
1868866,58.75822525588186
1869867,344.89203025408733
1870868,297.8434419182237
1871869,195.08980976651077
1872870,158.9254317862177
1873871,365.4810435879106
1874872,147.27207719482982
1875873,97.89642867613618
1876874,154.5420685541816
1877875,237.37550099686823
1878876,225.27537304115663
1879877,73.7484458229594
1880878,172.20482547379348
1881879,70.60735134372035
1882880,352.05104679958697
1883881,222.99728786491008
1884882,399.1883010954439
1885883,284.934876774262
1886884,382.63575181854435
1887885,139.29776994274658
1888886,171.7789589143654
1889887,238.35152926168348
1890888,175.34592107228852
1891889,242.79621529820253
1892890,206.36540761928808
1893891,257.17203802669
1894892,36.25690898650953
1895893,164.01914574440917
1896894,98.44599809627597
1897895,379.19831128018905
1898896,190.03128267792385
1899897,322.96092347227176
1900898,380.7011103597202
1901899,349.1936546395309
1902900,122.09639303156378
1903901,86.28091774999706
1904902,322.8476404503971
1905903,51.91283093226688
1906904,309.4428570956691
1907905,166.934066289648
1908906,303.16198471553207
1909907,253.08401902756376
1910908,149.71504068261308
1911909,376.7517874917645
1912910,337.19589609950026
1913911,286.59982146164674
1914912,105.32817916661945
1915913,404.5845057523667
1916914,428.1160655423814
1917915,396.5494720299922
1918916,186.45441885346688
1919917,332.0536874629965
1920918,111.65562504447615
1921919,153.8810513085422
1922920,117.28820718765257
1923921,106.65939539116037
1924922,313.62712457881173
1925923,359.8464606050385
1926924,104.21012665232573
1927925,142.17960173361226
1928926,140.4657476913822
1929927,94.50287086857752
1930928,261.19540279698265
1931929,196.7676572299208
1932930,213.94749238000097
1933931,171.88015598939768
1934932,365.66778238217614
1935933,244.1453183710526
1936934,217.5692288809174
1937935,344.44204206559
1938936,161.07153056291193
1939937,353.0123838516777
1940938,263.42107886682714
1941939,85.53927649975634
1942940,151.61490761182375
1943941,312.3884148596657
1944942,158.26817847832095
1945943,301.2605649287373
1946944,300.08319796677614
1947945,327.77954527795237
1948946,128.37419833281905
1949947,413.7303677124078
1950948,438.67614472364073
1951949,416.0578750663998
1952950,283.31320693809846
1953951,429.39012477978105
1954952,383.9351073866315
1955953,278.37231056201955
1956954,345.1098047918296
1957955,400.47851487549246
1958956,242.6020111374213
1959957,190.9716917729909
1960958,421.4402595184757
1961959,347.9686947658132
1962960,352.36785638364626
1963961,297.90741097392856
1964962,172.49218907391048
1965963,210.76829236873417
1966964,300.1934793553188
1967965,323.8399263408506
1968966,410.69481803585535
1969967,272.23446949086866
1970968,109.83816105240211
1971969,296.9302636738683
1972970,394.3004353368085
1973971,149.28108856173992
1974972,290.92592552993244
1975973,30.7289195639885
1976974,206.89235534118058
1977975,395.63427699969424
1978976,208.36399556400912
1979977,388.5357354136085
1980978,393.9189523372112
1981979,114.86526621238548
1982980,243.9272827674882
1983981,180.1384650862327
1984982,383.2565663832255
1985983,365.33942940376664
1986984,172.67415816022134
1987985,277.73733121804395
1988986,153.61116445288314
1989987,337.3670970388794
1990988,390.6850127779158
1991989,390.5424673723487
1992990,427.28579211489136
1993991,352.83629342522414
1994992,415.6794008828711
1995993,225.6650298738903
1996994,419.98603859712176
1997995,99.9772734058283
1998996,247.76021301019858
1999997,99.75697506476808
2000998,232.49619417121176
2001999,342.7070751988229
2003000,223.97938097299658
2004001,362.37039544807794
2005002,110.76900753950558
2006003,345.23752033681393
2007004,225.46085680562328
2008005,195.02126570733307
2009006,83.66012573253022
2010007,360.24527120894254
2011008,275.00419488037954
2012009,275.5812473569209
2013010,343.30072266094817
2014011,88.01843217522631
2015012,288.9436338067809
2016013,280.08067878182425
2017014,219.66421498024044
2018015,316.99933412761345
2019016,374.54713055649137
2020017,100.71597470574362
2021018,379.33155903579075
2022019,415.64066257711323
2023020,273.6440976349271
2024021,421.59980976951954
2025022,202.26987161898745
2026023,364.56280550442415
2027024,420.0654564068966
2028025,62.050942051465675
2029026,201.2479896501487
2030027,443.41998649911517
2031028,416.1663604957556
2032029,208.7688255073283
2033030,373.4232153927918
2034031,51.4566397477044
2035032,383.9694305352381
2036033,99.52583970725726
2037034,167.67983243223665
2038035,434.36724204760714
2039036,409.77341486948785
2040037,414.8341992693601
2041038,438.3816863113598
2042039,182.77768039450717
2043040,172.24310987773515
2044041,167.12885546609962
2045042,446.3538816405355
2046043,189.11445037712937
2047044,168.88904061572418
2048045,280.7868930648413
2049046,425.3948788999303
2050047,30.82613753133069
2051048,226.66979972749357
2052049,366.4057602603461
2053050,163.47777414027783
2054051,416.14662289020947
2055052,375.8353247143619
2056053,78.64254225067837
2057054,208.74981708323247
2058055,269.2480190966455
2059056,454.0907349597199
2060057,75.28664158520567
2061058,172.79030452027763
2062059,178.3661769343825
2063060,248.21187719276645
2064061,261.4343489722673
2065062,117.08502303249858
2066063,234.14811401210756
2067064,438.6669254686897
2068065,182.52766087188783
2069066,333.7813268901668
2070067,384.6702975814482
2071068,249.27982143847217
2072069,247.80630466825022
2073070,293.5440040884144
2074071,385.5357279358413
2075072,257.97843768655866
2076073,298.6152088802668
2077074,418.6029520913883
2078075,246.19278012409342
2079076,180.65057077283626
2080077,362.2467048698341
2081078,413.16679037949723
2082079,260.24687006769443
2083080,335.76459524340413
2084081,398.6929920837021
2085082,276.78194278345546
2086083,342.30355171055703
2087084,182.0433609841501
2088085,132.77809469572367
2089086,174.04885703286072
2090087,83.16643721107795
2091088,386.25164673221013
2092089,78.61544048927584
2093090,247.2654242893814
2094091,385.21699802211504
2095092,376.71339786776116
2096093,139.26421882105888
2097094,78.35730314733006
2098095,376.85924482823617
2099096,237.42246947004884
2100097,179.6819570286263
2101098,102.11291929009076
2102099,87.55794118097941
2103100,204.11062137018885
2104101,199.41820071833183
2105102,451.458715415918
2106103,396.90404448593864
2107104,142.13020443958777
2108105,365.0024006288358
2109106,198.97620404933298
2110107,245.34951752601867
2111108,356.32567847218684
2112109,289.41386371310864
2113110,302.78467372425456
2114111,342.49135656300643
2115112,87.02338981961127
2116113,301.5853297469089
2117114,361.6687956710182
2118115,315.8999931096052
2119116,414.8953173739196
2120117,445.4376614661206
2121118,359.2630239559081
2122119,448.28561308769355
2123120,261.77453840451227
2124121,361.7784634906413
2125122,372.6630812577624
2126123,134.92391669871057
2127124,95.33983750176333
2128125,238.6018058897278
2129126,378.906996717534
2130127,109.37337706663747
2131128,398.28595214168905
2132129,85.1371057164177
2133130,234.80595620279772
2134131,166.66748539126303
2135132,369.2117909723174
2136133,404.1347867239617
2137134,184.10726341258095
2138135,240.994332540287
2139136,441.62657715364276
2140137,296.13376550513544
2141138,120.04476220767168
2142139,85.25404463324551
2143140,180.22975463793716
2144141,384.1578059073094
2145142,285.9287566585119
2146143,234.71383443874578
2147144,394.6025571797579
2148145,115.46395565816621
2149146,247.07025125882114
2150147,215.87720827677592
2151148,36.4904689682861
2152149,200.44163531526246
2153150,370.04099381650104
2154151,158.2542390552698
2155152,153.1853805752006
2156153,361.5302633189622
2157154,138.32809789927828
2158155,259.6566349675929
2159156,40.654292274682504
2160157,105.42116569939922
2161158,310.7842326095989
2162159,206.9668466377026
2163160,134.89502364877765
2164161,111.82619633081993
2165162,192.50004034202556
2166163,353.1754466816542
2167164,267.02301409635527
2168165,410.67837962346397
2169166,84.05859298532383
2170167,80.7231054767946
2171168,149.8801226613803
2172169,351.3451084836566
2173170,395.4468327375249
2174171,352.428794205701
2175172,407.38832426566745
2176173,193.9167766229826
2177174,276.23644799739253
2178175,429.144252567171
2179176,240.84240290899598
2180177,412.5519505725351
2181178,121.12585202364147
2182179,486.64878747367027
2183180,408.68626594964917
2184181,371.47151495276995
2185182,377.6656394568804
2186183,284.31575400137865
2187184,444.40073121304414
2188185,252.79879680198084
2189186,124.62826984241026
2190187,124.72879892505861
2191188,423.86066947084277
2192189,218.71662498246172
2193190,191.72413033811011
2194191,264.8995135905013
2195192,370.2433850979869
2196193,77.48135302892042
2197194,109.31347189705976
2198195,204.82799624803056
2199196,325.8389999866752
2200197,390.08737433982037
2201198,152.84765120331335
2202199,413.8502818677314
2203200,294.4930513273655
2204201,264.3347924477046
2205202,135.66538803836653
2206203,288.00336626225976
2207204,349.524480230749
2208205,378.963862435412
2209206,152.211029939116
2210207,142.32821972142233
2211208,221.80407308750335
2212209,286.3161848023652
2213210,318.6343759648322
2214211,174.1114130355799
2215212,399.1816437461693
2216213,277.53618935077986
2217214,287.63548763242864
2218215,149.43879988145426
2219216,417.6857163119376
2220217,322.8413504215249
2221218,51.51156421111286
2222219,224.23964386406308
2223220,262.45108880072166
2224221,195.46771896595743
2225222,164.05926381226158
2226223,280.22100414846045
2227224,232.1315711315429
2228225,182.965695707503
2229226,233.98737662922284
2230227,459.3016393281921
2231228,217.66628728323533
2232229,319.84552750599704
2233230,406.5013783765706
2234231,434.68634270689296
2235232,411.4711066964298
2236233,156.82582165658147
2237234,186.4550113682951
2238235,441.8325572406887
2239236,348.4508337518502
2240237,400.62623309953085
2241238,127.07959306865273
2242239,425.68730769574296
2243240,363.078395271161
2244241,453.5418608048149
2245242,151.61184552788436
2246243,86.98655540726712
2247244,313.3941541168827
2248245,414.31820999091514
2249246,396.2094464156398
2250247,111.59835068589614
2251248,357.9237306087616
2252249,207.78809755968612
2253250,414.0292469393922
2254251,77.18960398634184
2255252,456.85370989156746
2256253,337.1563385200091
2257254,218.85463744720207
2258255,424.23828365060854
2259256,429.0448871214441
2260257,249.0290299989348
2261258,93.26153040575507
2262259,434.5192044339074
2263260,270.241010029493
2264261,81.99164772029279
2265262,483.77686061661876
2266263,116.67276637921974
2267264,446.0481917363435
2268265,420.9684412753751
2269266,81.52898613732887
2270267,408.50270596067566
2271268,43.604317607542484
2272269,44.272956099496
2273270,200.14790074094935
2274271,361.3822674857718
2275272,394.4943906610504
2276273,139.52048220903626
2277274,429.4010048009432
2278275,156.8561908833994
2279276,283.5234125226039
2280277,429.27724396397844
2281278,193.98649606701278
2282279,334.3138258524186
2283280,459.51565321376046
2284281,262.64654528797774
2285282,429.0060944884554
2286283,413.18520715812144
2287284,480.4261249796348
2288285,117.00787538892075
2289286,445.02573606950216
2290287,333.70180628493046
2291288,93.19040558346181
2292289,365.61742043722
2293290,262.1872257464913
2294291,384.52756282032874
2295292,369.3990558515304
2296293,413.1989364339529
2297294,299.2746260106227
2298295,390.3800294852222
2299296,352.23733848551177
2300297,496.8102307033097
2301298,234.53974575524683
2302299,322.1758530623368
2303300,389.91704477429283
2304301,310.03359900255407
2305302,102.52980273612269
2306303,390.2241509096225
2307304,242.5329517473516
2308305,418.06569509256815
2309306,406.6198769337055
2310307,104.76309229555656
2311308,331.369783201995
2312309,235.0275394355601
2313310,392.34625418755326
2314311,462.8959900893224
2315312,231.66944525431128
2316313,96.80056618761043
2317314,400.558290551156
2318315,423.4014028256577
2319316,454.5643009855312
2320317,470.4120597687979
2321318,46.298144437129466
2322319,6.383738083421819
2323320,213.86562676190908
2324321,306.53080796605866
2325322,275.35068023295463
2326323,246.30446030684507
2327324,196.15234256486613
2328325,355.7486078392685
2329326,351.6251688358642
2330327,388.43386746337205
2331328,442.24652549067633
2332329,238.6891841504197
2333330,448.7628482373221
2334331,62.848672775474604
2335332,404.2614635219444
2336333,166.071193314117
2337334,152.5181239906189
2338335,109.21137005819266
2339336,273.07249977097996
2340337,229.49223801635912
2341338,372.09645819564406
2342339,371.81151240594477
2343340,433.3271432696625
2344341,44.43184029198057
2345342,423.98470699488854
2346343,188.55744087429346
2347344,477.77625718887407
2348345,356.9778079048651
2349346,330.0153026680259
2350347,171.87615035297193
2351348,297.6242700144971
2352349,59.50022010377793
2353350,88.39590735955449
2354351,413.3812130400005
2355352,208.42569422922594
2356353,153.08541893445536
2357354,362.36881090527413
2358355,189.89510821893313
2359356,191.10264522852555
2360357,217.35727558438995
2361358,439.49289817876326
2362359,380.6233375600062
2363360,185.0397475789463
2364361,433.68353723804086
2365362,453.3248299843061
2366363,353.5457409936586
2367364,420.43566498893375
2368365,488.6262698184735
2369366,469.93549252483723
2370367,239.46598606718513
2371368,172.65128674465427
2372369,412.8527981541466
2373370,74.37203477036539
2374371,356.748034141349
2375372,382.7873056197997
2376373,402.06975971284487
2377374,424.8605530464687
2378375,461.2498846289521
2379376,469.6568859934658
2380377,350.54352283806173
2381378,475.8445150692292
2382379,181.2839553537282
2383380,197.99393812400706
2384381,360.96359779955776
2385382,215.42924986651082
2386383,472.2957936428244
2387384,236.15049550609504
2388385,78.44590498248014
2389386,384.9990437732152
2390387,471.73817787348395
2391388,345.7411156401847
2392389,34.56154757832512
2393390,237.7506282481108
2394391,128.96527820522084
2395392,411.8062230602163
2396393,501.38785369628346
2397394,211.79745624777217
2398395,183.69416762607918
2399396,315.18507108061783
2400397,433.6565410498922
2401398,339.74339688247284
2402399,420.89417854048895
2403400,426.4574435957021
2404401,378.90887928752676
2405402,462.88942739427733
2406403,212.2520192754669
2407404,143.7481201006624
2408405,161.80109018749852
2409406,490.3184839778815
2410407,432.1936089649843
2411408,434.91483401279163
2412409,158.32422781644726
2413410,324.48102559864094
2414411,373.55801800187794
2415412,311.6715502113612
2416413,445.64753023514737
2417414,31.072818510493303
2418415,209.85136659086658
2419416,442.50857500395506
2420417,138.7913506303396
2421418,488.56477240691027
2422419,393.38761847896
2423420,397.9184762313607
2424421,78.51160004813933
2425422,74.95665279800502
2426423,94.40249672917527
2427424,382.36629888017916
2428425,380.6762013776759
2429426,447.5942796968386
2430427,298.6398388812761
2431428,136.58129575462075
2432429,471.40064549058343
2433430,296.30893395841105
2434431,367.3342610646659
2435432,489.4827525570751
2436433,172.81844089579423
2437434,447.9588153020629
2438435,260.8864040128331
2439436,362.5582709224898
2440437,410.0448069861683
2441438,337.60593730849246
2442439,460.00150532170204
2443440,310.3925096564631
2444441,412.68490062806296
2445442,451.91353411842476
2446443,329.1418661545638
2447444,402.4536019214404
2448445,407.14957944507364
2449446,98.2466097431878
2450447,199.61262498687861
2451448,197.4504456457466
2452449,168.23470573691503
2453450,409.5004399107225
2454451,415.53887747006155
2455452,391.5102090037947
2456453,148.82226364138026
2457454,181.64745234726743
2458455,476.56680537872313
2459456,417.2477462589328
2460457,47.92955643220043
2461458,84.0318980811644
2462459,123.8254190048887
2463460,437.7513252200284
2464461,253.98420566865582
2465462,386.33306006671285
2466463,294.53647894429326
2467464,292.73958886716184
2468465,281.3794032758332
2469466,150.2518903942076
2470467,82.25625214883298
2471468,467.5992105875838
2472469,383.05873313254995
2473470,32.10192514137518
2474471,452.83586745841194
2475472,419.9616397554324
2476473,401.6682243577214
2477474,140.57892457318962
2478475,254.18891199403663
2479476,62.737597683536286
2480477,198.08054014430658
2481478,112.9424694546992
2482479,300.7117259993177
2483480,137.9139977904655
2484481,291.2077629174631
2485482,355.1917327931024
2486483,320.32619218441465
2487484,416.6599885888843
2488485,44.18899466242736
2489486,381.79839566764144
2490487,463.0075987568497
2491488,459.6359062863595
2492489,360.166644797745
2493490,222.56663032302242
2494491,185.71802459909034
2495492,363.5991607814623
2496493,376.59526475117303
2497494,359.958005278781
2498495,393.9404972029238
2499496,434.62209840171124
2500497,293.79381298007894
2501498,75.02085191323424
2502499,46.04104827315955
2503500,40.61180162219122
2504501,485.9422909081917
2505502,138.40267003219486
2506503,156.73164860257734
2507504,418.5833593737636
2508505,350.90184498869286
2509506,195.82516873053248
2510507,215.29129472108346
2511508,134.04097709216003
2512509,381.8017530487272
2513510,110.89469012864389
2514511,370.01366851055076
2515512,163.81047431598085
2516513,421.9504925414176
2517514,432.696610758993
2518515,437.6950366355591
2519516,422.79796643177536
2520517,51.453362823805705
2521518,54.49923620666419
2522519,147.70186582945237
2523520,245.72847681231306
2524521,123.38231088506284
2525522,243.37530053696426
2526523,425.07760337016595
2527524,458.0730622229723
2528525,137.19934804167445
2529526,127.09551072166883
2530527,51.22878888269643
2531528,224.6641130599349
2532529,106.45860138432653
2533530,274.74949519377014
2534531,403.45443025054124
2535532,405.0109513008884
2536533,200.52866085912774
2537534,473.323926740532
2538535,125.0605675600058
2539536,380.1158755447707
2540537,363.3265855147953
2541538,194.7928434126111
2542539,269.12755746796836
2543540,103.14175253780192
2544541,208.2759810431311
2545542,278.22290615915387
2546543,154.6056702485273
2547544,417.95624497989525
2548545,318.3556415205199
2549546,186.04345743304114
2550547,62.557440919407746
2551548,132.88105185891934
2552549,317.3110656253728
2553550,279.51474172853136
2554551,398.757978293881
2555552,207.35054296221867
2556553,229.81408255902534
2557554,449.7951261875131
2558555,177.7455660483053
2559556,175.14977176984073
2560557,241.26115086071184
2561558,418.7637525047409
2562559,376.1887046463618
2563560,88.01719113135205
2564561,482.35522466477704
2565562,346.5939051661634
2566563,281.189569988618
2567564,398.29278316636294
2568565,49.143943593924874
2569566,388.96752375887587
2570567,244.22759556219543
2571568,401.13960611390706
2572569,213.78921447811646
2573570,428.2473693338806
2574571,137.6516722032816
2575572,76.96776249770255
2576573,404.88996198355034
2577574,222.38457141946253
2578575,440.3151266393116
2579576,167.62380464201806
2580577,422.36177209465154
2581578,223.04490398994136
2582579,272.9160772976077
2583580,183.70912338167972
2584581,260.33422669676696
2585582,50.49040719455787
2586583,198.19376779807743
2587584,284.9984378513572
2588585,192.16686158321923
2589586,270.18070357584344
2590587,229.2431436820425
2591588,305.7846131729107
2592589,414.17718246557865
2593590,95.32054492524216
2594591,415.84830028303344
2595592,422.87978087450176
2596593,117.860359354781
2597594,114.30325796902049
2598595,24.990660716163877
2599596,341.9399477359919
2600597,113.5649481382079
2601598,92.17839831153545
2602599,218.2807163639078
2603600,389.8760444650166
2604601,156.0262607068369
2605602,96.50381439526407
2606603,49.80138588045099
2607604,159.24597834316637
2608605,362.85309558009243
2609606,385.9345126276539
2610607,136.53708284816565
2611608,139.8049258916391
2612609,373.8084222466708
2613610,101.16289534572309
2614611,406.0754414276161
2615612,67.19419043984858
2616613,75.16386127319647
2617614,122.12160068878414
2618615,55.172942418225915
2619616,425.1736795402335
2620617,111.54718552609108
2621618,451.2374519986105
2622619,179.76246278108974
2623620,192.7463514769605
2624621,167.81522747097594
2625622,77.77434470087975
2626623,153.11889685024252
2627624,215.7011535560056
2628625,335.6083752662931
2629626,462.4722391467481
2630627,375.3993683209088
2631628,240.50722571121747
2632629,73.97437314598707
2633630,79.94331109731895
2634631,295.9040174318964
2635632,243.76253835273403
2636633,203.4799748325119
2637634,99.7226203978743
2638635,189.683313049851
2639636,141.76809024059565
2640637,289.1435186679547
2641638,229.69931421601666
2642639,76.47902085738345
2643640,252.27785161319088
2644641,147.53408756407265
2645642,448.9704241864424
2646643,211.58165420177733
2647644,178.9508350190974
2648645,424.50707613869736
2649646,294.5461394574655
2650647,169.2963586538847
2651648,203.69676583036807
2652649,370.8525349840095
2653650,408.5980278992058
2654651,395.35945002217267
2655652,43.9159258264162
2656653,422.4974119570077
2657654,270.73478087977384
2658655,127.04064163828043
2659656,83.84965032691986
2660657,131.47387617742893
2661658,140.56717521473615
2662659,107.81725433963007
2663660,142.66814088301336
2664661,143.0462265236048
2665662,167.93599217862968
2666663,441.7152395770559
2667664,105.58720694539521
2668665,340.8120891991115
2669666,452.03072380069233
2670667,255.44284213712604
2671668,231.8911101161414
2672669,178.27197034265978
2673670,175.238878031318
2674671,145.05745405761795
2675672,39.6102829551054
2676673,88.9586760610017
2677674,294.33030502569386
2678675,37.85964757984989
2679676,107.89932537383099
2680677,314.06191470743283
2681678,72.21151376287277
2682679,155.47258714906053
2683680,33.77743753681051
2684681,178.91233970323702
2685682,169.36533006376413
2686683,125.09551168767116
2687684,104.90205211988635
2688685,247.45413799990544
2689686,227.95070879676535
2690687,290.98847862044835
2691688,116.5104424235466
2692689,402.39734321355934
2693690,421.57154694348264
2694691,290.49856383786
2695692,258.8651136964916
2696693,390.6331454195132
2697694,428.80952265513196
2698695,366.6024783291504
2699696,424.2746379932744
2700697,417.2766539594216
2701698,266.19456875027623
2702699,124.29119253780425
2703700,263.5018921654918
2704701,86.75540732561268
2705702,124.12991074215357
2706703,383.2535857386131
2707704,145.4381519217722
2708705,32.60385305871897
2709706,110.04466280558046
2710707,100.44098448524632
2711708,161.96808725432763
2712709,200.6014233492154
2713710,28.136017090682365
2714711,31.477917079676086
2715712,345.0812250141602
2716713,86.22493611904761
2717714,132.30597863741386
2718715,368.3949901843042
2719716,135.1322493415649
2720717,143.59158788930424
2721718,254.8153462613061
2722719,347.137855727494
2723720,197.55119705715515
2724721,83.6572867051332
2725722,222.39132810030017
2726723,113.82651649738267
2727724,64.25536973061357
2728725,61.842437511948916
2729726,123.7517141988795
2730727,390.84653025488745
2731728,123.37125181758968
2732729,99.05447127907762
2733730,412.8103258167565
2734731,300.0921151048447
2735732,44.970751814908894
2736733,33.523339545495624
2737734,114.3773706786107
2738735,347.0693059082216
2739736,218.819461601426
2740737,60.22781387421031
2741738,94.82869070552202
2742739,132.72254649894037
2743740,225.35569507599874
2744741,204.1895143657016
2745742,30.296956085184725
2746743,291.77533284295043
2747744,331.112580632712
2748745,302.511784773923
2749746,84.89533885905732
2750747,142.08522929853677
2751748,284.9284991974823
2752749,394.1213081676763
2753750,81.75522140775587
2754751,93.24161294210597
2755752,204.33342985506965
2756753,139.92526136234721
2757754,158.50276087959344
2758755,123.27385864379255
2759756,65.26160206523123
2760757,233.35627740429584
2761758,337.74120887093414
2762759,203.46300259669192
2763760,68.70729931525781
2764761,223.1332252394455
2765762,217.39023397009933
2766763,92.07174493972309
2767764,137.34979518739354
2768765,408.8971092734264
2769766,188.95687881123692
2770767,198.98256501569324
2771768,119.92702339368415
2772769,124.42111172321414
2773770,266.6843992139449
2774771,247.5161973161481
2775772,211.4903941968201
2776773,265.7324561045204
2777774,145.1185074923877
2778775,295.95907915627777
2779776,418.33088720624403
2780777,271.3118244351214
2781778,193.85274816546325
2782779,223.44835312585298
2783780,134.53450023133843
2784781,199.30878438096408
2785782,187.83196251534994
2786783,296.6132277926826
2787784,286.50168600406
2788785,455.2522663555069
2789786,76.53905090438926
2790787,174.74134084550178
2791788,39.99622509379328
2792789,337.9526835241076
2793790,357.3907629933523
2794791,239.91928166732114
2795792,102.60141246373931
2796793,265.56141766018715
2797794,237.66175124276702
2798795,97.01887362062956
2799796,327.5046795255618
2800797,221.54597999578877
2801798,99.82240341654072
2802799,403.7677691612373
2803800,320.31847831158507
2804801,150.27795879843495
2805802,388.6565907909287
2806803,53.56398081312493
2807804,213.44418936884756
2808805,371.68443643606736
2809806,321.63352183435916
2810807,196.11744272599856
2811808,211.43204215965488
2812809,138.8526884556598
2813810,195.23143105944735
2814811,276.8398174343084
2815812,360.2614389394773
2816813,283.1067427707819
2817814,258.50738520317975
2818815,166.49308162818
2819816,208.13997583301932
2820817,125.00788750713306
2821818,216.50817833902605
2822819,395.2334566818809
2823820,129.99616454517317
2824821,231.48471709309172
2825822,250.75295052067375
2826823,103.51029165329503
2827824,149.6655230041644
2828825,201.6491013268777
2829826,231.10249473354344
2830827,351.543341669275
2831828,190.0090990283872
2832829,58.72394130850335
2833830,211.3565179795678
2834831,371.798539876014
2835832,378.2223208567994
2836833,224.47578472639506
2837834,108.62822668224561
2838835,90.29699745600544
2839836,163.16655781799471
2840837,224.55041086642402
2841838,129.44797679097996
2842839,141.16565116784327
2843840,32.50291986355843
2844841,64.6820987041856
2845842,202.2899308008698
2846843,329.02357538113665
2847844,152.4298729324833
2848845,176.60103477655178
2849846,280.5918695072155
2850847,302.24566523655415
2851848,122.80040619091731
2852849,159.18446312993868
2853850,312.4616038388902
2854851,398.3153044550077
2855852,439.0522562849488
2856853,402.6275280086315
2857854,417.1742016913374
2858855,99.04036640453596
2859856,432.4258534079046
2860857,403.4437970597826
2861858,90.94150443362938
2862859,157.1858756550112
2863860,151.88992768470806
2864861,360.07940677881555
2865862,33.56516503316025
2866863,75.7998090948582
2867864,201.8440898078441
2868865,87.0504643780291
2869866,217.04147150087704
2870867,128.35175676856952
2871868,106.47919495601968
2872869,68.56524461678376
2873870,197.34517146135343
2874871,60.284359111122235
2875872,392.08428906222053
2876873,24.736843067460516
2877874,470.1226574485198
2878875,315.1150306150101
2879876,215.58652542455204
2880877,378.7236116631909
2881878,201.52250446233103
2882879,140.70529218747416
2883880,156.91878367550558
2884881,109.56580657804959
2885882,149.75417222863257
2886883,133.90018113899524
2887884,283.62642381326066
2888885,205.27150916258236
2889886,129.241188574214
2890887,302.54242953325974
2891888,175.1145898015808
2892889,172.98552733404233
2893890,301.38796227194524
2894891,43.18011252553627
2895892,276.7269809687927
2896893,214.78191261184952
2897894,53.66909338335989
2898895,137.7230821156626
2899896,57.434453386658085
2900897,168.70213848112957
2901898,284.72931881459215
2902899,122.71619824413938
2903900,127.264243948834
2904901,362.14985750196126
2905902,345.85596232178546
2906903,352.5924157331675
2907904,417.8821074874752
2908905,436.92054589760545
2909906,221.93036897011623
2910907,156.7841868051364
2911908,317.72150078757994
2912909,135.43969516163187
2913910,183.09571604781559
2914911,203.26442002087288
2915912,112.82065687175583
2916913,333.3960781541652
2917914,231.87696048668013
2918915,83.6117873045011
2919916,93.72143189337501
2920917,376.8283528058104
2921918,218.0316359768144
2922919,269.27754156121773
2923920,174.33961209993313
2924921,123.46939516308778
2925922,441.78835764646385
2926923,276.12239175726603
2927924,105.57030439519717
2928925,174.9875668833039
2929926,103.60928501323116
2930927,212.4580002867706
2931928,90.42445619381682
2932929,163.86555989979112
2933930,121.71695731763045
2934931,362.5652372424892
2935932,279.07741754290333
2936933,333.2800943475303
2937934,137.76383305453535
2938935,196.1493386176111
2939936,365.22240082321787
2940937,364.9207144934126
2941938,57.52859658395193
2942939,393.8660834000368
2943940,170.47702087210763
2944941,96.80851130868352
2945942,98.48154897691373
2946943,163.96351177282835
2947944,86.9502806666461
2948945,179.24840524851294
2949946,114.29800178482151
2950947,280.93389159581494
2951948,452.28082883598984
2952949,160.45366357901634
2953950,280.923350469819
2954951,323.2444442026338
2955952,51.85105385477035
2956953,450.2880920687212
2957954,48.30201916653684
2958955,118.0693008910184
2959956,160.90742331493604
2960957,219.80551981271276
2961958,312.7697678702757
2962959,31.204224693705907
2963960,218.00340502120446
2964961,234.21231018519197
2965962,180.22439094476917
2966963,167.11441014968247
2967964,404.59914712396665
2968965,402.93810102360067
2969966,130.17153572651983
2970967,280.5613045810117
2971968,224.28343864385377
2972969,197.9528993547562
2973970,144.23252877530103
2974971,409.2143749687867
2975972,271.8470333614616
2976973,233.32357579564257
2977974,111.12059236572503
2978975,316.75467732161366
2979976,74.47044922098674
2980977,243.2487146857151
2981978,199.21502133418596
2982979,45.50942773729665
2983980,124.35700515703185
2984981,111.12571959248298
2985982,120.11084643362705
2986983,428.27594106167794
2987984,212.75728498210367
2988985,141.42275066640656
2989986,287.5005411945145
2990987,231.20094470683367
2991988,265.3700991372549
2992989,103.55498459505267
2993990,154.20780580082274
2994991,300.1798840352437
2995992,205.57407734135313
2996993,249.83302151631273
2997994,153.79604745005264
2998995,216.5577827201853
2999996,120.66150519332226
3000997,160.60979784212626
3001998,395.4718571073712
3002999,175.93348967785244
3004000,308.6971750091771
3005001,200.28645358498702
3006002,190.07351457539013
3007003,72.3350011314468
3008004,76.90577628905646
3009005,287.02943349474424
3010006,189.23294119585827
3011007,107.77785051343066
3012008,149.32750331659653
3013009,105.33348002334796
3014010,95.92096277369436
3015011,51.65745621213556
3016012,103.36700380609133
3017013,77.47389686849328
3018014,236.01423225839562
3019015,193.84065879284958
3020016,276.6806388459841
3021017,204.00695411884334
3022018,235.94579187652408
3023019,368.09125877844883
3024020,122.0395847343489
3025021,321.7003079875631
3026022,133.5772174353163
3027023,293.72011525819903
3028024,82.17999193005123
3029025,210.02015152611642
3030026,49.06077647895882
3031027,210.28976522611674
3032028,266.75523348087694
3033029,160.52052327838453
3034030,115.21374288433763
3035031,379.09726578637725
3036032,122.63912217874615
3037033,169.25915178991457
3038034,108.3753142362864
3039035,252.1654716290154
3040036,177.90885378393924
3041037,319.90375369066896
3042038,319.9322936918399
3043039,432.0780509867822
3044040,238.58997070581188
3045041,308.88312305063755
3046042,429.34302025882357
3047043,199.7027130015705
3048044,60.23376207855731
3049045,176.09800475893863
3050046,373.28799500416176
3051047,38.404398433915375
3052048,294.83023009758494
3053049,369.3778852714719
3054050,113.32786372390251
3055051,227.34603207317815
3056052,392.11860917121936
3057053,75.4446715815295
3058054,131.368795464039
3059055,160.28299518260357
3060056,189.7447270673078
3061057,130.53442042698995
3062058,201.59704152981465
3063059,135.72316350293863
3064060,141.813620172715
3065061,350.69430590626524
3066062,297.73179125452185
3067063,141.01895397267933
3068064,131.4673193016975
3069065,365.5179484728004
3070066,67.98578763801869
3071067,153.69454710574186
3072068,97.53348157218826
3073069,135.40549896259648
3074070,307.57093436754684
3075071,390.75523828710055
3076072,242.84288742014706
3077073,39.27575103957977
3078074,149.75925598254867
3079075,218.53341194769172
3080076,295.75407129582123
3081077,331.6874617939901
3082078,251.92568610766116
3083079,140.02126571869567
3084080,110.27361390316399
3085081,39.21747185104273
3086082,317.1268333783773
3087083,178.33579919046414
3088084,165.88233749255895
3089085,325.82658269359655
3090086,244.2564405798591
3091087,226.36009970314808
3092088,407.1091055010635
3093089,46.51396226198428
3094090,84.68425906856112
3095091,381.22335797147014
3096092,78.2717907020194
3097093,77.43046363522016
3098094,383.13176231674527
3099095,245.49639296191972
3100096,287.2472674369706
3101097,164.34532614697966
3102098,95.45715814471268
3103099,137.67817264091332
3104100,302.94463585907636
3105101,424.72199127373506
3106102,213.42026886041947
3107103,349.53274667555473
3108104,293.9759608498561
3109105,231.1325942337755
3110106,37.10580724897454
3111107,66.26542811038024
3112108,87.57519806298818
3113109,244.61088450446846
3114110,159.34028054737453
3115111,204.7770817384399
3116112,289.3653850608922
3117113,303.7192458699517
3118114,106.91781980429906
3119115,221.51280738226117
3120116,154.1563979556317
3121117,269.3898623491449
3122118,246.04695197328854
3123119,165.00353040593492
3124120,67.17049784646693
3125121,127.52163533090804
3126122,123.48610144527439
3127123,375.73506675185143
3128124,411.44548441681945
3129125,85.58038334630643
3130126,361.0264280005566
3131127,163.1060814016702
3132128,194.71055939869152
3133129,74.75694107147086
3134130,164.11214700828194
3135131,343.95006197226576
3136132,380.40705719451387
3137133,176.93577756006638
3138134,353.6143078470288
3139135,81.76780255800755
3140136,141.2547143800898
3141137,222.4500174360849
3142138,402.4880190632086
3143139,165.1911484889709
3144140,425.50391956335005
3145141,97.12786073639975
3146142,374.95515213346664
3147143,328.14453046721735
3148144,354.1377738934753
3149145,153.434641420398
3150146,75.92195520019256
3151147,50.887000386249525
3152148,285.825437716025
3153149,207.35497753605125
3154150,182.8100128589494
3155151,57.11414966762063
3156152,139.48087579860172
3157153,173.95241019781133
3158154,112.37175798282478
3159155,298.9409006516667
3160156,222.72158444903917
3161157,54.254061034778104
3162158,244.85127197720166
3163159,350.4796990854271
3164160,125.48712246011566
3165161,125.68103698628283
3166162,253.67329602471054
3167163,143.76679552073404
3168164,90.33092218788275
3169165,349.7651635916755
3170166,348.4687590067522
3171167,133.14498285071642
3172168,68.14448843543231
3173169,112.8895624334918
3174170,220.21755585561579
3175171,211.12476517205744
3176172,51.69868846995358
3177173,422.63457855792154
3178174,141.6392953233162
3179175,388.43418544679855
3180176,140.8542553730178
3181177,101.75595025291608
3182178,165.3282541722833
3183179,404.30666746950857
3184180,280.8373511917601
3185181,154.8036288510162
3186182,283.41567743271537
3187183,125.29112276133601
3188184,158.53439204669442
3189185,143.51428091939246
3190186,210.94441887990234
3191187,79.80557630993692
3192188,411.3017888451239
3193189,392.3305597490581
3194190,385.5024096493175
3195191,379.5872697079888
3196192,126.54623814534983
3197193,317.2471098649241
3198194,341.8419504095052
3199195,33.99316806868657
3200196,423.2029654904058
3201197,140.4528679848101
3202198,115.62771683190924
3203199,358.5468109634939
3204200,263.0278608089304
3205201,198.6052625979329
3206202,129.5839688650371
3207203,251.44334093063816
3208204,93.61243182475184
3209205,42.55451376356841
3210206,415.30986757378156
3211207,392.355418317265
3212208,188.55047171095924
3213209,103.94288880927697
3214210,261.120180121128
3215211,173.02393110534493
3216212,375.21184714970127
3217213,154.20163704905036
3218214,199.83225026338434
3219215,369.1325478435909
3220216,253.62362231472343
3221217,217.19236307414081
3222218,195.19491073429668
3223219,423.2991557139405
3224220,149.55390219393806
3225221,312.20277367500074
3226222,82.20482805837779
3227223,131.9447071648633
3228224,41.482450636911935
3229225,137.5813322459231
3230226,186.59540509590042
3231227,133.81542813937276
3232228,48.452325300304025
3233229,404.69167455963674
3234230,245.36609528558165
3235231,33.990862182809266
3236232,380.97281855751766
3237233,106.50792400869648
3238234,127.95621242888946
3239235,314.79008010359394
3240236,120.69385772798239
3241237,180.07846706595993
3242238,215.70961461460433
3243239,223.96318784807707
3244240,349.00249113565525
3245241,227.06285545108054
3246242,285.6921818644975
3247243,263.4515701020878
3248244,243.36507332356723
3249245,331.12437055261177
3250246,119.96968709549856
3251247,228.66693375413246
3252248,42.019570095952105
3253249,276.20395007143236
3254250,74.5783841375624
3255251,191.6543838427624
3256252,41.99733090873657
3257253,369.73884963010255
3258254,137.99720771441156
3259255,379.9105645973568
3260256,324.12665084171255
3261257,217.46585611246223
3262258,293.8007117715603
3263259,379.50157325689275
3264260,229.10291643039227
3265261,349.18588743110143
3266262,30.15733140011012
3267263,175.05969776809596
3268264,189.77303502597738
3269265,346.29280433708766
3270266,375.0949949915928
3271267,151.0528505549223
3272268,214.4614490143845
3273269,136.78240412943205
3274270,375.57053476155465
3275271,104.50743925229494
3276272,142.75803740672504
3277273,318.45615090151347
3278274,129.25284840014936
3279275,252.60873674098434
3280276,205.66014575611123
3281277,416.0573123459362
3282278,355.0739482494069
3283279,301.98925595443836
3284280,283.58822435166917
3285281,99.05834697843139
3286282,300.959619289487
3287283,105.91328640992539
3288284,158.5072861093058
3289285,154.4533801129011
3290286,264.6618245350733
3291287,155.63371842321095
3292288,160.0542968515946
3293289,104.37857984608164
3294290,361.9591081746865
3295291,71.39487530472516
3296292,199.18834134983263
3297293,178.41705439518256
3298294,299.8489825685302
3299295,191.262613815504
3300296,233.5059448681576
3301297,267.53438358979446
3302298,256.2385305478378
3303299,282.6798582032322
3304300,70.03567913002114
3305301,398.23922998189295
3306302,320.7237842186071
3307303,415.0577415323378
3308304,114.7075547442119
3309305,158.0736094033045
3310306,132.9776196344163
3311307,252.39628289535472
3312308,133.59924313828776
3313309,336.5782901661765
3314310,250.13341175399586
3315311,432.62421557702515
3316312,275.76997240913465
3317313,101.7774123721402
3318314,38.582163693588704
3319315,202.2049359235698
3320316,364.667148087027
3321317,131.6853198289005
3322318,172.68008065793052
3323319,116.62700413572811
3324320,407.8323383174774
3325321,226.20369060472262
3326322,269.5864599173111
3327323,153.6849201618091
3328324,111.12945405280723
3329325,110.97025768288829
3330326,291.8029922331128
3331327,141.45213717084044
3332328,159.05979551249365
3333329,178.78629851635262
3334330,277.0433733047192
3335331,212.06182458448092
3336332,167.8477897183997
3337333,204.60045939675112
3338334,52.466536332544386
3339335,120.91526690891257
3340336,244.50886535727741
3341337,351.0018817936799
3342338,317.4183137519151
3343339,127.6793198791258
3344340,87.08750924358786
3345341,37.98640472380919
3346342,165.42703885461717
3347343,254.33273148536463
3348344,443.3606640551243
3349345,391.05009819622325
3350346,392.9998459493829
3351347,65.5088985235331
3352348,214.41647825363816
3353349,256.26218790211465
3354350,106.39706951972086
3355351,371.71166469921985
3356352,140.94867280573206
3357353,142.83118503954867
3358354,221.66792334002457
3359355,419.0195850156711
3360356,177.06341808048694
3361357,383.8412380486178
3362358,226.9444560861708
3363359,37.791206712922474
3364360,110.9984531474859
3365361,355.3462689779553
3366362,387.01426743862714
3367363,350.9873829419445
3368364,232.1076053532149
3369365,146.70409467439472
3370366,126.48795031394567
3371367,252.19750193653442
3372368,380.9134026405201
3373369,133.09657555593398
3374370,255.27207000227554
3375371,199.2229227884791
3376372,403.8814259249559
3377373,374.30333933276887
3378374,388.8868280926018
3379375,363.460481997836
3380376,147.1818093467785
3381377,185.64181227800256
3382378,224.89592771889187
3383379,73.00263434603417
3384380,358.4224462458064
3385381,171.89235282605853
3386382,109.46721549236348
3387383,327.1181647256968
3388384,337.1577818827202
3389385,103.29697141308695
3390386,316.65513440470176
3391387,405.2943476175875
3392388,226.33926048639395
3393389,94.97741766999054
3394390,97.50955158127708
3395391,135.69180048895728
3396392,383.7894347324625
3397393,167.04467119204037
3398394,249.5273401142804
3399395,198.53788962232628
3400396,111.01645689862245
3401397,321.4326250936578
3402398,114.74706110950706
3403399,380.7942948258082
3404400,200.22010857438636
3405401,162.7285451367123
3406402,112.10934268068667
3407403,188.51710336909343
3408404,292.89798453925994
3409405,394.6131078116828
3410406,91.30259177559414
3411407,359.19896300001767
3412408,130.38136105927302
3413409,230.9079417565444
3414410,403.3374781216902
3415411,127.43582824370549
3416412,211.6535157847518
3417413,134.4751497379028
3418414,360.4975508393531
3419415,86.71665208712001
3420416,292.35778272277116
3421417,125.17627917540108
3422418,155.93245576843842
3423419,126.95532582282321
3424420,27.375161793551467
3425421,44.527461105164654
3426422,320.7579802986227
3427423,171.55793097262682
3428424,223.6564632360289
3429425,101.49382340138578
3430426,158.3375882466207
3431427,240.64707984583208
3432428,149.7920525199797
3433429,346.3374807887493
3434430,290.0007693030298
3435431,150.75996010605823
3436432,349.4643264417678
3437433,69.20309118773821
3438434,180.22047530937022
3439435,315.7709498815579
3440436,381.9792669352198
3441437,221.0715229341583
3442438,400.85142075263616
3443439,407.6493868840325
3444440,273.1755907338384
3445441,227.75995067729338
3446442,310.4408052948941
3447443,310.1092833087915
3448444,387.4791528544375
3449445,126.56164208997133
3450446,310.5623441714323
3451447,190.3449223737121
3452448,201.80703192711883
3453449,101.13875919006986
3454450,362.18417725302226
3455451,187.4651239155634
3456452,219.7469776894455
3457453,444.48100907578186
3458454,312.63860604251613
3459455,70.19024079233736
3460456,107.80634765679777
3461457,164.8500093640408
3462458,145.99143405459083
3463459,123.73288509926941
3464460,120.96475744062889
3465461,207.05775774023124
3466462,145.63885764810647
3467463,430.73192432374594
3468464,390.18509038638007
3469465,328.7870973059628
3470466,290.3881470700243
3471467,337.2885197145318
3472468,437.56126902123304
3473469,86.65144723622068
3474470,190.6518975242633
3475471,387.2484866994403
3476472,226.4392473418797
3477473,342.5193592372165
3478474,353.6409607181594
3479475,402.0642917936835
3480476,387.8080866503498
3481477,401.44423765469304
3482478,410.3891583539218
3483479,249.5063482991605
3484480,214.6326625615569
3485481,303.49839025918754
3486482,381.66276126262716
3487483,114.05013301128125
3488484,157.57843874732322
3489485,425.02891291330735
3490486,214.35548838571853
3491487,388.79494972250563
3492488,216.02067431669622
3493489,125.400290354831
3494490,377.48377401732756
3495491,141.3558692892541
3496492,122.95724881029139
3497493,151.19562015693126
3498494,207.70227521597874
3499495,107.79433434057336
3500496,186.1608023809328
3501497,156.0135332173899
3502498,200.17518212938214
3503499,184.1973320756977
3504500,155.8197549604183
3505501,136.06988387026794
3506502,433.7833267791229
3507503,195.99970040452985
3508504,99.02268689020764
3509505,276.478212181386
3510506,239.1658524386718
3511507,358.3601947370845
3512508,172.15707276464443
3513509,97.408003072502
3514510,380.1274212324087
3515511,346.72318430432944
3516512,226.91683074367702
3517513,175.11287605159112
3518514,40.11492058869674
3519515,253.56952202545878
3520516,188.33604348012713
3521517,109.94293442821079
3522518,41.91265244445888
3523519,256.7851692145121
3524520,140.96200518463817
3525521,66.88756630458688
3526522,354.2604069879638
3527523,118.98717913715167
3528524,244.47949789439068
3529525,403.19856191944996
3530526,225.73392430751255
3531527,336.4631362217334
3532528,333.69967484981214
3533529,53.36190977360562
3534530,231.09238124312142
3535531,105.15519553789721
3536532,158.6290590947838
3537533,263.9230916025241
3538534,175.1695932342697
3539535,386.892032410673
3540536,337.83358625991576
3541537,117.62832927043866
3542538,86.89657152841836
3543539,386.0144270951588
3544540,117.54666174444114
3545541,388.26839667591946
3546542,156.87698259609994
3547543,365.1608933515375
3548544,194.08339689828554
3549545,362.537669808527
3550546,464.2555358443166
3551547,134.9164201990181
3552548,376.57595417928337
3553549,390.6924469596093
3554550,48.39598502123119
3555551,180.239376913053
3556552,145.80981267765355
3557553,401.83282461651663
3558554,387.6448367554733
3559555,381.1780801603079
3560556,352.68592377363126
3561557,298.1241988007748
3562558,135.72304434470587
3563559,218.74193464504526
3564560,179.41463718491403
3565561,211.60904223806455
3566562,173.4787506412435
3567563,240.4596606798114
3568564,263.6937824655028
3569565,118.3099773840316
3570566,265.1313065308462
3571567,150.74134907466296
3572568,298.3431846175953
3573569,126.66371422420389
3574570,172.7148448185136
3575571,238.05841915291404
3576572,119.31749635545252
3577573,181.29366194323427
3578574,86.09676705248977
3579575,94.88424261438
3580576,388.7096155907785
3581577,368.8026945958255
3582578,100.07015425469805
3583579,306.3600848798326
3584580,290.47707838842234
3585581,290.57998652777104
3586582,85.0547737615775
3587583,141.41290697674123
3588584,156.2037892972521
3589585,239.95441696315717
3590586,215.09919313654507
3591587,210.16950113196367
3592588,167.59133976274313
3593589,130.1276111337803
3594590,131.59273012786252
3595591,84.74860989784115
3596592,213.33234074713673
3597593,256.0827088386027
3598594,353.1620755827277
3599595,99.67193744700135
3600596,122.1305158706005
3601597,382.9077262561276
3602598,96.81216817941839
3603599,87.01961313896808
3604600,149.4495953516312
3605601,123.66485544118993
3606602,138.638725015064
3607603,342.3662791746561
3608604,212.01918530720874
3609605,107.0897473275313
3610606,338.4617201155071
3611607,60.35972921633653
3612608,252.94269485577172
3613609,361.638535286472
3614610,135.53516681379165
3615611,299.0117281928603
3616612,103.8825777984644
3617613,227.8465269129726
3618614,103.68029201227229
3619615,181.32786567926308
3620616,118.14820000802867
3621617,117.5230380571889
3622618,219.22645114578626
3623619,402.68300333591026
3624620,393.99284688976485
3625621,174.15254652358755
3626622,189.83889095654976
3627623,126.25042446234762
3628624,266.5978372756354
3629625,114.8106694820356
3630626,242.3147644232703
3631627,146.65773931175792
3632628,101.7298693101759
3633629,46.91884035489612
3634630,186.036516678875
3635631,96.66803481911982
3636632,244.76532688234366
3637633,148.7808222639618
3638634,165.42975056760557
3639635,35.214375774496865
3640636,127.61369317855151
3641637,377.3518815009141
3642638,229.61006120779956
3643639,293.1259901702021
3644640,128.27741694608287
3645641,263.8029902014149
3646642,161.6570790629907
3647643,169.13046031137628
3648644,217.39551933555276
3649645,138.48897246631282
3650646,357.06292793552507
3651647,164.68872360483033
3652648,195.62442459503777
3653649,274.579599328783
3654650,334.4882533828484
3655651,115.12218106185301
3656652,174.29312152933693
3657653,145.2254893893028
3658654,322.09044416566206
3659655,253.23710643831433
3660656,109.43888807629101
3661657,224.17425418987676
3662658,90.8636837679832
3663659,174.34232082052853
3664660,24.784239792909087
3665661,287.33968320606357
3666662,126.25324177906852
3667663,121.88158544976947
3668664,82.82859002661897
3669665,367.56956066210614
3670666,267.03192337121084
3671667,236.41294767752015
3672668,258.21449280475827
3673669,128.99861509520525
3674670,309.56683564438646
3675671,226.14143364661535
3676672,185.68109055414763
3677673,233.77562035257034
3678674,292.09651410023724
3679675,177.77262321261156
3680676,198.87004550398143
3681677,335.18625658524445
3682678,90.41956838161136
3683679,229.14129919850902
3684680,139.16507226298538
3685681,131.64229426042056
3686682,96.89148450563931
3687683,223.38153674987436
3688684,138.46621090690417
3689685,200.40241648370431
3690686,338.71021878482566
3691687,260.17274012133726
3692688,354.29187238196874
3693689,130.82190478636159
3694690,198.61224663805731
3695691,88.33245981536373
3696692,296.7577782800106
3697693,287.1050681734053
3698694,94.13809044130876
3699695,331.2430178636871
3700696,125.83862825758953
3701697,188.638196840442
3702698,281.51019633705016
3703699,174.4880290920282
3704700,164.48319239163075
3705701,147.98595485986831
3706702,133.5661484898153
3707703,124.69071221158919
3708704,182.60772936610724
3709705,133.13295389911903
3710706,273.9767264949585
3711707,218.16312044227772
3712708,259.8796544702903
3713709,328.4684888947369
3714710,59.007382587437085
3715711,199.18169665393626
3716712,328.24999187755236
3717713,134.55724063214348
3718714,146.2784289804366
3719715,152.43621463864338
3720716,351.73018211913404
3721717,357.59804874180753
3722718,225.66440955306533
3723719,32.607490383609274
3724720,71.3773281342951
3725721,208.96908954499116
3726722,291.8851656502533
3727723,232.56856172233813
3728724,219.6818531351584
3729725,313.3564144060711
3730726,72.30944413832842
3731727,372.6526370002502
3732728,94.7309050187049
3733729,384.2626917895535
3734730,342.69058445745463
3735731,366.3868424480864
3736732,348.15724153006903
3737733,68.29115807661996
3738734,266.1388457907471
3739735,332.6987743215832
3740736,87.02721143485454
3741737,315.9098751816082
3742738,158.3153664811153
3743739,215.75799947282823
3744740,30.065846315098838
3745741,271.88548829559835
3746742,369.9610663528086
3747743,372.7473799302154
3748744,147.03530134407964
3749745,271.09698385633254
3750746,307.3201786513408
3751747,121.15360854775926
3752748,167.99883875122856
3753749,262.7705403626357
3754750,324.1099453978891
3755751,99.1910113611959
3756752,85.38875737038246
3757753,77.2970276478492
3758754,114.5317632162773
3759755,132.43477202752106
3760756,149.74384102872793
3761757,185.82036062446676
3762758,273.36288020092877
3763759,298.43167453128996
3764760,358.09196537489044
3765761,313.5305674650955
3766762,271.31490363175044
3767763,217.60195070976954
3768764,167.18162529664252
3769765,394.09694409514987
3770766,184.0819010938038
3771767,121.76783877116179
3772768,388.8222302919092
3773769,278.33004277016227
3774770,164.48972914744843
3775771,365.43026909398003
3776772,139.0077530876203
3777773,225.747600377948
3778774,390.5303050374211
3779775,157.584755121189
3780776,216.5948609015701
3781777,48.69571646687824
3782778,354.4581123865581
3783779,76.3955403277165
3784780,278.0558155961858
3785781,329.4277411876649
3786782,346.4305144382153
3787783,227.67798452858608
3788784,168.56407018582445
3789785,31.520800513679372
3790786,218.81165807778802
3791787,121.3017977523918
3792788,145.62306949571703
3793789,353.12220011330874
3794790,148.7276879266293
3795791,314.58277636496433
3796792,159.465470085714
3797793,110.73416042696563
3798794,338.5017981660452
3799795,181.19365864522086
3800796,256.5138826877124
3801797,144.90088888560564
3802798,37.66722474813894
3803799,88.17993437286893
3804800,362.4723735869856
3805801,96.27737950349973
3806802,213.3601487354323
3807803,357.50565317763943
3808804,121.58390012020367
3809805,64.33249647398699
3810806,379.75957289093327
3811807,325.3264955743261
3812808,243.41472474497314
3813809,341.3266394236668
3814810,328.4416502095998
3815811,82.97467167069027
3816812,208.51800461010774
3817813,180.2496089990135
3818814,248.0578300689502
3819815,130.38461584827908
3820816,135.69131934305724
3821817,206.06523374810328
3822818,116.50818844515875
3823819,275.67723333302183
3824820,234.7818701448714
3825821,368.7708058355706
3826822,157.61674437493835
3827823,94.07149696759997
3828824,109.20782659124473
3829825,57.0346661207048
3830826,371.8395559444125
3831827,181.2927787459055
3832828,286.82480290813413
3833829,313.96015343667716
3834830,215.12054462475695
3835831,25.40414792802899
3836832,182.7533176201348
3837833,381.04708454398633
3838834,249.12652230750274
3839835,293.8272175396882
3840836,246.4211144006264
3841837,33.108230091012544
3842838,107.00678778563775
3843839,206.24523147726964
3844840,421.7156921854658
3845841,264.93546385509563
3846842,139.90533594736527
3847843,281.1802919482104
3848844,174.50927382761887
3849845,350.58136627122013
3850846,293.5519342963574
3851847,79.67458972755907
3852848,196.7522417977026
3853849,341.07740221751567
3854850,176.50445696464587
3855851,189.47651719870717
3856852,203.67711269672157
3857853,119.9035353118034
3858854,251.88381209694896
3859855,342.9794024405005
3860856,227.21453273425777
3861857,344.1313528290595
3862858,329.37352348969137
3863859,286.219454939612
3864860,415.1322688388936
3865861,32.69066513522709
3866862,244.3109227791268
3867863,267.24725431481465
3868864,345.2006989593223
3869865,348.68069588316195
3870866,327.35856967177847
3871867,84.03829650970027
3872868,87.29971488541399
3873869,250.5945187494355
3874870,25.09417236027151
3875871,217.27411033305643
3876872,78.82185956450026
3877873,207.97647834617968
3878874,253.83766637329316
3879875,100.1465692637864
3880876,152.94495959933565
3881877,103.72560361734689
3882878,133.84532988950082
3883879,68.65058816620471
3884880,91.33305169479085
3885881,83.00175719469392
3886882,214.14464876081908
3887883,245.35970034863215
3888884,177.38346904247035
3889885,236.51114781099585
3890886,154.99124266455664
3891887,142.59325049007268
3892888,213.48048157596372
3893889,87.57017682312951
3894890,98.5867375047467
3895891,98.42199921827456
3896892,369.5524741694395
3897893,223.31164495185624
3898894,197.80564153725592
3899895,84.61407082868077
3900896,254.83633643056902
3901897,172.42335734925678
3902898,324.759751486777
3903899,109.09483616414262
3904900,293.7910832674562
3905901,204.1564115963426
3906902,235.22383155446218
3907903,379.03892168887046
3908904,188.1721054199134
3909905,194.466860380922
3910906,90.50112205335085
3911907,34.615665788595216
3912908,108.6489093234911
3913909,298.99018852255676
3914910,365.346599701185
3915911,88.6698915384438
3916912,285.7608094065704
3917913,139.9783134619618
3918914,285.9284692611438
3919915,373.58239478294615
3920916,113.71555848969889
3921917,160.44157091928665
3922918,180.6516704700645
3923919,305.8540254473401
3924920,422.65236656148875
3925921,288.09990812579565
3926922,98.4641591538824
3927923,247.80182684734592
3928924,78.20813804734173
3929925,92.08327523419545
3930926,135.39461471162758
3931927,200.95649047889378
3932928,136.37943457889787
3933929,142.75275189434925
3934930,328.43786033657597
3935931,189.15792731679065
3936932,123.24975695328793
3937933,278.85155475605876
3938934,56.4753294066814
3939935,102.61495860805736
3940936,91.14922604307557
3941937,126.19641832829859
3942938,384.61312254610607
3943939,349.26861776139117
3944940,119.07422671896136
3945941,142.92330543027853
3946942,137.79311414572408
3947943,149.06251640304225
3948944,88.51649590089144
3949945,235.74317338000245
3950946,56.467844807658395
3951947,23.78959443127409
3952948,105.26612460269266
3953949,60.176897535758584
3954950,277.4747946877286
3955951,210.5085206335954
3956952,131.09740708736504
3957953,159.57843659145803
3958954,105.62928635166723
3959955,132.57938696473192
3960956,96.36357119196728
3961957,103.48777976876882
3962958,91.88292292712288
3963959,178.49878143039027
3964960,381.8130595336381
3965961,162.6178725031941
3966962,439.6534601878934
3967963,151.27062531378613
3968964,50.79153213934076
3969965,362.6192221288485
3970966,357.6835256255809
3971967,28.929530874729807
3972968,346.2924110635421
3973969,181.62451017833519
3974970,122.88783980306012
3975971,386.4628487690925
3976972,109.61474871295864
3977973,337.010288205633
3978974,140.09321397472752
3979975,71.83882417398061
3980976,124.47269188402575
3981977,204.32635511459557
3982978,24.557555683941967
3983979,152.90633748747842
3984980,142.51687670136099
3985981,119.43186286726437
3986982,278.7959806767593
3987983,424.47417117840354
3988984,176.01473714752692
3989985,102.00078216002169
3990986,146.2398345911548
3991987,167.2761671542065
3992988,263.76240536692785
3993989,283.59208141852486
3994990,48.955214583142826
3995991,176.5929460883544
3996992,195.79676565772877
3997993,112.29928046302311
3998994,126.19544441943547
3999995,134.76705197360738
4000996,163.43783652680753
4001997,150.1196766040244
4002998,135.6629333780181
4003999,286.4275758535069
4005000,218.73871596758133
4006001,298.42220646384845
4007002,284.16547443336464
4008003,278.4414144091612
4009004,158.59563192363413
4010005,166.66519669649605
4011006,315.3057650316274
4012007,86.2315161232331
4013008,336.1729826249073
4014009,217.8929809503345
4015010,157.4194532025422
4016011,291.2096358811252
4017012,113.93475357155252
4018013,325.98394526082035
4019014,392.6299744928708
4020015,233.33837911478415
4021016,129.9028845159407
4022017,70.85471009822301
4023018,381.39894179196665
4024019,125.29532681927704
4025020,200.89798941771687
4026021,162.79264410522774
4027022,242.00485782745156
4028023,212.6631580006921
4029024,149.867049900138
4030025,396.5457318090439
4031026,238.58459625587005
4032027,365.6404813381589
4033028,378.5048067645849
4034029,51.08682110651772
4035030,277.00057035415415
4036031,172.16430732152506
4037032,156.3568000160371
4038033,132.32611309525916
4039034,223.40721839283418
4040035,153.93539363784598
4041036,421.41893081296143
4042037,286.5728309991831
4043038,418.6961474851418
4044039,41.532166929236276
4045040,61.78306728344136
4046041,38.4659377184928
4047042,338.6511033892906
4048043,189.6439068039783
4049044,289.09317675193745
4050045,404.88942170914396
4051046,383.5941384906178
4052047,378.5045886464848
4053048,269.75561902661696
4054049,336.1449232286334
4055050,56.988711359725656
4056051,209.84146468752033
4057052,386.936647642967
4058053,382.1578225820014
4059054,114.1300168290741
4060055,393.3238137941807
4061056,232.3624614460374
4062057,190.41938158219907
4063058,139.2642187445369
4064059,382.2219989540393
4065060,72.13132376286647
4066061,152.69363229807578
4067062,150.24568590864752
4068063,112.58235043334534
4069064,253.4992894758678
4070065,222.93494386809812
4071066,250.66351035647273
4072067,105.54862131203377
4073068,118.0635071071057
4074069,237.19303158728002
4075070,359.43791142473253
4076071,278.2461395724648
4077072,249.0929752127512
4078073,376.66029078958593
4079074,191.7000980605452
4080075,196.768298973616
4081076,163.56217917051333
4082077,266.18054110953864
4083078,259.621079377519
4084079,316.0152851811601
4085080,90.64727680666753
4086081,231.71501767759375
4087082,155.2325956162995
4088083,154.7319154811011
4089084,206.81926830093548
4090085,369.9235909065786
4091086,28.155045743806816
4092087,223.62609326391447
4093088,315.98568366329073
4094089,133.9982039536703
4095090,321.8477176114883
4096091,317.2190567211903
4097092,190.58481781290658
4098093,157.87780291299575
4099094,46.994882648946316
4100095,75.5757796108297
4101096,173.45225680946137
4102097,385.2588330239608
4103098,36.02577232777734
4104099,163.96591952366802
4105100,375.3174112170698
4106101,181.99039408338828
4107102,162.08506546106142
4108103,80.87582969966583
4109104,422.9505103322769
4110105,94.28557468951203
4111106,218.4380149857679
4112107,360.1722074665215
4113108,163.35643750362513
4114109,141.40217169345652
4115110,262.16778852910056
4116111,79.2267941201468
4117112,81.0971260346991
4118113,137.8337346183151
4119114,180.29922676811518
4120115,232.07867748400534
4121116,135.5324838249536
4122117,343.22513487257004
4123118,423.98236608189313
4124119,285.30979438123376
4125120,252.42626897886896
4126121,221.10851634516052
4127122,154.9107916683828
4128123,172.55973387465463
4129124,421.4473557678266
4130125,217.15665409419728
4131126,301.11956501659915
4132127,86.2888880783024
4133128,142.32370726494412
4134129,403.34762845829397
4135130,234.32603506430345
4136131,83.43807528981563
4137132,158.35285033956077
4138133,124.87696226591652
4139134,389.27571859346006
4140135,251.127926738093
4141136,350.9304886491794
4142137,287.9702353053559
4143138,216.54929943551352
4144139,206.10798150560845
4145140,265.77658749307204
4146141,221.2141994968267
4147142,110.0544847988913
4148143,166.820975970429
4149144,274.44699087984304
4150145,338.6875195714602
4151146,373.55991527194016
4152147,122.71294947978643
4153148,81.73578730489254
4154149,398.46512814757233
4155150,274.4162425310449
4156151,165.75240897894665
4157152,111.47254885740297
4158153,198.8164774530205
4159154,271.49087951511905
4160155,205.57431813789134
4161156,66.22691265573678
4162157,29.6959179484252
4163158,437.2512256539223
4164159,94.92650514016074
4165160,87.76264396548198
4166161,130.4180859634316
4167162,120.14020275423213
4168163,73.60091028475321
4169164,98.6481678997922
4170165,93.49126434324023
4171166,362.3581713815626
4172167,123.66123477413905
4173168,117.90880005900378
4174169,233.89384940585617
4175170,362.8787399979627
4176171,77.54846353611813
4177172,309.0636870653169
4178173,180.56993409343278
4179174,405.44225165081883
4180175,132.01426202911915
4181176,226.01503689222636
4182177,338.6529200116278
4183178,445.5996401267035
4184179,366.5297949591571
4185180,428.6998253406606
4186181,185.07703548049255
4187182,121.89790402636316
4188183,340.57679078465344
4189184,334.56996772726166
4190185,246.04552251285372
4191186,264.6473257708937
4192187,319.70312838544146
4193188,332.24979072138075
4194189,404.6473679285198
4195190,108.30265058681279
4196191,177.8861453962789
4197192,201.5813011409222
4198193,309.019816454236
4199194,353.7871990225957
4200195,372.1235493103387
4201196,167.65029939574526
4202197,299.66991820184154
4203198,199.05852376036782
4204199,153.2578742293534
4205200,129.20389458849274
4206201,65.49540282897821
4207202,237.4980420430521
4208203,409.0385514283463
4209204,161.65800062844966
4210205,207.3986006229885
4211206,371.5621364581964
4212207,54.484699177593015
4213208,38.51975217122343
4214209,312.96446213651285
4215210,415.88068917118073
4216211,185.07673982139355
4217212,215.61553917176457
4218213,80.2951206240738
4219214,332.5737023461838
4220215,361.7374959816847
4221216,30.225744104953513
4222217,107.2104164764228
4223218,419.1476352581912
4224219,322.70188919124803
4225220,202.0287228065999
4226221,108.61223803011964
4227222,387.09142418682325
4228223,180.970627941071
4229224,237.92501542620684
4230225,311.3185467757524
4231226,284.5471455241092
4232227,329.15979178740014
4233228,136.30582753917707
4234229,226.471866212181
4235230,81.83189145335996
4236231,104.06411833967049
4237232,290.59122174998345
4238233,189.1221996498896
4239234,156.55030386209566
4240235,128.0825736885975
4241236,140.0009576580756
4242237,172.05725527961062
4243238,307.25500355456256
4244239,227.53688626342404
4245240,52.287072419018024
4246241,274.39907742368143
4247242,227.82689465528978
4248243,295.4352194476058
4249244,148.9522877748463
4250245,345.57250163877586
4251246,55.34920178508703
4252247,179.94199531979302
4253248,345.11370945596116
4254249,97.6112562276027
4255250,408.9676525110694
4256251,222.62404403221177
4257252,210.24860989048327
4258253,387.12155139025737
4259254,56.496978240677336
4260255,407.0212416424077
4261256,348.52432378505597
4262257,124.36031251060186
4263258,88.9318950616242
4264259,395.2246394394613
4265260,397.711601970683
4266261,280.37955444821085
4267262,419.1932397962645
4268263,22.26623181610262
4269264,139.60735733521656
4270265,108.37487491065393
4271266,333.13918739219434
4272267,207.6183179174857
4273268,118.42418480812272
4274269,201.96171971302755
4275270,364.5399241390195
4276271,174.99314103857785
4277272,106.39831159572107
4278273,322.59119770405437
4279274,326.459918186789
4280275,85.32526364965359
4281276,274.3301916719268
4282277,92.1863364672507
4283278,250.7998046535755
4284279,424.7355191398661
4285280,189.156518066166
4286281,247.96435404244258
4287282,152.12931943799083
4288283,130.76819374369407
4289284,214.46008031898924
4290285,270.53052942480394
4291286,71.22469488010009
4292287,121.57014335969923
4293288,345.4883641971272
4294289,327.88268301292146
4295290,376.3008205036732
4296291,347.6848340832557
4297292,272.4168671456147
4298293,263.50817956652907
4299294,158.52013874460098
4300295,340.9051169629829
4301296,376.5171393376945
4302297,225.99203175807847
4303298,352.20634180991675
4304299,213.38720068631628
4305300,199.0960503505912
4306301,333.07746565892194
4307302,357.2482167522064
4308303,163.35097946303438
4309304,395.7918740176696
4310305,205.60293909662218
4311306,355.0760058887591
4312307,330.5846243722124
4313308,222.8023151490714
4314309,135.81105462499522
4315310,308.59320411964063
4316311,172.06143394105575
4317312,341.35888331474575
4318313,267.15542431753414
4319314,404.82389401847115
4320315,217.14037587719386
4321316,280.2375815840825
4322317,80.28227717512759
4323318,98.99265633996677
4324319,100.99184103662759
4325320,373.62320104670823
4326321,174.43083953653095
4327322,298.6883323561143
4328323,214.61423044275182
4329324,161.39107999050574
4330325,157.53583613002843
4331326,350.5991705278863
4332327,200.2425755380804
4333328,325.0790912081768
4334329,175.68996515839834
4335330,356.69076581983217
4336331,121.84273071612148
4337332,85.84532171236474
4338333,81.4240885808479
4339334,341.05335500595083
4340335,166.23467041205538
4341336,391.89755709658283
4342337,213.1627739155282
4343338,209.12686599088119
4344339,442.4917538079765
4345340,297.1514701856182
4346341,297.9656581544207
4347342,136.87964526562044
4348343,471.4263569968977
4349344,276.16497622429966
4350345,178.9420568847452
4351346,410.5528555361802
4352347,341.31331617176363
4353348,378.00001293880825
4354349,270.5737090780865
4355350,316.17977087247255
4356351,46.01584912200824
4357352,382.87406540409336
4358353,382.2170687115284
4359354,34.96625330874926
4360355,265.3911152935438
4361356,409.05506742405606
4362357,165.19567638783602
4363358,383.8643496205157
4364359,204.14871160685345
4365360,346.49182320101875
4366361,376.4931460484157
4367362,47.196265073764785
4368363,135.10849487745872
4369364,242.04826637630555
4370365,85.32662120427466
4371366,106.510025713154
4372367,172.33820389381498
4373368,365.2112463602898
4374369,113.92135371817659
4375370,156.28345304001286
4376371,190.24183996595607
4377372,353.1924717910952
4378373,86.07382897856125
4379374,165.7894313693112
4380375,163.59250320988465
4381376,197.8920911476291
4382377,191.02538306757583
4383378,30.02877489545731
4384379,262.8565237900432
4385380,324.0656347187081
4386381,314.9725879974372
4387382,67.7950657805582
4388383,148.3652514613769
4389384,76.76284645858308
4390385,232.72674770992637
4391386,374.6432050319331
4392387,110.59051455484351
4393388,171.49539669830048
4394389,310.30327092003193
4395390,280.6791192686962
4396391,103.29976723949264
4397392,188.5339989951866
4398393,418.74720315070437
4399394,405.2256922046024
4400395,350.03775921815077
4401396,371.13479963283334
4402397,206.8079696938127
4403398,254.68908940457513
4404399,275.25526491279834
4405400,223.61823696980724
4406401,441.45330346055675
4407402,74.13549799627451
4408403,176.1342907674274
4409404,79.90427511731507
4410405,260.48152598823236
4411406,66.64639357283643
4412407,171.09030042937684
4413408,290.411081193279
4414409,76.68746633673204
4415410,449.23422184923203
4416411,196.03657637767674
4417412,138.85083143432905
4418413,99.67670001818013
4419414,188.34131398099507
4420415,76.68346911030083
4421416,119.97173918283218
4422417,134.45981782013197
4423418,200.98564892527023
4424419,321.689904720051
4425420,270.8349448805035
4426421,81.57693111845695
4427422,405.71641414812035
4428423,164.31874279597795
4429424,182.19968225477305
4430425,97.33557104552312
4431426,126.92413761106651
4432427,379.5609405194246
4433428,182.32489523360385
4434429,121.69975104361347
4435430,103.85822712765814
4436431,67.78591383199317
4437432,129.50244220982088
4438433,71.44435192614114
4439434,408.52315303382306
4440435,295.3633003427301
4441436,233.55157242653576
4442437,205.30717108732702
4443438,179.00620131831357
4444439,79.48899154618915
4445440,332.72008110071624
4446441,259.540761168128
4447442,382.6825514610082
4448443,409.50504155506815
4449444,216.44981848713908
4450445,60.47000792918141
4451446,204.91319067408443
4452447,137.56501554748672
4453448,84.2516981013524
4454449,110.86613805219432
4455450,201.85959433851957
4456451,79.11406361930645
4457452,395.7679889034752
4458453,312.1854977664091
4459454,266.7838696297634
4460455,163.30829086768506
4461456,253.89276588436175
4462457,128.14082064656876
4463458,261.14108878966294
4464459,157.67183817265786
4465460,136.31733135658885
4466461,246.6342775748011
4467462,173.64181198765348
4468463,356.99869181747897
4469464,157.9885742169902
4470465,151.12419726829015
4471466,208.96162758709747
4472467,61.304970807648374
4473468,219.52361758215136
4474469,422.7658308616721
4475470,161.62459407105658
4476471,341.7998065313481
4477472,69.83577878585358
4478473,221.4147272228094
4479474,398.72145119321465
4480475,393.80061520714963
4481476,316.32699444633437
4482477,146.5759223822136
4483478,423.887518349704
4484479,98.72490524412073
4485480,229.2162649495509
4486481,355.3370219269236
4487482,107.48239727819534
4488483,357.459487743353
4489484,173.7239270342894
4490485,26.985226888832482
4491486,423.16611381375446
4492487,358.89267340266366
4493488,128.72144611908806
4494489,335.5458141966656
4495490,71.19252852728482
4496491,115.1704766578693
4497492,358.92484534560845
4498493,72.51168170552582
4499494,171.45878365026908
4500495,241.8510367342291
4501496,138.08013789655516
4502497,123.2924258906813
4503498,80.91027935782346
4504499,50.63499402038844
4505500,337.4701887340681
4506501,270.5960753561331
4507502,264.26094997280165
4508503,109.30666461836417
4509504,90.4206665603362
4510505,368.85860333903554
4511506,351.00921831896534
4512507,93.60745861058642
4513508,276.99448357517156
4514509,413.5013005612408
4515510,213.97557615827577
4516511,353.14148874088477
4517512,124.41181906072504
4518513,213.40889775099265
4519514,108.62441949211744
4520515,83.50436848648435
4521516,339.7131515457674
4522517,109.33345903789682
4523518,120.00942932004206
4524519,379.440231891718
4525520,101.22740439518523
4526521,252.24365273949297
4527522,170.79001060389922
4528523,135.24081919438743
4529524,63.407176317407455
4530525,369.939080724755
4531526,360.6762311870127
4532527,177.76302305097587
4533528,105.17796883439371
4534529,289.4394708901876
4535530,218.01909099023578
4536531,104.83878818318486
4537532,109.90003145015208
4538533,152.48497047446088
4539534,273.01919577839703
4540535,91.48909667297849
4541536,148.99551368900052
4542537,36.288630587071744
4543538,344.53404252275476
4544539,400.40628434802335
4545540,172.42426721019214
4546541,220.08396620210445
4547542,85.85019577168117
4548543,418.6254621913945
4549544,338.4657837947411
4550545,153.79124435279638
4551546,243.5429881044335
4552547,164.96507677698582
4553548,172.13600985029726
4554549,98.59645138406144
4555550,281.3135392001641
4556551,90.18058034383304
4557552,86.877113372383
4558553,125.04215728830417
4559554,237.1020891861829
4560555,135.4684450767283
4561556,220.07906622572665
4562557,59.62022850800433
4563558,184.64845785290348
4564559,158.7621684112426
4565560,250.59839390463554
4566561,50.70909655559747
4567562,138.46131053850442
4568563,135.95996770385057
4569564,352.43638266735826
4570565,361.6385052342479
4571566,311.67560281954604
4572567,411.3865000481581
4573568,111.3795113246346
4574569,236.14736675838498
4575570,175.03454565178356
4576571,133.79372604890233
4577572,309.96095661593887
4578573,352.5662580845381
4579574,229.5080757322945
4580575,335.34813230207374
4581576,352.8759528604601
4582577,267.54994746332324
4583578,179.1447879327136
4584579,332.65343850181813
4585580,290.5630510399233
4586581,161.99427243887533
4587582,366.83350274641947
4588583,293.603336901358
4589584,94.23103467850247
4590585,235.99764737699385
4591586,348.3588588706717
4592587,150.86363053981967
4593588,370.75265740097973
4594589,239.41598168929175
4595590,152.79712781088983
4596591,246.37800390283837
4597592,165.59853392039287
4598593,97.36462351346053
4599594,349.6805391083506
4600595,217.39224076002589
4601596,201.79415241259622
4602597,169.23716203097752
4603598,193.99409836570663
4604599,297.6072915382619
4605600,135.76521876396245
4606601,90.54404138904385
4607602,195.99670337820064
4608603,146.5758545063069
4609604,266.2309162804534
4610605,169.55152575236946
4611606,86.15512963425618
4612607,184.32285166552577
4613608,117.97439161499496
4614609,335.98552426804514
4615610,118.77662760957065
4616611,193.65182351372331
4617612,393.40287448864325
4618613,234.90635395251843
4619614,116.80170154155448
4620615,343.5758019839611
4621616,70.56716005129218
4622617,70.63069006819184
4623618,279.2078664152384
4624619,107.84540514369012
4625620,115.01857873424655
4626621,160.33928815442462
4627622,66.82273317729208
4628623,100.19994158203073
4629624,159.23131047472143
4630625,412.4052143968481
4631626,203.42450117705505
4632627,381.9924218106677
4633628,356.9706497232524
4634629,152.64362030987255
4635630,70.74466726076253
4636631,126.01981992469797
4637632,82.23768781464031
4638633,274.51222395697954
4639634,309.5324771570257
4640635,100.46039528738042
4641636,55.968434126910594
4642637,334.7545455317249
4643638,46.53505313199327
4644639,88.4525674933888
4645640,267.0817816451007
4646641,70.44089815545412
4647642,225.3401674491856
4648643,322.1006237076477
4649644,126.22271863557292
4650645,113.44990883538445
4651646,360.74266601910426
4652647,313.0943287530013
4653648,190.9152586112033
4654649,309.8069043745059
4655650,375.7583567830369
4656651,283.1903895165944
4657652,184.95766665537568
4658653,226.6609559320159
4659654,375.856345858465
4660655,185.2769957401124
4661656,102.1323909360407
4662657,36.25794675978464
4663658,343.9431530435336
4664659,144.89200456191008
4665660,354.510194726491
4666661,129.6709953617258
4667662,71.39031094652907
4668663,250.69094427797143
4669664,162.84289527845337
4670665,48.517575098049846
4671666,316.58062333958947
4672667,348.0907234915619
4673668,176.3372777781853
4674669,97.67813330449644
4675670,133.85171388553752
4676671,334.0670065118723
4677672,94.68401184593414
4678673,188.78134893917553
4679674,70.0870885600272
4680675,127.42849770487271
4681676,143.60132621296788
4682677,86.0042862780241
4683678,119.92677688631504
4684679,302.0899106866529
4685680,234.13879113990842
4686681,81.87858494026055
4687682,142.82024765361598
4688683,91.5806481137517
4689684,114.66208105950341
4690685,75.53158513220468
4691686,376.98888319968876
4692687,86.22283359945676
4693688,72.21485138761342
4694689,227.0987706695963
4695690,231.44582664367172
4696691,238.42766832980962
4697692,260.29958355744475
4698693,74.15481139578073
4699694,172.25761796530153
4700695,120.2978768974715
4701696,115.31873906246972
4702697,189.20153872094815
4703698,256.26869551630506
4704699,249.17011301785868
4705700,306.05648455690596
4706701,129.55807516722734
4707702,99.27794315460127
4708703,327.46818279333985
4709704,131.44171629286777
4710705,75.50129577226963
4711706,143.87862728233114
4712707,176.22812131637326
4713708,118.6569844103365
4714709,83.19579948923365
4715710,311.58224461319617
4716711,132.12872685247785
4717712,343.0508418408826
4718713,74.25622741370243
4719714,142.2487759667832
4720715,315.0851860393133
4721716,165.00719373521127
4722717,57.290838446801715
4723718,149.01445952661015
4724719,350.21626142927846
4725720,401.18539317731313
4726721,69.12837704532004
4727722,142.47872182518233
4728723,330.31442983578427
4729724,358.58011274113034
4730725,105.45767356124043
4731726,253.32718275036106
4732727,296.01394691758173
4733728,173.69159455164146
4734729,102.18170804671286
4735730,279.1614517935621
4736731,312.39718131025865
4737732,384.6301035018822
4738733,273.30614848056814
4739734,61.671671111081984
4740735,350.44264562727915
4741736,278.22582508694137
4742737,352.5669076922377
4743738,122.7423296982857
4744739,119.4534085626141
4745740,352.4293518054286
4746741,78.17883752114933
4747742,381.4257131560483
4748743,369.8653044949257
4749744,109.10393530029464
4750745,395.55465203280596
4751746,179.55663502543263
4752747,317.9881283311206
4753748,376.80626601110777
4754749,242.91745289306866
4755750,76.42314404101191
4756751,354.81883546958574
4757752,352.5616405563302
4758753,270.598595439236
4759754,100.02632672844197
4760755,52.81179340185901
4761756,292.3460076640376
4762757,55.94952611492826
4763758,240.63898894381063
4764759,85.0163878537237
4765760,220.04213907021588
4766761,235.31952455337998
4767762,320.457448486641
4768763,303.51000272101106
4769764,428.20618996513764
4770765,288.64579684251265
4771766,395.0168352022808
4772767,78.68017030705924
4773768,66.93187931116435
4774769,114.80908812255682
4775770,161.3613788379698
4776771,364.5115103031075
4777772,235.55438103933295
4778773,97.5735640329274
4779774,203.47765533810033
4780775,128.2552853775516
4781776,70.36803162784577
4782777,158.80575494671152
4783778,266.32946918182444
4784779,116.6898475540717
4785780,373.89774897275805
4786781,76.44960135624582
4787782,334.2565537824448
4788783,150.1107593515408
4789784,53.21083661931195
4790785,142.1493726656653
4791786,154.2291525323117
4792787,218.08927836983645
4793788,165.9584991829621
4794789,187.4458586703211
4795790,75.99273876150457
4796791,245.09576909391456
4797792,211.60730700710351
4798793,69.42284211260223
4799794,97.46448555742218
4800795,333.6320216888537
4801796,37.03257438598812
4802797,83.30222054747804
4803798,397.10860253151435
4804799,63.85394146479292
4805800,412.05600598730075
4806801,97.27307993158499
4807802,139.84699904186098
4808803,93.05578811581924
4809804,176.36409797634136
4810805,353.63890356366875
4811806,180.4703060142001
4812807,92.65327094661477
4813808,386.9596988208993
4814809,344.91861349769664
4815810,166.26964915432725
4816811,423.0851347041554
4817812,177.09505433058825
4818813,274.91904060781934
4819814,55.81483209260148
4820815,219.55058247751688
4821816,396.57266832145086
4822817,219.3808988278448
4823818,244.50186318291836
4824819,127.82420463215347
4825820,73.28229260779504
4826821,318.56831188184236
4827822,388.26539505658315
4828823,86.28208059550299
4829824,135.05656811558987
4830825,101.37694778654219
4831826,106.06166031403201
4832827,284.5725503483593
4833828,27.09684130178345
4834829,332.93984748510695
4835830,236.44482253297355
4836831,370.8696671960157
4837832,315.83374801376607
4838833,142.47051748401645
4839834,291.19678843120374
4840835,337.89738756197755
4841836,361.7066583983112
4842837,393.1412797554977
4843838,406.57673743243544
4844839,367.6773215363582
4845840,123.59040060874689
4846841,301.1486071486663
4847842,114.30636086458072
4848843,146.00101408903586
4849844,71.3970236735022
4850845,98.4057339164741
4851846,131.1959495180321
4852847,349.5630197892665
4853848,328.6469159681655
4854849,71.4555364044559
4855850,85.43323237259742
4856851,58.1815432401596
4857852,246.3131928553046
4858853,58.07554527734061
4859854,262.7487700635426
4860855,348.52328799164496
4861856,326.2618301792655
4862857,401.9076617329993
4863858,361.71646856656594
4864859,139.02847993291803
4865860,355.3254608761958
4866861,362.5861370171733
4867862,114.61012960501625
4868863,281.9731134324334
4869864,328.66294905820814
4870865,238.1512499932183
4871866,378.2594469112118
4872867,291.4581558510643
4873868,476.87702944306477
4874869,104.04400064314501
4875870,191.12475451315584
4876871,103.51322653170317
4877872,87.17146047810537
4878873,89.29293565650264
4879874,287.1459321535243
4880875,172.60189004500265
4881876,337.24294758450003
4882877,171.8279371378353
4883878,37.62731779753872
4884879,153.86189193905773
4885880,125.70473022112569
4886881,106.58468961253868
4887882,102.94194535820455
4888883,129.34358786948636
4889884,97.59591242691975
4890885,267.9088517137262
4891886,96.09216174007587
4892887,132.94089367293896
4893888,377.26555365729615
4894889,145.42357264883998
4895890,180.1135227683934
4896891,80.6223868324558
4897892,271.6951475604034
4898893,385.285470671427
4899894,309.2920996563565
4900895,201.2331500954628
4901896,371.2879488068701
4902897,283.9065448442206
4903898,175.81003221131428
4904899,84.63122547957114
4905900,211.9466516310064
4906901,72.87621169555017
4907902,345.98760883631957
4908903,146.68017058000166
4909904,272.4093849386641
4910905,350.2065154129437
4911906,173.30301246401015
4912907,314.4837743717775
4913908,47.401425211782865
4914909,102.70378495518545
4915910,331.9812966000257
4916911,219.65244874261478
4917912,111.04079414247163
4918913,161.05553394973109
4919914,91.60589534113475
4920915,302.81224373240525
4921916,188.17363620970642
4922917,148.20701795175466
4923918,190.21348291065493
4924919,177.9659907932866
4925920,360.3795972819395
4926921,82.8805809964673
4927922,239.95617860718517
4928923,149.589456566472
4929924,111.8490747119963
4930925,409.21297626987507
4931926,147.7345779031465
4932927,367.8288253945944
4933928,233.83148293748317
4934929,347.76764328571335
4935930,122.99832295204847
4936931,303.1823252261768
4937932,309.33644754513176
4938933,366.9587469058497
4939934,361.13850074741714
4940935,208.12264490119452
4941936,108.44452990353012
4942937,317.99233952424
4943938,258.8010022679471
4944939,355.0799511020754
4945940,224.22062040384833
4946941,70.53941727115453
4947942,338.8361546699398
4948943,228.071418944403
4949944,161.8189398806056
4950945,91.35648858318771
4951946,133.22844694663183
4952947,290.9138394658217
4953948,305.05695009078573
4954949,234.1816972821615
4955950,416.0308919339324
4956951,176.40000956939306
4957952,156.23261278191626
4958953,273.8666527879451
4959954,140.33356241018802
4960955,185.37180635223578
4961956,271.82481055151646
4962957,250.99016880591157
4963958,100.80552264484392
4964959,61.07241927211248
4965960,38.02409653681323
4966961,255.22236084061936
4967962,88.05612676103212
4968963,403.3114577733265
4969964,322.0226241272978
4970965,342.69979967273116
4971966,242.89309788240666
4972967,202.8809365989938
4973968,72.68099120962401
4974969,203.7779688434403
4975970,68.77791628517144
4976971,430.48082710238236
4977972,100.58478740833718
4978973,105.44266501166202
4979974,41.41404373828374
4980975,259.23026723786853
4981976,98.80654218480579
4982977,69.58298416479781
4983978,210.098109496611
4984979,243.29160999045985
4985980,279.3064480944359
4986981,402.43707180336304
4987982,263.3343494250992
4988983,272.295911043452
4989984,124.10804070041473
4990985,371.3860352131462
4991986,200.5759638431862
4992987,299.67215802717726
4993988,328.3345075263549
4994989,85.5730762853672
4995990,137.25122311385763
4996991,173.37161470487206
4997992,215.03650370708502
4998993,314.4758768904365
4999994,194.97076470233986
5000995,73.5483600329567
5001996,88.02026854124016
5002997,172.11458527160264
5003998,192.42790039500863
5004999,189.57160913936005
5006000,192.98859278812608
5007001,151.20315340543374
5008002,133.41820795177546
5009003,355.79303868611856
5010004,309.7094121248672
5011005,85.16021451362134
5012006,118.66374968239865
5013007,105.25615200495488
5014008,367.5953049939101
5015009,102.6883242683412
5016010,406.7331476804507
5017011,214.9962277747848
5018012,328.0598186526593
5019013,162.56082516860096
5020014,286.9881899716098
5021015,108.56447250811499
5022016,269.3596069476787
5023017,51.56394844190785
5024018,135.44796510623289
5025019,136.91127578463397
5026020,371.5650260191175
5027021,81.72130789273508
5028022,334.3560572973519
5029023,291.0740369713401
5030024,216.5668640520029
5031025,79.17725749227634
5032026,363.0802317633962
5033027,103.40722808428511
5034028,340.0961242001298
5035029,349.5724626932899
5036030,80.72210712652225
5037031,93.32121878914242
5038032,88.62441915264205
5039033,388.0186958728207
5040034,198.45319942294068
5041035,156.8239833559037
5042036,41.0813125385355
5043037,119.64113882808958
5044038,182.51577166848557
5045039,172.89183966625765
5046040,355.2535164707752
5047041,152.55844699508475
5048042,246.569150673604
5049043,109.3322310800597
5050044,145.78653130483974
5051045,53.360008125966694
5052046,319.24904108380906
5053047,313.6257613737097
5054048,115.52774701872077
5055049,40.77995660526464
5056050,199.08903588877126
5057051,139.300871748715
5058052,346.32295971609875
5059053,342.91967093583395
5060054,343.68768684094437
5061055,331.91660405053847
5062056,273.55053770950815
5063057,291.18520811663944
5064058,96.35164296055432
5065059,87.90951050001627
5066060,94.78509728634185
5067061,157.16641498158756
5068062,350.96373476780144
5069063,226.77008442613675
5070064,318.09068258859025
5071065,323.068971873249
5072066,284.8165363871853
5073067,152.45668191418048
5074068,174.041967228944
5075069,256.5712215638811
5076070,96.32891864354669
5077071,122.88282063787837
5078072,167.56626796716688
5079073,223.9880136418597
5080074,74.86453067252333
5081075,360.94789271966755
5082076,148.60969964380405
5083077,405.1679288872344
5084078,174.55869756053514
5085079,377.1443589484082
5086080,359.54323090163786
5087081,342.04139696295925
5088082,161.02736761014634
5089083,245.33920142089625
5090084,178.30200831863039
5091085,262.99401999860146
5092086,340.3131138968593
5093087,126.28716023118255
5094088,203.29237522716977
5095089,203.39817879748435
5096090,65.47355743028396
5097091,381.5372717221568
5098092,225.48375734921942
5099093,89.82464779405642
5100094,185.78152223420037
5101095,140.3469020621203
5102096,272.91411250599214
5103097,283.91337053785645
5104098,73.42425235748655
5105099,146.7730875683383
5106100,14.90505200211714
5107101,313.5377860061732
5108102,164.22226800179132
5109103,51.038093905299206
5110104,227.86274939321768
5111105,118.70321157971317
5112106,298.07245884418535
5113107,111.24187983919587
5114108,182.99426235469224
5115109,341.1161803738166
5116110,262.1465962863247
5117111,60.38670885572217
5118112,127.43407060517431
5119113,109.06482762116512
5120114,53.19197107776719
5121115,185.58167473745473
5122116,177.15962577850243
5123117,209.00346744984387
5124118,88.18145293130328
5125119,163.4105763486809
5126120,101.40529681059314
5127121,157.06101660263843
5128122,73.79529535802017
5129123,175.24235603204963
5130124,251.17842076609548
5131125,155.3609063437071
5132126,448.5319858845708
5133127,82.90091824780048
5134128,240.73322188007808
5135129,93.64264298643597
5136130,174.4129051836112
5137131,286.05703179162754
5138132,170.03630984147395
5139133,319.57417778596977
5140134,341.5369453237484
5141135,98.03126665877858
5142136,262.4695148930283
5143137,244.3127083174261
5144138,186.04710963774974
5145139,304.93790536105405
5146140,236.25589710661944
5147141,218.70645317583106
5148142,394.55078171436656
5149143,65.26341678523775
5150144,463.14937426618593
5151145,84.97575747376969
5152146,266.1438853498744
5153147,219.30742624219855
5154148,132.31068548339647
5155149,121.19479568567093
5156150,240.56751036376318
5157151,115.51213602726214
5158152,289.42548170592875
5159153,307.5758315017924
5160154,330.77176435784844
5161155,84.32387572963925
5162156,349.5332616959131
5163157,377.50464744322363
5164158,219.87423107816193
5165159,151.632851520464
5166160,317.5507410715016
5167161,254.60366096521588
5168162,382.13391447048923
5169163,254.6025000376681
5170164,258.1120462043287
5171165,408.7462844816372
5172166,253.85649732286333
5173167,329.4025983774153
5174168,404.01919115056586
5175169,134.53746561905416
5176170,256.78502501086575
5177171,175.68520754064818
5178172,157.18896478467727
5179173,198.2381420523385
5180174,110.40902209584414
5181175,94.76909218121146
5182176,79.14344715223615
5183177,85.84504950409178
5184178,154.8033722326074
5185179,305.18219108025534
5186180,102.70608404471125
5187181,362.1054016744599
5188182,130.52907292247642
5189183,171.2885675398978
5190184,159.07950801540008
5191185,309.38833560839817
5192186,304.0312643399997
5193187,37.844405901143006
5194188,110.484965403817
5195189,222.60004379817434
5196190,172.24913474871408
5197191,172.16512377513982
5198192,349.73391676529917
5199193,192.6773480632554
5200194,359.33576940795905
5201195,304.91639396367464
5202196,282.64107286099886
5203197,158.08880064032988
5204198,308.24878096529244
5205199,120.25223748653023
5206200,372.34775054874723
5207201,164.33635105780064
5208202,157.91924654057865
5209203,272.36943039998533
5210204,305.37461772424166
5211205,90.7976652691527
5212206,101.74692251091574
5213207,80.03255855323755
5214208,303.4128685183441
5215209,189.1512955353421
5216210,323.24762035291883
5217211,262.9886958692758
5218212,222.85324346574484
5219213,328.8246986888202
5220214,275.33062072551695
5221215,48.10503624943135
5222216,132.72361818999138
5223217,134.3708577711653
5224218,160.84867957033921
5225219,111.66789621467883
5226220,373.11878505037674
5227221,121.0158566480381
5228222,316.30475118798995
5229223,126.05090019449092
5230224,129.2310033934421
5231225,161.9613987399516
5232226,68.25885954997976
5233227,180.04899598822385
5234228,264.66754281436477
5235229,84.23297356634869
5236230,308.7550092612433
5237231,332.3568119808766
5238232,70.85687313649602
5239233,143.09267371232224
5240234,140.93712859416155
5241235,105.93596722380646
5242236,83.08737183731448
5243237,46.092998718064884
5244238,253.9057160149742
5245239,250.53126067773928
5246240,138.0072859203501
5247241,380.25644561994557
5248242,227.58475104261868
5249243,259.5578988774588
5250244,264.38527414449516
5251245,169.2916499893147
5252246,164.1336570639647
5253247,122.8823086131833
5254248,154.99100899827252
5255249,218.1286733487259
5256250,145.69186509336964
5257251,207.29641194242026
5258252,81.33758373715489
5259253,193.35718923630083
5260254,91.2013870495141
5261255,99.90875790653718
5262256,50.76628483260489
5263257,237.91209832231763
5264258,89.53823262924308
5265259,73.60773664387536
5266260,219.0728673591404
5267261,149.73750174633318
5268262,353.2599363949543
5269263,165.6192650316348
5270264,69.64046584871224
5271265,101.31759689887429
5272266,124.38598083449388
5273267,213.29896844209674
5274268,105.52404175855631
5275269,83.20924150033606
5276270,96.17646637740808
5277271,337.6705514957877
5278272,241.94037231954536
5279273,349.1281646673272
5280274,260.50835511325005
5281275,136.1182122725196
5282276,162.0869465456874
5283277,169.27592631452566
5284278,297.5979242984213
5285279,99.60703656197978
5286280,157.53758817169995
5287281,325.4904186713591
5288282,341.38334565852875
5289283,56.78400421719433
5290284,143.65448157796018
5291285,196.9362865193876
5292286,137.3871797035157
5293287,174.5719903375668
5294288,120.9967221485608
5295289,76.92772938888236
5296290,259.98774815724533
5297291,186.83575121705334
5298292,158.55844939117475
5299293,150.4388026252456
5300294,169.45269021307854
5301295,192.79866797234854
5302296,55.726985273833144
5303297,133.55043842770561
5304298,61.89189484491928
5305299,165.7813757346362
5306300,301.9690174182146
5307301,95.12289470696805
5308302,360.18374778970303
5309303,146.07976755257388
5310304,204.8025942985747
5311305,179.94772108640623
5312306,184.25936925440882
5313307,336.08004821918473
5314308,342.8758810604412
5315309,80.26847740672504
5316310,377.9089137858244
5317311,207.19505925562612
5318312,133.00073689177378
5319313,242.33351562355153
5320314,172.2089930113744
5321315,224.28947766210976
5322316,289.2497078576385
5323317,247.80488276980518
5324318,318.49685317119145
5325319,342.0609944010077
5326320,45.90058965457801
5327321,85.09394190237906
5328322,203.46154117118493
5329323,116.69150087549878
5330324,85.43087592144823
5331325,208.3290113198237
5332326,107.5243339635109
5333327,53.78477629158165
5334328,92.07488781849918
5335329,64.85829972492462
5336330,127.31626395156485
5337331,226.885910823316
5338332,310.0787435061701
5339333,374.51850122805945
5340334,48.690980150724215
5341335,174.51211128815163
5342336,297.6791323622247
5343337,266.7530920265996
5344338,234.6833533608463
5345339,293.40107559395176
5346340,108.73954513086996
5347341,105.34467018331048
5348342,146.4480910235011
5349343,128.16469001107203
5350344,366.70784760574577
5351345,306.515098209945
5352346,337.05331375922486
5353347,216.72336761327406
5354348,122.10928113450774
5355349,352.3476162928442
5356350,124.03758091473905
5357351,235.19141968157777
5358352,333.9871262375626
5359353,272.6318505506222
5360354,100.93391301964357
5361355,31.074471864133614
5362356,388.4733099029342
5363357,136.1908773543413
5364358,84.97908257922163
5365359,229.60910334505482
5366360,276.21463996850514
5367361,256.5208142686543
5368362,288.7970608790314
5369363,112.1100488079726
5370364,118.12380637748907
5371365,90.31852588433476
5372366,70.99362945262016
5373367,255.36555764419185
5374368,273.53273483043375
5375369,389.6792621817177
5376370,89.16319881862132
5377371,315.88035732380615
5378372,117.28046655677502
5379373,398.4030329101741
5380374,220.96357845136515
5381375,35.12391506576475
5382376,84.00451005799854
5383377,347.554745957881
5384378,384.8609674653167
5385379,102.51623094368799
5386380,94.03411252419481
5387381,82.01049101136039
5388382,88.22829913785634
5389383,332.4943369222195
5390384,91.17690033582144
5391385,90.9630422440196
5392386,147.55789478404907
5393387,193.5602159497823
5394388,339.5263824253677
5395389,119.63032980575228
5396390,250.4387021340271
5397391,100.07922360398315
5398392,347.7114170539929
5399393,272.5899301991776
5400394,129.20038563019634
5401395,146.6057782707891
5402396,297.88324149094274
5403397,93.99618414623687
5404398,55.669629540942644
5405399,113.90673095604542
5406400,65.06316918248412
5407401,329.98107506263034
5408402,295.1292162875312
5409403,306.88196283585177
5410404,296.58690462319623
5411405,284.2537969492977
5412406,136.5027259673665
5413407,86.07126607711531
5414408,284.22678863975614
5415409,65.07002393488179
5416410,144.95702128262482
5417411,269.217300510259
5418412,221.96826753137032
5419413,44.29601935508129
5420414,250.14973134377985
5421415,302.6459983496527
5422416,79.94417784476524
5423417,208.2585955973229
5424418,198.1880766009751
5425419,140.62452828717912
5426420,129.71120738622466
5427421,206.10491772115125
5428422,284.1460459524162
5429423,82.25768704261883
5430424,362.901837861863
5431425,113.65630444955991
5432426,55.88304984865127
5433427,310.8143972253919
5434428,127.31903021890209
5435429,179.6373870677151
5436430,117.00814665261403
5437431,91.93132688257035
5438432,95.25344662780665
5439433,281.71875657634786
5440434,173.50201173478825
5441435,67.73895239726787
5442436,229.4380596780109
5443437,163.37925488856825
5444438,200.85366133235536
5445439,322.2062405893221
5446440,277.0645862354208
5447441,224.01693393090326
5448442,244.14764079900888
5449443,53.28599464745297
5450444,39.179324399813716
5451445,126.58463946733845
5452446,190.1737489874194
5453447,296.71131546378615
5454448,223.93576296596376
5455449,48.57504507154328
5456450,84.8499689409914
5457451,114.40796370521144
5458452,66.30958671895517
5459453,188.7511857414182
5460454,100.34735688597483
5461455,187.7735254409792
5462456,173.34757586648132
5463457,101.25140331854077
5464458,297.3926341870029
5465459,298.73670040584614
5466460,60.78118898642629
5467461,139.5053723355174
5468462,157.91402404255217
5469463,192.31271085376957
5470464,272.07274702556526
5471465,211.0325029970686
5472466,210.9666147801136
5473467,69.10527617480868
5474468,97.03883622166424
5475469,396.83692545337914
5476470,207.3928596430591
5477471,174.35102126674602
5478472,265.16956330704926
5479473,74.88303001167579
5480474,317.51582546581005
5481475,193.55328739550598
5482476,119.7407220148549
5483477,159.6535723380232
5484478,209.3485930026124
5485479,307.70778483905315
5486480,277.9330675398185
5487481,379.15795479963515
5488482,147.521111751263
5489483,298.5904793239591
5490484,313.0651780978099
5491485,109.82431330257072
5492486,123.39680255439457
5493487,62.17331740693085
5494488,22.949484942952825
5495489,147.29932642076332
5496490,292.4097992935114
5497491,279.6144577583916
5498492,91.65202636101141
5499493,103.84715067036588
5500494,96.56271121904467
5501495,198.96516668365865
5502496,173.70629574387388
5503497,176.48601036560032
5504498,357.79719183542255
5505499,256.61555579919025
5506500,223.85730169439444
5507501,262.17185738924377
5508502,238.92024266630278
5509503,195.7808478876439
5510504,80.44351101596483
5511505,79.91424548727639
5512506,117.23483490980351
5513507,70.77246405205095
5514508,347.31884207355586
5515509,52.325557330113774
5516510,187.5896278105378
5517511,107.34342249832011
5518512,158.4504878061448
5519513,237.3873552703904
5520514,104.44511888943836
5521515,184.27829021686068
5522516,208.35056759061345
5523517,215.77933041974484
5524518,52.344359225537175
5525519,61.94592271715853
5526520,154.59332124769844
5527521,100.48307399054478
5528522,239.5111768719274
5529523,378.97199101497415
5530524,90.21739776662145
5531525,265.3940293406919
5532526,60.682270284823964
5533527,102.1351943294132
5534528,106.58240597167188
5535529,235.5355882431157
5536530,379.4251755398005
5537531,121.02168441181972
5538532,141.73189274453108
5539533,285.69565876815926
5540534,229.18392964752914
5541535,257.17724612260577
5542536,258.75992419624777
5543537,226.15507423710568
5544538,278.46949025520735
5545539,163.52947019591284
5546540,173.14441596924618
5547541,277.6400055328593
5548542,238.70860205032835
5549543,152.86395541248552
5550544,323.46157695402985
5551545,272.4639362576365
5552546,247.33047299450268
5553547,289.94784593716713
5554548,41.584011943643745
5555549,232.89256865134703
5556550,250.91357443359027
5557551,270.556911532792
5558552,141.13990096915816
5559553,152.5567276032114
5560554,85.57522684096077
5561555,71.84462960140638
5562556,232.18019744357292
5563557,44.37154219195798
5564558,238.54685075196534
5565559,103.3880091337177
5566560,168.37807337407244
5567561,179.40898402308585
5568562,108.28576413025986
5569563,104.01429953983552
5570564,87.31899831434015
5571565,180.75621949599292
5572566,114.49842948024128
5573567,227.72247378487248
5574568,166.69085686188467
5575569,174.78195650192362
5576570,225.7721356227736
5577571,78.14246615753287
5578572,88.26270533572988
5579573,114.19417837755284
5580574,315.9429949017137
5581575,193.21179928537552
5582576,311.246925907657
5583577,374.3331292775364
5584578,73.75132640710262
5585579,55.13348981137788
5586580,266.52468415440035
5587581,175.7755408741945
5588582,124.8460116508038
5589583,36.35378299383126
5590584,185.6352065199755
5591585,207.51127900648618
5592586,78.125572188538
5593587,230.1683878637879
5594588,199.0389482494631
5595589,102.58494641375587
5596590,293.79973288040657
5597591,286.84510661825624
5598592,206.5342561976129
5599593,242.68093938990444
5600594,196.9266058432059
5601595,156.2419213167449
5602596,211.14399785490872
5603597,195.65152041302116
5604598,251.03253777521647
5605599,82.01365914717347
5606600,310.66331663446664
5607601,264.8872640308152
5608602,341.99900040444896
5609603,122.72479933916424
5610604,65.89156307222473
5611605,202.65996968591
5612606,298.89526410087177
5613607,197.0720949707858
5614608,154.93283858737846
5615609,144.53915632215026
5616610,155.46638724415288
5617611,149.09205431450337
5618612,369.57977716130546
5619613,201.97280326862094
5620614,128.78849504324697
5621615,348.5030189354153
5622616,111.40686106333933
5623617,180.4603977209518
5624618,124.83221838442871
5625619,69.50185610240736
5626620,242.55198099049855
5627621,115.83769656154256
5628622,238.51117576762266
5629623,143.19176916449229
5630624,210.83072809600634
5631625,213.98323080159793
5632626,247.073813722557
5633627,227.96388720063726
5634628,158.93965510876333
5635629,76.20562109113165
5636630,263.54942711893807
5637631,84.5627575749237
5638632,145.98994250346425
5639633,231.17589403745686
5640634,113.5042724727613
5641635,156.32298951860176
5642636,198.7676861884953
5643637,255.12690621950705
5644638,84.68749131222751
5645639,70.44674832373197
5646640,77.81894985727399
5647641,341.47555165159747
5648642,309.49740585896893
5649643,53.096392452169106
5650644,222.4944914283516
5651645,304.91720780699103
5652646,101.56833623545728
5653647,261.33675667285894
5654648,111.04275400064225
5655649,136.4744731707039
5656650,128.48005954994687
5657651,201.17682708696236
5658652,76.78656606252495
5659653,301.9663366242264
5660654,38.15044206482373
5661655,54.52257745811467
5662656,152.64543038307372
5663657,129.8236935777851
5664658,282.65384790631805
5665659,115.39702135798514
5666660,109.75367991610635
5667661,182.34844502123005
5668662,348.0213756406147
5669663,105.22529163047777
5670664,260.3027480678834
5671665,377.1938597113831
5672666,85.06167026014695
5673667,86.1122416271863
5674668,345.3061795813403
5675669,64.99427861188349
5676670,127.45583492290973
5677671,130.0196983881866
5678672,135.2401945167466
5679673,255.22481205038392
5680674,145.6962878491433
5681675,303.70663013461916
5682676,278.26799900697114
5683677,186.3364845637565
5684678,129.97622821526522
5685679,86.91587133186077
5686680,116.6338799359013
5687681,132.22986333535465
5688682,190.84204726419344
5689683,182.64609696007375
5690684,300.8956634230679
5691685,266.3542034129936
5692686,292.6723699412116
5693687,70.66044427407977
5694688,139.3371183349429
5695689,308.93371260222324
5696690,358.5983463683947
5697691,78.05820180465814
5698692,76.80348749307855
5699693,78.91193875589175
5700694,158.78574910717927
5701695,33.41388017250473
5702696,134.37760045921434
5703697,187.0403233067701
5704698,146.34196917462322
5705699,145.6643858176146
5706700,208.15257622622545
5707701,109.44008405122254
5708702,291.67557901070387
5709703,78.22640678500925
5710704,265.14888704093806
5711705,152.71053097733275
5712706,39.44842815586271
5713707,101.9206602069153
5714708,138.80144490273972
5715709,161.0566666446662
5716710,51.31989609751113
5717711,189.3489913923501
5718712,45.64294685742866
5719713,140.1214899964861
5720714,58.80992508208929
5721715,118.6715284177806
5722716,186.2915637995364
5723717,225.27105470997228
5724718,319.05771831379775
5725719,347.8702606292566
5726720,44.65936139847494
5727721,184.00564186157408
5728722,302.9760622382259
5729723,291.9085509078575
5730724,101.8446161271338
5731725,166.07713565973387
5732726,274.8081948460394
5733727,240.36762804001364
5734728,185.36641963821734
5735729,207.08383794660315
5736730,272.16413657576663
5737731,109.34000826267184
5738732,289.7498308561569
5739733,228.91638260725298
5740734,274.76165024224525
5741735,257.36143910371715
5742736,109.87326015346838
5743737,233.6230303108332
5744738,274.9209037184213
5745739,114.29253450443206
5746740,255.08631644915604
5747741,309.7646027032279
5748742,165.00097078099068
5749743,74.74793207231005
5750744,150.19997577493976
5751745,162.6552404188092
5752746,313.8204273778622
5753747,188.0301638191437
5754748,74.63469257102504
5755749,75.26709543651883
5756750,101.35625566130987
5757751,63.82399315684053
5758752,241.28803940571683
5759753,268.2954284673414
5760754,89.6751893959726
5761755,97.44308583997235
5762756,109.09770475112755
5763757,215.92846060895494
5764758,145.95194353230562
5765759,254.04249362840076
5766760,276.2897804373116
5767761,149.93082839813994
5768762,198.86073330735573
5769763,117.47349493253364
5770764,295.19896623243784
5771765,38.80820883934059
5772766,249.00871844488142
5773767,267.1800412321464
5774768,115.03255095232772
5775769,159.14351587902956
5776770,288.40572495254645
5777771,137.31276434421724
5778772,136.12369397659944
5779773,120.37395687738068
5780774,164.030661275378
5781775,293.72033381589273
5782776,63.8047367238952
5783777,310.4677403503716
5784778,213.86998459927236
5785779,42.25417715626466
5786780,193.47897319239434
5787781,78.09230615031798
5788782,70.09270885513432
5789783,240.97900931981943
5790784,229.49869749333394
5791785,75.39545305048338
5792786,328.5090965022297
5793787,157.04908358007862
5794788,208.83298548654736
5795789,70.09040339031968
5796790,150.6147934618121
5797791,115.77430190263993
5798792,161.93806517418895
5799793,316.0160749408906
5800794,341.68602196706127
5801795,305.47427660064454
5802796,331.4391593706759
5803797,197.08612685349092
5804798,233.5504526178744
5805799,123.90715557056669
5806800,110.33138974822157
5807801,96.79457374097204
5808802,103.65043587513796
5809803,87.20233881482018
5810804,238.2403387068532
5811805,53.40834396278076
5812806,96.85021772840295
5813807,173.1874824328533
5814808,240.82122765354728
5815809,340.17063711220055
5816810,102.75316558221053
5817811,136.10975706197482
5818812,251.81671630383133
5819813,287.4792476481015
5820814,220.89359183932424
5821815,152.49390014147193
5822816,260.82080697121313
5823817,44.647437988211756
5824818,300.00732724355066
5825819,128.36494674523192
5826820,54.750863855574956
5827821,206.4183365328083
5828822,103.67680410107387
5829823,239.2848470485675
5830824,274.42433254997
5831825,240.6360300526331
5832826,343.120530376392
5833827,283.9702963483865
5834828,68.77680474644065
5835829,124.5805650676441
5836830,279.3762051126292
5837831,307.5348736093024
5838832,325.7504689403275
5839833,162.99689108353044
5840834,328.7703570352764
5841835,220.38895242523273
5842836,44.2363387810376
5843837,154.34150649271322
5844838,146.51873156836032
5845839,87.21948589983182
5846840,230.86716609260603
5847841,91.09356536179213
5848842,343.16876372504856
5849843,244.4607854071897
5850844,308.9395275107109
5851845,183.6407870570244
5852846,318.33371587530706
5853847,167.01975633493393
5854848,252.87278106404364
5855849,214.27393656343037
5856850,166.9466668946531
5857851,105.3771347470092
5858852,135.88233297329933
5859853,215.473972777827
5860854,156.5671070592739
5861855,90.35029777422068
5862856,116.6418947683486
5863857,196.8740969813756
5864858,186.02070876470736
5865859,101.30264873694018
5866860,66.7888019353057
5867861,50.3557954654418
5868862,43.28035941150968
5869863,120.23623177125698
5870864,237.85695705153873
5871865,276.9733175144085
5872866,73.6264295473816
5873867,148.37387177649606
5874868,166.41721965755625
5875869,310.3303854577289
5876870,195.39633937732418
5877871,239.69144287486935
5878872,114.16052099919263
5879873,76.21323902540883
5880874,250.51701429246071
5881875,195.39923185939702
5882876,182.83528240547815
5883877,172.8961095978235
5884878,231.707442797413
5885879,124.1630854735973
5886880,317.7834242913679
5887881,244.1017871711922
5888882,213.2969954315509
5889883,157.5794870521514
5890884,93.10045559047686
5891885,249.01345400594283
5892886,320.22552007249993
5893887,243.63198209781845
5894888,135.35250404301203
5895889,297.0503539679123
5896890,78.53117573871391
5897891,170.67135492850664
5898892,145.63964975230712
5899893,284.664663880994
5900894,262.24836319885816
5901895,207.6143314899848
5902896,154.98653933192927
5903897,94.03121600940162
5904898,313.1926540049806
5905899,45.043092726841316
5906900,33.06147530883091
5907901,228.12662873996854
5908902,64.54973925737254
5909903,147.87752828137323
5910904,81.82682994108804
5911905,111.77793722926783
5912906,247.6598342567988
5913907,105.34390643795611
5914908,86.58589133419811
5915909,120.29426096178008
5916910,127.26308585872678
5917911,95.80829903236338
5918912,38.232870148296406
5919913,169.148811001425
5920914,155.84532812754918
5921915,132.88939181536855
5922916,114.13083814856064
5923917,291.33921314707
5924918,350.4594248655206
5925919,100.68103472035367
5926920,72.03793569545904
5927921,237.50531748027817
5928922,122.75215911103402
5929923,198.45852103189918
5930924,123.71236991643839
5931925,101.0006145039625
5932926,97.34022325616196
5933927,179.5715232824265
5934928,28.333492194018852
5935929,231.02986579933827
5936930,276.8421078208298
5937931,271.2309095508275
5938932,164.27788238931447
5939933,105.95720765441713
5940934,51.84885266244077
5941935,342.1978088852776
5942936,156.98920811745927
5943937,191.37523050993886
5944938,323.5931561040516
5945939,101.80433279159138
5946940,123.68891344390359
5947941,243.14950467402875
5948942,73.88447407467997
5949943,129.42657025792363
5950944,109.15230647743215
5951945,287.44687790081184
5952946,354.3722330275971
5953947,171.80083465472694
5954948,253.68647676458053
5955949,100.73175695241638
5956950,108.67180829725349
5957951,74.1214743174568
5958952,289.9176561310809
5959953,51.99252847402478
5960954,149.81883885953445
5961955,90.07645496990482
5962956,169.01583641907334
5963957,197.86545168421063
5964958,313.27329920491815
5965959,181.34441103631474
5966960,248.34373776682878
5967961,307.6634383364067
5968962,218.22024385749103
5969963,214.7857970584659
5970964,118.47789067667408
5971965,145.39213701835197
5972966,155.33191614859405
5973967,286.65555066484836
5974968,286.98944307646445
5975969,167.41989226578679
5976970,250.06353979500412
5977971,161.69388728487985
5978972,246.2458150888859
5979973,326.55212223683736
5980974,292.32956414739476
5981975,109.64378254506366
5982976,197.54505555213737
5983977,158.06783502540748
5984978,62.395203901691296
5985979,83.43900263906139
5986980,88.29465906868772
5987981,185.46593785259444
5988982,268.1553915318911
5989983,249.0866408883007
5990984,196.4058926224808
5991985,100.71241875648612
5992986,152.68406654114509
5993987,134.3342117265786
5994988,209.19255971544814
5995989,362.2188649077802
5996990,173.4858267367966
5997991,156.89763746525517
5998992,182.14290024882004
5999993,203.08033002880734
6000994,342.08364671787695
6001995,76.66014708936842
6002996,117.18562567178617
6003997,170.3105541816112
6004998,345.55143016332437
6005999,55.13653838027168
6007000,80.65377344883017
6008001,247.64471592036114
6009002,204.91293873561744
6010003,142.59447128848
6011004,83.23890825092509
6012005,135.82974210693516
6013006,270.3844448236789
6014007,84.34257836074954
6015008,129.1015583368966
6016009,96.4106875808109
6017010,145.52892966867768
6018011,173.06338569355995
6019012,150.13129077904756
6020013,58.56347041930499
6021014,197.0930066898636
6022015,214.99852592616415
6023016,240.61827147805946
6024017,294.2706199132251
6025018,205.7185397440496
6026019,81.11345044168098
6027020,141.97377259964128
6028021,225.85189904405155
6029022,87.1238079388668
6030023,49.69663685549595
6031024,54.45167900009379
6032025,227.73241741187923
6033026,119.54937793696979
6034027,96.28194725761439
6035028,192.6344291606219
6036029,79.28325991687626
6037030,73.899784517139
6038031,306.4234313111831
6039032,234.08063306033603
6040033,159.53124618271104
6041034,56.7933730489249
6042035,62.085028221373385
6043036,149.60391080567862
6044037,179.0962991882956
6045038,79.33399134604849
6046039,100.06052285776578
6047040,188.93034046675967
6048041,167.12847397881222
6049042,333.39373304805304
6050043,138.54196811351457
6051044,98.41636270034638
6052045,354.5268936147366
6053046,267.6585941020599
6054047,70.81393268155655
6055048,108.11085381550856
6056049,166.57639443046483
6057050,287.97556071267644
6058051,235.14664125017984
6059052,173.48792147104115
6060053,247.38293007124722
6061054,128.77369521921872
6062055,171.62828519982358
6063056,160.81529379189075
6064057,109.99051470472534
6065058,238.64209977223805
6066059,186.36208207602064
6067060,143.64364922521054
6068061,200.17938937450103
6069062,240.43751061302694
6070063,110.34991292353806
6071064,58.58310400227107
6072065,66.47182453405549
6073066,164.43677698391528
6074067,311.3552795953657
6075068,66.83446023983795
6076069,75.97082543616897
6077070,182.8804205790781
6078071,200.66788041536662
6079072,171.29248790550477
6080073,137.37655713235878
6081074,108.56410212747932
6082075,176.01561761024652
6083076,185.93646080942912
6084077,86.98787192648595
6085078,306.0906894020756
6086079,108.11850702814536
6087080,277.20299792762864
6088081,126.49684453157265
6089082,99.39246295294612
6090083,159.50361842292705
6091084,316.5231067645842
6092085,121.80463189171647
6093086,139.7070646811453
6094087,181.91787491131254
6095088,342.47781295092784
6096089,349.5115289711538
6097090,54.18030001063789
6098091,66.76421246038626
6099092,97.31839277055992
6100093,282.1533670995027
6101094,299.73471262740753
6102095,90.79086615585389
6103096,151.50427049289343
6104097,214.44094810378456
6105098,386.0480754091427
6106099,116.75191781681448
6107100,155.0197243706589
6108101,302.79044968478496
6109102,64.31571328546653
6110103,131.1455210973232
6111104,353.1442487771928
6112105,160.04401416923284
6113106,350.979781402315
6114107,242.7972463968005
6115108,304.3372812440163
6116109,319.07389210290364
6117110,126.04155423724596
6118111,326.360872277395
6119112,67.36216231780175
6120113,103.85595879621333
6121114,117.27343605397868
6122115,336.6520488842057
6123116,245.12302951397635
6124117,290.54806370822644
6125118,336.9137715363017
6126119,161.3030433302342
6127120,165.1485263058916
6128121,200.74157903137234
6129122,92.06981641248021
6130123,101.9358051686
6131124,111.84328872249806
6132125,112.04008116304877
6133126,253.66241463473284
6134127,113.59681441484408
6135128,201.5114003382977
6136129,70.89645632951134
6137130,65.13934950971124
6138131,80.2661874019222
6139132,100.55705652747552
6140133,69.65296903475715
6141134,79.11685864304204
6142135,202.6095649976551
6143136,289.1392590530098
6144137,127.44253963286185
6145138,96.28496091600165
6146139,348.676016021081
6147140,126.29797114115269
6148141,85.0354464328212
6149142,225.7626529647673
6150143,241.51249330936457
6151144,237.95752390924028
6152145,49.384414054709865
6153146,171.5796307049923
6154147,148.54874749642792
6155148,77.36710828389273
6156149,287.4242219908513
6157150,120.37757223295202
6158151,34.01034654792316
6159152,36.5260469337695
6160153,49.45031086094565
6161154,177.06783570094842
6162155,306.1763417549809
6163156,143.8006759138262
6164157,294.5157352958764
6165158,294.12711131142487
6166159,259.8746892686127
6167160,317.0595409657477
6168161,153.45721577589273
6169162,172.96257645304448
6170163,281.41870867369306
6171164,194.16533105368745
6172165,144.8438139569243
6173166,142.5500090424379
6174167,199.92287061368486
6175168,79.99980195863054
6176169,102.86452416805935
6177170,117.6880956931204
6178171,54.184123778105835
6179172,190.12379256515686
6180173,55.30657480369896
6181174,344.71143358816624
6182175,63.82308002386152
6183176,273.22946747945736
6184177,66.05473297296646
6185178,224.67958131792787
6186179,196.2025098157663
6187180,158.72265365870396
6188181,195.84776775158522
6189182,155.49422901500947
6190183,170.1676376463398
6191184,303.1219281263019
6192185,160.92803913580923
6193186,61.2794558551252
6194187,330.58914781288
6195188,142.7136997720551
6196189,221.20978192076967
6197190,90.57297878962359
6198191,298.50174025879534
6199192,118.71731560801227
6200193,125.13436603845832
6201194,85.75712359381698
6202195,179.1343729807946
6203196,171.31947608611245
6204197,168.51132434365417
6205198,44.9338781668095
6206199,335.5535718089965
6207200,114.09081710252211
6208201,368.77559804521036
6209202,305.2506938789563
6210203,97.29736595361365
6211204,260.6989552287229
6212205,193.6589568314589
6213206,126.44139211016589
6214207,113.42377777564816
6215208,61.72537851350338
6216209,77.32926651234848
6217210,110.84038679579936
6218211,75.40290463995319
6219212,251.50481181595612
6220213,235.66395612389684
6221214,149.09128104002443
6222215,133.46645149801495
6223216,102.67246103320923
6224217,303.1140044467176
6225218,107.28201154389835
6226219,106.97485696487988
6227220,268.3176441392677
6228221,97.51974230589671
6229222,182.2902087931783
6230223,324.79067011148237
6231224,291.3866678634172
6232225,273.87008246897034
6233226,83.50284573184256
6234227,245.45319322686126
6235228,134.21684767073828
6236229,178.84206820619102
6237230,119.79949151601447
6238231,166.5782536472792
6239232,309.14778707770233
6240233,123.29402773762534
6241234,172.04740800232938
6242235,132.16985302331796
6243236,94.46365805323656
6244237,272.7355366827176
6245238,41.4155887986608
6246239,122.16309232162455
6247240,142.52168208317988
6248241,122.20499249622641
6249242,158.4253510276981
6250243,63.50387812053609
6251244,166.8813173431878
6252245,118.8691888953064
6253246,145.8763500414012
6254247,184.9442505823793
6255248,251.5584445773912
6256249,138.3543586333718
6257250,146.68819351698903
6258251,298.7100345928158
6259252,75.20664206625918
6260253,188.42169306230056
6261254,172.54690467379493
6262255,159.0873828688023
6263256,231.82493859023407
6264257,230.04617666197055
6265258,353.3686737190575
6266259,278.3408674625775
6267260,53.99654429028898
6268261,53.55113584420027
6269262,321.0179271098301
6270263,220.99264774062735
6271264,307.5982234228754
6272265,236.31472165044363
6273266,127.67051590098782
6274267,262.27667694184174
6275268,199.59338393361688
6276269,148.13097427825974
6277270,187.5318379019696
6278271,110.74012013536422
6279272,56.47104530380833
6280273,369.9001375901472
6281274,122.22813040109352
6282275,256.0507245633317
6283276,321.3746549964304
6284277,196.27473803613213
6285278,149.93486101068643
6286279,133.57642785906467
6287280,277.22217042680285
6288281,280.8421117722651
6289282,99.50073209679005
6290283,50.22830355281111
6291284,216.5303080554335
6292285,161.00421727044966
6293286,71.91322022354443
6294287,70.35645263024878
6295288,92.59441354274902
6296289,61.094648010546535
6297290,214.62111648961414
6298291,187.61277394284224
6299292,186.95934489462277
6300293,225.73820818185052
6301294,227.6937495709187
6302295,195.13849269825184
6303296,108.22235982715931
6304297,326.6697232107006
6305298,104.73154686579754
6306299,315.001943953353
6307300,205.91327117749918
6308301,289.7871344783461
6309302,72.85777800098978
6310303,89.80974416035869
6311304,135.73089372627578
6312305,110.77338086113132
6313306,88.39358527974615
6314307,236.71704818047388
6315308,92.14583211234928
6316309,126.10365091712062
6317310,132.52494347422672
6318311,282.1513595204567
6319312,223.6305196628937
6320313,92.27551915628275
6321314,247.81431722505621
6322315,96.93833110474104
6323316,58.51757297915648
6324317,73.71724982483445
6325318,199.29665722908842
6326319,259.14090386702384
6327320,110.65474689569392
6328321,67.9805362601712
6329322,188.1390027946842
6330323,104.07561099937831
6331324,103.71205995415117
6332325,134.70917087248105
6333326,318.94803133133297
6334327,83.51954240260613
6335328,115.6084330733175
6336329,235.35155962404454
6337330,199.60493339699468
6338331,326.9310577663908
6339332,234.4161729060374
6340333,90.8551673642539
6341334,71.35022654044478
6342335,276.49402009634616
6343336,246.61829353584915
6344337,134.97025350398084
6345338,32.22401497164971
6346339,172.73213332812733
6347340,90.62309105436228
6348341,135.00923166605776
6349342,64.32700137273464
6350343,115.8439347648638
6351344,126.0065777356772
6352345,193.3712778322649
6353346,373.57768317433124
6354347,233.27145072996464
6355348,169.29242534099646
6356349,157.89817908926312
6357350,231.10853009687636
6358351,244.31021078733093
6359352,134.08081142181558
6360353,321.62311028312484
6361354,127.94728644830782
6362355,308.47194950307323
6363356,105.58433235613796
6364357,67.97064045268172
6365358,97.70164619855687
6366359,102.06221548141673
6367360,47.55026970733555
6368361,268.6161115724142
6369362,245.9745095244341
6370363,209.45253787910426
6371364,281.8837536905879
6372365,237.8972068157353
6373366,332.8590886879366
6374367,381.0187216150007
6375368,85.4028634226222
6376369,99.26683929496376
6377370,285.8396365737147
6378371,266.0491794360748
6379372,333.78563764307734
6380373,327.78052130026754
6381374,166.9114736318391
6382375,105.02472974111667
6383376,55.14299404821728
6384377,61.2189072647087
6385378,333.3167103914796
6386379,347.60291545784816
6387380,180.2665927782465
6388381,119.77939086967494
6389382,339.57495505451107
6390383,295.5628547339713
6391384,322.4514145907848
6392385,404.15091830894454
6393386,147.8339155114844
6394387,328.13201173293834
6395388,47.05396858143551
6396389,104.07555985973173
6397390,352.3359093364522
6398391,71.15304867639742
6399392,228.50819972280937
6400393,128.12673130582482
6401394,314.09168027507894
6402395,121.36033364570473
6403396,149.0928577960025
6404397,343.48940322444975
6405398,213.36459176987665
6406399,312.50750280030445
6407400,159.28362361530526
6408401,334.38363286309516
6409402,76.25268215191021
6410403,331.4751909043658
6411404,84.30590206246684
6412405,195.7522551936294
6413406,215.50467262785494
6414407,207.4584843561696
6415408,70.93573419947427
6416409,101.48296431076952
6417410,129.1439415572196
6418411,66.85024942475795
6419412,145.70039478500595
6420413,297.2155113417885
6421414,190.95439142491443
6422415,123.07423171927805
6423416,295.02676681279627
6424417,305.3837829276583
6425418,236.07889212038373
6426419,134.63378090582054
6427420,99.00457991736756
6428421,234.47629286193617
6429422,123.62878126173158
6430423,92.97664210830007
6431424,273.0154016890571
6432425,161.82549274606203
6433426,299.3786231330425
6434427,223.73649891814082
6435428,295.3914792719784
6436429,52.52765457907905
6437430,63.68433354187261
6438431,83.88331771724606
6439432,233.07331201317413
6440433,46.90027830434722
6441434,185.47079736193004
6442435,101.84595563856732
6443436,241.49178932786984
6444437,170.46792479153336
6445438,61.91364542228387
6446439,283.8010180325168
6447440,69.32128978694982
6448441,183.90735086852342
6449442,202.58116421268312
6450443,70.00412393325944
6451444,249.0904893766917
6452445,290.8128877787648
6453446,179.2816068572862
6454447,253.35878958237208
6455448,349.4542109097558
6456449,276.65379867312197
6457450,159.76432436247006
6458451,306.05803978493975
6459452,210.7580644454445
6460453,52.48340491445159
6461454,68.93376825116324
6462455,134.5279579903199
6463456,315.5774100681573
6464457,306.80887985227776
6465458,228.72472712388733
6466459,148.57222649007218
6467460,220.2288624805741
6468461,70.80079743873196
6469462,242.22844066998704
6470463,200.01545565478673
6471464,116.91304106355372
6472465,282.9408837520001
6473466,135.4159037862805
6474467,67.95205652235843
6475468,310.97066747457797
6476469,180.5001115802541
6477470,273.15262980386785
6478471,338.2414321328066
6479472,305.30768872090755
6480473,104.40222997394523
6481474,132.71197341817967
6482475,187.66672315655612
6483476,64.8166443353995
6484477,319.5039396456305
6485478,348.2902411295549
6486479,247.46626624517882
6487480,195.70353986643886
6488481,195.85503149160238
6489482,252.18213668070607
6490483,85.06668624849087
6491484,72.27401554187804
6492485,77.02702260168458
6493486,215.51611420580346
6494487,253.53891862076105
6495488,169.85730905576656
6496489,136.24063890503433
6497490,321.5487506104113
6498491,126.0811752874414
6499492,116.56614169865307
6500493,107.58110725151842
6501494,134.23303349675183
6502495,73.25997017017862
6503496,85.16590745762893
6504497,30.321113069940896
6505498,86.26715960538078
6506499,361.15394810464045
6507500,92.21073860354007
6508501,315.7930571553608
6509502,81.18247034605884
6510503,348.68755023820023
6511504,271.74348599708287
6512505,323.7078707694571
6513506,53.602160795242916
6514507,315.86315727739134
6515508,319.4522328357938
6516509,146.423921624537
6517510,158.8233426360547
6518511,134.11069461196888
6519512,333.8266696121437
6520513,193.69700759823758
6521514,76.72269765439484
6522515,80.89875627623174
6523516,333.4241571455004
6524517,135.21401369646583
6525518,75.0695924999529
6526519,216.05749056935423
6527520,79.32634615712928
6528521,278.35828282474114
6529522,310.1887415098895
6530523,329.47533439598845
6531524,231.19282580187706
6532525,308.4973858120048
6533526,71.2552401804142
6534527,98.13483440814922
6535528,240.47201511738623
6536529,126.73742645239678
6537530,199.45412574455088
6538531,227.20587694068064
6539532,69.30423858507518
6540533,272.95064308257764
6541534,93.14214279994299
6542535,150.95140342008153
6543536,237.1130963834449
6544537,181.80904489743182
6545538,331.52689005959587
6546539,365.3644689294352
6547540,281.9579439168159
6548541,178.11031023946862
6549542,177.1437177007012
6550543,76.22938329109752
6551544,382.52329684426553
6552545,294.8055014039989
6553546,136.81126124958223
6554547,194.50498447973177
6555548,42.81368274859982
6556549,329.2077009525009
6557550,221.27731748192213
6558551,110.16432087307477
6559552,104.45703511749716
6560553,177.70494333486778
6561554,74.43447282023796
6562555,355.69667564693356
6563556,71.64316168935497
6564557,308.01161959529946
6565558,87.89066520746415
6566559,87.48033106710241
6567560,96.34741765882649
6568561,46.1172253971725
6569562,145.79874971296826
6570563,209.86537040022554
6571564,197.90128942606069
6572565,171.93773557370338
6573566,73.45968189122406
6574567,178.57942421144398
6575568,150.54220644950618
6576569,129.6923935364961
6577570,223.23475330551167
6578571,100.80054181219707
6579572,272.694474752923
6580573,39.37748482347257
6581574,192.31229218498814
6582575,217.85188224238595
6583576,35.32667214060928
6584577,293.2496954044549
6585578,229.6450907800976
6586579,158.01552814002716
6587580,101.61516235962178
6588581,176.59985558561218
6589582,206.99926466672363
6590583,184.02359446899973
6591584,185.05144578519528
6592585,368.27260217729
6593586,109.68115600297834
6594587,132.57190104204207
6595588,65.86439852307359
6596589,135.4327292971183
6597590,148.3597799530939
6598591,103.627868117259
6599592,218.82168066961967
6600593,196.14802782798148
6601594,188.30778838326546
6602595,296.9048770107478
6603596,177.25834524594782
6604597,171.7992521892424
6605598,101.80646366938865
6606599,141.42142824922553
6607600,46.47966949035858
6608601,54.231285700157045
6609602,190.55022191630468
6610603,71.07330174567677
6611604,181.18784463316825
6612605,233.82800766820924
6613606,101.3359986602211
6614607,259.85608591737724
6615608,241.19153301620983
6616609,264.0426551655221
6617610,233.65431663310824
6618611,331.90310640234804
6619612,54.7232807219424
6620613,224.8821911563665
6621614,177.71514937817483
6622615,134.62125529295517
6623616,94.52524602657385
6624617,67.33219507811276
6625618,255.99124296119675
6626619,305.1181517672492
6627620,174.1693868946246
6628621,338.32968664541806
6629622,205.83603839002714
6630623,99.07799506842349
6631624,290.6104149426942
6632625,34.10488035486828
6633626,88.05572934305323
6634627,161.3399943557442
6635628,159.87153877072893
6636629,75.50688400618318
6637630,181.7563294993428
6638631,215.1561479241706
6639632,53.19619053735181
6640633,84.64170034601737
6641634,134.66012256732918
6642635,50.46704908372916
6643636,248.53526992133072
6644637,216.0738301619826
6645638,235.4634499467388
6646639,34.418146458511714
6647640,193.55290729320663
6648641,303.512420455167
6649642,265.0432424367638
6650643,330.04943547765953
6651644,284.9563937865517
6652645,137.78589366610936
6653646,92.28063732793008
6654647,296.0265646933399
6655648,328.99808261521446
6656649,140.83728527759231
6657650,68.08011567647362
6658651,163.62028682493622
6659652,42.69653533344508
6660653,311.3223791873067
6661654,294.1377396252408
6662655,319.91259249171605
6663656,80.92141733181404
6664657,220.56992409515726
6665658,163.46089169457608
6666659,262.5958360167469
6667660,160.22042648059207
6668661,215.96206834441773
6669662,91.82181686641391
6670663,290.9177740619607
6671664,207.18183045824534
6672665,73.05481111533958
6673666,65.12354933015479
6674667,149.10518808082597
6675668,141.47547497961668
6676669,82.3248984943825
6677670,350.41495986913
6678671,271.32039568680585
6679672,280.78183764938905
6680673,236.04219748870867
6681674,52.382333658272465
6682675,124.98579500525891
6683676,154.79065143907152
6684677,160.60515578177797
6685678,158.78432898626173
6686679,44.61272209898636
6687680,153.50141511808738
6688681,131.70128688350022
6689682,71.65407604920709
6690683,172.75917903536035
6691684,267.9694663454688
6692685,107.96328636081425
6693686,68.10998083941274
6694687,320.2083184439691
6695688,258.73099543488775
6696689,110.82773630115398
6697690,142.36866579277572
6698691,130.15709276528364
6699692,182.6644847543559
6700693,325.27490763906434
6701694,108.035900938756
6702695,116.21394459575257
6703696,129.74334850978644
6704697,313.07190662276685
6705698,184.16734461479805
6706699,241.8442132727161
6707700,150.15927428189784
6708701,145.17248722304865
6709702,327.59808683480475
6710703,175.55929273710217
6711704,347.02966510509424
6712705,218.0917762981588
6713706,342.31936306113744
6714707,48.8075708306007
6715708,235.14772293049393
6716709,223.959411872062
6717710,279.2655666046494
6718711,145.87277682799947
6719712,285.1349258785646
6720713,318.2639954385191
6721714,231.429893291682
6722715,68.46768717032782
6723716,168.59657506440917
6724717,244.91832544446825
6725718,126.4389213341025
6726719,121.8408527063455
6727720,387.74018554073575
6728721,298.04628537990305
6729722,309.1413219545586
6730723,194.77720402352142
6731724,163.48278230427331
6732725,102.13945174283234
6733726,215.8351997522784
6734727,305.37605283440547
6735728,183.7133993454844
6736729,340.7462169733547
6737730,305.25876006013107
6738731,290.74779950090164
6739732,122.86242315846361
6740733,97.82127054329786
6741734,152.94401594945822
6742735,122.96933326529957
6743736,394.3217853897974
6744737,179.08899900528556
6745738,326.5240533516993
6746739,129.2144070810595
6747740,131.07112879218082
6748741,70.58304086243378
6749742,353.6398771631106
6750743,174.87121663422724
6751744,91.29981073764155
6752745,330.95035394110494
6753746,283.3180275854401
6754747,37.37338232029329
6755748,80.38055490242266
6756749,88.25138952175348
6757750,329.16392792240123
6758751,97.3420984076678
6759752,278.31331070964086
6760753,62.33699051172225
6761754,172.49528941468972
6762755,67.90690721734184
6763756,367.008734002667
6764757,243.91170109305745
6765758,156.4346567946768
6766759,115.84885392863661
6767760,100.42799378300775
6768761,81.80085041624709
6769762,207.25050263145198
6770763,84.58423915098483
6771764,185.63903587879494
6772765,310.65783589761014
6773766,176.05912306409027
6774767,228.79378176758902
6775768,92.20424774439547
6776769,303.2738413398452
6777770,296.8327606431355
6778771,281.1368872462655
6779772,65.41728618707873
6780773,144.32705787429668
6781774,184.53304419316763
6782775,74.64397513722605
6783776,42.40262164417645
6784777,267.05666975419877
6785778,255.67915712515372
6786779,174.20932944161726
6787780,277.04171851848287
6788781,77.31672086831843
6789782,62.08410326682942
6790783,186.5442335853921
6791784,253.87475146148327
6792785,268.5693587470669
6793786,72.51267982804472
6794787,263.5319251385573
6795788,151.73214561813396
6796789,328.3963903908267
6797790,135.01354244361474
6798791,302.7768363452896
6799792,60.009395514520556
6800793,134.94594332248215
6801794,179.62595246297917
6802795,219.7461027838611
6803796,164.03076328058592
6804797,216.83824032177048
6805798,134.3275692555102
6806799,96.01859622120782
6807800,57.101857564649784
6808801,103.01424642953397
6809802,58.879246775055634
6810803,70.35996033070818
6811804,313.18811603965656
6812805,184.62967294153825
6813806,351.28726350261076
6814807,138.7619014974425
6815808,337.8722739787131
6816809,94.21744082757093
6817810,72.5529210744051
6818811,194.08240961129027
6819812,102.16110847360372
6820813,148.4601254699554
6821814,330.7264042340813
6822815,116.89013857109144
6823816,115.13359651225991
