timestep,episodic_return
1000,0.0
2001,0.0
3002,0.0
4003,0.0
5004,0.0
6005,0.0
7006,0.0
8007,0.0
9008,0.0
10009,0.0
11010,0.0
12011,0.0
13012,0.0
14013,0.0
15014,0.0
16015,0.0
17016,0.0
18017,0.0
19018,0.0
20019,0.0
21020,0.0
22021,0.0
23022,0.0
24023,0.0
25024,0.0
26025,0.0
27026,0.0
28027,0.0
29028,0.0
30029,0.0
31030,0.0
32031,0.0
33032,0.0
34033,0.0
35034,0.0
36035,0.0
37036,0.0
38037,0.0
39038,0.0
40039,0.0
41040,0.0
42041,0.0
43042,0.0
44043,0.0
45044,0.0
46045,0.0
47046,0.0
48047,0.0
49048,0.0
50049,0.0
51050,0.0
52051,0.0
53052,0.0
54053,0.0
55054,25.0
56055,0.0
57056,0.0
58057,0.0
59058,0.0
60059,0.0
61060,0.0
62061,0.0
63062,0.0
64063,0.0
65064,0.0
66065,0.0
67066,0.0
68067,8.0
69068,0.0
70069,0.0
71070,0.0
72071,0.0
73072,0.0
74073,0.0
75074,0.0
76075,0.0
77076,0.0
78077,0.0
79078,0.0
80079,0.0
81080,0.0
82081,0.0
83082,0.0
84083,0.0
85084,0.0
86085,0.0
87086,0.0
88087,0.0
89088,0.0
90089,0.0
91090,0.0
92091,0.0
93092,0.0
94093,0.0
95094,0.0
96095,0.0
97096,0.0
98097,0.0
99098,0.0
100099,0.0
101100,0.0
102101,0.0
103102,0.0
104103,0.0
105104,0.0
106105,0.0
107106,0.0
108107,0.0
109108,0.0
110109,0.0
111110,0.0
112111,0.0
113112,0.0
114113,0.0
115114,0.0
116115,0.0
117116,0.0
118117,0.0
119118,0.0
120119,0.0
121120,0.0
122121,0.0
123122,0.0
124123,0.0
125124,0.0
126125,0.0
127126,0.0
128127,0.0
129128,0.0
130129,0.0
131130,0.0
132131,0.0
133132,0.0
134133,0.0
135134,0.0
136135,0.0
137136,0.0
138137,0.0
139138,0.0
140139,0.0
141140,0.0
142141,0.0
143142,0.0
144143,0.0
145144,0.0
146145,0.0
147146,0.0
148147,0.0
149148,0.0
150149,0.0
151150,0.0
152151,0.0
153152,0.0
154153,0.0
155154,0.0
156155,0.0
157156,0.0
158157,0.0
159158,0.0
160159,0.0
161160,0.0
162161,20.0
163162,0.0
164163,0.0
165164,0.0
166165,0.0
167166,0.0
168167,12.0
169168,0.0
170169,0.0
171170,0.0
172171,0.0
173172,0.0
174173,0.0
175174,0.0
176175,0.0
177176,0.0
178177,0.0
179178,0.0
180179,0.0
181180,0.0
182181,0.0
183182,0.0
184183,0.0
185184,0.0
186185,0.0
187186,0.0
188187,0.0
189188,0.0
190189,0.0
191190,0.0
192191,0.0
193192,0.0
194193,0.0
195194,0.0
196195,0.0
197196,0.0
198197,0.0
199198,0.0
200199,0.0
201200,0.0
202201,0.0
203202,0.0
204203,0.0
205204,0.0
206205,14.0
207206,0.0
208207,0.0
209208,0.0
210209,0.0
211210,0.0
212211,0.0
213212,0.0
214213,0.0
215214,0.0
216215,25.0
217216,0.0
218217,0.0
219218,0.0
220219,0.0
221220,0.0
222221,0.0
223222,0.0
224223,0.0
225224,0.0
226225,0.0
227226,0.0
228227,0.0
229228,0.0
230229,0.0
231230,0.0
232231,0.0
233232,0.0
234233,0.0
235234,15.0
236235,0.0
237236,0.0
238237,0.0
239238,0.0
240239,0.0
241240,0.0
242241,0.0
243242,0.0
244243,0.0
245244,0.0
246245,0.0
247246,0.0
248247,0.0
249248,0.0
250249,0.0
251250,0.0
252251,0.0
253252,0.0
254253,0.0
255254,0.0
256255,0.0
257256,0.0
258257,0.0
259258,0.0
260259,0.0
261260,0.0
262261,0.0
263262,0.0
264263,0.0
265264,0.0
266265,0.0
267266,0.0
268267,0.0
269268,0.0
270269,0.0
271270,0.0
272271,0.0
273272,0.0
274273,0.0
275274,0.0
276275,0.0
277276,0.0
278277,0.0
279278,0.0
280279,0.0
281280,0.0
282281,0.0
283282,0.0
284283,0.0
285284,0.0
286285,0.0
287286,0.0
288287,0.0
289288,0.0
290289,0.0
291290,10.0
292291,0.0
293292,0.0
294293,0.0
295294,0.0
296295,0.0
297296,0.0
298297,0.0
299298,0.0
300299,0.0
301300,0.0
302301,0.0
303302,0.0
304303,0.0
305304,0.0
306305,0.0
307306,0.0
308307,0.0
309308,0.0
310309,0.0
311310,0.0
312311,0.0
313312,0.0
314313,0.0
315314,0.0
316315,31.0
317316,0.0
318317,0.0
319318,0.0
320319,0.0
321320,0.0
322321,0.0
323322,0.0
324323,0.0
325324,55.0
326325,0.0
327326,0.0
328327,0.0
329328,0.0
330329,0.0
331330,0.0
332331,0.0
333332,0.0
334333,3.0
335334,0.0
336335,0.0
337336,0.0
338337,0.0
339338,0.0
340339,32.0
341340,0.0
342341,0.0
343342,0.0
344343,0.0
345344,0.0
346345,0.0
347346,0.0
348347,0.0
349348,0.0
350349,0.0
351350,0.0
352351,0.0
353352,0.0
354353,0.0
355354,0.0
356355,0.0
357356,0.0
358357,0.0
359358,0.0
360359,0.0
361360,34.0
362361,0.0
363362,0.0
364363,64.0
365364,0.0
366365,17.0
367366,0.0
368367,70.0
369368,66.0
370369,21.0
371370,52.0
372371,0.0
373372,16.0
374373,22.0
375374,0.0
376375,26.0
377376,24.0
378377,45.0
379378,40.0
380379,48.0
381380,65.0
382381,67.0
383382,51.0
384383,48.0
385384,28.0
386385,80.0
387386,48.0
388387,92.0
389388,28.0
390389,80.0
391390,43.0
392391,54.0
393392,46.0
394393,34.0
395394,64.0
396395,37.0
397396,64.0
398397,49.0
399398,73.0
400399,68.0
401400,42.0
402401,38.0
403402,18.0
404403,54.0
405404,57.0
406405,22.0
407406,41.0
408407,50.0
409408,30.0
410409,72.0
411410,44.0
412411,61.0
413412,60.0
414413,51.0
415414,58.0
416415,52.0
417416,49.0
418417,94.0
419418,66.0
420419,53.0
421420,32.0
422421,28.0
423422,14.0
424423,28.0
425424,81.0
426425,35.0
427426,13.0
428427,57.0
429428,57.0
430429,50.0
431430,58.0
432431,108.0
433432,73.0
434433,84.0
435434,42.0
436435,60.0
437436,48.0
438437,31.0
439438,84.0
440439,40.0
441440,81.0
442441,15.0
443442,59.0
444443,49.0
445444,35.0
446445,63.0
447446,42.0
448447,29.0
449448,38.0
450449,58.0
451450,40.0
452451,80.0
453452,46.0
454453,24.0
455454,43.0
456455,53.0
457456,34.0
458457,57.0
459458,45.0
460459,42.0
461460,62.0
462461,51.0
463462,49.0
464463,42.0
465464,48.0
466465,50.0
467466,59.0
468467,43.0
469468,57.0
470469,50.0
471470,68.0
472471,58.0
473472,92.0
474473,71.0
475474,43.0
476475,10.0
477476,60.0
478477,40.0
479478,21.0
480479,57.0
481480,49.0
482481,37.0
483482,57.0
484483,56.0
485484,75.0
486485,71.0
487486,56.0
488487,15.0
489488,58.0
490489,55.0
491490,62.0
492491,39.0
493492,80.0
494493,59.0
495494,60.0
496495,50.0
497496,37.0
498497,47.0
499498,49.0
500499,44.0
501500,37.0
502501,47.0
503502,68.0
504503,56.0
505504,58.0
506505,55.0
507506,40.0
508507,36.0
509508,53.0
510509,62.0
511510,65.0
512511,66.0
513512,35.0
514513,41.0
515514,84.0
516515,80.0
517516,61.0
518517,52.0
519518,60.0
520519,24.0
521520,61.0
522521,58.0
523522,31.0
524523,61.0
525524,60.0
526525,23.0
527526,54.0
528527,41.0
529528,73.0
530529,58.0
531530,39.0
532531,65.0
533532,36.0
534533,50.0
535534,54.0
536535,63.0
537536,53.0
538537,73.0
539538,19.0
540539,55.0
541540,98.0
542541,46.0
543542,72.0
544543,74.0
545544,38.0
546545,36.0
547546,49.0
548547,64.0
549548,65.0
550549,43.0
551550,57.0
552551,62.0
553552,67.0
554553,69.0
555554,44.0
556555,69.0
557556,70.0
558557,56.0
559558,48.0
560559,37.0
561560,31.0
562561,61.0
563562,42.0
564563,6.0
565564,50.0
566565,52.0
567566,80.0
568567,33.0
569568,79.0
570569,17.0
571570,93.0
572571,54.0
573572,46.0
574573,70.0
575574,54.0
576575,68.0
577576,60.0
578577,65.0
579578,56.0
580579,62.0
581580,39.0
582581,59.0
583582,72.0
584583,60.0
585584,57.0
586585,73.0
587586,48.0
588587,63.0
589588,48.0
590589,57.0
591590,71.0
592591,55.0
593592,54.0
594593,55.0
595594,49.0
596595,51.0
597596,47.0
598597,66.0
599598,46.0
600599,40.0
601600,57.0
602601,45.0
603602,36.0
604603,49.0
605604,50.0
606605,48.0
607606,55.0
608607,69.0
609608,70.0
610609,47.0
611610,73.0
612611,37.0
613612,58.0
614613,91.0
615614,54.0
616615,27.0
617616,46.0
618617,58.0
619618,86.0
620619,82.0
621620,51.0
622621,50.0
623622,57.0
624623,65.0
625624,68.0
626625,65.0
627626,88.0
628627,79.0
629628,70.0
630629,80.0
631630,60.0
632631,63.0
633632,50.0
634633,98.0
635634,50.0
636635,38.0
637636,49.0
638637,46.0
639638,76.0
640639,67.0
641640,40.0
642641,75.0
643642,59.0
644643,71.0
645644,91.0
646645,66.0
647646,75.0
648647,69.0
649648,94.0
650649,57.0
651650,76.0
652651,42.0
653652,68.0
654653,49.0
655654,59.0
656655,46.0
657656,105.0
658657,43.0
659658,48.0
660659,60.0
661660,85.0
662661,53.0
663662,50.0
664663,99.0
665664,73.0
666665,83.0
667666,56.0
668667,68.0
669668,56.0
670669,27.0
671670,66.0
672671,89.0
673672,96.0
674673,72.0
675674,94.0
676675,29.0
677676,89.0
678677,30.0
679678,61.0
680679,36.0
681680,75.0
682681,106.0
683682,84.0
684683,79.0
685684,87.0
686685,67.0
687686,75.0
688687,102.0
689688,162.0
690689,72.0
691690,0.0
692691,73.0
693692,66.0
694693,78.0
695694,67.0
696695,90.0
697696,80.0
698697,75.0
699698,102.0
700699,99.0
701700,54.0
702701,87.0
703702,85.0
704703,114.0
705704,104.0
706705,101.0
707706,67.0
708707,111.0
709708,89.0
710709,117.0
711710,70.0
712711,97.0
713712,106.0
714713,110.0
715714,60.0
716715,118.0
717716,89.0
718717,94.0
719718,99.0
720719,59.0
721720,108.0
722721,50.0
723722,116.0
724723,90.0
725724,176.0
726725,130.0
727726,51.0
728727,45.0
729728,97.0
730729,51.0
731730,121.0
732731,117.0
733732,71.0
734733,77.0
735734,87.0
736735,184.0
737736,112.0
738737,120.0
739738,70.0
740739,20.0
741740,62.0
742741,60.0
743742,146.0
744743,38.0
745744,17.0
746745,101.0
747746,91.0
748747,180.0
749748,127.0
750749,84.0
751750,208.0
752751,94.0
753752,89.0
754753,53.0
755754,225.0
756755,63.0
757756,208.0
758757,165.0
759758,205.0
760759,223.0
761760,133.0
762761,102.0
763762,103.0
764763,98.0
765764,171.0
766765,56.0
767766,173.0
768767,194.0
769768,168.0
770769,358.0
771770,174.0
772771,193.0
773772,221.0
774773,227.0
775774,214.0
776775,198.0
777776,267.0
778777,251.0
779778,266.0
780779,127.0
781780,266.0
782781,135.0
783782,174.0
784783,118.0
785784,192.0
786785,332.0
787786,370.0
788787,305.0
789788,158.0
790789,185.0
791790,285.0
792791,303.0
793792,290.0
794793,341.0
795794,493.0
796795,460.0
797796,520.0
798797,483.0
799798,718.0
800799,283.0
801800,303.0
802801,361.0
803802,771.0
804803,412.0
805804,854.0
806805,452.0
807806,550.0
808807,639.0
809808,596.0
810809,685.0
811810,409.0
812811,931.0
813812,476.0
814813,809.0
815814,695.0
816815,620.0
817816,879.0
818817,543.0
819818,784.0
820819,824.0
821820,830.0
822821,730.0
823822,828.0
824823,748.0
825824,938.0
826825,871.0
827826,837.0
828827,459.0
829828,861.0
830829,826.0
831830,906.0
832831,884.0
833832,671.0
834833,620.0
835834,1000.0
836835,555.0
837836,711.0
838837,919.0
839838,939.0
840839,1000.0
841840,677.0
842841,880.0
843842,774.0
844843,671.0
845844,747.0
846845,937.0
847846,934.0
848847,613.0
849848,1000.0
850849,834.0
851850,679.0
852851,879.0
853852,866.0
854853,635.0
855854,747.0
856855,316.0
857856,459.0
858857,883.0
859858,681.0
860859,885.0
861860,86.0
862861,906.0
863862,939.0
864863,937.0
865864,669.0
866865,793.0
867866,932.0
868867,530.0
869868,431.0
870869,286.0
871870,489.0
872871,628.0
873872,939.0
874873,551.0
875874,876.0
876875,436.0
877876,842.0
878877,464.0
879878,75.0
880879,792.0
881880,938.0
882881,714.0
883882,796.0
884883,69.0
885884,713.0
886885,1000.0
887886,856.0
888887,71.0
889888,879.0
890889,876.0
891890,752.0
892891,778.0
893892,131.0
894893,878.0
895894,324.0
896895,812.0
897896,741.0
898897,72.0
899898,522.0
900899,114.0
901900,675.0
902901,518.0
903902,313.0
904903,224.0
905904,867.0
906905,937.0
907906,273.0
908907,324.0
909908,1000.0
910909,143.0
911910,928.0
912911,608.0
913912,884.0
914913,380.0
915914,493.0
916915,931.0
917916,781.0
918917,703.0
919918,1000.0
920919,919.0
921920,544.0
922921,695.0
923922,457.0
924923,788.0
925924,983.0
926925,937.0
927926,469.0
928927,848.0
929928,941.0
930929,291.0
931930,242.0
932931,866.0
933932,141.0
934933,830.0
935934,454.0
936935,57.0
937936,402.0
938937,815.0
939938,892.0
940939,117.0
941940,452.0
942941,211.0
943942,939.0
944943,600.0
945944,478.0
946945,617.0
947946,118.0
948947,405.0
949948,30.0
950949,434.0
951950,754.0
952951,622.0
953952,313.0
954953,547.0
955954,0.0
956955,508.0
957956,579.0
958957,916.0
959958,446.0
960959,826.0
961960,164.0
962961,526.0
963962,473.0
964963,395.0
965964,94.0
966965,94.0
967966,901.0
968967,780.0
969968,395.0
970969,1000.0
971970,785.0
972971,348.0
973972,924.0
974973,467.0
975974,549.0
976975,782.0
977976,820.0
978977,919.0
979978,682.0
980979,802.0
981980,454.0
982981,469.0
983982,559.0
984983,697.0
985984,907.0
986985,871.0
987986,808.0
988987,320.0
989988,468.0
990989,271.0
991990,612.0
992991,771.0
993992,906.0
994993,753.0
995994,878.0
996995,149.0
997996,712.0
998997,809.0
999998,832.0
1000999,704.0
1002000,824.0
1003001,408.0
1004002,692.0
1005003,592.0
1006004,943.0
1007005,638.0
1008006,449.0
1009007,829.0
1010008,299.0
1011009,754.0
1012010,865.0
1013011,923.0
1014012,718.0
1015013,893.0
1016014,373.0
1017015,590.0
1018016,578.0
1019017,862.0
1020018,353.0
1021019,918.0
1022020,1000.0
1023021,866.0
1024022,936.0
1025023,43.0
1026024,928.0
1027025,321.0
1028026,641.0
1029027,790.0
1030028,638.0
1031029,494.0
1032030,539.0
1033031,737.0
1034032,490.0
1035033,884.0
1036034,626.0
1037035,37.0
1038036,873.0
1039037,620.0
1040038,680.0
1041039,49.0
1042040,289.0
1043041,894.0
1044042,737.0
1045043,542.0
1046044,480.0
1047045,891.0
1048046,382.0
1049047,821.0
1050048,48.0
1051049,713.0
1052050,733.0
1053051,297.0
1054052,815.0
1055053,523.0
1056054,613.0
1057055,684.0
1058056,830.0
1059057,685.0
1060058,686.0
1061059,747.0
1062060,500.0
1063061,483.0
1064062,437.0
1065063,602.0
1066064,865.0
1067065,58.0
1068066,596.0
1069067,806.0
1070068,545.0
1071069,915.0
1072070,523.0
1073071,57.0
1074072,754.0
1075073,658.0
1076074,604.0
1077075,879.0
1078076,906.0
1079077,65.0
1080078,931.0
1081079,651.0
1082080,840.0
1083081,606.0
1084082,925.0
1085083,597.0
1086084,789.0
1087085,67.0
1088086,54.0
1089087,673.0
1090088,717.0
1091089,715.0
1092090,933.0
1093091,39.0
1094092,874.0
1095093,933.0
1096094,935.0
1097095,932.0
1098096,521.0
1099097,787.0
1100098,510.0
1101099,59.0
1102100,677.0
1103101,776.0
1104102,0.0
1105103,830.0
1106104,546.0
1107105,935.0
1108106,52.0
1109107,935.0
1110108,699.0
1111109,595.0
1112110,881.0
1113111,631.0
1114112,820.0
1115113,880.0
1116114,579.0
1117115,610.0
1118116,0.0
1119117,688.0
1120118,718.0
1121119,63.0
1122120,837.0
1123121,0.0
1124122,0.0
1125123,920.0
1126124,834.0
1127125,551.0
1128126,869.0
1129127,880.0
1130128,929.0
1131129,784.0
1132130,835.0
1133131,929.0
1134132,746.0
1135133,910.0
1136134,822.0
1137135,555.0
1138136,0.0
1139137,795.0
1140138,743.0
1141139,835.0
1142140,439.0
1143141,852.0
1144142,914.0
1145143,885.0
1146144,932.0
1147145,657.0
1148146,456.0
1149147,88.0
1150148,916.0
1151149,709.0
1152150,748.0
1153151,695.0
1154152,637.0
1155153,615.0
1156154,98.0
1157155,929.0
1158156,881.0
1159157,757.0
1160158,938.0
1161159,159.0
1162160,920.0
1163161,463.0
1164162,628.0
1165163,758.0
1166164,572.0
1167165,387.0
1168166,935.0
1169167,641.0
1170168,1000.0
1171169,536.0
1172170,647.0
1173171,925.0
1174172,556.0
1175173,125.0
1176174,704.0
1177175,785.0
1178176,777.0
1179177,714.0
1180178,939.0
1181179,631.0
1182180,879.0
1183181,918.0
1184182,753.0
1185183,893.0
1186184,637.0
1187185,836.0
1188186,666.0
1189187,564.0
1190188,877.0
1191189,828.0
1192190,640.0
1193191,243.0
1194192,667.0
1195193,759.0
1196194,689.0
1197195,805.0
1198196,792.0
1199197,480.0
1200198,933.0
1201199,687.0
1202200,644.0
1203201,875.0
1204202,505.0
1205203,924.0
1206204,757.0
1207205,925.0
1208206,880.0
1209207,0.0
1210208,858.0
1211209,0.0
1212210,1000.0
1213211,704.0
1214212,624.0
1215213,930.0
1216214,663.0
1217215,928.0
1218216,915.0
1219217,67.0
1220218,601.0
1221219,710.0
1222220,941.0
1223221,910.0
1224222,891.0
1225223,796.0
1226224,1000.0
1227225,713.0
1228226,844.0
1229227,644.0
1230228,527.0
1231229,756.0
1232230,706.0
1233231,886.0
1234232,673.0
1235233,384.0
1236234,677.0
1237235,759.0
1238236,539.0
1239237,916.0
1240238,681.0
1241239,154.0
1242240,453.0
1243241,678.0
1244242,757.0
1245243,673.0
1246244,667.0
1247245,835.0
1248246,903.0
1249247,512.0
1250248,1000.0
1251249,105.0
1252250,726.0
1253251,638.0
1254252,934.0
1255253,1000.0
1256254,784.0
1257255,665.0
1258256,934.0
1259257,853.0
1260258,828.0
1261259,758.0
1262260,682.0
1263261,587.0
1264262,793.0
1265263,934.0
1266264,786.0
1267265,932.0
1268266,926.0
1269267,884.0
1270268,588.0
1271269,563.0
1272270,920.0
1273271,502.0
1274272,777.0
1275273,932.0
1276274,868.0
1277275,862.0
1278276,623.0
1279277,745.0
1280278,517.0
1281279,816.0
1282280,786.0
1283281,856.0
1284282,884.0
1285283,0.0
1286284,826.0
1287285,1000.0
1288286,802.0
1289287,669.0
1290288,757.0
1291289,716.0
1292290,268.0
1293291,643.0
1294292,388.0
1295293,631.0
1296294,831.0
1297295,716.0
1298296,845.0
1299297,922.0
1300298,713.0
1301299,605.0
1302300,925.0
1303301,934.0
1304302,930.0
1305303,382.0
1306304,930.0
1307305,853.0
1308306,707.0
1309307,877.0
1310308,939.0
1311309,886.0
1312310,942.0
1313311,683.0
1314312,850.0
1315313,738.0
1316314,760.0
1317315,541.0
1318316,888.0
1319317,934.0
1320318,790.0
1321319,923.0
1322320,823.0
1323321,534.0
1324322,683.0
1325323,706.0
1326324,781.0
1327325,536.0
1328326,45.0
1329327,794.0
1330328,887.0
1331329,615.0
1332330,758.0
1333331,1000.0
1334332,637.0
1335333,941.0
1336334,912.0
1337335,726.0
1338336,727.0
1339337,798.0
1340338,942.0
1341339,890.0
1342340,888.0
1343341,884.0
1344342,928.0
1345343,938.0
1346344,875.0
1347345,613.0
1348346,865.0
1349347,25.0
1350348,562.0
1351349,787.0
1352350,33.0
1353351,795.0
1354352,1000.0
1355353,364.0
1356354,778.0
1357355,917.0
1358356,795.0
1359357,605.0
1360358,59.0
1361359,754.0
1362360,877.0
1363361,549.0
1364362,607.0
1365363,597.0
1366364,648.0
1367365,796.0
1368366,742.0
1369367,724.0
1370368,650.0
1371369,482.0
1372370,391.0
1373371,683.0
1374372,509.0
1375373,619.0
1376374,261.0
1377375,502.0
1378376,367.0
1379377,652.0
1380378,890.0
1381379,1000.0
1382380,479.0
1383381,871.0
1384382,717.0
1385383,652.0
1386384,774.0
1387385,446.0
1388386,923.0
1389387,825.0
1390388,317.0
1391389,616.0
1392390,797.0
1393391,881.0
1394392,701.0
1395393,875.0
1396394,814.0
1397395,650.0
1398396,530.0
1399397,891.0
1400398,613.0
1401399,640.0
1402400,992.0
1403401,864.0
1404402,839.0
1405403,933.0
1406404,938.0
1407405,251.0
1408406,805.0
1409407,877.0
1410408,602.0
1411409,695.0
1412410,907.0
1413411,780.0
1414412,712.0
1415413,568.0
1416414,683.0
1417415,592.0
1418416,484.0
1419417,438.0
1420418,396.0
1421419,604.0
1422420,397.0
1423421,839.0
1424422,559.0
1425423,836.0
1426424,862.0
1427425,565.0
1428426,993.0
1429427,645.0
1430428,919.0
1431429,874.0
1432430,688.0
1433431,51.0
1434432,45.0
1435433,672.0
1436434,627.0
1437435,940.0
1438436,938.0
1439437,690.0
1440438,756.0
1441439,40.0
1442440,838.0
1443441,525.0
1444442,636.0
1445443,584.0
1446444,635.0
1447445,619.0
1448446,937.0
1449447,754.0
1450448,853.0
1451449,674.0
1452450,935.0
1453451,639.0
1454452,713.0
1455453,383.0
1456454,821.0
1457455,835.0
1458456,673.0
1459457,742.0
1460458,939.0
1461459,236.0
1462460,1000.0
1463461,621.0
1464462,476.0
1465463,432.0
1466464,656.0
1467465,746.0
1468466,539.0
1469467,215.0
1470468,1000.0
1471469,489.0
1472470,734.0
1473471,869.0
1474472,809.0
1475473,846.0
1476474,937.0
1477475,940.0
1478476,821.0
1479477,1000.0
1480478,879.0
1481479,935.0
1482480,832.0
1483481,654.0
1484482,602.0
1485483,752.0
1486484,645.0
1487485,748.0
1488486,656.0
1489487,595.0
1490488,875.0
1491489,831.0
1492490,923.0
1493491,758.0
1494492,932.0
1495493,760.0
1496494,657.0
1497495,1000.0
1498496,613.0
1499497,866.0
1500498,1000.0
1501499,506.0
1502500,701.0
1503501,930.0
1504502,882.0
1505503,936.0
1506504,645.0
1507505,1000.0
1508506,64.0
1509507,748.0
1510508,553.0
1511509,940.0
1512510,713.0
1513511,793.0
1514512,332.0
1515513,763.0
1516514,708.0
1517515,796.0
1518516,433.0
1519517,547.0
1520518,569.0
1521519,554.0
1522520,598.0
1523521,501.0
1524522,447.0
1525523,928.0
1526524,924.0
1527525,388.0
1528526,722.0
1529527,421.0
1530528,759.0
1531529,547.0
1532530,817.0
1533531,860.0
1534532,884.0
1535533,554.0
1536534,654.0
1537535,846.0
1538536,753.0
1539537,626.0
1540538,605.0
1541539,654.0
1542540,420.0
1543541,883.0
1544542,665.0
1545543,545.0
1546544,930.0
1547545,635.0
1548546,613.0
1549547,868.0
1550548,459.0
1551549,697.0
1552550,744.0
1553551,670.0
1554552,883.0
1555553,614.0
1556554,614.0
1557555,932.0
1558556,928.0
1559557,909.0
1560558,664.0
1561559,886.0
1562560,814.0
1563561,701.0
1564562,1000.0
1565563,760.0
1566564,834.0
1567565,737.0
1568566,511.0
1569567,723.0
1570568,784.0
1571569,928.0
1572570,528.0
1573571,594.0
1574572,636.0
1575573,802.0
1576574,563.0
1577575,794.0
1578576,936.0
1579577,880.0
1580578,683.0
1581579,645.0
1582580,934.0
1583581,938.0
1584582,652.0
1585583,692.0
1586584,872.0
1587585,751.0
1588586,685.0
1589587,572.0
1590588,552.0
1591589,836.0
1592590,934.0
1593591,783.0
1594592,831.0
1595593,881.0
1596594,933.0
1597595,927.0
1598596,675.0
1599597,691.0
1600598,792.0
1601599,589.0
1602600,555.0
1603601,982.0
1604602,884.0
1605603,762.0
1606604,670.0
1607605,715.0
1608606,937.0
1609607,726.0
1610608,526.0
1611609,641.0
1612610,527.0
1613611,854.0
1614612,934.0
1615613,698.0
1616614,879.0
1617615,511.0
1618616,825.0
1619617,888.0
1620618,936.0
1621619,571.0
1622620,723.0
1623621,648.0
1624622,886.0
1625623,797.0
1626624,938.0
1627625,570.0
1628626,649.0
1629627,637.0
1630628,886.0
1631629,922.0
1632630,875.0
1633631,799.0
1634632,706.0
1635633,808.0
1636634,460.0
1637635,872.0
1638636,671.0
1639637,643.0
1640638,1000.0
1641639,515.0
1642640,924.0
1643641,584.0
1644642,751.0
1645643,640.0
1646644,812.0
1647645,624.0
1648646,820.0
1649647,973.0
1650648,871.0
1651649,937.0
1652650,789.0
1653651,936.0
1654652,780.0
1655653,722.0
1656654,333.0
1657655,596.0
1658656,809.0
1659657,883.0
1660658,868.0
1661659,840.0
1662660,929.0
1663661,834.0
1664662,55.0
1665663,42.0
1666664,548.0
1667665,937.0
1668666,747.0
1669667,628.0
1670668,789.0
1671669,834.0
1672670,716.0
1673671,744.0
1674672,793.0
1675673,922.0
1676674,885.0
1677675,839.0
1678676,939.0
1679677,786.0
1680678,662.0
1681679,937.0
1682680,677.0
1683681,659.0
1684682,672.0
1685683,691.0
1686684,659.0
1687685,804.0
1688686,607.0
1689687,792.0
1690688,723.0
1691689,567.0
1692690,934.0
1693691,609.0
1694692,607.0
1695693,644.0
1696694,889.0
1697695,63.0
1698696,731.0
1699697,717.0
1700698,58.0
1701699,50.0
1702700,840.0
1703701,690.0
1704702,937.0
1705703,597.0
1706704,603.0
1707705,834.0
1708706,611.0
1709707,1000.0
1710708,771.0
1711709,872.0
1712710,843.0
1713711,789.0
1714712,739.0
1715713,1000.0
1716714,635.0
1717715,792.0
1718716,730.0
1719717,835.0
1720718,1000.0
1721719,428.0
1722720,303.0
1723721,488.0
1724722,593.0
1725723,650.0
1726724,937.0
1727725,717.0
1728726,850.0
1729727,721.0
1730728,717.0
1731729,841.0
1732730,655.0
1733731,689.0
1734732,688.0
1735733,840.0
1736734,717.0
1737735,851.0
1738736,547.0
1739737,762.0
1740738,833.0
1741739,489.0
1742740,470.0
1743741,919.0
1744742,780.0
1745743,863.0
1746744,761.0
1747745,544.0
1748746,641.0
1749747,640.0
1750748,924.0
1751749,569.0
1752750,831.0
1753751,937.0
1754752,934.0
1755753,857.0
1756754,836.0
1757755,757.0
1758756,539.0
1759757,441.0
1760758,534.0
1761759,706.0
1762760,932.0
1763761,611.0
1764762,682.0
1765763,870.0
1766764,985.0
1767765,932.0
1768766,748.0
1769767,730.0
1770768,561.0
1771769,767.0
1772770,877.0
1773771,844.0
1774772,719.0
1775773,726.0
1776774,645.0
1777775,707.0
1778776,885.0
1779777,937.0
1780778,930.0
1781779,1000.0
1782780,648.0
1783781,713.0
1784782,794.0
1785783,928.0
1786784,660.0
1787785,611.0
1788786,871.0
1789787,790.0
1790788,878.0
1791789,603.0
1792790,698.0
1793791,926.0
1794792,725.0
1795793,718.0
1796794,747.0
1797795,721.0
1798796,916.0
1799797,633.0
1800798,803.0
1801799,930.0
1802800,368.0
1803801,794.0
1804802,882.0
1805803,603.0
1806804,624.0
1807805,617.0
1808806,42.0
1809807,336.0
1810808,798.0
1811809,837.0
1812810,841.0
1813811,840.0
1814812,919.0
1815813,634.0
1816814,935.0
1817815,913.0
1818816,752.0
1819817,937.0
1820818,849.0
1821819,795.0
1822820,794.0
1823821,878.0
1824822,572.0
1825823,497.0
1826824,704.0
1827825,683.0
1828826,924.0
1829827,64.0
1830828,634.0
1831829,642.0
1832830,931.0
1833831,795.0
1834832,794.0
1835833,670.0
1836834,787.0
1837835,646.0
1838836,933.0
1839837,786.0
1840838,785.0
1841839,841.0
1842840,908.0
1843841,871.0
1844842,695.0
1845843,669.0
1846844,876.0
1847845,639.0
1848846,938.0
1849847,627.0
1850848,839.0
1851849,712.0
1852850,930.0
1853851,642.0
1854852,587.0
1855853,718.0
1856854,708.0
1857855,936.0
1858856,519.0
1859857,673.0
1860858,604.0
1861859,619.0
1862860,851.0
1863861,786.0
1864862,697.0
1865863,482.0
1866864,673.0
1867865,917.0
1868866,936.0
1869867,715.0
1870868,906.0
1871869,1000.0
1872870,574.0
1873871,873.0
1874872,895.0
1875873,795.0
1876874,855.0
1877875,989.0
1878876,810.0
1879877,609.0
1880878,697.0
1881879,934.0
1882880,441.0
1883881,604.0
1884882,720.0
1885883,540.0
1886884,940.0
1887885,839.0
1888886,923.0
1889887,883.0
1890888,563.0
1891889,752.0
1892890,767.0
1893891,538.0
1894892,440.0
1895893,736.0
1896894,648.0
1897895,657.0
1898896,568.0
1899897,418.0
1900898,933.0
1901899,423.0
1902900,762.0
1903901,763.0
1904902,677.0
1905903,939.0
1906904,924.0
1907905,1000.0
1908906,867.0
1909907,933.0
1910908,754.0
1911909,498.0
1912910,629.0
1913911,583.0
1914912,934.0
1915913,671.0
1916914,936.0
1917915,646.0
1918916,928.0
1919917,938.0
1920918,932.0
1921919,710.0
1922920,555.0
1923921,600.0
1924922,831.0
1925923,920.0
1926924,866.0
1927925,511.0
1928926,594.0
1929927,723.0
1930928,577.0
1931929,754.0
1932930,709.0
1933931,739.0
1934932,699.0
1935933,930.0
1936934,679.0
1937935,932.0
1938936,512.0
1939937,869.0
1940938,783.0
1941939,539.0
1942940,874.0
1943941,574.0
1944942,927.0
1945943,883.0
1946944,900.0
1947945,840.0
1948946,617.0
1949947,874.0
1950948,826.0
1951949,670.0
1952950,667.0
1953951,590.0
1954952,705.0
1955953,879.0
1956954,664.0
1957955,724.0
1958956,935.0
1959957,845.0
1960958,894.0
1961959,910.0
1962960,712.0
1963961,709.0
1964962,693.0
1965963,624.0
1966964,939.0
1967965,605.0
1968966,940.0
1969967,939.0
1970968,890.0
1971969,882.0
1972970,38.0
1973971,674.0
1974972,658.0
1975973,871.0
1976974,760.0
1977975,51.0
1978976,236.0
1979977,733.0
1980978,570.0
1981979,1000.0
1982980,708.0
1983981,987.0
1984982,605.0
1985983,729.0
1986984,310.0
1987985,831.0
1988986,738.0
1989987,794.0
1990988,793.0
1991989,598.0
1992990,723.0
1993991,856.0
1994992,932.0
1995993,784.0
1996994,754.0
1997995,929.0
1998996,682.0
1999997,763.0
2000998,598.0
2001999,454.0
2003000,855.0
2004001,718.0
2005002,939.0
2006003,839.0
2007004,889.0
2008005,61.0
2009006,655.0
2010007,748.0
2011008,1000.0
2012009,931.0
2013010,791.0
2014011,749.0
2015012,935.0
2016013,784.0
2017014,605.0
2018015,749.0
2019016,839.0
2020017,939.0
2021018,729.0
2022019,473.0
2023020,650.0
2024021,885.0
2025022,782.0
2026023,577.0
2027024,933.0
2028025,911.0
2029026,883.0
2030027,1000.0
2031028,823.0
2032029,671.0
2033030,840.0
2034031,488.0
2035032,861.0
2036033,797.0
2037034,1000.0
2038035,778.0
2039036,921.0
2040037,828.0
2041038,571.0
2042039,605.0
2043040,932.0
2044041,934.0
2045042,786.0
2046043,525.0
2047044,586.0
2048045,758.0
2049046,884.0
2050047,799.0
2051048,838.0
2052049,734.0
2053050,615.0
2054051,935.0
2055052,793.0
2056053,752.0
2057054,837.0
2058055,800.0
2059056,923.0
2060057,785.0
2061058,795.0
2062059,762.0
2063060,588.0
2064061,737.0
2065062,765.0
2066063,636.0
2067064,801.0
2068065,450.0
2069066,878.0
2070067,797.0
2071068,796.0
2072069,679.0
2073070,932.0
2074071,930.0
2075072,899.0
2076073,928.0
2077074,579.0
2078075,785.0
2079076,667.0
2080077,937.0
2081078,784.0
2082079,799.0
2083080,744.0
2084081,1000.0
2085082,756.0
2086083,915.0
2087084,863.0
2088085,887.0
2089086,585.0
2090087,646.0
2091088,989.0
2092089,1000.0
2093090,782.0
2094091,760.0
2095092,911.0
2096093,505.0
2097094,634.0
2098095,780.0
2099096,754.0
2100097,877.0
2101098,761.0
2102099,886.0
2103100,805.0
2104101,940.0
2105102,835.0
2106103,671.0
2107104,884.0
2108105,725.0
2109106,597.0
2110107,520.0
2111108,802.0
2112109,887.0
2113110,670.0
2114111,48.0
2115112,923.0
2116113,837.0
2117114,742.0
2118115,777.0
2119116,836.0
2120117,749.0
2121118,992.0
2122119,683.0
2123120,936.0
2124121,720.0
2125122,926.0
2126123,775.0
2127124,834.0
2128125,930.0
2129126,693.0
2130127,726.0
2131128,836.0
2132129,937.0
2133130,750.0
2134131,642.0
2135132,454.0
2136133,936.0
2137134,933.0
2138135,839.0
2139136,600.0
2140137,937.0
2141138,840.0
2142139,872.0
2143140,1000.0
2144141,865.0
2145142,1000.0
2146143,99.0
2147144,934.0
2148145,932.0
2149146,475.0
2150147,711.0
2151148,885.0
2152149,640.0
2153150,937.0
2154151,935.0
2155152,1000.0
2156153,883.0
2157154,876.0
2158155,756.0
2159156,348.0
2160157,845.0
2161158,931.0
2162159,833.0
2163160,759.0
2164161,608.0
2165162,930.0
2166163,885.0
2167164,547.0
2168165,666.0
2169166,930.0
2170167,938.0
2171168,774.0
2172169,616.0
2173170,940.0
2174171,935.0
2175172,881.0
2176173,597.0
2177174,984.0
2178175,754.0
2179176,503.0
2180177,1000.0
2181178,759.0
2182179,934.0
2183180,849.0
2184181,720.0
2185182,937.0
2186183,402.0
2187184,1000.0
2188185,1000.0
2189186,777.0
2190187,931.0
2191188,769.0
2192189,1000.0
2193190,699.0
2194191,850.0
2195192,38.0
2196193,923.0
2197194,837.0
2198195,857.0
2199196,46.0
2200197,927.0
2201198,475.0
2202199,932.0
2203200,841.0
2204201,842.0
2205202,869.0
2206203,793.0
2207204,477.0
2208205,794.0
2209206,632.0
2210207,783.0
2211208,1000.0
2212209,765.0
2213210,834.0
2214211,836.0
2215212,931.0
2216213,785.0
2217214,634.0
2218215,927.0
2219216,885.0
2220217,612.0
2221218,937.0
2222219,854.0
2223220,624.0
2224221,635.0
2225222,839.0
2226223,68.0
2227224,939.0
2228225,493.0
2229226,673.0
2230227,834.0
2231228,541.0
2232229,882.0
2233230,728.0
2234231,927.0
2235232,917.0
2236233,935.0
2237234,879.0
2238235,936.0
2239236,928.0
2240237,799.0
2241238,753.0
2242239,879.0
2243240,846.0
2244241,861.0
2245242,527.0
2246243,717.0
2247244,714.0
2248245,1000.0
2249246,938.0
2250247,719.0
2251248,695.0
2252249,890.0
2253250,837.0
2254251,746.0
2255252,938.0
2256253,819.0
2257254,930.0
2258255,801.0
2259256,880.0
2260257,717.0
2261258,525.0
2262259,1000.0
2263260,69.0
2264261,844.0
2265262,924.0
2266263,705.0
2267264,939.0
2268265,888.0
2269266,946.0
2270267,839.0
2271268,803.0
2272269,499.0
2273270,780.0
2274271,663.0
2275272,568.0
2276273,939.0
2277274,631.0
2278275,780.0
2279276,987.0
2280277,843.0
2281278,717.0
2282279,577.0
2283280,870.0
2284281,723.0
2285282,842.0
2286283,837.0
2287284,725.0
2288285,638.0
2289286,484.0
2290287,935.0
2291288,600.0
2292289,675.0
2293290,356.0
2294291,762.0
2295292,703.0
2296293,515.0
2297294,686.0
2298295,529.0
2299296,821.0
2300297,939.0
2301298,938.0
2302299,934.0
2303300,837.0
2304301,1000.0
2305302,686.0
2306303,935.0
2307304,873.0
2308305,930.0
2309306,610.0
2310307,844.0
2311308,765.0
2312309,857.0
2313310,919.0
2314311,392.0
2315312,837.0
2316313,477.0
2317314,384.0
2318315,860.0
2319316,671.0
2320317,801.0
2321318,857.0
2322319,843.0
2323320,937.0
2324321,553.0
2325322,786.0
2326323,833.0
2327324,937.0
2328325,938.0
2329326,868.0
2330327,606.0
2331328,926.0
2332329,443.0
2333330,465.0
2334331,54.0
2335332,935.0
2336333,689.0
2337334,810.0
2338335,628.0
2339336,884.0
2340337,796.0
2341338,663.0
2342339,458.0
2343340,831.0
2344341,934.0
2345342,637.0
2346343,725.0
2347344,637.0
2348345,882.0
2349346,800.0
2350347,850.0
2351348,655.0
2352349,692.0
2353350,714.0
2354351,936.0
2355352,727.0
2356353,638.0
2357354,53.0
2358355,752.0
2359356,499.0
2360357,936.0
2361358,933.0
2362359,834.0
2363360,673.0
2364361,883.0
2365362,856.0
2366363,709.0
2367364,936.0
2368365,854.0
2369366,832.0
2370367,1000.0
2371368,934.0
2372369,676.0
2373370,369.0
2374371,660.0
2375372,998.0
2376373,398.0
2377374,933.0
2378375,592.0
2379376,789.0
2380377,936.0
2381378,678.0
2382379,837.0
2383380,467.0
2384381,430.0
2385382,930.0
2386383,927.0
2387384,351.0
2388385,939.0
2389386,929.0
2390387,614.0
2391388,872.0
2392389,940.0
2393390,879.0
2394391,599.0
2395392,1000.0
2396393,803.0
2397394,646.0
2398395,938.0
2399396,358.0
2400397,471.0
2401398,641.0
2402399,1000.0
2403400,638.0
2404401,936.0
2405402,354.0
2406403,672.0
2407404,1000.0
2408405,889.0
2409406,552.0
2410407,502.0
2411408,838.0
2412409,55.0
2413410,937.0
2414411,716.0
2415412,871.0
2416413,940.0
2417414,761.0
2418415,655.0
2419416,716.0
2420417,677.0
2421418,830.0
2422419,886.0
2423420,463.0
2424421,186.0
2425422,815.0
2426423,872.0
2427424,932.0
2428425,705.0
2429426,444.0
2430427,886.0
2431428,808.0
2432429,723.0
2433430,682.0
2434431,873.0
2435432,685.0
2436433,750.0
2437434,623.0
2438435,851.0
2439436,1000.0
2440437,589.0
2441438,671.0
2442439,532.0
2443440,491.0
2444441,637.0
2445442,797.0
2446443,699.0
2447444,736.0
2448445,806.0
2449446,759.0
2450447,567.0
2451448,1000.0
2452449,783.0
2453450,919.0
2454451,672.0
2455452,884.0
2456453,794.0
2457454,724.0
2458455,933.0
2459456,842.0
2460457,607.0
2461458,674.0
2462459,743.0
2463460,930.0
2464461,827.0
2465462,917.0
2466463,932.0
2467464,641.0
2468465,752.0
2469466,583.0
2470467,625.0
2471468,681.0
2472469,740.0
2473470,1000.0
2474471,883.0
2475472,933.0
2476473,724.0
2477474,759.0
2478475,721.0
2479476,884.0
2480477,932.0
2481478,753.0
2482479,936.0
2483480,405.0
2484481,874.0
2485482,707.0
2486483,629.0
2487484,928.0
2488485,860.0
2489486,937.0
2490487,485.0
2491488,531.0
2492489,818.0
2493490,937.0
2494491,725.0
2495492,790.0
2496493,822.0
2497494,693.0
2498495,585.0
2499496,69.0
2500497,936.0
2501498,722.0
2502499,933.0
2503500,474.0
2504501,584.0
2505502,697.0
2506503,1000.0
2507504,883.0
2508505,842.0
2509506,668.0
2510507,880.0
2511508,921.0
2512509,640.0
2513510,939.0
2514511,794.0
2515512,711.0
2516513,915.0
2517514,722.0
2518515,936.0
2519516,882.0
2520517,503.0
2521518,705.0
2522519,888.0
2523520,761.0
2524521,940.0
2525522,452.0
2526523,757.0
2527524,882.0
2528525,562.0
2529526,658.0
2530527,827.0
2531528,923.0
2532529,867.0
2533530,887.0
2534531,432.0
2535532,714.0
2536533,831.0
2537534,337.0
2538535,288.0
2539536,595.0
2540537,670.0
2541538,726.0
2542539,480.0
2543540,916.0
2544541,46.0
2545542,900.0
2546543,726.0
2547544,745.0
2548545,725.0
2549546,756.0
2550547,494.0
2551548,937.0
2552549,928.0
2553550,521.0
2554551,568.0
2555552,779.0
2556553,571.0
2557554,935.0
2558555,831.0
2559556,909.0
2560557,747.0
2561558,612.0
2562559,742.0
2563560,648.0
2564561,677.0
2565562,69.0
2566563,802.0
2567564,674.0
2568565,353.0
2569566,683.0
2570567,935.0
2571568,846.0
2572569,594.0
2573570,588.0
2574571,731.0
2575572,885.0
2576573,567.0
2577574,806.0
2578575,842.0
2579576,715.0
2580577,572.0
2581578,269.0
2582579,719.0
2583580,82.0
2584581,842.0
2585582,835.0
2586583,879.0
2587584,915.0
2588585,51.0
2589586,764.0
2590587,831.0
2591588,336.0
2592589,479.0
2593590,847.0
2594591,843.0
2595592,1000.0
2596593,53.0
2597594,764.0
2598595,1000.0
2599596,966.0
2600597,813.0
2601598,1000.0
2602599,295.0
2603600,793.0
2604601,844.0
2605602,839.0
2606603,389.0
2607604,1000.0
2608605,745.0
2609606,280.0
2610607,1000.0
2611608,937.0
2612609,823.0
2613610,670.0
2614611,679.0
2615612,838.0
2616613,842.0
2617614,754.0
2618615,76.0
2619616,935.0
2620617,663.0
2621618,798.0
2622619,940.0
2623620,939.0
2624621,817.0
2625622,314.0
2626623,927.0
2627624,725.0
2628625,938.0
2629626,794.0
2630627,604.0
2631628,726.0
2632629,883.0
2633630,940.0
2634631,871.0
2635632,885.0
2636633,942.0
2637634,715.0
2638635,1000.0
2639636,369.0
2640637,937.0
2641638,756.0
2642639,904.0
2643640,710.0
2644641,573.0
2645642,759.0
2646643,452.0
2647644,832.0
2648645,205.0
2649646,664.0
2650647,988.0
2651648,775.0
2652649,560.0
2653650,877.0
2654651,1000.0
2655652,752.0
2656653,680.0
2657654,762.0
2658655,915.0
2659656,735.0
2660657,849.0
2661658,942.0
2662659,598.0
2663660,788.0
2664661,940.0
2665662,936.0
2666663,872.0
2667664,723.0
2668665,367.0
2669666,562.0
2670667,937.0
2671668,0.0
2672669,852.0
2673670,798.0
2674671,1000.0
2675672,58.0
2676673,885.0
2677674,48.0
2678675,938.0
2679676,792.0
2680677,17.0
2681678,46.0
2682679,765.0
2683680,689.0
2684681,0.0
2685682,763.0
2686683,798.0
2687684,641.0
2688685,777.0
2689686,0.0
2690687,0.0
2691688,885.0
2692689,885.0
2693690,979.0
2694691,934.0
2695692,918.0
2696693,668.0
2697694,843.0
2698695,0.0
2699696,932.0
2700697,593.0
2701698,1000.0
2702699,934.0
2703700,841.0
2704701,741.0
2705702,940.0
2706703,925.0
2707704,751.0
2708705,787.0
2709706,355.0
2710707,0.0
2711708,753.0
2712709,796.0
2713710,58.0
2714711,751.0
2715712,755.0
2716713,718.0
2717714,847.0
2718715,926.0
2719716,1000.0
2720717,889.0
2721718,772.0
2722719,886.0
2723720,720.0
2724721,1000.0
2725722,0.0
2726723,880.0
2727724,0.0
2728725,668.0
2729726,1000.0
2730727,0.0
2731728,562.0
2732729,940.0
2733730,282.0
2734731,939.0
2735732,0.0
2736733,845.0
2737734,935.0
2738735,779.0
2739736,750.0
2740737,774.0
2741738,724.0
2742739,840.0
2743740,681.0
2744741,0.0
2745742,876.0
2746743,342.0
2747744,805.0
2748745,797.0
2749746,882.0
2750747,751.0
2751748,0.0
2752749,830.0
2753750,751.0
2754751,725.0
2755752,602.0
2756753,765.0
2757754,383.0
2758755,528.0
2759756,570.0
2760757,804.0
2761758,841.0
2762759,836.0
2763760,724.0
2764761,939.0
2765762,803.0
2766763,936.0
2767764,722.0
2768765,619.0
2769766,828.0
2770767,1000.0
2771768,717.0
2772769,630.0
2773770,888.0
2774771,674.0
2775772,800.0
2776773,849.0
2777774,784.0
2778775,799.0
2779776,841.0
2780777,853.0
2781778,939.0
2782779,889.0
2783780,885.0
2784781,0.0
2785782,881.0
2786783,59.0
2787784,567.0
2788785,751.0
2789786,781.0
2790787,799.0
2791788,800.0
2792789,724.0
2793790,51.0
2794791,788.0
2795792,845.0
2796793,0.0
2797794,772.0
2798795,838.0
2799796,322.0
2800797,882.0
2801798,321.0
2802799,712.0
2803800,684.0
2804801,129.0
2805802,594.0
2806803,593.0
2807804,981.0
2808805,820.0
2809806,763.0
2810807,87.0
2811808,622.0
2812809,315.0
2813810,740.0
2814811,787.0
2815812,834.0
2816813,53.0
2817814,936.0
2818815,882.0
2819816,721.0
2820817,166.0
2821818,761.0
2822819,800.0
2823820,677.0
2824821,707.0
2825822,675.0
2826823,790.0
2827824,0.0
2828825,502.0
2829826,684.0
2830827,936.0
2831828,656.0
2832829,693.0
2833830,933.0
2834831,836.0
2835832,886.0
2836833,85.0
2837834,742.0
2838835,908.0
2839836,1000.0
2840837,1000.0
2841838,35.0
2842839,731.0
2843840,841.0
2844841,796.0
2845842,932.0
2846843,913.0
2847844,638.0
2848845,761.0
2849846,308.0
2850847,166.0
2851848,254.0
2852849,862.0
2853850,935.0
2854851,709.0
2855852,941.0
2856853,645.0
2857854,937.0
2858855,0.0
2859856,941.0
2860857,435.0
2861858,722.0
2862859,723.0
2863860,788.0
2864861,741.0
2865862,582.0
2866863,786.0
2867864,951.0
2868865,45.0
2869866,65.0
2870867,932.0
2871868,98.0
2872869,673.0
2873870,112.0
2874871,617.0
2875872,885.0
2876873,838.0
2877874,939.0
2878875,723.0
2879876,785.0
2880877,673.0
2881878,934.0
2882879,936.0
2883880,364.0
2884881,83.0
2885882,937.0
2886883,686.0
2887884,854.0
2888885,924.0
2889886,783.0
2890887,0.0
2891888,1000.0
2892889,631.0
2893890,849.0
2894891,771.0
2895892,55.0
2896893,794.0
2897894,837.0
2898895,789.0
2899896,956.0
2900897,883.0
2901898,880.0
2902899,410.0
2903900,907.0
2904901,761.0
2905902,638.0
2906903,619.0
2907904,975.0
2908905,881.0
2909906,805.0
2910907,885.0
2911908,129.0
2912909,932.0
2913910,53.0
2914911,173.0
2915912,888.0
2916913,530.0
2917914,935.0
2918915,826.0
2919916,924.0
2920917,714.0
2921918,802.0
2922919,885.0
2923920,929.0
2924921,887.0
2925922,801.0
2926923,887.0
2927924,797.0
2928925,273.0
2929926,756.0
2930927,885.0
2931928,380.0
2932929,929.0
2933930,793.0
2934931,870.0
2935932,808.0
2936933,668.0
2937934,514.0
2938935,634.0
2939936,937.0
2940937,673.0
2941938,487.0
2942939,782.0
2943940,879.0
2944941,587.0
2945942,917.0
2946943,61.0
2947944,251.0
2948945,785.0
2949946,939.0
2950947,930.0
2951948,794.0
2952949,79.0
2953950,934.0
2954951,879.0
2955952,677.0
2956953,270.0
2957954,879.0
2958955,799.0
2959956,886.0
2960957,647.0
2961958,576.0
2962959,890.0
2963960,118.0
2964961,276.0
2965962,815.0
2966963,878.0
2967964,925.0
2968965,833.0
2969966,876.0
2970967,681.0
2971968,833.0
2972969,71.0
2973970,731.0
2974971,668.0
2975972,0.0
2976973,707.0
2977974,865.0
2978975,718.0
2979976,881.0
2980977,932.0
2981978,814.0
2982979,927.0
2983980,939.0
2984981,797.0
2985982,844.0
2986983,677.0
2987984,879.0
2988985,1000.0
2989986,1000.0
2990987,314.0
2991988,0.0
2992989,929.0
2993990,235.0
2994991,754.0
2995992,757.0
2996993,925.0
2997994,0.0
2998995,748.0
2999996,786.0
3000997,925.0
3001998,735.0
3002999,945.0
3004000,781.0
3005001,116.0
3006002,569.0
3007003,426.0
3008004,0.0
3009005,921.0
3010006,640.0
3011007,790.0
3012008,409.0
3013009,862.0
3014010,668.0
3015011,0.0
3016012,559.0
3017013,766.0
3018014,885.0
3019015,592.0
3020016,706.0
3021017,832.0
3022018,593.0
3023019,801.0
3024020,0.0
3025021,696.0
3026022,994.0
3027023,736.0
3028024,836.0
3029025,887.0
3030026,590.0
3031027,678.0
3032028,0.0
3033029,0.0
3034030,887.0
3035031,713.0
3036032,721.0
3037033,934.0
3038034,869.0
3039035,824.0
3040036,214.0
3041037,771.0
3042038,0.0
3043039,934.0
3044040,407.0
3045041,756.0
3046042,708.0
3047043,926.0
3048044,884.0
3049045,934.0
3050046,0.0
3051047,879.0
3052048,711.0
3053049,349.0
3054050,604.0
3055051,886.0
3056052,1000.0
3057053,1000.0
3058054,939.0
3059055,932.0
3060056,707.0
3061057,823.0
3062058,700.0
3063059,935.0
3064060,1000.0
3065061,510.0
3066062,778.0
3067063,593.0
3068064,824.0
3069065,935.0
3070066,829.0
3071067,825.0
3072068,840.0
3073069,752.0
3074070,327.0
3075071,542.0
3076072,927.0
3077073,831.0
3078074,1000.0
3079075,728.0
3080076,282.0
3081077,500.0
3082078,725.0
3083079,646.0
3084080,661.0
3085081,685.0
3086082,512.0
3087083,248.0
3088084,618.0
3089085,734.0
3090086,860.0
3091087,927.0
3092088,758.0
3093089,931.0
3094090,819.0
3095091,0.0
3096092,938.0
3097093,589.0
3098094,685.0
3099095,930.0
3100096,828.0
3101097,786.0
3102098,249.0
3103099,932.0
3104100,639.0
3105101,835.0
3106102,594.0
3107103,796.0
3108104,681.0
3109105,754.0
3110106,623.0
3111107,830.0
3112108,927.0
3113109,729.0
3114110,1000.0
3115111,933.0
3116112,541.0
3117113,606.0
3118114,736.0
3119115,785.0
3120116,33.0
3121117,753.0
3122118,418.0
3123119,820.0
3124120,665.0
3125121,787.0
3126122,592.0
3127123,927.0
3128124,877.0
3129125,463.0
3130126,510.0
3131127,875.0
3132128,148.0
3133129,745.0
3134130,543.0
3135131,840.0
3136132,541.0
3137133,581.0
3138134,939.0
3139135,881.0
3140136,726.0
3141137,725.0
3142138,420.0
3143139,536.0
3144140,728.0
3145141,730.0
3146142,572.0
3147143,674.0
3148144,878.0
3149145,932.0
3150146,858.0
3151147,938.0
3152148,931.0
3153149,932.0
3154150,708.0
3155151,909.0
3156152,778.0
3157153,841.0
3158154,883.0
3159155,547.0
3160156,393.0
3161157,797.0
3162158,765.0
3163159,470.0
3164160,1000.0
3165161,867.0
3166162,922.0
3167163,868.0
3168164,801.0
3169165,393.0
3170166,830.0
3171167,875.0
3172168,145.0
3173169,720.0
3174170,928.0
3175171,939.0
3176172,701.0
3177173,748.0
3178174,697.0
3179175,935.0
3180176,652.0
3181177,1000.0
3182178,933.0
3183179,564.0
3184180,739.0
3185181,294.0
3186182,974.0
3187183,929.0
3188184,916.0
3189185,659.0
3190186,776.0
3191187,934.0
3192188,814.0
3193189,486.0
3194190,888.0
3195191,481.0
3196192,351.0
3197193,828.0
3198194,669.0
3199195,793.0
3200196,872.0
3201197,616.0
3202198,1000.0
3203199,715.0
3204200,789.0
3205201,915.0
3206202,934.0
3207203,637.0
3208204,880.0
3209205,842.0
3210206,897.0
3211207,562.0
3212208,830.0
3213209,931.0
3214210,883.0
3215211,927.0
3216212,744.0
3217213,705.0
3218214,0.0
3219215,862.0
3220216,861.0
3221217,0.0
3222218,714.0
3223219,569.0
3224220,741.0
3225221,687.0
3226222,1000.0
3227223,756.0
3228224,832.0
3229225,612.0
3230226,935.0
3231227,0.0
3232228,930.0
3233229,82.0
3234230,934.0
3235231,0.0
3236232,881.0
3237233,1000.0
3238234,928.0
3239235,787.0
3240236,926.0
3241237,937.0
3242238,1000.0
3243239,800.0
3244240,758.0
3245241,845.0
3246242,874.0
3247243,902.0
3248244,925.0
3249245,664.0
3250246,674.0
3251247,929.0
3252248,795.0
3253249,917.0
3254250,923.0
3255251,861.0
3256252,612.0
3257253,704.0
3258254,939.0
3259255,934.0
3260256,801.0
3261257,832.0
3262258,801.0
3263259,80.0
3264260,585.0
3265261,926.0
3266262,837.0
3267263,871.0
3268264,0.0
3269265,990.0
3270266,725.0
3271267,932.0
3272268,1000.0
3273269,712.0
3274270,861.0
3275271,4.0
3276272,719.0
3277273,712.0
3278274,274.0
3279275,749.0
3280276,615.0
3281277,0.0
3282278,910.0
3283279,266.0
3284280,673.0
3285281,0.0
3286282,634.0
3287283,751.0
3288284,498.0
3289285,910.0
3290286,809.0
3291287,728.0
3292288,821.0
3293289,768.0
3294290,799.0
3295291,853.0
3296292,746.0
3297293,937.0
3298294,884.0
3299295,824.0
3300296,629.0
3301297,878.0
3302298,823.0
3303299,934.0
3304300,785.0
3305301,715.0
3306302,761.0
3307303,0.0
3308304,299.0
3309305,807.0
3310306,722.0
3311307,811.0
3312308,825.0
3313309,925.0
3314310,934.0
3315311,832.0
3316312,904.0
3317313,934.0
3318314,888.0
3319315,786.0
3320316,580.0
3321317,869.0
3322318,870.0
3323319,879.0
3324320,0.0
3325321,930.0
3326322,626.0
3327323,872.0
3328324,59.0
3329325,1000.0
3330326,935.0
3331327,754.0
3332328,367.0
3333329,829.0
3334330,745.0
3335331,0.0
3336332,666.0
3337333,840.0
3338334,734.0
3339335,934.0
3340336,932.0
3341337,784.0
3342338,424.0
3343339,759.0
3344340,933.0
3345341,784.0
3346342,625.0
3347343,784.0
3348344,492.0
3349345,981.0
3350346,624.0
3351347,502.0
3352348,753.0
3353349,918.0
3354350,766.0
3355351,711.0
3356352,798.0
3357353,929.0
3358354,935.0
3359355,762.0
3360356,936.0
3361357,739.0
3362358,881.0
3363359,912.0
3364360,836.0
3365361,193.0
3366362,787.0
3367363,884.0
3368364,671.0
3369365,694.0
3370366,672.0
3371367,572.0
3372368,798.0
3373369,822.0
3374370,838.0
3375371,356.0
3376372,629.0
3377373,484.0
3378374,704.0
3379375,928.0
3380376,756.0
3381377,695.0
3382378,521.0
3383379,723.0
3384380,810.0
3385381,1000.0
3386382,0.0
3387383,596.0
3388384,793.0
3389385,251.0
3390386,882.0
3391387,835.0
3392388,885.0
3393389,877.0
3394390,225.0
3395391,936.0
3396392,792.0
3397393,634.0
3398394,71.0
3399395,0.0
3400396,590.0
3401397,674.0
3402398,850.0
3403399,831.0
3404400,464.0
3405401,678.0
3406402,762.0
3407403,836.0
3408404,935.0
3409405,837.0
3410406,788.0
3411407,822.0
3412408,938.0
3413409,789.0
3414410,558.0
3415411,759.0
3416412,932.0
3417413,719.0
3418414,771.0
3419415,499.0
3420416,757.0
3421417,824.0
3422418,567.0
3423419,801.0
3424420,929.0
3425421,938.0
3426422,978.0
3427423,840.0
3428424,759.0
3429425,757.0
3430426,936.0
3431427,923.0
3432428,934.0
3433429,568.0
3434430,837.0
3435431,701.0
3436432,797.0
3437433,939.0
3438434,937.0
3439435,704.0
3440436,835.0
3441437,838.0
3442438,837.0
3443439,691.0
3444440,667.0
3445441,787.0
3446442,717.0
3447443,884.0
3448444,796.0
3449445,938.0
3450446,803.0
3451447,755.0
3452448,882.0
3453449,887.0
3454450,676.0
3455451,887.0
3456452,888.0
3457453,63.0
3458454,885.0
3459455,713.0
3460456,599.0
3461457,735.0
3462458,832.0
3463459,929.0
3464460,866.0
3465461,683.0
3466462,721.0
3467463,938.0
3468464,839.0
3469465,761.0
3470466,934.0
3471467,1000.0
3472468,299.0
3473469,297.0
3474470,763.0
3475471,518.0
3476472,833.0
3477473,727.0
3478474,833.0
3479475,721.0
3480476,923.0
3481477,938.0
3482478,800.0
3483479,867.0
3484480,697.0
3485481,929.0
3486482,1000.0
3487483,709.0
3488484,915.0
3489485,798.0
3490486,933.0
3491487,886.0
3492488,801.0
3493489,937.0
3494490,1000.0
3495491,933.0
3496492,708.0
3497493,934.0
3498494,936.0
3499495,698.0
3500496,887.0
3501497,662.0
3502498,634.0
3503499,88.0
3504500,177.0
3505501,831.0
3506502,919.0
3507503,58.0
3508504,903.0
3509505,926.0
3510506,680.0
3511507,0.0
3512508,606.0
3513509,884.0
3514510,832.0
3515511,335.0
3516512,840.0
3517513,885.0
3518514,921.0
3519515,735.0
3520516,837.0
3521517,699.0
3522518,726.0
3523519,829.0
3524520,844.0
3525521,736.0
3526522,640.0
3527523,935.0
3528524,328.0
3529525,870.0
3530526,0.0
3531527,723.0
3532528,674.0
3533529,120.0
3534530,807.0
3535531,525.0
3536532,829.0
3537533,790.0
3538534,836.0
3539535,929.0
3540536,935.0
3541537,741.0
3542538,0.0
3543539,478.0
3544540,795.0
3545541,833.0
3546542,638.0
3547543,840.0
3548544,839.0
3549545,757.0
3550546,546.0
3551547,757.0
3552548,14.0
3553549,721.0
3554550,935.0
3555551,834.0
3556552,812.0
3557553,0.0
3558554,878.0
3559555,638.0
3560556,883.0
3561557,916.0
3562558,905.0
3563559,818.0
3564560,746.0
3565561,0.0
3566562,827.0
3567563,935.0
3568564,801.0
3569565,940.0
3570566,838.0
3571567,0.0
3572568,771.0
3573569,0.0
3574570,1000.0
3575571,0.0
3576572,0.0
3577573,838.0
3578574,0.0
3579575,937.0
3580576,749.0
3581577,785.0
3582578,611.0
3583579,592.0
3584580,756.0
3585581,862.0
3586582,733.0
3587583,688.0
3588584,1000.0
3589585,676.0
3590586,682.0
3591587,1000.0
3592588,797.0
3593589,0.0
3594590,815.0
3595591,669.0
3596592,799.0
3597593,334.0
3598594,722.0
3599595,632.0
3600596,935.0
3601597,1000.0
3602598,405.0
3603599,0.0
3604600,0.0
3605601,786.0
3606602,959.0
3607603,923.0
3608604,854.0
3609605,835.0
3610606,662.0
3611607,697.0
3612608,882.0
3613609,1000.0
3614610,637.0
3615611,941.0
3616612,930.0
3617613,687.0
3618614,930.0
3619615,1000.0
3620616,98.0
3621617,784.0
3622618,718.0
3623619,793.0
3624620,750.0
3625621,424.0
3626622,524.0
3627623,808.0
3628624,681.0
3629625,735.0
3630626,569.0
3631627,714.0
3632628,642.0
3633629,836.0
3634630,935.0
3635631,566.0
3636632,678.0
3637633,719.0
3638634,588.0
3639635,940.0
3640636,673.0
3641637,109.0
3642638,760.0
3643639,0.0
3644640,942.0
3645641,761.0
3646642,896.0
3647643,57.0
3648644,762.0
3649645,620.0
3650646,169.0
3651647,713.0
3652648,141.0
3653649,118.0
3654650,747.0
3655651,827.0
3656652,884.0
3657653,939.0
3658654,0.0
3659655,786.0
3660656,613.0
3661657,767.0
3662658,658.0
3663659,887.0
3664660,792.0
3665661,700.0
3666662,751.0
3667663,634.0
3668664,938.0
3669665,633.0
3670666,722.0
3671667,631.0
3672668,396.0
3673669,876.0
3674670,426.0
3675671,935.0
3676672,883.0
3677673,800.0
3678674,799.0
3679675,1000.0
3680676,885.0
3681677,784.0
3682678,792.0
3683679,1000.0
3684680,150.0
3685681,931.0
3686682,1000.0
3687683,387.0
3688684,1000.0
3689685,721.0
3690686,685.0
3691687,782.0
3692688,719.0
3693689,880.0
3694690,667.0
3695691,793.0
3696692,317.0
3697693,691.0
3698694,491.0
3699695,715.0
3700696,595.0
3701697,929.0
3702698,589.0
3703699,784.0
3704700,730.0
3705701,798.0
3706702,654.0
3707703,886.0
3708704,790.0
3709705,655.0
3710706,612.0
3711707,934.0
3712708,483.0
3713709,887.0
3714710,362.0
3715711,854.0
3716712,757.0
3717713,1000.0
3718714,914.0
3719715,774.0
3720716,825.0
3721717,66.0
3722718,935.0
3723719,825.0
3724720,941.0
3725721,591.0
3726722,1000.0
3727723,616.0
3728724,576.0
3729725,638.0
3730726,795.0
3731727,885.0
3732728,594.0
3733729,701.0
3734730,938.0
3735731,436.0
3736732,315.0
3737733,881.0
3738734,792.0
3739735,308.0
3740736,926.0
3741737,244.0
3742738,654.0
3743739,878.0
3744740,881.0
3745741,550.0
3746742,721.0
3747743,565.0
3748744,734.0
3749745,666.0
3750746,758.0
3751747,802.0
3752748,932.0
3753749,808.0
3754750,944.0
3755751,299.0
3756752,937.0
3757753,147.0
3758754,888.0
3759755,937.0
3760756,884.0
3761757,828.0
3762758,590.0
3763759,964.0
3764760,882.0
3765761,1000.0
3766762,682.0
3767763,881.0
3768764,837.0
3769765,624.0
3770766,909.0
3771767,940.0
3772768,870.0
3773769,841.0
3774770,938.0
3775771,95.0
3776772,468.0
3777773,719.0
3778774,793.0
3779775,882.0
3780776,764.0
3781777,805.0
3782778,941.0
3783779,614.0
3784780,828.0
3785781,760.0
3786782,649.0
3787783,854.0
3788784,938.0
3789785,0.0
3790786,935.0
3791787,827.0
3792788,858.0
3793789,882.0
3794790,921.0
3795791,499.0
3796792,882.0
3797793,502.0
3798794,718.0
3799795,730.0
3800796,835.0
3801797,660.0
3802798,634.0
3803799,692.0
3804800,884.0
3805801,620.0
3806802,727.0
3807803,812.0
3808804,632.0
3809805,691.0
3810806,931.0
3811807,884.0
3812808,932.0
3813809,0.0
3814810,741.0
3815811,706.0
3816812,675.0
3817813,562.0
3818814,89.0
3819815,882.0
3820816,880.0
3821817,863.0
3822818,731.0
3823819,586.0
3824820,587.0
3825821,748.0
3826822,680.0
3827823,644.0
3828824,765.0
3829825,899.0
3830826,832.0
3831827,806.0
3832828,933.0
3833829,680.0
3834830,349.0
3835831,514.0
3836832,833.0
3837833,938.0
3838834,763.0
3839835,677.0
3840836,837.0
3841837,797.0
3842838,728.0
3843839,938.0
3844840,921.0
3845841,888.0
3846842,933.0
3847843,133.0
3848844,938.0
3849845,315.0
3850846,782.0
3851847,937.0
3852848,863.0
3853849,605.0
3854850,935.0
3855851,823.0
3856852,873.0
3857853,884.0
3858854,704.0
3859855,934.0
3860856,665.0
3861857,707.0
3862858,832.0
3863859,874.0
3864860,715.0
3865861,672.0
3866862,874.0
3867863,0.0
3868864,598.0
3869865,785.0
3870866,569.0
3871867,759.0
3872868,659.0
3873869,638.0
3874870,1000.0
3875871,981.0
3876872,0.0
3877873,942.0
3878874,755.0
3879875,747.0
3880876,580.0
3881877,619.0
3882878,0.0
3883879,723.0
3884880,634.0
3885881,1000.0
3886882,886.0
3887883,800.0
3888884,836.0
3889885,913.0
3890886,932.0
3891887,931.0
3892888,597.0
3893889,56.0
3894890,723.0
3895891,536.0
3896892,698.0
3897893,632.0
3898894,657.0
3899895,935.0
3900896,855.0
3901897,738.0
3902898,745.0
3903899,0.0
3904900,0.0
3905901,935.0
3906902,588.0
3907903,625.0
3908904,694.0
3909905,745.0
3910906,695.0
3911907,784.0
3912908,844.0
3913909,931.0
3914910,673.0
3915911,767.0
3916912,938.0
3917913,936.0
3918914,32.0
3919915,642.0
3920916,536.0
3921917,927.0
3922918,869.0
3923919,689.0
3924920,873.0
3925921,626.0
3926922,769.0
3927923,925.0
3928924,595.0
3929925,0.0
3930926,823.0
3931927,746.0
3932928,332.0
3933929,183.0
3934930,710.0
3935931,667.0
3936932,867.0
3937933,676.0
3938934,767.0
3939935,710.0
3940936,469.0
3941937,719.0
3942938,1000.0
3943939,0.0
3944940,924.0
3945941,688.0
3946942,676.0
3947943,0.0
3948944,830.0
3949945,933.0
3950946,0.0
3951947,157.0
3952948,923.0
3953949,934.0
3954950,677.0
3955951,630.0
3956952,428.0
3957953,880.0
3958954,754.0
3959955,915.0
3960956,612.0
3961957,37.0
3962958,824.0
3963959,510.0
3964960,444.0
3965961,802.0
3966962,0.0
3967963,676.0
3968964,0.0
3969965,626.0
3970966,0.0
3971967,590.0
3972968,741.0
3973969,814.0
3974970,938.0
3975971,835.0
3976972,714.0
3977973,725.0
3978974,643.0
3979975,845.0
3980976,907.0
3981977,756.0
3982978,791.0
3983979,883.0
3984980,754.0
3985981,642.0
3986982,880.0
3987983,821.0
3988984,638.0
3989985,784.0
3990986,618.0
3991987,770.0
3992988,902.0
3993989,1000.0
3994990,631.0
3995991,651.0
3996992,542.0
3997993,878.0
3998994,0.0
3999995,827.0
4000996,878.0
4001997,473.0
4002998,934.0
4003999,834.0
4005000,931.0
4006001,869.0
4007002,932.0
4008003,0.0
4009004,423.0
4010005,938.0
4011006,940.0
4012007,712.0
4013008,1000.0
4014009,925.0
4015010,935.0
4016011,738.0
4017012,888.0
4018013,867.0
4019014,917.0
4020015,742.0
4021016,936.0
4022017,713.0
4023018,682.0
4024019,637.0
4025020,759.0
4026021,0.0
4027022,746.0
4028023,830.0
4029024,595.0
4030025,692.0
4031026,717.0
4032027,931.0
4033028,834.0
4034029,938.0
4035030,684.0
4036031,46.0
4037032,831.0
4038033,789.0
4039034,720.0
4040035,755.0
4041036,757.0
4042037,522.0
4043038,0.0
4044039,826.0
4045040,0.0
4046041,0.0
4047042,355.0
4048043,900.0
4049044,795.0
4050045,131.0
4051046,745.0
4052047,750.0
4053048,759.0
4054049,598.0
4055050,886.0
4056051,560.0
4057052,702.0
4058053,927.0
4059054,921.0
4060055,0.0
4061056,0.0
4062057,746.0
4063058,840.0
4064059,858.0
4065060,0.0
4066061,938.0
4067062,840.0
4068063,659.0
4069064,765.0
4070065,544.0
4071066,674.0
4072067,839.0
4073068,487.0
4074069,592.0
4075070,925.0
4076071,883.0
4077072,1000.0
4078073,737.0
4079074,681.0
4080075,938.0
4081076,996.0
4082077,840.0
4083078,629.0
4084079,1000.0
4085080,760.0
4086081,887.0
4087082,887.0
4088083,836.0
4089084,0.0
4090085,514.0
4091086,845.0
4092087,785.0
4093088,865.0
4094089,926.0
4095090,936.0
4096091,831.0
4097092,758.0
4098093,620.0
4099094,0.0
4100095,890.0
4101096,680.0
4102097,697.0
4103098,929.0
4104099,0.0
4105100,733.0
4106101,0.0
4107102,630.0
4108103,718.0
4109104,911.0
4110105,739.0
4111106,677.0
4112107,0.0
4113108,628.0
4114109,0.0
4115110,674.0
4116111,940.0
4117112,835.0
4118113,889.0
4119114,907.0
4120115,840.0
4121116,674.0
4122117,718.0
4123118,939.0
4124119,802.0
4125120,810.0
4126121,721.0
4127122,589.0
4128123,629.0
4129124,886.0
4130125,935.0
4131126,765.0
4132127,931.0
4133128,829.0
4134129,877.0
4135130,634.0
4136131,640.0
4137132,934.0
4138133,885.0
4139134,874.0
4140135,817.0
4141136,941.0
4142137,752.0
4143138,839.0
4144139,836.0
4145140,0.0
4146141,934.0
4147142,0.0
4148143,670.0
4149144,705.0
4150145,936.0
4151146,790.0
4152147,635.0
4153148,831.0
4154149,932.0
4155150,631.0
4156151,934.0
4157152,937.0
4158153,943.0
4159154,0.0
4160155,640.0
4161156,884.0
4162157,796.0
4163158,934.0
4164159,0.0
4165160,834.0
4166161,936.0
4167162,933.0
4168163,0.0
4169164,936.0
4170165,938.0
4171166,932.0
4172167,603.0
4173168,935.0
4174169,926.0
4175170,870.0
4176171,0.0
4177172,301.0
4178173,722.0
4179174,937.0
4180175,822.0
4181176,851.0
4182177,931.0
4183178,859.0
4184179,277.0
4185180,780.0
4186181,683.0
4187182,921.0
4188183,935.0
4189184,811.0
4190185,822.0
4191186,971.0
4192187,360.0
4193188,719.0
4194189,1000.0
4195190,332.0
4196191,928.0
4197192,36.0
4198193,638.0
4199194,568.0
4200195,877.0
4201196,797.0
4202197,635.0
4203198,787.0
4204199,870.0
4205200,930.0
4206201,428.0
4207202,720.0
4208203,885.0
4209204,621.0
4210205,707.0
4211206,551.0
4212207,884.0
4213208,443.0
4214209,321.0
4215210,272.0
4216211,629.0
4217212,0.0
4218213,669.0
4219214,933.0
4220215,987.0
4221216,0.0
4222217,0.0
4223218,678.0
4224219,933.0
4225220,573.0
4226221,435.0
4227222,641.0
4228223,634.0
4229224,926.0
4230225,761.0
4231226,475.0
4232227,875.0
4233228,653.0
4234229,0.0
4235230,932.0
4236231,795.0
4237232,910.0
4238233,466.0
4239234,549.0
4240235,513.0
4241236,827.0
4242237,607.0
4243238,580.0
4244239,690.0
4245240,820.0
4246241,758.0
4247242,928.0
4248243,834.0
4249244,668.0
4250245,0.0
4251246,917.0
4252247,809.0
4253248,707.0
4254249,933.0
4255250,1000.0
4256251,473.0
4257252,680.0
4258253,638.0
4259254,399.0
4260255,629.0
4261256,754.0
4262257,654.0
4263258,664.0
4264259,685.0
4265260,657.0
4266261,806.0
4267262,932.0
4268263,345.0
4269264,647.0
4270265,939.0
4271266,678.0
4272267,837.0
4273268,727.0
4274269,905.0
4275270,922.0
4276271,934.0
4277272,828.0
4278273,747.0
4279274,787.0
4280275,57.0
4281276,722.0
4282277,844.0
4283278,705.0
4284279,175.0
4285280,669.0
4286281,879.0
4287282,834.0
4288283,391.0
4289284,842.0
4290285,1000.0
4291286,556.0
4292287,874.0
4293288,864.0
4294289,187.0
4295290,766.0
4296291,827.0
4297292,708.0
4298293,848.0
4299294,687.0
4300295,845.0
4301296,596.0
4302297,1000.0
4303298,445.0
4304299,938.0
4305300,844.0
4306301,757.0
4307302,940.0
4308303,185.0
4309304,352.0
4310305,1000.0
4311306,832.0
4312307,883.0
4313308,838.0
4314309,913.0
4315310,761.0
4316311,606.0
4317312,886.0
4318313,722.0
4319314,447.0
4320315,294.0
4321316,766.0
4322317,599.0
4323318,332.0
4324319,522.0
4325320,625.0
4326321,582.0
4327322,707.0
4328323,868.0
4329324,868.0
4330325,788.0
4331326,882.0
4332327,778.0
4333328,603.0
4334329,939.0
4335330,665.0
4336331,673.0
4337332,799.0
4338333,694.0
4339334,651.0
4340335,698.0
4341336,837.0
4342337,934.0
4343338,859.0
4344339,888.0
4345340,610.0
4346341,681.0
4347342,825.0
4348343,844.0
4349344,591.0
4350345,670.0
4351346,836.0
4352347,402.0
4353348,530.0
4354349,985.0
4355350,209.0
4356351,930.0
4357352,839.0
4358353,933.0
4359354,140.0
4360355,765.0
4361356,788.0
4362357,885.0
4363358,281.0
4364359,927.0
4365360,0.0
4366361,724.0
4367362,936.0
4368363,360.0
4369364,642.0
4370365,547.0
4371366,709.0
4372367,601.0
4373368,704.0
4374369,390.0
4375370,793.0
4376371,837.0
4377372,931.0
4378373,932.0
4379374,557.0
4380375,821.0
4381376,720.0
4382377,145.0
4383378,745.0
4384379,865.0
4385380,933.0
4386381,936.0
4387382,938.0
4388383,920.0
4389384,930.0
4390385,939.0
4391386,1000.0
4392387,531.0
4393388,175.0
4394389,673.0
4395390,842.0
4396391,923.0
4397392,0.0
4398393,934.0
4399394,0.0
4400395,0.0
4401396,720.0
4402397,655.0
4403398,547.0
4404399,667.0
4405400,932.0
4406401,1000.0
4407402,935.0
4408403,517.0
4409404,831.0
4410405,413.0
4411406,587.0
4412407,789.0
4413408,0.0
4414409,924.0
4415410,835.0
4416411,724.0
4417412,915.0
4418413,0.0
4419414,855.0
4420415,936.0
4421416,884.0
4422417,780.0
4423418,932.0
4424419,729.0
4425420,541.0
4426421,934.0
4427422,688.0
4428423,766.0
4429424,830.0
4430425,1000.0
4431426,705.0
4432427,817.0
4433428,525.0
4434429,754.0
4435430,43.0
4436431,792.0
4437432,872.0
4438433,813.0
4439434,667.0
4440435,713.0
4441436,937.0
4442437,931.0
4443438,0.0
4444439,927.0
4445440,696.0
4446441,620.0
4447442,506.0
4448443,610.0
4449444,701.0
4450445,0.0
4451446,0.0
4452447,849.0
4453448,937.0
4454449,568.0
4455450,0.0
4456451,760.0
4457452,933.0
4458453,591.0
4459454,717.0
4460455,823.0
4461456,932.0
4462457,553.0
4463458,939.0
4464459,26.0
4465460,663.0
4466461,1000.0
4467462,585.0
4468463,742.0
4469464,726.0
4470465,1000.0
4471466,503.0
4472467,725.0
4473468,932.0
4474469,577.0
4475470,794.0
4476471,840.0
4477472,0.0
4478473,888.0
4479474,522.0
4480475,939.0
4481476,868.0
4482477,1000.0
4483478,878.0
4484479,695.0
4485480,800.0
4486481,1000.0
4487482,940.0
4488483,832.0
4489484,1000.0
4490485,839.0
4491486,937.0
4492487,811.0
4493488,667.0
4494489,824.0
4495490,665.0
4496491,581.0
4497492,622.0
4498493,828.0
4499494,404.0
4500495,918.0
4501496,746.0
4502497,826.0
4503498,745.0
4504499,0.0
4505500,742.0
4506501,793.0
4507502,778.0
4508503,896.0
4509504,632.0
4510505,694.0
4511506,67.0
4512507,836.0
4513508,0.0
4514509,577.0
4515510,799.0
4516511,585.0
4517512,984.0
4518513,664.0
4519514,624.0
4520515,696.0
4521516,558.0
4522517,926.0
4523518,521.0
4524519,990.0
4525520,851.0
4526521,640.0
4527522,0.0
4528523,239.0
4529524,696.0
4530525,569.0
4531526,0.0
4532527,0.0
4533528,929.0
4534529,939.0
4535530,916.0
4536531,772.0
4537532,899.0
4538533,650.0
4539534,902.0
4540535,0.0
4541536,551.0
4542537,852.0
4543538,647.0
4544539,929.0
4545540,585.0
4546541,684.0
4547542,781.0
4548543,697.0
4549544,824.0
4550545,935.0
4551546,788.0
4552547,1000.0
4553548,510.0
4554549,629.0
4555550,769.0
4556551,623.0
4557552,805.0
4558553,693.0
4559554,660.0
4560555,1000.0
4561556,589.0
4562557,687.0
4563558,909.0
4564559,772.0
4565560,929.0
4566561,789.0
4567562,937.0
4568563,736.0
4569564,704.0
4570565,888.0
4571566,549.0
4572567,750.0
4573568,461.0
4574569,530.0
4575570,708.0
4576571,825.0
4577572,629.0
4578573,578.0
4579574,0.0
4580575,741.0
4581576,936.0
4582577,658.0
4583578,524.0
4584579,625.0
4585580,742.0
4586581,0.0
4587582,898.0
4588583,706.0
4589584,937.0
4590585,695.0
4591586,784.0
4592587,346.0
4593588,882.0
4594589,739.0
4595590,559.0
4596591,662.0
4597592,674.0
4598593,0.0
4599594,768.0
4600595,848.0
4601596,631.0
4602597,624.0
4603598,883.0
4604599,630.0
4605600,740.0
4606601,860.0
4607602,888.0
4608603,583.0
4609604,883.0
4610605,606.0
4611606,0.0
4612607,875.0
4613608,994.0
4614609,794.0
4615610,627.0
4616611,317.0
4617612,578.0
4618613,777.0
4619614,919.0
4620615,912.0
4621616,931.0
4622617,573.0
4623618,790.0
4624619,679.0
4625620,784.0
4626621,1000.0
4627622,861.0
4628623,716.0
4629624,686.0
4630625,454.0
4631626,651.0
4632627,600.0
4633628,595.0
4634629,543.0
4635630,681.0
4636631,712.0
4637632,168.0
4638633,967.0
4639634,536.0
4640635,668.0
4641636,582.0
4642637,862.0
4643638,1000.0
4644639,628.0
4645640,0.0
4646641,835.0
4647642,612.0
4648643,716.0
4649644,358.0
4650645,612.0
4651646,651.0
4652647,912.0
4653648,585.0
4654649,716.0
4655650,884.0
4656651,904.0
4657652,154.0
4658653,691.0
4659654,839.0
4660655,876.0
4661656,737.0
4662657,929.0
4663658,927.0
4664659,832.0
4665660,720.0
4666661,590.0
4667662,929.0
4668663,0.0
4669664,53.0
4670665,836.0
4671666,660.0
4672667,877.0
4673668,935.0
4674669,1000.0
4675670,773.0
4676671,721.0
4677672,596.0
4678673,869.0
4679674,939.0
4680675,931.0
4681676,868.0
4682677,0.0
4683678,877.0
4684679,0.0
4685680,703.0
4686681,851.0
4687682,736.0
4688683,581.0
4689684,747.0
4690685,0.0
4691686,926.0
4692687,639.0
4693688,828.0
4694689,639.0
4695690,0.0
4696691,702.0
4697692,826.0
4698693,834.0
4699694,597.0
4700695,820.0
4701696,718.0
4702697,932.0
4703698,876.0
4704699,937.0
4705700,667.0
4706701,903.0
4707702,621.0
4708703,787.0
4709704,994.0
4710705,687.0
4711706,638.0
4712707,711.0
4713708,933.0
4714709,623.0
4715710,506.0
4716711,634.0
4717712,702.0
4718713,621.0
4719714,782.0
4720715,164.0
4721716,1000.0
4722717,442.0
4723718,571.0
4724719,888.0
4725720,936.0
4726721,706.0
4727722,916.0
4728723,13.0
4729724,933.0
4730725,458.0
4731726,498.0
4732727,936.0
4733728,942.0
4734729,0.0
4735730,927.0
4736731,749.0
4737732,811.0
4738733,781.0
4739734,827.0
4740735,927.0
4741736,923.0
4742737,647.0
4743738,390.0
4744739,933.0
4745740,929.0
4746741,937.0
4747742,571.0
4748743,922.0
4749744,925.0
4750745,715.0
4751746,707.0
4752747,798.0
4753748,0.0
4754749,837.0
4755750,868.0
4756751,906.0
4757752,883.0
4758753,922.0
4759754,559.0
4760755,787.0
4761756,688.0
4762757,702.0
4763758,693.0
4764759,710.0
4765760,884.0
4766761,933.0
4767762,872.0
4768763,613.0
4769764,539.0
4770765,937.0
4771766,825.0
4772767,591.0
4773768,817.0
4774769,0.0
4775770,885.0
4776771,548.0
4777772,793.0
4778773,929.0
4779774,887.0
4780775,708.0
4781776,744.0
4782777,0.0
4783778,687.0
4784779,918.0
4785780,745.0
4786781,1000.0
4787782,731.0
4788783,289.0
4789784,631.0
4790785,934.0
4791786,835.0
4792787,713.0
4793788,640.0
4794789,708.0
4795790,934.0
4796791,677.0
4797792,772.0
4798793,919.0
4799794,884.0
4800795,534.0
4801796,654.0
4802797,575.0
4803798,699.0
4804799,861.0
4805800,744.0
4806801,990.0
4807802,625.0
4808803,843.0
4809804,930.0
4810805,806.0
4811806,642.0
4812807,791.0
4813808,826.0
4814809,727.0
4815810,597.0
4816811,932.0
4817812,737.0
4818813,793.0
4819814,705.0
4820815,730.0
4821816,602.0
4822817,1000.0
4823818,265.0
4824819,833.0
4825820,772.0
4826821,489.0
4827822,882.0
4828823,1000.0
4829824,493.0
4830825,906.0
4831826,619.0
4832827,629.0
4833828,933.0
4834829,654.0
4835830,834.0
4836831,881.0
4837832,882.0
4838833,804.0
4839834,653.0
4840835,1000.0
4841836,528.0
4842837,869.0
4843838,806.0
4844839,938.0
4845840,0.0
4846841,533.0
4847842,1000.0
4848843,700.0
4849844,702.0
4850845,884.0
4851846,734.0
4852847,641.0
4853848,931.0
4854849,497.0
4855850,930.0
4856851,334.0
4857852,921.0
4858853,720.0
4859854,703.0
4860855,872.0
4861856,683.0
4862857,660.0
4863858,762.0
4864859,878.0
4865860,939.0
4866861,473.0
4867862,643.0
4868863,722.0
4869864,928.0
4870865,723.0
4871866,1000.0
4872867,736.0
4873868,1000.0
4874869,931.0
4875870,599.0
4876871,923.0
4877872,745.0
4878873,928.0
4879874,670.0
4880875,601.0
4881876,793.0
4882877,590.0
4883878,836.0
4884879,471.0
4885880,557.0
4886881,883.0
4887882,678.0
4888883,527.0
4889884,586.0
4890885,690.0
4891886,930.0
4892887,802.0
4893888,880.0
4894889,655.0
4895890,880.0
4896891,934.0
4897892,40.0
4898893,878.0
4899894,937.0
4900895,736.0
4901896,835.0
4902897,876.0
4903898,221.0
4904899,874.0
4905900,720.0
4906901,208.0
4907902,585.0
4908903,778.0
4909904,916.0
4910905,24.0
4911906,1000.0
4912907,868.0
4913908,666.0
4914909,937.0
4915910,688.0
4916911,559.0
4917912,427.0
4918913,292.0
4919914,841.0
4920915,605.0
4921916,913.0
4922917,937.0
4923918,938.0
4924919,809.0
4925920,694.0
4926921,760.0
4927922,312.0
4928923,572.0
4929924,418.0
4930925,596.0
4931926,499.0
4932927,591.0
4933928,927.0
4934929,497.0
4935930,609.0
4936931,304.0
4937932,930.0
4938933,824.0
4939934,910.0
4940935,981.0
4941936,1000.0
4942937,923.0
4943938,421.0
4944939,748.0
4945940,646.0
4946941,695.0
4947942,500.0
4948943,660.0
4949944,940.0
4950945,882.0
4951946,0.0
4952947,800.0
4953948,827.0
4954949,680.0
4955950,727.0
4956951,938.0
4957952,618.0
4958953,714.0
4959954,838.0
4960955,835.0
4961956,808.0
4962957,641.0
4963958,627.0
4964959,935.0
4965960,692.0
4966961,938.0
4967962,0.0
4968963,501.0
4969964,835.0
4970965,521.0
4971966,837.0
4972967,485.0
4973968,587.0
4974969,446.0
4975970,95.0
4976971,789.0
4977972,621.0
4978973,472.0
4979974,1000.0
4980975,1000.0
4981976,1000.0
4982977,913.0
4983978,920.0
4984979,635.0
4985980,582.0
4986981,675.0
4987982,615.0
4988983,698.0
4989984,675.0
4990985,524.0
4991986,741.0
4992987,690.0
4993988,974.0
4994989,928.0
4995990,727.0
4996991,623.0
4997992,0.0
4998993,841.0
4999994,562.0
5000995,773.0
5001996,1000.0
5002997,886.0
5003998,79.0
5004999,681.0
5006000,837.0
5007001,634.0
5008002,334.0
5009003,530.0
5010004,598.0
5011005,605.0
5012006,713.0
5013007,1000.0
5014008,593.0
5015009,748.0
5016010,660.0
5017011,935.0
5018012,389.0
5019013,125.0
5020014,718.0
5021015,287.0
5022016,610.0
5023017,745.0
5024018,774.0
5025019,846.0
5026020,565.0
5027021,829.0
5028022,0.0
5029023,0.0
5030024,859.0
5031025,873.0
5032026,915.0
5033027,433.0
5034028,983.0
5035029,920.0
5036030,887.0
5037031,902.0
5038032,465.0
5039033,940.0
5040034,860.0
5041035,925.0
5042036,484.0
5043037,842.0
5044038,851.0
5045039,673.0
5046040,784.0
5047041,629.0
5048042,0.0
5049043,638.0
5050044,603.0
5051045,672.0
5052046,724.0
5053047,775.0
5054048,0.0
5055049,608.0
5056050,791.0
5057051,660.0
5058052,935.0
5059053,824.0
5060054,623.0
5061055,881.0
5062056,872.0
5063057,0.0
5064058,854.0
5065059,348.0
5066060,975.0
5067061,741.0
5068062,884.0
5069063,913.0
5070064,733.0
5071065,603.0
5072066,655.0
5073067,135.0
5074068,829.0
5075069,448.0
5076070,689.0
5077071,0.0
5078072,937.0
5079073,1000.0
5080074,529.0
5081075,579.0
5082076,881.0
5083077,465.0
5084078,608.0
5085079,0.0
5086080,616.0
5087081,745.0
5088082,604.0
5089083,0.0
5090084,928.0
5091085,462.0
5092086,382.0
5093087,933.0
5094088,933.0
5095089,826.0
5096090,584.0
5097091,765.0
5098092,0.0
5099093,662.0
5100094,927.0
5101095,557.0
5102096,786.0
5103097,649.0
5104098,102.0
5105099,834.0
5106100,689.0
5107101,489.0
5108102,327.0
5109103,625.0
5110104,307.0
5111105,884.0
5112106,777.0
5113107,927.0
5114108,0.0
5115109,654.0
5116110,652.0
5117111,1000.0
5118112,589.0
5119113,773.0
5120114,390.0
5121115,506.0
5122116,571.0
5123117,822.0
5124118,737.0
5125119,1000.0
5126120,927.0
5127121,877.0
5128122,660.0
5129123,743.0
5130124,833.0
5131125,0.0
5132126,741.0
5133127,337.0
5134128,870.0
5135129,926.0
5136130,762.0
5137131,817.0
5138132,0.0
5139133,658.0
5140134,827.0
5141135,606.0
5142136,582.0
5143137,828.0
5144138,915.0
5145139,705.0
5146140,93.0
5147141,773.0
5148142,221.0
5149143,707.0
5150144,1000.0
5151145,563.0
5152146,935.0
5153147,0.0
5154148,687.0
5155149,0.0
5156150,932.0
5157151,813.0
5158152,930.0
5159153,651.0
5160154,640.0
5161155,555.0
5162156,1000.0
5163157,719.0
5164158,632.0
5165159,359.0
5166160,733.0
5167161,931.0
5168162,0.0
5169163,606.0
5170164,107.0
5171165,1000.0
5172166,867.0
5173167,748.0
5174168,742.0
5175169,910.0
5176170,779.0
5177171,923.0
5178172,0.0
5179173,937.0
5180174,295.0
5181175,817.0
5182176,1000.0
5183177,764.0
5184178,924.0
5185179,523.0
5186180,627.0
5187181,716.0
5188182,825.0
5189183,0.0
5190184,743.0
5191185,789.0
5192186,758.0
5193187,697.0
5194188,636.0
5195189,875.0
5196190,935.0
5197191,667.0
5198192,837.0
5199193,717.0
5200194,666.0
5201195,682.0
5202196,786.0
5203197,832.0
5204198,375.0
5205199,538.0
5206200,702.0
5207201,1000.0
5208202,931.0
5209203,937.0
5210204,745.0
5211205,426.0
5212206,835.0
5213207,788.0
5214208,440.0
5215209,798.0
5216210,937.0
5217211,785.0
5218212,838.0
5219213,887.0
5220214,622.0
5221215,779.0
5222216,851.0
5223217,617.0
5224218,563.0
5225219,639.0
5226220,689.0
5227221,982.0
5228222,572.0
5229223,840.0
5230224,938.0
5231225,936.0
5232226,937.0
5233227,676.0
5234228,917.0
5235229,910.0
5236230,472.0
5237231,492.0
5238232,791.0
5239233,794.0
5240234,884.0
5241235,859.0
5242236,838.0
5243237,791.0
5244238,681.0
5245239,733.0
5246240,439.0
5247241,1000.0
5248242,646.0
5249243,471.0
5250244,929.0
5251245,1000.0
5252246,505.0
5253247,593.0
5254248,910.0
5255249,718.0
5256250,930.0
5257251,769.0
5258252,864.0
5259253,1000.0
5260254,583.0
5261255,685.0
5262256,749.0
5263257,936.0
5264258,835.0
5265259,733.0
5266260,534.0
5267261,551.0
5268262,912.0
5269263,939.0
5270264,874.0
5271265,530.0
5272266,591.0
5273267,731.0
5274268,611.0
5275269,1000.0
5276270,916.0
5277271,505.0
5278272,927.0
5279273,809.0
5280274,1000.0
5281275,537.0
5282276,608.0
5283277,614.0
5284278,869.0
5285279,591.0
5286280,802.0
5287281,403.0
5288282,937.0
5289283,593.0
5290284,879.0
5291285,431.0
5292286,859.0
5293287,473.0
5294288,664.0
5295289,566.0
5296290,640.0
5297291,721.0
5298292,931.0
5299293,812.0
5300294,655.0
5301295,924.0
5302296,883.0
5303297,822.0
5304298,882.0
5305299,937.0
5306300,938.0
5307301,836.0
5308302,471.0
5309303,621.0
5310304,1000.0
5311305,887.0
5312306,845.0
5313307,647.0
5314308,846.0
5315309,721.0
5316310,1000.0
5317311,697.0
5318312,931.0
5319313,603.0
5320314,472.0
5321315,508.0
5322316,880.0
5323317,560.0
5324318,823.0
5325319,657.0
5326320,1000.0
5327321,722.0
5328322,625.0
5329323,924.0
5330324,602.0
5331325,853.0
5332326,326.0
5333327,568.0
5334328,671.0
5335329,666.0
5336330,644.0
5337331,928.0
5338332,913.0
5339333,466.0
5340334,529.0
5341335,753.0
5342336,925.0
5343337,919.0
5344338,716.0
5345339,741.0
5346340,786.0
5347341,702.0
5348342,923.0
5349343,263.0
5350344,740.0
5351345,719.0
5352346,0.0
5353347,949.0
5354348,840.0
5355349,837.0
5356350,935.0
5357351,822.0
5358352,677.0
5359353,0.0
5360354,717.0
5361355,938.0
5362356,604.0
5363357,519.0
5364358,569.0
5365359,558.0
5366360,796.0
5367361,665.0
5368362,591.0
5369363,573.0
5370364,928.0
5371365,834.0
5372366,780.0
5373367,0.0
5374368,1000.0
5375369,0.0
5376370,471.0
5377371,775.0
5378372,1000.0
5379373,793.0
5380374,0.0
5381375,493.0
5382376,726.0
5383377,865.0
5384378,660.0
5385379,929.0
5386380,645.0
5387381,937.0
5388382,130.0
5389383,757.0
5390384,756.0
5391385,0.0
5392386,827.0
5393387,922.0
5394388,701.0
5395389,596.0
5396390,878.0
5397391,710.0
5398392,928.0
5399393,1000.0
5400394,663.0
5401395,650.0
5402396,933.0
5403397,882.0
5404398,912.0
5405399,928.0
5406400,397.0
5407401,680.0
5408402,935.0
5409403,718.0
5410404,727.0
5411405,527.0
5412406,880.0
5413407,633.0
5414408,586.0
5415409,857.0
5416410,662.0
5417411,752.0
5418412,790.0
5419413,837.0
5420414,861.0
5421415,824.0
5422416,753.0
5423417,705.0
5424418,883.0
5425419,707.0
5426420,929.0
5427421,1000.0
5428422,1000.0
5429423,582.0
5430424,0.0
5431425,931.0
5432426,1000.0
5433427,875.0
5434428,879.0
5435429,795.0
5436430,916.0
5437431,395.0
5438432,688.0
5439433,0.0
5440434,888.0
5441435,824.0
5442436,705.0
5443437,954.0
5444438,998.0
5445439,835.0
5446440,126.0
5447441,723.0
5448442,823.0
5449443,924.0
5450444,931.0
5451445,707.0
5452446,738.0
5453447,750.0
5454448,722.0
5455449,729.0
5456450,780.0
5457451,508.0
5458452,688.0
5459453,1000.0
5460454,0.0
5461455,623.0
5462456,626.0
5463457,878.0
5464458,531.0
5465459,346.0
5466460,574.0
5467461,995.0
5468462,676.0
5469463,838.0
5470464,783.0
5471465,615.0
5472466,619.0
5473467,823.0
5474468,531.0
5475469,879.0
5476470,225.0
5477471,859.0
5478472,628.0
5479473,835.0
5480474,882.0
5481475,664.0
5482476,931.0
5483477,590.0
5484478,0.0
5485479,622.0
5486480,928.0
5487481,889.0
5488482,255.0
5489483,678.0
5490484,913.0
5491485,923.0
5492486,919.0
5493487,583.0
5494488,927.0
5495489,921.0
5496490,877.0
5497491,777.0
5498492,931.0
5499493,783.0
5500494,934.0
5501495,932.0
5502496,1000.0
5503497,928.0
5504498,712.0
5505499,795.0
5506500,916.0
5507501,925.0
5508502,755.0
5509503,933.0
5510504,885.0
5511505,668.0
5512506,642.0
5513507,778.0
5514508,752.0
5515509,858.0
5516510,780.0
5517511,752.0
5518512,703.0
5519513,740.0
5520514,721.0
5521515,920.0
5522516,671.0
5523517,395.0
5524518,880.0
5525519,616.0
5526520,938.0
5527521,556.0
5528522,730.0
5529523,935.0
5530524,507.0
5531525,915.0
5532526,1000.0
5533527,451.0
5534528,557.0
5535529,546.0
5536530,1000.0
5537531,846.0
5538532,934.0
5539533,474.0
5540534,877.0
5541535,838.0
5542536,430.0
5543537,751.0
5544538,831.0
5545539,346.0
5546540,467.0
5547541,645.0
5548542,929.0
5549543,814.0
5550544,508.0
5551545,506.0
5552546,377.0
5553547,882.0
5554548,795.0
5555549,449.0
5556550,718.0
5557551,540.0
5558552,551.0
5559553,426.0
5560554,714.0
5561555,0.0
5562556,1000.0
5563557,374.0
5564558,775.0
5565559,750.0
5566560,841.0
5567561,540.0
5568562,569.0
5569563,792.0
5570564,636.0
5571565,462.0
5572566,756.0
5573567,173.0
5574568,597.0
5575569,927.0
5576570,534.0
5577571,529.0
5578572,718.0
5579573,685.0
5580574,505.0
5581575,599.0
5582576,439.0
5583577,791.0
5584578,931.0
5585579,572.0
5586580,702.0
5587581,669.0
5588582,733.0
5589583,926.0
5590584,660.0
5591585,927.0
5592586,771.0
5593587,656.0
5594588,745.0
5595589,567.0
5596590,932.0
5597591,915.0
5598592,575.0
5599593,402.0
5600594,692.0
5601595,871.0
5602596,322.0
5603597,1000.0
5604598,249.0
5605599,669.0
5606600,919.0
5607601,885.0
5608602,704.0
5609603,788.0
5610604,739.0
5611605,934.0
5612606,876.0
5613607,300.0
5614608,608.0
5615609,577.0
5616610,1000.0
5617611,930.0
5618612,201.0
5619613,863.0
5620614,905.0
5621615,762.0
5622616,609.0
5623617,605.0
5624618,416.0
5625619,824.0
5626620,769.0
5627621,839.0
5628622,358.0
5629623,510.0
5630624,551.0
5631625,883.0
5632626,1000.0
5633627,823.0
5634628,931.0
5635629,768.0
5636630,564.0
5637631,937.0
5638632,525.0
5639633,1000.0
5640634,754.0
5641635,1000.0
5642636,713.0
5643637,938.0
5644638,362.0
5645639,750.0
5646640,0.0
5647641,97.0
5648642,782.0
5649643,927.0
5650644,377.0
5651645,455.0
5652646,935.0
5653647,790.0
5654648,754.0
5655649,647.0
5656650,883.0
5657651,995.0
5658652,712.0
5659653,694.0
5660654,917.0
5661655,612.0
5662656,933.0
5663657,886.0
5664658,533.0
5665659,930.0
5666660,752.0
5667661,773.0
5668662,1000.0
5669663,611.0
5670664,542.0
5671665,712.0
5672666,594.0
5673667,190.0
5674668,924.0
5675669,592.0
5676670,498.0
5677671,750.0
5678672,89.0
5679673,937.0
5680674,580.0
5681675,639.0
5682676,994.0
5683677,460.0
5684678,770.0
5685679,759.0
5686680,721.0
5687681,710.0
5688682,453.0
5689683,734.0
5690684,438.0
5691685,429.0
5692686,934.0
5693687,63.0
5694688,165.0
5695689,641.0
5696690,926.0
5697691,803.0
5698692,938.0
5699693,860.0
5700694,808.0
5701695,931.0
5702696,667.0
5703697,939.0
5704698,751.0
5705699,305.0
5706700,751.0
5707701,722.0
5708702,645.0
5709703,635.0
5710704,587.0
5711705,786.0
5712706,694.0
5713707,847.0
5714708,864.0
5715709,664.0
5716710,881.0
5717711,691.0
5718712,736.0
5719713,868.0
5720714,865.0
5721715,662.0
5722716,886.0
5723717,931.0
5724718,751.0
5725719,880.0
5726720,634.0
5727721,883.0
5728722,886.0
5729723,649.0
5730724,896.0
5731725,511.0
5732726,710.0
5733727,742.0
5734728,556.0
5735729,619.0
5736730,914.0
5737731,714.0
5738732,834.0
5739733,918.0
5740734,609.0
5741735,918.0
5742736,300.0
5743737,712.0
5744738,558.0
5745739,837.0
5746740,537.0
5747741,752.0
5748742,482.0
5749743,792.0
5750744,716.0
5751745,617.0
5752746,786.0
5753747,880.0
5754748,882.0
5755749,636.0
5756750,931.0
5757751,388.0
5758752,926.0
5759753,1000.0
5760754,675.0
5761755,737.0
5762756,637.0
5763757,926.0
5764758,875.0
5765759,840.0
5766760,928.0
5767761,623.0
5768762,932.0
5769763,876.0
5770764,800.0
5771765,479.0
5772766,927.0
5773767,677.0
5774768,885.0
5775769,935.0
5776770,780.0
5777771,874.0
5778772,651.0
5779773,739.0
5780774,799.0
5781775,209.0
5782776,439.0
5783777,931.0
5784778,485.0
5785779,1000.0
5786780,447.0
5787781,1000.0
5788782,891.0
5789783,490.0
5790784,589.0
5791785,349.0
5792786,709.0
5793787,747.0
5794788,587.0
5795789,639.0
5796790,937.0
5797791,1000.0
5798792,836.0
5799793,937.0
5800794,583.0
5801795,643.0
5802796,866.0
5803797,825.0
5804798,937.0
5805799,597.0
5806800,682.0
5807801,645.0
5808802,925.0
5809803,529.0
5810804,586.0
5811805,724.0
5812806,818.0
5813807,691.0
5814808,744.0
5815809,747.0
5816810,799.0
5817811,468.0
5818812,640.0
5819813,758.0
5820814,491.0
5821815,926.0
5822816,860.0
5823817,787.0
5824818,772.0
5825819,1000.0
5826820,896.0
5827821,929.0
5828822,451.0
5829823,907.0
5830824,598.0
5831825,859.0
5832826,528.0
5833827,571.0
5834828,864.0
5835829,935.0
5836830,725.0
5837831,718.0
5838832,934.0
5839833,1000.0
5840834,930.0
5841835,759.0
5842836,587.0
5843837,899.0
5844838,846.0
5845839,437.0
5846840,721.0
5847841,441.0
5848842,919.0
5849843,784.0
5850844,731.0
5851845,739.0
5852846,702.0
5853847,926.0
5854848,769.0
5855849,580.0
5856850,507.0
5857851,930.0
5858852,932.0
5859853,796.0
5860854,860.0
5861855,684.0
5862856,1000.0
5863857,602.0
5864858,881.0
5865859,931.0
5866860,684.0
5867861,834.0
5868862,490.0
5869863,716.0
5870864,747.0
5871865,797.0
5872866,676.0
5873867,935.0
5874868,748.0
5875869,1000.0
5876870,683.0
5877871,586.0
5878872,672.0
5879873,33.0
5880874,397.0
5881875,843.0
5882876,786.0
5883877,226.0
5884878,664.0
5885879,539.0
5886880,751.0
5887881,927.0
5888882,935.0
5889883,745.0
5890884,680.0
5891885,713.0
5892886,835.0
5893887,752.0
5894888,671.0
5895889,931.0
5896890,597.0
5897891,736.0
5898892,711.0
5899893,829.0
5900894,636.0
5901895,841.0
5902896,268.0
5903897,670.0
5904898,815.0
5905899,343.0
5906900,819.0
5907901,33.0
5908902,919.0
5909903,733.0
5910904,695.0
5911905,880.0
5912906,808.0
5913907,839.0
5914908,790.0
5915909,760.0
5916910,690.0
5917911,924.0
5918912,932.0
5919913,796.0
5920914,833.0
5921915,933.0
5922916,682.0
5923917,720.0
5924918,932.0
5925919,686.0
5926920,721.0
5927921,931.0
5928922,933.0
5929923,638.0
5930924,832.0
5931925,1000.0
5932926,922.0
5933927,923.0
5934928,873.0
5935929,678.0
5936930,626.0
5937931,703.0
5938932,775.0
5939933,610.0
5940934,671.0
5941935,802.0
5942936,828.0
5943937,648.0
5944938,600.0
5945939,589.0
5946940,632.0
5947941,631.0
5948942,583.0
5949943,749.0
5950944,431.0
5951945,850.0
5952946,629.0
5953947,823.0
5954948,704.0
5955949,871.0
5956950,622.0
5957951,592.0
5958952,636.0
5959953,526.0
5960954,927.0
5961955,928.0
5962956,551.0
5963957,801.0
5964958,924.0
5965959,929.0
5966960,883.0
5967961,1000.0
5968962,791.0
5969963,619.0
5970964,1000.0
5971965,636.0
5972966,639.0
5973967,796.0
5974968,835.0
5975969,939.0
5976970,973.0
5977971,811.0
5978972,881.0
5979973,590.0
5980974,940.0
5981975,701.0
5982976,821.0
5983977,736.0
5984978,931.0
5985979,758.0
5986980,680.0
5987981,634.0
5988982,1000.0
5989983,645.0
5990984,242.0
5991985,584.0
5992986,874.0
5993987,695.0
5994988,557.0
5995989,635.0
5996990,825.0
5997991,806.0
5998992,585.0
5999993,908.0
6000994,641.0
6001995,502.0
6002996,587.0
6003997,251.0
6004998,524.0
6005999,934.0
6007000,883.0
6008001,641.0
6009002,670.0
6010003,926.0
6011004,938.0
6012005,1000.0
6013006,665.0
6014007,641.0
6015008,871.0
6016009,88.0
6017010,555.0
6018011,816.0
6019012,783.0
6020013,732.0
6021014,822.0
6022015,344.0
6023016,868.0
6024017,558.0
6025018,1000.0
6026019,763.0
6027020,385.0
6028021,884.0
6029022,479.0
6030023,930.0
6031024,827.0
6032025,888.0
6033026,878.0
6034027,617.0
6035028,935.0
6036029,602.0
6037030,878.0
6038031,659.0
6039032,593.0
6040033,881.0
6041034,934.0
6042035,873.0
6043036,675.0
6044037,937.0
6045038,927.0
6046039,679.0
6047040,814.0
6048041,936.0
6049042,750.0
6050043,868.0
6051044,791.0
6052045,581.0
6053046,713.0
6054047,752.0
6055048,941.0
6056049,679.0
6057050,594.0
6058051,486.0
6059052,997.0
6060053,785.0
6061054,777.0
6062055,96.0
6063056,926.0
6064057,778.0
6065058,835.0
6066059,871.0
6067060,750.0
6068061,877.0
6069062,1000.0
6070063,647.0
6071064,687.0
6072065,861.0
6073066,893.0
6074067,762.0
6075068,534.0
6076069,486.0
6077070,211.0
6078071,57.0
6079072,744.0
6080073,1000.0
6081074,65.0
6082075,746.0
6083076,928.0
6084077,750.0
6085078,841.0
6086079,716.0
6087080,880.0
6088081,605.0
6089082,879.0
6090083,908.0
6091084,928.0
6092085,935.0
6093086,883.0
6094087,716.0
6095088,787.0
6096089,648.0
6097090,512.0
6098091,636.0
6099092,838.0
6100093,526.0
6101094,440.0
6102095,928.0
6103096,915.0
6104097,720.0
6105098,574.0
6106099,426.0
6107100,45.0
6108101,827.0
6109102,935.0
6110103,281.0
6111104,677.0
6112105,699.0
6113106,941.0
6114107,627.0
6115108,523.0
6116109,607.0
6117110,688.0
6118111,842.0
6119112,517.0
6120113,915.0
6121114,921.0
6122115,814.0
6123116,543.0
6124117,716.0
6125118,937.0
6126119,641.0
6127120,928.0
6128121,609.0
6129122,837.0
6130123,672.0
6131124,898.0
6132125,907.0
6133126,621.0
6134127,880.0
6135128,714.0
6136129,655.0
6137130,720.0
6138131,888.0
6139132,935.0
6140133,573.0
6141134,838.0
6142135,751.0
6143136,883.0
6144137,998.0
6145138,617.0
6146139,753.0
6147140,819.0
6148141,719.0
6149142,794.0
6150143,826.0
6151144,623.0
6152145,788.0
6153146,938.0
6154147,933.0
6155148,886.0
6156149,912.0
6157150,606.0
6158151,837.0
6159152,701.0
6160153,1000.0
6161154,877.0
6162155,94.0
6163156,666.0
6164157,757.0
6165158,1000.0
6166159,415.0
6167160,836.0
6168161,922.0
6169162,704.0
6170163,626.0
6171164,926.0
6172165,517.0
6173166,269.0
6174167,761.0
6175168,653.0
6176169,524.0
6177170,878.0
6178171,884.0
6179172,838.0
6180173,762.0
6181174,833.0
6182175,0.0
6183176,799.0
6184177,744.0
6185178,744.0
6186179,741.0
6187180,452.0
6188181,606.0
6189182,507.0
6190183,593.0
6191184,998.0
6192185,747.0
6193186,627.0
6194187,878.0
6195188,930.0
6196189,403.0
6197190,843.0
6198191,683.0
6199192,926.0
6200193,760.0
6201194,637.0
6202195,913.0
6203196,735.0
6204197,640.0
6205198,747.0
6206199,922.0
6207200,58.0
6208201,940.0
6209202,755.0
6210203,522.0
6211204,515.0
6212205,844.0
6213206,565.0
6214207,220.0
6215208,726.0
6216209,241.0
6217210,333.0
6218211,881.0
6219212,799.0
6220213,937.0
6221214,663.0
6222215,487.0
6223216,688.0
6224217,937.0
6225218,745.0
6226219,937.0
6227220,515.0
6228221,932.0
6229222,939.0
6230223,638.0
6231224,797.0
6232225,679.0
6233226,749.0
6234227,527.0
6235228,550.0
6236229,666.0
6237230,878.0
6238231,126.0
6239232,841.0
6240233,672.0
6241234,820.0
6242235,658.0
6243236,679.0
6244237,928.0
6245238,565.0
6246239,917.0
6247240,669.0
6248241,878.0
6249242,655.0
6250243,828.0
6251244,876.0
6252245,880.0
6253246,643.0
6254247,640.0
6255248,228.0
6256249,645.0
6257250,939.0
6258251,627.0
6259252,772.0
6260253,1000.0
6261254,937.0
6262255,939.0
6263256,689.0
6264257,939.0
6265258,997.0
6266259,787.0
6267260,707.0
6268261,1000.0
6269262,506.0
6270263,790.0
6271264,676.0
6272265,799.0
6273266,882.0
6274267,800.0
6275268,691.0
6276269,789.0
6277270,1000.0
6278271,889.0
6279272,818.0
6280273,941.0
6281274,728.0
6282275,877.0
6283276,607.0
6284277,616.0
6285278,665.0
6286279,871.0
6287280,887.0
6288281,738.0
6289282,634.0
6290283,722.0
6291284,465.0
6292285,938.0
6293286,525.0
6294287,720.0
6295288,192.0
6296289,661.0
6297290,635.0
6298291,304.0
6299292,878.0
6300293,1000.0
6301294,596.0
6302295,932.0
6303296,732.0
6304297,835.0
6305298,904.0
6306299,588.0
6307300,914.0
6308301,497.0
6309302,682.0
6310303,623.0
6311304,941.0
6312305,834.0
6313306,598.0
6314307,225.0
6315308,723.0
6316309,594.0
6317310,505.0
6318311,840.0
6319312,705.0
6320313,861.0
6321314,606.0
6322315,876.0
6323316,857.0
6324317,912.0
6325318,553.0
6326319,30.0
6327320,803.0
6328321,681.0
6329322,815.0
6330323,482.0
6331324,824.0
6332325,714.0
6333326,930.0
6334327,887.0
6335328,930.0
6336329,862.0
6337330,890.0
6338331,794.0
6339332,749.0
6340333,925.0
6341334,877.0
6342335,890.0
6343336,422.0
6344337,927.0
6345338,937.0
6346339,707.0
6347340,876.0
6348341,723.0
6349342,933.0
6350343,926.0
6351344,625.0
6352345,792.0
6353346,831.0
6354347,823.0
6355348,927.0
6356349,423.0
6357350,562.0
6358351,647.0
6359352,666.0
6360353,675.0
6361354,880.0
6362355,929.0
6363356,836.0
6364357,934.0
6365358,757.0
6366359,792.0
6367360,930.0
6368361,764.0
6369362,750.0
6370363,880.0
6371364,590.0
6372365,645.0
6373366,889.0
6374367,758.0
6375368,787.0
6376369,943.0
6377370,642.0
6378371,834.0
6379372,689.0
6380373,768.0
6381374,885.0
6382375,805.0
6383376,680.0
6384377,548.0
6385378,783.0
6386379,0.0
6387380,794.0
6388381,931.0
6389382,642.0
6390383,932.0
6391384,922.0
6392385,847.0
6393386,933.0
6394387,873.0
6395388,503.0
6396389,739.0
6397390,0.0
6398391,933.0
6399392,670.0
6400393,940.0
6401394,603.0
6402395,686.0
6403396,697.0
6404397,730.0
6405398,454.0
6406399,938.0
6407400,892.0
6408401,939.0
6409402,882.0
6410403,687.0
6411404,498.0
6412405,679.0
6413406,929.0
6414407,779.0
6415408,600.0
6416409,744.0
6417410,612.0
6418411,761.0
6419412,942.0
6420413,759.0
6421414,664.0
6422415,838.0
6423416,829.0
6424417,652.0
6425418,704.0
6426419,607.0
6427420,49.0
6428421,814.0
6429422,937.0
6430423,752.0
6431424,859.0
6432425,603.0
6433426,754.0
6434427,717.0
6435428,752.0
6436429,638.0
6437430,802.0
6438431,783.0
6439432,782.0
6440433,642.0
6441434,870.0
6442435,634.0
6443436,876.0
6444437,874.0
6445438,713.0
6446439,685.0
6447440,1000.0
6448441,697.0
6449442,938.0
6450443,682.0
6451444,876.0
6452445,761.0
6453446,877.0
6454447,539.0
6455448,937.0
6456449,804.0
6457450,781.0
6458451,854.0
6459452,762.0
6460453,718.0
6461454,917.0
6462455,864.0
6463456,748.0
6464457,930.0
6465458,552.0
6466459,806.0
6467460,884.0
6468461,1000.0
6469462,937.0
6470463,884.0
6471464,0.0
6472465,683.0
6473466,888.0
6474467,657.0
6475468,918.0
6476469,677.0
6477470,886.0
6478471,792.0
6479472,695.0
6480473,572.0
6481474,676.0
6482475,727.0
6483476,936.0
6484477,612.0
6485478,671.0
6486479,939.0
6487480,731.0
6488481,822.0
6489482,636.0
6490483,846.0
6491484,714.0
6492485,672.0
6493486,566.0
6494487,1000.0
6495488,939.0
6496489,888.0
6497490,1000.0
6498491,790.0
6499492,927.0
6500493,828.0
6501494,715.0
6502495,390.0
6503496,1000.0
6504497,0.0
6505498,494.0
6506499,474.0
6507500,1000.0
6508501,563.0
6509502,547.0
6510503,872.0
6511504,876.0
6512505,691.0
6513506,923.0
6514507,886.0
6515508,940.0
6516509,670.0
6517510,888.0
6518511,678.0
6519512,682.0
6520513,663.0
6521514,630.0
6522515,760.0
6523516,869.0
6524517,814.0
6525518,880.0
6526519,1000.0
6527520,766.0
6528521,687.0
6529522,890.0
6530523,722.0
6531524,889.0
6532525,692.0
6533526,645.0
6534527,567.0
6535528,928.0
6536529,800.0
6537530,1000.0
6538531,939.0
6539532,731.0
6540533,690.0
6541534,790.0
6542535,847.0
6543536,728.0
6544537,597.0
6545538,393.0
6546539,831.0
6547540,801.0
6548541,940.0
6549542,1000.0
6550543,941.0
6551544,0.0
6552545,738.0
6553546,936.0
6554547,675.0
6555548,746.0
6556549,883.0
6557550,647.0
6558551,409.0
6559552,939.0
6560553,936.0
6561554,881.0
6562555,882.0
6563556,1000.0
6564557,614.0
6565558,566.0
6566559,723.0
6567560,444.0
6568561,827.0
6569562,928.0
6570563,0.0
6571564,758.0
6572565,936.0
6573566,937.0
6574567,633.0
6575568,875.0
6576569,758.0
6577570,829.0
6578571,937.0
6579572,668.0
6580573,615.0
6581574,710.0
6582575,563.0
6583576,751.0
6584577,756.0
6585578,777.0
6586579,527.0
6587580,1000.0
6588581,513.0
6589582,753.0
6590583,0.0
6591584,721.0
6592585,625.0
6593586,30.0
6594587,937.0
6595588,275.0
6596589,783.0
6597590,847.0
6598591,933.0
6599592,633.0
6600593,0.0
6601594,711.0
6602595,800.0
6603596,695.0
6604597,913.0
6605598,814.0
6606599,984.0
6607600,803.0
6608601,756.0
6609602,898.0
6610603,629.0
6611604,645.0
6612605,620.0
6613606,767.0
6614607,840.0
6615608,361.0
6616609,834.0
6617610,585.0
6618611,937.0
6619612,1000.0
6620613,933.0
6621614,273.0
6622615,826.0
6623616,522.0
6624617,941.0
6625618,745.0
6626619,774.0
6627620,941.0
6628621,936.0
6629622,730.0
6630623,571.0
6631624,639.0
6632625,612.0
6633626,712.0
6634627,651.0
6635628,520.0
6636629,19.0
6637630,612.0
6638631,887.0
6639632,935.0
6640633,714.0
6641634,787.0
6642635,594.0
6643636,617.0
6644637,797.0
6645638,860.0
6646639,936.0
6647640,660.0
6648641,771.0
6649642,703.0
6650643,773.0
6651644,741.0
6652645,990.0
6653646,926.0
6654647,697.0
6655648,730.0
6656649,582.0
6657650,940.0
6658651,939.0
6659652,878.0
6660653,423.0
6661654,702.0
6662655,777.0
6663656,746.0
6664657,848.0
6665658,728.0
6666659,628.0
6667660,644.0
6668661,827.0
6669662,931.0
6670663,556.0
6671664,786.0
6672665,481.0
6673666,1000.0
6674667,590.0
6675668,633.0
6676669,684.0
6677670,1000.0
6678671,933.0
6679672,478.0
6680673,655.0
6681674,0.0
6682675,838.0
6683676,996.0
6684677,851.0
6685678,788.0
6686679,643.0
6687680,550.0
6688681,597.0
6689682,831.0
6690683,846.0
6691684,830.0
6692685,901.0
6693686,598.0
6694687,629.0
6695688,596.0
6696689,931.0
6697690,920.0
6698691,929.0
6699692,940.0
6700693,1000.0
6701694,985.0
6702695,833.0
6703696,604.0
6704697,498.0
6705698,937.0
6706699,674.0
6707700,1000.0
6708701,754.0
6709702,1000.0
6710703,0.0
6711704,613.0
6712705,0.0
6713706,981.0
6714707,586.0
6715708,880.0
6716709,841.0
6717710,936.0
6718711,639.0
6719712,767.0
6720713,885.0
6721714,882.0
6722715,507.0
6723716,826.0
6724717,880.0
6725718,768.0
6726719,605.0
6727720,868.0
6728721,712.0
6729722,834.0
6730723,813.0
6731724,874.0
6732725,632.0
6733726,570.0
6734727,755.0
6735728,824.0
6736729,674.0
6737730,588.0
6738731,655.0
6739732,873.0
6740733,927.0
6741734,531.0
6742735,795.0
6743736,670.0
6744737,882.0
6745738,776.0
6746739,674.0
6747740,813.0
6748741,662.0
6749742,842.0
6750743,825.0
6751744,824.0
6752745,839.0
6753746,877.0
6754747,714.0
6755748,705.0
6756749,917.0
6757750,935.0
6758751,810.0
6759752,690.0
6760753,542.0
6761754,586.0
6762755,632.0
6763756,1000.0
6764757,757.0
6765758,866.0
6766759,0.0
6767760,811.0
6768761,872.0
6769762,819.0
6770763,1000.0
6771764,426.0
6772765,867.0
6773766,1000.0
6774767,770.0
6775768,939.0
6776769,658.0
6777770,820.0
6778771,629.0
6779772,0.0
6780773,691.0
6781774,723.0
6782775,817.0
6783776,579.0
6784777,754.0
6785778,874.0
6786779,755.0
6787780,680.0
6788781,774.0
6789782,515.0
6790783,769.0
6791784,718.0
6792785,148.0
6793786,923.0
6794787,771.0
6795788,870.0
6796789,675.0
6797790,676.0
6798791,175.0
6799792,209.0
6800793,881.0
6801794,602.0
6802795,644.0
6803796,545.0
6804797,548.0
6805798,935.0
6806799,595.0
6807800,770.0
6808801,779.0
6809802,779.0
6810803,793.0
6811804,937.0
6812805,937.0
6813806,1000.0
6814807,834.0
6815808,655.0
6816809,834.0
6817810,744.0
6818811,548.0
6819812,652.0
6820813,593.0
6821814,521.0
6822815,629.0
6823816,597.0
6824817,617.0
6825818,619.0
6826819,0.0
6827820,744.0
6828821,698.0
6829822,395.0
6830823,593.0
6831824,778.0
6832825,727.0
6833826,1000.0
6834827,0.0
6835828,603.0
6836829,609.0
6837830,588.0
6838831,910.0
6839832,568.0
6840833,569.0
6841834,1000.0
6842835,557.0
6843836,818.0
6844837,463.0
6845838,553.0
6846839,830.0
6847840,615.0
6848841,766.0
6849842,666.0
6850843,927.0
6851844,922.0
6852845,0.0
6853846,630.0
6854847,586.0
6855848,878.0
6856849,568.0
6857850,856.0
6858851,629.0
6859852,416.0
6860853,604.0
6861854,941.0
6862855,932.0
6863856,975.0
6864857,660.0
6865858,712.0
6866859,886.0
6867860,693.0
6868861,516.0
6869862,983.0
6870863,759.0
6871864,537.0
6872865,0.0
6873866,604.0
6874867,933.0
6875868,682.0
6876869,512.0
6877870,824.0
6878871,1000.0
6879872,633.0
6880873,936.0
6881874,70.0
6882875,940.0
6883876,522.0
6884877,519.0
6885878,622.0
6886879,789.0
6887880,682.0
6888881,1000.0
6889882,836.0
6890883,936.0
6891884,646.0
6892885,931.0
6893886,689.0
6894887,908.0
6895888,884.0
6896889,682.0
6897890,303.0
6898891,29.0
6899892,629.0
6900893,658.0
6901894,811.0
6902895,934.0
6903896,659.0
6904897,542.0
6905898,831.0
6906899,471.0
6907900,429.0
6908901,705.0
6909902,804.0
6910903,821.0
6911904,931.0
6912905,751.0
6913906,793.0
6914907,686.0
6915908,1000.0
6916909,916.0
6917910,621.0
6918911,284.0
6919912,736.0
6920913,610.0
6921914,933.0
6922915,677.0
6923916,743.0
6924917,1000.0
6925918,782.0
6926919,773.0
6927920,903.0
6928921,754.0
6929922,926.0
6930923,612.0
6931924,442.0
6932925,0.0
6933926,628.0
6934927,859.0
6935928,808.0
6936929,935.0
6937930,938.0
6938931,640.0
6939932,821.0
6940933,471.0
6941934,821.0
6942935,746.0
6943936,346.0
6944937,935.0
6945938,604.0
6946939,609.0
6947940,927.0
6948941,0.0
6949942,714.0
6950943,0.0
6951944,581.0
6952945,739.0
6953946,759.0
6954947,831.0
6955948,901.0
6956949,1000.0
6957950,935.0
6958951,627.0
6959952,864.0
6960953,935.0
6961954,487.0
6962955,860.0
6963956,519.0
6964957,935.0
6965958,522.0
6966959,787.0
6967960,810.0
6968961,856.0
6969962,788.0
6970963,872.0
6971964,822.0
6972965,881.0
6973966,544.0
6974967,939.0
6975968,729.0
6976969,600.0
6977970,706.0
6978971,875.0
6979972,717.0
6980973,511.0
6981974,513.0
6982975,498.0
6983976,848.0
6984977,839.0
6985978,925.0
6986979,794.0
6987980,824.0
6988981,545.0
6989982,781.0
6990983,900.0
6991984,0.0
6992985,863.0
6993986,937.0
6994987,415.0
6995988,936.0
6996989,644.0
6997990,529.0
6998991,858.0
6999992,668.0
7000993,836.0
7001994,749.0
7002995,673.0
7003996,826.0
7004997,881.0
7005998,788.0
7006999,584.0
7008000,545.0
7009001,848.0
7010002,0.0
7011003,935.0
7012004,626.0
7013005,463.0
7014006,938.0
7015007,711.0
7016008,478.0
7017009,939.0
7018010,707.0
7019011,537.0
7020012,872.0
7021013,990.0
7022014,772.0
7023015,553.0
7024016,647.0
7025017,772.0
7026018,1000.0
7027019,594.0
7028020,669.0
7029021,1000.0
7030022,926.0
7031023,467.0
7032024,882.0
7033025,869.0
7034026,836.0
7035027,736.0
7036028,0.0
7037029,743.0
7038030,882.0
7039031,865.0
7040032,738.0
7041033,853.0
7042034,553.0
7043035,936.0
7044036,581.0
7045037,802.0
7046038,698.0
7047039,493.0
7048040,489.0
7049041,808.0
7050042,660.0
7051043,247.0
7052044,701.0
7053045,790.0
7054046,815.0
7055047,904.0
7056048,839.0
7057049,932.0
7058050,562.0
7059051,625.0
7060052,1000.0
7061053,0.0
7062054,881.0
7063055,592.0
7064056,930.0
7065057,774.0
7066058,780.0
7067059,711.0
7068060,791.0
7069061,576.0
7070062,595.0
7071063,0.0
7072064,903.0
7073065,0.0
7074066,878.0
7075067,819.0
7076068,606.0
7077069,828.0
7078070,795.0
7079071,626.0
7080072,930.0
7081073,638.0
7082074,548.0
7083075,621.0
7084076,870.0
7085077,604.0
7086078,627.0
7087079,978.0
7088080,870.0
7089081,787.0
7090082,936.0
7091083,720.0
7092084,780.0
7093085,926.0
7094086,778.0
7095087,572.0
7096088,936.0
7097089,649.0
7098090,679.0
7099091,642.0
7100092,532.0
7101093,943.0
7102094,475.0
7103095,667.0
7104096,769.0
7105097,0.0
7106098,680.0
7107099,778.0
7108100,471.0
7109101,157.0
7110102,923.0
7111103,923.0
7112104,468.0
7113105,936.0
7114106,1000.0
7115107,659.0
7116108,595.0
7117109,925.0
7118110,934.0
7119111,927.0
7120112,872.0
7121113,313.0
7122114,924.0
7123115,854.0
7124116,703.0
7125117,480.0
7126118,523.0
7127119,856.0
7128120,883.0
7129121,623.0
7130122,562.0
7131123,561.0
7132124,753.0
7133125,540.0
7134126,931.0
7135127,936.0
7136128,710.0
7137129,583.0
7138130,874.0
7139131,890.0
7140132,603.0
7141133,676.0
7142134,826.0
7143135,743.0
7144136,879.0
7145137,542.0
7146138,835.0
7147139,507.0
7148140,674.0
7149141,564.0
7150142,712.0
7151143,935.0
7152144,930.0
7153145,658.0
7154146,877.0
7155147,933.0
7156148,566.0
7157149,887.0
7158150,1000.0
7159151,467.0
7160152,923.0
7161153,735.0
7162154,691.0
7163155,799.0
7164156,635.0
7165157,422.0
7166158,670.0
7167159,932.0
7168160,651.0
7169161,737.0
7170162,731.0
7171163,1000.0
7172164,603.0
7173165,652.0
7174166,621.0
7175167,660.0
7176168,405.0
7177169,576.0
7178170,498.0
7179171,1000.0
7180172,593.0
7181173,629.0
7182174,888.0
7183175,690.0
7184176,0.0
7185177,681.0
7186178,543.0
7187179,934.0
7188180,629.0
7189181,927.0
7190182,511.0
7191183,708.0
7192184,747.0
7193185,1000.0
7194186,704.0
7195187,912.0
7196188,843.0
7197189,624.0
7198190,671.0
7199191,671.0
7200192,931.0
7201193,599.0
7202194,879.0
7203195,888.0
7204196,0.0
7205197,932.0
7206198,850.0
7207199,0.0
7208200,588.0
7209201,879.0
7210202,791.0
7211203,604.0
7212204,816.0
7213205,748.0
7214206,290.0
7215207,707.0
7216208,688.0
7217209,803.0
7218210,937.0
7219211,924.0
7220212,606.0
7221213,933.0
7222214,1000.0
7223215,676.0
7224216,428.0
7225217,0.0
7226218,421.0
7227219,565.0
7228220,960.0
7229221,742.0
7230222,931.0
7231223,710.0
7232224,872.0
7233225,591.0
7234226,627.0
7235227,832.0
7236228,746.0
7237229,1000.0
7238230,653.0
7239231,693.0
7240232,932.0
7241233,1000.0
7242234,801.0
7243235,866.0
7244236,674.0
7245237,997.0
7246238,407.0
7247239,718.0
7248240,276.0
7249241,583.0
7250242,458.0
7251243,833.0
7252244,163.0
7253245,926.0
7254246,935.0
7255247,933.0
7256248,711.0
7257249,932.0
7258250,626.0
7259251,931.0
7260252,651.0
7261253,892.0
7262254,674.0
7263255,633.0
7264256,833.0
7265257,937.0
7266258,259.0
7267259,900.0
7268260,752.0
7269261,614.0
7270262,661.0
7271263,750.0
7272264,760.0
7273265,513.0
7274266,708.0
7275267,644.0
7276268,486.0
7277269,446.0
7278270,932.0
7279271,718.0
7280272,767.0
7281273,937.0
7282274,899.0
7283275,741.0
7284276,597.0
7285277,785.0
7286278,652.0
7287279,694.0
7288280,929.0
7289281,927.0
7290282,774.0
7291283,742.0
7292284,693.0
7293285,701.0
7294286,639.0
7295287,881.0
7296288,634.0
7297289,930.0
7298290,799.0
7299291,527.0
7300292,809.0
7301293,930.0
7302294,149.0
7303295,629.0
7304296,831.0
7305297,646.0
7306298,870.0
7307299,1000.0
7308300,938.0
7309301,939.0
7310302,790.0
7311303,513.0
7312304,929.0
7313305,241.0
7314306,575.0
7315307,914.0
7316308,558.0
7317309,713.0
7318310,667.0
7319311,996.0
7320312,927.0
7321313,581.0
7322314,721.0
7323315,736.0
7324316,493.0
7325317,657.0
7326318,747.0
7327319,881.0
7328320,655.0
7329321,1000.0
7330322,626.0
7331323,687.0
7332324,848.0
7333325,21.0
7334326,490.0
7335327,836.0
7336328,696.0
7337329,676.0
7338330,917.0
7339331,922.0
7340332,938.0
7341333,454.0
7342334,235.0
7343335,749.0
7344336,824.0
7345337,577.0
7346338,576.0
7347339,1000.0
7348340,690.0
7349341,1000.0
7350342,406.0
7351343,934.0
7352344,724.0
7353345,934.0
7354346,718.0
7355347,0.0
7356348,775.0
7357349,770.0
7358350,368.0
7359351,707.0
7360352,1000.0
7361353,655.0
7362354,604.0
7363355,728.0
7364356,686.0
7365357,936.0
7366358,818.0
7367359,457.0
7368360,882.0
7369361,230.0
7370362,743.0
7371363,738.0
7372364,604.0
7373365,605.0
7374366,887.0
7375367,650.0
7376368,1000.0
7377369,823.0
7378370,612.0
7379371,0.0
7380372,767.0
7381373,882.0
7382374,499.0
7383375,934.0
7384376,509.0
7385377,1000.0
7386378,927.0
7387379,762.0
7388380,878.0
7389381,709.0
7390382,867.0
7391383,860.0
7392384,0.0
7393385,702.0
7394386,592.0
7395387,674.0
7396388,769.0
7397389,593.0
7398390,930.0
7399391,932.0
7400392,843.0
7401393,112.0
7402394,870.0
7403395,922.0
7404396,932.0
7405397,937.0
7406398,739.0
7407399,398.0
7408400,782.0
7409401,1000.0
7410402,1000.0
7411403,631.0
7412404,652.0
7413405,938.0
7414406,794.0
7415407,823.0
7416408,750.0
7417409,933.0
7418410,749.0
7419411,934.0
7420412,748.0
7421413,614.0
7422414,320.0
7423415,787.0
7424416,474.0
7425417,888.0
7426418,542.0
7427419,916.0
7428420,926.0
7429421,595.0
7430422,467.0
7431423,995.0
7432424,548.0
7433425,660.0
7434426,574.0
7435427,822.0
7436428,567.0
7437429,816.0
7438430,933.0
7439431,273.0
7440432,813.0
7441433,412.0
7442434,737.0
7443435,668.0
7444436,991.0
7445437,600.0
7446438,516.0
7447439,670.0
7448440,833.0
7449441,710.0
7450442,548.0
7451443,854.0
7452444,751.0
7453445,929.0
7454446,335.0
7455447,867.0
7456448,883.0
7457449,632.0
7458450,553.0
7459451,713.0
7460452,879.0
7461453,404.0
7462454,650.0
7463455,590.0
7464456,0.0
7465457,210.0
7466458,1000.0
7467459,723.0
7468460,776.0
7469461,708.0
7470462,590.0
7471463,607.0
7472464,860.0
7473465,581.0
7474466,469.0
7475467,910.0
7476468,581.0
7477469,933.0
7478470,652.0
7479471,1000.0
7480472,0.0
7481473,630.0
7482474,668.0
7483475,940.0
7484476,638.0
7485477,578.0
7486478,706.0
7487479,845.0
7488480,720.0
7489481,707.0
7490482,926.0
7491483,668.0
7492484,741.0
7493485,782.0
7494486,811.0
7495487,844.0
7496488,934.0
7497489,864.0
7498490,461.0
7499491,914.0
7500492,418.0
7501493,673.0
7502494,585.0
7503495,673.0
7504496,1000.0
7505497,1000.0
7506498,756.0
7507499,936.0
7508500,629.0
7509501,729.0
7510502,1000.0
7511503,842.0
7512504,652.0
7513505,1000.0
7514506,543.0
7515507,627.0
7516508,842.0
7517509,914.0
7518510,837.0
7519511,634.0
7520512,310.0
7521513,533.0
7522514,601.0
7523515,925.0
7524516,771.0
7525517,734.0
7526518,535.0
7527519,624.0
7528520,611.0
7529521,912.0
7530522,271.0
7531523,356.0
7532524,412.0
7533525,931.0
7534526,387.0
7535527,938.0
7536528,280.0
7537529,879.0
7538530,773.0
7539531,591.0
7540532,507.0
7541533,481.0
7542534,350.0
7543535,1000.0
7544536,926.0
7545537,645.0
7546538,646.0
7547539,582.0
7548540,508.0
7549541,630.0
7550542,652.0
7551543,140.0
7552544,844.0
7553545,866.0
7554546,483.0
7555547,513.0
7556548,753.0
7557549,672.0
7558550,928.0
7559551,863.0
7560552,843.0
7561553,922.0
7562554,929.0
7563555,570.0
7564556,910.0
7565557,926.0
7566558,861.0
7567559,488.0
7568560,716.0
7569561,938.0
7570562,527.0
7571563,865.0
7572564,931.0
7573565,880.0
7574566,638.0
7575567,1000.0
7576568,880.0
7577569,0.0
7578570,678.0
7579571,631.0
7580572,592.0
7581573,485.0
7582574,717.0
7583575,633.0
7584576,703.0
7585577,632.0
7586578,930.0
7587579,232.0
7588580,827.0
7589581,600.0
7590582,684.0
7591583,531.0
7592584,632.0
7593585,623.0
7594586,683.0
7595587,799.0
7596588,1000.0
7597589,933.0
7598590,583.0
7599591,745.0
7600592,380.0
7601593,747.0
7602594,937.0
7603595,638.0
7604596,609.0
7605597,790.0
7606598,939.0
7607599,520.0
7608600,1000.0
7609601,926.0
7610602,521.0
7611603,750.0
7612604,560.0
7613605,879.0
7614606,941.0
7615607,576.0
7616608,747.0
7617609,714.0
7618610,931.0
7619611,563.0
7620612,561.0
7621613,866.0
7622614,786.0
7623615,920.0
7624616,574.0
7625617,820.0
7626618,866.0
7627619,1000.0
7628620,906.0
7629621,462.0
7630622,879.0
7631623,779.0
7632624,856.0
7633625,932.0
7634626,662.0
7635627,838.0
7636628,1000.0
7637629,938.0
7638630,930.0
7639631,646.0
7640632,781.0
7641633,532.0
7642634,776.0
7643635,880.0
7644636,790.0
7645637,699.0
7646638,779.0
7647639,648.0
7648640,827.0
7649641,931.0
7650642,834.0
7651643,591.0
7652644,886.0
7653645,837.0
7654646,612.0
7655647,651.0
7656648,931.0
7657649,236.0
7658650,528.0
7659651,934.0
7660652,829.0
7661653,645.0
7662654,825.0
7663655,930.0
7664656,244.0
7665657,682.0
7666658,630.0
7667659,908.0
7668660,725.0
7669661,650.0
7670662,705.0
7671663,458.0
7672664,939.0
7673665,839.0
7674666,925.0
7675667,833.0
7676668,499.0
7677669,835.0
7678670,688.0
7679671,585.0
7680672,587.0
7681673,764.0
7682674,866.0
7683675,557.0
7684676,653.0
7685677,936.0
7686678,667.0
7687679,508.0
7688680,911.0
7689681,701.0
7690682,636.0
7691683,863.0
7692684,833.0
7693685,701.0
7694686,936.0
7695687,635.0
7696688,907.0
7697689,663.0
7698690,883.0
7699691,430.0
7700692,823.0
7701693,715.0
7702694,636.0
7703695,917.0
7704696,620.0
7705697,657.0
7706698,931.0
7707699,632.0
7708700,935.0
7709701,676.0
7710702,563.0
7711703,788.0
7712704,535.0
7713705,602.0
7714706,564.0
7715707,537.0
7716708,555.0
7717709,518.0
7718710,820.0
7719711,556.0
7720712,795.0
7721713,1000.0
7722714,935.0
7723715,92.0
7724716,930.0
7725717,791.0
7726718,567.0
7727719,584.0
7728720,655.0
7729721,786.0
7730722,688.0
7731723,677.0
7732724,876.0
7733725,775.0
7734726,407.0
7735727,424.0
7736728,933.0
7737729,461.0
7738730,457.0
7739731,747.0
7740732,782.0
7741733,669.0
7742734,919.0
7743735,620.0
7744736,405.0
7745737,849.0
7746738,544.0
7747739,677.0
7748740,861.0
7749741,747.0
7750742,458.0
7751743,765.0
7752744,937.0
7753745,606.0
7754746,786.0
7755747,421.0
7756748,736.0
7757749,698.0
7758750,777.0
7759751,818.0
7760752,289.0
7761753,857.0
7762754,422.0
7763755,637.0
7764756,920.0
7765757,580.0
7766758,923.0
7767759,853.0
7768760,784.0
7769761,880.0
7770762,638.0
7771763,505.0
7772764,866.0
7773765,883.0
7774766,902.0
7775767,791.0
7776768,782.0
7777769,834.0
7778770,884.0
7779771,1000.0
7780772,776.0
7781773,379.0
7782774,653.0
7783775,913.0
7784776,691.0
7785777,916.0
7786778,750.0
7787779,786.0
7788780,753.0
7789781,694.0
7790782,406.0
7791783,919.0
7792784,922.0
7793785,664.0
7794786,747.0
7795787,776.0
7796788,771.0
7797789,673.0
7798790,679.0
7799791,933.0
7800792,479.0
7801793,778.0
7802794,824.0
7803795,574.0
7804796,1000.0
7805797,752.0
7806798,841.0
7807799,1000.0
7808800,770.0
7809801,924.0
7810802,734.0
7811803,768.0
7812804,512.0
7813805,666.0
7814806,930.0
7815807,747.0
7816808,644.0
7817809,548.0
7818810,927.0
7819811,886.0
7820812,927.0
7821813,749.0
7822814,663.0
7823815,608.0
7824816,544.0
7825817,826.0
7826818,622.0
7827819,567.0
7828820,0.0
7829821,664.0
7830822,748.0
7831823,861.0
7832824,865.0
7833825,826.0
7834826,763.0
7835827,869.0
7836828,424.0
7837829,872.0
7838830,860.0
7839831,940.0
7840832,720.0
7841833,638.0
7842834,526.0
7843835,632.0
7844836,821.0
7845837,662.0
7846838,881.0
7847839,423.0
7848840,675.0
7849841,827.0
7850842,562.0
7851843,719.0
7852844,656.0
7853845,445.0
7854846,634.0
7855847,679.0
7856848,644.0
7857849,397.0
7858850,859.0
7859851,578.0
7860852,642.0
7861853,1000.0
7862854,512.0
7863855,0.0
7864856,231.0
7865857,860.0
7866858,936.0
7867859,871.0
7868860,674.0
7869861,737.0
7870862,754.0
7871863,836.0
7872864,661.0
7873865,833.0
7874866,1000.0
7875867,936.0
7876868,605.0
7877869,728.0
7878870,659.0
7879871,913.0
7880872,704.0
7881873,321.0
7882874,668.0
7883875,930.0
7884876,864.0
7885877,699.0
7886878,932.0
7887879,929.0
7888880,759.0
7889881,685.0
7890882,627.0
7891883,658.0
7892884,647.0
7893885,937.0
7894886,929.0
7895887,824.0
7896888,796.0
7897889,934.0
7898890,715.0
7899891,515.0
7900892,710.0
7901893,556.0
7902894,675.0
7903895,1000.0
7904896,671.0
7905897,832.0
7906898,493.0
7907899,884.0
7908900,620.0
7909901,827.0
7910902,778.0
7911903,675.0
7912904,890.0
7913905,936.0
7914906,781.0
7915907,934.0
7916908,511.0
7917909,69.0
7918910,936.0
7919911,747.0
7920912,564.0
7921913,647.0
7922914,927.0
7923915,138.0
7924916,464.0
7925917,793.0
7926918,443.0
7927919,732.0
7928920,481.0
7929921,862.0
7930922,642.0
7931923,765.0
7932924,327.0
7933925,695.0
7934926,816.0
7935927,592.0
7936928,705.0
7937929,522.0
7938930,804.0
7939931,591.0
7940932,886.0
7941933,685.0
7942934,877.0
7943935,535.0
7944936,452.0
7945937,695.0
7946938,921.0
7947939,677.0
7948940,562.0
7949941,658.0
7950942,448.0
7951943,400.0
7952944,923.0
7953945,669.0
7954946,326.0
7955947,436.0
7956948,612.0
7957949,498.0
7958950,445.0
7959951,879.0
7960952,927.0
7961953,629.0
7962954,936.0
7963955,986.0
7964956,347.0
7965957,919.0
7966958,704.0
7967959,559.0
7968960,519.0
7969961,748.0
7970962,833.0
7971963,782.0
7972964,935.0
7973965,588.0
7974966,796.0
7975967,663.0
7976968,17.0
7977969,639.0
7978970,494.0
7979971,500.0
7980972,521.0
7981973,933.0
7982974,533.0
7983975,798.0
7984976,887.0
7985977,918.0
7986978,864.0
7987979,558.0
7988980,661.0
7989981,477.0
7990982,939.0
7991983,747.0
7992984,763.0
7993985,726.0
7994986,927.0
7995987,911.0
7996988,620.0
7997989,761.0
7998990,621.0
7999991,592.0
8000992,681.0
8001993,743.0
8002994,930.0
8003995,779.0
8004996,1000.0
8005997,810.0
8006998,824.0
8007999,613.0
8009000,926.0
8010001,883.0
8011002,922.0
8012003,930.0
8013004,869.0
8014005,870.0
8015006,554.0
8016007,611.0
8017008,754.0
8018009,577.0
8019010,938.0
8020011,816.0
8021012,783.0
8022013,887.0
8023014,798.0
8024015,69.0
8025016,815.0
8026017,912.0
8027018,1000.0
8028019,787.0
8029020,738.0
8030021,614.0
8031022,633.0
8032023,444.0
8033024,421.0
8034025,889.0
8035026,795.0
8036027,1000.0
8037028,656.0
8038029,663.0
8039030,828.0
8040031,491.0
8041032,663.0
8042033,771.0
8043034,508.0
8044035,605.0
8045036,723.0
8046037,451.0
8047038,335.0
8048039,911.0
8049040,408.0
8050041,429.0
8051042,930.0
8052043,792.0
8053044,590.0
8054045,779.0
8055046,781.0
8056047,934.0
8057048,829.0
8058049,383.0
8059050,939.0
8060051,752.0
8061052,647.0
8062053,834.0
8063054,696.0
8064055,423.0
8065056,882.0
8066057,933.0
8067058,567.0
8068059,729.0
8069060,544.0
8070061,101.0
8071062,915.0
8072063,523.0
8073064,935.0
8074065,744.0
8075066,545.0
8076067,774.0
8077068,830.0
8078069,718.0
8079070,733.0
8080071,649.0
8081072,835.0
8082073,533.0
8083074,665.0
8084075,712.0
8085076,939.0
8086077,586.0
8087078,885.0
8088079,516.0
8089080,616.0
8090081,73.0
8091082,288.0
8092083,521.0
8093084,638.0
8094085,859.0
8095086,603.0
8096087,750.0
8097088,887.0
8098089,491.0
8099090,921.0
8100091,927.0
8101092,706.0
8102093,633.0
8103094,511.0
8104095,489.0
8105096,660.0
8106097,465.0
8107098,921.0
8108099,713.0
8109100,703.0
8110101,848.0
8111102,911.0
8112103,828.0
8113104,236.0
8114105,837.0
8115106,926.0
8116107,931.0
8117108,1000.0
8118109,883.0
8119110,732.0
8120111,562.0
8121112,874.0
8122113,782.0
8123114,846.0
8124115,553.0
8125116,869.0
8126117,874.0
8127118,603.0
8128119,187.0
8129120,739.0
8130121,496.0
8131122,685.0
8132123,744.0
8133124,500.0
8134125,776.0
8135126,587.0
8136127,627.0
8137128,843.0
8138129,834.0
8139130,830.0
8140131,565.0
8141132,723.0
8142133,930.0
8143134,1000.0
8144135,938.0
8145136,1000.0
8146137,639.0
8147138,160.0
8148139,786.0
8149140,792.0
8150141,645.0
8151142,783.0
8152143,670.0
8153144,305.0
8154145,675.0
8155146,745.0
8156147,684.0
8157148,834.0
8158149,763.0
8159150,870.0
8160151,748.0
8161152,926.0
8162153,934.0
8163154,931.0
8164155,556.0
8165156,794.0
8166157,733.0
8167158,705.0
8168159,817.0
8169160,536.0
8170161,854.0
8171162,797.0
8172163,551.0
8173164,841.0
8174165,477.0
8175166,670.0
8176167,929.0
8177168,649.0
8178169,938.0
8179170,860.0
8180171,20.0
8181172,632.0
8182173,739.0
8183174,740.0
8184175,661.0
8185176,883.0
8186177,937.0
8187178,1000.0
8188179,444.0
8189180,317.0
8190181,1000.0
8191182,833.0
8192183,825.0
8193184,1000.0
8194185,927.0
8195186,740.0
8196187,938.0
8197188,1000.0
8198189,646.0
8199190,606.0
8200191,923.0
8201192,917.0
8202193,590.0
8203194,892.0
8204195,734.0
8205196,786.0
8206197,925.0
8207198,623.0
8208199,786.0
8209200,781.0
8210201,1000.0
8211202,836.0
8212203,885.0
8213204,759.0
8214205,589.0
8215206,926.0
8216207,909.0
8217208,751.0
8218209,927.0
8219210,630.0
8220211,594.0
8221212,939.0
8222213,1000.0
8223214,750.0
8224215,933.0
8225216,793.0
8226217,568.0
8227218,712.0
8228219,684.0
8229220,817.0
8230221,932.0
8231222,756.0
8232223,782.0
8233224,389.0
8234225,675.0
8235226,938.0
8236227,1000.0
8237228,988.0
8238229,560.0
8239230,669.0
8240231,933.0
8241232,776.0
8242233,568.0
8243234,714.0
8244235,828.0
8245236,885.0
8246237,933.0
8247238,626.0
8248239,885.0
8249240,753.0
8250241,450.0
8251242,855.0
8252243,717.0
8253244,1000.0
8254245,906.0
8255246,604.0
8256247,804.0
8257248,982.0
8258249,708.0
8259250,619.0
8260251,927.0
8261252,350.0
8262253,638.0
8263254,1000.0
8264255,835.0
8265256,674.0
8266257,664.0
8267258,400.0
8268259,929.0
8269260,890.0
8270261,169.0
8271262,936.0
8272263,615.0
8273264,872.0
8274265,735.0
8275266,878.0
8276267,706.0
8277268,834.0
8278269,510.0
8279270,796.0
8280271,681.0
8281272,634.0
8282273,649.0
8283274,923.0
8284275,677.0
8285276,305.0
8286277,495.0
8287278,398.0
8288279,494.0
8289280,257.0
8290281,774.0
8291282,670.0
8292283,830.0
8293284,141.0
8294285,786.0
8295286,798.0
8296287,603.0
8297288,547.0
8298289,936.0
8299290,884.0
8300291,748.0
8301292,665.0
8302293,611.0
8303294,929.0
8304295,788.0
8305296,599.0
8306297,608.0
8307298,689.0
8308299,785.0
8309300,869.0
8310301,611.0
8311302,502.0
8312303,979.0
8313304,873.0
8314305,879.0
8315306,478.0
8316307,528.0
8317308,618.0
8318309,863.0
8319310,588.0
8320311,785.0
8321312,1000.0
8322313,537.0
8323314,781.0
8324315,845.0
8325316,940.0
8326317,787.0
8327318,841.0
8328319,920.0
8329320,472.0
8330321,395.0
8331322,932.0
8332323,868.0
8333324,638.0
8334325,758.0
8335326,825.0
8336327,1000.0
8337328,936.0
8338329,504.0
8339330,933.0
8340331,648.0
8341332,792.0
8342333,559.0
8343334,784.0
8344335,782.0
8345336,914.0
8346337,940.0
8347338,717.0
8348339,748.0
8349340,795.0
8350341,916.0
8351342,686.0
8352343,694.0
8353344,1000.0
8354345,702.0
8355346,789.0
8356347,1000.0
8357348,888.0
8358349,444.0
8359350,617.0
8360351,859.0
8361352,932.0
8362353,579.0
8363354,498.0
8364355,681.0
8365356,535.0
8366357,506.0
8367358,633.0
8368359,1000.0
8369360,748.0
8370361,625.0
8371362,750.0
8372363,303.0
8373364,618.0
8374365,819.0
8375366,828.0
8376367,1000.0
8377368,332.0
8378369,971.0
8379370,833.0
8380371,505.0
8381372,934.0
8382373,633.0
8383374,665.0
8384375,630.0
8385376,639.0
8386377,411.0
8387378,787.0
8388379,874.0
8389380,679.0
8390381,847.0
8391382,1000.0
8392383,509.0
8393384,933.0
8394385,772.0
8395386,580.0
8396387,705.0
8397388,736.0
8398389,821.0
8399390,623.0
8400391,689.0
8401392,659.0
8402393,751.0
8403394,918.0
8404395,1000.0
8405396,739.0
8406397,475.0
8407398,557.0
8408399,932.0
8409400,883.0
8410401,607.0
8411402,744.0
8412403,844.0
8413404,593.0
8414405,588.0
8415406,926.0
8416407,393.0
8417408,878.0
8418409,785.0
8419410,924.0
8420411,591.0
8421412,677.0
8422413,489.0
8423414,878.0
8424415,831.0
8425416,457.0
8426417,878.0
8427418,553.0
8428419,928.0
8429420,534.0
8430421,498.0
8431422,914.0
8432423,989.0
8433424,921.0
8434425,814.0
8435426,886.0
8436427,880.0
8437428,537.0
8438429,1000.0
8439430,693.0
8440431,898.0
8441432,575.0
8442433,646.0
8443434,639.0
8444435,643.0
8445436,704.0
8446437,929.0
8447438,508.0
8448439,458.0
8449440,876.0
8450441,777.0
8451442,601.0
8452443,722.0
8453444,864.0
8454445,536.0
8455446,515.0
8456447,496.0
8457448,787.0
8458449,696.0
8459450,718.0
8460451,892.0
8461452,679.0
8462453,842.0
8463454,602.0
8464455,882.0
8465456,590.0
8466457,804.0
8467458,928.0
8468459,834.0
8469460,935.0
8470461,780.0
8471462,692.0
8472463,843.0
8473464,1000.0
8474465,606.0
8475466,612.0
8476467,936.0
8477468,697.0
8478469,506.0
8479470,622.0
8480471,1000.0
8481472,579.0
8482473,711.0
8483474,639.0
8484475,1000.0
8485476,365.0
8486477,751.0
8487478,648.0
8488479,496.0
8489480,619.0
8490481,1000.0
8491482,936.0
8492483,483.0
8493484,322.0
8494485,580.0
8495486,847.0
8496487,932.0
8497488,936.0
8498489,1000.0
8499490,644.0
8500491,647.0
8501492,502.0
8502493,839.0
8503494,834.0
8504495,779.0
8505496,779.0
8506497,741.0
8507498,864.0
8508499,692.0
8509500,682.0
8510501,674.0
8511502,567.0
8512503,881.0
8513504,692.0
8514505,776.0
8515506,699.0
8516507,732.0
8517508,490.0
8518509,597.0
8519510,913.0
8520511,935.0
8521512,826.0
8522513,589.0
8523514,587.0
8524515,614.0
8525516,856.0
8526517,859.0
8527518,859.0
8528519,543.0
8529520,684.0
8530521,617.0
8531522,762.0
8532523,499.0
8533524,600.0
8534525,508.0
8535526,927.0
8536527,631.0
8537528,635.0
8538529,398.0
8539530,642.0
8540531,472.0
8541532,930.0
8542533,929.0
8543534,755.0
8544535,688.0
8545536,608.0
8546537,583.0
8547538,936.0
8548539,719.0
8549540,652.0
8550541,655.0
8551542,610.0
8552543,594.0
8553544,928.0
8554545,645.0
8555546,601.0
8556547,658.0
8557548,570.0
8558549,749.0
8559550,881.0
8560551,511.0
8561552,941.0
8562553,830.0
8563554,666.0
8564555,878.0
8565556,1000.0
8566557,792.0
8567558,822.0
8568559,1000.0
8569560,826.0
8570561,409.0
8571562,507.0
8572563,929.0
8573564,731.0
8574565,749.0
8575566,653.0
8576567,546.0
8577568,590.0
8578569,606.0
8579570,876.0
8580571,760.0
8581572,141.0
8582573,1000.0
8583574,747.0
8584575,936.0
8585576,615.0
8586577,690.0
8587578,592.0
8588579,524.0
8589580,823.0
8590581,485.0
8591582,930.0
8592583,652.0
8593584,941.0
8594585,859.0
8595586,745.0
8596587,0.0
8597588,280.0
8598589,927.0
8599590,598.0
8600591,752.0
8601592,616.0
8602593,863.0
8603594,979.0
8604595,543.0
8605596,840.0
8606597,743.0
8607598,596.0
8608599,492.0
8609600,812.0
8610601,861.0
8611602,437.0
8612603,916.0
8613604,937.0
8614605,815.0
8615606,534.0
8616607,140.0
8617608,641.0
8618609,807.0
8619610,540.0
8620611,596.0
8621612,522.0
8622613,754.0
8623614,794.0
8624615,683.0
8625616,926.0
8626617,793.0
8627618,704.0
8628619,697.0
8629620,872.0
8630621,875.0
8631622,818.0
8632623,924.0
8633624,563.0
8634625,779.0
8635626,885.0
8636627,759.0
8637628,692.0
8638629,777.0
8639630,487.0
8640631,931.0
8641632,647.0
8642633,422.0
8643634,452.0
8644635,847.0
8645636,515.0
8646637,628.0
8647638,859.0
8648639,837.0
8649640,878.0
8650641,842.0
8651642,292.0
8652643,736.0
8653644,929.0
8654645,938.0
8655646,676.0
8656647,791.0
8657648,542.0
8658649,668.0
8659650,1000.0
8660651,757.0
8661652,593.0
8662653,548.0
8663654,595.0
8664655,929.0
8665656,1000.0
8666657,831.0
8667658,820.0
8668659,410.0
8669660,833.0
8670661,563.0
8671662,926.0
8672663,601.0
8673664,1000.0
8674665,751.0
8675666,706.0
8676667,825.0
8677668,577.0
8678669,938.0
8679670,775.0
8680671,586.0
8681672,935.0
8682673,637.0
8683674,270.0
8684675,836.0
8685676,1000.0
8686677,594.0
8687678,532.0
8688679,274.0
8689680,878.0
8690681,618.0
8691682,748.0
8692683,1000.0
8693684,935.0
8694685,756.0
8695686,377.0
8696687,934.0
8697688,837.0
8698689,521.0
8699690,639.0
8700691,869.0
8701692,437.0
8702693,811.0
8703694,756.0
8704695,752.0
8705696,762.0
8706697,610.0
8707698,898.0
8708699,921.0
8709700,929.0
8710701,644.0
8711702,553.0
8712703,536.0
8713704,723.0
8714705,580.0
8715706,119.0
8716707,592.0
8717708,500.0
8718709,581.0
8719710,873.0
8720711,712.0
8721712,932.0
8722713,934.0
8723714,636.0
8724715,933.0
8725716,553.0
8726717,1000.0
8727718,875.0
8728719,928.0
8729720,511.0
8730721,825.0
8731722,934.0
8732723,675.0
8733724,600.0
8734725,939.0
8735726,665.0
8736727,820.0
8737728,609.0
8738729,1000.0
8739730,656.0
8740731,1000.0
8741732,571.0
8742733,933.0
8743734,416.0
8744735,595.0
8745736,935.0
8746737,847.0
8747738,583.0
8748739,838.0
8749740,937.0
8750741,410.0
8751742,933.0
8752743,588.0
8753744,536.0
8754745,460.0
8755746,702.0
8756747,935.0
8757748,774.0
8758749,688.0
8759750,1000.0
8760751,338.0
8761752,449.0
8762753,746.0
8763754,929.0
8764755,929.0
8765756,933.0
8766757,526.0
8767758,739.0
8768759,811.0
8769760,755.0
8770761,552.0
8771762,905.0
8772763,938.0
8773764,1000.0
8774765,558.0
8775766,611.0
8776767,770.0
8777768,826.0
8778769,448.0
8779770,60.0
8780771,938.0
8781772,547.0
8782773,872.0
8783774,436.0
8784775,516.0
8785776,328.0
8786777,927.0
8787778,929.0
8788779,759.0
8789780,550.0
8790781,747.0
8791782,680.0
8792783,935.0
8793784,1000.0
8794785,1000.0
8795786,853.0
8796787,560.0
8797788,873.0
8798789,499.0
8799790,454.0
8800791,832.0
8801792,823.0
8802793,928.0
8803794,556.0
8804795,840.0
8805796,864.0
8806797,598.0
8807798,704.0
8808799,801.0
8809800,1000.0
8810801,915.0
8811802,1000.0
8812803,621.0
8813804,813.0
8814805,821.0
8815806,709.0
8816807,571.0
8817808,599.0
8818809,886.0
8819810,648.0
8820811,548.0
8821812,955.0
8822813,534.0
8823814,746.0
8824815,480.0
8825816,1000.0
8826817,800.0
8827818,823.0
8828819,658.0
8829820,780.0
8830821,934.0
8831822,565.0
8832823,733.0
8833824,778.0
8834825,757.0
8835826,263.0
8836827,930.0
8837828,520.0
8838829,582.0
8839830,718.0
8840831,822.0
8841832,930.0
8842833,940.0
8843834,555.0
8844835,726.0
8845836,937.0
8846837,674.0
8847838,749.0
8848839,712.0
8849840,462.0
8850841,246.0
8851842,507.0
8852843,563.0
8853844,747.0
8854845,811.0
8855846,574.0
8856847,704.0
8857848,664.0
8858849,792.0
8859850,861.0
8860851,826.0
8861852,734.0
8862853,925.0
8863854,1000.0
8864855,505.0
8865856,643.0
8866857,450.0
8867858,625.0
8868859,548.0
8869860,934.0
8870861,738.0
8871862,354.0
8872863,663.0
8873864,719.0
8874865,267.0
8875866,935.0
8876867,705.0
8877868,373.0
8878869,628.0
8879870,503.0
8880871,724.0
8881872,800.0
8882873,618.0
8883874,632.0
8884875,915.0
8885876,706.0
8886877,823.0
8887878,932.0
8888879,672.0
8889880,573.0
8890881,288.0
8891882,940.0
8892883,743.0
8893884,796.0
8894885,681.0
8895886,478.0
8896887,660.0
8897888,177.0
8898889,667.0
8899890,722.0
8900891,396.0
8901892,414.0
8902893,844.0
8903894,1000.0
8904895,739.0
8905896,812.0
8906897,940.0
8907898,934.0
8908899,857.0
8909900,523.0
8910901,704.0
8911902,396.0
8912903,745.0
8913904,939.0
8914905,930.0
8915906,923.0
8916907,926.0
8917908,712.0
8918909,929.0
8919910,871.0
8920911,65.0
8921912,358.0
8922913,714.0
8923914,929.0
8924915,908.0
8925916,713.0
8926917,840.0
8927918,625.0
8928919,388.0
8929920,737.0
8930921,528.0
8931922,854.0
8932923,878.0
8933924,718.0
8934925,552.0
8935926,636.0
8936927,653.0
8937928,933.0
8938929,399.0
8939930,839.0
8940931,870.0
8941932,711.0
8942933,823.0
8943934,554.0
8944935,879.0
8945936,642.0
8946937,815.0
8947938,856.0
8948939,784.0
8949940,938.0
8950941,589.0
8951942,462.0
8952943,620.0
8953944,862.0
8954945,492.0
8955946,311.0
8956947,633.0
8957948,635.0
8958949,551.0
8959950,872.0
8960951,936.0
8961952,525.0
8962953,1000.0
8963954,908.0
8964955,539.0
8965956,836.0
8966957,533.0
8967958,897.0
8968959,740.0
8969960,902.0
8970961,696.0
8971962,341.0
8972963,698.0
8973964,316.0
8974965,507.0
8975966,935.0
8976967,492.0
8977968,936.0
8978969,600.0
8979970,540.0
8980971,433.0
8981972,646.0
8982973,851.0
8983974,784.0
8984975,1000.0
8985976,729.0
8986977,789.0
8987978,852.0
8988979,636.0
8989980,1000.0
8990981,588.0
8991982,611.0
8992983,647.0
8993984,653.0
8994985,917.0
8995986,609.0
8996987,510.0
8997988,746.0
8998989,568.0
8999990,452.0
9000991,802.0
9001992,936.0
9002993,925.0
9003994,550.0
9004995,932.0
9005996,851.0
9006997,873.0
9007998,380.0
9008999,917.0
9010000,598.0
9011001,837.0
9012002,622.0
9013003,507.0
9014004,499.0
9015005,701.0
9016006,606.0
9017007,928.0
9018008,991.0
9019009,914.0
9020010,358.0
9021011,479.0
9022012,595.0
9023013,378.0
9024014,917.0
9025015,596.0
9026016,838.0
9027017,443.0
9028018,786.0
9029019,786.0
9030020,927.0
9031021,563.0
9032022,929.0
9033023,924.0
9034024,584.0
9035025,733.0
9036026,619.0
9037027,1000.0
9038028,1000.0
9039029,937.0
9040030,748.0
9041031,912.0
9042032,354.0
9043033,796.0
9044034,735.0
9045035,378.0
9046036,567.0
9047037,729.0
9048038,503.0
9049039,736.0
9050040,511.0
9051041,937.0
9052042,812.0
9053043,827.0
9054044,700.0
9055045,930.0
9056046,1000.0
9057047,932.0
9058048,660.0
9059049,779.0
9060050,592.0
9061051,778.0
9062052,788.0
9063053,530.0
9064054,281.0
9065055,763.0
9066056,861.0
9067057,604.0
9068058,791.0
9069059,707.0
9070060,672.0
9071061,760.0
9072062,544.0
9073063,923.0
9074064,621.0
9075065,880.0
9076066,497.0
9077067,574.0
9078068,529.0
9079069,478.0
9080070,833.0
9081071,680.0
9082072,595.0
9083073,643.0
9084074,838.0
9085075,872.0
9086076,909.0
9087077,607.0
9088078,880.0
9089079,552.0
9090080,744.0
9091081,741.0
9092082,453.0
9093083,778.0
9094084,480.0
9095085,787.0
9096086,527.0
9097087,512.0
9098088,938.0
9099089,614.0
9100090,681.0
9101091,1000.0
9102092,444.0
9103093,673.0
9104094,677.0
9105095,1000.0
9106096,855.0
9107097,586.0
9108098,590.0
9109099,677.0
9110100,688.0
9111101,443.0
9112102,589.0
9113103,930.0
9114104,662.0
9115105,833.0
9116106,654.0
9117107,833.0
9118108,784.0
9119109,880.0
9120110,554.0
9121111,881.0
9122112,749.0
9123113,464.0
9124114,675.0
9125115,916.0
9126116,795.0
9127117,471.0
9128118,827.0
9129119,722.0
9130120,562.0
9131121,555.0
9132122,602.0
9133123,515.0
9134124,595.0
9135125,693.0
9136126,751.0
9137127,544.0
9138128,937.0
9139129,673.0
9140130,551.0
9141131,881.0
9142132,459.0
9143133,704.0
9144134,930.0
9145135,896.0
9146136,589.0
9147137,936.0
9148138,698.0
9149139,533.0
9150140,594.0
9151141,684.0
9152142,731.0
9153143,536.0
9154144,630.0
9155145,539.0
9156146,499.0
9157147,475.0
9158148,846.0
9159149,662.0
9160150,550.0
9161151,1000.0
9162152,793.0
9163153,523.0
9164154,769.0
9165155,582.0
9166156,937.0
9167157,763.0
9168158,1000.0
9169159,524.0
9170160,703.0
9171161,845.0
9172162,1000.0
9173163,864.0
9174164,936.0
9175165,456.0
9176166,878.0
9177167,663.0
9178168,739.0
9179169,885.0
9180170,726.0
9181171,1000.0
9182172,706.0
9183173,930.0
9184174,490.0
9185175,691.0
9186176,51.0
9187177,862.0
9188178,386.0
9189179,568.0
9190180,883.0
9191181,706.0
9192182,498.0
9193183,667.0
9194184,702.0
9195185,548.0
9196186,726.0
9197187,816.0
9198188,931.0
9199189,618.0
9200190,932.0
9201191,716.0
9202192,784.0
9203193,580.0
9204194,543.0
9205195,568.0
9206196,925.0
9207197,924.0
9208198,928.0
9209199,1000.0
9210200,598.0
9211201,669.0
9212202,565.0
9213203,501.0
9214204,717.0
9215205,740.0
9216206,621.0
9217207,786.0
9218208,814.0
9219209,260.0
9220210,660.0
9221211,937.0
9222212,926.0
9223213,914.0
9224214,475.0
9225215,832.0
9226216,598.0
9227217,914.0
9228218,584.0
9229219,599.0
9230220,569.0
9231221,940.0
9232222,1000.0
9233223,660.0
9234224,867.0
9235225,928.0
9236226,1000.0
9237227,914.0
9238228,853.0
9239229,913.0
9240230,604.0
9241231,853.0
9242232,449.0
9243233,549.0
9244234,1000.0
9245235,1000.0
9246236,715.0
9247237,925.0
9248238,585.0
9249239,494.0
9250240,369.0
9251241,729.0
9252242,669.0
9253243,816.0
9254244,876.0
9255245,937.0
9256246,757.0
9257247,885.0
9258248,749.0
9259249,663.0
9260250,534.0
9261251,586.0
9262252,534.0
9263253,922.0
9264254,333.0
9265255,618.0
9266256,819.0
9267257,690.0
9268258,553.0
9269259,936.0
9270260,835.0
9271261,1000.0
9272262,457.0
9273263,927.0
9274264,834.0
9275265,872.0
9276266,773.0
9277267,566.0
9278268,731.0
9279269,623.0
9280270,541.0
9281271,755.0
9282272,774.0
9283273,494.0
9284274,840.0
9285275,1000.0
9286276,936.0
9287277,670.0
9288278,819.0
9289279,585.0
9290280,605.0
9291281,703.0
9292282,777.0
9293283,820.0
9294284,924.0
9295285,664.0
9296286,585.0
9297287,917.0
9298288,792.0
9299289,1000.0
9300290,569.0
9301291,928.0
9302292,1000.0
9303293,771.0
9304294,926.0
9305295,780.0
9306296,884.0
9307297,870.0
9308298,601.0
9309299,609.0
9310300,517.0
9311301,685.0
9312302,459.0
9313303,1000.0
9314304,934.0
9315305,876.0
9316306,940.0
9317307,780.0
9318308,840.0
9319309,661.0
9320310,932.0
9321311,436.0
9322312,463.0
9323313,926.0
9324314,903.0
9325315,800.0
9326316,794.0
9327317,544.0
9328318,885.0
9329319,561.0
9330320,938.0
9331321,687.0
9332322,849.0
9333323,606.0
9334324,541.0
9335325,826.0
9336326,681.0
9337327,595.0
9338328,1000.0
9339329,938.0
9340330,641.0
9341331,881.0
9342332,922.0
9343333,748.0
9344334,884.0
9345335,756.0
9346336,817.0
9347337,937.0
9348338,911.0
9349339,668.0
9350340,938.0
9351341,932.0
9352342,919.0
9353343,577.0
9354344,1000.0
9355345,933.0
9356346,921.0
9357347,1000.0
9358348,841.0
9359349,875.0
9360350,684.0
9361351,539.0
9362352,937.0
9363353,714.0
9364354,523.0
9365355,785.0
9366356,569.0
9367357,529.0
9368358,935.0
9369359,744.0
9370360,534.0
9371361,936.0
9372362,512.0
9373363,478.0
9374364,513.0
9375365,703.0
9376366,509.0
9377367,693.0
9378368,752.0
9379369,198.0
9380370,432.0
9381371,516.0
9382372,918.0
9383373,821.0
9384374,689.0
9385375,673.0
9386376,574.0
9387377,453.0
9388378,935.0
9389379,726.0
9390380,883.0
9391381,625.0
9392382,412.0
9393383,587.0
9394384,757.0
9395385,876.0
9396386,666.0
9397387,1000.0
9398388,446.0
9399389,937.0
9400390,881.0
9401391,826.0
9402392,665.0
9403393,749.0
9404394,1000.0
9405395,895.0
9406396,887.0
9407397,731.0
9408398,741.0
9409399,689.0
9410400,641.0
9411401,478.0
9412402,600.0
9413403,714.0
9414404,925.0
9415405,626.0
9416406,709.0
9417407,859.0
9418408,818.0
9419409,241.0
9420410,810.0
9421411,720.0
9422412,648.0
9423413,665.0
9424414,938.0
9425415,623.0
9426416,794.0
9427417,541.0
9428418,538.0
9429419,748.0
9430420,506.0
9431421,826.0
9432422,748.0
9433423,869.0
9434424,678.0
9435425,390.0
9436426,738.0
9437427,865.0
9438428,937.0
9439429,928.0
9440430,922.0
9441431,841.0
9442432,1000.0
9443433,774.0
9444434,822.0
9445435,676.0
9446436,646.0
9447437,929.0
9448438,297.0
9449439,536.0
9450440,809.0
9451441,647.0
9452442,574.0
9453443,933.0
9454444,800.0
9455445,618.0
9456446,443.0
9457447,578.0
9458448,855.0
9459449,323.0
9460450,645.0
9461451,550.0
9462452,982.0
9463453,840.0
9464454,643.0
9465455,819.0
9466456,588.0
9467457,692.0
9468458,569.0
9469459,527.0
9470460,581.0
9471461,598.0
9472462,939.0
9473463,877.0
9474464,737.0
9475465,980.0
9476466,489.0
9477467,1000.0
9478468,795.0
9479469,762.0
9480470,468.0
9481471,834.0
9482472,837.0
9483473,759.0
9484474,877.0
9485475,467.0
9486476,873.0
9487477,535.0
9488478,827.0
9489479,682.0
9490480,540.0
9491481,681.0
9492482,871.0
9493483,544.0
9494484,570.0
9495485,338.0
9496486,837.0
9497487,446.0
9498488,724.0
9499489,936.0
9500490,744.0
9501491,616.0
9502492,498.0
9503493,870.0
9504494,686.0
9505495,679.0
9506496,589.0
9507497,798.0
9508498,717.0
9509499,936.0
9510500,558.0
9511501,783.0
9512502,849.0
9513503,374.0
9514504,755.0
9515505,555.0
9516506,937.0
9517507,926.0
9518508,558.0
9519509,603.0
9520510,748.0
9521511,791.0
9522512,875.0
9523513,839.0
9524514,602.0
9525515,673.0
9526516,434.0
9527517,897.0
9528518,1000.0
9529519,862.0
9530520,277.0
9531521,878.0
9532522,930.0
9533523,507.0
9534524,842.0
9535525,550.0
9536526,1000.0
9537527,431.0
9538528,584.0
9539529,938.0
9540530,884.0
9541531,938.0
9542532,781.0
9543533,606.0
9544534,832.0
9545535,703.0
9546536,644.0
9547537,743.0
9548538,684.0
9549539,637.0
9550540,1000.0
9551541,526.0
9552542,797.0
9553543,623.0
9554544,532.0
9555545,605.0
9556546,792.0
9557547,930.0
9558548,695.0
9559549,385.0
9560550,858.0
9561551,439.0
9562552,1000.0
9563553,888.0
9564554,660.0
9565555,560.0
9566556,631.0
9567557,876.0
9568558,616.0
9569559,682.0
9570560,733.0
9571561,741.0
9572562,878.0
9573563,782.0
9574564,734.0
9575565,1000.0
9576566,742.0
9577567,615.0
9578568,993.0
9579569,645.0
9580570,933.0
9581571,869.0
9582572,931.0
9583573,504.0
9584574,593.0
9585575,625.0
9586576,793.0
9587577,925.0
9588578,777.0
9589579,626.0
9590580,840.0
9591581,684.0
9592582,1000.0
9593583,546.0
9594584,932.0
9595585,668.0
9596586,698.0
9597587,831.0
9598588,936.0
9599589,750.0
9600590,783.0
9601591,867.0
9602592,824.0
9603593,919.0
9604594,631.0
9605595,552.0
9606596,937.0
9607597,931.0
9608598,743.0
9609599,676.0
9610600,787.0
9611601,768.0
9612602,745.0
9613603,587.0
9614604,935.0
9615605,909.0
9616606,880.0
9617607,742.0
9618608,603.0
9619609,598.0
9620610,552.0
9621611,717.0
9622612,923.0
9623613,21.0
9624614,591.0
9625615,867.0
9626616,730.0
9627617,459.0
9628618,920.0
9629619,558.0
9630620,825.0
9631621,880.0
9632622,662.0
9633623,935.0
9634624,827.0
9635625,816.0
9636626,703.0
9637627,674.0
9638628,421.0
9639629,840.0
9640630,605.0
9641631,822.0
9642632,650.0
9643633,935.0
9644634,824.0
9645635,470.0
9646636,749.0
9647637,771.0
9648638,357.0
9649639,619.0
9650640,757.0
9651641,558.0
9652642,440.0
9653643,860.0
9654644,252.0
9655645,922.0
9656646,778.0
9657647,1000.0
9658648,934.0
9659649,938.0
9660650,985.0
9661651,709.0
9662652,939.0
9663653,663.0
9664654,333.0
9665655,938.0
9666656,813.0
9667657,473.0
9668658,441.0
9669659,829.0
9670660,735.0
9671661,901.0
9672662,402.0
9673663,674.0
9674664,380.0
9675665,314.0
9676666,556.0
9677667,807.0
9678668,418.0
9679669,930.0
9680670,665.0
9681671,769.0
9682672,1000.0
9683673,908.0
9684674,737.0
9685675,885.0
9686676,548.0
9687677,615.0
9688678,884.0
9689679,362.0
9690680,925.0
9691681,381.0
9692682,934.0
9693683,481.0
9694684,854.0
9695685,419.0
9696686,679.0
9697687,932.0
9698688,915.0
9699689,710.0
9700690,481.0
9701691,354.0
9702692,702.0
9703693,428.0
9704694,939.0
9705695,789.0
9706696,834.0
9707697,768.0
9708698,927.0
9709699,465.0
9710700,606.0
9711701,589.0
9712702,1000.0
9713703,498.0
9714704,642.0
9715705,663.0
9716706,444.0
9717707,311.0
9718708,927.0
9719709,673.0
9720710,924.0
9721711,552.0
9722712,556.0
9723713,936.0
9724714,584.0
9725715,629.0
9726716,928.0
9727717,517.0
9728718,589.0
9729719,621.0
9730720,812.0
9731721,783.0
9732722,832.0
9733723,605.0
9734724,850.0
9735725,615.0
9736726,797.0
9737727,920.0
9738728,480.0
9739729,919.0
9740730,927.0
9741731,574.0
9742732,811.0
9743733,668.0
9744734,723.0
9745735,517.0
9746736,912.0
9747737,880.0
9748738,933.0
9749739,416.0
9750740,604.0
9751741,1000.0
9752742,852.0
9753743,867.0
9754744,867.0
9755745,917.0
9756746,609.0
9757747,776.0
9758748,646.0
9759749,664.0
9760750,707.0
9761751,503.0
9762752,673.0
9763753,610.0
9764754,556.0
9765755,878.0
9766756,810.0
9767757,643.0
9768758,501.0
9769759,659.0
9770760,740.0
9771761,934.0
9772762,787.0
9773763,545.0
9774764,910.0
9775765,576.0
9776766,545.0
9777767,895.0
9778768,394.0
9779769,937.0
9780770,349.0
9781771,415.0
9782772,597.0
9783773,846.0
9784774,938.0
9785775,688.0
9786776,681.0
9787777,780.0
9788778,576.0
9789779,933.0
9790780,504.0
9791781,507.0
9792782,923.0
9793783,1000.0
9794784,638.0
9795785,937.0
9796786,436.0
9797787,768.0
9798788,780.0
9799789,527.0
9800790,684.0
9801791,828.0
9802792,430.0
9803793,672.0
9804794,929.0
9805795,567.0
9806796,874.0
9807797,571.0
9808798,690.0
9809799,440.0
9810800,367.0
9811801,574.0
9812802,663.0
9813803,818.0
9814804,530.0
9815805,804.0
9816806,843.0
9817807,564.0
9818808,776.0
9819809,541.0
9820810,709.0
9821811,578.0
9822812,776.0
9823813,838.0
9824814,697.0
9825815,640.0
9826816,433.0
9827817,442.0
9828818,1000.0
9829819,946.0
9830820,832.0
9831821,476.0
9832822,600.0
9833823,714.0
9834824,818.0
9835825,661.0
9836826,876.0
9837827,838.0
9838828,926.0
9839829,782.0
9840830,657.0
9841831,925.0
9842832,477.0
9843833,474.0
9844834,831.0
9845835,838.0
9846836,752.0
9847837,933.0
9848838,778.0
9849839,934.0
9850840,651.0
9851841,698.0
9852842,941.0
9853843,514.0
9854844,781.0
9855845,721.0
9856846,880.0
9857847,766.0
9858848,834.0
9859849,708.0
9860850,938.0
9861851,738.0
9862852,833.0
9863853,519.0
9864854,932.0
9865855,510.0
9866856,938.0
9867857,826.0
9868858,740.0
9869859,174.0
9870860,496.0
9871861,598.0
9872862,332.0
9873863,935.0
9874864,793.0
9875865,654.0
9876866,991.0
9877867,476.0
9878868,994.0
9879869,579.0
9880870,924.0
9881871,930.0
9882872,608.0
9883873,937.0
9884874,931.0
9885875,534.0
9886876,1000.0
9887877,930.0
9888878,531.0
9889879,398.0
9890880,683.0
9891881,839.0
9892882,668.0
9893883,538.0
9894884,935.0
9895885,925.0
9896886,657.0
9897887,542.0
9898888,703.0
9899889,939.0
9900890,938.0
9901891,937.0
9902892,530.0
9903893,668.0
9904894,766.0
9905895,627.0
9906896,716.0
9907897,1000.0
9908898,1000.0
9909899,606.0
9910900,859.0
9911901,622.0
9912902,711.0
9913903,622.0
9914904,932.0
9915905,554.0
9916906,1000.0
9917907,318.0
9918908,851.0
9919909,743.0
9920910,606.0
9921911,543.0
9922912,646.0
9923913,772.0
9924914,940.0
9925915,438.0
9926916,578.0
9927917,689.0
9928918,770.0
9929919,621.0
9930920,917.0
9931921,662.0
9932922,845.0
9933923,775.0
9934924,486.0
9935925,927.0
9936926,846.0
9937927,700.0
9938928,566.0
9939929,778.0
9940930,528.0
9941931,526.0
9942932,378.0
9943933,476.0
9944934,550.0
9945935,664.0
9946936,530.0
9947937,936.0
9948938,675.0
9949939,916.0
9950940,857.0
9951941,481.0
9952942,189.0
9953943,593.0
9954944,722.0
9955945,470.0
9956946,934.0
9957947,642.0
9958948,1000.0
9959949,484.0
9960950,889.0
9961951,623.0
9962952,767.0
9963953,688.0
9964954,556.0
9965955,692.0
9966956,938.0
9967957,671.0
9968958,401.0
9969959,777.0
9970960,820.0
9971961,857.0
9972962,567.0
9973963,931.0
9974964,466.0
9975965,732.0
9976966,997.0
9977967,765.0
9978968,583.0
9979969,544.0
9980970,923.0
9981971,991.0
9982972,578.0
9983973,905.0
9984974,649.0
9985975,930.0
9986976,930.0
9987977,790.0
9988978,555.0
9989979,646.0
9990980,1000.0
9991981,465.0
9992982,574.0
9993983,774.0
