timestep,episodic_return
1000,3.852146553818917
2001,2.063446498819548
3002,4.623987471193863
4003,8.104273481613497
5004,3.9552460029830323
6005,4.938957538288919
7006,4.934083163700971
8007,12.986656812253091
9008,6.6326365780361165
10009,8.696476472070731
11010,4.600374835648588
12011,6.503368895531064
13012,5.054787548764031
14013,9.462840117196185
15014,10.645773063509601
16015,7.5979258943390455
17016,5.048894131252193
18017,12.009313645208698
19018,7.6169174701728455
20019,13.68231314195474
21020,8.793132263528761
22021,9.57071339623411
23022,7.541731581565032
24023,11.468942520928168
25024,5.864480640146685
26025,15.051302266683832
27026,15.378615899669837
28027,19.56640702290005
29028,10.841733870152908
30029,9.688092277406327
31030,15.686128321401537
32031,15.498719005652143
33032,13.233318726932305
34033,12.157675757960929
35034,12.069874572495566
36035,15.887014913654607
37036,20.0019264996175
38037,12.062517766652968
39038,30.858689582773238
40039,23.622547859944444
41040,24.32793634532125
42041,34.990636956613116
43042,37.54507015330778
44043,37.64218620551818
45044,41.21231255234569
46045,27.131795489092166
47046,30.92457429862667
48047,29.197657473632134
49048,32.84247656880211
50049,44.53255557184655
51050,41.97715888772938
52051,42.40107830317786
53052,42.97907999154107
54053,52.81474748063212
55054,38.10474658224881
56055,36.6250703242423
57056,49.25097623534446
58057,47.16501411678148
59058,73.59421171153315
60059,64.79354427215335
61060,57.10298899865739
62061,63.54065864459345
63062,69.17858801249348
64063,49.7178549204973
65064,59.04962513337696
66065,65.1112498345557
67066,73.4081118249585
68067,89.84088841709595
69068,65.07575440685393
70069,78.90201731318274
71070,75.66436650888109
72071,77.63294332978177
73072,63.34445914485415
74073,76.03956899458645
75074,94.91533540037382
76075,83.05203185367155
77076,70.88842393435291
78077,49.1949604901576
79078,79.55669944495655
80079,87.89349016257621
81080,96.47762619732113
82081,90.80098676600426
83082,92.77559387208044
84083,95.59565189525114
85084,103.54434907918065
86085,96.2513112093141
87086,97.7753873591994
88087,88.97922327250512
89088,79.84911325052215
90089,85.52798864283957
91090,108.05876727163832
92091,88.51889106271949
93092,96.83856542433969
94093,120.2156369069359
95094,130.00275684347824
96095,38.86135627065763
97096,94.33611566498082
98097,24.689839790746223
99098,56.024398601865386
100099,136.97851839047559
101100,121.85347078708593
102101,103.91909123854401
103102,28.29624380922123
104103,103.454243521156
105104,92.75689463672896
106105,106.01750485114685
107106,133.88508974474644
108107,134.17174148699027
109108,141.42131323181204
110109,83.88825000748108
111110,77.92365636853637
112111,134.14724009511147
113112,129.1565477106204
114113,96.35534320704964
115114,89.20791495574082
116115,24.208062942370557
117116,130.6645958329479
118117,128.74473717783516
119118,54.62709716482377
120119,45.7872524561371
121120,115.40612850956447
122121,118.86562898813781
123122,113.80778830616624
124123,87.54559115855676
125124,66.73832645698407
126125,52.618168587528025
127126,112.60168742859605
128127,85.86261110127477
129128,87.75854568908413
130129,30.43651077257116
131130,58.02837037626633
132131,73.05474045611092
133132,136.58701618348152
134133,140.30823173233009
135134,99.81052258093308
136135,68.67087464062843
137136,93.49641188006599
138137,28.697085965677932
139138,174.77923793994276
140139,96.29185777414548
141140,120.07962661048255
142141,153.8273406251801
143142,52.524413005535884
144143,79.52240426044763
145144,106.1915120768616
146145,163.27893667132184
147146,146.67097942278218
148147,101.32281132829957
149148,30.06867216696512
150149,145.41419993986335
151150,152.38824954270626
152151,28.773831103407694
153152,154.10587050017918
154153,52.68892805137487
155154,142.01978192114973
156155,154.23885927449402
157156,100.73309450954515
158157,123.364146634011
159158,188.87244642347218
160159,133.64693227289553
161160,82.312777977999
162161,52.88627830104762
163162,50.11311336378691
164163,184.59272085519456
165164,48.54696953894067
166165,104.22084866534288
167166,166.91089682253883
168167,27.538228734264433
169168,77.14748920134858
170169,42.67975809428649
171170,156.18881821124927
172171,141.05513823336122
173172,46.10544414658113
174173,63.765205214408375
175174,172.79884221969058
176175,102.80967919319886
177176,192.80204046668106
178177,55.39790079541744
179178,112.44206062615648
180179,148.26306717235593
181180,108.59181784824366
182181,36.829315915241374
183182,47.932304389197505
184183,139.88716617423316
185184,71.81137025178091
186185,195.53318501041616
187186,49.202306066544025
188187,91.43583757398073
189188,124.32856996368037
190189,176.72229512331464
191190,122.36192675582238
192191,30.965037485669644
193192,194.54415090520422
194193,92.97801059040232
195194,83.05248314363999
196195,157.07886738238247
197196,110.85119363781972
198197,208.99955105842105
199198,108.80345129270711
200199,93.39683557714633
201200,125.70749955366298
202201,155.78135910196966
203202,83.36541985403387
204203,61.635018073761806
205204,73.80876926317674
206205,128.57571351957523
207206,149.63998833779908
208207,93.18584267074718
209208,186.4360651238175
210209,110.98917296289596
211210,70.83974898797966
212211,187.25466769584315
213212,138.03849916240134
214213,33.20313907752772
215214,156.24553418713217
216215,157.73729575393997
217216,46.21968932748902
218217,198.3358956318138
219218,99.96482560729383
220219,174.91223604918616
221220,139.8410295180484
222221,30.566029866265204
223222,47.69008348021891
224223,195.0006325454931
225224,36.898677368292645
226225,36.020086774203676
227226,67.43947491721231
228227,199.8562020764399
229228,213.18172029992246
230229,189.49069854999698
231230,91.77692809864463
232231,172.1716220524094
233232,144.66816755609958
234233,181.47202964445583
235234,67.89348239315277
236235,188.80288162272905
237236,191.72519433667028
238237,210.77536921484386
239238,148.532050313004
240239,166.2100307806251
241240,208.50586942806572
242241,24.100372182339534
243242,125.44323020527192
244243,120.3955807431334
245244,144.2706802644664
246245,165.08193188631546
247246,165.932137788733
248247,137.49785699573943
249248,169.0456445275886
250249,61.14780349264985
251250,227.9320180260596
252251,66.87303443533382
253252,250.31096754390046
254253,213.15840723571736
255254,233.40245886015194
256255,183.51453159183848
257256,252.1732645751516
258257,220.111668805778
259258,194.51354126754285
260259,216.79540413103635
261260,70.47531414118681
262261,187.37278816984423
263262,96.44936339212501
264263,241.76214267695522
265264,231.74788007741998
266265,61.22432534916989
267266,199.88397661891415
268267,176.85123133561697
269268,176.17717848832473
270269,240.2750550985299
271270,243.25311950571586
272271,149.5415280164293
273272,61.33346439663988
274273,255.36601640626066
275274,167.4364812073887
276275,260.401468070812
277276,129.02084293043072
278277,151.206980238685
279278,243.57785621462332
280279,46.81832193674349
281280,220.82041380489844
282281,195.15340654168398
283282,259.3587381205341
284283,145.98257459317185
285284,218.95232230024087
286285,57.12871312557135
287286,90.31189314301722
288287,180.6710307329168
289288,44.31956305199335
290289,230.3624919818881
291290,77.38711141682589
292291,105.15209952158826
293292,272.8615576290177
294293,209.67841703994503
295294,234.81609648094937
296295,248.38857806177927
297296,234.30259226489406
298297,141.38794909632725
299298,190.62345683933978
300299,256.95526732309213
301300,202.5794738780327
302301,221.2675864311579
303302,128.79645825003414
304303,169.27994006648885
305304,67.13261993358905
306305,275.90972985887294
307306,171.22549181866145
308307,99.14911635724903
309308,131.20754238022468
310309,180.09164985226758
311310,232.95712591967163
312311,264.6424980389328
313312,144.58830483489854
314313,197.88202542752202
315314,242.77889361858237
316315,261.8394409400644
317316,259.9042391496427
318317,266.7774338658776
319318,265.138147450996
320319,293.7380167447082
321320,123.64914317605349
322321,280.4138966477456
323322,134.98224718310658
324323,228.41112564404153
325324,171.09635198294808
326325,180.0457186524941
327326,282.68681845452727
328327,266.18507767968174
329328,176.35665350016083
330329,258.9645257525499
331330,159.11244159492577
332331,80.65004447759313
333332,302.14170043025723
334333,169.73171071360733
335334,273.70596394117763
336335,105.67060376515008
337336,206.37675959017534
338337,252.03220166480665
339338,220.41868331841647
340339,274.45885704744245
341340,290.79799721408654
342341,118.41608020006102
343342,141.72883180752763
344343,205.4302113927449
345344,294.72963151653477
346345,268.38040527800945
347346,248.85519147869394
348347,227.28147531292743
349348,253.31994065492688
350349,221.2076246236168
351350,272.9287493258286
352351,293.4398336726339
353352,328.1542956278722
354353,67.16913353041333
355354,158.16722857515632
356355,291.798755069858
357356,289.57208099140996
358357,298.21827276220097
359358,159.4931286832808
360359,255.62679210870084
361360,314.9192367144325
362361,279.45680607495945
363362,302.7753113897782
364363,299.66078810264594
365364,225.28587201966056
366365,301.975813139713
367366,309.478510742968
368367,309.6058815885907
369368,296.57153099085156
370369,28.041275407323088
371370,146.5503954140593
372371,288.6847567813005
373372,259.39324928079856
374373,290.3654898630027
375374,304.17667588050006
376375,83.34241756919708
377376,172.90961773271445
378377,208.18104304775733
379378,330.67266513775104
380379,156.4202972722378
381380,146.7749064086199
382381,329.8093621868525
383382,325.14670819247806
384383,345.7659062925416
385384,103.94077555944105
386385,176.42571303997747
387386,87.29888499284644
388387,246.1488670360288
389388,333.13150888710476
390389,154.23795520431472
391390,276.2364653320738
392391,71.6434589297484
393392,173.14059806061178
394393,95.06113258252545
395394,211.66399477238724
396395,105.67331453752766
397396,291.59502995690565
398397,259.1521436450656
399398,218.9381529316026
400399,221.84923733937612
401400,285.3429953984248
402401,324.17246188612495
403402,314.1842784638097
404403,294.5060995898818
405404,73.67609624506929
406405,160.0608088060807
407406,350.8160475263015
408407,108.78497003835525
409408,332.7745046235039
410409,323.1090418810143
411410,346.16751609963336
412411,345.5474336517629
413412,359.66350318148557
414413,293.65664058664476
415414,202.477062050736
416415,339.0339484838231
417416,299.3857020789154
418417,316.49705587403696
419418,332.3894540342275
420419,327.5559294703549
421420,312.3336823736515
422421,316.3695526913988
423422,251.17565494472868
424423,336.307396465241
425424,306.99126840997786
426425,340.3908012909969
427426,318.85765965765614
428427,130.72554965694172
429428,168.22063637494645
430429,332.9525608064168
431430,346.3921238687883
432431,325.8324631827484
433432,357.6857842851142
434433,62.32355260767521
435434,216.57074571123505
436435,293.06286066041196
437436,335.57792425088235
438437,189.58685315059964
439438,318.22398129982616
440439,63.00879844943143
441440,337.7559901735903
442441,325.80539225147413
443442,343.6191076147918
444443,351.6641665566321
445444,335.1102067500534
446445,345.6713253718517
447446,359.08705575181807
448447,353.4313157271847
449448,334.71058900972383
450449,319.0972666697601
451450,355.7755156915443
452451,359.277726411115
453452,119.08342437269262
454453,351.6071088172719
455454,373.49404638282505
456455,348.8357262063537
457456,311.3482277394061
458457,319.5039022696837
459458,331.81376983268876
460459,312.8543338557074
461460,350.08219854004193
462461,197.68177189455426
463462,214.67841212024186
464463,340.45240228747355
465464,350.41131991859856
466465,40.773142239285995
467466,351.5572198919778
468467,222.06105204670934
469468,341.2934315351299
470469,358.90892141414224
471470,350.40413946147027
472471,352.47075387187067
473472,338.7157893666701
474473,369.04532063813997
475474,170.68554490878185
476475,365.3395369691028
477476,372.0916041046546
478477,379.8599475305522
479478,361.50506544692604
480479,356.7873233386028
481480,233.01302537004517
482481,368.6710417681197
483482,369.51402240342844
484483,358.06472580937174
485484,341.8579387033428
486485,371.82819984844724
487486,376.4907386893844
488487,370.1146768018336
489488,374.311580396742
490489,361.34673285937026
491490,355.879407815982
492491,381.4129986658636
493492,366.1439891834007
494493,374.34222182770657
495494,378.75795649560837
496495,356.38576634429853
497496,384.0599959976448
498497,353.19308928084814
499498,370.98402973728696
500499,387.36807778506545
501500,54.270925402626915
502501,376.692111966853
503502,370.06780397168643
504503,384.0387001023215
505504,298.15983977410485
506505,370.5411261935943
507506,373.17365507606326
508507,372.90593454761853
509508,379.34506034538526
510509,388.8364451831928
511510,382.86100833546084
512511,387.8196468559817
513512,380.64616703638546
514513,369.86938135265405
515514,358.30388114476403
516515,125.25597619753133
517516,360.2907845838128
518517,360.15767348210625
519518,378.85175178712643
520519,388.23862648123986
521520,385.5496921069079
522521,395.0364308611434
523522,386.4256312887696
524523,383.00814998059343
525524,387.65064639680503
526525,401.8246237188283
527526,396.83101411599466
528527,114.10277994643185
529528,140.6669249563676
530529,396.2057867980961
531530,372.0114636380612
532531,361.5250981214135
533532,372.3666345718148
534533,392.27275270204564
535534,388.7265296860315
536535,390.53525054558787
537536,192.46336564418255
538537,395.9454128407808
539538,378.97559494197395
540539,373.85953730455003
541540,406.2853376559031
542541,398.541677418367
543542,364.82707687661656
544543,394.53822851358797
545544,225.8478709103888
546545,383.1695061795611
547546,363.5190688318987
548547,396.8494996391812
549548,400.54590551039746
550549,376.4188486759216
551550,396.20378852212264
552551,275.9296422247995
553552,387.40761551824346
554553,210.7094301732765
555554,383.1760296409345
556555,183.5306165680685
557556,135.34621924034025
558557,218.7683804545298
559558,402.3764544554765
560559,204.97207465777228
561560,388.18639634944583
562561,89.66830911514059
563562,372.7516683691977
564563,410.4858558143835
565564,416.46636700377815
566565,374.99420170342995
567566,399.6130916490532
568567,311.39094318793263
569568,416.67903267447247
570569,396.924935609744
571570,393.8994921719958
572571,125.4864861740301
573572,406.33274375797083
574573,421.0964679916472
575574,413.003155649694
576575,437.3787609906988
577576,411.4307747467187
578577,406.8162084185995
579578,411.5055638591268
580579,395.44858085989614
581580,104.1906332861606
582581,402.41594164661984
583582,385.999176124202
584583,444.85488000081756
585584,45.16721939999494
586585,420.1406719876616
587586,386.6174277798547
588587,432.25484107287417
589588,422.428415153056
590589,176.46704785253613
591590,412.8672545584791
592591,402.436076446046
593592,290.3181553779198
594593,405.29493201736267
595594,415.93897663753916
596595,426.41352334308135
597596,416.6912289979878
598597,378.14222566389464
599598,387.16815145173894
600599,150.16987750445884
601600,415.42781910136716
602601,410.35748018849324
603602,404.5950814338633
604603,202.26862117364004
605604,419.8538571713646
606605,407.6771664500448
607606,409.94261280276936
608607,421.7510094368826
609608,361.0759587985588
610609,411.18242879330705
611610,414.7045429296345
612611,417.3362610956557
613612,430.74346173852274
614613,431.0975394905471
615614,415.94259959462977
616615,410.80884975802536
617616,417.19463571184787
618617,411.70061319912236
619618,424.5968082214366
620619,394.13744433274366
621620,441.18854201686923
622621,440.84779486228854
623622,427.7887357434852
624623,416.48826407618486
625624,424.5548343341852
626625,416.08949864016216
627626,433.99525934081464
628627,431.188743452669
629628,422.9235111341282
630629,403.53852475144714
631630,427.99902261596236
632631,428.77413265126563
633632,418.87086447422234
634633,430.90848713542766
635634,434.4378325843107
636635,415.9284050167514
637636,403.8511394065105
638637,416.8689295104513
639638,447.3724916074422
640639,425.1181153157566
641640,414.17768977721164
642641,290.9456373873988
643642,434.23335468091915
644643,435.8605238587492
645644,434.99534639742427
646645,429.34194998804867
647646,254.22041109295185
648647,452.08332313343186
649648,439.69642998081764
650649,442.04652560487034
651650,120.92144719685362
652651,230.59335436825722
653652,240.3258009284092
654653,452.76536069020983
655654,440.6507856276804
656655,449.3363016606584
657656,416.2347136399498
658657,435.4104086965052
659658,451.5846303726859
660659,449.14539334152335
661660,433.6842464773707
662661,439.2506581321214
663662,447.1001390334797
664663,435.8431899581403
665664,432.83291641027216
666665,478.7253153825777
667666,425.6217058869463
668667,466.72395056508924
669668,452.22137133341226
670669,424.0853466786129
671670,466.2525076863421
672671,401.94592050507805
673672,448.3763139752517
674673,321.313932835032
675674,392.9955065329482
676675,440.81611306379057
677676,457.7595402171677
678677,449.26486380881516
679678,397.7574619923193
680679,319.7486783953235
681680,451.4106174691577
682681,144.87328310029068
683682,406.6401393010648
684683,446.8328768390939
685684,443.6228855931708
686685,469.60101178757657
687686,443.2251874837294
688687,435.38696117591786
689688,436.866491337692
690689,446.7488184133952
691690,441.05776507395774
692691,392.55915322783926
693692,443.3431280613265
694693,435.3759452605561
695694,426.3215528383026
696695,393.7107207338301
697696,442.92763116335743
698697,411.68531675045705
699698,457.5795886259146
700699,449.0786406530185
701700,373.8405723702869
702701,296.4363295589919
703702,448.63333937264633
704703,299.42562185176774
705704,458.8720257357627
706705,474.3540193720273
707706,436.7092242859418
708707,414.98100740782576
709708,456.85275646414175
710709,18.273314138249074
711710,458.30537653939354
712711,462.91130420634346
713712,26.6590984546011
714713,456.32134830942937
715714,476.7959051454135
716715,444.58138737664444
717716,459.5754416015339
718717,314.0013498243609
719718,464.77011273625817
720719,447.33412589127596
721720,218.0024372474318
722721,449.27797138131797
723722,437.4566507745763
724723,431.72594766349226
725724,28.217071744745123
726725,474.93668496958225
727726,464.3462336262335
728727,426.0845125445281
729728,443.9273330425432
730729,450.7626913549269
731730,446.0032985280705
732731,422.7689051098967
733732,178.44463147661259
734733,446.38277723135184
735734,464.43785566959815
736735,464.68686863762946
737736,460.2077875065009
738737,468.44368941342316
739738,451.92642169880463
740739,464.0246144857489
741740,455.99313841342865
742741,449.3340329458567
743742,419.8130288031176
744743,457.74370692916705
745744,262.21231480623567
746745,427.06915704524926
747746,253.23144565219062
748747,178.60892261006816
749748,321.00267963911347
750749,451.2353964254326
751750,398.68752092565245
752751,472.8431565550947
753752,421.7925307300588
754753,445.21350875747237
755754,466.20630366569634
756755,451.8529697919419
757756,467.22660729580554
758757,445.86006733926985
759758,473.96548145887084
760759,448.33267064501024
761760,428.2797732008006
762761,450.5998863267903
763762,450.71122048405516
764763,468.45152600859313
765764,238.12944605223274
766765,477.0133701274958
767766,465.7272149194453
768767,459.89679611778956
769768,447.4847006232097
770769,309.78877291264604
771770,446.22827643135304
772771,437.77457043915285
773772,474.9243706058118
774773,370.99612951390094
775774,396.31348380235016
776775,458.5139762153387
777776,451.3392485115842
778777,492.88854673525464
779778,490.541534866539
780779,308.2820772857508
781780,456.28728761014895
782781,457.722641828157
783782,468.5695334111612
784783,479.0115485889409
785784,474.78024466008355
786785,483.66916255630116
787786,479.530106671222
788787,447.54685109839266
789788,449.17815332053175
790789,453.7220730721224
791790,457.15273550807984
792791,472.17210002314135
793792,469.66215694903707
794793,406.8725587938898
795794,488.56833773563216
796795,447.1644645086345
797796,453.0470189098367
798797,477.25856364088736
799798,113.15595357366072
800799,452.7425294842708
801800,486.36181891146526
802801,480.74842036698976
803802,490.76018332380573
804803,452.98872222741994
805804,482.1081518172068
806805,109.66988295796814
807806,344.31780140436894
808807,476.2226702230993
809808,409.78036641943163
810809,492.42725148678414
811810,494.80346249938066
812811,481.0662660911261
813812,316.1385280045505
814813,496.18456512317664
815814,425.25558162591153
816815,520.7815342979425
817816,475.38990591591556
818817,458.12889103338716
819818,491.57191450592126
820819,490.5955465165714
821820,485.94136145779953
822821,474.15279196048846
823822,161.5509294366617
824823,482.96052101874955
825824,224.93324377431176
826825,480.944582002179
827826,490.90191841742575
828827,478.61809004996593
829828,509.05746384044835
830829,453.0636580135402
831830,492.9073572692631
832831,475.15968864534653
833832,442.80488063382694
834833,494.44105126777936
835834,474.00699454463904
836835,450.4453444021793
837836,498.9770155443536
838837,442.0236190752424
839838,485.19304686598093
840839,63.149709923958056
841840,389.54784256798723
842841,501.29238710939086
843842,501.81633118342603
844843,485.3954564470975
845844,172.37437199700219
846845,462.1159488191184
847846,479.6621823345208
848847,474.7183150543068
849848,514.8962973405588
850849,284.46834710730093
851850,454.9410374965925
852851,432.5288988875876
853852,461.5955278231664
854853,505.94307233773964
855854,475.8571118170328
856855,489.23096877193746
857856,519.8374135730344
858857,471.71637358130675
859858,506.44462937666185
860859,121.09872905736276
861860,513.1987931065933
862861,176.6961097520311
863862,490.7868720644295
864863,457.0698232910559
865864,467.6182407028839
866865,499.60409131225924
867866,439.25073008234324
868867,471.4355060163585
869868,508.10201497507995
870869,496.10623062543976
871870,484.35813807103654
872871,494.3891863097698
873872,174.5971984025209
874873,474.85351641114585
875874,260.9677593791052
876875,494.301072408703
877876,474.4661524626382
878877,492.93603504849
879878,488.3148714029435
880879,504.10188476485087
881880,499.56593345247126
882881,488.67927979464787
883882,498.15077316770595
884883,499.93763370515035
885884,469.13734126982735
886885,506.98774157081203
887886,506.7308722049139
888887,474.2509233500759
889888,480.11343711169997
890889,516.4271370490385
891890,482.8458724040697
892891,458.5161790667982
893892,488.09472025081686
894893,474.8142014146022
895894,487.270491217692
896895,482.1377691855501
897896,489.5081886656779
898897,490.73985804183195
899898,322.17105173062987
900899,484.3907894354953
901900,493.72877829360283
902901,510.1980868167522
903902,496.71377902820166
904903,470.627572667588
905904,473.0637321330282
906905,492.3535023966947
907906,476.0755878561268
908907,496.19597857399185
909908,505.41735902149287
910909,336.03575473170775
911910,472.7493198770291
912911,487.39098710752967
913912,470.4009482224292
914913,485.47947960108485
915914,462.7877312463243
916915,485.6859319405674
917916,490.9699679646494
918917,88.27635620821768
919918,491.00025483875396
920919,503.4579109495161
921920,321.56013616137255
922921,471.0539459272852
923922,445.39030297233325
924923,457.3811556557892
925924,471.281730579733
926925,493.3551596000069
927926,504.58611700183786
928927,508.7153974183378
929928,512.0091426467563
930929,497.2409377118663
931930,493.03978151782024
932931,516.3393166200308
933932,507.1337350435338
934933,508.37525790893056
935934,484.51820046427224
936935,482.1950088531547
937936,484.22867386552787
938937,479.58477332970057
939938,489.28119863913736
940939,510.1350072246013
941940,473.03020347553854
942941,482.68077985095096
943942,473.1590978310133
944943,487.7241875559302
945944,211.42477879104425
946945,516.5010390590539
947946,510.95379704902115
948947,498.67579761846696
949948,459.4914887521912
950949,495.167938501935
951950,401.69704140638913
952951,498.1296923204312
953952,503.8920966552209
954953,408.96028069795864
955954,497.15706151540735
956955,480.17811957585127
957956,513.8376841054647
958957,481.26933524655516
959958,480.1401961727787
960959,327.3282414650197
961960,478.7857240795095
962961,494.2650098138744
963962,437.77405177463925
964963,400.5958887731964
965964,493.6869818933824
966965,497.8613801110918
967966,477.38601511005993
968967,475.58045952727036
969968,451.55243249684065
970969,486.514273743217
971970,509.5956911831699
972971,414.66133650542037
973972,488.042078324044
974973,493.1852511301456
975974,498.25687687090095
976975,477.2797810578275
977976,173.94690199947485
978977,469.74430030083937
979978,476.0446743430123
980979,490.57040236339384
981980,502.5416673288036
982981,493.17896256016144
983982,491.9955074018832
984983,469.3685817594323
985984,478.2487506042716
986985,480.72936825146365
987986,463.69129561320347
988987,485.0760247655948
989988,489.28302025117614
990989,481.0547000067298
991990,270.0152982452259
992991,511.2356167180566
993992,39.743885910116276
994993,502.75634020195537
995994,243.64494198390435
996995,502.28056538445003
997996,479.5239503434139
998997,304.68597122818204
999998,491.93391259461134
1000999,481.6089078958553
1002000,493.4343965582661
1003001,468.4759311126825
1004002,468.80232605428125
1005003,481.48094215203037
1006004,476.39420721925444
1007005,488.8425498373904
1008006,502.95960451316853
1009007,500.6028568063258
1010008,474.16819105449525
1011009,493.8439939530208
1012010,459.15585600070546
1013011,486.1658206145557
1014012,478.936872674684
1015013,482.3485934410095
1016014,479.51255797583343
1017015,507.52167053217124
1018016,490.8427628380117
1019017,245.6598668023849
1020018,498.8182031064258
1021019,269.66955400023994
1022020,510.1204515459208
1023021,470.9164401256227
1024022,504.85132353104314
1025023,521.228501712284
1026024,501.29654546950485
1027025,506.66050691803923
1028026,489.608443984425
1029027,498.0251093965708
1030028,468.77336058402733
1031029,506.47637145271403
1032030,493.5200492306476
1033031,496.64221014302416
1034032,513.2492439480079
1035033,486.57045167128155
1036034,501.50499703090503
1037035,482.84209332047885
1038036,509.8488437650198
1039037,331.63511881562437
1040038,480.94878664846954
1041039,472.9551560981003
1042040,472.35978057751953
1043041,513.6367387247512
1044042,489.30135950250025
1045043,488.1360743803243
1046044,451.73731678798737
1047045,508.098193751068
1048046,494.91799719412575
1049047,477.93704709834435
1050048,506.362598997229
1051049,474.9187490116151
1052050,502.00071445336937
1053051,500.58614635379007
1054052,230.01046697920498
1055053,495.6652112789326
1056054,510.6395205005898
1057055,488.6828891728506
1058056,451.5559088378219
1059057,506.8747412292002
1060058,92.80180622276399
1061059,507.0526884400664
1062060,467.6620933058101
1063061,477.8202517063272
1064062,477.6212277331014
1065063,464.35358699700146
1066064,511.248269516685
1067065,505.74714587033924
1068066,491.6532412392046
1069067,459.0699186059997
1070068,488.8867078030215
1071069,531.0113903499287
1072070,513.7333774051125
1073071,461.19380528580484
1074072,485.67189152582165
1075073,413.4062829505502
1076074,477.70003691542223
1077075,522.223259015897
1078076,509.07166631923235
1079077,480.16488088300537
1080078,352.83552297186094
1081079,512.6548845989396
1082080,459.5852629419483
1083081,12.990921299798009
1084082,527.0886514964892
1085083,331.1010235023571
1086084,503.2830384595025
1087085,524.1701488882927
1088086,218.03609520443555
1089087,510.1107103130624
1090088,516.2689423946892
1091089,524.1727117163243
1092090,523.4531039795195
1093091,527.4595250202709
1094092,121.35944295914825
1095093,368.64117561451815
1096094,520.8934601168107
1097095,304.14945419785664
1098096,537.2270480492685
1099097,445.6920803860411
1100098,511.921867179997
1101099,523.8576320252383
1102100,534.5556661909948
1103101,470.4703490091691
1104102,525.038275109356
1105103,549.4454612364079
1106104,515.9129768922835
1107105,506.635625366898
1108106,512.8025908786572
1109107,194.595260527775
1110108,513.3224896805297
1111109,529.7766018198112
1112110,531.8600214521518
1113111,554.5567396538154
1114112,521.1058687261215
1115113,532.0069745356021
1116114,311.67166677445
1117115,512.8856842819376
1118116,505.5501623131289
1119117,488.81638842291915
1120118,181.80626653965618
1121119,389.3109997129603
1122120,515.487086732484
1123121,505.4004228928941
1124122,494.7041190187422
1125123,564.3678075805819
1126124,249.64850838476926
1127125,502.8953048806244
1128126,390.66530508596753
1129127,530.2196609303807
1130128,529.8498623955991
1131129,193.7900559589573
1132130,531.7601688490471
1133131,554.838249675954
1134132,512.1911678356436
1135133,535.8006020348892
1136134,524.4751865430019
1137135,530.9088580937131
1138136,542.655800702617
1139137,414.0030832141616
1140138,532.3615986809994
1141139,387.64031718585244
1142140,517.9279008245549
1143141,491.6832855488954
1144142,530.696488678985
1145143,505.7939256527024
1146144,529.0813496421092
1147145,538.4631585718924
1148146,537.5456132499504
1149147,509.6966563303055
1150148,522.2173686848307
1151149,487.370253976113
1152150,529.0326763350729
1153151,519.876158508025
1154152,533.9957163663596
1155153,507.2638225210924
1156154,506.7875790849259
1157155,523.4388738584706
1158156,465.8056549826666
1159157,532.183082953538
1160158,377.94598749518144
1161159,539.5671564753071
1162160,531.1576813941092
1163161,503.0195624034091
1164162,503.1493235855889
1165163,541.8925081181219
1166164,523.5847820492121
1167165,548.144087536054
1168166,499.7798304647648
1169167,529.9127499141778
1170168,526.8289873489515
1171169,518.4855929706753
1172170,486.6216740211396
1173171,449.84760025981103
1174172,81.75376324172802
1175173,509.26537055779
1176174,523.1465821054205
1177175,484.0673989287428
1178176,500.75212499242355
1179177,505.143219155603
1180178,515.0416572762446
1181179,531.2519984833964
1182180,536.9860968013571
1183181,339.81398957305413
1184182,525.9477631628486
1185183,498.83552760795703
1186184,485.72801737408884
1187185,497.13843368606314
1188186,489.29689014095345
1189187,519.0812211544195
1190188,551.3448850100687
1191189,513.1547765797652
1192190,254.02953350245707
1193191,494.22457658713944
1194192,509.9977364419908
1195193,504.55877378337453
1196194,516.485006365471
1197195,64.10724513266946
1198196,533.0730360132704
1199197,504.915064928513
1200198,514.100079671012
1201199,491.5693852454039
1202200,406.05379127741463
1203201,455.6758540988959
1204202,450.8946925918906
1205203,490.6901252839156
1206204,312.61466069816527
1207205,509.51846272168467
1208206,526.9635986035215
1209207,538.1683931626618
1210208,500.3056246511436
1211209,512.7711046586168
1212210,504.8281160791131
1213211,545.8119107864388
1214212,482.98527780670935
1215213,530.7030715999241
1216214,523.9623163525437
1217215,505.00130273639667
1218216,529.1119687696992
1219217,550.8588207509903
1220218,481.90746639626764
1221219,534.6639957068782
1222220,545.3063682129209
1223221,546.8692251121009
1224222,485.50574852400626
1225223,539.5555756050234
1226224,262.38207536506314
1227225,539.5514762688541
1228226,187.95385541488878
1229227,363.6559071707709
1230228,309.66331250279677
1231229,538.8299050146971
1232230,484.4274897907692
1233231,523.2442931425817
1234232,539.223261300924
1235233,500.0250310875367
1236234,530.1895491368351
1237235,511.1619944362901
1238236,539.3396824293837
1239237,533.9468934429168
1240238,485.5389144627409
1241239,508.17232939669975
1242240,475.9360416075565
1243241,551.5126241268342
1244242,535.9554195809051
1245243,524.9055876691885
1246244,529.3493663346828
1247245,530.1805953859242
1248246,523.75456664626
1249247,511.85194635135883
1250248,517.3445309306513
1251249,511.320054348881
1252250,565.5966079560017
1253251,549.2414955811082
1254252,515.2806242569595
1255253,526.3518071312086
1256254,477.23919732140354
1257255,499.3439720901764
1258256,176.80298342385458
1259257,534.7711446989847
1260258,496.15522433793336
1261259,510.77374624010173
1262260,541.9090504017008
1263261,520.9417809581441
1264262,483.108304938158
1265263,396.0364412657849
1266264,333.7629254194952
1267265,341.40272556135255
1268266,530.6985750164633
1269267,557.7956059849606
1270268,189.73293182797562
1271269,502.89730597656853
1272270,539.9409663979985
1273271,491.57461682618765
1274272,543.7294829493691
1275273,520.9755451179303
1276274,521.4883348113215
1277275,516.5579196654385
1278276,535.0652681513901
1279277,511.15010806947004
1280278,507.26585702037676
1281279,513.5494015731891
1282280,540.4393077443677
1283281,536.7781198530779
1284282,531.5062562023138
1285283,557.3526073166098
1286284,141.50295305470945
1287285,545.3234349741999
1288286,546.7116658036718
1289287,517.3642248931936
1290288,509.4902741802255
1291289,549.4437120824582
1292290,556.246299384611
1293291,572.0433209274366
1294292,540.1278761805744
1295293,374.56157176610674
1296294,535.9453001983079
1297295,527.4784262382319
1298296,509.1454767825496
1299297,543.3548288104012
1300298,351.5192992563635
1301299,516.863776167127
1302300,519.2652782449782
1303301,506.9626551571305
1304302,548.2530464915196
1305303,489.1722704643624
1306304,542.8847614254611
1307305,540.1158035685843
1308306,529.0562019197596
1309307,431.6923814630907
1310308,530.0790220756277
1311309,555.039529543841
1312310,529.7952188672508
1313311,511.2423116905053
1314312,540.0725143040675
1315313,211.5689519182368
1316314,534.0312562112126
1317315,538.9249797891124
1318316,527.4453386400514
1319317,495.3604510647868
1320318,377.2655457224069
1321319,540.8574353284575
1322320,97.5713749412407
1323321,501.9462940991766
1324322,535.8113156694125
1325323,546.9100061507407
1326324,21.324945909068706
1327325,536.8918223110519
1328326,508.50325871266654
1329327,562.0305851311855
1330328,498.41379953663954
1331329,369.0183551564422
1332330,526.8742225088032
1333331,530.3178569417245
1334332,547.930867189615
1335333,549.4862989011785
1336334,529.9712544396455
1337335,510.0999126271551
1338336,551.8106259039266
1339337,543.4859970789028
1340338,513.0367565594471
1341339,544.4495403792714
1342340,552.2100769247464
1343341,552.6968771973461
1344342,546.5739023880691
1345343,525.1482211510802
1346344,523.1035337997316
1347345,533.712706627317
1348346,536.7499683239736
1349347,532.0300166557837
1350348,486.10658728698564
1351349,539.0097457075985
1352350,566.2754091048972
1353351,538.8212480078608
1354352,524.400979820587
1355353,518.7579684161375
1356354,536.4719004973289
1357355,520.6142532067141
1358356,444.1973584479598
1359357,543.7737335784489
1360358,439.0699644639987
1361359,514.6208698184291
1362360,545.6370471101318
1363361,538.6982054545193
1364362,539.942107538446
1365363,528.3106268125351
1366364,535.205322929622
1367365,564.1713960872254
1368366,543.6477724927805
1369367,491.200220562224
1370368,522.3517483791519
1371369,373.60386316597396
1372370,529.7283613206025
1373371,557.6143414506784
1374372,537.2740869489819
1375373,543.1959058929071
1376374,540.5023746714603
1377375,511.6082199878438
1378376,531.4477527981277
1379377,542.0527452596481
1380378,525.6519167491666
1381379,540.008021147512
1382380,140.07123415525342
1383381,467.797534329784
1384382,228.01008031050688
1385383,159.18574616878928
1386384,463.1268467165874
1387385,543.2459590350586
1388386,547.1159124656928
1389387,531.4347540049855
1390388,525.3182734962722
1391389,530.297131677484
1392390,537.4285934172675
1393391,495.0783832571123
1394392,528.5047633359544
1395393,362.99904820785406
1396394,482.8884890434197
1397395,530.7451266020076
1398396,522.4793559885397
1399397,553.6570257655318
1400398,521.3145539653725
1401399,531.6559516241243
1402400,493.4179795138553
1403401,489.5451125232855
1404402,525.0570175660162
1405403,573.1415676393758
1406404,534.6076326018054
1407405,524.0033400921632
1408406,547.028718749875
1409407,536.6974062303043
1410408,532.2538410902071
1411409,523.2855313830219
1412410,210.9170325705105
1413411,530.2411051809825
1414412,538.8650078641247
1415413,527.4575263387146
1416414,500.87799629558225
1417415,544.1425577653646
1418416,556.9299391643002
1419417,516.497222599463
1420418,528.4725495646277
1421419,525.55297353549
1422420,535.1800148652597
1423421,502.20279450641743
1424422,434.8736117501467
1425423,546.1885342303601
1426424,16.808824483085278
1427425,436.10546346544623
1428426,543.2319178800742
1429427,502.23801853073763
1430428,542.2121134840355
1431429,505.0617523534783
1432430,515.9079297135796
1433431,539.1014368802836
1434432,524.968514762909
1435433,493.56246563262374
1436434,486.6382778525296
1437435,527.8115682728865
1438436,541.0568422086866
1439437,542.6484325923348
1440438,312.9014455332638
1441439,508.1469195446624
1442440,466.5093422361029
1443441,535.7021809846508
1444442,511.90066504360834
1445443,523.8958148370734
1446444,526.645099943642
1447445,539.2859457185725
1448446,533.2141690063755
1449447,533.5778092253257
1450448,523.1817621006937
1451449,518.9259460185604
1452450,521.5755958422609
1453451,539.4806027919723
1454452,520.865531062086
1455453,521.9838687724595
1456454,546.1465293772925
1457455,541.7193952129045
1458456,537.2524381207746
1459457,524.3076243808604
1460458,149.79099455609884
1461459,496.7486340395057
1462460,540.8540208543418
1463461,538.9600107965281
1464462,517.9689626769775
1465463,520.1488034106656
1466464,555.8012296881876
1467465,526.6761537684554
1468466,547.5134902064653
1469467,534.4797061196407
1470468,240.3242284199657
1471469,457.1692218714776
1472470,540.3308639187142
1473471,533.5842968666667
1474472,508.530768534909
1475473,229.71174292288063
1476474,518.8676060864907
1477475,527.621920204828
1478476,531.1342082682746
1479477,517.5174287639823
1480478,524.0442409895245
1481479,281.56615147580175
1482480,509.272619214911
1483481,529.7835689219029
1484482,539.0715821232185
1485483,527.7649465767925
1486484,528.6882020822986
1487485,513.3446709575167
1488486,264.3579941252849
1489487,503.9195005494006
1490488,485.5413414053369
1491489,478.83342836143646
1492490,116.63036663850971
1493491,526.4276063850504
1494492,87.63621742108275
1495493,523.2434235922663
1496494,521.7616965049822
1497495,527.6402620540734
1498496,522.7029138052145
1499497,529.2234008842179
1500498,547.9601395744256
1501499,512.2419527513373
1502500,529.0435532049684
1503501,532.9459568796182
1504502,463.3057991017303
1505503,512.3250632524115
1506504,507.7634466099571
1507505,503.0917735923788
1508506,515.4872599145813
1509507,468.5504664246085
1510508,504.700092905462
1511509,533.1884022979461
1512510,528.3354000886773
1513511,521.8480402317782
1514512,250.56461573137364
1515513,485.3535724907216
1516514,545.7193483296743
1517515,185.9127148933381
1518516,518.9515183419064
1519517,542.6265841936137
1520518,90.54272313200373
1521519,531.5122439251934
1522520,550.6753768524467
1523521,80.30723726745632
1524522,532.4104286368237
1525523,515.780645849787
1526524,550.330285500203
1527525,508.39102777958925
1528526,550.7737832256342
1529527,496.7155193302342
1530528,538.6447659484294
1531529,563.7712683718365
1532530,567.0741007720842
1533531,517.8208794682763
1534532,472.34173542580896
1535533,318.62286049636106
1536534,526.8282384087724
1537535,556.4204856262323
1538536,500.245872888877
1539537,536.4179573685683
1540538,536.4220642189703
1541539,540.1399090842184
1542540,523.230408022126
1543541,465.3492996929556
1544542,521.0593446758058
1545543,533.194804531938
1546544,549.8424732852961
1547545,508.0409127890272
1548546,497.4979223833735
1549547,529.4646713167116
1550548,317.9093896617522
1551549,549.9380515034409
1552550,508.4270166423497
1553551,501.7884604061238
1554552,528.3876209739257
1555553,539.3753913602463
1556554,529.1730586517747
1557555,533.3038799225825
1558556,537.743735782377
1559557,324.41659500824596
1560558,494.0738876517685
1561559,509.20276950120194
1562560,519.4939707934095
1563561,537.1068673541052
1564562,559.2280764488864
1565563,300.6474863639278
1566564,527.8499619245918
1567565,537.8947504571928
1568566,524.43122318953
1569567,545.2770203871222
1570568,530.3262064139968
1571569,540.8663030698557
1572570,513.269342693027
1573571,526.7431562822509
1574572,487.71676309087894
1575573,519.2535149190146
1576574,501.79294595119916
1577575,511.22536369918384
1578576,527.368041293108
1579577,547.6793273888669
1580578,523.42962074447
1581579,535.7413915367841
1582580,540.5171303609623
1583581,529.4017192827457
1584582,524.556191293991
1585583,478.1749438145828
1586584,551.9629555217531
1587585,550.9152634975903
1588586,528.2989776158247
1589587,520.066094720182
1590588,544.5082359398341
1591589,552.3210540335122
1592590,514.1315529079412
1593591,551.4177868243863
1594592,537.1782622027251
1595593,546.237072508628
1596594,527.5389591273431
1597595,513.7425068796073
1598596,104.27134193077414
1599597,531.3661191333555
1600598,558.2194538350265
1601599,538.0110615290669
1602600,534.7494515765129
1603601,452.52201375028045
1604602,528.4142019830772
1605603,519.5294678304793
1606604,537.3265979627764
1607605,501.15631336558863
1608606,544.9724481963005
1609607,550.8141118795947
1610608,499.4861022399179
1611609,535.5843683392942
1612610,521.2541010240417
1613611,535.804238426751
1614612,154.44186021148687
1615613,494.30261388960923
1616614,488.3633648573194
1617615,160.10595316056106
1618616,56.86805544407105
1619617,245.00041088841616
1620618,358.94963704437305
1621619,517.7071224114243
1622620,565.8197363388911
1623621,555.2845817200165
1624622,513.4138767509443
1625623,193.92826641270247
1626624,529.592867930842
1627625,544.3158126938549
1628626,530.3324743999055
1629627,563.981259313206
1630628,528.6011814451984
1631629,541.7924211593164
1632630,541.1715730949941
1633631,546.8666980719414
1634632,517.228773351148
1635633,536.399734256367
1636634,542.0571244306086
1637635,568.924226493099
1638636,550.6248962299316
1639637,559.2607135497638
1640638,533.401434925437
1641639,543.6118699630081
1642640,567.7083344826455
1643641,532.2086602977126
1644642,553.4341261920707
1645643,228.90583822603867
1646644,535.7992104162023
1647645,547.0686070950294
1648646,521.410223213543
1649647,536.263535511901
1650648,567.8250505199151
1651649,542.2226774243381
1652650,545.153472794124
1653651,539.5104321538208
1654652,529.6275241280119
1655653,534.1099162189007
1656654,556.9952281883303
1657655,553.1793436056353
1658656,535.326309132007
1659657,174.46641849061436
1660658,330.0004179022774
1661659,564.6319352140383
1662660,563.4129170017761
1663661,539.3819844875648
1664662,534.0668177138302
1665663,574.0587143511466
1666664,554.3010563890798
1667665,537.9575481984143
1668666,556.0154787106501
1669667,549.570689652079
1670668,536.738157967151
1671669,563.0396197979711
1672670,384.6987057468391
1673671,463.36864758146254
1674672,502.6417317365137
1675673,409.2237128307369
1676674,139.99051278532107
1677675,551.8761096009262
1678676,571.4468492318902
1679677,530.6021103795243
1680678,366.39960894513416
1681679,593.1773954963771
1682680,477.2315464673538
1683681,499.301990275373
1684682,512.307373174539
1685683,538.3332836100494
1686684,584.6031228326154
1687685,584.4162055913315
1688686,568.807186707735
1689687,583.0202170263019
1690688,554.4227710514754
1691689,207.26503763162486
1692690,557.3339141306321
1693691,549.05194540666
1694692,550.4881943358994
1695693,556.2295931644614
1696694,538.3858026072818
1697695,544.2708659440885
1698696,558.9666801139062
1699697,516.100305944089
1700698,535.649247503808
1701699,550.5617965799787
1702700,539.5618816162172
1703701,303.56648476497054
1704702,568.8937132877516
1705703,568.3357995163366
1706704,554.7777421960176
1707705,580.4935282067421
1708706,561.1561232492156
1709707,572.900253142825
1710708,558.5795127390988
1711709,543.927126561711
1712710,573.1130869256667
1713711,571.3110997927732
1714712,220.9548215961939
1715713,555.5350500384521
1716714,138.50244696220813
1717715,555.3836563158553
1718716,528.2477550734593
1719717,568.8445834086182
1720718,551.1257397325813
1721719,552.2077954523544
1722720,555.4190771927027
1723721,554.0992272683693
1724722,564.6310605820823
1725723,565.8449211798435
1726724,531.5898521641546
1727725,348.8151190551326
1728726,535.8904003439528
1729727,597.1111914866023
1730728,573.2083206972477
1731729,556.1980708237955
1732730,562.1739517012662
1733731,564.3782727929461
1734732,549.8518379073691
1735733,565.6270056540187
1736734,566.6871231458194
1737735,566.4002001608758
1738736,567.6719136248947
1739737,594.649819393864
1740738,555.4411931657739
1741739,580.0699313761609
1742740,582.3740054480478
1743741,571.9475079934814
1744742,311.7645768194228
1745743,560.521152631727
1746744,580.225473336356
1747745,562.7233028913445
1748746,581.4119411246651
1749747,567.595788423343
1750748,586.8733694194611
1751749,560.5588389781327
1752750,309.75533291115
1753751,571.6675932838473
1754752,565.7286690016963
1755753,188.31323700934243
1756754,557.4350195598287
1757755,550.5961972849956
1758756,582.0236694648802
1759757,572.7008704885874
1760758,574.1783778220122
1761759,571.58422548278
1762760,584.9741162280774
1763761,370.3139237900525
1764762,502.6621911559058
1765763,569.4514288434098
1766764,593.876592976125
1767765,518.914617614098
1768766,556.1998284706261
1769767,512.4921512556148
1770768,581.688162806195
1771769,559.95349675874
1772770,570.6251254627567
1773771,540.5992513789753
1774772,506.6908245181998
1775773,254.74323083232423
1776774,562.8218229144384
1777775,562.6758280024308
1778776,583.6532285227426
1779777,567.7993619494106
1780778,553.6988072196367
1781779,580.5498906107758
1782780,570.8558076644625
1783781,556.3442414103519
1784782,532.8220580908062
1785783,569.5365410552319
1786784,544.861570780626
1787785,401.96416264156676
1788786,573.4067909485484
1789787,545.9617450512269
1790788,562.154978586237
1791789,123.80019786977668
1792790,572.9379534289036
1793791,567.6727101556772
1794792,146.3124872673138
1795793,550.9800398655043
1796794,570.2812236746729
1797795,573.0110297129182
1798796,573.4309307390532
1799797,544.977263754365
1800798,579.3561471987804
1801799,557.1565369685646
1802800,567.3689345684455
1803801,574.2455008921704
1804802,573.8784712869176
1805803,485.2886063976706
1806804,556.8212992863671
1807805,134.77555386377855
1808806,431.6346082528295
1809807,390.0551801437788
1810808,556.6087084531091
1811809,560.5177061980893
1812810,548.6582119620822
1813811,542.8210376031728
1814812,484.7292634145889
1815813,538.6064848530804
1816814,579.3949586514051
1817815,570.4385170469278
1818816,572.7445886426692
1819817,590.4811921639778
1820818,566.8275616113707
1821819,531.8526698731763
1822820,570.9683341337853
1823821,525.0642371548333
1824822,349.926372391296
1825823,573.6330160092623
1826824,534.833877986754
1827825,585.3501965843648
1828826,406.1954267124712
1829827,513.8118540065692
1830828,559.2612890555639
1831829,488.495546190793
1832830,565.5819600550487
1833831,555.278515799651
1834832,553.6155645926299
1835833,552.4687403167667
1836834,553.07776010078
1837835,568.2848322632191
1838836,580.320987266221
1839837,588.5935793001003
1840838,580.5583646453088
1841839,549.4076933899245
1842840,562.9479660094327
1843841,546.4495524464324
1844842,559.120600254582
1845843,435.9489713089015
1846844,587.6922734576995
1847845,584.2547140751162
1848846,547.5179145136412
1849847,576.5611279459965
1850848,593.9832958175571
1851849,561.3163181250495
1852850,575.8000178454872
1853851,585.9957652383125
1854852,580.2984491425436
1855853,577.094729104498
1856854,547.5249600515839
1857855,561.9588251059909
1858856,575.2785627538025
1859857,544.4527942028612
1860858,552.4635151938191
1861859,565.1981197554585
1862860,587.3673034636274
1863861,573.0914688911956
1864862,549.5377050194236
1865863,558.5794391027109
1866864,527.0895771511912
1867865,569.619780812547
1868866,530.4761345585663
1869867,565.039515078365
1870868,568.702651535929
1871869,567.8744212839662
1872870,556.4825067134512
1873871,590.7854583250519
1874872,534.6653987444207
1875873,591.9724801528502
1876874,562.9528540231619
1877875,586.0961584184209
1878876,548.1996301060058
1879877,569.0552901232621
1880878,578.3419482412145
1881879,579.9277643861673
1882880,560.4417665363297
1883881,588.0144971210188
1884882,553.7159600022092
1885883,543.8198820674455
1886884,569.6406424963143
1887885,547.1503128243387
1888886,555.3503704099351
1889887,501.8071896103859
1890888,594.5026887463813
1891889,578.9317811612941
1892890,501.5946510067308
1893891,570.182807085864
1894892,510.0911579899602
1895893,553.4496933361003
1896894,568.82508243594
1897895,580.2708481977896
1898896,212.46007428447462
1899897,588.8557848801197
1900898,583.434522929799
1901899,586.7447936655334
1902900,566.0140757724388
1903901,566.1747171070155
1904902,569.643404326911
1905903,578.3329173562372
1906904,549.7697656680474
1907905,544.5285915198535
1908906,534.9878995010648
1909907,571.5939117526692
1910908,584.9126085464163
1911909,544.3694611727304
1912910,574.4599439957777
1913911,588.87104120728
1914912,474.7490186218555
1915913,561.4082340242156
1916914,564.8845133782625
1917915,584.5829867970725
1918916,588.1281468644455
1919917,594.1033834607939
1920918,581.0349678768115
1921919,562.3255194608621
1922920,562.7150308047923
1923921,567.5839568036479
1924922,569.3553453614077
1925923,545.1768284104197
1926924,558.0600208662718
1927925,582.8117413380552
1928926,578.5023373845814
1929927,547.8554973603307
1930928,545.2888740823217
1931929,593.6164511925485
1932930,590.8167321200156
1933931,574.874351140264
1934932,531.976143162544
1935933,568.9498471989343
1936934,558.1814600729692
1937935,576.4716595304861
1938936,267.09046901280925
1939937,556.3917903043498
1940938,569.9602829666827
1941939,90.89503502770395
1942940,590.0191502820566
1943941,317.2655133711953
1944942,587.8674147598744
1945943,522.1800608398258
1946944,555.9161292703534
1947945,585.5438516375342
1948946,513.408862143698
1949947,552.0157216301228
1950948,573.9428837075119
1951949,585.70442886394
1952950,546.2489850515116
1953951,584.7305593065591
1954952,540.3181538759277
1955953,581.419701213244
1956954,515.5666220977187
1957955,575.4686784036717
1958956,572.0875783859282
1959957,583.363117473823
1960958,541.2070677361453
1961959,76.39303955959394
1962960,550.3374319171702
1963961,573.8339866469216
1964962,368.7709013831207
1965963,549.6966240437209
1966964,528.2451096372334
1967965,193.21628425817914
1968966,521.471349793901
1969967,592.501020098047
1970968,439.66169411757613
1971969,569.0692502810604
1972970,587.4839559477432
1973971,574.5463823289956
1974972,600.5979373155171
1975973,569.3102190058719
1976974,564.6721498532343
1977975,563.4083018313788
1978976,568.4463248665519
1979977,601.0299069627225
1980978,532.8820170965862
1981979,564.9963353500599
1982980,522.4981020305057
1983981,541.4765523792939
1984982,552.7722826591115
1985983,572.1466936406184
1986984,527.249706620652
1987985,580.4468484305318
1988986,547.7589920866427
1989987,582.3013453287938
1990988,288.30097664395237
1991989,565.9700840585624
1992990,583.0945671087366
1993991,592.3438579004273
1994992,578.2223241844324
1995993,584.4431956092025
1996994,573.8364432763185
1997995,562.4938534090013
1998996,616.5342900714887
1999997,568.27332939439
2000998,552.1625032622132
2001999,536.8221314744101
2003000,583.4106296062952
2004001,560.8488886071685
2005002,583.4083224720308
2006003,526.6835655549065
2007004,564.0750448708853
2008005,417.61610455417974
2009006,457.7452784259581
2010007,560.038234957254
2011008,587.5935577971135
2012009,554.5803917341178
2013010,443.0663420288805
2014011,562.3782531645177
2015012,94.32868041137846
2016013,375.57697610833793
2017014,596.8544225331151
2018015,600.8607498760717
2019016,546.3128522302961
2020017,592.3951847180203
2021018,576.3084253021492
2022019,267.80364938086393
2023020,137.08091360499338
2024021,606.8723812835408
2025022,568.4516292654729
2026023,586.6426526396488
2027024,571.6340478027439
2028025,587.27437497419
2029026,597.8821027935012
2030027,579.6149136513486
2031028,593.2196479598693
2032029,554.4337139002669
2033030,535.7706652356561
2034031,595.148382923695
2035032,103.96099712228198
2036033,589.5670608151424
2037034,528.3331077932481
2038035,596.9264269362839
2039036,244.54863065200914
2040037,600.4333218136472
2041038,595.4599342314579
2042039,598.570555244554
2043040,591.9846754757407
2044041,559.7757679055369
2045042,576.8883878883147
2046043,231.33723046685762
2047044,460.1232993250176
2048045,588.5347653469074
2049046,554.1912607827114
2050047,606.6454876140041
2051048,593.7400963884297
2052049,589.526931239582
2053050,582.5100556848687
2054051,586.8562768557856
2055052,595.7549328375183
2056053,600.8674916309882
2057054,593.0410279700047
2058055,583.512813484689
2059056,569.9309714916487
2060057,576.8264214877904
2061058,369.11154733519055
2062059,603.1375485451134
2063060,585.9343889532362
2064061,607.4228115055802
2065062,583.2711359577257
2066063,601.6194131726073
2067064,573.6890934839561
2068065,556.8920926520886
2069066,599.2036599247642
2070067,589.9766605032191
2071068,583.2647420199723
2072069,605.7425181656035
2073070,222.52040925042752
2074071,516.3470897794493
2075072,289.06964206425863
2076073,493.6867420206267
2077074,596.4148159279508
2078075,581.6014996857524
2079076,585.7737273300379
2080077,562.7913789289603
2081078,598.2887103572083
2082079,576.1795672075443
2083080,549.2197473876831
2084081,543.7535230320378
2085082,594.0864631930501
2086083,538.4057994565421
2087084,591.9852868970529
2088085,303.6563430834358
2089086,580.3088343654285
2090087,539.4798736387631
2091088,586.857118942528
2092089,549.0150285556446
2093090,576.8456892937227
2094091,605.8555668123834
2095092,560.1227300441926
2096093,563.4056872737908
2097094,567.5194057194332
2098095,578.3617091188983
2099096,571.2262891637632
2100097,246.15548183552443
2101098,568.476030375934
2102099,540.5781219187054
2103100,599.8817213145695
2104101,533.1728057574728
2105102,334.480321896586
2106103,620.9565368630355
2107104,599.9150231676797
2108105,390.08912773721977
2109106,590.6911736335278
2110107,574.6637162961653
2111108,247.19771540693142
2112109,572.509587734013
2113110,592.3820990409231
2114111,591.3110825984238
2115112,605.9123938172626
2116113,583.8276243186614
2117114,593.1034563237785
2118115,599.0772290550982
2119116,602.3524857566509
2120117,602.2789287261655
2121118,550.7915140748537
2122119,579.4901579767749
2123120,566.1040794466767
2124121,586.3494061061631
2125122,469.3716788322626
2126123,571.7789228370016
2127124,573.240707174153
2128125,607.7633915876969
2129126,548.1633531934727
2130127,592.2801578651889
2131128,602.8120638391524
2132129,579.3380646048442
2133130,594.6227623669414
2134131,564.363567979678
2135132,464.51591594101586
2136133,590.0901593209734
2137134,126.15258311389316
2138135,615.3830099558029
2139136,587.8608975192049
2140137,595.2321588492184
2141138,599.550115667131
2142139,561.7895936310057
2143140,543.706540405678
2144141,556.1232106680419
2145142,605.912587817226
2146143,597.8001433482049
2147144,595.5586830849797
2148145,601.7257012920247
2149146,564.2310074213985
2150147,584.946404105222
2151148,591.1848366122272
2152149,598.3323342896305
2153150,612.2483291943579
2154151,614.9502912565935
2155152,589.7934633666899
2156153,496.8274355170265
2157154,537.5471416914596
2158155,580.7651980920978
2159156,579.7277262426528
2160157,596.0196918366435
2161158,570.3270755297625
2162159,582.1582909937914
2163160,595.3795010362925
2164161,595.640685635755
2165162,588.9485590744289
2166163,616.712886986428
2167164,575.638747919042
2168165,299.0814981001449
2169166,595.8789112348958
2170167,594.0822894274773
2171168,530.914093105736
2172169,580.0093093120981
2173170,296.83508359910485
2174171,608.2431695170874
2175172,186.39652268607495
2176173,588.1710457656194
2177174,586.4911513466747
2178175,560.6409734457061
2179176,613.4386402240879
2180177,574.0709370255007
2181178,610.1606203959786
2182179,537.1297138335761
2183180,595.7313950740371
2184181,556.6140732202442
2185182,580.0385677962857
2186183,608.7600338601757
2187184,576.3899775154642
2188185,597.898831605956
2189186,313.0515064378528
2190187,621.8175818098644
2191188,606.2759300663519
2192189,540.389744282077
2193190,558.2264679440714
2194191,601.5859244374686
2195192,580.6777487431467
2196193,573.2956351407721
2197194,581.5679966307791
2198195,309.4409119870416
2199196,614.0887481448559
2200197,621.9700443263216
2201198,606.3249338816894
2202199,597.1850851081253
2203200,592.825126456513
2204201,258.35566365915975
2205202,571.385183967192
2206203,595.4002360564396
2207204,510.1264235730053
2208205,582.8515527177294
2209206,490.46521075539374
2210207,614.6966151355406
2211208,573.2610100403964
2212209,615.1356488727332
2213210,608.4161577173912
2214211,635.0513602980463
2215212,599.7229780812238
2216213,572.9297715740278
2217214,590.356885955084
2218215,561.0566122046763
2219216,577.0164680565557
2220217,608.1943733715958
2221218,591.0313604007032
2222219,568.873174510657
2223220,579.9338927626211
2224221,584.6594496958612
2225222,556.9863921893993
2226223,609.2157136225258
2227224,574.0006966294598
2228225,548.6732070670147
2229226,557.288661141834
2230227,583.5728595237468
2231228,533.1298013704258
2232229,587.722928432501
2233230,510.6288498132818
2234231,584.6872307279018
2235232,602.0213669977416
2236233,576.4986322164748
2237234,569.6266443209735
2238235,613.0204503591484
2239236,579.9751819696833
2240237,604.6537319333967
2241238,543.2616887093043
2242239,258.5027586183286
2243240,391.0685664000995
2244241,575.1154301658291
2245242,294.04874791766247
2246243,612.1616854095956
2247244,362.96222696180286
2248245,575.0097254031336
2249246,565.0647188194404
2250247,594.7753039154169
2251248,609.1865934745639
2252249,558.3636502812526
2253250,338.07445636203227
2254251,422.53795793785434
2255252,613.1561659241866
2256253,583.4685533364634
2257254,614.5349843224034
2258255,608.1832837144791
2259256,518.4876960730609
2260257,607.9711680998714
2261258,584.247580301806
2262259,598.2299936422024
2263260,607.5285349310142
2264261,551.641722375221
2265262,605.3089501835562
2266263,615.2139762121873
2267264,617.0711722038802
2268265,609.4768455279295
2269266,624.279982222311
2270267,603.772490620007
2271268,621.0492862662252
2272269,587.0503147989348
2273270,157.21867111967427
2274271,543.151320589176
2275272,597.0792565491321
2276273,588.5226317933176
2277274,565.0852672287864
2278275,586.8012087877079
2279276,605.9133382399064
2280277,161.73559257783464
2281278,634.2969881729516
2282279,589.8361484872989
2283280,625.2099471410766
2284281,591.0118730865662
2285282,398.53325183079966
2286283,603.5168617712916
2287284,574.2173252200467
2288285,625.1352818908455
2289286,580.420159575658
2290287,591.0691400915572
2291288,537.7233661749058
2292289,603.7935265015332
2293290,596.4604133050289
2294291,585.6778045347565
2295292,600.8245215369099
2296293,595.7025237353008
2297294,628.3795156248051
2298295,601.976055883431
2299296,596.911615923197
2300297,596.0997971353125
2301298,611.6827331538849
2302299,601.1278329297436
2303300,602.2989298087589
2304301,613.2264267821274
2305302,596.5070091827776
2306303,581.5878939014559
2307304,602.311571386031
2308305,617.3189533686805
2309306,569.8924905607887
2310307,576.1516066730704
2311308,582.3675128722898
2312309,613.7194697671652
2313310,597.8271341298223
2314311,609.2422196635067
2315312,595.1936323069762
2316313,597.6405981259836
2317314,633.9970256861938
2318315,610.6926800972303
2319316,542.828812440361
2320317,612.8113624187595
2321318,615.0498337969331
2322319,605.5820003787339
2323320,603.6740889181445
2324321,601.4600777176921
2325322,614.1738804468366
2326323,598.7318419470712
2327324,606.2687017144356
2328325,599.7960052794713
2329326,605.3136336055752
2330327,601.8147398472487
2331328,607.1411536492674
2332329,586.087677422802
2333330,596.6781955688158
2334331,593.9068593449836
2335332,601.8281773516203
2336333,618.9003312253272
2337334,608.0337740892612
2338335,599.0362946296059
2339336,597.2047543473549
2340337,605.1624970194467
2341338,600.86497287343
2342339,590.4086051950504
2343340,621.3522598134707
2344341,578.9115218542494
2345342,612.9948668629373
2346343,597.3680775228229
2347344,577.3474267271628
2348345,608.2053246003892
2349346,610.6306874318326
2350347,589.0836255987593
2351348,602.1807710247634
2352349,602.482332597023
2353350,599.9909336060374
2354351,594.1672915619246
2355352,590.8178159294795
2356353,614.5993807176767
2357354,610.1417967396638
2358355,605.88618857796
2359356,590.2223580746517
2360357,255.31456485429095
2361358,568.0709379881234
2362359,591.736046953646
2363360,573.37777965007
2364361,614.47288505715
2365362,588.3820858105436
2366363,585.9295354087719
2367364,593.6153587224045
2368365,598.8160511353791
2369366,584.4583734972996
2370367,616.0813401473154
2371368,594.4253925995732
2372369,600.3150433723943
2373370,604.7223828260737
2374371,623.1548852247361
2375372,579.2386537828912
2376373,570.9117458878532
2377374,534.5105299044592
2378375,608.0621092882147
2379376,603.0937601215318
2380377,545.0602882187875
2381378,603.0113908065084
2382379,603.1912747404702
2383380,577.6251622598146
2384381,585.5619283608356
2385382,617.4032667544118
2386383,307.0369281347397
2387384,608.7658246757404
2388385,558.8865500811103
2389386,597.7721601579125
2390387,622.6466569583669
2391388,590.6150575256886
2392389,610.4528832384016
2393390,587.1942169512075
2394391,574.6921301135087
2395392,596.674849027837
2396393,586.3792694275996
2397394,583.0905524020695
2398395,607.8597926489655
2399396,629.4401207764402
2400397,418.90896111323605
2401398,516.4995407872083
2402399,378.6316695133136
2403400,602.6224170872747
2404401,567.1814556492819
2405402,583.2290044712308
2406403,594.3308388131929
2407404,620.2770125455194
2408405,599.1430112997197
2409406,581.3872401525158
2410407,631.2494635951243
2411408,600.1829514953472
2412409,578.2187100548445
2413410,602.2467119602125
2414411,560.9349763978611
2415412,570.902033019684
2416413,564.811169364805
2417414,608.4793109054303
2418415,613.0391886194229
2419416,609.6196807441793
2420417,613.7199081971758
2421418,232.78093400018747
2422419,607.5771548969606
2423420,595.7298884243419
2424421,598.275852209193
2425422,582.1702822727581
2426423,311.3306608906561
2427424,565.3824949540963
2428425,611.2823343899996
2429426,591.0984366795645
2430427,625.490713197151
2431428,606.7024392721463
2432429,594.2680798520163
2433430,598.0039935997522
2434431,568.8978740632756
2435432,617.0803598059988
2436433,606.5349872826282
2437434,586.4757137289567
2438435,616.9445960536957
2439436,619.2124859642432
2440437,598.7339442595952
2441438,610.0901044563467
2442439,602.3955718059998
2443440,619.0866567289306
2444441,582.7942049455647
2445442,329.5442553532855
2446443,241.42439754689602
2447444,551.5326794073478
2448445,596.6614332657084
2449446,610.5008776239815
2450447,594.925860648463
2451448,601.2668240714795
2452449,613.4561624893162
2453450,610.9056540326015
2454451,603.0694480020661
2455452,594.9862710958208
2456453,571.2952999542674
2457454,578.7975776786734
2458455,589.1509134458969
2459456,589.5459383775238
2460457,596.9545504044178
2461458,629.7488734210325
2462459,585.9146763704116
2463460,599.2937776955011
2464461,628.7005317146753
2465462,633.6249032701452
2466463,620.7870744777869
2467464,618.1010986729704
2468465,597.1069447345805
2469466,612.6543699182773
2470467,603.1404515797261
2471468,594.999931540151
2472469,600.4416008712118
2473470,572.9624326854478
2474471,580.5212310630064
2475472,489.3424067904436
2476473,563.2530764918567
2477474,613.2204147991146
2478475,610.5723797951815
2479476,604.1271605058563
2480477,612.8049180297703
2481478,613.1574948029371
2482479,588.1431380214008
2483480,600.9025952783311
2484481,610.6518904160511
2485482,618.3967942442463
2486483,552.5411356778638
2487484,607.9360936338262
2488485,536.8074225636025
2489486,443.83472663171597
2490487,599.8066237516157
2491488,612.876415168142
2492489,533.2209581643225
2493490,617.1936271017724
2494491,607.9510483342419
2495492,579.4015951894827
2496493,605.9070271641875
2497494,584.0022992258962
2498495,614.1084440597541
2499496,560.0273574507385
2500497,603.7945494494656
2501498,606.0322127490473
2502499,592.8860306590292
2503500,595.5550563232998
2504501,589.3428619200711
2505502,585.0990167118433
2506503,301.031867247562
2507504,585.249635778827
2508505,622.1302001566365
2509506,610.8050928807347
2510507,604.1182248428389
2511508,587.5660306167855
2512509,573.7220560657119
2513510,603.3838420499465
2514511,580.2167914412315
2515512,568.556261973692
2516513,619.254316237959
2517514,599.8039104264919
2518515,607.8688370595761
2519516,608.9340979187034
2520517,589.9959460978022
2521518,605.6808381537587
2522519,605.8032586100612
2523520,618.1370595583987
2524521,582.5315324006135
2525522,627.2337739606795
2526523,589.6843094701001
2527524,616.9449428101981
2528525,185.27637660273405
2529526,602.8210663236591
2530527,625.1134860548606
2531528,597.7953296741431
2532529,580.2494415123532
2533530,613.6235374758614
2534531,619.520800765039
2535532,623.7160761288092
2536533,565.6183628892954
2537534,588.641290383694
2538535,601.9060750419186
2539536,618.1855777205335
2540537,604.2346088358616
2541538,608.4602899530498
2542539,288.707176949324
2543540,601.894716600998
2544541,597.877275455635
2545542,607.8927965533433
2546543,619.4433276161545
2547544,385.23850237473084
2548545,614.5637087406167
2549546,623.0634829506927
2550547,604.3314930868873
2551548,575.4798230776468
2552549,585.8746799528576
2553550,606.0985176948727
2554551,603.9094838225932
2555552,585.6062919847807
2556553,23.14860317464914
2557554,630.399936582892
2558555,601.4860769101177
2559556,599.7563436844816
2560557,431.4400712577161
2561558,629.0623144034192
2562559,600.2471461677977
2563560,607.1594249743782
2564561,610.7780721739308
2565562,602.2982440762086
2566563,605.76676861004
2567564,620.7226367580297
2568565,616.165353228844
2569566,461.15721463043127
2570567,602.8474036517409
2571568,610.6326032798125
2572569,609.0456768819762
2573570,605.336431293197
2574571,634.0596662344516
2575572,614.2515781389842
2576573,567.9286476319559
2577574,610.091693622904
2578575,278.347857941952
2579576,565.3952126562026
2580577,499.0221635646946
2581578,612.0384718591489
2582579,588.0700186313477
2583580,601.1856901325821
2584581,597.7312272557384
2585582,559.3539113559361
2586583,611.1845276693658
2587584,579.7829162383624
2588585,592.6582671067449
2589586,471.1666644698357
2590587,549.5274978363583
2591588,570.2324477213557
2592589,614.646576585593
2593590,50.73675737442015
2594591,596.6303525183168
2595592,593.3856107008738
2596593,581.1657514376046
2597594,566.162351302008
2598595,304.64419108340337
2599596,601.681920570746
2600597,585.4520904183177
2601598,577.6154176288709
2602599,602.6972085338798
2603600,596.1873888296059
2604601,609.6858514184729
2605602,597.5614892472674
2606603,602.7298727066548
2607604,630.9268809646614
2608605,20.58465889489002
2609606,599.1941980371753
2610607,614.369893695273
2611608,608.5921031373788
2612609,613.4190870066664
2613610,583.6385170946038
2614611,121.95563955784104
2615612,609.125438187386
2616613,639.8947636273854
2617614,610.2859601007327
2618615,546.7465864652359
2619616,625.4362530073543
2620617,590.2013890890065
2621618,605.2598640513927
2622619,577.5353114332248
2623620,590.5633449726641
2624621,610.0703486820103
2625622,616.447385395892
2626623,620.3519772425353
2627624,538.6036453747486
2628625,588.2255760640983
2629626,586.8797450485475
2630627,603.7068821606272
2631628,578.069504116321
2632629,584.1889078155511
2633630,609.1420089387483
2634631,619.2897949125177
2635632,617.4594867800001
2636633,595.784511987349
2637634,539.3535641640349
2638635,606.4970801075709
2639636,615.6233282813969
2640637,609.5925734605955
2641638,485.09947477423435
2642639,602.1181710418913
2643640,282.7576285086806
2644641,604.8818860034457
2645642,260.33888386992584
2646643,612.9124532574639
2647644,610.1206762371252
2648645,635.1073539074439
2649646,625.7353967924911
2650647,614.0335491763208
2651648,627.0442342908404
2652649,593.2211559582919
2653650,596.9653484777539
2654651,587.6775853640736
2655652,580.8881898595965
2656653,581.777364047167
2657654,606.5373922064649
2658655,584.0677658724622
2659656,619.7850144912285
2660657,629.9914588493472
2661658,604.4869237350325
2662659,646.3718306468659
2663660,627.7320141425946
2664661,585.1860329530093
2665662,633.1606079020125
2666663,591.4062813947269
2667664,609.1587138386448
2668665,616.4981001434676
2669666,569.1154594303314
2670667,617.1456299509007
2671668,612.2900950109185
2672669,575.5197138692195
2673670,604.7599915023171
2674671,556.3688381593647
2675672,614.8891332146848
2676673,622.4461917172905
2677674,599.0761442393676
2678675,585.5183121719866
2679676,601.8741120019941
2680677,613.5243178396879
2681678,613.3505427152805
2682679,622.1349269028667
2683680,302.87066316981793
2684681,580.5305692486892
2685682,607.3208657654044
2686683,628.9906478074271
2687684,622.2723704707932
2688685,256.9090972599065
2689686,575.834589770618
2690687,628.6104708742489
2691688,608.6736430761697
2692689,627.7045193747952
2693690,590.173706400802
2694691,619.4499631778467
2695692,632.3466687845389
2696693,593.1253952687289
2697694,602.5830470710418
2698695,589.3329821303599
2699696,569.3063363525454
2700697,607.6659310395229
2701698,640.1432749107213
2702699,574.1627453847071
2703700,607.8632511573863
2704701,636.9749439404095
2705702,610.6742864656086
2706703,628.4652310739299
2707704,609.2411147606817
2708705,585.787873239618
2709706,562.4972168505512
2710707,647.1937903283068
2711708,599.8018916478127
2712709,623.7809740902981
2713710,619.4621665633953
2714711,390.44241038098386
2715712,631.3078471039499
2716713,614.0003739304129
2717714,621.604379457651
2718715,629.8938504283174
2719716,638.5674559627929
2720717,598.7522732171825
2721718,628.0669022717216
2722719,611.6628270573764
2723720,557.8843131569699
2724721,600.1460018962165
2725722,629.488140620006
2726723,627.7997241442012
2727724,640.0272648414709
2728725,619.4699640154045
2729726,625.4364297428666
2730727,563.4728204655444
2731728,606.062394412391
2732729,606.8359335364564
2733730,579.264727403532
2734731,596.4844364752646
2735732,641.8306986027187
2736733,589.9459054490461
2737734,602.3422441843745
2738735,610.4944861400977
2739736,640.7840439170067
2740737,626.1225098666913
2741738,29.30808112982868
2742739,619.9576281793316
2743740,643.76540899736
2744741,600.1931247623103
2745742,628.8461055395311
2746743,607.2606335411858
2747744,610.170377253585
2748745,390.82335123005794
2749746,573.2626774937996
2750747,601.3853020425873
2751748,603.4203283030347
2752749,627.0468438405626
2753750,580.1840835062
2754751,620.115899386624
2755752,613.3778015723987
2756753,604.1596907771643
2757754,594.4360637580601
2758755,624.3161150231233
2759756,597.1963696370459
2760757,599.9518148535158
2761758,612.9407909803375
2762759,610.2195071828045
2763760,610.3630807746961
2764761,620.5732480436917
2765762,630.331384234358
2766763,601.3898502751265
2767764,608.9609149476737
2768765,609.5995487861583
2769766,575.0665291796612
2770767,612.4287172088426
2771768,613.9429898641373
2772769,634.5378315726177
2773770,591.1655935252566
2774771,614.737501646718
2775772,587.6677526838084
2776773,620.3108894316343
2777774,614.6560379106334
2778775,580.5581867794106
2779776,617.1299259974166
2780777,599.7286875371294
2781778,630.5681311567112
2782779,569.9908838216347
2783780,624.2282954994204
2784781,597.6047662954094
2785782,629.4576313205582
2786783,605.9241762563347
2787784,563.250699501744
2788785,607.957990948372
2789786,155.70190331980956
2790787,600.3188604179459
2791788,619.8870337072476
2792789,601.101714260219
2793790,620.8156893507651
2794791,550.6974576814657
2795792,614.5359582136351
2796793,631.1769235436489
2797794,602.2046757444036
2798795,579.3828937049815
2799796,638.5446037086707
2800797,588.6117711249263
2801798,636.3356749575396
2802799,615.0100730838799
2803800,609.2438904734515
2804801,115.80178332114315
2805802,622.781646307205
2806803,583.5307579724904
2807804,639.4027171844947
2808805,609.2674849741169
2809806,620.6031427073216
2810807,651.2628440354035
2811808,619.916569236294
2812809,608.4637234686609
2813810,604.3936595683682
2814811,616.2588160596666
2815812,604.2037991822365
2816813,573.1401156382202
2817814,616.6303121876317
2818815,559.4739723867806
2819816,575.3301515817453
2820817,514.2961281418492
2821818,638.2883321354958
2822819,613.119327495133
2823820,631.4995951933807
2824821,584.203945152175
2825822,639.154912201642
2826823,609.0406985883711
2827824,627.5068323286163
2828825,581.5081029382548
2829826,586.7243082238037
2830827,612.8064028151905
2831828,611.6614427928945
2832829,29.029692715167762
2833830,606.7980320029883
2834831,362.10268360432946
2835832,632.6038016730464
2836833,601.3939298948635
2837834,617.4539951609904
2838835,618.1795006986515
2839836,603.162277799197
2840837,619.7207066308707
2841838,631.1757320502905
2842839,570.0932343422667
2843840,623.2226569081294
2844841,640.4548453201271
2845842,641.0514025235243
2846843,34.73540281574045
2847844,643.1922885079337
2848845,652.1920632662265
2849846,25.17513449702292
2850847,549.5976339669265
2851848,592.7624645054993
2852849,607.4658477506657
2853850,611.5521175297845
2854851,559.5384834191109
2855852,628.2609237928584
2856853,623.2095182411823
2857854,619.3300296562282
2858855,588.2403804029528
2859856,622.0113604265634
2860857,184.49044732716894
2861858,627.1873832411442
2862859,640.5331591438272
2863860,587.3359477168913
2864861,622.1485480396491
2865862,161.8666497442797
2866863,97.8676842624205
2867864,627.8223266602577
2868865,606.8283770637269
2869866,623.0887742404797
2870867,416.3532223196107
2871868,24.706092212573484
2872869,598.3623070581332
2873870,628.5617712344867
2874871,300.5579902800409
2875872,592.3005571816412
2876873,618.9904512931026
2877874,523.7633438089365
2878875,578.6082545848793
2879876,599.3159855537547
2880877,607.0602855975554
2881878,613.567554513584
2882879,427.9255764835281
2883880,617.9937319008114
2884881,541.6679951794616
2885882,240.54941743399965
2886883,561.0141315200734
2887884,635.3550360521491
2888885,581.507673203057
2889886,606.3022505405604
2890887,599.9885277141326
2891888,616.2097965534123
2892889,618.71845413867
2893890,605.6852946446427
2894891,638.7835993597313
2895892,638.1653897034583
2896893,598.064844065961
2897894,34.35805261418798
2898895,629.7575378770118
2899896,623.5788729057991
2900897,613.1289372952729
2901898,619.777007492099
2902899,389.59690415037977
2903900,625.2534764171036
2904901,354.20715678508947
2905902,610.9067542887269
2906903,626.4476753533946
2907904,637.443681286232
2908905,641.2367473490984
2909906,602.0606213587721
2910907,643.583693565571
2911908,610.8905593815008
2912909,607.2133377365533
2913910,580.4336945345892
2914911,620.3768874020498
2915912,325.35088198841515
2916913,609.9614513038857
2917914,633.7647659246221
2918915,635.7429136253993
2919916,635.2201496152064
2920917,428.9424060205808
2921918,637.9953983188625
2922919,627.5220794762212
2923920,631.393302294106
2924921,618.8496841867535
2925922,628.7937185416629
2926923,629.9174389582315
2927924,629.6416444822705
2928925,610.7179186232188
2929926,617.7522588496047
2930927,632.8634611339164
2931928,621.1490935424623
2932929,568.3669874218577
2933930,615.0179397392914
2934931,648.9302163842887
2935932,620.4188402466176
2936933,634.0898078110393
2937934,633.3729052377879
2938935,617.908126661068
2939936,614.9202699074117
2940937,583.2650947832941
2941938,213.8585392123905
2942939,637.2433637654507
2943940,654.6318957223697
2944941,617.9801742830335
2945942,608.0809778831194
2946943,633.2843246824474
2947944,641.4055870412885
2948945,648.8467238372747
2949946,624.1687202612544
2950947,609.2302531585544
2951948,633.8655902944814
2952949,638.5497167533431
2953950,607.6983372733057
2954951,632.9047674379597
2955952,641.387453523673
2956953,652.0632232454269
2957954,639.6713621887959
2958955,630.5510400463369
2959956,595.4441628227462
2960957,152.8604821291379
2961958,608.4157999430388
2962959,628.6181720965907
2963960,603.5479467335094
2964961,563.7879361113525
2965962,624.2759804298892
2966963,647.6432223411707
2967964,462.37342835653374
2968965,613.3388405279487
2969966,625.2554434350802
2970967,638.4601068265634
2971968,654.6888149725731
2972969,622.1358348056883
2973970,616.9751400682202
2974971,636.7585881331873
2975972,614.5220521206584
2976973,562.4078749967721
2977974,621.3873986594178
2978975,626.5615746761348
2979976,610.0711724316469
2980977,654.6721644829271
2981978,621.8581911952456
2982979,642.3551320917826
2983980,629.7252925509305
2984981,575.6807949342344
2985982,644.0702806513326
2986983,578.9488829070452
2987984,643.2913375194441
2988985,622.7787936827772
2989986,598.1225267454001
2990987,649.7683350327864
2991988,636.8892423036235
2992989,650.7072057242427
2993990,600.9253453261989
2994991,608.7637682179134
2995992,633.8703452389697
2996993,602.954704770725
2997994,437.84212283906004
2998995,440.6197272143137
2999996,612.1413461907392
3000997,605.1156942753138
3001998,600.3884070873905
3002999,575.9651416199972
3004000,622.95750935124
3005001,629.5344459032196
3006002,600.9662794852891
3007003,577.0264932423306
3008004,622.636278917426
3009005,619.4546077651305
3010006,619.9992559471431
3011007,628.0162026433854
3012008,640.5747283005793
3013009,649.4978089464379
3014010,599.4457908464981
3015011,651.5787401779189
3016012,625.9020518816379
3017013,600.9948961127234
3018014,631.8447555378726
3019015,632.1340543707541
3020016,653.6603729569949
3021017,628.9192916102589
3022018,604.1889510494204
3023019,600.0164318475022
3024020,620.1623786749503
3025021,610.6350572965454
3026022,633.0475620484281
3027023,625.929115866233
3028024,617.2500494953545
3029025,242.59596722601282
3030026,646.2662346849914
3031027,624.8286082330129
3032028,616.8771403541313
3033029,610.9814406038801
3034030,637.3875102784531
3035031,573.3906509610435
3036032,621.6307328225975
3037033,662.6394259613339
3038034,667.335746493134
3039035,629.491457948493
3040036,610.8033873947079
3041037,597.0124012132034
3042038,602.901541890646
3043039,623.4887358850658
3044040,622.5463675676347
3045041,646.5024259003399
3046042,621.8963057300834
3047043,592.0958680666222
3048044,628.7071582474007
3049045,598.258841453548
3050046,638.6220333817444
3051047,338.13356531467775
3052048,396.8193850357986
3053049,581.3537307189997
3054050,606.8699508209362
3055051,616.4091315294655
3056052,646.9208143959831
3057053,589.2172311278229
3058054,624.3760055467741
3059055,650.6903744177768
3060056,608.0874946332837
3061057,642.8614209706899
3062058,616.1645327918819
3063059,608.8164853992578
3064060,618.8720003710702
3065061,623.7258411059089
3066062,580.0042527648544
3067063,614.8748493668862
3068064,587.1476633808458
3069065,568.974844902359
3070066,596.4037088303421
3071067,627.3079197112031
3072068,631.736878398751
3073069,618.6263795385026
3074070,293.02910079021586
3075071,606.5750886033801
3076072,614.3506160120071
3077073,612.755385376367
3078074,628.7478809265674
3079075,619.1902171199431
3080076,317.31543298253905
3081077,583.179896411715
3082078,612.7619224431942
3083079,644.2013191081859
3084080,530.3522285054144
3085081,298.58607069260574
3086082,594.7567425432883
3087083,628.8058228238053
3088084,603.916929111389
3089085,597.4950088905241
3090086,332.8060341262726
3091087,628.7437034547866
3092088,635.8510431342238
3093089,587.9095168309394
3094090,613.8978597505132
3095091,629.0833806047854
3096092,608.4654210462617
3097093,542.0668737356999
3098094,621.8002302623343
3099095,615.3087782083484
3100096,590.113919455627
3101097,483.96072553894726
3102098,619.80618869055
3103099,614.8765079876689
3104100,611.1141551824627
3105101,573.9199249479735
3106102,591.5193476156276
3107103,624.1636595767405
3108104,590.5504835276598
3109105,316.7818120956586
3110106,604.7601401004114
3111107,609.4980293156361
3112108,626.0108228275337
3113109,194.05440067633037
3114110,619.3654138212746
3115111,522.1645227786566
3116112,624.7953866621857
3117113,610.1937758371857
3118114,603.042414333592
3119115,576.9444960464782
3120116,429.6233017865161
3121117,586.2137439799671
3122118,349.6987750908865
3123119,613.2649050025007
3124120,614.3598688816242
3125121,572.0583820598547
3126122,564.8482605241709
3127123,590.961951806616
3128124,605.6500107920506
3129125,616.5662404086229
3130126,624.7550076909073
3131127,594.3264492383056
3132128,639.1373375068806
3133129,631.4750814289107
3134130,594.5471581393195
3135131,591.6592449794765
3136132,566.5197642438104
3137133,664.9036987362938
3138134,609.0908587413626
3139135,620.92731941678
3140136,622.8667668233065
3141137,605.1587185694907
3142138,616.9819986686596
3143139,257.95687142796214
3144140,142.52208338998608
3145141,574.1014995927592
3146142,606.6193197770931
3147143,592.9670148435943
3148144,597.705506244977
3149145,640.4154968358777
3150146,566.8937671991104
3151147,618.2331062070235
3152148,609.8496088754185
3153149,583.6605668713709
3154150,593.781643947839
3155151,227.24818394813911
3156152,562.6599732548502
3157153,609.456247329169
3158154,620.6836831905838
3159155,594.8153233456177
3160156,600.1990476899925
3161157,582.5280977675636
3162158,650.7342730055194
3163159,619.5264401915053
3164160,621.2652657549419
3165161,602.6123575315103
3166162,600.0122027828829
3167163,621.6006590134598
3168164,591.9884238552187
3169165,611.5755301846225
3170166,618.4708275449162
3171167,603.0954218740986
3172168,146.7341294255906
3173169,626.0563287358187
3174170,632.7144010502168
3175171,194.9888053376437
3176172,634.8828026162461
3177173,583.0921098890559
3178174,593.1126686896273
3179175,617.2341645374642
3180176,615.0422512361623
3181177,630.2302501227907
3182178,604.6384227743189
3183179,586.4879286138766
3184180,641.8918328127153
3185181,621.3338220127482
3186182,580.784900636477
3187183,547.7612617992353
3188184,594.9042526733286
3189185,497.0432227113614
3190186,644.7010986873681
3191187,572.2577618130161
3192188,588.8966172307245
3193189,628.5946384565801
3194190,635.026229202942
3195191,404.1667513740103
3196192,649.5427814523944
3197193,615.6075108854125
3198194,618.4224220266274
3199195,607.3167642910722
3200196,636.7559965371939
3201197,584.5261517241818
3202198,600.6402895063918
3203199,367.30299489586497
3204200,582.2820465134387
3205201,424.5600040836258
3206202,624.5425048597464
3207203,628.7355640328518
3208204,581.5091760622249
3209205,578.4433358701876
3210206,621.8105241220828
3211207,597.997275259328
3212208,630.4670508053516
3213209,611.8897702323882
3214210,631.3663333157701
3215211,348.3644931852613
3216212,646.5416553512055
3217213,651.8681872234981
3218214,575.1012709088941
3219215,620.6610891114108
3220216,662.3024792101074
3221217,639.1631185633283
3222218,635.2499626779121
3223219,640.3083207522589
3224220,629.8860597800522
3225221,598.7086502778824
3226222,624.8757903875938
3227223,597.8763164543727
3228224,653.0997095715745
3229225,640.4697481672114
3230226,613.1373349040979
3231227,626.3717680061377
3232228,617.1800184766568
3233229,649.6567368190097
3234230,620.7106683242703
3235231,618.3813951634379
3236232,636.3280050632976
3237233,624.3023046849044
3238234,630.5244490676781
3239235,614.9808328755091
3240236,645.3112523731088
3241237,216.11512988322295
3242238,620.3801111549219
3243239,609.2184744777998
3244240,607.411470000805
3245241,629.0490386207675
3246242,633.7145130160415
3247243,605.5792976091841
3248244,601.4386948982293
3249245,631.6549388634578
3250246,624.0589829597048
3251247,619.7371690667552
3252248,241.9704130249445
3253249,633.0449991250262
3254250,590.5817828571805
3255251,626.0442739189195
3256252,615.6229527756419
3257253,582.0985908647594
3258254,627.2779396221946
3259255,608.3693651019569
3260256,632.6552737648497
3261257,620.9014623851713
3262258,653.7351187045002
3263259,567.0670381889779
3264260,650.2866746711372
3265261,537.006336342285
3266262,620.0836388636266
3267263,623.965192064461
3268264,641.0942768515517
3269265,634.5484946128809
3270266,603.4669373621009
3271267,630.620474838065
3272268,601.7230959458914
3273269,618.8866851556514
3274270,659.3727509989867
3275271,626.7169496148542
3276272,661.6964886663866
3277273,608.5017252320214
3278274,648.9733078290155
3279275,448.0038681798993
3280276,655.6712819892009
3281277,557.9980957703684
3282278,601.5397605764886
3283279,647.0090276547586
3284280,621.5999728895833
3285281,640.0632587093502
3286282,668.1226423818816
3287283,636.6700475648995
3288284,636.078946042634
3289285,650.6485024196583
3290286,627.7008712872193
3291287,649.2415802322975
3292288,612.5659339437101
3293289,377.16175831031507
3294290,641.9691838451581
3295291,608.9412871167489
3296292,623.8139273984598
3297293,640.5850254313739
3298294,639.1530373657409
3299295,643.0791456185235
3300296,638.240277257358
3301297,614.2412398563196
3302298,670.5902567695097
3303299,656.1684025205178
3304300,594.9051607893366
3305301,496.1102386223511
3306302,625.6648788445632
3307303,623.633718028179
3308304,627.8889969024876
3309305,658.5760957108703
3310306,658.9491601658051
3311307,653.2885266021062
3312308,648.7558449056619
3313309,666.7966721411769
3314310,625.3005586002137
3315311,592.8420755025913
3316312,619.2553728673477
3317313,592.6251735281459
3318314,640.7721045493957
3319315,633.1880434277077
3320316,632.0596825914599
3321317,612.1979994359788
3322318,644.8740385097254
3323319,616.3998567520654
3324320,608.0253212974833
3325321,640.2023695815648
3326322,576.3773987710706
3327323,624.2387002407437
3328324,328.4373342664826
3329325,600.2613220302951
3330326,633.2066091338847
3331327,628.3571403215387
3332328,550.5673800399513
3333329,631.5294309718251
3334330,589.0601387364151
3335331,603.3515120268935
3336332,617.3619808590211
3337333,640.4806191397798
3338334,637.6114179095315
3339335,648.450793175574
3340336,669.7215805488948
3341337,636.3854029540726
3342338,650.1959820157163
3343339,615.1973310415818
3344340,644.5789562494462
3345341,634.6198650028456
3346342,591.5413632069368
3347343,650.8295840411595
3348344,613.942768819362
3349345,619.4685098777645
3350346,653.659527978712
3351347,627.8178344036559
3352348,628.1487956391005
3353349,603.3928513792156
3354350,607.9590706651402
3355351,657.0524186864936
3356352,634.5360255572764
3357353,436.898387654082
3358354,645.1124357783882
3359355,547.8667055570177
3360356,648.6151151057592
3361357,592.1802774211314
3362358,600.0596393649295
3363359,637.2974961382879
3364360,637.3223283702677
3365361,626.3023442565668
3366362,590.195859474098
3367363,231.7353406254141
3368364,602.7791015332588
3369365,636.8467413871298
3370366,646.3440363654928
3371367,634.4510806442667
3372368,425.72781176347644
3373369,640.6401925494675
3374370,643.0424992645126
3375371,644.7795714891969
3376372,648.8091806913984
3377373,573.6056635370243
3378374,596.7586715955587
3379375,566.2464390871525
3380376,604.663813022408
3381377,587.2075265267171
3382378,623.9902050526683
3383379,625.4480944107487
3384380,641.6263706943815
3385381,642.7770762333428
3386382,621.2870205997312
3387383,601.7583278566099
3388384,612.7099471721504
3389385,29.312973622238147
3390386,595.6411965982745
3391387,653.6900994514485
3392388,630.8354974172177
3393389,641.2595235501472
3394390,619.5764334210659
3395391,638.3991272383988
3396392,582.5841450406047
3397393,620.4684338910146
3398394,609.187974081951
3399395,621.9666484488771
3400396,643.3543290428357
3401397,609.6226663016919
3402398,598.1424548616818
3403399,645.2168144778311
3404400,648.2655530306979
3405401,556.631183450716
3406402,627.2995404695296
3407403,625.0781170258063
3408404,639.4572900311691
3409405,642.7823054525777
3410406,624.0207543585074
3411407,650.7230754531927
3412408,656.0289477931191
3413409,653.4166561616433
3414410,640.2470314732361
3415411,649.4256065045385
3416412,625.7042776541597
3417413,623.8610553403868
3418414,617.1297684983604
3419415,631.5402952942242
3420416,626.813051804804
3421417,634.732537853091
3422418,627.5316035560429
3423419,612.7242499743503
3424420,628.7624037872708
3425421,629.3036952843065
3426422,612.8566397106314
3427423,626.9477650576954
3428424,670.9770362480052
3429425,657.426346779334
3430426,14.665164028697138
3431427,640.385382622725
3432428,614.5575661436665
3433429,582.3967305181164
3434430,624.9680859506158
3435431,643.5465930481018
3436432,636.5603146240101
3437433,594.4324241480343
3438434,643.816915545382
3439435,618.8090086959263
3440436,507.56226150957946
3441437,640.2008438172509
3442438,441.5554346186314
3443439,645.0193349428613
3444440,312.9942089414762
3445441,606.7745949442653
3446442,627.3906272536958
3447443,114.86247867511482
3448444,600.563967567587
3449445,591.3658240212062
3450446,576.6063929079603
3451447,657.4562649883889
3452448,618.501873510071
3453449,473.65751831485545
3454450,592.6222429571691
3455451,655.2457190732731
3456452,661.1172631266049
3457453,607.8392888916504
3458454,581.9119569579007
3459455,578.119542643625
3460456,653.3090958812571
3461457,627.6966810882425
3462458,629.3307302167126
3463459,583.9556589706724
3464460,615.3902140293968
3465461,620.7002118645576
3466462,606.3494259148168
3467463,568.1338184589509
3468464,601.0091367522409
3469465,628.525745556153
3470466,668.8687066130824
3471467,562.5682105168033
3472468,658.0139748252675
3473469,623.34423168717
3474470,627.3646227110664
3475471,614.0981091181045
3476472,624.9765953572986
3477473,593.5172221261074
3478474,621.6520811036728
3479475,649.0923366250435
3480476,638.739121481596
3481477,652.2974368876153
3482478,637.9507769091255
3483479,641.7081005606577
3484480,633.4071170237881
3485481,626.8163515735692
3486482,620.37240005263
3487483,388.484298532282
3488484,592.0362130719282
3489485,619.181718905003
3490486,635.4087578774702
3491487,623.891218852758
3492488,339.0567699643339
3493489,622.1124705625654
3494490,226.89789601720736
3495491,623.6637439466698
3496492,649.7197646732923
3497493,622.521711213906
3498494,589.094273174906
3499495,625.9905913763009
3500496,647.7948467188811
3501497,600.6235701081706
3502498,628.8881522275736
3503499,613.086375657561
3504500,586.1274999653411
3505501,644.2410555889422
3506502,609.9813468367505
3507503,619.721412999764
3508504,625.5528643402919
3509505,632.3433040808446
3510506,645.8534793691601
3511507,608.902517607023
3512508,571.3945769880638
3513509,631.8905054972903
3514510,620.1139200090971
3515511,554.2573366314604
3516512,623.4555078116125
3517513,617.0925155087328
3518514,637.8847228562687
3519515,566.6831997985545
3520516,251.87263850902937
3521517,637.4009341169776
3522518,637.1464676561641
3523519,626.8068361566535
3524520,583.7367852851804
3525521,602.7329812353885
3526522,628.9341223995535
3527523,621.3115573891243
3528524,651.5760630892985
3529525,602.4391391155867
3530526,615.8225510269342
3531527,560.9926124696216
3532528,593.2153737891136
3533529,634.1301456423998
3534530,617.804129494401
3535531,653.0497058418231
3536532,571.2264074197556
3537533,629.4641444393365
3538534,637.0204062510002
3539535,644.8531778992959
3540536,574.5726058793051
3541537,562.1703167793767
3542538,573.424860306202
3543539,486.77315884367005
3544540,648.370773910278
3545541,616.6073356562986
3546542,555.7509786320574
3547543,608.0999611865075
3548544,607.498600697022
3549545,670.3670175622188
3550546,619.2337586935962
3551547,612.1755760751556
3552548,654.6005586557313
3553549,646.5749884665066
3554550,641.8977016090922
3555551,615.2243935682499
3556552,617.1777072080512
3557553,632.4971407810915
3558554,623.0150915555747
3559555,619.2804931975468
3560556,588.0303470702439
3561557,603.6341220775225
3562558,515.3742109927505
3563559,635.5819211935707
3564560,611.5856895108695
3565561,608.8197070069324
3566562,652.132699171749
3567563,639.0747513421576
3568564,562.9629578161332
3569565,606.9671390785072
3570566,605.4238685688065
3571567,562.9176636395922
3572568,621.4096051309604
3573569,604.1495514942457
3574570,636.8693394097235
3575571,635.1362456262124
3576572,632.8727853162599
3577573,40.04773124097507
3578574,602.5627140515588
3579575,618.5355236644422
3580576,635.0533915306279
3581577,639.0802019645996
3582578,408.09229746816027
3583579,638.4007061850137
3584580,629.1533772972482
3585581,603.3761238881391
3586582,542.8760883099161
3587583,606.8423575655473
3588584,617.0253624161222
3589585,435.81003133896724
3590586,639.2115845395778
3591587,533.2384334208805
3592588,558.6391029331922
3593589,572.884441415585
3594590,633.9687083901958
3595591,608.2170105897254
3596592,637.454485690824
3597593,604.9507359049054
3598594,668.4347876468013
3599595,598.454325844086
3600596,627.8073626636478
3601597,638.4031490360672
3602598,608.9950227421713
3603599,615.2578957153476
3604600,635.2789032934178
3605601,656.2007332804233
3606602,638.4559662757006
3607603,619.6692561216565
3608604,642.1696685110157
3609605,621.0517765460509
3610606,489.48924748673386
3611607,628.3613192691698
3612608,624.4883246392521
3613609,602.487557647952
3614610,588.5797992585487
3615611,640.6537186854803
3616612,665.012858649189
3617613,554.6395853200281
3618614,615.1283225953941
3619615,632.6273078682868
3620616,622.9431137063248
3621617,637.444494844925
3622618,622.775481793477
3623619,597.8716528771067
3624620,645.5351100269045
3625621,643.9184809123034
3626622,634.9115859636098
3627623,631.4240528280859
3628624,650.7890902538464
3629625,655.6694025294496
3630626,608.0019303386293
3631627,605.7843596215741
3632628,639.814478508638
3633629,649.0037643834655
3634630,642.9381256466293
3635631,630.4175458096552
3636632,536.1892936445962
3637633,639.3203161781632
3638634,579.1461783277451
3639635,641.8132699715675
3640636,22.415028751966258
3641637,38.759854942198764
3642638,600.4712871707877
3643639,555.4403326791899
3644640,613.2955670897244
3645641,618.7283450991117
3646642,606.6846952718678
3647643,633.3849872577076
3648644,215.91038524162443
3649645,626.5072983482661
3650646,631.795973691095
3651647,563.5169110583649
3652648,615.322615936787
3653649,653.6755221058145
3654650,597.5585539255497
3655651,546.21842687486
3656652,635.1465536795174
3657653,642.5730303695808
3658654,619.9300631000556
3659655,624.5207511971839
3660656,549.3680172622608
3661657,603.8699338789253
3662658,603.9357141662334
3663659,643.1473370171802
3664660,637.7752233384458
3665661,608.0071928334697
3666662,653.008026499986
3667663,618.373403063402
3668664,598.6969885396007
3669665,634.782741253712
3670666,646.5826249496286
3671667,636.5167991781404
3672668,636.0700179589988
3673669,344.08551207688095
3674670,274.5690067292581
3675671,438.71756023645446
3676672,639.464512641611
3677673,614.1440561204654
3678674,629.3801925956585
3679675,602.5116720801672
3680676,623.7252683826372
3681677,625.0618839918465
3682678,643.4250926705535
3683679,613.0314521361277
3684680,602.3708275524851
3685681,621.4945461417078
3686682,636.710973443858
3687683,599.2129296213342
3688684,640.894015968403
3689685,633.2065219380509
3690686,620.1250921911906
3691687,634.0607744047029
3692688,633.8147977344975
3693689,623.8679375038959
3694690,468.0104656962756
3695691,640.3362445233294
3696692,430.1388265740068
3697693,577.6002833124998
3698694,623.036774197808
3699695,633.4666991857115
3700696,631.2496344662865
3701697,614.2719426652875
3702698,592.1873594198228
3703699,517.3822877195681
3704700,597.1090032518866
3705701,638.1999222270222
3706702,482.01882189852165
3707703,606.2896776992437
3708704,264.23056469525227
3709705,604.1521457589898
3710706,623.8943147451151
3711707,615.7087119545575
3712708,618.3217890336642
3713709,312.65589012934066
3714710,643.783672038978
3715711,593.343035088624
3716712,492.4466683615508
3717713,618.0782731917951
3718714,630.5865515592714
3719715,628.8728107362194
3720716,632.7906797113781
3721717,649.2941660237453
3722718,486.3313329156043
3723719,582.441919497213
3724720,627.6754400127222
3725721,606.8270586438714
3726722,629.1004585282341
3727723,640.9269986912475
3728724,652.9499783474945
3729725,553.4903541551912
3730726,572.3822333242869
3731727,612.7775522895134
3732728,614.9764491117893
3733729,444.43107775832266
3734730,631.6516292203073
3735731,624.531468041771
3736732,631.6932512642313
3737733,527.7820153508266
3738734,624.6026884127259
3739735,588.2569630576581
3740736,633.0089456171335
3741737,625.9819584900433
3742738,645.4217110500209
3743739,582.5467420327537
3744740,620.2964850055097
3745741,598.4447389993281
3746742,607.376095631047
3747743,322.9330385213442
3748744,641.6530399245385
3749745,594.8507357355218
3750746,628.7372150355931
3751747,622.2307991128484
3752748,618.1592733469026
3753749,617.5511924896598
3754750,630.3583478493424
3755751,636.1301010908023
3756752,616.1447264665804
3757753,582.19968462985
3758754,616.4335043621604
3759755,597.048803736433
3760756,615.7549818208793
3761757,593.0011300470936
3762758,618.9002665557277
3763759,633.1473385014456
3764760,637.5368742958806
3765761,627.7823103117563
3766762,615.6839160230019
3767763,639.2500140640735
3768764,622.3489157701844
3769765,616.844472887846
3770766,541.7374471273737
3771767,597.4558013567956
3772768,553.9078148963952
3773769,623.4660986751022
3774770,404.89709114572213
3775771,29.19207136613697
3776772,31.604997063291158
3777773,621.2958593403728
3778774,622.6686451520419
3779775,586.7807178773483
3780776,593.6447550096896
3781777,125.65411153248472
3782778,639.8164718996309
3783779,24.038988899601055
3784780,623.2928935258776
3785781,654.7116104226886
3786782,634.4187483575851
3787783,563.8034687195097
3788784,632.3860748810795
3789785,642.9042985012733
3790786,615.3777589974882
3791787,645.0377469324605
3792788,596.1272717527194
3793789,637.7685977997963
3794790,643.7967252178352
3795791,655.8674518958454
3796792,625.3763724434505
3797793,561.0731437122894
3798794,634.5103935786112
3799795,642.7027475948688
3800796,635.8861058085376
3801797,619.8101796773481
3802798,627.670714257934
3803799,647.7691855095379
3804800,627.773564259225
3805801,655.679880086843
3806802,584.8552855400646
3807803,645.6223913147699
3808804,624.0730412261694
3809805,616.9545305038272
3810806,645.0937580155296
3811807,518.9151080359695
3812808,635.6934799458922
3813809,603.6555825691864
3814810,603.3194671505706
3815811,615.9968128273337
3816812,496.6652291614634
3817813,610.6545989050155
3818814,587.531967524652
3819815,580.100318089949
3820816,632.4254982839375
3821817,602.2438105516342
3822818,603.7030629991998
3823819,551.9504210215355
3824820,594.1524381698156
3825821,645.4694455062544
3826822,620.3786110737003
3827823,635.0460088545275
3828824,418.0529428224011
3829825,617.1802125631084
3830826,594.2268966902727
3831827,611.997542566549
3832828,611.8963902861411
3833829,582.7709603540629
3834830,614.2193154760478
3835831,604.0666294633382
3836832,633.9102481761998
3837833,642.249896237755
3838834,635.7638346600388
3839835,619.4541438177365
3840836,640.7728159751707
3841837,581.1659096814185
3842838,632.340391026294
3843839,628.6546171378233
3844840,538.9027255200259
3845841,556.448958648542
3846842,657.4719608538848
3847843,655.0659253507438
3848844,614.7819672113168
3849845,622.938920583421
3850846,561.2578588049358
3851847,586.570761611418
3852848,626.6249081793576
3853849,662.2892112992041
3854850,605.6391695441412
3855851,608.3629782248356
3856852,640.3495205713372
3857853,619.728406666147
3858854,66.41226659257738
3859855,14.601635152080275
3860856,642.2418410349239
3861857,633.5706699622477
3862858,595.1236585787108
3863859,631.8984799445398
3864860,624.8604870470936
3865861,642.8774757365832
3866862,637.7914502943142
3867863,629.3952023562426
3868864,643.7641788551108
3869865,621.5524261902372
3870866,604.8720531800076
3871867,342.94396174156685
3872868,659.7560120842879
3873869,625.549480124478
3874870,637.0875462851866
3875871,644.8210363381473
3876872,545.4085950403955
3877873,623.0156497072629
3878874,576.9327010768372
3879875,645.3784407446229
3880876,584.2575063492561
3881877,540.2366660963904
3882878,40.274529075253874
3883879,623.7556298080025
3884880,588.1679356127668
3885881,341.1680001356346
3886882,541.164676396385
3887883,617.1905045170275
3888884,586.9043008416274
3889885,606.8494833585629
3890886,599.6514778489933
3891887,655.6532281362256
3892888,644.71104331028
3893889,634.4944768718858
3894890,640.4880935571002
3895891,647.9150131697177
3896892,593.0193697146764
3897893,620.0969623385624
3898894,604.9855924239625
3899895,642.8502674740572
3900896,664.671286773876
3901897,631.5076948056204
3902898,651.2416402491316
3903899,410.5236347992603
3904900,616.0739440126082
3905901,615.2730355510815
3906902,630.0558024969408
3907903,578.9185316836868
3908904,615.4475976892518
3909905,522.7414794167862
3910906,653.8257866402723
3911907,460.4171794548604
3912908,653.9021643932425
3913909,636.4261408599118
3914910,625.1995605070346
3915911,271.5097138241748
3916912,653.1617621747312
3917913,638.5781050767935
3918914,70.12642849354037
3919915,675.3434193538013
3920916,668.2639890334611
3921917,642.5931434246434
3922918,630.0460496660021
3923919,637.5416796075962
3924920,274.13991233512746
3925921,570.6013949591783
3926922,570.7769443954442
3927923,614.6473816935595
3928924,466.0956015583413
3929925,577.6939952990085
3930926,629.967837800571
3931927,616.4199532385707
3932928,618.2360981490162
3933929,614.0108260542131
3934930,633.3763608631023
3935931,614.7947834577975
3936932,608.6103676191866
3937933,640.5868550429497
3938934,633.8833010335477
3939935,602.0633720956939
3940936,619.8330608741207
3941937,659.6939995736006
3942938,619.3703954932095
3943939,627.1679093589208
3944940,620.4283759865503
3945941,648.4684241826527
3946942,538.5577918239923
3947943,575.1776082013735
3948944,633.9330851759
3949945,626.7812107133336
3950946,652.2354405069008
3951947,593.3547062713461
3952948,634.8295661895505
3953949,651.8148280637782
3954950,645.2677516318589
3955951,643.1253466857736
3956952,607.0398672519335
3957953,614.0101330298925
3958954,610.7820855278832
3959955,102.63938056059554
3960956,617.0784468459657
3961957,644.358158087047
3962958,620.276692368093
3963959,658.0889723617229
3964960,646.6389974292915
3965961,663.6436312308638
3966962,620.0062390024767
3967963,597.6069222430858
3968964,640.9071898639734
3969965,659.7004792060181
3970966,617.4486658336812
3971967,659.4457863249849
3972968,597.2339713181253
3973969,355.1097368135059
3974970,635.2027962285558
3975971,602.7852325305153
3976972,31.313127543155648
3977973,572.0356487034119
3978974,636.038269887291
3979975,598.9272541429236
3980976,630.4268720038727
3981977,640.887521696952
3982978,648.0445246032681
3983979,600.0888220248851
3984980,633.513024534925
3985981,666.9731780997512
3986982,629.5530075352108
3987983,643.3886117334018
3988984,654.181940174841
3989985,645.8001128996839
3990986,645.8854746974271
3991987,634.344577893724
3992988,593.2348899499865
3993989,584.4058704448115
3994990,650.3248729861873
3995991,558.5114955192787
3996992,640.0669813820532
3997993,497.0863061280157
3998994,391.5105823044789
3999995,596.3021951688706
4000996,568.0174957717356
4001997,597.7897875335563
4002998,610.4227924858073
4003999,657.745695139537
4005000,613.2431461053064
4006001,553.6395481345693
4007002,645.3340019210657
4008003,640.0528252855385
4009004,605.9212400355576
4010005,651.7689880144767
4011006,649.4559488325028
4012007,639.2713297411849
4013008,634.0890993491641
4014009,595.4729987805899
4015010,619.398238487619
4016011,649.8534742316762
4017012,649.6960575130684
4018013,591.1204069106584
4019014,640.4023504163025
4020015,580.3354708098668
4021016,658.5547176311777
4022017,608.5176519336242
4023018,632.022804277932
4024019,622.3240876030279
4025020,630.2310878391716
4026021,210.52562831477604
4027022,396.0481891710127
4028023,634.8689997189256
4029024,637.1561665811623
4030025,680.8115767838786
4031026,633.865783648386
4032027,574.4961005237673
4033028,625.959651899269
4034029,645.2214091260954
4035030,632.5873501615051
4036031,607.1823456067604
4037032,598.9223468380089
4038033,106.43599225278615
4039034,637.4968883411461
4040035,588.5693306743332
4041036,669.9695170145997
4042037,618.3218367688615
4043038,630.6083554639963
4044039,402.7588696867351
4045040,477.7513782372819
4046041,626.8518962975935
4047042,629.8517702788298
4048043,643.5705282364665
4049044,656.5303259365517
4050045,641.8349157483511
4051046,658.0659314675685
4052047,267.6308847590652
4053048,83.51221168224072
4054049,562.3102442250189
4055050,603.3491968362089
4056051,427.1339428313353
4057052,649.3694024273183
4058053,660.5295950741292
4059054,615.218828025115
4060055,617.7380932273272
4061056,667.8517767090655
4062057,617.5583649578991
4063058,604.2708669795676
4064059,620.885937100853
4065060,603.9046418369688
4066061,638.9315773497835
4067062,614.9815723686869
4068063,642.5603027698863
4069064,589.6389738547489
4070065,601.162295989198
4071066,635.3069688296945
4072067,612.6616993457117
4073068,576.328536490141
4074069,623.281938419575
4075070,574.5462817673734
4076071,677.3844323564205
4077072,588.476711760051
4078073,652.5296365143337
4079074,616.1429084648778
4080075,617.5537850221754
4081076,58.18922317524495
4082077,389.88362676979807
4083078,412.65211964833713
4084079,598.1630538207766
4085080,569.8325204671074
4086081,605.9564108559467
4087082,628.3600727756391
4088083,608.7924318583059
4089084,632.7120663809023
4090085,607.0301896116441
4091086,463.71611592819363
4092087,623.8613382130801
4093088,568.0580343467163
4094089,601.5187537693264
4095090,664.0126635791263
4096091,642.4618645881853
4097092,610.207346076655
4098093,599.4590015968467
4099094,588.4443012392284
4100095,611.0853065869958
4101096,646.3725187992613
4102097,665.103019147447
4103098,588.5985156475276
4104099,626.0926625009473
4105100,646.8178392072605
4106101,593.1431780751115
4107102,639.3822864978891
4108103,661.8852075830938
4109104,590.8194711808646
4110105,589.3946379256516
4111106,652.1312030862786
4112107,606.5800048800207
4113108,566.6033963207447
4114109,645.4160829459897
4115110,570.3928279430185
4116111,607.929575014534
4117112,610.1124669474543
4118113,635.181812166565
4119114,615.17758597826
4120115,625.4593659918667
4121116,616.1515171854476
4122117,627.2961321695977
4123118,615.3614229886347
4124119,450.55186042330826
4125120,587.7231249427193
4126121,658.885235631562
4127122,615.658274238481
4128123,627.0744784024306
4129124,615.6473316463968
4130125,620.5255379898906
4131126,564.4535330525196
4132127,600.5268808514829
4133128,642.2894406573273
4134129,595.2896785989096
4135130,617.3369142174171
4136131,588.8457241320249
4137132,594.6859273074376
4138133,584.5848210313823
4139134,465.0094225354549
4140135,403.74472780151945
4141136,610.348020635217
4142137,643.0187979908147
4143138,593.1057630303807
4144139,574.2449666770527
4145140,651.6681077104297
4146141,492.1312338771792
4147142,581.7989495567427
4148143,103.3709132858056
4149144,568.5741551010956
4150145,590.389993831738
4151146,645.5125160143364
4152147,604.0146272226405
4153148,622.1959323487365
4154149,622.747611929985
4155150,650.703761404302
4156151,638.7961913645846
4157152,632.8228897692832
4158153,557.9897050345298
4159154,555.1683830267704
4160155,512.8686594622352
4161156,606.1143428463794
4162157,660.2530998538897
4163158,583.765646136846
4164159,637.0297643103188
4165160,415.1611524053624
4166161,602.0943521732606
4167162,613.0884113684305
4168163,623.9506765390236
4169164,605.4240994961585
4170165,595.4257091840462
4171166,602.5580352083055
4172167,462.07108383203865
4173168,601.0832629198256
4174169,680.5924102343856
4175170,626.2974347870959
4176171,553.2048808660475
4177172,644.0387457943777
4178173,592.9931001102757
4179174,627.4625942773811
4180175,614.5217266512826
4181176,673.6873462715538
4182177,653.2378645754615
4183178,576.9089972903816
4184179,654.0463679446366
4185180,620.7752954148901
4186181,637.7150682373481
4187182,636.1953525837598
4188183,630.6048244993636
4189184,646.708638883879
4190185,680.0815421863583
4191186,637.6571467197501
4192187,623.7961858615662
4193188,603.1348972317379
4194189,320.3110055919755
4195190,568.860881745142
4196191,644.8536378102593
4197192,652.7930216962271
4198193,619.3049495023686
4199194,600.7241138360857
4200195,599.4996967009497
4201196,629.8834715496777
4202197,587.5132784367692
4203198,614.1617750681012
4204199,620.6400955522504
4205200,646.1579800048771
4206201,619.8821683679631
4207202,638.8333096843301
4208203,590.2980269825993
4209204,588.6194790619736
4210205,643.0970581642913
4211206,549.0244078847709
4212207,619.8157173718934
4213208,480.2484042379185
4214209,592.7311425766234
4215210,596.027412534702
4216211,59.44565672326396
4217212,573.8786775603843
4218213,655.8001973403332
4219214,648.8211208938454
4220215,613.2942147584636
4221216,645.4225023196017
4222217,395.29540450978755
4223218,627.7871507607173
4224219,610.9363224240485
4225220,647.5514064290091
4226221,637.3427596872376
4227222,601.240750737221
4228223,639.0386613493819
4229224,633.825726506463
4230225,622.6070104859057
4231226,658.2589738909553
4232227,599.9320841694997
4233228,620.1977569892817
4234229,593.0828394441788
4235230,628.4691869808496
4236231,633.8678702134696
4237232,633.5992859232833
4238233,618.4986560428868
4239234,605.4288132747887
4240235,605.9153834510697
4241236,629.4607334898488
4242237,621.4041825118766
4243238,644.562701781276
4244239,560.1718530353423
4245240,650.2004499338155
4246241,583.4031561836968
4247242,654.6562064722432
4248243,627.995453308761
4249244,663.0655816491619
4250245,618.5383596460936
4251246,521.7091462937059
4252247,664.8074764261972
4253248,633.8831896898134
4254249,642.0006692721554
4255250,656.1862005953116
4256251,628.9896524981908
4257252,604.6321858296451
4258253,600.5266266741422
4259254,614.0684226504485
4260255,606.968789465698
4261256,652.7977519340368
4262257,33.661528993418536
4263258,517.8522933073414
4264259,609.3302826479438
4265260,625.4089632207978
4266261,405.65607710047516
4267262,625.0183810342154
4268263,375.71671703369907
4269264,641.9751666495582
4270265,634.6262417588049
4271266,577.3497587264742
4272267,621.2312085736811
4273268,614.7398995605128
4274269,570.2863344599036
4275270,556.201974875519
4276271,610.9538916479859
4277272,627.9156318172949
4278273,666.530563068975
4279274,623.6363653313779
4280275,553.7583366355097
4281276,653.1146255477734
4282277,655.4523599998809
4283278,625.6804968054362
4284279,626.3123452707159
4285280,643.5255963981633
4286281,617.6278963108172
4287282,579.6833385661889
4288283,639.1349523215608
4289284,37.19760752812499
4290285,265.79272367854
4291286,615.6747893383058
4292287,637.2069497421096
4293288,556.3289112018081
4294289,521.5212157985002
4295290,626.9937381404609
4296291,612.8831378338149
4297292,618.8227246422103
4298293,588.8815300652526
4299294,648.2060277005157
4300295,627.8585210631169
4301296,657.6343186124976
4302297,572.3025403886735
4303298,649.9301579531543
4304299,610.5003034790152
4305300,579.8176037469867
4306301,618.3517762953338
4307302,642.1281760603819
4308303,632.9617169364116
4309304,614.3493481328865
4310305,560.2414065375298
4311306,637.8038047217057
4312307,611.3371742271304
4313308,621.7331380049955
4314309,576.2406583221363
4315310,627.7828039601075
4316311,576.17548086609
4317312,597.7786301362192
4318313,643.399698494654
4319314,618.0784291839906
4320315,627.8353243371099
4321316,635.2008200150827
4322317,611.8005300586614
4323318,609.7629239603507
4324319,654.7503438181594
4325320,639.181233579846
4326321,634.7963827773381
4327322,649.2018288698647
4328323,666.068173482896
4329324,599.0428305049135
4330325,639.5906087329336
4331326,628.2671084384995
4332327,638.8090458841841
4333328,607.6408286289394
4334329,618.7002225783184
4335330,632.460984130623
4336331,603.6480376251824
4337332,665.5868463682694
4338333,640.099479427631
4339334,658.7125198843805
4340335,616.4046636820034
4341336,653.0935337533515
4342337,672.8074971878258
4343338,621.5394038341276
4344339,592.399901850519
4345340,364.306166948245
4346341,661.2018339384897
4347342,644.123440963195
4348343,582.5470466886222
4349344,670.2687397099378
4350345,628.497828045669
4351346,673.5287256139093
4352347,632.9242545724956
4353348,618.4373186679416
4354349,638.5887166798356
4355350,645.0657341320849
4356351,652.221771187163
4357352,655.5004241149292
4358353,671.5449888102279
4359354,661.8438448503873
4360355,618.3254959266421
4361356,601.088321596837
4362357,590.3177228890115
4363358,586.3897594788251
4364359,617.7089167553225
4365360,645.2205295869602
4366361,633.3957394163443
4367362,653.7889454078191
4368363,598.8908664376423
4369364,641.3237711110406
4370365,642.2389484717797
4371366,528.3383634946524
4372367,670.0288642780018
4373368,618.3808238244459
4374369,596.168485896254
4375370,491.21857919699005
4376371,638.1990894228559
4377372,633.580863187372
4378373,617.083699229149
4379374,648.9250895148147
4380375,650.1987101352817
4381376,616.953518525027
4382377,381.13004553957586
4383378,501.630754926915
4384379,653.0935639070868
4385380,659.0185094171337
4386381,632.5330497993644
4387382,637.5558560526694
4388383,601.7214095188659
4389384,670.1956753941546
4390385,671.5956039819902
4391386,304.7779243598412
4392387,662.4233741685624
4393388,646.6673564811048
4394389,631.8921033523173
4395390,150.28405159931393
4396391,555.9086154198448
4397392,637.8956617676109
4398393,658.0871644939045
4399394,643.7106008114641
4400395,601.6515143430408
4401396,605.033160794074
4402397,626.1955712949214
4403398,612.3882870493744
4404399,606.2231185611719
4405400,582.0502728914859
4406401,644.1163494875776
4407402,625.6574015773149
4408403,653.40778809198
4409404,406.57003992214476
4410405,648.6927032292232
4411406,606.5173107654208
4412407,672.1132083358112
4413408,664.0144915873923
4414409,599.0696001088996
4415410,630.9377323908665
4416411,595.7895614449044
4417412,644.5136896711115
4418413,629.3130820882182
4419414,600.0954747375091
4420415,605.8620308472296
4421416,636.2709055710176
4422417,646.9646683177057
4423418,646.3312459796749
4424419,633.5828893195703
4425420,646.8192251502506
4426421,611.395668083569
4427422,631.2395834555002
4428423,641.9081862629038
4429424,607.9810141989738
4430425,565.7870540298682
4431426,642.4713849064128
4432427,656.2576007753003
4433428,656.1225086526944
4434429,663.8052892055604
4435430,650.7397050751392
4436431,657.1517875382979
4437432,655.3096507029009
4438433,241.89799253701062
4439434,622.9354460184721
4440435,671.3689035284898
4441436,647.95895126061
4442437,585.513010516441
4443438,678.1480381105957
4444439,578.76073209245
4445440,643.5137104649657
4446441,648.5135700729701
4447442,647.0637957016514
4448443,664.5119774733088
4449444,630.278349464315
4450445,632.7642555618637
4451446,606.0973208497696
4452447,664.3029321525116
4453448,650.7826927477157
4454449,640.9300680072344
4455450,639.1999441255189
4456451,674.755630014509
4457452,656.1518573214901
4458453,668.4711637381156
4459454,602.0512124270032
4460455,671.3831419149222
4461456,703.5799242180078
4462457,661.6238891704133
4463458,683.4766156863706
4464459,657.0973677961844
4465460,669.5055501243961
4466461,622.6525838033166
4467462,649.2421750613389
4468463,613.9941578671305
4469464,637.7836922029825
4470465,661.3216936252825
4471466,617.2735122834129
4472467,653.5048196270827
4473468,585.1962125952857
4474469,654.20730179606
4475470,654.42096187004
4476471,657.6156096468472
4477472,645.8250535206392
4478473,654.2400060760891
4479474,644.5899480729161
4480475,663.8345591430596
4481476,630.2217299268139
4482477,422.3758620870833
4483478,646.9881133873803
4484479,657.4853478572929
4485480,665.2507773007596
4486481,649.4158092979565
4487482,654.8269402892169
4488483,628.9710710268344
4489484,661.9201947827911
4490485,638.9691044702172
4491486,657.3635584933269
4492487,642.6589135766244
4493488,615.7671813722442
4494489,647.9405584984867
4495490,651.521333291451
4496491,648.1879427733463
4497492,639.7835311766762
4498493,633.5160583839345
4499494,638.440655961683
4500495,651.3942841205513
4501496,674.1167216034711
4502497,653.9556225463131
4503498,549.2881636729809
4504499,583.6971626695113
4505500,652.1613715432857
4506501,626.8113252967937
4507502,644.7171833099025
4508503,669.7439198420268
4509504,625.5361061454565
4510505,648.3142587065515
4511506,579.2498184313102
4512507,635.861586953281
4513508,654.3364145138002
4514509,618.4619912464315
4515510,641.0568730290878
4516511,652.8710084446045
4517512,614.0250701510552
4518513,662.5207240967537
4519514,662.2224113420252
4520515,609.4021095981676
4521516,675.5734346331847
4522517,630.2357426696209
4523518,643.5632777918862
4524519,674.4846602198112
4525520,656.6976275836577
4526521,582.6518809577036
4527522,653.3818956363025
4528523,629.9086330271542
4529524,673.8328616573276
4530525,617.4899748001079
4531526,622.4789066167405
4532527,566.8420190848406
4533528,124.23640606442278
4534529,629.4128859472548
4535530,645.0853961490744
4536531,630.3605181984077
4537532,627.6132056792142
4538533,642.011621372447
4539534,608.7789250383425
4540535,585.5044399580962
4541536,626.2475619613342
4542537,624.7301144347033
4543538,641.4220527488296
4544539,660.035943265076
4545540,583.6040164962368
4546541,584.6756888710669
4547542,618.9521212632793
4548543,622.016503827797
4549544,639.993187605042
4550545,28.84873173871085
4551546,662.6624415115444
4552547,639.2441549546479
4553548,36.390400065552406
4554549,541.6941824381785
4555550,652.5413094221934
4556551,649.4073511113719
4557552,676.7082852988887
4558553,658.8507924582558
4559554,28.062608808826166
4560555,650.0409261264319
4561556,652.7526384781797
4562557,669.4224025880773
4563558,634.5456252719897
4564559,663.5319374846397
4565560,627.818339281811
4566561,653.9570876473189
4567562,596.5327883662958
4568563,624.2597038025903
4569564,546.1445492369528
4570565,611.0094725162398
4571566,638.0123911264617
4572567,565.3513374963818
4573568,626.5867444103328
4574569,642.1354515347657
4575570,296.51412798736044
4576571,656.8350064203728
4577572,630.0324016542146
4578573,650.525755946098
4579574,634.4817408326531
4580575,627.2523104888058
4581576,652.5780131247594
4582577,619.7682773959181
4583578,650.5578993308881
4584579,632.3778456727126
4585580,661.8575352974462
4586581,632.485898201342
4587582,615.6418984330062
4588583,645.0041589406738
4589584,657.8198081050336
4590585,649.8777112672998
4591586,623.7447778994286
4592587,635.9043876883711
4593588,658.3816725564938
4594589,501.27058111217985
4595590,662.0065172733747
4596591,663.5251029339403
4597592,645.6135531301818
4598593,644.8405331534995
4599594,611.4861925484742
4600595,633.5521092538123
4601596,671.2925940354882
4602597,676.4314020302104
4603598,620.8193371635298
4604599,644.5371318527951
4605600,651.6513825477488
4606601,666.5190923215629
4607602,657.8465304030292
4608603,611.7740159732613
4609604,661.9472257495177
4610605,640.4178363417841
4611606,642.5338772654727
4612607,642.7407680951716
4613608,645.3578854976963
4614609,644.6404293461654
4615610,659.7075141227884
4616611,521.5990040905521
4617612,339.85052097014506
4618613,643.6238560473972
4619614,641.4754862729151
4620615,278.99814373736893
4621616,624.6446823335198
4622617,625.0916990061298
4623618,652.3787470133007
4624619,638.0212604079217
4625620,643.3051849024249
4626621,374.2003546298043
4627622,615.3630443910001
4628623,632.3517029293934
4629624,581.4555016917373
4630625,625.6169577696202
4631626,646.2983374915148
4632627,639.0358471368987
4633628,674.7874209172785
4634629,504.0903295411841
4635630,635.7970400050764
4636631,627.4316387576009
4637632,664.9577621038735
4638633,653.9219951565887
4639634,632.1994848375174
4640635,658.6275292971075
4641636,557.7833430426733
4642637,687.7811426997988
4643638,649.5729853330855
4644639,657.6330948983403
4645640,607.2928435645941
4646641,621.7843052281352
4647642,143.52769374949497
4648643,639.4404729062319
4649644,590.6707774773498
4650645,658.2690867831861
4651646,609.3915313045479
4652647,344.1079474234308
4653648,578.0897171178743
4654649,618.4097307119424
4655650,640.9669443132711
4656651,661.739998179043
4657652,648.6973580599756
4658653,646.4615341802593
4659654,498.47689165659466
4660655,589.2195665876636
4661656,669.0920907917242
4662657,651.9028803027643
4663658,658.9847886703018
4664659,602.6225142603023
4665660,638.2493074125194
4666661,653.9016932175625
4667662,643.3582840895747
4668663,622.9680265011859
4669664,642.0570346944604
4670665,637.9082110641571
4671666,603.0968332979078
4672667,633.4176907614515
4673668,645.4739045397602
4674669,635.202043672291
4675670,617.8860632399864
4676671,672.8735817507182
4677672,663.7917527107695
4678673,679.5840679468455
4679674,649.2020422952289
4680675,659.9603323513653
4681676,644.5154880687331
4682677,624.4540175160935
4683678,658.094544465924
4684679,641.8573662635479
4685680,614.8454032241584
4686681,655.9342909175757
4687682,658.510052721599
4688683,590.3332208354105
4689684,628.7957450895201
4690685,651.5362821176466
4691686,670.9356451096264
4692687,635.933479221388
4693688,626.7679845831931
4694689,368.3259203068539
4695690,625.0854073701863
4696691,605.438731654074
4697692,659.273394777362
4698693,646.9675512318088
4699694,597.0867665355535
4700695,595.4213547141177
4701696,670.0585340496802
4702697,648.5169013389044
4703698,648.3296491723505
4704699,577.1623697309786
4705700,596.0943581484082
4706701,640.9056829294841
4707702,591.3666972359131
4708703,651.4013076414575
4709704,646.2440462221725
4710705,573.9555037363355
4711706,558.8523881153509
4712707,650.6347908391915
4713708,655.4458841799798
4714709,613.1714476124012
4715710,669.6036828024736
4716711,579.685345723932
4717712,623.1208525110686
4718713,631.362821680485
4719714,645.6382021379376
4720715,626.7876039134024
4721716,632.9065252000693
4722717,616.9906784876968
4723718,592.7325734578111
4724719,652.2548569356587
4725720,591.9160391829124
4726721,618.0412580526756
4727722,646.4100892164536
4728723,568.4532624073382
4729724,634.8520201017427
4730725,653.5217708224083
4731726,660.9090145524312
4732727,605.2903623151504
4733728,670.9561832605556
4734729,655.1741501633182
4735730,648.3873117951605
4736731,350.8630751220111
4737732,656.6300138802114
4738733,311.55647517350343
4739734,658.3082159343369
4740735,661.37663296019
4741736,660.2036615535527
4742737,575.7734492287237
4743738,218.01393643017406
4744739,678.7933397275634
4745740,634.0577538885665
4746741,609.2636566352022
4747742,660.935022665356
4748743,662.6759286768389
4749744,647.1801540518977
4750745,602.998924604208
4751746,653.3508114395368
4752747,615.3798387473032
4753748,32.69424822519156
4754749,633.5708006089361
4755750,639.2714001828097
4756751,630.024269864728
4757752,643.0354292515323
4758753,677.5548177082276
4759754,402.43939298594904
4760755,590.4885053971046
4761756,680.2563169919717
4762757,658.7957675461073
4763758,629.0091177384937
4764759,640.3839653769749
4765760,656.5451479711787
4766761,604.6847922052016
4767762,651.672100438675
4768763,667.8508948126747
4769764,72.98152168239557
4770765,681.6844476707795
4771766,631.2762219736377
4772767,650.1414176067188
4773768,563.1239306834464
4774769,664.0751716007402
4775770,644.898806418402
4776771,666.2558767939089
4777772,658.8593402520305
4778773,655.5705614430192
4779774,646.0208652014899
4780775,665.6607041084752
4781776,610.5119401180517
4782777,630.8580534294372
4783778,36.44622769151476
4784779,637.3078141420336
4785780,653.8272860598049
4786781,674.0562860775887
4787782,667.4058413992038
4788783,660.6533685053475
4789784,654.5256787522471
4790785,644.7484376005248
4791786,661.1426205800105
4792787,650.0721681338019
4793788,659.959391017296
4794789,660.0621553507442
4795790,633.9563473466696
4796791,669.4971095366564
4797792,598.847558934036
4798793,650.8444439902494
4799794,677.4845885183328
4800795,647.8193163234941
4801796,629.669201202134
4802797,672.4113283894617
4803798,617.2822227820368
4804799,74.23611532543437
4805800,677.584918787686
4806801,671.1989160529142
4807802,655.8684804908991
4808803,635.02936530718
4809804,679.7544363959737
4810805,196.4357300656247
4811806,684.2698062023429
4812807,649.5275613115962
4813808,625.5480700815722
4814809,640.2871694248813
4815810,647.5240871968654
4816811,647.130064100693
4817812,635.2779886209071
4818813,648.6057478624435
4819814,670.8845810370171
4820815,671.2147366493047
4821816,668.8047763661582
4822817,643.8182311554017
4823818,611.256820848181
4824819,668.37189349348
4825820,657.8568715660199
4826821,624.2283184780352
4827822,638.3892801763874
4828823,657.7179729260698
4829824,636.6294797542472
4830825,479.9215662598398
4831826,34.12539982103299
4832827,706.2636286862127
4833828,591.0929073586548
4834829,672.9343553789405
4835830,595.0188035191702
4836831,664.6999843226521
4837832,636.8017503735487
4838833,694.5778882950035
4839834,670.4998211455699
4840835,631.3973087282629
4841836,642.7565601056547
4842837,560.9029966925902
4843838,598.9090122817984
4844839,612.9968586180322
4845840,607.7040700715495
4846841,644.6140106136921
4847842,579.1783706589213
4848843,571.3586243063864
4849844,387.0723064921355
4850845,307.7344620346947
4851846,632.3936621752138
4852847,595.2462748462334
4853848,680.1610675218735
4854849,695.3426391029114
4855850,572.5786465452913
4856851,677.1252355344338
4857852,669.9132475895985
4858853,643.9882629521993
4859854,630.149164683555
4860855,674.5991827294123
4861856,645.367033400642
4862857,676.8874609036197
4863858,700.3965819062468
4864859,658.4798705419806
4865860,661.2109640848552
4866861,449.52336187489476
4867862,312.24939604660034
4868863,672.2555520201856
4869864,674.2649487907797
4870865,636.2390637296613
4871866,685.7136176269497
4872867,655.8790501917001
4873868,705.9111207728795
4874869,688.3732965328081
4875870,659.5862034388206
4876871,633.6220499876307
4877872,653.2975371648879
4878873,658.4247533979326
4879874,616.2011743365309
4880875,628.3470038802592
4881876,678.6720515051743
4882877,469.4117412621919
4883878,674.1559818188196
4884879,676.9363879489268
4885880,687.4946222556999
4886881,679.6687617533405
4887882,649.6665647562169
4888883,648.9388674600061
4889884,661.0055155080765
4890885,687.3437079772117
4891886,635.9024923026748
4892887,374.14917688398504
4893888,520.9065518339564
4894889,683.1788421601334
4895890,666.5307726294866
4896891,666.9686236447304
4897892,651.4590029258392
4898893,383.973397248404
4899894,654.780047876743
4900895,659.1958135297765
4901896,666.3222515010325
4902897,645.8563596436953
4903898,670.7625243155122
4904899,219.79213205459135
4905900,214.3826934258096
4906901,680.2176888889463
4907902,645.9846026831682
4908903,354.70404844565
4909904,697.4015482963334
4910905,639.0542099905618
4911906,649.4789130695042
4912907,607.238160330039
4913908,384.050237202753
4914909,690.363509886751
4915910,700.7712421185249
4916911,695.6021765172201
4917912,679.6861759584714
4918913,672.1490013791911
4919914,670.195539379782
4920915,584.1702226237069
4921916,679.8208211310416
4922917,653.3982490472983
4923918,656.7204415246149
4924919,688.3673239388362
4925920,646.5788518550754
4926921,668.3059238926824
4927922,676.2625126444777
4928923,649.1107417060026
4929924,695.4563014256672
4930925,643.2208475534408
4931926,592.7584423192579
4932927,642.4722370141318
4933928,591.4924031085153
4934929,623.0502338436258
4935930,677.4901405688402
4936931,658.9153187915598
4937932,666.2780472663435
4938933,647.6702101469127
4939934,615.912416828853
4940935,658.8798456809562
4941936,663.0125481427003
4942937,655.7110552923053
4943938,668.2248850553325
4944939,679.5412996008862
4945940,675.3289707916261
4946941,555.2554264823485
4947942,686.3562037501912
4948943,650.1128650361151
4949944,686.8166245380218
4950945,647.3992430636906
4951946,648.0565756745782
4952947,661.1062676005816
4953948,642.1638110285162
4954949,663.8076826078602
4955950,639.649777573333
4956951,454.79633328137913
4957952,655.0403038945756
4958953,645.8543658169033
4959954,399.70627794698504
4960955,641.2858206698688
4961956,265.1068326008917
4962957,630.3730890441303
4963958,665.6801807478902
4964959,653.1355566868059
4965960,665.8802804022796
4966961,646.8248621393902
4967962,674.3636152869558
4968963,651.7857255168457
4969964,672.6979274197563
4970965,646.9334846842388
4971966,548.2889307037126
4972967,688.5618819686579
4973968,674.858509771034
4974969,642.8121712421234
4975970,680.1373685456025
4976971,668.658049670395
4977972,664.6804595960368
4978973,671.547114441599
4979974,689.5749271526348
4980975,541.0503529102011
4981976,669.2952771710895
4982977,665.2811332351279
4983978,569.5520993011817
4984979,627.2595433926633
4985980,690.286017034664
4986981,672.3904308753139
4987982,671.0029081781643
4988983,641.8303866848803
4989984,649.3515944368079
4990985,669.0994058863106
4991986,706.900508410418
4992987,677.3150124901318
4993988,669.9244577084335
4994989,681.086639669724
4995990,690.8864820577123
4996991,597.7934634422675
4997992,464.01603546443874
4998993,678.5243145262938
4999994,641.1320715715636
5000995,684.6894613747397
5001996,649.9769486044064
5002997,686.0813875581865
5003998,638.7428227210074
5004999,641.5456859231983
5006000,535.6340143381533
5007001,588.0589555219091
5008002,520.0484227154406
5009003,690.7914817243249
5010004,664.8721996226111
5011005,708.2734281784028
5012006,636.1797885791519
5013007,639.630665338498
5014008,646.219759553844
5015009,447.22687701377157
5016010,632.117955819816
5017011,692.5090019925373
5018012,693.7165696522824
5019013,605.2319597434158
5020014,663.202246591181
5021015,657.5958794830522
5022016,665.0003581339204
5023017,337.5212741512513
5024018,652.00274870154
5025019,645.5606511213192
5026020,640.5864400798179
5027021,664.9946259621644
5028022,675.4102798248495
5029023,640.625401622606
5030024,649.7462189373172
5031025,614.1002627118727
5032026,632.060160261594
5033027,637.10016648912
5034028,686.2080887587628
5035029,670.3304217826753
5036030,693.3629837127386
5037031,677.2253736145213
5038032,693.7496974813574
5039033,607.5692807231446
5040034,661.6264184514649
5041035,706.9755489558015
5042036,652.4223049212262
5043037,638.0282316449017
5044038,666.0124570587848
5045039,631.6757757105745
5046040,668.1009731918551
5047041,678.1291973731843
5048042,700.2475141675047
5049043,680.4779507116832
5050044,297.43821884081103
5051045,622.39425848961
5052046,608.1101863634352
5053047,658.6564469104426
5054048,660.4540189296926
5055049,690.1262058296518
5056050,686.7503335643623
5057051,644.0071617474599
5058052,669.8065152987795
5059053,656.3407753151498
5060054,627.6156741876601
5061055,676.0072287981665
5062056,643.5599847099452
5063057,655.9522914471581
5064058,683.420788609156
5065059,668.5614230747791
5066060,673.7245066577303
5067061,627.3894976107875
5068062,640.1124157324665
5069063,690.1811273937484
5070064,652.0222572778101
5071065,660.8055249115907
5072066,518.168384230634
5073067,553.3595342808032
5074068,667.4082914039211
5075069,668.6710438288553
5076070,673.940058357496
5077071,345.73670357030403
5078072,611.7555177544903
5079073,682.2636696885343
5080074,686.2243680567844
5081075,671.8436888689613
5082076,653.3241890303964
5083077,665.1303816556608
5084078,687.6005014430335
5085079,649.4111128875284
5086080,682.7733630499232
5087081,663.4617669063186
5088082,492.25263697520086
5089083,650.1080259994455
5090084,669.3401298214076
5091085,668.3522221524435
5092086,672.9758709362017
5093087,691.7607925991824
5094088,683.9605723599343
5095089,696.0290555200143
5096090,574.9292366595489
5097091,625.9640696399927
5098092,674.7242566006053
5099093,694.5917024090002
5100094,433.5958118342528
5101095,677.9286974283605
5102096,691.4200918969807
5103097,638.3506739726027
5104098,318.0832829665119
5105099,684.0669851775168
5106100,255.8169489807434
5107101,695.541768204825
5108102,521.4656206337107
5109103,656.9914290063839
5110104,661.0832842775866
5111105,659.3324200241201
5112106,631.4055672533713
5113107,561.2107848418269
5114108,628.8409724857112
5115109,691.7596361531682
5116110,663.7027111815974
5117111,679.0185550311874
5118112,665.3859368975458
5119113,693.9015496464518
5120114,660.8579814846996
5121115,261.4346869316378
5122116,688.9986105214263
5123117,663.6554183237423
5124118,674.3703457290698
5125119,691.0496842554636
5126120,682.3641763231064
5127121,592.4947705240758
5128122,680.946160785539
5129123,311.0500927404159
5130124,705.0281856665283
5131125,662.3066969306768
5132126,673.766648023581
5133127,630.6215111270516
5134128,670.208576642333
5135129,673.4852105620635
5136130,671.4366680611165
5137131,645.7746806051923
5138132,635.2471540029322
5139133,634.7174836751592
5140134,603.461878737004
5141135,696.0433666245755
5142136,674.796094818623
5143137,659.8307292594529
5144138,681.4152795119119
5145139,632.1609059853758
5146140,668.8409493366747
5147141,697.1095276216588
5148142,559.3081685072154
5149143,684.2840912482873
5150144,666.2559042120757
5151145,672.4753542565385
5152146,632.4070116616621
5153147,656.0896865811769
5154148,650.795478723572
5155149,643.5215129240867
5156150,650.8033490205975
5157151,634.815667993495
5158152,714.2813439592993
5159153,690.6200727643928
5160154,687.5873419812517
5161155,666.7489977861246
5162156,671.3313789469075
5163157,682.8183251682676
5164158,689.8970988530876
5165159,607.4890253241867
5166160,680.8581949370599
5167161,657.6346697771547
5168162,668.3669447514612
5169163,444.19372866340717
5170164,617.9821602466203
5171165,669.5460278299421
5172166,626.1395837266906
5173167,585.1394747847442
5174168,595.6604942173566
5175169,686.6367582860534
5176170,560.3692519143281
5177171,677.3288126948264
5178172,638.1995145254311
5179173,678.0801239715788
5180174,640.4771892736838
5181175,672.3698614667526
5182176,664.1802030662202
5183177,671.5297445593387
5184178,673.5422869880051
5185179,682.5697083654164
5186180,678.1242788109071
5187181,676.7806893911529
5188182,625.6137012232196
5189183,656.712450138912
5190184,654.8055279340515
5191185,584.9341413429644
5192186,683.5732792722828
5193187,695.0911683550161
5194188,684.7745439027703
5195189,687.0327720635548
5196190,682.6949273483776
5197191,657.90203034122
5198192,623.6724499282855
5199193,667.5745587749428
5200194,673.485751808477
5201195,604.6496176444541
5202196,670.5365023208874
5203197,705.0914783153228
5204198,653.0188614597203
5205199,624.9581301372396
5206200,674.6159376091679
5207201,665.4192830604349
5208202,707.7565236594737
5209203,646.9769565542633
5210204,677.2679254830991
5211205,637.4963482451185
5212206,704.2752172440313
5213207,400.1105034491002
5214208,678.175545633622
5215209,679.1056821359365
5216210,680.2093557769226
5217211,654.6039700818503
5218212,196.0145941706319
5219213,674.6059043800135
5220214,341.78573046101064
5221215,702.8381941598151
5222216,173.6155503420467
5223217,710.7069823070962
5224218,587.1123800404054
5225219,597.7764497156057
5226220,681.0939620079774
5227221,701.4304781007953
5228222,663.3186699472618
5229223,286.33625237088336
5230224,666.5988690340142
5231225,609.2474087674923
5232226,701.7092796528224
5233227,678.4193419451461
5234228,669.6765237158548
5235229,672.5125667753088
5236230,648.3228343915555
5237231,586.167586555596
5238232,646.4272924395551
5239233,544.7289549387888
5240234,660.9457211265598
5241235,706.4143349018241
5242236,586.1075332031876
5243237,674.473624603252
5244238,687.0797010749966
5245239,37.56353344202294
5246240,687.8787385089302
5247241,695.4253958281097
5248242,593.8963819141833
5249243,611.1719335756611
5250244,620.7455878648691
5251245,680.6751496765618
5252246,76.94576977848608
5253247,636.8080792107653
5254248,675.9349795813732
5255249,702.3847703141096
5256250,680.3244709497732
5257251,274.0159831091585
5258252,660.2439621699955
5259253,505.15368932900833
5260254,690.3820633592187
5261255,679.8430215696085
5262256,660.4413103573406
5263257,456.50694707842877
5264258,648.8182558149539
5265259,630.2176001880532
5266260,682.0900381883091
5267261,651.433986939719
5268262,700.6815462456649
5269263,525.3741446591476
5270264,691.7013177941968
5271265,618.5161531620698
5272266,695.7659809181949
5273267,643.7282735715012
5274268,242.1460769488909
5275269,665.0640803470249
5276270,684.0843626559589
5277271,655.0157347939871
5278272,281.1193846859226
5279273,618.7423641042158
5280274,691.1052762673903
5281275,680.1969997657905
5282276,611.1932519254282
5283277,670.8193168805423
5284278,678.4418798645972
5285279,685.036264684432
5286280,673.8022844892278
5287281,675.4171511010044
5288282,667.0191783839956
5289283,649.6227601558394
5290284,684.3564284898846
5291285,680.5788788617042
5292286,648.880318435994
5293287,629.0121423173548
5294288,668.3707029165827
5295289,685.7932849650464
5296290,640.4054380287399
5297291,697.2741366568791
5298292,664.6852777605694
5299293,720.2591994362276
5300294,680.5302419309818
5301295,697.4251758075529
5302296,652.3152690491822
5303297,698.0065395760415
5304298,706.9847288762875
5305299,667.2173859042525
5306300,676.4310752421917
5307301,649.397683770052
5308302,661.5869817465701
5309303,661.8422722857912
5310304,710.1601960966241
5311305,692.5826312633051
5312306,661.8287030193217
5313307,691.2190181696789
5314308,702.1792961486326
5315309,669.9122299897133
5316310,643.5498747327894
5317311,694.0167687164815
5318312,685.6004157372108
5319313,658.7138783656928
5320314,659.9907489460365
5321315,669.7941235027707
5322316,692.0178207016736
5323317,637.6929383425211
5324318,670.4909431371113
5325319,701.1189169615642
5326320,691.917999146982
5327321,670.2736292306885
5328322,680.9637072651752
5329323,692.5043956570723
5330324,680.9609027921697
5331325,227.0182234605863
5332326,186.32592964805056
5333327,603.5725183041326
5334328,677.0689023810875
5335329,692.2890298160247
5336330,365.2630895024599
5337331,691.6656661365543
5338332,559.7838816880895
5339333,481.56490865588216
5340334,643.015938907772
5341335,663.9118286002695
5342336,671.4911900669401
5343337,562.3478294297361
5344338,586.9293087136163
5345339,676.0241711630835
5346340,217.74790205998676
5347341,683.2163210481588
5348342,683.8138074400786
5349343,311.3465623251778
5350344,651.4820719080421
5351345,674.2487086816024
5352346,437.82968151324906
5353347,692.4624969742933
5354348,696.4449319001327
5355349,693.7539340628535
5356350,666.7264866907647
5357351,570.0692545675414
5358352,684.4223477995926
5359353,595.7926397738516
5360354,694.5310932792497
5361355,654.6216580719962
5362356,715.2972721761795
5363357,663.6944762364915
5364358,38.673152513906686
5365359,711.6719757771926
5366360,690.6605235123427
5367361,661.7142114801281
5368362,440.06450978792367
5369363,685.884880120978
5370364,599.8528752803005
5371365,608.4518044871937
5372366,680.6248812394417
5373367,667.9464086713756
5374368,606.3563780874433
5375369,671.1514178998822
5376370,688.416125942263
5377371,688.9269327371558
5378372,696.3539229065323
5379373,676.9813846302292
5380374,581.3901422779816
5381375,673.5024452413074
5382376,683.7234376027131
5383377,721.337132248107
5384378,434.9031980013697
5385379,704.1747537629461
5386380,695.5351865692318
5387381,623.2464460033655
5388382,691.3598774396822
5389383,646.5478410642468
5390384,697.7452600486495
5391385,730.0753206612217
5392386,649.9753340946698
5393387,309.448650302726
5394388,701.9940468047108
5395389,687.7798403881405
5396390,606.8649907612984
5397391,273.5765540959497
5398392,570.8936680774626
5399393,670.9947177833768
5400394,595.6619845157976
5401395,254.33144161169727
5402396,739.1374513184493
5403397,666.7226097854619
5404398,659.2503124550777
5405399,683.7804692695179
5406400,690.0847500248074
5407401,693.9122633649732
5408402,708.9796928019468
5409403,664.6258964360418
5410404,673.7836036401751
5411405,697.2053451076832
5412406,713.1026885355705
5413407,678.7470925552396
5414408,633.7270136203006
5415409,689.4564056115385
5416410,675.7251629753623
5417411,412.5957927014804
5418412,621.7197321622756
5419413,639.2237029322798
5420414,266.2016740431353
5421415,683.1186597123267
5422416,643.3113078101791
5423417,388.4567109019089
5424418,685.6771312048276
5425419,675.5070044053595
5426420,611.3593160240946
5427421,682.3962579157193
5428422,380.5851828966116
5429423,407.95559677005417
5430424,632.9843587523909
5431425,652.8918117770634
5432426,638.1579840717047
5433427,662.416724342843
5434428,667.7696182943528
5435429,726.9023410708407
5436430,695.6216615097298
5437431,683.0083470473807
5438432,626.304720332947
5439433,680.2618598538033
5440434,686.6332136389162
5441435,693.8218734758557
5442436,640.0094758705817
5443437,573.5718553473873
5444438,682.5633130919495
5445439,670.8460539302667
5446440,692.8526624463318
5447441,563.8550151220585
5448442,671.6536374311296
5449443,687.7518842512774
5450444,680.3210714829734
5451445,645.7183250059961
5452446,665.9125132797287
5453447,702.0037300572961
5454448,654.8311068007931
5455449,673.5309791861088
5456450,623.4302967827389
5457451,651.6248017078907
5458452,716.8992710978717
5459453,662.6222471503821
5460454,277.66498229366965
5461455,643.8417026964964
5462456,331.4373817893565
5463457,682.0451704544313
5464458,685.9484235409013
5465459,653.0231826235164
5466460,318.86696930936563
5467461,684.7785766955733
5468462,280.9981782891932
5469463,675.6134716729584
5470464,660.1066472488759
5471465,704.8166786724744
5472466,654.5879952108226
5473467,693.1561619289009
5474468,700.1195044770567
5475469,666.541453260183
5476470,636.9151803368009
5477471,713.4961426589199
5478472,649.0338144375078
5479473,623.0190660191447
5480474,703.9369693430091
5481475,684.9704383806477
5482476,691.9529958221436
5483477,620.6880825157622
5484478,313.9971424241836
5485479,690.7509547522139
5486480,698.9092497953401
5487481,677.5289366712936
5488482,715.2888394995256
5489483,710.3059783021711
5490484,695.2694871152192
5491485,687.855787170501
5492486,686.999805352091
5493487,677.095739602828
5494488,687.1532345245795
5495489,714.9677902260208
5496490,568.5978889608516
5497491,688.3509893750078
5498492,675.7965518588619
5499493,656.4782806426217
5500494,661.9328733978765
5501495,688.1752712947697
5502496,685.2120379468771
5503497,671.2090414342541
5504498,690.132358145738
5505499,664.4984722471069
5506500,655.4385682190444
5507501,696.3622948336424
5508502,633.2870091594327
5509503,704.8171298503108
5510504,687.679902170832
5511505,698.8000569291465
5512506,681.0208949162356
5513507,740.8276035795758
5514508,602.2097369402396
5515509,606.8329548626649
5516510,700.4132343186475
5517511,638.2502209881986
5518512,663.0859309066856
5519513,33.39397450178849
5520514,653.3176396599947
5521515,689.1660162960177
5522516,691.0156194031208
5523517,700.9248515537964
5524518,659.0487103710284
5525519,656.1178232494448
5526520,703.6986671225934
5527521,632.3577935216961
5528522,694.4502601565167
5529523,687.7643820433258
5530524,695.1794636840788
5531525,696.406387176847
5532526,696.2322184617495
5533527,664.2735984969462
5534528,694.3273534530458
5535529,693.6235005337516
5536530,709.633049646644
5537531,609.3521901861814
5538532,254.0760312631706
5539533,653.0167131896549
5540534,672.3142052452873
5541535,717.5670862281872
5542536,568.0298236386644
5543537,645.1055267254928
5544538,653.3553836862084
5545539,680.848649315139
5546540,702.936718852112
5547541,698.0063769410267
5548542,692.2171519346955
5549543,687.7830376942557
5550544,692.7351043272434
5551545,689.9793522901476
5552546,687.3215227608097
5553547,694.7493245173234
5554548,677.8069230788599
5555549,373.9565366279824
5556550,334.06666742420106
5557551,481.11388948922445
5558552,594.7966779145056
5559553,662.6238365697858
5560554,680.0487601079052
5561555,650.8822321836268
5562556,707.5648237835704
5563557,688.1152585972991
5564558,603.8031540079215
5565559,717.850294303071
5566560,695.1006284778309
5567561,695.6207462301005
5568562,687.5076204961251
5569563,686.6342474938514
5570564,700.6802856675374
5571565,697.2443144350141
5572566,665.4430307066416
5573567,701.4533340526543
5574568,691.7912389261247
5575569,697.092430747128
5576570,663.0939654097106
5577571,676.4524364880108
5578572,547.0717390295346
5579573,665.2431975328446
5580574,692.6173261664508
5581575,698.701612060474
5582576,620.2237475584595
5583577,694.8912486278965
5584578,629.0407455882162
5585579,709.8075008354022
5586580,673.9050057409052
5587581,673.7964461097423
5588582,652.8860534741752
5589583,661.6622836834882
5590584,627.2514015331542
5591585,678.0883962604696
5592586,701.3022618511202
5593587,718.2077828328595
5594588,644.8657874141015
5595589,682.8791607503281
5596590,717.6793159880552
5597591,654.4950634981278
5598592,688.0750009285762
5599593,639.6735928447584
5600594,672.4573216918557
5601595,689.9151422249172
5602596,702.1735657846227
5603597,685.6985307196699
5604598,660.5520104489573
5605599,684.951226633788
5606600,686.4019193099789
5607601,678.9316081217612
5608602,694.0516874593228
5609603,624.6247925131945
5610604,614.1631281090342
5611605,660.9024445202319
5612606,676.8193405176333
5613607,703.4342484347359
5614608,672.9096530093854
5615609,735.8246513447398
5616610,672.9218225047257
5617611,605.1798601612928
5618612,701.9121818948206
5619613,664.6393018553961
5620614,694.9948990106245
5621615,681.3344735769355
5622616,637.5483050274933
5623617,655.6096017570515
5624618,671.61721880128
5625619,630.5985187637712
5626620,640.1390237225556
5627621,686.7184172796426
5628622,697.4304130522518
5629623,701.3340226013576
5630624,630.1221125527208
5631625,113.3490908052997
5632626,634.1343919614274
5633627,682.7508005518865
5634628,672.8751460224217
5635629,681.4942367477091
5636630,682.0227490000502
5637631,686.4952005036628
5638632,675.9940673198192
5639633,675.8387985322239
5640634,654.738947654475
5641635,663.2639014919944
5642636,645.7935596997448
5643637,680.3964757469327
5644638,641.9679906612694
5645639,628.1884688925414
5646640,677.9921519416508
5647641,630.4529047534053
5648642,707.9494870886895
5649643,670.3241013509196
5650644,664.3362664370974
5651645,691.5040527628257
5652646,711.4803403249487
5653647,681.0134506497549
5654648,562.1139919050075
5655649,690.3222561587257
5656650,691.670224552662
5657651,646.2760655804335
5658652,711.6118975735521
5659653,670.4605899110543
5660654,687.0431497667072
5661655,642.807664260219
5662656,388.51913131355326
5663657,619.5488270252879
5664658,681.7544528344843
5665659,704.4490302015452
5666660,676.3321622745749
5667661,678.1474827193678
5668662,679.2432623223242
5669663,672.2081019579551
5670664,690.9530608999398
5671665,701.3969881738191
5672666,682.4417015042809
5673667,676.9203189706559
5674668,637.0171535237348
5675669,633.3874507837272
5676670,628.0401763567218
5677671,419.5442659357879
5678672,626.2854597494998
5679673,682.9886086859779
5680674,675.0336795449649
5681675,688.3626363539001
5682676,608.0846818481275
5683677,669.3975712751236
5684678,702.0683465239956
5685679,594.5088827280964
5686680,644.3017240372174
5687681,636.9882251767207
5688682,716.8610507443532
5689683,431.6302336464126
5690684,713.5678594636578
5691685,652.8447059785211
5692686,665.3541247545853
5693687,686.3693255885554
5694688,649.2747504727514
5695689,685.7462268766278
5696690,690.013797013512
5697691,611.2122167906055
5698692,675.1422680736849
5699693,676.9368515255981
5700694,687.4676936520202
5701695,673.6318224507606
5702696,711.6897091715713
5703697,286.698373455288
5704698,653.090900428034
5705699,720.1644652050101
5706700,662.5789769226242
5707701,656.5790680659147
5708702,661.2309425390641
5709703,602.9208556662862
5710704,651.6162876383869
5711705,542.1167222275598
5712706,715.0076607310004
5713707,692.1821294992934
5714708,675.5909141372014
5715709,667.2241508338917
5716710,654.7127290646457
5717711,692.3802371235572
5718712,575.3063228159006
5719713,703.5690322644174
5720714,623.4167323390219
5721715,656.9707081181101
5722716,706.2303114539351
5723717,713.6615223263108
5724718,692.110947342021
5725719,676.9111150362122
5726720,671.3739708331117
5727721,679.7284532110142
5728722,691.6612337298556
5729723,725.1574326210202
5730724,724.7691494621647
5731725,657.5473967204575
5732726,590.2091708583933
5733727,698.7278036328249
5734728,641.0521810626484
5735729,711.1321366308057
5736730,598.7041953709031
5737731,469.7932301061192
5738732,671.1270077864367
5739733,644.3408520940488
5740734,586.0406824986705
5741735,642.7850292668174
5742736,653.1284227604965
5743737,689.2315622215906
5744738,658.1657325204601
5745739,680.3050431319508
5746740,673.4871117095921
5747741,684.3271503111849
5748742,685.801258986624
5749743,674.0480185953152
5750744,682.5043374141193
5751745,37.32206361344549
5752746,672.0317584758474
5753747,663.299398047992
5754748,328.1050836644528
5755749,662.6840542575632
5756750,631.7677926627224
5757751,678.8287101139764
5758752,669.8971917432433
5759753,671.7489379764318
5760754,21.688213134204737
5761755,673.219873239786
5762756,681.2392998393218
5763757,677.1831461163027
5764758,651.3880785182927
5765759,637.5785204624091
5766760,658.8398474618854
5767761,695.619542695666
5768762,669.0478926541792
5769763,712.5030883978328
5770764,642.6168443059827
5771765,687.335811993504
5772766,627.9783192042372
5773767,367.5682086931086
5774768,690.5559430607544
5775769,685.6010312317477
5776770,705.9699895417742
5777771,680.5952638543143
5778772,680.9668204725596
5779773,612.8366484245997
5780774,613.6643502140612
5781775,668.9309002644628
5782776,687.6086722509618
5783777,382.55898614317186
5784778,707.4380426578256
5785779,672.1078056302946
5786780,680.1137682765462
5787781,596.8574653822004
5788782,652.8288491202092
5789783,668.9010063020525
5790784,651.5683039573793
5791785,627.5049027303081
5792786,722.2326756548247
5793787,663.494385627762
5794788,671.9566463318026
5795789,665.4516522969042
5796790,623.7822573022514
5797791,660.1666361101251
5798792,659.1120867212346
5799793,664.9471048422046
5800794,698.6572709293374
5801795,696.1032900940861
5802796,696.0724118624661
5803797,686.4029611654099
5804798,681.0932558559141
5805799,659.9187309668745
5806800,684.4909415787147
5807801,674.8828903948121
5808802,445.12454448148077
5809803,669.7203834577681
5810804,699.0230107689544
5811805,670.670637098733
5812806,685.8732504590291
5813807,653.5767339098949
5814808,674.1379438579974
5815809,707.7461593503903
5816810,710.9361630540918
5817811,289.02261557117913
5818812,671.9811236942168
5819813,711.1764253290138
5820814,687.9854746110279
5821815,710.0325141620622
5822816,674.5904601848756
5823817,593.0455608044799
5824818,671.6396497354557
5825819,691.1712347373843
5826820,653.0998491365572
5827821,679.7635498234046
5828822,690.387589886492
5829823,696.299544470836
5830824,675.9963844681928
5831825,675.211452573093
5832826,676.7251373620296
5833827,701.7096209207048
5834828,673.2984530146391
5835829,45.78762198344382
5836830,313.0641414023313
5837831,713.1917405023629
5838832,676.0321177131683
5839833,713.9894277451779
5840834,667.9488234329115
5841835,697.2203530630882
5842836,676.3368458602881
5843837,665.5420062073919
5844838,656.3964996894028
5845839,674.5626273111709
5846840,660.9911069360418
5847841,653.284541525747
5848842,674.8198382904254
5849843,644.6468872014054
5850844,590.7821508318582
5851845,640.9858262818381
5852846,705.2797513846596
5853847,664.5928620364325
5854848,671.5949161221229
5855849,722.1640615656252
5856850,702.3434506439448
5857851,699.7102880936334
5858852,687.8445803901182
5859853,694.219728069057
5860854,659.1589788809779
5861855,656.934341437486
5862856,661.0316045097665
5863857,380.6787427080337
5864858,697.783293627525
5865859,662.0236028419376
5866860,706.7519625296567
5867861,680.8704419387052
5868862,482.5223862220826
5869863,694.978074600422
5870864,673.1665542634572
5871865,667.3235059625888
5872866,659.7647213908396
5873867,673.7563996699927
5874868,677.7137727046922
5875869,682.6847958117899
5876870,670.5441887908131
5877871,707.0359185833288
5878872,695.2769175851198
5879873,713.700100164163
5880874,654.2561258660875
5881875,688.0184013970899
5882876,674.6545015219483
5883877,653.4946708571727
5884878,690.0193936496855
5885879,692.8356051785142
5886880,663.3226886067291
5887881,669.132209203805
5888882,700.3484143444771
5889883,686.2013464275828
5890884,720.8336896717635
5891885,658.5240038936637
5892886,609.6846955135507
5893887,52.37662173644015
5894888,687.0251183700183
5895889,705.1719811373508
5896890,660.503574133703
5897891,690.0605637182333
5898892,695.7829497587611
5899893,693.6324978508829
5900894,672.7191271905538
5901895,640.0865290139518
5902896,629.2213647848729
5903897,529.732435543696
5904898,674.2459469889245
5905899,648.4470842930099
5906900,686.1100456402432
5907901,681.5339182964412
5908902,667.0172030957225
5909903,686.8761813690347
5910904,697.6731281355122
5911905,673.9457948083007
5912906,658.3620583867524
5913907,623.3787387969842
5914908,675.0023091478162
5915909,684.9333778180138
5916910,702.0715811742748
5917911,666.8011046637806
5918912,687.6357785537141
5919913,670.6232250195195
5920914,459.8824211219599
5921915,717.654150236909
5922916,705.1187132867516
5923917,713.4204900564363
5924918,678.2157927978808
5925919,706.2988051930818
5926920,692.8929256485037
5927921,285.70931797092084
5928922,672.8426448555455
5929923,681.9451217172794
5930924,703.093975586421
5931925,703.7331826675021
5932926,692.8052079045633
5933927,718.5767550702756
5934928,687.9790955203492
5935929,663.4656462045267
5936930,718.7165624978387
5937931,664.2314508878854
5938932,700.3100183295664
5939933,716.6537215504089
5940934,700.0058999683507
5941935,705.0857661177293
5942936,695.4190527704444
5943937,708.070782332028
5944938,664.8801343434543
5945939,658.6889485284497
5946940,654.9920275837283
5947941,679.0898941341685
5948942,679.8267660962674
5949943,663.4861272823543
5950944,690.6865492095598
5951945,664.4886093550366
5952946,701.350512718685
5953947,366.21005939275034
5954948,697.8171472484962
5955949,610.9231567732296
5956950,602.1883369060753
5957951,388.2893644438817
5958952,694.9568487065186
5959953,713.1342749094591
5960954,672.1862373997735
5961955,715.2723544229289
5962956,681.1204145296877
5963957,625.9418214635879
5964958,696.7525478242508
5965959,688.3592037687407
5966960,693.5912581981545
5967961,706.2762421102861
5968962,691.7411321913983
5969963,698.2504094083123
5970964,627.9222130661385
5971965,678.7780427732819
5972966,689.0222466479162
5973967,713.1495042914164
5974968,687.653924555475
5975969,683.15522655591
5976970,669.6777517739262
5977971,702.975913393885
5978972,671.1578630184705
5979973,696.4166741522725
5980974,720.4490309232091
5981975,707.1430431312976
5982976,644.6745992181214
5983977,681.6448717408881
5984978,692.7034498145315
5985979,687.3061145280782
5986980,661.3509719318985
5987981,667.7612264891928
5988982,541.2551363374085
5989983,670.988788359009
5990984,683.0496663031286
5991985,690.882930389797
5992986,675.7406013144434
5993987,691.7379018333647
5994988,644.0930130811118
5995989,701.1589143375938
5996990,686.6586279704427
5997991,696.0704539148317
5998992,669.6533396395566
5999993,674.4704233113753
6000994,683.246233420623
6001995,687.8748314018135
6002996,689.6312762404407
6003997,676.5318908396877
6004998,660.5293964296931
6005999,729.7288084790476
6007000,200.92307852802693
6008001,707.5336467565986
6009002,695.1307756850113
6010003,683.3819860559194
6011004,344.95009561359115
6012005,647.7127729567939
6013006,671.6316928236337
6014007,653.4942036458776
6015008,564.4874459736546
6016009,680.2828944342618
6017010,445.7724037239975
6018011,692.1126972884914
6019012,561.2061770921584
6020013,697.6223607559333
6021014,646.4405045861147
6022015,654.1812893443545
6023016,692.0541412583918
6024017,706.4305472706345
6025018,679.3690516866204
6026019,690.1624537931615
6027020,707.7916997995575
6028021,702.820113961404
6029022,616.321005647851
6030023,663.6740034256484
6031024,695.9995145844848
6032025,681.53791849489
6033026,650.6608225964121
6034027,625.6803590200251
6035028,658.0842753352281
6036029,679.144420241362
6037030,665.5471667689608
6038031,641.0276802023543
6039032,670.726223556422
6040033,722.2401250537013
6041034,637.5260779474379
6042035,668.1176156493343
6043036,276.39358427971933
6044037,562.9922849459123
6045038,672.6949347680597
6046039,683.5480242766234
6047040,672.7022072712563
6048041,546.4657306274087
6049042,676.7235131841194
6050043,661.2905467999242
6051044,722.8578547993349
6052045,503.5025518868832
6053046,646.1950457035259
6054047,637.9038169782067
6055048,674.6578860410826
6056049,639.3760057615983
6057050,669.4266182340787
6058051,693.5750864749989
6059052,683.2161520744482
6060053,650.7393587106218
6061054,649.0243151380366
6062055,653.4461543021106
6063056,678.4289569423094
6064057,620.0865869222823
6065058,645.2016133306207
6066059,695.9668839139323
6067060,543.0631539660651
6068061,642.5177422984458
6069062,680.7835542359795
6070063,634.57390457566
6071064,684.8352842077477
6072065,614.3000691623488
6073066,664.5800410035677
6074067,660.1762291943905
6075068,659.2987456083888
6076069,690.4487190298144
6077070,673.0207174882909
6078071,714.2905595552278
6079072,686.2170168178673
6080073,684.6224945075074
6081074,668.2490582374861
6082075,676.3950877226864
6083076,712.4181004232008
6084077,682.6636296746366
6085078,683.8365725263252
6086079,675.7494047252947
6087080,696.8929244131863
6088081,694.8497455317039
6089082,670.6542490487221
6090083,685.0975343252791
6091084,691.9490071745763
6092085,670.5292083670596
6093086,687.8257072563139
6094087,658.9457107105457
6095088,633.0825697347763
6096089,665.7140752815192
6097090,666.8620578163325
6098091,195.13588047930116
6099092,669.8108753253596
6100093,711.2428082549636
6101094,708.3322385465203
6102095,676.6050544766798
6103096,608.4522127457257
6104097,668.1144310778287
6105098,51.95085265030238
6106099,684.7937318143325
6107100,507.26633536588173
6108101,653.8349649909403
6109102,693.4589509973084
6110103,676.2926542076209
6111104,655.8490827530139
6112105,692.4640032462812
6113106,696.8831464316942
6114107,692.6314883358345
6115108,622.0715152436852
6116109,648.2149396976179
6117110,706.4231590544106
6118111,628.2735617587903
6119112,696.5084615642483
6120113,670.0793678031077
6121114,703.5973785235325
6122115,598.3565352702074
6123116,671.1489490866679
6124117,669.2539492373783
6125118,683.5038481210806
6126119,669.303545313345
6127120,677.5407208437564
6128121,699.1636758519464
6129122,690.1812779777259
6130123,684.6269531043129
6131124,707.0865324070184
6132125,681.9880147204623
6133126,668.202349614024
6134127,645.356854001043
6135128,700.0032240403649
6136129,666.0379091341158
6137130,689.9956469531322
6138131,653.2693722335139
6139132,385.68824062404366
6140133,523.5227521901934
6141134,675.0261573951908
6142135,692.2040141922229
6143136,669.0718474659911
6144137,624.0781450330853
6145138,685.1850527944524
6146139,620.9371628481905
6147140,618.6134970831575
6148141,656.216654443719
6149142,697.630342831479
6150143,688.0410640704514
6151144,231.3186476435794
6152145,678.0674917712764
6153146,667.7356337020971
6154147,716.9961306835844
6155148,680.9053028850043
6156149,687.9113419130663
6157150,674.1694824089848
6158151,724.5542352280245
6159152,668.0131573310667
6160153,669.4436672703887
6161154,663.0006593052186
6162155,692.395256967482
6163156,695.9974493560599
6164157,645.5788049891348
6165158,681.5279694950073
6166159,644.1947745017881
6167160,656.8446534135842
6168161,673.159624271439
6169162,688.8954018281669
6170163,628.0495498235838
6171164,439.39594867151004
6172165,708.8835290554659
6173166,669.6906024880675
6174167,672.5463342918881
6175168,709.5143160602322
6176169,676.045518545334
6177170,713.7717011387831
6178171,665.1717212561468
6179172,682.4565801307994
6180173,612.8249563292507
6181174,646.2522450423347
6182175,670.9227414354789
6183176,629.9627934214475
6184177,693.6520162499789
6185178,708.0605314693605
6186179,603.5181107882622
6187180,476.4188016653344
6188181,381.4396236886496
6189182,680.7441290835962
6190183,714.9374819797747
6191184,655.9598069282557
6192185,652.7577678996129
6193186,686.9001592177801
6194187,660.7345333241745
6195188,715.5730885887323
6196189,36.81791352898552
6197190,697.4169838065017
6198191,647.7442781791233
6199192,648.8392081472158
6200193,671.6912448442087
6201194,685.6726815340278
6202195,659.6685793979308
6203196,710.3695089356039
6204197,694.9354211482278
6205198,726.1120110461985
6206199,682.694011834516
6207200,641.9915591367386
6208201,684.5884722081701
6209202,686.4410343863938
6210203,647.4065391571576
6211204,660.0517624267803
6212205,655.9434377271281
6213206,690.8127536634454
6214207,531.1720783030461
6215208,708.9515874478698
6216209,518.5907150302502
6217210,685.1078534520419
6218211,648.4240371379867
6219212,646.5342055894153
6220213,688.6239659970698
6221214,697.4616023377705
6222215,319.5935678846563
6223216,691.9340929042085
6224217,657.3702002261621
6225218,683.4989265690767
6226219,705.6466889281517
6227220,643.8565972817894
6228221,656.4246965097093
6229222,636.0626181197406
6230223,721.1621206151432
6231224,211.73305548563997
6232225,639.232713439335
6233226,612.939890560223
6234227,631.374766331773
6235228,703.2164827104522
6236229,668.0170827229637
6237230,698.6184774080517
6238231,546.8174993452997
6239232,534.0774346811301
6240233,711.4936964612323
6241234,652.3734734693807
6242235,712.2751772237317
6243236,682.9894931604047
6244237,696.1790595901164
6245238,689.3468832460122
6246239,669.6278135493293
6247240,668.456906760304
6248241,687.8630489185819
6249242,656.1902405944444
6250243,702.866138760156
6251244,662.031099382078
6252245,691.4829555248033
6253246,607.3765425161708
6254247,654.7110254953595
6255248,655.047866450922
6256249,681.2772547663232
6257250,699.2066262592729
6258251,650.0801604201137
6259252,720.2212638739205
6260253,679.3363885331676
6261254,690.5636246173352
6262255,697.2124657681412
6263256,683.1347350657549
6264257,676.8790452633027
6265258,590.9402971996103
6266259,686.6091740959299
6267260,45.533068132811486
6268261,681.5662418400842
6269262,708.0376564816879
6270263,619.9678902580257
6271264,693.7896323495239
6272265,693.1858385000388
6273266,666.1533462039858
6274267,676.9908503807512
6275268,703.8856886620429
6276269,648.6896155451515
6277270,676.1287610552212
6278271,600.5143548042697
6279272,684.214672836767
6280273,671.5685511864972
6281274,690.462667786542
6282275,638.410418410724
6283276,604.2823338270657
6284277,711.0396029204705
6285278,667.2777612953241
6286279,628.2364439066417
6287280,663.8604251549962
6288281,477.1142452340428
6289282,714.162762279321
6290283,685.2350971467778
6291284,689.5537042667765
6292285,362.5490199710188
6293286,663.5897063325677
6294287,690.3080836813778
6295288,681.8505036024694
6296289,650.5746450124667
6297290,712.1417923126305
6298291,678.1976508339112
6299292,615.696628269107
6300293,699.3405337877857
6301294,727.8259140913085
6302295,678.8890255268268
6303296,160.2086646529739
6304297,712.2734439788925
6305298,684.0111062561662
6306299,623.0048710170248
6307300,614.8552651232079
6308301,683.6651645628384
6309302,733.4555472873014
6310303,668.0294097230977
6311304,668.7101958163759
6312305,700.3933366289965
6313306,686.0648330302633
6314307,258.37860643962307
6315308,670.4850726742532
6316309,687.0154058474968
6317310,711.9643612290384
6318311,703.835355144746
6319312,671.5041664024598
6320313,700.0884045881816
6321314,723.7230110908434
6322315,730.936530119886
6323316,706.2352831824198
6324317,698.3341062835792
6325318,615.4954670533714
6326319,706.3273252525329
6327320,689.6957129340213
6328321,698.8800718090447
6329322,669.3770895359261
6330323,656.5667023739326
6331324,697.2368794352307
6332325,676.5089025938977
6333326,703.2182908087256
6334327,680.6406245149959
6335328,700.0228541103421
6336329,703.8964236471071
6337330,682.997574102687
6338331,684.6469378249084
6339332,668.9837783459259
6340333,676.6275831004144
6341334,658.1092689693219
6342335,674.6656515561855
6343336,578.8019011746252
6344337,505.67699428918615
6345338,691.8575274729517
6346339,694.839922083186
6347340,717.9684618752225
6348341,704.8617945443267
6349342,687.3592242863893
6350343,684.5265922259455
6351344,658.5533586145535
6352345,678.1497156459299
6353346,714.8044600871694
6354347,648.5075877821481
6355348,54.43079370959615
6356349,666.8292028485333
6357350,182.05259913991333
6358351,743.6126418814898
6359352,236.75613157575864
6360353,659.102851050413
6361354,473.060651117266
6362355,695.9009567867828
6363356,551.033562832524
6364357,696.1560220087395
6365358,719.5191316874159
6366359,696.0319781498304
6367360,647.1884609712697
6368361,687.7159181001458
6369362,695.5051445771284
6370363,655.0556892682332
6371364,697.2717645067275
6372365,582.0860254793669
6373366,676.5497836971914
6374367,677.3463387261135
6375368,693.2340485800578
6376369,621.043544703451
6377370,660.5755783597152
6378371,683.8001993790333
6379372,678.1574493515595
6380373,603.8884931109639
6381374,716.7871250377325
6382375,206.7337828092088
6383376,571.6042312171777
6384377,685.0045670295895
6385378,177.44424749781822
6386379,515.197550446633
6387380,727.1807791418198
6388381,663.4599988949243
6389382,678.482416657609
6390383,701.3608323208906
6391384,681.8475915654261
6392385,690.4781578114016
6393386,711.7075024479451
6394387,664.5584539716739
6395388,674.0474481717044
6396389,667.714187492588
6397390,693.9135978735443
6398391,670.4927280375357
6399392,636.6119688509664
6400393,625.9402033377015
6401394,701.3470421979684
6402395,718.0405956893544
6403396,503.1227438123965
6404397,263.5363205082285
6405398,693.5792840230614
6406399,698.4827596011821
6407400,673.5058483154248
6408401,700.8838077993202
6409402,698.7602444068907
6410403,591.636559899761
6411404,683.3457043690521
6412405,693.8874184560199
6413406,241.14102491708098
6414407,685.2448558707729
6415408,594.6257145325254
6416409,685.3467750834476
6417410,709.751633421685
6418411,683.3729082112272
6419412,712.0590358099756
6420413,425.04993790731214
6421414,705.2899338581178
6422415,508.0972090389349
6423416,666.5888977218647
6424417,710.9861408917025
6425418,707.4044500428233
6426419,662.292208864892
6427420,658.1872279612965
6428421,681.5326299935722
6429422,678.4407700716635
6430423,660.8249380507439
6431424,691.682410924192
6432425,665.9092345242128
6433426,705.7397472309267
6434427,664.5928646184885
6435428,712.029937408134
6436429,701.5307852272246
6437430,665.0375878161083
6438431,646.2947619185971
6439432,679.0504293796995
6440433,655.1969392859155
6441434,644.3794735536718
6442435,337.8996205668215
6443436,633.3353985924241
6444437,628.114779615608
6445438,705.5171328566269
6446439,704.6388545503963
6447440,700.2041392973516
6448441,731.07512340104
6449442,699.8441394964109
6450443,673.9786559695829
6451444,681.0336801818607
6452445,680.0112305449165
6453446,697.8169596769238
6454447,170.3872159722172
6455448,687.7405038838747
6456449,708.6411340822062
6457450,701.8671487496308
6458451,634.7909146409842
6459452,697.5206396267035
6460453,703.2175861809534
6461454,707.4493426840215
6462455,700.4527376259412
6463456,581.2489976925476
6464457,668.446667115496
6465458,583.3222305393481
6466459,669.7525583178337
6467460,674.9925038146341
6468461,678.1158091540525
6469462,675.84151285423
6470463,677.6626675337559
6471464,110.11199437873819
6472465,705.7732807961967
6473466,705.8654369874529
6474467,694.1267271731348
6475468,664.6404474246673
6476469,666.864494221788
6477470,698.1030278423733
6478471,691.5573231689563
6479472,705.3199822026692
6480473,710.69792159402
6481474,712.3644078163849
6482475,664.9998027852796
6483476,617.7946466830808
6484477,686.846221167879
6485478,664.836001440513
6486479,643.8727256436792
6487480,663.1990263428077
6488481,622.0180525667687
6489482,666.3016976314995
6490483,635.2881002332672
6491484,691.2518810689577
6492485,664.8987984726606
6493486,698.8836675989829
6494487,649.6738136141314
6495488,671.822970838783
6496489,655.9925307705805
6497490,578.715506501713
6498491,687.2218916190837
6499492,668.6504513662065
6500493,701.6772991288188
6501494,597.6037375791127
6502495,732.7969208616084
6503496,668.0569875360511
6504497,699.5469155374428
6505498,685.1027305125347
6506499,714.1078317715632
6507500,698.2993930118985
6508501,736.4570258827351
6509502,629.6392619518483
6510503,685.261045080306
6511504,703.5189019744934
6512505,678.3389547105638
6513506,673.3709413794248
6514507,699.4124835504515
6515508,702.4038549677687
6516509,694.4415137240933
6517510,720.5657779798221
6518511,708.6763051313869
6519512,687.4821860004656
6520513,477.5084319193399
6521514,697.5441487322285
6522515,682.581360699853
6523516,711.1013953339253
6524517,714.364050076748
6525518,719.1880219663142
6526519,672.574591819328
6527520,682.4622335811263
6528521,677.1342767563345
6529522,672.8716904105346
6530523,712.9954361907776
6531524,689.67043288623
6532525,677.6390369403177
6533526,666.8690476971922
6534527,680.9702017390055
6535528,666.2883867213203
6536529,722.6929880272047
6537530,697.8719268437721
6538531,720.0155093068797
6539532,696.8621443556987
6540533,693.2467629683795
6541534,686.5337538440733
6542535,703.990229248528
6543536,697.4284696261378
6544537,708.5112240021681
6545538,296.70984650617845
6546539,698.274790416666
6547540,657.2480058676828
6548541,715.2675677826195
6549542,686.6306233658595
6550543,735.3791572177946
6551544,624.4206929622759
6552545,605.4348093663358
6553546,716.9340201685205
6554547,605.385556090736
6555548,713.5564425921259
6556549,658.7452715901511
6557550,696.5747800495111
6558551,670.466917060295
6559552,683.951427516919
6560553,716.3506140746277
6561554,686.7374071303038
6562555,707.1875601153168
6563556,698.1128875550892
6564557,710.762337758701
6565558,731.6915888253437
6566559,672.2955762573963
6567560,728.8757485854078
6568561,698.281899662799
6569562,636.773196103442
6570563,686.6173719260396
6571564,709.4696359310753
6572565,636.4835527698643
6573566,707.4734929717685
6574567,694.600883491691
6575568,573.3366380351225
6576569,700.9579589059072
6577570,695.60858096148
6578571,633.4420509538096
6579572,691.7119178939112
6580573,615.4154633378892
6581574,718.7564852697037
6582575,641.6442055039636
6583576,698.3620798593965
6584577,676.8428749117762
6585578,717.8672741982575
6586579,711.5894024189304
6587580,342.14479522515444
6588581,748.6055324290036
6589582,728.7149708854014
6590583,682.4889733504145
6591584,697.6010084996864
6592585,684.0663377808758
6593586,744.9734908104431
6594587,723.355128179878
6595588,708.0644396165835
6596589,696.7865567354254
6597590,722.1460506484434
6598591,678.5499088248508
6599592,662.4529948655916
6600593,668.6337264209964
6601594,705.0586840242127
6602595,717.3022222523647
6603596,705.6794109311813
6604597,717.9699862551629
6605598,669.4528243237554
6606599,654.6378701322246
6607600,679.7207800011973
6608601,728.388857924165
6609602,625.2150254715718
6610603,689.350665963686
6611604,698.1183704839207
6612605,708.4146266777809
6613606,717.240668292017
6614607,712.7262257217428
6615608,709.3295237948658
6616609,612.3081327463701
6617610,682.6000551956275
6618611,289.1942987131884
6619612,683.0203379296487
6620613,58.66161706639358
6621614,675.4551241143113
6622615,718.7819657855988
6623616,679.6726143138025
6624617,706.291741627171
6625618,701.0271794977153
6626619,718.9734687670784
6627620,732.911574460944
6628621,702.7220717616053
6629622,704.8694091601697
6630623,667.287267816049
6631624,706.534671112079
6632625,678.5018138148936
6633626,684.9473917700172
6634627,700.1099321750203
6635628,740.3896789947006
6636629,693.3458363386429
6637630,669.656363512312
6638631,655.9687993921877
6639632,725.0439649944655
6640633,686.0212113522064
6641634,689.51070380687
6642635,695.7053005036961
6643636,601.1832184920323
6644637,655.7369159199152
6645638,698.2578455848914
6646639,704.5976325704877
6647640,714.0752113145372
6648641,689.6571382148845
6649642,714.7341881796306
6650643,709.8246875947675
6651644,682.8955561382662
6652645,671.4547412733502
6653646,709.9853952290142
6654647,694.8620172631939
6655648,653.4854633982967
6656649,732.0690968874054
6657650,740.1483876787016
6658651,679.2682679188839
6659652,618.5715910876797
6660653,722.0850493900006
6661654,720.6631970832176
6662655,662.4766661628313
6663656,586.7512771317281
6664657,698.2632659401471
6665658,712.1726500597081
6666659,702.8198822590169
6667660,701.5940606097065
6668661,612.0544792337546
6669662,626.7046554703686
6670663,503.3622443509322
6671664,657.1736690269368
6672665,703.0644921029569
6673666,686.8279572946178
6674667,544.7949958213345
6675668,671.5502317490458
6676669,720.7610314781755
6677670,719.2396157383828
6678671,712.9702206912664
6679672,654.2910488916705
6680673,716.8213589376336
6681674,714.3868961235722
6682675,667.4643310001859
6683676,717.2811663068848
6684677,726.721324672992
6685678,669.6943430281746
6686679,717.5735313866633
6687680,688.7749385325511
6688681,697.4378408582089
6689682,690.9292771094672
6690683,715.1801378911
6691684,693.5775271810186
6692685,706.1831458005993
6693686,703.3576624771432
6694687,623.8962128697741
6695688,689.6508238345455
6696689,677.8444747380402
6697690,670.6795077075212
6698691,707.776141380692
6699692,698.6502896405563
6700693,563.908693492845
6701694,677.8812712527189
6702695,661.8996481392435
6703696,397.624852640643
6704697,700.20401590969
6705698,704.8134678645134
6706699,697.8551688938138
6707700,701.6679105961323
6708701,700.113603563665
6709702,584.001290430031
6710703,712.2676057023957
6711704,618.3688532365759
6712705,386.18352940560874
6713706,706.2582317770116
6714707,676.9503706853499
6715708,696.3160508307634
6716709,693.7925874000001
6717710,683.2088152203142
6718711,684.6230497540482
6719712,709.2635797548309
6720713,662.408863762917
6721714,717.2574743578703
6722715,669.7011627965608
6723716,454.2915506800421
6724717,659.0193676883931
6725718,719.3767821082097
6726719,680.9391396062275
6727720,606.75080280328
6728721,703.4686569068783
6729722,690.9685072270277
6730723,716.3777806580796
6731724,719.2584858412881
6732725,711.5804597036897
6733726,714.1533567347312
6734727,696.2326997555588
6735728,616.3703312603064
6736729,694.3981195689887
6737730,716.5038751574998
6738731,714.0565074665581
6739732,675.6283493046142
6740733,725.0869764895851
6741734,669.1706463472361
6742735,444.00707231891164
6743736,675.0327266106041
6744737,710.1091661911943
6745738,674.1650920684601
6746739,700.8860952491802
6747740,724.2770677868012
6748741,688.8790264790091
6749742,689.287914934709
6750743,379.23861585620745
6751744,726.9384117025804
6752745,655.1743260257015
6753746,696.5633559368979
6754747,678.8696246222429
6755748,712.3320261812844
6756749,649.8885625227388
6757750,322.62748061438845
6758751,646.2476744985861
6759752,684.2057104523888
6760753,653.9554901426175
6761754,675.5837003169981
6762755,691.5955342542408
6763756,36.64697449460161
6764757,693.9703991979641
6765758,707.0402543079931
6766759,690.2823511931649
6767760,712.2947948962579
6768761,709.3767594581602
6769762,708.0109715604573
6770763,666.784081769469
6771764,727.2705314326253
6772765,395.1801434557597
6773766,158.8949493832809
6774767,676.5457109001662
6775768,663.5999724000982
6776769,673.3953833994249
6777770,712.3194492411112
6778771,408.7809668326477
6779772,651.090011570618
6780773,721.5120626789255
6781774,710.2207896063779
6782775,683.703267143014
6783776,686.2795389739666
6784777,722.2517890388242
6785778,723.1858933061229
6786779,720.8276717879002
6787780,700.6090555021015
6788781,733.3120043756603
6789782,683.8432436730689
6790783,686.1475754706967
6791784,715.3725496431966
6792785,750.7156093079348
6793786,650.4766820590488
6794787,704.2816702076709
6795788,718.0530991340662
6796789,618.0882130662986
6797790,309.95325767714746
6798791,736.8805793505503
6799792,694.4895689919422
6800793,690.2716878836711
6801794,710.7094897383995
6802795,737.1099188465046
6803796,708.1975124444009
6804797,670.5771000341282
6805798,601.6710193695792
6806799,705.265400080646
6807800,699.4575948481439
6808801,643.4938729817449
6809802,675.1589626614485
6810803,709.810420509951
6811804,722.5225310407956
6812805,619.1574334949809
6813806,690.2959505456724
6814807,658.5470287387551
6815808,706.5118351653889
6816809,731.0139112777176
6817810,236.24043046074777
6818811,717.2592402608552
6819812,701.5401497597024
6820813,330.8839459899031
6821814,709.9049922822733
6822815,674.2572888945109
6823816,719.2334790475234
6824817,687.6806301157626
6825818,675.0049684474909
6826819,704.2829836440676
6827820,707.5194238342623
6828821,704.8318443081336
6829822,684.6191441055114
6830823,683.9346529330655
6831824,706.6292847155664
6832825,673.1302365969647
6833826,666.2486611548411
6834827,711.8063512580219
6835828,674.9806744684155
6836829,700.7022155423306
6837830,150.26285169727933
6838831,691.9098315571408
6839832,692.4570671261741
6840833,681.0874462166788
6841834,711.6884464329353
6842835,311.9691962687401
6843836,686.1695191379994
6844837,714.6090176798003
6845838,720.9135889255627
6846839,676.6780207339232
6847840,651.8953616165951
6848841,660.0505808345796
6849842,643.6722646519783
6850843,707.6107213849307
6851844,706.1988566671619
6852845,397.31278896706567
6853846,464.0462000446385
6854847,716.0987680345257
6855848,687.6419579750908
6856849,456.3094085242121
6857850,719.7901031523022
6858851,704.8584520801862
6859852,643.5499317861585
6860853,727.480654196421
6861854,689.8916979085319
6862855,722.7531751728206
6863856,701.2658669063701
6864857,710.9551044043025
6865858,594.2583774465045
6866859,694.2626520539059
6867860,31.903741457627234
6868861,711.3012439367367
6869862,158.76767056938883
6870863,724.8956539601149
6871864,502.3317015010575
6872865,751.7588300345602
6873866,700.9827324085369
6874867,687.308730199166
6875868,727.4604783605284
6876869,664.0024565888251
6877870,502.1409164044448
6878871,720.9523548467289
6879872,711.3918957309072
6880873,700.7049262803018
6881874,611.9935332621247
6882875,606.0804270459922
6883876,650.313643721537
6884877,698.1722253458985
6885878,688.7866226764105
6886879,726.4502346143568
6887880,716.1849721394923
6888881,705.8357602847656
6889882,727.4005557417985
6890883,722.4715109274566
6891884,692.6666738359723
6892885,718.4615572470285
6893886,637.7057435137036
6894887,716.3307636893693
6895888,707.7742763693553
6896889,719.5754250022839
6897890,419.7111324459992
6898891,726.1007883378069
6899892,658.0117895247693
6900893,718.1028277263335
6901894,677.1351394521131
6902895,739.0772807743302
6903896,691.031483098441
6904897,708.9306782583868
6905898,721.1180640115133
6906899,287.91941312871853
6907900,725.1562238914795
6908901,695.5615927101803
6909902,722.4490732559685
6910903,723.988010234443
6911904,536.6767288838256
6912905,650.8229911075653
6913906,743.5701203730943
6914907,692.1192832262509
6915908,678.1004965622976
6916909,720.5461631951829
6917910,695.3210990349785
6918911,719.8233782008058
6919912,686.8758066042461
6920913,727.0574621743651
6921914,721.5896525601738
6922915,647.2809449271198
6923916,663.1209852514133
6924917,699.3046523666889
6925918,698.9641948946224
6926919,555.8535126575151
6927920,709.8717286234942
6928921,672.3373949256071
6929922,604.7735919179645
6930923,678.1698763311317
6931924,690.6459204952891
6932925,694.2628324669987
6933926,673.4214759275193
6934927,495.0755897240147
6935928,699.241740213633
6936929,687.5534451360697
6937930,332.75294850203005
6938931,664.4143353084536
6939932,700.3304547800069
6940933,725.0659268351044
6941934,715.7913367528232
6942935,728.4530506296928
6943936,735.3738911026454
6944937,616.4383149655237
6945938,685.0829506552209
6946939,248.2671534513599
6947940,692.3523652784721
6948941,732.3992354427047
6949942,662.7198237648008
6950943,701.6006695362648
6951944,729.5285531407684
6952945,735.5262880149322
6953946,689.5554400667833
6954947,688.3548740056913
6955948,576.8286410513427
6956949,693.9945921410465
6957950,396.4327512448073
6958951,660.6961510432267
6959952,643.2209840624319
6960953,705.4308631307794
6961954,689.5103955838016
6962955,684.1736561119309
6963956,712.5211558143397
6964957,726.5376867742201
6965958,730.0780047850507
6966959,644.7029837268261
6967960,703.7715531496275
6968961,690.9105234950521
6969962,638.3564828320433
6970963,701.240588258514
6971964,723.7064686917697
6972965,735.8698079967105
6973966,722.3590906233978
6974967,649.5042678772226
6975968,693.6073066549781
6976969,703.3139296413984
6977970,689.0084206207341
6978971,705.6303624258228
6979972,720.0813773168096
6980973,706.2292650416609
6981974,662.5224805063866
6982975,722.287841109637
6983976,723.451224585276
6984977,714.8443078657818
6985978,694.9373552938613
6986979,711.2584596871436
6987980,687.8187068804302
6988981,730.3764995313202
6989982,690.9661923126433
6990983,669.8325936349125
6991984,67.22217917519748
6992985,589.743561620788
6993986,655.0626014710722
6994987,735.6571392135746
6995988,683.7822678536158
6996989,732.3829407979865
6997990,690.0517954004537
6998991,699.3442979349438
6999992,563.4183565556441
7000993,721.5492606539259
7001994,690.0494398851466
7002995,342.5964690242891
7003996,678.1056480049593
7004997,687.1595451956357
7005998,694.6797011809921
7006999,698.6202477622628
7008000,698.7886475966659
7009001,718.038126374158
7010002,645.0776919786379
7011003,712.8196774550019
7012004,689.1019130187586
7013005,695.8387178786879
7014006,700.3484193712984
7015007,689.3209641629828
7016008,712.2815327705243
7017009,667.5656826766698
7018010,682.5380262217578
7019011,717.4475641632275
7020012,710.4027326238797
7021013,706.8502022221076
7022014,707.4450595665635
7023015,639.8936074069502
7024016,482.47032037967244
7025017,716.2947257641894
7026018,470.73691787257366
7027019,704.1401310044479
7028020,717.4736685469168
7029021,669.2606315718405
7030022,718.3769732811237
7031023,720.9104761636206
7032024,735.2450739062822
7033025,566.8055931160488
7034026,673.0562590732649
7035027,727.7459175128095
7036028,665.2773888301539
7037029,733.1939839322578
7038030,688.3847607535454
7039031,668.2486356397317
7040032,693.7096850683803
7041033,159.51117197617808
7042034,729.6689744567456
7043035,573.3306677301335
7044036,695.4793270754928
7045037,690.3892856674543
7046038,699.7214439186818
7047039,681.7734153619189
7048040,321.1208345590908
7049041,37.76649806254629
7050042,522.8537388133719
7051043,628.8322006229059
7052044,649.5795666569253
7053045,279.4760121381387
7054046,710.6415777556276
7055047,716.4638568615496
7056048,618.5773740351646
7057049,732.6299185078612
7058050,707.0374908503857
7059051,685.3619811117322
7060052,692.8077755445266
7061053,34.46699158217588
7062054,682.2999069814844
7063055,704.0836935216205
7064056,695.0458208383913
7065057,661.4203265761612
7066058,711.081283758016
7067059,724.0756985110168
7068060,705.5630153310202
7069061,619.5248237093407
7070062,679.0018490502001
7071063,351.8432720867184
7072064,733.8152551220196
7073065,717.9785812375438
7074066,720.0176997811575
7075067,640.6263398948573
7076068,706.3726195810519
7077069,715.8202891403703
7078070,717.4933459753327
7079071,704.0688181025303
7080072,327.097876654327
7081073,389.58458956770005
7082074,716.9586754217655
7083075,726.5089939966892
7084076,689.3129317243453
7085077,700.0206291744486
7086078,687.0658384918554
7087079,650.0829341188097
7088080,697.1302371933898
7089081,718.8046312967693
7090082,698.8149652646522
7091083,715.2225757736053
7092084,700.9713968582527
7093085,703.9149421475266
7094086,727.6225220911133
7095087,728.3952951615977
7096088,741.8202666578925
7097089,726.7872941763253
7098090,481.5642780081792
7099091,668.8639315377517
7100092,704.1755469180835
7101093,728.6467843508626
7102094,703.2398060906642
7103095,695.9338419908347
7104096,733.4320677208419
7105097,702.9699044493498
7106098,725.3968433732604
7107099,699.4438478572725
7108100,661.7899148732497
7109101,718.8855071577027
7110102,712.8760715464455
7111103,703.6504546633158
7112104,342.2564653149996
7113105,694.9874150349004
7114106,707.3593651903232
7115107,692.2361152925855
7116108,712.2879960266341
7117109,708.5797616099836
7118110,707.2984476127355
7119111,60.45171844133099
7120112,688.3965531793272
7121113,724.5997106828052
7122114,695.2889096175621
7123115,677.744857457832
7124116,704.431716792214
7125117,743.0195632380419
7126118,731.2029966909612
7127119,730.6780149967524
7128120,678.7436614782948
7129121,706.0339635315129
7130122,696.9642077725481
7131123,249.53473465047773
7132124,732.1403931355957
7133125,686.6105492995854
7134126,709.031624388247
7135127,717.7117952109146
7136128,656.6628844569583
7137129,706.1112877539156
7138130,733.9635065320007
7139131,729.8559110982751
7140132,676.542253822636
7141133,706.6926029285656
7142134,689.9331737155708
7143135,691.6282989323504
7144136,711.5534151738439
7145137,719.0092245786803
7146138,720.9589128116372
7147139,681.4879262835248
7148140,728.1003844010497
7149141,692.9745680300003
7150142,706.8343447875857
7151143,701.7268999917985
7152144,676.5814814071058
7153145,712.2042778367894
7154146,712.7959870709358
7155147,693.4894577587067
7156148,663.9231535667988
7157149,689.8246092803597
7158150,709.251328980869
7159151,644.0739144664203
7160152,713.2657466560719
7161153,725.8233266108083
7162154,706.2050974677296
7163155,559.5638206397666
7164156,724.1748017851035
7165157,675.3913720988445
7166158,707.6163689290727
7167159,686.5876513242375
7168160,733.8348583634655
7169161,728.814958621376
7170162,717.2205776191431
7171163,709.0210948125614
7172164,697.8424250699995
7173165,696.9381186530726
7174166,706.5623396076152
7175167,675.4334306766565
7176168,727.1633304988202
7177169,733.4951625163575
7178170,689.8383288173992
7179171,613.6663629358827
7180172,682.1981609004607
7181173,679.7969393809183
7182174,711.6667057624888
7183175,672.120848713951
7184176,687.290819766985
7185177,706.7370857736405
7186178,723.6096787961759
7187179,696.9535800356189
7188180,684.8930946593217
7189181,691.8778227825658
7190182,689.2119681435969
7191183,703.1704513125441
7192184,653.103761405755
7193185,661.5212305001868
7194186,682.5212661614853
7195187,680.7077564418543
7196188,709.1795322283799
7197189,163.76778389441597
7198190,721.2037524478671
7199191,655.3367464702133
7200192,536.562055621113
7201193,692.3040866657748
7202194,715.7105896774635
7203195,705.3726825871684
7204196,685.9596025175945
7205197,719.683326426159
7206198,246.04952647108016
7207199,670.4819873580096
7208200,692.858200506129
7209201,702.5234814569901
7210202,700.44810613356
7211203,657.8250012510313
7212204,634.4173179540154
7213205,670.2326898459374
7214206,673.6097781136319
7215207,720.6467272125014
7216208,663.6905019255134
7217209,684.5771386544593
7218210,672.8722263259866
7219211,733.4673477907214
7220212,701.0444706314343
7221213,692.073318704501
7222214,724.8871977701397
7223215,689.4401596476465
7224216,717.9196353093186
7225217,710.5316479919244
7226218,713.3949004388761
7227219,729.8959844250406
7228220,678.7359066941194
7229221,709.4706863244342
7230222,694.273551137655
7231223,688.6269870594723
7232224,586.9812511834497
7233225,729.9474500118729
7234226,709.3831957406973
7235227,709.8144164746002
7236228,701.7484597903064
7237229,649.0708012730128
7238230,124.30398133561386
7239231,700.1447600916373
7240232,708.5864991689824
7241233,711.8372816756992
7242234,713.6109052863577
7243235,714.8024636968723
7244236,637.9169875127917
7245237,707.9473737863977
7246238,706.606312917045
7247239,715.2317879301476
7248240,667.7520825533388
7249241,689.7240180805227
7250242,727.3482861992275
7251243,412.2351410337685
7252244,724.1751712782872
7253245,713.1804213023969
7254246,699.7466233532585
7255247,720.0991574595629
7256248,680.418636462714
7257249,661.5698036646645
7258250,700.4553065938173
7259251,695.7221668123618
7260252,41.62676876142046
7261253,706.5642404788293
7262254,669.2991464348385
7263255,694.1809895015674
7264256,730.8917974717396
7265257,704.0310655331728
7266258,693.5119682810996
7267259,723.9964507508663
7268260,709.0122625444213
7269261,701.3149763609999
7270262,696.6427067007313
7271263,682.4361869681769
7272264,674.62169318553
7273265,713.8622242913679
7274266,672.6257873642135
7275267,640.0573377031607
7276268,702.3765220491396
7277269,659.7479349140966
7278270,723.4021702993869
7279271,671.6265922906011
7280272,692.2918979422786
7281273,724.3498447306184
7282274,731.6946036145047
7283275,727.3278664051493
7284276,707.0664273018438
7285277,714.8185393410253
7286278,700.9620365570455
7287279,702.5446869018405
7288280,724.3909162714679
7289281,707.9501720576543
7290282,693.436408928192
7291283,687.2609641432666
7292284,698.3785973490318
7293285,710.5362086193065
7294286,710.4122012206122
7295287,714.6554914384851
7296288,708.1978759252655
7297289,673.5736372134554
7298290,355.84865069631763
7299291,670.7289759051122
7300292,694.6768950663965
7301293,670.5819835981193
7302294,729.5571101010023
7303295,726.29392879336
7304296,718.4451474833097
7305297,710.5198691240332
7306298,703.2829331230091
7307299,552.0211465600869
7308300,694.1620438315193
7309301,684.1571204273207
7310302,679.9384241913689
7311303,742.3592517103289
7312304,720.9186140920453
7313305,725.8633362903829
7314306,714.7784049109505
7315307,741.1422380777218
7316308,727.6783516468892
7317309,690.2844538825753
7318310,673.779395957463
7319311,702.3937538603352
7320312,686.9604756351142
7321313,685.375893520169
7322314,701.4025925076027
7323315,680.2733620837971
7324316,724.0729957347346
7325317,697.4507716941615
7326318,721.9040371350234
7327319,697.8161828719252
7328320,730.0016832424488
7329321,744.2260503483093
7330322,692.3048109661489
7331323,733.4756500382751
7332324,699.3719221689755
7333325,700.9922649469858
7334326,731.8884332206574
7335327,689.349680537456
7336328,702.9673742103137
7337329,713.5994953449567
7338330,682.9976945108101
7339331,689.6062787868723
7340332,690.8147031372639
7341333,693.0772918822208
7342334,676.6318682464688
7343335,741.4725291048534
7344336,675.8302766875289
7345337,673.1004428634133
7346338,595.4396332146322
7347339,707.4010128859809
7348340,721.03375918167
7349341,725.0837047865551
7350342,718.4361696217375
7351343,705.7768293759632
7352344,742.0432707530048
7353345,699.6994741746097
7354346,707.8007026687036
7355347,709.5324759364798
7356348,715.4032315141159
7357349,624.541903564168
7358350,732.2215321953292
7359351,698.0606936224658
7360352,308.29082318818587
7361353,721.6304051515116
7362354,717.9348591051458
7363355,656.5652726432147
7364356,714.4394547110865
7365357,679.7055732768733
7366358,717.2407478049605
7367359,700.785670420471
7368360,688.9523325990674
7369361,692.763068835338
7370362,682.0469941914052
7371363,586.9033611107322
7372364,708.489085996897
7373365,454.54480534273665
7374366,348.38992227996783
7375367,727.0439309310353
7376368,698.419195289737
7377369,670.8335915305368
7378370,607.3235693076618
7379371,705.156577792482
7380372,401.17749090990657
7381373,712.5170594715838
7382374,729.2385127359726
7383375,718.1421081222927
7384376,720.2595963597524
7385377,708.9638185051069
7386378,718.8808727009073
7387379,246.3290312712352
7388380,661.9094217493653
7389381,661.2131610641368
7390382,706.0679145246945
7391383,723.3063563407139
7392384,706.4406455308147
7393385,719.284259622403
7394386,660.068855884786
7395387,707.9767393827026
7396388,706.9453313455789
7397389,698.3106148032379
7398390,698.7321286296328
7399391,712.2841680254658
7400392,707.8243097506069
7401393,701.1707488233714
7402394,314.0130169952663
7403395,741.6664837481428
7404396,660.101982668659
7405397,664.7972641446569
7406398,712.1599666278587
7407399,685.850919623721
7408400,743.5005459254659
7409401,714.6315840372938
7410402,724.6806161384435
7411403,660.6541700598272
7412404,725.4635043828957
7413405,725.2338648940553
7414406,730.0076784034211
7415407,619.2903998077326
7416408,672.9724776592948
7417409,713.6269212572689
7418410,681.0906950272215
7419411,673.6820355015034
7420412,686.3325783482766
7421413,719.5152904476596
7422414,726.707837160084
7423415,730.742213683183
7424416,501.2824706163283
7425417,692.1264401849302
7426418,655.2357213473284
7427419,704.383214308978
7428420,705.075967307646
7429421,207.47929577147337
7430422,707.3689405858304
7431423,726.3549282031369
7432424,714.5271077994953
7433425,729.1667751219971
7434426,734.6938029813307
7435427,695.9711188358391
7436428,723.5275217231728
7437429,701.044514756544
7438430,709.9774168535257
7439431,687.6482602424886
7440432,691.9479381072454
7441433,686.0735436712621
7442434,720.99606563667
7443435,713.8780766962631
7444436,722.328929986473
7445437,684.6347992363928
7446438,691.7404049263295
7447439,723.0783380430062
7448440,684.1365232675511
7449441,713.9678003825925
7450442,718.2759370446489
7451443,633.2037773509254
7452444,693.0766028543576
7453445,710.8628260023489
7454446,713.0417696605285
7455447,739.9771704635306
7456448,723.2706282753948
7457449,728.2056900602354
7458450,509.7436793964597
7459451,693.4072987292855
7460452,678.5901263161151
7461453,726.7672968905944
7462454,683.2442002248347
7463455,735.049134057751
7464456,730.8848612322716
7465457,668.7916417081971
7466458,728.2726921274452
7467459,726.1356512157691
7468460,707.1698603639459
7469461,704.5615848694246
7470462,719.1595526503916
7471463,746.884401587542
7472464,688.0218156934229
7473465,630.6766488418574
7474466,593.9027625636455
7475467,685.3031152783025
7476468,704.6146302351788
7477469,719.4657941939298
7478470,702.6827895876479
7479471,730.7701787928698
7480472,680.9636286655356
7481473,714.0751093353791
7482474,696.1368129141201
7483475,699.4605760092211
7484476,310.36398466055016
7485477,722.993761281471
7486478,709.7232780650118
7487479,721.431382417162
7488480,646.3103033687097
7489481,683.2030883663996
7490482,725.0209412789218
7491483,681.3176593118328
7492484,639.9580628865763
7493485,714.7433799876515
7494486,675.8375650954796
7495487,689.3388166467366
7496488,682.709626088426
7497489,658.2404230192072
7498490,724.4189117470603
7499491,718.1605351565494
7500492,643.8038381892477
7501493,707.2294826419112
7502494,699.6056097627869
7503495,695.5723462758376
7504496,717.0546975055312
7505497,716.6654267111131
7506498,707.2379646450529
7507499,333.12178329360376
7508500,704.67917039591
7509501,678.6914423321177
7510502,685.5766678297605
7511503,306.25215888475367
7512504,653.952282023512
7513505,700.2450950771868
7514506,651.6749253149585
7515507,720.6621372182959
7516508,684.8211118641018
7517509,682.1176247758755
7518510,611.4617064753179
7519511,674.2916895901462
7520512,672.6576570637328
7521513,676.5706995454859
7522514,682.4618290920457
7523515,683.4747609826538
7524516,471.9773175529046
7525517,676.5300513886907
7526518,678.7295214079568
7527519,727.3457355681753
7528520,716.0706991548176
7529521,703.777572463038
7530522,718.3044050020096
7531523,706.16670415105
7532524,729.6830147441117
7533525,39.6683618332
7534526,727.8239058511047
7535527,694.4279341967017
7536528,700.2611013659183
7537529,704.1336657245686
7538530,713.7806734788331
7539531,679.6837596335233
7540532,732.1087972480174
7541533,697.6701126901033
7542534,665.1949712046744
7543535,692.1353522009357
7544536,698.6532714364345
7545537,693.9499548187549
7546538,728.5955166692362
7547539,710.8741934270711
7548540,636.179627203604
7549541,703.6934554247757
7550542,719.9880350439238
7551543,710.9240052350046
7552544,726.757770650675
7553545,663.2492456616152
7554546,703.7903085804414
7555547,138.84968530909228
7556548,745.6544066569035
7557549,366.0389186855333
7558550,682.8320124650819
7559551,716.8342906310343
7560552,682.4062225540064
7561553,711.0903877704349
7562554,703.2427336546617
7563555,694.0860648110049
7564556,686.9551268404673
7565557,703.7213048728346
7566558,712.3905346656933
7567559,723.2549862024858
7568560,31.962818283555112
7569561,708.6524669133319
7570562,713.2333317814864
7571563,667.102255521402
7572564,676.583596721068
7573565,722.2006852773737
7574566,720.0002592821323
7575567,725.8840619617553
7576568,586.3209003764289
7577569,692.1798463260537
7578570,685.9568880519456
7579571,700.2129818707831
7580572,705.0115045875788
7581573,688.7361835511064
7582574,678.1016371747761
7583575,732.9397482279214
7584576,709.492219789411
7585577,473.18702796456864
7586578,645.1799170688346
7587579,686.072075448417
7588580,713.2600956827649
7589581,703.9161494042896
7590582,708.080859415553
7591583,689.5030601620241
7592584,697.3634779677836
7593585,683.6969412817493
7594586,681.5814240674314
7595587,681.8583905348778
7596588,715.6208698639434
7597589,677.097897690173
7598590,680.9580848521991
7599591,686.3416210250346
7600592,560.2864326874543
7601593,709.8618421371649
7602594,687.453763243246
7603595,638.2517624164743
7604596,713.3396956193201
7605597,629.5128564289678
7606598,703.972921387387
7607599,675.9494480497899
7608600,604.4704473752389
7609601,724.6886115374938
7610602,684.8547730635214
7611603,729.4145439746692
7612604,723.860963135607
7613605,709.9129968199087
7614606,700.0082867019635
7615607,665.7621504409486
7616608,715.2066038188998
7617609,722.241258095916
7618610,707.3099154231923
7619611,716.4457470847233
7620612,707.7857617139111
7621613,697.8576038419233
7622614,746.1910572778443
7623615,628.8926978316957
7624616,714.9934516367497
7625617,718.1763517447525
7626618,692.7302583605833
7627619,716.9140277683199
7628620,568.2081657339598
7629621,590.9772316647319
7630622,686.6381646207088
7631623,728.112445316668
7632624,734.5481018308664
7633625,695.7912285698726
7634626,747.108402506607
7635627,702.4319010398873
7636628,705.140377452796
7637629,677.9498058657356
7638630,724.3542307032092
7639631,674.1433857062774
7640632,641.4980008043577
7641633,720.6262985980745
7642634,691.5762959486499
7643635,681.5380125169157
7644636,714.1739436323257
7645637,654.9607914062699
7646638,713.8569579281224
7647639,704.3050165216998
7648640,244.95831296631508
7649641,709.8485596241189
7650642,688.1511957275193
7651643,699.425182281526
7652644,698.6617418034833
7653645,718.423062581189
7654646,473.00322115524443
7655647,706.7723477853191
7656648,688.433047081851
7657649,731.9537011124812
7658650,709.9737401807687
7659651,659.4164434020149
7660652,360.4805783048532
7661653,721.3715157216394
7662654,729.5452379468583
7663655,737.3713113237723
7664656,714.9348356079437
7665657,704.5875025483572
7666658,705.4638235576386
7667659,104.03325440685794
7668660,682.125159747924
7669661,722.2866128753545
7670662,712.4933368628624
7671663,712.6257928176826
7672664,741.4669140853995
7673665,654.2304157531121
7674666,710.333998076807
7675667,704.3247975429607
7676668,729.0141772374141
7677669,688.427448007101
7678670,692.0893584464682
7679671,702.543414167487
7680672,686.8966135572157
7681673,729.4795920747307
7682674,703.1844989536828
7683675,719.0935226682209
7684676,636.2104325771015
7685677,731.7204040901917
7686678,724.3965897927344
7687679,723.5868783471832
7688680,693.5480911931376
7689681,682.9186764606828
7690682,706.1736234070947
7691683,33.653547974498714
7692684,658.4375814045394
7693685,713.2894852213806
7694686,220.7573009397851
7695687,679.1901934222961
7696688,674.6622396308508
7697689,741.0530245912677
7698690,712.8687234648261
7699691,745.6225436037322
7700692,697.7835255114076
7701693,701.4304334984529
7702694,701.1972825820317
7703695,658.153772041911
7704696,715.3808287882428
7705697,697.9135774202877
7706698,711.3804113821635
7707699,689.0601205172434
7708700,629.8641230781265
7709701,701.5167807335613
7710702,708.1827488500712
7711703,733.5049853911463
7712704,508.85946057595544
7713705,707.4916294486516
7714706,148.7128357496283
7715707,714.7311597104892
7716708,675.8147233226856
7717709,690.1156055556266
7718710,708.0373106875641
7719711,691.8239935698454
7720712,696.3565189112957
7721713,714.4919236238682
7722714,685.7167071181817
7723715,691.2210332328547
7724716,668.9776551623786
7725717,709.2287509795678
7726718,665.7230834763592
7727719,642.0898319365652
7728720,719.988096656767
7729721,690.5145385010637
7730722,693.0126814196057
7731723,720.9294382760429
7732724,689.8022853266549
7733725,682.5554196339775
7734726,693.0403628007948
7735727,711.7284396935102
7736728,669.4609795156059
7737729,731.6323588540369
7738730,729.7558460616126
7739731,698.7823519149596
7740732,706.1515863696045
7741733,733.8930461713637
7742734,710.6561006048393
7743735,723.3155642074979
7744736,744.7893013230884
7745737,437.4213383056841
7746738,710.0235316768604
7747739,748.8962560788073
7748740,34.23679835095918
7749741,702.7243935406601
7750742,549.9627109168084
7751743,708.9091456179191
7752744,731.4199029739975
7753745,299.1609324339049
7754746,683.936735946181
7755747,657.1356302257446
7756748,719.1205641979226
7757749,707.3982900916251
7758750,728.8390753567918
7759751,702.6192466594445
7760752,696.7658497389115
7761753,716.2010384201656
7762754,713.8420997213112
7763755,686.132661363009
7764756,708.9956569003532
7765757,36.41546926905525
7766758,708.753595179494
7767759,725.521122812194
7768760,699.2418192496215
7769761,716.2239452333735
7770762,707.846200161362
7771763,214.1204883465674
7772764,719.3581801663655
7773765,748.2763716025858
7774766,736.5162013688476
7775767,738.6395353495943
7776768,661.4719143118843
7777769,416.29061154193005
7778770,712.2147595572143
7779771,711.0020621652991
7780772,514.2491259734294
7781773,711.6152664731902
7782774,721.8421070803522
7783775,721.9303233537378
7784776,722.5325350762566
7785777,682.0788219213482
7786778,584.9267489256258
7787779,691.8610266007505
7788780,679.8755522497087
7789781,701.3142887297631
7790782,739.3094840021364
7791783,709.3472403036221
7792784,522.3481749580608
7793785,700.69407345922
7794786,427.21410981007887
7795787,718.2566468312076
7796788,634.4827133831865
7797789,740.2198698176884
7798790,245.2353754350406
7799791,750.6157300930757
7800792,728.9960620985343
7801793,282.63799334604704
7802794,696.4178900583099
7803795,677.7483268656512
7804796,730.8643760895434
7805797,710.4223783623852
7806798,659.9336802186622
7807799,694.5074086450003
7808800,739.1438399462382
7809801,708.3565807962473
7810802,704.4214812954729
7811803,730.9730618406717
7812804,712.3267512268702
7813805,709.1602251243881
7814806,728.5472960267496
7815807,735.8628520801609
7816808,704.5008878827028
7817809,711.8948281254185
7818810,721.60599990469
7819811,715.6449056775243
7820812,692.9646776805768
7821813,706.5654927369636
7822814,36.3231466120005
7823815,730.18417726042
7824816,752.7216590577646
7825817,701.8641281497664
7826818,718.7074003306801
7827819,714.1408532140923
7828820,724.1607435524419
7829821,708.1661795072329
7830822,729.0956010830988
7831823,718.896479759793
7832824,716.4030404551834
7833825,707.1898886057809
7834826,713.8496366724065
7835827,720.0887272442963
7836828,708.5582101181178
7837829,737.5356612737618
7838830,697.9319474516263
7839831,696.3489309457427
7840832,727.3247906123559
7841833,668.859589159878
7842834,715.917092585977
7843835,730.1289704273677
7844836,688.8700772774058
7845837,712.9417671743017
7846838,709.869167917945
7847839,733.6634024543897
7848840,695.2015720731616
7849841,589.6094293520442
7850842,671.7851175059502
7851843,722.293835989257
7852844,725.0886184006084
7853845,717.28558434275
7854846,693.6351474983592
7855847,668.4575679606053
7856848,678.2400003261257
7857849,686.830880656941
7858850,723.0376473781839
7859851,754.6584238547772
7860852,696.1911519000171
7861853,707.8816595457886
7862854,685.2259083217133
7863855,124.40361498645848
7864856,699.3045231055852
7865857,707.5195824578244
7866858,714.2056736539171
7867859,707.1132727507672
7868860,704.2764971978045
7869861,714.1521792536308
7870862,688.7613237264478
7871863,730.1097961408834
7872864,743.1000955508383
7873865,697.802110440797
7874866,706.2060666797792
7875867,741.9441197347587
7876868,693.8975361260483
7877869,666.9406092055676
7878870,682.1532608411693
7879871,695.8189319649922
7880872,697.8173515332132
7881873,701.7514298698801
7882874,719.0952958534533
7883875,723.694062432717
7884876,726.0684620286138
7885877,720.6308343812528
7886878,716.1296461503549
7887879,718.2407079773781
7888880,699.5991564524268
7889881,681.1199303248156
7890882,675.7912087674033
7891883,693.1564102838897
7892884,122.87085684642952
7893885,703.9030622641055
7894886,719.9262257608926
7895887,710.0477302981226
7896888,707.7009646219194
7897889,732.7577569065163
7898890,166.8468466649857
7899891,727.3472172950989
7900892,722.7291435008337
7901893,708.4363815637131
7902894,373.63632005693285
7903895,712.1443520633279
7904896,726.4306759690513
7905897,740.3226957272288
7906898,708.7428266089744
7907899,718.1783473696373
7908900,685.1040025082623
7909901,697.8453199039509
7910902,747.444867190996
7911903,675.4641187303938
7912904,706.5166025513315
7913905,473.7321248058212
7914906,716.567169165815
7915907,712.2771641888803
7916908,661.540047866795
7917909,706.4454675553246
7918910,717.1852081125743
7919911,688.5357605687963
7920912,647.1776784964138
7921913,704.506140059937
7922914,677.6006076143187
7923915,709.5351169270941
7924916,684.6557631636751
7925917,733.3773783542788
7926918,725.1677750024377
7927919,695.3050432157005
7928920,704.7804923998832
7929921,681.6855864640929
7930922,726.8201116301706
7931923,693.5756434158649
7932924,656.0243602940583
7933925,714.332583036915
7934926,679.6679657048752
7935927,723.6290004802239
7936928,748.1434238454908
7937929,708.5142078397138
7938930,346.7960553407346
7939931,700.7827703230951
7940932,610.8552575662942
7941933,723.3637281977866
7942934,705.4401811424797
7943935,723.6463840877926
7944936,699.0375033062944
7945937,477.39509313810237
7946938,713.9143911695904
7947939,733.0997650457721
7948940,707.3829791166337
7949941,680.9695784770834
7950942,710.3607423821584
7951943,560.3615046342214
7952944,596.9664202543336
7953945,673.2088006948568
7954946,637.9776304438163
7955947,694.3441579573362
7956948,690.0673635878542
7957949,700.4656638681425
7958950,738.3160061820624
7959951,723.7508935604938
7960952,723.7391941529452
7961953,643.0254338843255
7962954,686.8057442991154
7963955,755.7747027455755
7964956,702.9082613607599
7965957,723.4833321232333
7966958,713.9225927244512
7967959,727.5993295266002
7968960,714.9104676371626
7969961,730.9132082763691
7970962,737.3162572574237
7971963,709.9315304550313
7972964,683.6970476022011
7973965,724.0825967589153
7974966,721.2830361747153
7975967,715.1904527701092
7976968,692.4857451884906
7977969,511.64744488788466
7978970,686.7624604994584
7979971,739.8953460104187
7980972,710.6403455520984
7981973,731.9423416942072
7982974,730.8136408251848
7983975,674.6406234060834
7984976,681.476954124421
7985977,702.5636457514631
7986978,715.778731283056
7987979,719.0193673598669
7988980,694.3599206054225
7989981,715.2958249025597
7990982,711.8033336486196
7991983,672.7960327178503
7992984,659.2937066649597
7993985,684.8080264216442
7994986,643.2123831220422
7995987,725.7716389415795
7996988,697.2968619501212
7997989,696.9510365815121
7998990,679.6952531179815
7999991,679.2362678091043
8000992,723.4453638050442
8001993,711.7291831761848
8002994,699.6918473469569
8003995,636.7647476626832
8004996,678.2316595355616
8005997,692.2924167487964
8006998,214.9047750956055
8007999,705.8722867424274
8009000,693.1173348546267
8010001,681.1490212183027
8011002,711.0555533216898
8012003,707.5781741168007
8013004,707.8422887782939
8014005,707.332351583775
8015006,710.1742529830046
8016007,678.3173655237259
8017008,722.1564636759949
8018009,708.6782574803796
8019010,717.2870232373255
8020011,708.3603752608241
8021012,708.2032670920117
8022013,723.2601502085155
8023014,690.0312565825524
8024015,715.4630963555913
8025016,707.658458091143
8026017,706.5417489276498
8027018,698.7076902322636
8028019,723.6541296516236
8029020,715.3198161787698
8030021,697.0494758604135
8031022,712.7901372333037
8032023,724.1135005146656
8033024,728.0342173551924
8034025,699.3076529664598
8035026,716.2156046263162
8036027,738.904199186659
8037028,712.1041331076751
8038029,711.7091133694438
8039030,705.7433792727609
8040031,724.4469245422558
8041032,679.2065929880445
8042033,693.4135891250007
8043034,728.9530821201198
8044035,692.2293613009131
8045036,732.6774815146584
8046037,601.2968061031813
8047038,678.250201113954
8048039,728.2764678542515
8049040,728.5050397578622
8050041,728.9985409417156
8051042,713.8166943655564
8052043,725.8047706915122
8053044,688.4289183444288
8054045,705.1600859295597
8055046,700.3871887069281
8056047,736.8052478246032
8057048,674.2663390507614
8058049,738.3384821827133
8059050,720.5195489091946
8060051,717.8452836705839
8061052,747.4597712002394
8062053,682.620806936189
8063054,748.3336225601914
8064055,718.7569028717138
8065056,679.6309727298864
8066057,727.3164465046418
8067058,732.3936936981548
8068059,713.5039186817392
8069060,724.9070469461185
8070061,727.1076676069329
8071062,709.1809700841899
8072063,693.511625956306
8073064,710.2289918808044
8074065,724.2369244388552
8075066,709.7760893189952
8076067,708.1473300544791
8077068,661.36817505695
8078069,712.1633357889359
8079070,677.2388020488071
8080071,727.2051482475304
8081072,703.6056676198248
8082073,738.0378797661817
8083074,717.6964369603108
8084075,723.2063770266066
8085076,730.3712265098732
8086077,704.3404745842608
8087078,727.3226297877749
8088079,684.8238743535277
8089080,726.7316610560038
8090081,683.3605797535322
8091082,729.445624751911
8092083,705.4460653290272
8093084,714.5208495235163
8094085,691.9879902491014
8095086,702.9394855236596
8096087,730.5238977225897
8097088,724.0162278660708
8098089,708.0272576392938
8099090,696.8461642989859
8100091,711.1083303134618
8101092,707.6580957118897
8102093,706.0435838016099
8103094,720.2719029234039
8104095,728.5972129710495
8105096,719.093723329768
8106097,731.18654289607
8107098,722.7018143995066
8108099,721.1988389454662
8109100,708.8817074696149
8110101,695.1907740522854
8111102,725.5247898755399
8112103,675.2638703368505
8113104,654.7743174584496
8114105,698.9362667985265
8115106,705.4047827846798
8116107,698.0625320884275
8117108,715.5900503113568
8118109,711.3012657376145
8119110,697.9346432727109
8120111,697.4118627824952
8121112,725.1023355454033
8122113,728.7895432254111
8123114,668.6928137092565
8124115,705.8337991602571
8125116,711.1493793239404
8126117,675.6481089890227
8127118,710.2773885688717
8128119,750.190908530799
8129120,689.3032497581358
8130121,660.3988970470108
8131122,638.9063353232298
8132123,729.9517836205029
8133124,710.9919606732058
8134125,721.2767851646001
8135126,687.613968203804
8136127,719.3924601675379
8137128,692.1688075202295
8138129,714.5265555075033
8139130,719.4595735349677
8140131,710.4072269750478
8141132,737.0418749893108
8142133,721.6906342061916
8143134,712.4132126999751
8144135,716.3722942219006
8145136,696.0959000639581
8146137,707.5731929853863
8147138,723.0226732680711
8148139,710.2720750232783
8149140,726.6037813050838
8150141,689.7466456350556
8151142,711.9018859995215
8152143,703.5502456790532
8153144,676.6510515445244
8154145,739.0564913954016
8155146,722.0108868060373
8156147,697.0204783045119
8157148,674.719395555512
8158149,716.4703073952803
8159150,739.4445468374081
8160151,662.7973577372406
8161152,719.0586017119621
8162153,729.6005843931305
8163154,730.4593019110383
8164155,718.24888761333
8165156,752.2869476851339
8166157,716.890058506111
8167158,710.533662057373
8168159,717.6910358038838
8169160,690.2555364098697
8170161,639.2288938338517
8171162,732.3915049693002
8172163,699.6412183069134
8173164,692.342210169016
8174165,239.1778824175688
8175166,694.5235472229554
8176167,710.1305286030363
8177168,615.5944748158914
8178169,709.4328359093078
8179170,712.6259899022674
8180171,712.8677584628612
8181172,723.1652767681267
8182173,692.4520750738866
8183174,731.4278469864659
8184175,715.0554965161616
8185176,693.0120491672619
8186177,742.7265393254016
8187178,736.9996692198586
8188179,707.8035161771859
8189180,649.2516909734499
8190181,705.1806602191082
8191182,685.4737818814544
8192183,715.6664381991193
8193184,712.5274653689681
8194185,710.0771152131379
8195186,686.8566451343987
8196187,735.5567229357612
8197188,706.8446145881833
8198189,684.0675669539643
8199190,683.5158840295056
8200191,714.0199117520708
8201192,713.6729195105552
8202193,704.0178409175348
8203194,697.0904174902827
8204195,711.8776603530453
8205196,695.8878982780981
8206197,710.9385498700852
8207198,707.6149253604113
8208199,685.4455594429129
8209200,701.7947830771377
8210201,697.0524622149492
8211202,682.1065028661851
8212203,619.5324874950736
8213204,736.7763987113644
8214205,724.3646182432991
8215206,711.4699901859415
8216207,702.6630021973915
8217208,719.3190714463132
8218209,689.9020739790755
8219210,727.280406837062
8220211,689.1825051397125
8221212,715.28501187782
8222213,700.1587920416249
8223214,369.22308101066665
8224215,705.3836391494121
8225216,555.4323279758083
8226217,700.1815542581095
8227218,719.4082854126858
8228219,687.8743188025118
8229220,709.1738918086912
8230221,351.9882425888814
8231222,680.1907334745827
8232223,742.7591236928776
8233224,592.2728755350895
8234225,733.9286682411775
8235226,727.6754139722277
8236227,708.2217006616945
8237228,701.9349203004049
8238229,685.2027474468491
8239230,725.2676016961575
8240231,693.471798173404
8241232,544.4888218760474
8242233,682.5752325613744
8243234,711.3810189104881
8244235,651.2378689681505
8245236,688.7479396945417
8246237,699.8095265176926
8247238,723.7324682159161
8248239,709.5793924484068
8249240,674.5030161081099
8250241,707.2370371303504
8251242,727.1550748145042
8252243,715.4846245362862
8253244,698.4694194484262
8254245,717.5254581587934
8255246,698.8763954454835
8256247,718.1603665904678
8257248,680.3068894989093
8258249,713.7584635481479
8259250,663.8342466990301
8260251,727.2323311701755
8261252,709.2372200814611
8262253,683.5405465624426
8263254,716.0503887325738
8264255,696.414899941746
8265256,716.4370065145201
8266257,717.6149194998904
8267258,694.8304978603774
8268259,724.3524143116708
8269260,705.8762295802208
8270261,481.47408612192487
8271262,714.0152902024788
8272263,704.7895717607952
8273264,725.4552164926845
8274265,723.9458937269745
8275266,623.8252213048254
8276267,687.9560216857868
8277268,731.1142360112309
8278269,687.2367060447309
8279270,719.4674181112356
8280271,715.290763444498
8281272,697.4715171494597
8282273,604.2566892297104
8283274,725.9155434443043
8284275,710.8350691700065
8285276,725.4845559772393
8286277,693.1995063004782
8287278,663.1130462562097
8288279,696.4431421406873
8289280,704.8603582383097
8290281,707.7566277795823
8291282,671.2441147024649
8292283,663.0828212192007
8293284,723.7672090650071
8294285,710.8903272459728
8295286,695.9524856556211
8296287,719.6537271846584
8297288,700.9562222173137
8298289,687.5436591726364
8299290,667.3888445776628
8300291,693.7123696218333
8301292,664.9406728981996
8302293,653.9640687400637
8303294,140.47716910953224
8304295,722.9437325709173
8305296,732.2977442903328
8306297,653.9479342658614
8307298,684.333065561071
8308299,728.3307938047238
8309300,690.3400493191964
8310301,687.8109922965109
8311302,645.574257894488
8312303,134.46583624671558
8313304,693.9412669205635
8314305,730.8972001325787
8315306,707.6916733577046
8316307,711.6610923271369
8317308,691.7571707574606
8318309,729.2030413906595
8319310,715.2414115351836
8320311,722.7114677090821
8321312,671.1892907590326
8322313,680.8274122177298
8323314,719.3848474339019
8324315,700.4855512149561
8325316,718.6122197404355
8326317,718.2767367281774
8327318,712.5387068784117
8328319,722.4133876158285
8329320,706.362719842487
8330321,706.1657336350216
8331322,688.5351152867886
8332323,704.7950833225274
8333324,662.5909432951432
8334325,710.7494439275855
8335326,715.1575254799428
8336327,676.895464850866
8337328,692.4777592075468
8338329,733.7074486724855
8339330,743.9472894913802
8340331,694.0498059911826
8341332,706.8547054338031
8342333,708.3390254675439
8343334,706.0504799554946
8344335,721.8840483641109
8345336,704.7490305777206
8346337,729.7503476056376
8347338,740.621564257687
8348339,699.4509836847325
8349340,722.4265796223298
8350341,730.5589264080943
8351342,701.2350439916876
8352343,691.9856886927555
8353344,701.0378521428064
8354345,719.8856395148671
8355346,726.7072685877416
8356347,693.6677778134273
8357348,708.3626784194465
8358349,655.6254672020966
8359350,713.1842358059446
8360351,729.0783042579117
8361352,713.0348536495787
8362353,710.6975188253625
8363354,714.1324594445638
8364355,728.0249269852616
8365356,482.7125939056092
8366357,342.00103122371615
8367358,703.6144466967278
8368359,709.4620738650838
8369360,711.4953365431026
8370361,708.5584364136465
8371362,718.6673158442635
8372363,691.8108994860343
8373364,728.8660879136178
8374365,700.4789545180328
8375366,723.896615589448
8376367,692.0359140383033
8377368,108.53284815585985
8378369,728.0264967192776
8379370,634.9352045983193
8380371,734.5776742220578
8381372,706.2503174254258
8382373,714.4200401156895
8383374,555.0297065733531
8384375,679.3136588438375
8385376,709.285502065643
8386377,725.4317082977926
8387378,753.6860464767389
8388379,709.7323974536491
8389380,685.3252108999664
8390381,726.3044097639864
8391382,707.6934256407861
8392383,725.3748347500587
8393384,710.2555036443908
8394385,716.5327868091654
8395386,729.1084679803646
8396387,731.2605281453558
8397388,731.0309436370007
8398389,661.3451863168258
8399390,726.5189711232289
8400391,718.2553732485279
8401392,699.4820781700636
8402393,699.1952320824591
8403394,49.9787189026968
8404395,723.1497298572727
8405396,711.8691192391107
8406397,727.3193150213506
8407398,745.1598635642093
8408399,675.424784522291
8409400,705.7344565245646
8410401,717.9597468620334
8411402,731.4593160788781
8412403,710.9969075720117
8413404,702.9214994011
8414405,720.9429833930849
8415406,695.6637099331765
8416407,713.3370111966235
8417408,715.1210230605109
8418409,689.0687393208649
8419410,703.1176440181093
8420411,732.2945697945174
8421412,697.4001381429304
8422413,692.534237239358
8423414,689.4695594769579
8424415,722.49735311791
8425416,712.5762345472313
8426417,268.1871962587444
8427418,726.6288273913134
8428419,728.908631621835
8429420,708.6962224537513
8430421,646.3874766259341
8431422,648.1684914570919
8432423,654.4044399364
8433424,688.8758165878697
8434425,722.6566766645227
8435426,714.1142687289035
8436427,699.649725901925
8437428,692.678456035626
8438429,700.4678960943304
8439430,713.3208395068277
8440431,683.1267705360134
8441432,685.3667595144748
8442433,686.1873112063009
8443434,712.406235872041
8444435,716.2078526688124
8445436,737.7809633659391
8446437,721.5578506085195
8447438,660.5963796570751
8448439,718.4480075025667
8449440,690.2070064136019
8450441,698.971849366301
8451442,734.7686965272582
8452443,718.3187328395949
8453444,704.469768787045
8454445,710.5597054932783
8455446,735.4245002536458
8456447,700.1123368450923
8457448,645.2914681066899
8458449,745.070827275216
8459450,719.1935361188055
8460451,713.1286566263391
8461452,639.422828538001
8462453,715.101883409345
8463454,704.1212543617888
8464455,714.7886745457157
8465456,701.5909868816937
8466457,724.4292830848906
8467458,721.7224750921739
8468459,658.5160186210322
8469460,742.479006763262
8470461,725.5026653504102
8471462,682.8252416692989
8472463,694.7533521074602
8473464,702.4600617359002
8474465,723.7723141455427
8475466,721.0574440479947
8476467,689.8469341690028
8477468,174.04128826632714
8478469,716.7904986023085
8479470,716.0274586069268
8480471,699.2308337399836
8481472,704.7736457347729
8482473,708.940705323686
8483474,697.7141424945032
8484475,696.6724219355884
8485476,726.8185145312638
8486477,700.6022716904998
8487478,727.9517487489696
8488479,714.9431582036452
8489480,733.0309476219904
8490481,688.3836457466062
8491482,711.5626901413957
8492483,707.0441343197544
8493484,739.940412756493
8494485,719.4775577467971
8495486,708.369640790193
8496487,725.4239488605172
8497488,665.5133952430937
8498489,710.3372572276393
8499490,714.6880775936723
8500491,724.9726966386143
8501492,692.2289565933353
8502493,712.8016238305395
8503494,698.0718647314211
8504495,674.3410434086422
8505496,722.4833762864017
8506497,688.2168831915726
8507498,717.3670730269929
8508499,710.3443977199519
8509500,720.5284829707869
8510501,670.0900708828779
8511502,697.984914722092
8512503,712.4123371934572
8513504,700.3288503454963
8514505,729.7214522801596
8515506,718.8254087363694
8516507,728.1485176057272
8517508,731.6723403275957
8518509,721.8954939419395
8519510,723.4240527472261
8520511,693.0975171096146
8521512,725.1997691124554
8522513,719.5765966073246
8523514,724.8085229738016
8524515,715.0766523869374
8525516,726.7604275973041
8526517,654.2532239328195
8527518,723.6920185234636
8528519,703.9380500679579
8529520,701.5351802966693
8530521,710.1645303284721
8531522,690.657599254504
8532523,711.0762422593306
8533524,710.9264668315114
8534525,722.8336103245342
8535526,716.683346455557
8536527,723.2914705542314
8537528,721.2900979583827
8538529,717.0314784623394
8539530,708.942849515481
8540531,718.1688453684898
8541532,702.3739481235775
8542533,405.6640778486188
8543534,640.544086727288
8544535,700.1848229617074
8545536,715.7606276340546
8546537,708.2403063034155
8547538,699.4527669108087
8548539,721.2069896149194
8549540,707.1562678591638
8550541,713.0282074369046
8551542,724.7821245864166
8552543,737.5780223109143
8553544,720.4969009027259
8554545,315.43757758219004
8555546,687.5664628980653
8556547,718.3252056211585
8557548,729.2004112087069
8558549,723.234242375234
8559550,718.9630996644635
8560551,720.0244058026447
8561552,718.2904492256597
8562553,725.4441882848907
8563554,684.6316921073278
8564555,715.7921928301021
8565556,748.9615076082716
8566557,724.1469855379775
8567558,727.5877643091413
8568559,720.1341814378474
8569560,724.1396467778252
8570561,721.9612689032994
8571562,719.913739241949
8572563,695.7574044067709
8573564,350.5772717980175
8574565,699.5499783469975
8575566,653.2133689276434
8576567,708.5485635072099
8577568,733.1159839855194
8578569,721.7922372086531
8579570,716.2640594087184
8580571,703.2267064516611
8581572,679.8345499482062
8582573,660.0105894998712
8583574,683.1237738173542
8584575,716.813919110065
8585576,701.1651309451553
8586577,562.3427137206195
8587578,710.8922074602934
8588579,695.3664534998998
8589580,725.3670578174064
8590581,731.7068816007405
8591582,711.4649331046213
8592583,736.2329932114161
8593584,705.2976443386405
8594585,724.5071413432413
8595586,722.3593510471134
8596587,718.4911739582071
8597588,734.6948729401619
8598589,735.8661966012187
8599590,705.4848969506941
8600591,646.0548178060687
8601592,717.4537761404099
8602593,695.9403952391955
8603594,693.4511667950541
8604595,709.4205455162308
8605596,717.8232593803694
8606597,706.2631126153796
8607598,703.7582166941597
8608599,738.2162511619748
8609600,714.680600424668
8610601,712.0271649150914
8611602,709.7690899449696
8612603,714.3426509366698
8613604,714.9365152394745
8614605,705.1114511537193
8615606,733.5592188434719
8616607,713.9905820287415
8617608,701.1755541962176
8618609,715.438651096777
8619610,664.9519141299005
8620611,723.0612774281186
8621612,693.0622283057246
8622613,40.057838783765085
8623614,668.6333634804768
8624615,719.039547183856
8625616,718.2387979283442
8626617,674.3471095447816
8627618,725.4454707446127
8628619,713.7778271002372
8629620,732.4493716686422
8630621,724.8805856385045
8631622,723.6255576002761
8632623,704.9696153777979
8633624,670.7108769870863
8634625,700.6963647070972
8635626,750.1877765985025
8636627,714.3814543659648
8637628,608.5211250078712
8638629,702.7423091665189
8639630,699.9402007849103
8640631,696.4329293736055
8641632,709.1954862792492
8642633,703.8395379507331
8643634,661.4400757692824
8644635,661.3027659177668
8645636,736.6187997669108
8646637,728.858725868659
8647638,734.2999594596615
8648639,719.3384389749687
8649640,701.9705382158404
8650641,726.9714280345846
8651642,731.7856274272665
8652643,734.9920323170431
8653644,703.9729901997237
8654645,692.2920686407757
8655646,709.6669260274181
8656647,705.5308092430702
8657648,736.3460272644675
8658649,721.3729795391944
8659650,726.3496600358025
8660651,726.7782780104852
8661652,715.3623155648102
8662653,690.9465927072187
8663654,717.6395437593061
8664655,702.5655119255033
8665656,707.9061769176349
8666657,734.9996840966417
8667658,708.2076742568966
8668659,699.4170217682762
8669660,697.0336101416278
8670661,701.7023730390488
8671662,546.0967390778984
8672663,731.6154321840919
8673664,720.3773004273835
8674665,692.1155681919644
8675666,661.4445654527027
8676667,715.9677065960431
8677668,703.8536362262263
8678669,710.8120041995769
8679670,709.8363767537516
8680671,697.0025834521924
8681672,718.9201872898155
8682673,667.6846170346151
8683674,709.1395890397322
8684675,689.8805089414557
8685676,716.4681971283493
8686677,699.909882831119
8687678,637.2807885821461
8688679,717.1964875159831
8689680,637.9054809474213
8690681,676.640635022057
8691682,726.8100169352135
8692683,698.7317735704477
8693684,677.9740914115364
8694685,686.7716222252168
8695686,719.757966234336
8696687,726.2483891929513
8697688,726.617143513774
8698689,710.6304310636821
8699690,695.774661310121
8700691,727.4247108324627
8701692,705.7692064462074
8702693,711.7875879584218
8703694,684.752028601404
8704695,709.977818068148
8705696,330.52495188371256
8706697,702.7575947505737
8707698,717.3467986795372
8708699,704.4403955622516
8709700,735.2294904921672
8710701,716.4661580248043
8711702,692.1060837372287
8712703,698.8492268188045
8713704,724.2395629638364
8714705,685.4590088713646
8715706,711.0944632345256
8716707,602.3838499400168
8717708,682.6889383053408
8718709,673.2616383049773
8719710,691.3451132123595
8720711,660.6317088813753
8721712,699.7746791810099
8722713,701.2779155520176
8723714,720.2913195410893
8724715,726.6600885213892
8725716,711.388972329673
8726717,665.6481584171697
8727718,706.9857528166858
8728719,700.9449578927329
8729720,707.382235683288
8730721,677.8963370652563
8731722,725.9378475748717
8732723,685.5628231595895
8733724,668.7823819336234
8734725,678.4319319411102
8735726,719.9963613052861
8736727,707.289242754561
8737728,685.7313290065713
8738729,679.3285877586342
8739730,702.6624707420566
8740731,712.9605710274503
8741732,727.8667232352957
8742733,721.7072405444275
8743734,249.53329676919472
8744735,691.3508253289582
8745736,671.4729507628491
8746737,730.9236981934549
8747738,687.8429052746806
8748739,722.6369454682753
8749740,685.1518638022628
8750741,669.659505420648
8751742,725.28225571898
8752743,730.4485257517325
8753744,723.040074769999
8754745,684.7279790331128
8755746,687.9773912400937
8756747,672.2534658828312
8757748,707.4953798523894
8758749,702.0180453459899
8759750,720.7559912427743
8760751,731.6702783803731
8761752,738.0511983262044
8762753,727.9609707138594
8763754,720.5811098937373
8764755,720.5530537756895
8765756,714.527255503029
8766757,716.6962201550466
8767758,684.4362400121099
8768759,707.3851149078549
8769760,707.9295852288157
8770761,690.0550362793034
8771762,730.311142551281
8772763,692.8284261962763
8773764,721.657503898286
8774765,734.1186296524513
8775766,679.8545413218624
8776767,656.1213440552949
8777768,702.1803117665555
8778769,713.2938874997811
8779770,713.3545667257251
8780771,698.8394643791877
8781772,710.5893701257938
8782773,693.668644313394
8783774,624.8946036027994
8784775,662.3338236169376
8785776,716.9666564347771
8786777,710.117567533728
8787778,687.4730844048902
8788779,701.0753252714804
8789780,641.8273412847393
8790781,712.9026764489487
8791782,683.967544467217
8792783,304.4866339029597
8793784,651.3110583207018
8794785,714.9981561885313
8795786,719.5068597442202
8796787,691.5369121757149
8797788,676.2197663976623
8798789,690.165589040387
8799790,704.4040570906841
8800791,626.3926135942752
8801792,712.4715936557666
8802793,682.6048735788488
8803794,665.9551949853596
8804795,713.471895109309
8805796,681.6757243941711
8806797,622.4997059832759
8807798,711.1154730717107
8808799,701.8689615490002
8809800,699.1187387735304
8810801,699.16124716393
8811802,729.1220424354864
8812803,706.2370439459886
8813804,690.956143138004
8814805,712.993246419797
8815806,721.798382788943
8816807,705.1711166557288
8817808,709.8060608628732
8818809,691.8029876291074
8819810,723.58311696582
8820811,674.8564809838123
8821812,382.32012606249396
8822813,729.1506189563316
8823814,726.5823957146545
8824815,691.0524244122154
8825816,712.9135671730078
8826817,657.6300687517772
8827818,713.9576856717373
8828819,724.1861072026126
8829820,702.0864110029571
8830821,721.7911534525394
8831822,669.9108709967254
8832823,704.9542978470437
8833824,693.1437312576171
8834825,660.0876415238624
8835826,668.253599599809
8836827,733.1886403567946
8837828,549.2040244502048
8838829,692.3461507258727
8839830,712.5383183790933
8840831,707.461044845938
8841832,698.3469693874412
8842833,731.3609818146973
8843834,697.5770605120938
8844835,721.5802791654552
8845836,708.3493420636648
8846837,703.6626262418564
8847838,685.5813130559858
8848839,710.246213447319
8849840,719.2538995044961
8850841,705.6786954698617
8851842,681.3499296570836
8852843,716.0342114667919
8853844,704.6298612914469
8854845,709.755220446821
8855846,704.2957039892623
8856847,708.8160362349441
8857848,735.1451372084744
8858849,725.0888958522119
8859850,705.1425699276383
8860851,709.86865885675
8861852,707.5548876216626
8862853,688.2101463644606
8863854,680.7687108643374
8864855,707.6174878672545
8865856,729.732617510197
8866857,700.5067813714038
8867858,734.4680688437916
8868859,695.2060301993604
8869860,597.2791767495556
8870861,695.6945181043417
8871862,723.3694203277615
8872863,704.6445354403834
8873864,635.4184966581338
8874865,724.7499042980429
8875866,683.5130417964102
8876867,677.0785346518296
8877868,713.3868605944995
8878869,738.2990665809644
8879870,702.5455152968516
8880871,717.8146236573467
8881872,677.8905208132616
8882873,694.8602328478546
8883874,734.3870477525899
8884875,691.7895952193785
8885876,667.8413173583428
8886877,711.7064134572922
8887878,741.4032125291674
8888879,743.9849768273488
8889880,748.4583393609742
8890881,718.913486779115
8891882,713.1802458700096
8892883,696.5104769983188
8893884,696.1162591169606
8894885,683.5192963550422
8895886,680.8055916830447
8896887,721.103883342415
8897888,668.043319966464
8898889,692.0012083109291
8899890,685.6802830302807
8900891,712.4233616059358
8901892,694.2092914992005
8902893,711.8110197487259
8903894,740.8532875767114
8904895,712.2519854184966
8905896,681.147155119541
8906897,448.2960015849823
8907898,677.1877690120184
8908899,717.557386126289
8909900,723.0594059829629
8910901,709.5822534866904
8911902,722.1136068439283
8912903,706.4163515252626
8913904,707.1162037458001
8914905,674.5221982028733
8915906,697.3748256053934
8916907,709.3392697068813
8917908,667.1434642657503
8918909,703.4968563479017
8919910,699.7465341212928
8920911,725.0178671333737
8921912,705.8726504502336
8922913,696.6213994999853
8923914,704.4713247480147
8924915,716.5373302416667
8925916,697.1275790040437
8926917,706.0619793203365
8927918,704.0730380513455
8928919,736.6468078650528
8929920,702.3102569464198
8930921,680.5620385394914
8931922,729.6588691463154
8932923,667.6013616386496
8933924,698.461213135638
8934925,661.5855399055613
8935926,725.8662599141
8936927,711.2793645697061
8937928,701.5417028390672
8938929,709.5159366989071
8939930,726.2220289068872
8940931,733.5304471811224
8941932,694.1166994322791
8942933,708.2241210810648
8943934,713.202036399804
8944935,723.9166280692629
8945936,724.7492676139663
8946937,699.5030209548462
8947938,701.1521160889514
8948939,711.646406970546
8949940,670.118131853412
8950941,704.1469214753921
8951942,703.3483690375779
8952943,693.0408328350172
8953944,703.2909888099985
8954945,135.04764905708905
8955946,571.9849727863564
8956947,713.9792092817618
8957948,713.1830071868245
8958949,474.24704300484564
8959950,730.6172355677754
8960951,710.0401533340029
8961952,659.4678516603697
8962953,711.3098734740659
8963954,685.8786802818407
8964955,683.5711756033047
8965956,718.5343111456434
8966957,716.2159387180106
8967958,725.9556445261645
8968959,725.8408312937092
8969960,701.4593250560914
8970961,720.0119273208239
8971962,702.1584838219048
8972963,696.945448178225
8973964,686.0248664901474
8974965,706.7929500911396
8975966,696.3105637229808
8976967,699.334646092225
8977968,711.6504972730745
8978969,707.1847747466953
8979970,680.8016433019804
8980971,682.0522805639192
8981972,685.4419989009084
8982973,710.8810142156581
8983974,605.6254834623508
8984975,680.1011872388607
8985976,681.3992781388996
8986977,704.253417374439
8987978,729.3366515340765
8988979,731.4003245317072
8989980,709.9559342656728
8990981,716.1401426590364
8991982,710.9664571584425
8992983,642.8281822689651
8993984,660.4980121789133
8994985,713.7380457394573
8995986,711.0870490660149
8996987,530.1974760596659
8997988,712.8827958059144
8998989,681.3215128955037
8999990,710.7910964295914
9000991,669.1387704312589
9001992,725.1740580311246
9002993,109.35829783449293
9003994,728.2069532802924
9004995,723.136953555921
9005996,699.3341070354179
9006997,695.0040532795223
9007998,692.6223195130416
9008999,726.8768358611776
9010000,691.7048128369897
9011001,717.6360126438459
9012002,718.0001491613964
9013003,715.9919577557533
9014004,705.9938356422115
9015005,706.123522496037
9016006,656.1520649100338
9017007,703.9032473044597
9018008,743.5169959443193
9019009,691.6091725273164
9020010,667.2842574746794
9021011,690.3454905163183
9022012,674.1199087494746
9023013,661.2094428179067
9024014,743.4762256482986
9025015,707.5131056341934
9026016,671.5946003412914
9027017,39.87419481025341
9028018,469.68515684547543
9029019,677.9902421246832
9030020,619.8685775739629
9031021,722.8491823747027
9032022,634.6104868154446
9033023,730.1901766424174
9034024,703.856787102542
9035025,658.6319325664222
9036026,719.546384018082
9037027,701.6838617177458
9038028,672.7423368371083
9039029,725.7499536633107
9040030,675.2453277230178
9041031,712.3507885792388
9042032,727.7501429535369
9043033,651.5745846452169
9044034,701.3795732716003
9045035,717.431798401924
9046036,709.9377496301644
9047037,752.4316172058451
9048038,725.1274953535275
9049039,717.5288761173899
9050040,729.7713885141953
9051041,698.1526625776099
9052042,689.6896018656823
9053043,704.8071586892884
9054044,670.7882891947313
9055045,714.7948354768655
9056046,737.6508231620511
9057047,718.2067738681241
9058048,713.4676240711792
9059049,712.5113100268421
9060050,678.2387846277884
9061051,711.775416502257
9062052,677.4267825430819
9063053,699.9578179548818
9064054,734.2077532786062
9065055,701.3592759453492
9066056,697.4329554171507
9067057,722.7987873367281
9068058,711.8515368977254
9069059,749.1048195614909
9070060,701.3514239028947
9071061,701.6076296675432
9072062,707.0548332449207
9073063,701.2109533121419
9074064,703.5771464937613
9075065,603.4111533082161
9076066,687.0503420010798
9077067,723.7134807523438
9078068,722.5242946652902
9079069,700.3947300509041
9080070,730.6351191325998
9081071,675.4067489792076
9082072,718.7328388310366
9083073,756.8778583881466
9084074,696.1946289592835
9085075,49.19729917512197
9086076,701.0629667733068
9087077,708.6022477020275
9088078,698.9833463266317
9089079,717.0074150603172
9090080,706.1919585399785
9091081,718.3005966419971
9092082,690.5678607851969
9093083,721.438351583309
9094084,718.821104904797
9095085,648.6917809887022
9096086,698.6782521086096
9097087,715.4051284322738
9098088,710.7884842869196
9099089,687.1146944787092
9100090,718.4068106454597
9101091,725.3558540815313
9102092,728.7729976635931
9103093,695.5919156906939
9104094,640.8556026723775
9105095,736.483544810909
9106096,674.650448974271
9107097,674.1579511143481
9108098,677.4598861789034
9109099,693.4953649591502
9110100,699.7640358729521
9111101,679.1847001043205
9112102,710.5657477818378
9113103,682.2378650814807
9114104,688.5288062815134
9115105,669.1811381891738
9116106,715.8910199845276
9117107,730.9905890675659
9118108,725.7124684308692
9119109,734.5686594904167
9120110,706.335234291771
9121111,678.3107171973451
9122112,724.6656786198764
9123113,71.51524436793913
9124114,708.8936451557989
9125115,362.48602925530827
9126116,714.6066417734135
9127117,709.7530053017106
9128118,674.1401019050279
9129119,709.0378518577178
9130120,718.2576433881344
9131121,711.4714926144035
9132122,713.9443030207425
9133123,734.576131554505
9134124,677.9235358562676
9135125,696.335375083443
9136126,709.4612158272575
9137127,696.7913979567188
9138128,721.2884791721417
9139129,672.1844221202156
9140130,669.2935149810153
9141131,709.139473360142
9142132,691.3710182558209
9143133,697.5729724881965
9144134,707.0500443755835
9145135,714.9190486448549
9146136,730.1704502960297
9147137,703.5275467100033
9148138,656.1742759399165
9149139,672.8083103487671
9150140,710.2676913668407
9151141,745.1475709319446
9152142,688.6400447233187
9153143,665.8576074564928
9154144,676.7610887561457
9155145,693.6914314465414
9156146,741.1839878469248
9157147,707.1981626333633
9158148,658.7387629231163
9159149,720.0885179007305
9160150,688.6821089802304
9161151,733.364149232017
9162152,706.6256578800763
9163153,736.6414441637592
9164154,92.64500561998229
9165155,718.8711263334791
9166156,709.1789225774891
9167157,681.4483925088381
9168158,709.2950774233483
9169159,709.400300411358
9170160,688.4022945902361
9171161,701.0799899629769
9172162,710.0473007867389
9173163,719.8853156534595
9174164,720.4802459948584
9175165,660.4394534303373
9176166,710.5498015859297
9177167,650.2296474253
9178168,669.9890419976338
9179169,716.5247841644642
9180170,737.9514667278761
9181171,718.5908938403795
9182172,718.0159803527257
9183173,608.6602587992534
9184174,732.958183696669
9185175,677.9677484579789
9186176,738.1292276950782
9187177,716.1431240263362
9188178,687.3464004695694
9189179,729.385481580309
9190180,718.2202020522183
9191181,696.6645749816252
9192182,696.0885974583781
9193183,682.0795977574796
9194184,719.2363292292131
9195185,681.4137632529532
9196186,701.3768450327545
9197187,709.2483990664691
9198188,677.0960761091836
9199189,724.0898904015228
9200190,700.6460350710072
9201191,694.2181174869563
9202192,725.4937775946588
9203193,696.5640271949255
9204194,702.5478965429818
9205195,729.9776585261735
9206196,684.8754091273694
9207197,701.5544269667944
9208198,719.5803405016708
9209199,710.7467279851155
9210200,690.419142677002
9211201,686.0100122807286
9212202,723.1766331848524
9213203,700.1931956314285
9214204,687.0469066437598
9215205,641.7999242221128
9216206,639.6761976294346
9217207,717.6704872232569
9218208,679.8111393879876
9219209,721.1549615016563
9220210,660.8787870477561
9221211,729.1215637338609
9222212,718.2994677890935
9223213,699.0581399630493
9224214,686.8056846057085
9225215,679.513812257609
9226216,738.544222703383
9227217,671.2871700821073
9228218,724.3991918436626
9229219,723.9592087860942
9230220,686.058271358565
9231221,607.7962620778828
9232222,689.4630393075342
9233223,705.2802099285082
9234224,727.9124752640336
9235225,725.7842280812401
9236226,691.3527661577872
9237227,715.8083225660738
9238228,732.1995546661205
9239229,716.0860550927949
9240230,719.5912351887647
9241231,688.2323985863756
9242232,667.3967742224639
9243233,695.3787646734718
9244234,703.8335177724178
9245235,707.2421809098474
9246236,703.3131023759775
9247237,703.737537319468
9248238,689.1847643613112
9249239,723.3510013580049
9250240,671.8151361635714
9251241,733.6454895446765
9252242,683.9877919338768
9253243,689.8788194680448
9254244,737.0836114945066
9255245,652.5136206154818
9256246,639.5424749339406
9257247,718.4900627790333
9258248,729.7840414381404
9259249,704.4977356975733
9260250,697.2042611769972
9261251,713.1306992960747
9262252,734.3084304240607
9263253,690.061201632526
9264254,699.4620105728291
9265255,39.56883883502522
9266256,706.3786274277576
9267257,723.1820203823502
9268258,687.1082316966134
9269259,684.570647615285
9270260,704.631980023141
9271261,705.103146159016
9272262,702.8201273717884
9273263,700.2626800303817
9274264,686.6478445266332
9275265,719.683876211039
9276266,688.8232957982084
9277267,654.1682218609423
9278268,681.0547075343935
9279269,564.5458634887225
9280270,687.2882291057584
9281271,707.7181750652783
9282272,713.0868747268424
9283273,702.0546798391533
9284274,718.4774420289675
9285275,734.2320024693877
9286276,680.2333820503535
9287277,710.5355822798989
9288278,642.2431468292455
9289279,737.5202020418236
9290280,681.8253354424864
9291281,728.854550196247
9292282,648.9003230944651
9293283,711.5121373468686
9294284,684.261803842711
9295285,683.4200143981509
9296286,678.7061163770992
9297287,706.7664889201003
9298288,670.1828289930811
9299289,699.4314361332611
9300290,701.2928656545868
9301291,736.5259689162701
9302292,705.3374975154796
9303293,676.093716300319
9304294,700.9746073279468
9305295,708.6965713973136
9306296,677.3509021453824
9307297,674.1085570128133
9308298,707.3480873049915
9309299,40.95584448896314
9310300,680.2941442125717
9311301,689.5144164265222
9312302,709.1791021142669
9313303,707.2010703020537
9314304,683.6005690556668
9315305,687.1851616429843
9316306,711.7559869197909
9317307,636.4883261436421
9318308,676.5173258903907
9319309,739.336129381015
9320310,690.5182115099298
9321311,720.4768721210904
9322312,678.6212013096765
9323313,691.296746361482
9324314,675.2946528133746
9325315,598.722188775951
9326316,694.083615392348
9327317,40.00250750216608
9328318,551.2509969009819
9329319,714.2790493616135
9330320,747.7247905711923
9331321,681.9658725884652
9332322,694.8370733536103
9333323,647.175640188298
9334324,666.9675101587297
9335325,145.0603900462603
9336326,680.6058098577047
9337327,696.0823380186279
9338328,535.4322580606453
9339329,519.7580299049469
9340330,680.4669248223852
9341331,597.513826085647
9342332,710.6655074853084
9343333,669.1022014861728
9344334,732.8378299614191
9345335,679.9142699338445
9346336,705.5717860005107
9347337,728.0379567015833
9348338,704.9937438105296
9349339,725.1000311730274
9350340,696.9018251251217
9351341,708.2258944829516
9352342,705.9569295686645
9353343,712.2167950017483
9354344,642.8697257275736
9355345,42.02812239873022
9356346,685.6502636326578
9357347,639.7398560975778
9358348,725.2184206472409
9359349,670.0076007965205
9360350,696.3346633094928
9361351,683.6996909868782
9362352,688.7208433779175
9363353,669.1852419229176
9364354,694.4217022232124
9365355,710.0705002442364
9366356,633.8412384109945
9367357,694.6613142966439
9368358,727.3237373904961
9369359,718.9393712330184
9370360,715.7323348465089
9371361,711.8488983580344
9372362,700.8432704688453
9373363,684.7816349957927
9374364,639.1043986669301
9375365,683.4975710193869
9376366,696.6144593056331
9377367,622.1443831484204
9378368,712.7767408745818
9379369,645.1658256947594
9380370,629.0533657586054
9381371,712.1614034411788
9382372,723.4169328540695
9383373,704.2270527397161
9384374,399.1057446475127
9385375,684.8544963716224
9386376,692.8206768497914
9387377,678.7174340560312
9388378,718.0856179629643
9389379,712.5212426575616
9390380,727.0795979336216
9391381,700.9133822190068
9392382,677.0294487697573
9393383,727.4171518600928
9394384,720.5975666344438
9395385,691.0898024634458
9396386,621.6011985432086
9397387,737.1980765576983
9398388,711.054718903213
9399389,717.6541663507286
9400390,663.1157558660559
9401391,721.3993336566077
9402392,684.5620079939468
9403393,714.4347669925133
9404394,713.659130599992
9405395,721.9354844775163
9406396,711.6389013858847
9407397,713.655684233787
9408398,637.982127201433
9409399,688.6088456842994
9410400,714.4560248265861
9411401,713.9322995882482
9412402,694.3649697251312
9413403,699.8001451454026
9414404,455.967637045902
9415405,689.6527229598864
9416406,676.7057578084414
9417407,723.794299112242
9418408,719.2383998247144
9419409,678.0572869053568
9420410,694.1131767115602
9421411,723.6976398201604
9422412,718.0760894802874
9423413,713.8927054767995
9424414,670.6420928237684
9425415,706.0854702637237
9426416,710.7599193497657
9427417,696.6320061817141
9428418,715.0156765178947
9429419,707.5828750632566
9430420,689.0119032586697
9431421,667.6076447939282
9432422,130.77390853751606
9433423,684.7660130115848
9434424,670.3913133818758
9435425,672.9535348693852
9436426,728.3183808547266
9437427,700.6666065578897
9438428,703.5176442406803
9439429,685.4390547729749
9440430,678.6901482652407
9441431,663.25260048474
9442432,217.26711829093213
9443433,681.0089171637701
9444434,719.3431286651909
9445435,716.0059745294747
9446436,701.7202242450915
9447437,691.4669909870782
9448438,728.7220165724392
9449439,700.5271783055557
9450440,683.6501546890382
9451441,684.1206706726242
9452442,651.9473395178904
9453443,738.059050579162
9454444,508.2504747846148
9455445,663.6286510783178
9456446,677.9687638538694
9457447,703.4849977250143
9458448,711.5719933130997
9459449,676.4974056416626
9460450,722.3863615940724
9461451,707.477524664729
9462452,683.4155737103226
9463453,663.2623249483444
9464454,718.9874629011599
9465455,684.146566517905
9466456,681.5802319771826
9467457,711.2415928004168
9468458,711.0303051336343
9469459,708.6173230399475
9470460,714.5225312972816
9471461,696.2141897102264
9472462,692.6522398108093
9473463,702.1184180664886
9474464,706.8281367472225
9475465,716.7492346221976
9476466,676.462680356295
9477467,653.9302947690741
9478468,718.8663044928682
9479469,737.4847173352823
9480470,713.7823328586089
9481471,728.6385248575143
9482472,710.3674856794864
9483473,722.4258385677759
9484474,630.5138064134912
9485475,655.1487478740258
9486476,697.5313238613876
9487477,706.055304523251
9488478,713.5487936416545
9489479,554.4066683064867
9490480,656.6478862521441
9491481,127.52433918212486
9492482,721.6563295373318
9493483,685.4094427455055
9494484,679.6165338392622
9495485,707.216367995189
9496486,695.3532012253957
9497487,699.9396529173437
9498488,672.2468435293936
9499489,714.3021512682809
9500490,720.9891804296446
9501491,719.3514142949996
9502492,693.5419340196994
9503493,717.861902939177
9504494,677.1127579873423
9505495,682.7029848245091
9506496,692.1272427911902
9507497,707.8510708788447
9508498,713.7617948134016
9509499,684.6874557595575
9510500,711.3618530102805
9511501,684.811651454894
9512502,732.8421019065993
9513503,707.3396329493065
9514504,675.8786341369394
9515505,734.2412674375894
9516506,691.1073608886975
9517507,692.1923602778722
9518508,635.7034530494933
9519509,510.60691897851245
9520510,702.6459378305597
9521511,472.472787574728
9522512,167.13183100610308
9523513,659.3301192528023
9524514,701.9032350642724
9525515,661.7878276261554
9526516,667.134465864433
9527517,689.4048568468957
9528518,702.5385710249695
9529519,659.6570099711607
9530520,714.4565746091209
9531521,669.5184142813605
9532522,613.3247521728326
9533523,673.0315249294625
9534524,674.4374911205173
9535525,717.3878868822627
9536526,701.6074636443947
9537527,726.332201779886
9538528,660.8349495337314
9539529,709.2532063044977
9540530,693.9621296780797
9541531,696.7941275703915
9542532,666.9518754074397
9543533,712.0867971465611
9544534,694.6405626906173
9545535,703.7093480895421
9546536,688.800469754448
9547537,716.7119397068896
9548538,698.6777971298691
9549539,679.780245253707
9550540,664.7002268484088
9551541,605.521680388414
9552542,681.0050256181603
9553543,679.2289825196656
9554544,705.8005948921896
9555545,709.1797732989602
9556546,730.7080797580032
9557547,680.7589760004597
9558548,703.1482359092121
9559549,711.0773850165322
9560550,705.1900718467887
9561551,712.8150304002203
9562552,696.042170760554
9563553,287.28532440438175
9564554,658.2335384850651
9565555,705.2681973778178
9566556,688.2102085239037
9567557,708.8341333235695
9568558,682.2633050950826
9569559,728.8182719144475
9570560,682.691588762494
9571561,717.6086538006912
9572562,711.7796636299801
9573563,670.186455216389
9574564,708.6816625705246
9575565,716.2934598409688
9576566,712.1123716088455
9577567,694.2080261224459
9578568,675.744631699171
9579569,655.8994474785878
9580570,687.83152821712
9581571,370.5805850995563
9582572,657.8780643206933
9583573,676.3531551851464
9584574,648.7611478985351
9585575,707.8294252679173
9586576,705.3622088066944
9587577,679.1955257397087
9588578,704.4183205747291
9589579,699.3081452316019
9590580,668.3486570425209
9591581,738.5951691352229
9592582,680.7304089899799
9593583,722.3755107587532
9594584,683.8106145604414
9595585,727.4250572180305
9596586,726.8873654340315
9597587,713.5549621174267
9598588,711.7949087096339
9599589,260.3817971050273
9600590,700.889468495229
9601591,732.7127076888776
9602592,699.8629352251347
9603593,694.0687066646464
9604594,698.6632580505625
9605595,678.9165158501069
9606596,647.4119066105102
9607597,689.1224904566859
9608598,653.1173855544316
9609599,679.2474703354095
9610600,693.2305873098891
9611601,724.6933553732465
9612602,709.0373261635176
9613603,705.4169113130794
9614604,715.0629968083032
9615605,719.2454068886507
9616606,694.5131572486545
9617607,695.5363283553493
9618608,679.3308709978002
9619609,667.4678335853316
9620610,669.9141591614026
9621611,688.5884901033726
9622612,712.5175011634648
9623613,594.9657815842168
9624614,455.25170840550487
9625615,100.71262903949199
9626616,647.3592750277314
9627617,696.5778567865692
9628618,718.2555510889182
9629619,701.2855106065973
9630620,713.7031416865665
9631621,712.3133489064631
9632622,724.3673079096384
9633623,706.6963096441041
9634624,497.40023566687404
9635625,691.3298260228768
9636626,691.3633492633398
9637627,693.5983560762588
9638628,688.0054045328885
9639629,691.4693398544453
9640630,718.6784717264107
9641631,724.2440448585495
9642632,663.8988279175636
9643633,656.4355186775031
9644634,679.9003615099349
9645635,687.2206021282545
9646636,647.4971819351564
9647637,725.7179373282694
9648638,283.2357186611198
9649639,703.7535767757188
9650640,641.5329729128833
9651641,676.1478516576489
9652642,675.7573140548265
9653643,652.1322352181722
9654644,714.766230340376
9655645,445.53569342320077
9656646,684.6058843272087
9657647,695.138662318709
9658648,672.1660673205641
9659649,720.5448407080986
9660650,676.8704698455184
9661651,692.6374087530413
9662652,695.3509333026365
9663653,708.2695024271974
9664654,299.06782082822326
9665655,698.7071446684932
9666656,685.4703121410088
9667657,689.8872175684426
9668658,709.6756266409946
9669659,677.0754439466731
9670660,694.4908531350743
9671661,656.6647541697705
9672662,693.7620927984193
9673663,718.2844109811938
9674664,702.337469633322
9675665,717.6449785361924
9676666,728.5136406948508
9677667,695.9687133537547
9678668,720.9989184592005
9679669,677.6090996085073
9680670,644.2649075058928
9681671,714.6029084826743
9682672,703.4561879781731
9683673,718.0928662256498
9684674,688.9069581869702
9685675,689.8591262615328
9686676,684.2384235166961
9687677,723.1568818342123
9688678,697.4385900309268
9689679,653.7582289806528
9690680,711.7849843567204
9691681,710.1592162779898
9692682,728.0645498976618
9693683,684.9762159101881
9694684,673.627054526223
9695685,691.0477226600838
9696686,696.1477482055503
9697687,689.4705395565653
9698688,661.8676001205154
9699689,697.3519212323288
9700690,701.8939057125315
9701691,708.4217366797602
9702692,688.4371821333508
9703693,695.9256788892632
9704694,675.9047070573598
9705695,712.0268041231733
9706696,636.6716741000429
9707697,708.8007802977933
9708698,725.753374777414
9709699,678.5328180576579
9710700,671.8198445909643
9711701,709.837981969325
9712702,709.1758403953254
9713703,660.0938964026475
9714704,708.6031771829267
9715705,187.5158713051782
9716706,704.3275171820044
9717707,709.6375316237223
9718708,708.8910283669807
9719709,697.7698768983149
9720710,725.0008250089029
9721711,684.3684491411457
9722712,651.7346499964849
9723713,725.403398825364
9724714,724.9234364867335
9725715,701.9194011509744
9726716,636.9639137425439
9727717,692.858898647324
9728718,590.4709344724292
9729719,606.3006679656745
9730720,697.3907105356831
9731721,703.0180319011382
9732722,709.9392175855521
9733723,679.6564504490527
9734724,602.3889282725366
9735725,671.8748430968736
9736726,653.5985004302014
9737727,613.1176487792876
9738728,702.8498889739062
9739729,700.7955239531061
9740730,625.0008182029101
9741731,653.1507471409143
9742732,703.9271181161919
9743733,703.4746720857797
9744734,408.658474049854
9745735,668.3709978035425
9746736,283.58555522015564
9747737,701.8100296866489
9748738,721.0588881538519
9749739,706.3489312894337
9750740,700.5279043085585
9751741,714.3316720418803
9752742,661.002892529068
9753743,679.4829907177965
9754744,712.2495124177025
9755745,713.1291946700945
9756746,722.9330940142585
9757747,678.2782410828206
9758748,694.0992102202558
9759749,726.2127171208821
9760750,718.2294592916385
9761751,653.5279647135408
9762752,733.3088974941079
9763753,724.0058189820451
9764754,728.1415371455222
9765755,501.83322464715764
9766756,698.9665336561445
9767757,725.5574485791748
9768758,660.7940483408288
9769759,698.8066955720954
9770760,668.6259667432895
9771761,714.3067435860823
9772762,673.3866235346389
9773763,702.0492176381027
9774764,709.3113516998861
9775765,690.4309923029429
9776766,693.1625897794851
9777767,702.5419101433968
9778768,686.6425464539757
9779769,174.1115348662741
9780770,721.9230246233913
9781771,713.53730170866
9782772,707.1411556697237
9783773,718.4157304303847
9784774,714.0847711785044
9785775,614.2164361202794
9786776,429.70791949829066
9787777,699.111992656405
9788778,720.0082444136189
9789779,678.9737884329197
9790780,692.277541688623
9791781,713.4216311541754
9792782,684.6309950341381
9793783,671.2291518172844
9794784,660.0660363026051
9795785,750.2452755077155
9796786,685.881318360602
9797787,706.0928996346478
9798788,691.4903507912237
9799789,692.5736137303502
9800790,716.6149140053459
9801791,668.8105658088976
9802792,698.7759330408805
9803793,707.9402650944764
9804794,729.6703908219713
9805795,709.5210569684685
9806796,726.7079415159462
9807797,697.2470553085133
9808798,687.1248258743601
9809799,697.4209937225313
9810800,695.9612041549317
9811801,694.5232178905227
9812802,722.1199669761188
9813803,706.7320373843137
9814804,701.5106524682031
9815805,672.5868763277546
9816806,698.7578238006507
9817807,700.2203156248532
9818808,706.4178250880032
9819809,711.9659325395793
9820810,699.4232396542317
9821811,697.2777943777999
9822812,627.0587140385796
9823813,712.0717945718108
9824814,699.8766454864514
9825815,613.4879391372548
9826816,678.4939532096212
9827817,686.0513661900892
9828818,679.5677422637357
9829819,709.7272153677923
9830820,702.439504717806
9831821,672.3340050609183
9832822,706.4592499948408
9833823,445.926287911778
9834824,703.4671519023809
9835825,738.8215069171455
9836826,732.3760686933626
9837827,691.691889054538
9838828,701.9134218259834
9839829,639.9281502953515
9840830,711.066461983551
9841831,468.8058483816852
9842832,711.1623204743878
9843833,644.8460976746549
9844834,689.2944330585718
9845835,721.5380558374857
9846836,633.6824940088985
9847837,700.0575873823318
9848838,731.7369232076351
9849839,681.4756415169795
9850840,704.0457939471611
9851841,701.4640290668652
9852842,688.6832835753371
9853843,683.4497344532226
9854844,708.1858673748211
9855845,699.3495782432889
9856846,697.5966571215854
9857847,411.3767028671123
9858848,696.748001359262
9859849,713.0367755213603
9860850,713.5351204219345
9861851,703.7990284057391
9862852,713.5661356750192
9863853,716.3878493600392
9864854,657.0497565816817
9865855,706.3750936822815
9866856,684.7264973711718
9867857,717.5554306902018
9868858,737.309400649576
9869859,704.89289578793
9870860,688.6996402773407
9871861,665.987832933061
9872862,679.1651466125992
9873863,697.8795550049601
9874864,552.9373950528551
9875865,732.6457333540615
9876866,659.5642750675604
9877867,674.1432529124872
9878868,694.8641205657048
9879869,732.1032265424038
9880870,705.5312882595277
9881871,709.5154813079394
9882872,694.0460867157901
9883873,699.7243428166263
9884874,717.346885408895
9885875,691.0127339245636
9886876,692.1596481548997
9887877,636.8052727340249
9888878,722.54685738503
9889879,667.0775591018663
9890880,712.2578884499391
9891881,638.1049047433492
9892882,723.5029933604607
9893883,696.5481283241253
9894884,696.1456377682431
9895885,324.86415649000605
9896886,694.1544009706969
9897887,660.8016577792713
9898888,698.7144703846636
9899889,718.959560559485
9900890,678.7410364177371
9901891,674.7080903387916
9902892,714.730557282601
9903893,703.1920876468654
9904894,699.6717755233014
9905895,722.9837465135014
9906896,602.4107134073096
9907897,718.1925838518356
9908898,691.4485803747023
9909899,721.7519914127564
9910900,710.9376414224517
9911901,648.9677325810623
9912902,723.0241475623271
9913903,694.3757093475325
9914904,707.1266792069982
9915905,721.964056994795
9916906,743.1155119602638
9917907,684.6530932820949
9918908,704.5683746778113
9919909,676.8039295422573
9920910,716.4118402190101
9921911,262.4502071206542
9922912,692.6408745111827
9923913,730.0740649799048
9924914,697.7262235874871
9925915,672.0276274388991
9926916,704.9907309328007
9927917,693.5048197482606
9928918,723.9911847813646
9929919,711.4742731892267
9930920,695.9537482974338
9931921,712.032901641176
9932922,726.6197071859075
9933923,712.7497051985462
9934924,643.7089183560091
9935925,714.1841099139681
9936926,699.7266884376
9937927,685.6826187720698
9938928,722.158628145152
9939929,182.12607250860674
9940930,721.8969669782485
9941931,498.30023577181555
9942932,577.3285670202603
9943933,673.2321389449555
9944934,697.6696324273875
9945935,717.1829546970637
9946936,709.3483669714435
9947937,704.1315574604922
9948938,681.1451609420656
9949939,686.0717463897922
9950940,738.7671181808604
9951941,669.4709587123247
9952942,715.8936494860292
9953943,724.5049466677415
9954944,714.8514399362105
9955945,711.0874716237454
9956946,686.0529133165635
9957947,728.8907014280794
9958948,709.2716712381198
9959949,713.9859385072376
9960950,679.9411438882158
9961951,652.9472830672561
9962952,104.15175225053594
9963953,721.7199927491831
9964954,702.3067057947668
9965955,650.2420226077471
9966956,676.43066642035
9967957,679.2855054118121
9968958,702.7285856780412
9969959,681.0254941376896
9970960,711.5630796816744
9971961,708.7543242671841
9972962,705.5568611641831
9973963,697.8268588604354
9974964,692.0712916592919
9975965,660.4525945158593
9976966,666.6853095766187
9977967,694.3674464873645
9978968,725.825712398859
9979969,692.6309268620729
9980970,648.5324487215147
9981971,692.0700760714006
9982972,657.265706572473
9983973,677.8651766089963
9984974,708.0734683139782
9985975,701.053061719639
9986976,696.54273810414
9987977,544.464070518652
9988978,692.2530721114703
9989979,691.6177691716537
9990980,707.6477377522377
9991981,722.7759414774781
9992982,726.5049541906237
9993983,724.0858871024242
