timestep,episodic_return
1000,4.740158453921203
2001,3.501917256959475
3002,3.3649252085573598
4003,5.840309128559396
5004,1.9563926584936198
6005,5.033655067041037
7006,3.7514165852779042
8007,4.228830314881104
9008,11.953704353128952
10009,9.737382212832522
11010,5.6775211790752325
12011,2.744429032338463
13012,4.146420071387481
14013,12.207354558101237
15014,5.155655763003342
16015,6.532623052650513
17016,4.631770590820009
18017,7.831451569630868
19018,8.12809919258168
20019,11.420605173815638
21020,4.781805864561878
22021,5.9165268505697615
23022,11.00638210389048
24023,7.7024171275170605
25024,5.634218338963319
26025,10.699889346471554
27026,19.192867065915614
28027,8.887373497385044
29028,16.80597188802182
30029,9.763469854472108
31030,15.099849436765904
32031,16.28084655917409
33032,24.69024533362724
34033,13.775652428767062
35034,18.64483616911373
36035,20.730653026181887
37036,19.87684565551127
38037,17.702299177369607
39038,21.681698979623384
40039,23.140197491413797
41040,35.23501144714092
42041,30.758161841555694
43042,34.27811628681958
44043,34.56653341313673
45044,35.776223214095154
46045,36.554659388610034
47046,30.128665275152677
48047,29.696405341786377
49048,31.186679867315316
50049,46.542277290060106
51050,39.912152874462016
52051,42.69017472768162
53052,46.307077170675974
54053,39.317805919092905
55054,47.21733928632065
56055,37.83416980677039
57056,43.740645280592915
58057,41.708581245530944
59058,66.60170774412269
60059,70.43424912014757
61060,53.220057516097384
62061,62.34385224624764
63062,57.716566312316374
64063,64.32663859851836
65064,57.12539572062995
66065,68.37525021444714
67066,76.35962216112699
68067,68.85271786233528
69068,72.77590916741734
70069,63.58173671395907
71070,63.12692805014259
72071,63.832338193295314
73072,75.00270625156432
74073,78.34087409798562
75074,88.24827157396014
76075,79.23674343089577
77076,76.16154297245572
78077,87.01775848270573
79078,83.91967652621123
80079,85.15048000417826
81080,79.24060190943764
82081,82.47475832514965
83082,95.26161268710268
84083,92.43327443575774
85084,95.60075223404577
86085,90.48489178055853
87086,97.23946978966619
88087,92.63134679923778
89088,100.55317249273455
90089,91.45355010377041
91090,112.05071563823763
92091,123.90376774450417
93092,114.28153098645214
94093,116.91445463278289
95094,116.36191742274016
96095,112.4157053883032
97096,111.85397246352035
98097,108.60360173380384
99098,136.9493756201489
100099,131.9317834544119
101100,121.37807969061602
102101,91.51512173015965
103102,115.56988674705106
104103,119.4201757127397
105104,135.01307692712712
106105,105.99123679466119
107106,143.9914251325458
108107,126.19039915603551
109108,92.6394523439308
110109,55.91216775837376
111110,121.06636325209891
112111,112.64418708743625
113112,113.73083197179477
114113,107.11425931269183
115114,106.45196286461196
116115,143.18436737439447
117116,147.49109102101343
118117,140.82745546221426
119118,82.07212584989239
120119,105.99840844876286
121120,138.3408952617255
122121,115.30276015544572
123122,124.80373017765933
124123,51.72748829960777
125124,161.6771477990687
126125,44.68488048714891
127126,135.71403258497733
128127,100.17214579430907
129128,105.57652171494777
130129,167.2016292846636
131130,148.67017152750722
132131,44.238434698141354
133132,66.67616675521904
134133,103.13440030419196
135134,159.55927533774116
136135,132.10171537026005
137136,79.31421637781449
138137,148.49209432739337
139138,150.57448346219834
140139,93.01166133388614
141140,26.946086706607574
142141,66.2440533471466
143142,145.8890123261294
144143,130.1422944956333
145144,152.41872252850789
146145,181.06728057292617
147146,129.6421363983519
148147,171.06405983056266
149148,187.10261916910667
150149,132.1309135719881
151150,67.66197912811411
152151,181.58056804634623
153152,164.28253138659005
154153,87.55783548385519
155154,153.23576290828586
156155,97.18782747843208
157156,36.082934148100044
158157,167.34551576723766
159158,156.74120959649994
160159,184.45002989922844
161160,161.70358811953182
162161,190.17927662101948
163162,52.651700478205186
164163,151.48932630941056
165164,69.13111681951611
166165,186.852255588198
167166,161.8518880357563
168167,68.75805594265611
169168,177.8117521194543
170169,181.98339837869068
171170,56.75183308984554
172171,77.41986944290227
173172,127.12187437468963
174173,178.97300344676023
175174,160.43839282868169
176175,59.413791793606116
177176,189.46954107541126
178177,37.55541657897498
179178,214.7133288106083
180179,127.43949564261764
181180,105.07747594474648
182181,189.148742289889
183182,185.89623728593887
184183,171.13333362218376
185184,113.65052352678639
186185,79.87136991271721
187186,168.99820087095137
188187,167.12074225244044
189188,209.63108320498958
190189,219.47763557245653
191190,194.37405584559102
192191,206.1771185104518
193192,149.29643190803216
194193,163.6411453519772
195194,171.87627916594434
196195,199.2548412171479
197196,170.45122283985916
198197,151.41270232030368
199198,76.63054328413381
200199,179.20018934326876
201200,97.34904393010315
202201,202.7522896444719
203202,149.24682427324714
204203,167.94343082862903
205204,83.9023702126254
206205,218.0962643917057
207206,199.6187337250968
208207,197.90304192507597
209208,217.37681501559965
210209,212.73656153323006
211210,194.05753329015178
212211,77.45431256959259
213212,217.10935754193628
214213,211.94129093397206
215214,132.8682130637158
216215,232.60157032981414
217216,209.91608442169806
218217,206.66020589981684
219218,208.56889524775127
220219,266.5833813964361
221220,105.21772146651045
222221,235.37375464690126
223222,67.22087566855954
224223,230.45450145445236
225224,232.90993163238625
226225,220.92877502030674
227226,223.87106180798273
228227,212.52915618263734
229228,89.87364390486866
230229,59.46168954275322
231230,204.64986036732145
232231,219.5408152199391
233232,239.39036970413233
234233,216.9963289864498
235234,216.7908985164878
236235,152.79920661968856
237236,208.41400448273086
238237,170.02130154711722
239238,173.8410081669267
240239,221.715764783413
241240,142.1068374727587
242241,109.05004989971414
243242,108.0248065205592
244243,252.92218505175174
245244,268.54118329820767
246245,191.85276815208
247246,209.84378194345328
248247,234.73854623650618
249248,234.09085833385876
250249,271.5549106417903
251250,249.86893858520256
252251,223.9838180346288
253252,47.9651112024907
254253,222.55949397549722
255254,185.04344884825102
256255,249.60376052908495
257256,250.84316164232956
258257,166.70487147560047
259258,182.60476511906782
260259,153.90577389666626
261260,109.62242093024135
262261,213.10145445077242
263262,130.44132729827973
264263,31.340053025245403
265264,265.99053194906656
266265,281.94607494716945
267266,243.28090906970905
268267,149.44416302140291
269268,67.17074340944738
270269,277.79049882135695
271270,121.73742486097899
272271,119.85236236108392
273272,119.63304009864073
274273,273.36542787799476
275274,249.441523773375
276275,175.86563602890948
277276,293.3143390924485
278277,283.7734099470964
279278,243.64811925456704
280279,175.39732942377012
281280,295.1696901534097
282281,170.75681526493085
283282,300.7921601494319
284283,259.45200906186096
285284,244.83869416008633
286285,275.37368243981103
287286,258.079430316936
288287,305.6158116731514
289288,60.13538146459197
290289,261.00444186229487
291290,279.4547259680678
292291,188.407097393187
293292,295.6103620042704
294293,216.7395450303515
295294,214.09206736442582
296295,298.4765693060186
297296,256.26064678738044
298297,289.3531867894081
299298,70.96783338712477
300299,171.14440894563265
301300,193.44924125660185
302301,297.74522542411677
303302,301.42052061676736
304303,149.09944359360577
305304,170.875717138583
306305,145.5734232338379
307306,336.2652806822216
308307,173.7141639752759
309308,116.40827686008548
310309,231.66076425016783
311310,266.34979206595216
312311,305.456709930284
313312,308.1227523445335
314313,277.6086129144755
315314,249.78660030813123
316315,250.67104099661432
317316,91.8283593407055
318317,298.6484741140456
319318,347.9833029111994
320319,285.3233850995959
321320,292.83791104184564
322321,286.66524560800997
323322,349.8214737896313
324323,304.5260694632616
325324,341.21952558049384
326325,343.80902426121355
327326,310.5157051264683
328327,274.1291641301424
329328,307.6127180721886
330329,304.5530137250426
331330,331.5146030453514
332331,345.12770093002814
333332,255.82493222975359
334333,306.6264129133462
335334,342.48939102415505
336335,312.19921179876076
337336,334.26442559902404
338337,348.90289041274906
339338,104.74301771433484
340339,174.83938257957325
341340,251.83625503504942
342341,339.23763788656635
343342,351.71213714426483
344343,137.7700097326947
345344,92.82062087496777
346345,362.8335152751558
347346,94.15190453343922
348347,250.30326654663534
349348,319.3699483880918
350349,379.961602929474
351350,364.19394638797695
352351,331.13500916334146
353352,270.8765350789707
354353,378.50269157570114
355354,354.4496438590444
356355,358.09857929488084
357356,350.1877233592513
358357,362.0330468603673
359358,99.71637251053947
360359,371.2045666792677
361360,386.156811373738
362361,376.34452696169836
363362,360.85249297506664
364363,326.90326676774845
365364,388.71636676102827
366365,400.77146117538285
367366,137.85775975628266
368367,357.71833770415424
369368,398.69253364857343
370369,177.46923554350025
371370,237.18931388529137
372371,357.6619786802399
373372,338.4839379489354
374373,401.0466457987884
375374,400.314346264069
376375,399.5463336581981
377376,99.49026375066555
378377,405.0400004636374
379378,380.0987139340944
380379,397.623693226567
381380,128.07132053542534
382381,137.52574554112886
383382,356.73426383070927
384383,170.18429499109234
385384,345.38486576559734
386385,128.09914711213798
387386,368.70404771185787
388387,327.1547650342058
389388,388.0931309356775
390389,402.1129063586386
391390,427.3783224276744
392391,283.87516956787977
393392,396.48684455385296
394393,348.207682393233
395394,305.9535897317541
396395,392.3435694545065
397396,191.81409629585542
398397,57.73447178818675
399398,315.4032829418032
400399,93.03075425083237
401400,247.758705743834
402401,50.358062551851695
403402,375.4924225975767
404403,102.88183872242601
405404,401.4451107584081
406405,46.07490086025528
407406,149.76226875515815
408407,107.90007908196021
409408,341.1415085156056
410409,231.06397033775258
411410,430.469778243559
412411,394.47603512146617
413412,62.54451485498487
414413,93.10502531661677
415414,409.8995765821775
416415,409.31589521491645
417416,103.322718386326
418417,393.5153285929814
419418,235.48586993442058
420419,70.31583091330971
421420,94.04462249058274
422421,364.61627272205413
423422,400.72805934226955
424423,428.3349405730559
425424,394.7108713132171
426425,407.21566766223617
427426,404.4184795873088
428427,430.29145612427266
429428,421.08405191403455
430429,244.76118558094967
431430,198.50483999141625
432431,447.14103510280245
433432,429.2879607771748
434433,141.86734549987295
435434,411.0651389439542
436435,77.89443606919014
437436,324.54659630678424
438437,296.1512569242713
439438,215.8737646763189
440439,381.3606083009728
441440,424.84267459465167
442441,424.09337120415535
443442,385.49108462493666
444443,116.69054431276817
445444,439.74102377504016
446445,131.46003056834002
447446,364.59223541391907
448447,396.65088056407194
449448,371.94608540460433
450449,461.05612154086214
451450,426.80684019571595
452451,248.9371153753149
453452,421.9629273398385
454453,402.9041437833902
455454,331.6914510437184
456455,194.19784771266316
457456,257.50316984291356
458457,352.7621224160428
459458,415.15236770660744
460459,451.2998578301353
461460,436.3405702001216
462461,419.59937422523683
463462,456.35933946749475
464463,457.1505201028259
465464,438.50107169839305
466465,499.522387660096
467466,457.87692739785564
468467,441.1639130597817
469468,428.0529904697366
470469,313.64972184171046
471470,387.8428150943942
472471,396.3570045996988
473472,435.35127430993157
474473,454.82156240344204
475474,446.78587835691985
476475,423.86131749789604
477476,459.7946590862738
478477,433.89664399025867
479478,447.542817229004
480479,482.41580054639826
481480,477.58347619085725
482481,432.8028744183717
483482,406.79256347393306
484483,109.80185317313821
485484,490.320759746435
486485,467.9392044855976
487486,442.94267130522445
488487,206.45906881865787
489488,475.09624525053164
490489,474.2232488324359
491490,452.1868886802448
492491,420.3848225017761
493492,424.1654125743687
494493,448.1150622008251
495494,437.1639220231106
496495,463.42836266062795
497496,475.3742575332892
498497,302.8023799349428
499498,428.37938972578115
500499,450.19141166905064
501500,260.6280565559673
502501,401.33996381618795
503502,465.4372111853593
504503,447.5450513712723
505504,451.08968335444325
506505,463.12249327445124
507506,440.18938220722293
508507,478.03722456332844
509508,486.04500829981396
510509,502.9320907760234
511510,482.66919694514087
512511,304.9672130743846
513512,485.89019393589723
514513,480.64775768598156
515514,405.73210598452886
516515,484.3352464702054
517516,468.76748234779694
518517,491.19732870861446
519518,479.90209743507967
520519,481.698491677467
521520,441.2343453451535
522521,396.9137445042
523522,402.5836450529662
524523,458.0228372108093
525524,481.68908011427027
526525,491.9942581497098
527526,477.6417228438699
528527,473.35578851713547
529528,478.1992435431625
530529,487.9110138661897
531530,473.1787760100225
532531,174.66360675976122
533532,492.408239079646
534533,494.14764737378624
535534,469.3709734044774
536535,496.2507689336903
537536,490.6463621048091
538537,248.94285504515415
539538,468.06105707822843
540539,460.7790452786312
541540,502.04753104967807
542541,215.40475761824996
543542,496.1412454667621
544543,213.46874627556323
545544,495.57113620507255
546545,98.87221795672907
547546,495.33230524202
548547,246.8088631057465
549548,498.69133443220016
550549,174.33028505042566
551550,457.45586596746034
552551,493.3019648928236
553552,512.0170922208782
554553,433.42529930712766
555554,487.71200142938704
556555,173.0860335537607
557556,252.22945535914232
558557,472.2726574250265
559558,417.8005722883817
560559,449.2920384946138
561560,519.2524266634011
562561,443.9276404093501
563562,481.8438422769841
564563,495.94863317177885
565564,526.5050493327893
566565,449.6186831641251
567566,524.1998184726315
568567,509.13967415944217
569568,521.298574641923
570569,519.1451744136805
571570,516.1282104333595
572571,473.0535609741289
573572,473.4336498820538
574573,516.1006836095456
575574,165.1023096723821
576575,490.0573919472466
577576,326.1593678550058
578577,498.98874090134035
579578,527.5433047103593
580579,481.32527866123377
581580,501.5192948169585
582581,520.1138688771885
583582,487.5219766332083
584583,495.1478589902024
585584,488.40301972270515
586585,511.8657268798105
587586,524.7659279749288
588587,524.4724165704417
589588,522.6027718712278
590589,481.1924618894294
591590,485.2035272628369
592591,438.6358623472499
593592,516.2279773165906
594593,525.4185603586412
595594,512.0706759182793
596595,303.9837649498349
597596,531.6861365628164
598597,474.4134844386767
599598,484.9451041767729
600599,510.131495557302
601600,529.2025318540306
602601,516.5443102138305
603602,468.85607796432606
604603,460.4703153380123
605604,362.27719153214457
606605,487.5587619611262
607606,372.4896097048784
608607,511.8508983735457
609608,353.77444258550577
610609,463.7223013926761
611610,350.33969064184834
612611,508.4678441509133
613612,511.87219656668077
614613,519.2944276976317
615614,501.9520840422573
616615,474.5951439368186
617616,530.2632710372966
618617,481.68215898034066
619618,502.76944862287957
620619,482.21115819589556
621620,508.68250467329574
622621,504.22702598014047
623622,520.4012723775425
624623,140.69383055877185
625624,529.0727161601087
626625,490.4561686143388
627626,172.4094802931885
628627,371.8850192120877
629628,500.5353885223341
630629,491.5230998810607
631630,509.3590320239405
632631,546.4106281833575
633632,500.53603356563235
634633,469.1026808634462
635634,491.75641254220176
636635,490.3878957285713
637636,475.46586956495565
638637,517.8593515134121
639638,510.5205432028156
640639,462.37129072515205
641640,522.254859591159
642641,94.30423261634309
643642,527.4162275556328
644643,519.2021129632526
645644,204.6729820264603
646645,215.459896623886
647646,540.5021491690015
648647,526.0357868701357
649648,508.47726651929753
650649,491.44726680618777
651650,529.172309188527
652651,497.30344251996974
653652,527.331887188226
654653,505.76898075546427
655654,486.46777816246936
656655,532.8619018388879
657656,508.18228049697484
658657,514.6686083676691
659658,519.1020584391079
660659,521.8792837610455
661660,539.3745669677528
662661,487.80018661758703
663662,150.72059945066144
664663,475.36556920137735
665664,468.60072536907865
666665,486.5075104291681
667666,500.59712153302587
668667,519.6956440802214
669668,465.1564789655965
670669,470.0948338605455
671670,536.9429262211695
672671,413.919327369754
673672,525.8453152271481
674673,543.488867443312
675674,399.9035790561921
676675,527.3326717026982
677676,513.3307784988558
678677,493.74322042604746
679678,417.5837777003434
680679,549.1969581475166
681680,386.19684068532683
682681,321.32810928887176
683682,541.8232485242371
684683,481.4459896269161
685684,539.0086070507134
686685,450.5885326231973
687686,459.5551753361537
688687,480.51005228391364
689688,528.6116713328977
690689,489.89823521738964
691690,534.9574893592973
692691,485.96525616246436
693692,527.8585757915365
694693,510.67932295572297
695694,496.1456335398334
696695,132.8335319625141
697696,503.2101246142753
698697,474.037881838425
699698,483.3849411320541
700699,509.71195099355293
701700,529.538924342045
702701,516.0103347517713
703702,559.1167759558966
704703,394.43929967798
705704,537.3715198079065
706705,532.3016085817178
707706,414.22760213618244
708707,515.3718420784703
709708,481.61238027848077
710709,519.0006704762164
711710,302.27115794804905
712711,482.1284297718695
713712,472.36570434956184
714713,501.34981771919576
715714,447.8617676174303
716715,539.5441471958098
717716,538.9215737150921
718717,539.0665822590071
719718,508.13316125346824
720719,506.4986124999576
721720,473.68612544699977
722721,492.18571857228386
723722,471.51181744355637
724723,424.36621533377786
725724,513.8570952564316
726725,460.07931316647284
727726,333.2093842108234
728727,539.3393892665266
729728,478.96209009566616
730729,522.5402416541278
731730,541.3822118777589
732731,302.73653075936903
733732,510.9455689209549
734733,486.6001842306483
735734,511.223240428475
736735,504.562612766962
737736,559.119581166578
738737,441.15268526094945
739738,164.83114196338295
740739,61.79903707375983
741740,222.18390627555044
742741,555.5190255160534
743742,306.47827122754654
744743,530.0844455629993
745744,499.1022134270769
746745,491.69504192350666
747746,551.0539514947254
748747,537.0215675825227
749748,262.03098603609214
750749,538.8804850070431
751750,564.4293318172925
752751,560.2126302535352
753752,533.6488351338473
754753,539.1201785150766
755754,517.4092048066477
756755,542.2733148824084
757756,380.4974341488031
758757,182.32773921424857
759758,524.9040748863106
760759,501.1155077121728
761760,525.2999533660338
762761,520.1534880542935
763762,500.60938294868595
764763,441.69965511323124
765764,171.59450042803672
766765,568.568718810402
767766,543.7828729517951
768767,557.5394733618609
769768,356.9638783365159
770769,532.4445916480638
771770,530.0771658130849
772771,503.89187720876816
773772,538.8947627384441
774773,530.2984977127552
775774,573.6832581367247
776775,540.0470453615638
777776,530.7370090916413
778777,525.1840691023647
779778,516.2274385000977
780779,287.69164937973744
781780,525.3591510131668
782781,504.4945630161705
783782,529.1508419401998
784783,521.9078468576334
785784,550.1002983529183
786785,555.3800365412151
787786,370.95012456693433
788787,527.71980694127
789788,144.04958791250095
790789,506.14244687212323
791790,264.4967892147039
792791,532.1371600921618
793792,562.7470158848648
794793,501.5374731210265
795794,520.9083624834321
796795,544.5173019706759
797796,551.9188106575634
798797,567.8121552040652
799798,519.2001816181748
800799,538.8569845667483
801800,492.8823877924715
802801,266.21493088645246
803802,529.0183478025531
804803,473.764607700264
805804,427.46791398497436
806805,518.9172668647004
807806,199.28563614367678
808807,465.620924741583
809808,556.7852147012951
810809,304.5267905238219
811810,537.3663995837596
812811,475.95474707072344
813812,326.4804190034029
814813,494.5264906577031
815814,541.1286357928134
816815,100.22763582610588
817816,358.826049887431
818817,337.5011554941058
819818,332.72753951020434
820819,275.87047929211394
821820,414.45269071879613
822821,213.81248029926257
823822,525.4089131389055
824823,542.0510461273709
825824,544.4227802709842
826825,542.5151217807506
827826,507.6081640324613
828827,418.39661212765617
829828,559.0276642950158
830829,529.2043074445662
831830,44.88647559168737
832831,534.3871389236962
833832,61.520156209516145
834833,568.7475958053956
835834,577.7473196281155
836835,490.00576114131377
837836,538.5288795026779
838837,565.6269106409337
839838,380.1344244699368
840839,564.0932147169001
841840,539.3491198983508
842841,463.82856436570177
843842,570.2724540404163
844843,503.36205551161424
845844,563.2109046132529
846845,552.4250883516991
847846,579.0815782182881
848847,561.9502613297873
849848,555.9684733962554
850849,578.667523235312
851850,543.8848440237452
852851,566.253935943476
853852,566.3225220993655
854853,514.1732213883469
855854,547.7331954900009
856855,552.1859909502778
857856,329.32409271784354
858857,564.7896141824674
859858,559.081544689472
860859,72.67969888597614
861860,540.1621415281412
862861,421.9704605687276
863862,564.1918185503616
864863,555.9452554636845
865864,548.5072316602491
866865,518.2124610989648
867866,502.9428288999308
868867,532.4918382421583
869868,570.6041176389103
870869,435.7262599886786
871870,579.6474801387349
872871,541.600828102556
873872,563.6530182850779
874873,565.1790282180216
875874,547.0276312111145
876875,364.2328668406825
877876,549.6835240220796
878877,536.6698980851965
879878,538.5430494366208
880879,542.9406767349581
881880,563.9010559669538
882881,536.092540028995
883882,538.7274449013556
884883,553.2575103864798
885884,532.2822314201431
886885,556.806537813873
887886,569.3026732178716
888887,550.376883953479
889888,537.7305317982903
890889,558.9705756812677
891890,533.2057159320094
892891,551.1898476266966
893892,540.995483400938
894893,147.38655245878851
895894,530.1361803249208
896895,526.9648459189134
897896,517.5023812925095
898897,524.702470464303
899898,216.84212162504076
900899,565.5756692695345
901900,579.270902685047
902901,545.893774279823
903902,525.5259613852152
904903,562.226340170478
905904,540.1697620487341
906905,424.0878336047506
907906,568.54985633285
908907,563.0727051524892
909908,530.5843325910142
910909,568.7418005791639
911910,574.7155872374374
912911,567.1525311358967
913912,526.0039667776351
914913,558.4413141072747
915914,547.6291102129328
916915,537.331356740152
917916,562.0889057443942
918917,569.4810694124469
919918,531.9821464161297
920919,326.2688982399853
921920,309.287664254462
922921,521.1883178870033
923922,518.1297380989904
924923,122.31713976577434
925924,522.2942866434429
926925,560.4031271103709
927926,552.245009307671
928927,474.1114416630193
929928,563.9901081431375
930929,556.9004554756524
931930,477.9953544905069
932931,517.102892129504
933932,555.6656388642701
934933,545.6949588745266
935934,550.0189820381778
936935,550.1511229926435
937936,543.4167701371898
938937,511.4216621867414
939938,561.3209805178882
940939,574.6093853760121
941940,547.5505098034446
942941,581.7207580281446
943942,570.8173168464779
944943,565.6522509638227
945944,561.7721517274217
946945,573.2506725379762
947946,550.8750993083016
948947,412.99977287647675
949948,574.2546940448646
950949,556.2676466902908
951950,517.9225607421521
952951,591.6917120233794
953952,590.8034076961983
954953,573.0466592016121
955954,549.2745487703471
956955,571.7145652922388
957956,175.64942277144206
958957,523.8543719896417
959958,575.8390034348128
960959,465.9295237539922
961960,580.0998535170924
962961,562.2990678888777
963962,580.5704442751294
964963,573.7358501085155
965964,580.7049644617425
966965,560.0123537298193
967966,549.6849938892097
968967,558.3748930730261
969968,559.8869916173638
970969,263.658344046215
971970,587.2903946791658
972971,576.092062410546
973972,169.3991995095352
974973,483.9391623360669
975974,602.6443273231025
976975,578.5194684864031
977976,593.7405298472247
978977,568.842039260466
979978,580.7546704592996
980979,560.7520185062441
981980,571.0217767748767
982981,548.5111883510287
983982,567.031884954731
984983,528.5859936640184
985984,577.6642315612501
986985,581.2573997832632
987986,209.73967086478504
988987,581.0695717291103
989988,504.027403183762
990989,366.29966015285805
991990,227.449635447004
992991,547.6977355420652
993992,598.5891834230256
994993,578.6352603532739
995994,520.0044839521354
996995,599.1546113140934
997996,508.10334665016387
998997,599.714802663089
999998,579.0858465598892
1000999,519.1219181155416
1002000,593.0787623627493
1003001,575.5081741663403
1004002,126.45925114456888
1005003,509.0045681430827
1006004,571.3476670385961
1007005,570.1377729673936
1008006,573.0294552693131
1009007,571.6761555222057
1010008,540.5063826716466
1011009,504.66930864261866
1012010,602.85877599542
1013011,563.6822536777347
1014012,540.0399951544246
1015013,580.4317239591629
1016014,576.001680170876
1017015,594.4393674609862
1018016,584.8855474900042
1019017,602.910828613263
1020018,132.68544327517256
1021019,605.4248063128235
1022020,510.2140709799824
1023021,588.7593706048265
1024022,544.2531948998944
1025023,588.4972350262984
1026024,608.4097788502264
1027025,599.5094908079021
1028026,598.6960568920829
1029027,551.2181357996162
1030028,333.84120042410717
1031029,582.226733197206
1032030,513.9767744380168
1033031,585.8311776256566
1034032,590.556406590504
1035033,595.0358380128902
1036034,593.8382767402693
1037035,570.3126156927528
1038036,597.1758217296415
1039037,512.9585683795597
1040038,602.755869371362
1041039,591.2209928175963
1042040,613.1781227122614
1043041,563.6593789021495
1044042,581.020420398757
1045043,603.3999101867308
1046044,349.94978592687517
1047045,599.3038586291875
1048046,604.3196632523728
1049047,537.417428087996
1050048,553.7716708033306
1051049,360.7688245264135
1052050,593.5584578375826
1053051,617.9573532715805
1054052,577.6320072105102
1055053,523.4836029744775
1056054,546.6668233354889
1057055,598.4913564209106
1058056,89.37612679877408
1059057,578.4573379572812
1060058,425.03219491839303
1061059,512.1750660433634
1062060,596.2100671875132
1063061,589.1704050795072
1064062,590.8550491894915
1065063,588.8265141240297
1066064,577.0545296764597
1067065,577.2094954176971
1068066,566.2818267872428
1069067,589.6089800577638
1070068,583.3494913496105
1071069,376.0435373636834
1072070,585.3720198575932
1073071,554.8899630805831
1074072,583.284537157694
1075073,573.4566856655372
1076074,607.5264507992266
1077075,563.7458928773763
1078076,560.8013256379891
1079077,610.1819347996543
1080078,578.6639327873912
1081079,598.7628418431152
1082080,572.0106715682103
1083081,593.3828498249145
1084082,595.2799613234146
1085083,205.93044321252003
1086084,601.1906658159635
1087085,595.6214128752936
1088086,523.8967814144928
1089087,606.3956033743688
1090088,549.5100680968947
1091089,603.4429453818964
1092090,569.4716267872994
1093091,585.3695449416102
1094092,544.9792797835737
1095093,279.34442106589637
1096094,599.0126701727361
1097095,601.9038336867234
1098096,608.2281041698056
1099097,601.4761039503439
1100098,92.02381922052953
1101099,547.4698446633829
1102100,603.0112594191381
1103101,584.75826222211
1104102,605.0101547832104
1105103,552.6486692364965
1106104,580.6111846971435
1107105,545.0074717532025
1108106,189.44898184498368
1109107,567.3234851821993
1110108,368.40582568100547
1111109,596.6776613813581
1112110,596.2666581415983
1113111,139.77286933908368
1114112,587.7537464570293
1115113,574.9278402498638
1116114,550.2565926388473
1117115,601.1517235388923
1118116,591.1362725821596
1119117,583.2736910354306
1120118,552.3333739369971
1121119,581.1319575064458
1122120,572.3814114160954
1123121,490.13476404543206
1124122,574.8718405567386
1125123,322.5664174119477
1126124,616.9244535867291
1127125,433.1603219205346
1128126,135.77091358588396
1129127,576.4926117426639
1130128,577.0213127747996
1131129,338.1733655016392
1132130,141.08917017598696
1133131,498.90789404870094
1134132,176.90506503348996
1135133,341.33538592710687
1136134,608.2440662732029
1137135,610.7012818198723
1138136,582.7719793807086
1139137,566.2976419750705
1140138,604.6789914800057
1141139,570.2023124930189
1142140,621.3710171886403
1143141,386.7444271220893
1144142,244.67201491206674
1145143,428.96786374021394
1146144,591.2438054843328
1147145,538.5249227294328
1148146,601.5735172586574
1149147,604.129589368988
1150148,577.4867682012149
1151149,596.5082494462292
1152150,227.41706589923507
1153151,540.9726488094908
1154152,613.0843024907399
1155153,588.8288114683336
1156154,546.7658340608108
1157155,584.1828786942125
1158156,576.6367598998977
1159157,602.0253998450919
1160158,601.7084269455289
1161159,182.88596585448167
1162160,634.5525890631184
1163161,382.20935393596903
1164162,598.9984157830423
1165163,585.6458480476749
1166164,252.45726959443292
1167165,561.7661139662622
1168166,557.6651027269502
1169167,597.7139831930457
1170168,551.9837143919323
1171169,575.8038688239387
1172170,607.2310342809518
1173171,598.0609435246149
1174172,619.5819937649056
1175173,561.2658527605374
1176174,596.894521369982
1177175,409.6526984295883
1178176,581.9097433694327
1179177,617.9274038336923
1180178,299.60480712603055
1181179,575.3430925873105
1182180,576.0576501288391
1183181,383.63254244229677
1184182,558.4518041192341
1185183,616.8048795578704
1186184,596.5215173893498
1187185,550.0621555274471
1188186,599.1802721559086
1189187,526.4277401958776
1190188,225.28912753620412
1191189,595.4995425535112
1192190,504.9598278170565
1193191,600.7593061419706
1194192,606.5088962828715
1195193,607.1969598099532
1196194,541.9161847072559
1197195,574.6798619212627
1198196,561.5701855957979
1199197,579.3216739926022
1200198,556.7058976719445
1201199,581.2337471961272
1202200,580.1091756697385
1203201,381.729266223521
1204202,583.5719053436511
1205203,572.3985559808681
1206204,553.847097882695
1207205,611.6102508168661
1208206,279.0771142528545
1209207,306.78436384832344
1210208,593.2802884589104
1211209,510.717241410971
1212210,611.8811111286689
1213211,613.7799921882767
1214212,583.5020907698165
1215213,584.751314409534
1216214,210.65403949659412
1217215,626.1738577787073
1218216,614.1914596928607
1219217,602.5384420179868
1220218,597.2488607165953
1221219,586.19581821454
1222220,588.8520797338075
1223221,593.2727793549226
1224222,639.7611475934588
1225223,596.8439261539431
1226224,569.6829435378322
1227225,629.6181807605257
1228226,633.1472885254027
1229227,634.6009474008158
1230228,616.3410802691676
1231229,624.966167944178
1232230,290.1636547630358
1233231,603.3858280522695
1234232,641.2101565544532
1235233,597.6695652919865
1236234,606.1292191876561
1237235,605.8967868234951
1238236,534.5047117372342
1239237,590.4691128831695
1240238,562.022284064506
1241239,650.5877131026385
1242240,585.4368117704852
1243241,392.9421949113305
1244242,606.8683812900323
1245243,596.2833488089399
1246244,617.7935517102118
1247245,616.2936174412168
1248246,613.0687059041271
1249247,617.0649398429729
1250248,597.0403891017343
1251249,633.8328561439607
1252250,612.4347211637925
1253251,617.3540421339919
1254252,597.9462338900425
1255253,613.3152659036868
1256254,626.6061553716876
1257255,585.9231128976479
1258256,613.9075114700837
1259257,603.9911872431189
1260258,578.282347276111
1261259,570.7993468518148
1262260,606.6617617099677
1263261,612.9395768068362
1264262,573.2963429964293
1265263,605.0125049459123
1266264,593.3979019802176
1267265,604.7325983597011
1268266,591.5351758419262
1269267,614.4929076890108
1270268,610.6208968068112
1271269,641.4026185783503
1272270,604.7732665212548
1273271,630.3409899602335
1274272,619.1668662592972
1275273,599.4879586110679
1276274,603.0044605361103
1277275,608.5268349224895
1278276,403.8645901625812
1279277,610.2743182084909
1280278,600.3847343987708
1281279,613.2356489650283
1282280,632.2118122671932
1283281,635.7390212166888
1284282,604.7987153273251
1285283,621.8422189614074
1286284,633.6286245686093
1287285,587.6975123420963
1288286,608.4352442047204
1289287,616.8391067277889
1290288,613.9035899199515
1291289,602.5067227587132
1292290,559.4759319046491
1293291,429.2258201486667
1294292,633.4979084195069
1295293,620.7543605495462
1296294,578.7601539417159
1297295,583.4647430472131
1298296,632.562962904513
1299297,584.8767416216178
1300298,597.6012739926283
1301299,608.8221092934176
1302300,120.15764913704173
1303301,596.4399960933758
1304302,608.0137167011853
1305303,615.8435777214038
1306304,576.7660863827894
1307305,266.22152946925513
1308306,597.6493366648176
1309307,630.8076262840061
1310308,611.8130584985419
1311309,586.8021113718037
1312310,616.0983810480742
1313311,602.4244654597164
1314312,603.3160755622131
1315313,585.4225451626885
1316314,234.45198862441634
1317315,609.5132905351104
1318316,619.273119385948
1319317,599.0360057042209
1320318,588.4855939762057
1321319,629.8969166385034
1322320,580.6342821474265
1323321,567.036632824902
1324322,611.6152854808839
1325323,587.5361728309081
1326324,610.8376011214731
1327325,636.6824480125113
1328326,607.818115917679
1329327,628.9590072152286
1330328,605.4038679001328
1331329,125.45134458888448
1332330,613.4516266114784
1333331,602.7018765335993
1334332,619.8359364359873
1335333,627.243042239509
1336334,633.2623082731022
1337335,587.0641442020592
1338336,339.808891295927
1339337,627.8232504013507
1340338,615.7351557074843
1341339,615.1216080886242
1342340,647.553108503835
1343341,618.1530019125553
1344342,607.4123048826264
1345343,607.7366270004899
1346344,592.159977528885
1347345,400.58506345434085
1348346,613.3806978063526
1349347,597.3084406032052
1350348,624.9775773324018
1351349,588.7180475309422
1352350,615.8690163916201
1353351,580.0724181774151
1354352,656.5021992102302
1355353,347.64345923957666
1356354,648.9879396585146
1357355,608.952834818882
1358356,555.7125424611938
1359357,544.6272699195929
1360358,625.6377076526876
1361359,576.7387888608547
1362360,558.8756352392553
1363361,582.3385483471351
1364362,610.6240197514076
1365363,622.5777684870394
1366364,248.30680422041522
1367365,640.0445431631022
1368366,585.0505858800979
1369367,648.8766106316244
1370368,631.771530408676
1371369,626.3706537686938
1372370,625.6888534423429
1373371,618.6482588552875
1374372,625.9030058815886
1375373,606.3170424766683
1376374,601.1791979895655
1377375,587.2585044141061
1378376,646.6627631743183
1379377,644.9769153421308
1380378,623.5258791690845
1381379,633.0563631767544
1382380,632.003518261789
1383381,574.6368616889762
1384382,625.9521617997331
1385383,628.5998036226073
1386384,615.6362741341536
1387385,626.5717697132764
1388386,642.3885512658846
1389387,617.7058925554777
1390388,637.0590916325034
1391389,461.0285399172504
1392390,96.49045528733971
1393391,565.9338942415554
1394392,605.149819682467
1395393,615.4462238728881
1396394,628.6409213076666
1397395,571.6316548096871
1398396,609.9223394320763
1399397,631.1237770105121
1400398,134.30493497075514
1401399,605.2140480158619
1402400,584.8562164649112
1403401,614.8418531264152
1404402,643.277244417586
1405403,622.1327242346853
1406404,630.092391924195
1407405,619.2820894910881
1408406,580.540760081981
1409407,617.2649707176516
1410408,603.2011148825503
1411409,584.7071893722263
1412410,614.3194318367716
1413411,636.6674844876218
1414412,619.0331772033055
1415413,611.8802955660888
1416414,603.7597804231787
1417415,610.867654910444
1418416,604.3430271902823
1419417,609.8491130873771
1420418,571.8712362255584
1421419,581.0505670637234
1422420,626.202215060875
1423421,645.592892033512
1424422,614.7174940068794
1425423,615.6670806317157
1426424,635.5232991323056
1427425,592.2717294212407
1428426,452.60153973431176
1429427,643.4895203331969
1430428,587.3850783106145
1431429,589.6438494776268
1432430,561.7117009759019
1433431,589.0582907981606
1434432,599.042570656413
1435433,605.5548350409908
1436434,619.2604771435601
1437435,600.578355159398
1438436,468.75214264852895
1439437,618.8334759987073
1440438,614.5695815366521
1441439,590.5089481466028
1442440,576.3357489228723
1443441,621.53298691063
1444442,321.1226016199022
1445443,579.2448137948712
1446444,643.8086755390339
1447445,645.0320106516377
1448446,645.9616961456979
1449447,525.1590502723881
1450448,625.3213010763217
1451449,646.6607856984422
1452450,577.7627175183077
1453451,647.5134678506104
1454452,356.99931741263333
1455453,449.8612214428516
1456454,569.3712377397776
1457455,204.5281415312084
1458456,614.1192677275924
1459457,640.302793245565
1460458,419.8568270250685
1461459,645.5609734239503
1462460,661.047259228019
1463461,646.9931568978926
1464462,604.6127579504979
1465463,649.7471437404366
1466464,648.9690451489572
1467465,632.4633043936584
1468466,640.3511967033071
1469467,337.1868280526426
1470468,617.770293110078
1471469,564.9996291401537
1472470,642.1864637249307
1473471,633.9762802155385
1474472,595.8884149030905
1475473,634.4684160877739
1476474,617.9204833883537
1477475,154.6655648133823
1478476,649.0287570258201
1479477,634.6147167936773
1480478,636.9562461843963
1481479,221.68261768547825
1482480,626.4478949125222
1483481,620.7000903295905
1484482,621.5136064106036
1485483,638.1140958958027
1486484,612.4939389498501
1487485,630.1481262464827
1488486,594.4295364289924
1489487,390.27434441724506
1490488,620.8974197892763
1491489,615.8806990129457
1492490,647.8282791845618
1493491,627.7781626209401
1494492,613.4115893193348
1495493,170.25447774500373
1496494,635.5547942682501
1497495,399.75800424305413
1498496,646.2906158441638
1499497,667.0374908113488
1500498,557.1188066599864
1501499,347.24010687826154
1502500,550.5667940148267
1503501,641.6302782062849
1504502,609.0771119866814
1505503,614.3851190505859
1506504,596.8157841751317
1507505,600.4962435811779
1508506,621.5485616642711
1509507,652.3042375533631
1510508,291.0780548983504
1511509,394.43463718611156
1512510,622.9130646908046
1513511,611.9603304901998
1514512,643.2078475530102
1515513,408.0882089794234
1516514,648.5352917117941
1517515,465.73719987749524
1518516,650.8249518920732
1519517,526.0871829618982
1520518,650.7657552492574
1521519,631.5258569403468
1522520,607.9713581791306
1523521,601.0717457459278
1524522,636.290455958099
1525523,605.7400897293735
1526524,261.54864466645444
1527525,233.443225799239
1528526,92.3841328321273
1529527,667.4622210812973
1530528,602.1967588285258
1531529,626.2158330121564
1532530,635.8171847947584
1533531,27.128486748383892
1534532,363.0724658007495
1535533,653.7709320979201
1536534,642.2312845247628
1537535,601.5703909457075
1538536,671.4720415502932
1539537,530.4455950628109
1540538,574.6843075060374
1541539,634.6459087533835
1542540,656.2737851516301
1543541,105.92843883049062
1544542,648.1830239161933
1545543,31.51621545164172
1546544,627.5879316924136
1547545,591.5656664636527
1548546,634.1551113289712
1549547,613.7916156221004
1550548,649.1558537147929
1551549,661.2320952385703
1552550,27.898601542929036
1553551,338.18717036896027
1554552,228.1731856726153
1555553,449.41496367977226
1556554,634.1739727781758
1557555,639.6318172174864
1558556,181.19703959043989
1559557,382.0255592302014
1560558,606.6193190316101
1561559,89.70916181693782
1562560,586.5657946368092
1563561,610.7449496128525
1564562,615.0261717013909
1565563,643.6301839417346
1566564,697.7664168082455
1567565,584.5540162849535
1568566,616.7067907730348
1569567,599.7127741675903
1570568,634.0857686961797
1571569,650.5614555858094
1572570,360.3381177056144
1573571,642.7361843989905
1574572,613.3758507942019
1575573,393.0148235773711
1576574,625.6143868341417
1577575,637.9948709056079
1578576,25.602254530409233
1579577,618.6348867335008
1580578,652.9168648496288
1581579,633.6175989619693
1582580,650.6708826211507
1583581,277.5060529439483
1584582,233.42364528584494
1585583,609.0335994620231
1586584,659.3437537168392
1587585,615.2085071577109
1588586,617.647071667444
1589587,634.9795043146645
1590588,603.9582117051976
1591589,620.9302321603552
1592590,662.0988218526383
1593591,621.713327455559
1594592,606.4629844541588
1595593,58.89902541276363
1596594,600.9197366517234
1597595,646.7248825042774
1598596,657.9668263585047
1599597,605.4108544370973
1600598,664.7542997255688
1601599,667.3919631682749
1602600,611.3009019716834
1603601,606.7304071334507
1604602,566.344020274224
1605603,609.951984804295
1606604,621.8560980125393
1607605,627.2743352666782
1608606,372.5446651782217
1609607,625.7990515584504
1610608,41.47574036754984
1611609,600.1732080521713
1612610,637.3671839118601
1613611,649.0588416734073
1614612,671.1753588449742
1615613,647.2847447778582
1616614,645.844036951041
1617615,652.9280887420388
1618616,625.0162437082716
1619617,682.4113841478553
1620618,671.9844893648183
1621619,635.3297121671255
1622620,640.6396721876769
1623621,661.1416340887911
1624622,638.7244904069694
1625623,651.9127468813891
1626624,669.6767507311516
1627625,670.0277833381672
1628626,75.8000745570376
1629627,643.1589889214271
1630628,239.97988609976892
1631629,621.2682504472695
1632630,422.81318749268763
1633631,617.0410965141372
1634632,617.222686629922
1635633,659.7423423061842
1636634,649.7459176429901
1637635,658.6859392890233
1638636,636.6798563023467
1639637,628.2678919196288
1640638,654.4675439512689
1641639,653.1934280641799
1642640,656.6901806176102
1643641,651.1843589730942
1644642,651.1908228293693
1645643,649.4378015563032
1646644,620.8598201590418
1647645,628.2460580447857
1648646,406.79956945985776
1649647,629.4897961090603
1650648,57.00912532395244
1651649,636.447618460391
1652650,649.4743319334106
1653651,205.85445816110533
1654652,576.1966429544748
1655653,612.6596200390151
1656654,645.1913339798772
1657655,99.72739991682134
1658656,654.4056952738978
1659657,636.929913218796
1660658,639.2164546544548
1661659,646.2017363844528
1662660,619.8289917614647
1663661,632.6297202402209
1664662,648.7124792224716
1665663,484.3117363050108
1666664,571.1441371582819
1667665,667.2589734545752
1668666,625.4011829985386
1669667,604.6629442410324
1670668,256.6715696863373
1671669,620.9103400192812
1672670,508.6743348489518
1673671,146.78778160171223
1674672,653.9017208813211
1675673,586.875683874438
1676674,610.4926928788003
1677675,437.4479406749954
1678676,243.26355062093717
1679677,656.8913152463625
1680678,647.0652884118937
1681679,162.25889095981893
1682680,625.3428530025463
1683681,396.42900326666535
1684682,578.1909891421336
1685683,622.6314386479735
1686684,622.4064491077395
1687685,646.1333815838341
1688686,664.2781939709489
1689687,603.6695712958632
1690688,650.225418931802
1691689,634.3572118605285
1692690,641.2298334742093
1693691,651.2118324662949
1694692,600.7137335601176
1695693,619.9080304424461
1696694,316.15411035954594
1697695,648.2033097415924
1698696,127.59825190862092
1699697,633.0708347156232
1700698,24.516235932926374
1701699,607.5198886236815
1702700,607.4908414059713
1703701,599.5196688546886
1704702,591.1484426840269
1705703,623.4931297060363
1706704,642.3399047097936
1707705,659.3891263145055
1708706,639.1254133215974
1709707,612.9091051512107
1710708,578.2248512476864
1711709,636.4689121239992
1712710,654.9173941104997
1713711,611.5944281263198
1714712,615.5595840352023
1715713,396.83716363971917
1716714,644.9491744208848
1717715,631.8130025227949
1718716,264.3121683453171
1719717,668.8966033862721
1720718,661.0711399460981
1721719,646.8428382700133
1722720,674.721867356327
1723721,595.8261972507745
1724722,536.0687621692456
1725723,613.8263924278475
1726724,630.9089683994918
1727725,385.5229526495016
1728726,648.6541380771172
1729727,595.381850131154
1730728,620.8004365696543
1731729,364.7685358893684
1732730,668.2587541822787
1733731,591.1584711924316
1734732,653.7582879715814
1735733,644.1192421448349
1736734,660.2066697914357
1737735,388.57138887325544
1738736,593.8058799710388
1739737,646.4993968985883
1740738,670.278316265446
1741739,621.224236436564
1742740,653.9469201083333
1743741,625.8503396471261
1744742,632.2049607560509
1745743,330.7155182558943
1746744,635.5640290713645
1747745,642.2644414855887
1748746,621.4337793377375
1749747,658.8878383195228
1750748,607.3801226368448
1751749,139.57542288471618
1752750,616.213148672292
1753751,421.13225074325845
1754752,432.7208197945478
1755753,633.5256947418575
1756754,636.3626092075622
1757755,661.441264287928
1758756,371.7552696289177
1759757,673.697403290163
1760758,636.8544673702044
1761759,654.5221374951337
1762760,632.7178129201043
1763761,665.5959810348595
1764762,685.3614450116428
1765763,653.1720251986462
1766764,654.1796850274926
1767765,584.7331320425053
1768766,606.8255182508972
1769767,662.312394110756
1770768,647.1283427464397
1771769,687.9335891889847
1772770,664.0396620380839
1773771,634.5831971399359
1774772,617.8563681775987
1775773,659.5299022892506
1776774,679.7851489323637
1777775,695.6946526422983
1778776,114.94343356138826
1779777,660.9009955050144
1780778,574.863800559392
1781779,653.1000725227467
1782780,36.7391287459508
1783781,615.0981373791121
1784782,668.9368699651383
1785783,656.8366145588899
1786784,554.082089948026
1787785,629.653235587952
1788786,302.37011414398694
1789787,610.7574499151972
1790788,377.89698581778396
1791789,644.6830665471169
1792790,647.8501223732568
1793791,609.605037736711
1794792,629.5893224827793
1795793,623.348867566801
1796794,578.932047087089
1797795,641.7421572612578
1798796,625.3516590365997
1799797,470.88228350911015
1800798,605.7668114111726
1801799,632.8030456064569
1802800,680.3467727243154
1803801,644.8426531443996
1804802,298.24062310296927
1805803,371.4168353945273
1806804,661.7472812292323
1807805,677.6898644355651
1808806,553.491210324888
1809807,643.5267061991483
1810808,646.6570816915455
1811809,599.1536716705702
1812810,672.2198443990043
1813811,677.0397110331759
1814812,614.6104156085547
1815813,680.7100868854592
1816814,72.78563287921085
1817815,687.3539468775444
1818816,654.4232892668189
1819817,616.3781047617039
1820818,607.0059761175557
1821819,650.731938613997
1822820,643.80940989142
1823821,633.2923321495117
1824822,612.2591745904343
1825823,661.3236337581167
1826824,678.6422349804009
1827825,654.6313322205261
1828826,670.7495184588076
1829827,641.6871570448428
1830828,661.4428816461332
1831829,640.7107107607441
1832830,634.3402629378544
1833831,618.8371661364151
1834832,623.1546159475888
1835833,637.6596579498881
1836834,671.9533509758988
1837835,663.5247779196291
1838836,672.8792680789054
1839837,659.1567464460236
1840838,643.51628335983
1841839,631.780335027175
1842840,672.0974763018331
1843841,646.6876323930651
1844842,66.85377595398013
1845843,662.2369000926094
1846844,599.1870438753249
1847845,454.5724786583655
1848846,214.3632973428012
1849847,662.2105659812048
1850848,631.4075424952433
1851849,633.6534552407134
1852850,601.2811190848106
1853851,565.901812589423
1854852,242.98717666517763
1855853,114.54649826455785
1856854,610.3366544438601
1857855,649.653125447185
1858856,650.78240630126
1859857,503.6981400490333
1860858,525.2031515384225
1861859,671.0561060526192
1862860,438.68766180527246
1863861,287.4177283549803
1864862,670.8417142204653
1865863,170.13879731486495
1866864,227.1835561227004
1867865,583.0877220709217
1868866,618.9651062307227
1869867,643.2422700870935
1870868,279.31596922415514
1871869,641.4590683989979
1872870,646.1399066582604
1873871,413.93099044593254
1874872,616.7002750909446
1875873,629.9927434346364
1876874,613.6900838769104
1877875,659.6183826061141
1878876,663.202366580781
1879877,372.5915862146459
1880878,76.85846456447703
1881879,362.3590377446467
1882880,572.0534015368866
1883881,616.8981175333848
1884882,533.1953045479156
1885883,342.45943545702545
1886884,41.97445611208356
1887885,611.9104959818532
1888886,649.2024795166707
1889887,671.9217759437549
1890888,537.4440781477607
1891889,454.93915455796554
1892890,663.0635820732807
1893891,667.0235306362106
1894892,620.267674277941
1895893,638.9309825660117
1896894,613.3699738622662
1897895,632.6156199993295
1898896,651.9473449291681
1899897,646.7952169496476
1900898,612.0873406289851
1901899,618.73854773634
1902900,405.65714932595347
1903901,649.9066815761324
1904902,664.6868013750574
1905903,635.6209495055206
1906904,668.961734606903
1907905,534.4114997993285
1908906,643.5745541027999
1909907,664.9784594668967
1910908,609.1693636634798
1911909,641.6793413060733
1912910,685.9963954045489
1913911,282.94214009111704
1914912,647.2368869507558
1915913,620.821550050549
1916914,684.3460505325789
1917915,665.3732095493968
1918916,642.4852790927408
1919917,659.2129365086365
1920918,621.1746561817126
1921919,625.1960729039828
1922920,400.11018635501244
1923921,636.7503352554279
1924922,677.719373691296
1925923,631.2012100651806
1926924,653.2537380972805
1927925,673.0979149841199
1928926,656.8987701567502
1929927,662.0199851552738
1930928,492.41787750209505
1931929,488.575437578347
1932930,645.9265042632984
1933931,644.0486993563128
1934932,656.7496000538297
1935933,663.289716003506
1936934,637.5032973227499
1937935,627.0996902439164
1938936,647.6145644117928
1939937,654.2613780867061
1940938,184.92560547180443
1941939,672.8084799160813
1942940,662.8229062473473
1943941,620.5413266392694
1944942,121.85024568055957
1945943,572.705445299142
1946944,618.9366235989073
1947945,666.0478528893967
1948946,632.2092367926612
1949947,661.0046638039609
1950948,686.6562343016951
1951949,491.77721023757687
1952950,711.3895780366116
1953951,659.4394961193224
1954952,600.1260158890765
1955953,656.5817391624264
1956954,652.7051878381538
1957955,686.6889486242485
1958956,675.0666759526891
1959957,633.0849339642807
1960958,654.2378342651888
1961959,609.7775051987074
1962960,667.9656715795932
1963961,666.3801448147227
1964962,624.2660405561024
1965963,172.02067035435076
1966964,670.4565277546693
1967965,664.0307404880414
1968966,677.5060462583122
1969967,673.5938907660686
1970968,657.9639673382047
1971969,648.4483415080939
1972970,649.8997277195436
1973971,642.5843089288508
1974972,638.168128035506
1975973,669.9529323518217
1976974,638.0096009182762
1977975,685.6833768616393
1978976,650.2405416036542
1979977,697.5532255814113
1980978,133.26294257629598
1981979,657.8387615086791
1982980,163.0984926543845
1983981,586.8442274406417
1984982,683.3883415154576
1985983,649.8139696587049
1986984,657.1322163918858
1987985,657.700417293513
1988986,670.1310413166644
1989987,670.4624248255176
1990988,632.3268313215423
1991989,661.0582276154139
1992990,702.4838553639578
1993991,642.2815865319205
1994992,643.8477066754684
1995993,669.9966515805502
1996994,625.9026267394121
1997995,624.4455073216403
1998996,664.1612853464048
1999997,689.4510973831892
2000998,677.2265870097729
2001999,619.5408833188186
2003000,677.871649124188
2004001,645.6847563935389
2005002,682.3501971894849
2006003,320.77060819026946
2007004,663.8778073506527
2008005,358.62881919938167
2009006,661.4630919322233
2010007,661.617371944838
2011008,615.396854779098
2012009,631.9323629430867
2013010,674.0855916249282
2014011,642.9765238196518
2015012,568.2409953199224
2016013,681.0648581455766
2017014,648.4019881593374
2018015,649.067661324148
2019016,673.598373310867
2020017,654.9473504836894
2021018,207.08432551027917
2022019,600.0469358309497
2023020,651.3611637776711
2024021,391.1366592148811
2025022,639.6086090370826
2026023,618.9890139723399
2027024,691.5970480335378
2028025,377.85224447934297
2029026,663.4273194834464
2030027,603.2891504176908
2031028,615.6892709291636
2032029,687.3630941120641
2033030,184.29494639530768
2034031,604.5476837114577
2035032,87.92129549485844
2036033,673.2826289000479
2037034,288.9703817169599
2038035,655.2539153312682
2039036,539.2348005488932
2040037,567.2638483819495
2041038,642.4203802909138
2042039,434.3743568850447
2043040,21.967982486689987
2044041,639.7556338835498
2045042,620.3324125471573
2046043,675.512821820689
2047044,118.22084272575978
2048045,338.68268308760474
2049046,646.9447329329796
2050047,633.4163290538123
2051048,81.21831706144366
2052049,664.8234210634853
2053050,344.9216810801175
2054051,587.7204095931402
2055052,662.637177169842
2056053,665.7634176335589
2057054,680.3456391061551
2058055,635.4461669548349
2059056,585.7040641617388
2060057,682.914186816063
2061058,644.2458043090852
2062059,631.7621555022486
2063060,667.8585339089304
2064061,661.945816394547
2065062,642.434385803134
2066063,645.4793285128052
2067064,664.9306586682885
2068065,570.5968874928127
2069066,647.2090499113198
2070067,641.6459097760736
2071068,670.5013083404114
2072069,672.6597081945945
2073070,443.3463172362904
2074071,660.1118545302704
2075072,644.0153191647202
2076073,656.5204204345087
2077074,660.8374151936176
2078075,617.2458069566418
2079076,633.4260249898537
2080077,641.1502025184421
2081078,50.662422824934815
2082079,660.1555928767283
2083080,659.1531901234149
2084081,644.6496893039948
2085082,668.4353923553599
2086083,632.5860007046749
2087084,647.795773207944
2088085,634.5198833609363
2089086,655.2302628699417
2090087,653.8677270406483
2091088,651.8458263981936
2092089,140.29483119344047
2093090,607.1226813016024
2094091,576.3016680443326
2095092,650.9093943424548
2096093,680.4244898343649
2097094,647.0648150489915
2098095,636.550858521258
2099096,647.1215003390233
2100097,637.3488746688204
2101098,629.9748911710959
2102099,600.9376672033243
2103100,663.0171957932056
2104101,642.6956314286061
2105102,290.2156497658478
2106103,652.6669955204374
2107104,37.60770769881604
2108105,653.6728595610475
2109106,635.5247261616944
2110107,497.7107333253292
2111108,653.5744023440512
2112109,657.3264316606343
2113110,651.3022540270237
2114111,663.3025105104833
2115112,655.4820784706208
2116113,658.3495303449137
2117114,590.8831525518494
2118115,641.496516981805
2119116,679.8531521004884
2120117,558.5318533353304
2121118,632.7019088246202
2122119,640.2369150032295
2123120,617.3312838369109
2124121,653.7027324205361
2125122,281.6211862149029
2126123,686.5731306180577
2127124,681.0129352726624
2128125,672.4972360539488
2129126,662.6398807489736
2130127,379.7358557537296
2131128,578.769278709827
2132129,663.8741750540823
2133130,40.068496558921154
2134131,270.5948343348971
2135132,639.0451381881961
2136133,630.2021602955357
2137134,34.44272936144081
2138135,631.1045056852785
2139136,683.1963914733051
2140137,653.6142225268532
2141138,677.6557804334005
2142139,668.2039003855322
2143140,658.5562760393543
2144141,675.816080211804
2145142,665.6579097816724
2146143,647.8678074891051
2147144,679.7405060502435
2148145,613.4277384086953
2149146,616.064492126404
2150147,648.0483676201831
2151148,639.8973949847478
2152149,654.0655603577782
2153150,653.1693313468943
2154151,22.393818879402485
2155152,637.1066168670202
2156153,637.5749527209229
2157154,662.8150378198721
2158155,651.7369928875778
2159156,674.3321033995047
2160157,634.9558582735997
2161158,654.4537347457489
2162159,640.8770763249694
2163160,613.1525546747993
2164161,36.47292926568228
2165162,670.9298943110413
2166163,675.6943726042449
2167164,649.192694176935
2168165,670.4047637449559
2169166,611.305106286231
2170167,656.7652122968485
2171168,669.9961062514047
2172169,147.96414751967328
2173170,660.0439251207938
2174171,625.6798853768183
2175172,611.7245098661709
2176173,654.5363722540565
2177174,669.1200852077307
2178175,647.9863040164885
2179176,693.6996105893622
2180177,35.861474518573324
2181178,638.7242652036496
2182179,647.5127228046335
2183180,84.36228773120274
2184181,609.5661286395787
2185182,234.60153546963488
2186183,639.3605208934241
2187184,672.6497671866969
2188185,651.765601943171
2189186,665.6564880451618
2190187,659.2101626238973
2191188,676.6960552832395
2192189,685.5396457935415
2193190,621.504144521555
2194191,685.1399201593224
2195192,591.8599931518233
2196193,654.169863615656
2197194,650.1713355661699
2198195,658.5916678730504
2199196,666.7084989178742
2200197,605.4377555306718
2201198,673.8307356726995
2202199,623.7434089976344
2203200,617.5114648054316
2204201,633.0959594679617
2205202,667.0188289472268
2206203,618.2318781346365
2207204,635.7986336206026
2208205,680.9448724822415
2209206,253.15914567321866
2210207,656.9385006067225
2211208,651.5948788647165
2212209,638.9260099547107
2213210,622.0543075562862
2214211,680.0354198475809
2215212,613.3147309056645
2216213,627.7366195189203
2217214,656.6120201284881
2218215,645.642101015117
2219216,650.8347523829732
2220217,656.5233692602473
2221218,659.2370994781904
2222219,642.7647413937458
2223220,579.4325480386374
2224221,656.322183494621
2225222,675.349294577199
2226223,88.58699245385925
2227224,665.4015295707497
2228225,623.1086940538003
2229226,350.25243266369085
2230227,658.6521465785071
2231228,644.0711969940004
2232229,624.0765804629414
2233230,630.3402485617681
2234231,639.5148925092675
2235232,664.5547915970808
2236233,264.65176768452045
2237234,629.1687994297354
2238235,671.5981132206462
2239236,622.9516731092767
2240237,575.3906796822682
2241238,674.6174707917772
2242239,648.8742030840264
2243240,607.6587871288242
2244241,26.709905290109557
2245242,651.7441027134264
2246243,675.3502394462793
2247244,633.4560009361336
2248245,619.0193984106492
2249246,644.345475409937
2250247,606.6027573306638
2251248,651.7340312213229
2252249,503.4799652571024
2253250,645.6239360248112
2254251,649.7733002415023
2255252,672.4509144230717
2256253,629.1981753175185
2257254,648.0390968509395
2258255,672.0011276179404
2259256,642.788600101897
2260257,641.894822189829
2261258,640.6542497543642
2262259,657.5978794410066
2263260,33.71718877860393
2264261,658.2922202282003
2265262,675.0808073148833
2266263,673.331369846554
2267264,623.0539404643043
2268265,507.6664774377354
2269266,688.1235442912163
2270267,305.88361928887144
2271268,623.3484361059361
2272269,671.5325608399081
2273270,27.22177887925612
2274271,699.8762284156048
2275272,674.4804266692407
2276273,627.2251654539614
2277274,646.169156539748
2278275,564.5696387555846
2279276,676.6647967795236
2280277,26.808274356525697
2281278,583.071045405182
2282279,418.92346427475655
2283280,665.4304157216967
2284281,669.9236134463041
2285282,657.4080089322117
2286283,636.1778954622932
2287284,625.333833404891
2288285,647.4543148386849
2289286,630.3992183829445
2290287,668.7695233728572
2291288,648.7247796772822
2292289,639.2779872589622
2293290,655.163899285726
2294291,648.1038776855179
2295292,649.4278893826191
2296293,653.5335555785482
2297294,650.609245693274
2298295,37.79928447337475
2299296,603.5841829952792
2300297,618.2856218630454
2301298,569.4078000949088
2302299,318.83564465622294
2303300,680.2423143745739
2304301,619.8182110680797
2305302,669.9734142651575
2306303,678.3680303361392
2307304,664.8687255342556
2308305,600.4836631610767
2309306,59.52676054332563
2310307,625.0516597189213
2311308,673.4968379806857
2312309,21.940997789493863
2313310,662.7170208441189
2314311,618.9135315237633
2315312,584.6774813991925
2316313,615.1171210677352
2317314,619.3868156735615
2318315,671.8518690484681
2319316,662.8801158982237
2320317,658.1795030794206
2321318,637.6862797564315
2322319,662.8320760748002
2323320,650.6891157337467
2324321,623.1210411812791
2325322,653.493313512384
2326323,607.5119481950346
2327324,664.1406976387343
2328325,658.3820184163918
2329326,35.85423001001796
2330327,22.11369219713236
2331328,693.6096069911215
2332329,665.2472603571156
2333330,661.1440290500786
2334331,268.08856597814895
2335332,682.0794413919115
2336333,675.934451596299
2337334,681.7855952078825
2338335,652.7669494487551
2339336,630.6625401075078
2340337,635.8351799208534
2341338,674.1426954861679
2342339,659.7087516773964
2343340,634.0394388498817
2344341,659.5353918759843
2345342,17.021298501827896
2346343,22.931498072735938
2347344,642.5863966555326
2348345,46.018508122008754
2349346,646.0085286447413
2350347,650.4161814641981
2351348,646.1210867062186
2352349,650.6468118536961
2353350,359.4939988346785
2354351,624.0791783383372
2355352,654.5242074052596
2356353,683.8162137609802
2357354,611.8335930064266
2358355,617.4051578810644
2359356,263.5338790079845
2360357,658.5204037172462
2361358,618.0412829809694
2362359,637.8192250945568
2363360,647.2938994208713
2364361,265.9638905124856
2365362,650.2496835960374
2366363,617.3338941318515
2367364,655.4781314481121
2368365,588.9652687223709
2369366,663.7210988639388
2370367,46.30065661580159
2371368,643.9019771896599
2372369,645.1623994480045
2373370,641.84673802346
2374371,633.4770186390269
2375372,657.6325756513259
2376373,652.2817420144015
2377374,591.5436354041145
2378375,653.4420508376163
2379376,669.0153087250652
2380377,612.4325457447566
2381378,441.54461861880884
2382379,666.9231663268874
2383380,665.6147838621961
2384381,97.18898512665363
2385382,653.7395420778864
2386383,648.9220714887019
2387384,690.2576959569701
2388385,452.11635855041914
2389386,652.1275895786255
2390387,653.9288254041543
2391388,638.1211523499857
2392389,645.1032461311985
2393390,630.9408606425843
2394391,644.6109661512104
2395392,610.5573281699351
2396393,646.1136741551728
2397394,653.586515061199
2398395,642.919969450437
2399396,653.7453454920117
2400397,642.8583833982403
2401398,64.31262785142422
2402399,644.2321443639764
2403400,642.5474229546033
2404401,607.8675009709631
2405402,624.9125864349711
2406403,623.5433912492203
2407404,638.9521149181746
2408405,643.4882871138062
2409406,657.4343333284014
2410407,639.3219303326964
2411408,51.75533329141582
2412409,339.1025758907965
2413410,660.9308530355503
2414411,620.7269437075361
2415412,633.397451667163
2416413,222.91336532458365
2417414,652.2167303263428
2418415,646.9990128350091
2419416,202.09388716831614
2420417,631.986427663606
2421418,600.4763899646363
2422419,49.742205362929056
2423420,641.8058454522926
2424421,620.3242440257472
2425422,640.2579628332331
2426423,460.021997542979
2427424,652.139840119987
2428425,378.7731985259339
2429426,673.4748559359704
2430427,97.68046340258344
2431428,672.7038828559855
2432429,636.8822552017638
2433430,603.2972213838234
2434431,634.4039070559538
2435432,643.3991994776109
2436433,407.47484018305255
2437434,663.559784701492
2438435,686.5107328154868
2439436,24.209113599722784
2440437,672.2001330325426
2441438,583.3357751661647
2442439,256.4693801340221
2443440,655.2238816264679
2444441,683.825578545998
2445442,651.3253828265479
2446443,660.1414769864698
2447444,581.9571798570688
2448445,662.5688005209136
2449446,652.3913963383443
2450447,683.9863631397782
2451448,531.0324324707988
2452449,653.3819144287866
2453450,652.3192855487993
2454451,682.5827825715148
2455452,655.2434775812774
2456453,690.7545712424238
2457454,96.05269005118754
2458455,60.39474729313404
2459456,529.3685450304872
2460457,592.8743193773935
2461458,664.36587152067
2462459,29.26690086455627
2463460,577.1685596463966
2464461,591.3101722716899
2465462,106.50735351734136
2466463,645.6724414880467
2467464,661.0905247964585
2468465,636.2126845568266
2469466,661.8987698257841
2470467,524.3110032422611
2471468,75.19456119537372
2472469,659.5763366201684
2473470,657.7379377023029
2474471,652.1903094370894
2475472,674.6586716852793
2476473,662.363171215711
2477474,600.192533360808
2478475,625.9352733217481
2479476,675.898254454851
2480477,634.3078115629588
2481478,690.2654003183945
2482479,365.74283114510274
2483480,660.8287642833977
2484481,654.6109951118763
2485482,652.8557297872426
2486483,673.4714884888966
2487484,591.6150921616379
2488485,649.9677571690669
2489486,314.21802088901444
2490487,673.4133784828485
2491488,305.93686112758905
2492489,48.520562674951144
2493490,675.9455672301344
2494491,545.1810359542968
2495492,632.8945637240844
2496493,419.7623219038996
2497494,634.746226383409
2498495,648.2059006115891
2499496,650.0493988117837
2500497,681.0384435682877
2501498,129.19358848589846
2502499,680.462233629396
2503500,657.445998750914
2504501,628.1316002775363
2505502,651.0832136951034
2506503,662.7766532359768
2507504,674.5040829327068
2508505,664.9794040766175
2509506,669.9009055249792
2510507,610.4245217117601
2511508,667.1814214789837
2512509,514.3912273455297
2513510,677.9770648025082
2514511,644.1585738106487
2515512,648.9591084555785
2516513,665.0627067941904
2517514,636.0652332123248
2518515,661.5869406963063
2519516,639.9504007091728
2520517,611.582090096092
2521518,640.2059163909184
2522519,31.746131752439048
2523520,627.8748932522527
2524521,658.505111234399
2525522,643.6288267524619
2526523,589.8674020835218
2527524,623.3063227547357
2528525,659.9914658683192
2529526,25.57657324604831
2530527,639.2474639647944
2531528,659.9327680495303
2532529,658.5328873682752
2533530,654.627339079595
2534531,642.2271900348218
2535532,26.170013737669773
2536533,666.9973008658706
2537534,215.33187508471184
2538535,664.2063192092163
2539536,87.51333641542807
2540537,429.8066321735612
2541538,674.7630835729531
2542539,615.1636868820872
2543540,620.040694429068
2544541,653.783186224858
2545542,659.8027591731866
2546543,640.3901237602164
2547544,51.19843111615407
2548545,589.6809332133428
2549546,20.442039025073193
2550547,659.5063561810589
2551548,681.5463784326141
2552549,395.9739991893309
2553550,625.8577457625029
2554551,417.8486434436577
2555552,655.9520148793706
2556553,686.8755130984923
2557554,641.5283043433793
2558555,617.1689989107788
2559556,617.2883964707788
2560557,452.1604893329077
2561558,680.9246971718679
2562559,620.6728363740697
2563560,612.1089938903194
2564561,644.6412299442513
2565562,632.7945099153845
2566563,628.7049118691426
2567564,616.380007385415
2568565,670.8316152630085
2569566,657.9511766640286
2570567,642.7916508086322
2571568,559.6055499717268
2572569,611.5416581252268
2573570,671.8311524229725
2574571,630.5251879151506
2575572,645.0731287351742
2576573,637.4034474956072
2577574,548.2717454243192
2578575,666.5443914481531
2579576,664.0326026979839
2580577,568.0867929824919
2581578,668.9470210875955
2582579,603.9147980501094
2583580,568.0728751603909
2584581,36.8984039554592
2585582,658.4334131854562
2586583,662.4829944646061
2587584,664.0492088989891
2588585,643.7763461578734
2589586,643.4795056555058
2590587,635.4482934814426
2591588,262.7939096865631
2592589,101.3255049796103
2593590,665.6506171264203
2594591,640.7772570977074
2595592,496.28646891684633
2596593,585.9477085130424
2597594,670.1632009383567
2598595,699.2872272061826
2599596,661.4570397312507
2600597,672.4214610338756
2601598,654.0349004181803
2602599,685.229745830816
2603600,478.4426222004756
2604601,680.8118401613332
2605602,305.6336283227842
2606603,625.7969831032514
2607604,259.91639741451667
2608605,662.6711567879474
2609606,652.1540478849687
2610607,20.623378006524504
2611608,649.9568720463086
2612609,373.036403881294
2613610,49.17319821105183
2614611,348.5822284076548
2615612,649.2809612269168
2616613,672.5008074624856
2617614,627.3673613825645
2618615,55.78923402695411
2619616,629.8655993753786
2620617,666.0305032367194
2621618,683.0978084557903
2622619,652.9519241105843
2623620,663.0267518569839
2624621,644.5861301448285
2625622,659.2586147097752
2626623,672.5303805281294
2627624,655.3346444483723
2628625,661.6607565661727
2629626,653.1918109822257
2630627,468.73514784095863
2631628,638.5726317778688
2632629,18.625949517338526
2633630,669.9743054181607
2634631,639.6754913672977
2635632,513.8230040054052
2636633,36.50467322070221
2637634,658.294892076967
2638635,626.0633995105961
2639636,638.8785851060408
2640637,646.1144003277493
2641638,228.15533810948787
2642639,267.1191741932789
2643640,526.1536305149538
2644641,647.7533764296239
2645642,656.731577937409
2646643,638.9808021350512
2647644,461.1320424155605
2648645,92.42956940420771
2649646,642.8359222021659
2650647,640.6542075138663
2651648,647.7434088181377
2652649,614.8680723005757
2653650,658.9849691150414
2654651,29.891997052769227
2655652,633.1031279996885
2656653,603.7484567688924
2657654,631.647772229758
2658655,632.0787892078041
2659656,13.35950406991332
2660657,654.162933066181
2661658,591.6841473098798
2662659,660.8099403432317
2663660,413.7803618814271
2664661,633.4728608989826
2665662,287.4337968511671
2666663,587.6416368760737
2667664,667.93218214949
2668665,625.1385539889778
2669666,627.4951769736797
2670667,448.00822266675283
2671668,175.76155756800082
2672669,647.3328769278112
2673670,634.2935547999335
2674671,612.4529175304048
2675672,640.6079026531022
2676673,56.1653791204469
2677674,638.7710757843795
2678675,636.0067408306294
2679676,24.417719567391277
2680677,614.858759324319
2681678,669.959715289389
2682679,654.424893926283
2683680,677.9980874002925
2684681,655.7598065994182
2685682,664.7574555789337
2686683,674.154563674997
2687684,668.0420124871564
2688685,537.0242061120468
2689686,675.3095431859012
2690687,673.3587313338529
2691688,605.1090667442486
2692689,656.5651913042886
2693690,664.3815277028765
2694691,653.9216676069708
2695692,639.0974667417354
2696693,639.7110593293281
2697694,603.3715676653784
2698695,678.5627122182309
2699696,619.0253183840931
2700697,573.3834397439855
2701698,691.6679622480785
2702699,407.49717722249113
2703700,626.4452317082468
2704701,635.5469837931126
2705702,611.3385703135706
2706703,672.34042881799
2707704,648.7470782973015
2708705,628.2067553218437
2709706,18.138996607211848
2710707,335.81898760157264
2711708,671.6859544575652
2712709,644.141933533024
2713710,678.181291852188
2714711,686.1349584872753
2715712,629.55704169853
2716713,659.9403494594144
2717714,646.2795950901087
2718715,658.883329683268
2719716,443.9526768175873
2720717,688.5986918446789
2721718,277.76742167025236
2722719,660.8559775880642
2723720,649.980322302687
2724721,553.4395198232905
2725722,639.4259939313949
2726723,504.42753161757173
2727724,677.6208872299813
2728725,661.8405671659461
2729726,610.4715030424821
2730727,656.2050556387662
2731728,673.6838403995903
2732729,675.5481374414596
2733730,652.1425509651442
2734731,689.5493314159
2735732,358.68971409176635
2736733,621.1389647848486
2737734,660.6312667124906
2738735,647.3020124708997
2739736,680.6589880181131
2740737,677.1667815003386
2741738,694.5040372725248
2742739,670.1292271594195
2743740,674.7224118373296
2744741,646.6562508589344
2745742,661.5903778627313
2746743,656.9681833803272
2747744,672.0614190651348
2748745,674.821209602959
2749746,661.3540998085438
2750747,686.6466094522109
2751748,588.8854544170713
2752749,461.4043157237746
2753750,666.6493984182473
2754751,622.8500973088412
2755752,653.822430603672
2756753,660.729323916503
2757754,661.7325687082143
2758755,660.0246361487665
2759756,670.7227954703002
2760757,486.8916063509522
2761758,648.2241394051823
2762759,634.2423524742011
2763760,649.8671513701654
2764761,659.1178048624922
2765762,613.5688557437455
2766763,662.1701514763628
2767764,658.5355739504912
2768765,652.7963441242972
2769766,682.1281181281092
2770767,676.8926173322926
2771768,665.5366993271476
2772769,618.0696010292224
2773770,634.5223702605988
2774771,651.4082902805224
2775772,627.1230388870149
2776773,675.1455299083055
2777774,613.0794067610893
2778775,665.0980237868333
2779776,670.9988463376602
2780777,651.6373808151282
2781778,654.693695244334
2782779,637.0559312369701
2783780,673.8388145504766
2784781,655.8405244821134
2785782,640.8197445811736
2786783,638.4566694939023
2787784,666.6830682937347
2788785,648.2520097787839
2789786,662.3112048621346
2790787,552.2958275032987
2791788,633.638821257203
2792789,666.9988899583291
2793790,657.2470150573469
2794791,636.5679777466761
2795792,658.8027561263534
2796793,639.2016593385571
2797794,640.0062069822579
2798795,651.6508423285011
2799796,659.2899345825366
2800797,659.217478633698
2801798,642.9278736535289
2802799,674.5277862659276
2803800,634.5829880484206
2804801,675.8968393645944
2805802,650.3619952802892
2806803,670.0187653059947
2807804,687.0333468624589
2808805,694.4678111730041
2809806,667.6918954930672
2810807,671.1444371747707
2811808,676.3811571283161
2812809,677.72710077098
2813810,655.9279879930134
2814811,663.6890726252279
2815812,621.6306556223913
2816813,674.0315174908444
2817814,653.2635490606013
2818815,319.8502280728127
2819816,655.0936429888636
2820817,674.4630191066383
2821818,679.2725219416342
2822819,643.717485715271
2823820,636.5117479855171
2824821,651.1239093875337
2825822,679.8967860814251
2826823,236.29585919564823
2827824,662.5932241637757
2828825,628.4632932554193
2829826,657.0765082348779
2830827,618.5791807297019
2831828,676.8709000044053
2832829,629.8663663475861
2833830,587.1517821032131
2834831,644.5609792439685
2835832,654.024472616301
2836833,634.7883816523253
2837834,641.4603718152983
2838835,670.6533192082272
2839836,662.6559704869285
2840837,627.5466853275257
2841838,336.39748580754923
2842839,692.6484257046939
2843840,584.6448807692013
2844841,603.4107752165974
2845842,615.9790502686801
2846843,299.49512705577547
2847844,643.2404000242417
2848845,210.62861879246032
2849846,632.1796524223084
2850847,670.5108984522246
2851848,644.7006322555721
2852849,644.9336843081347
2853850,650.451329417537
2854851,602.8119984378201
2855852,651.315702300032
2856853,671.8355143868315
2857854,647.1656120631126
2858855,680.6839333529672
2859856,640.8243506419634
2860857,657.218414917254
2861858,390.8435273272283
2862859,622.0344074349965
2863860,673.785063142886
2864861,599.3678582493943
2865862,633.4055820251721
2866863,636.758739779695
2867864,645.2907273574614
2868865,648.0933116928446
2869866,655.8946483694616
2870867,665.5712921009086
2871868,477.6183289646741
2872869,656.9691073555335
2873870,674.764618887782
2874871,417.1496336343236
2875872,626.8640138415351
2876873,636.6032197685273
2877874,398.4116717015704
2878875,640.6877741880894
2879876,665.77328514551
2880877,672.7050250652183
2881878,649.32770355915
2882879,659.5047570231517
2883880,644.3729184193877
2884881,662.3282959646336
2885882,308.18454010340616
2886883,251.6945343788538
2887884,524.8212425518633
2888885,666.5881814699981
2889886,211.75890822195157
2890887,680.7961053437405
2891888,691.2083401078191
2892889,659.451702221794
2893890,658.3013051650238
2894891,669.2472254479579
2895892,660.6062180597999
2896893,563.5214397746341
2897894,665.0645113904495
2898895,677.6090079409563
2899896,672.6069323760867
2900897,631.4836227628982
2901898,639.1184424262232
2902899,666.0187169906942
2903900,530.9509690846658
2904901,627.3281714028338
2905902,657.7340067892563
2906903,645.4710053326356
2907904,684.0729974881643
2908905,649.8671079740841
2909906,647.9522239396289
2910907,362.25275965245106
2911908,640.0044864288127
2912909,414.45541973575746
2913910,667.7237081615368
2914911,647.2393334972277
2915912,258.5905910730952
2916913,653.5772007979666
2917914,677.8810740914993
2918915,677.3711545184584
2919916,646.0277044578158
2920917,683.0010023423479
2921918,659.9032885579957
2922919,661.5743524416098
2923920,658.3752734959186
2924921,670.7296335358642
2925922,641.1495874007052
2926923,656.7045005215193
2927924,409.4802066202319
2928925,612.7421955237339
2929926,594.0774551369808
2930927,687.0857776960391
2931928,697.9516408849141
2932929,682.5466721077659
2933930,671.9101946110093
2934931,617.3386134958724
2935932,630.2300710083907
2936933,656.1760105634318
2937934,681.1021512982636
2938935,653.0793940367985
2939936,492.9815270804919
2940937,642.3663144799489
2941938,56.35852144306533
2942939,666.5978674307688
2943940,684.0557115688374
2944941,664.3134225924646
2945942,636.8316926311586
2946943,609.5009192812732
2947944,674.6642638969846
2948945,686.6398492250526
2949946,672.2006128725907
2950947,632.7117461633957
2951948,643.2763758404044
2952949,219.56313740297452
2953950,698.4325308816312
2954951,640.4191757119256
2955952,665.9553054676301
2956953,489.5218288540176
2957954,673.6219869906349
2958955,657.4423053713394
2959956,671.2938972723729
2960957,678.1659096212594
2961958,625.8236006288341
2962959,400.9401137487283
2963960,695.8517025556959
2964961,660.4586242209764
2965962,478.1025594978294
2966963,663.6126701683207
2967964,658.9080063023363
2968965,23.538835902771986
2969966,655.742003597184
2970967,663.049934145686
2971968,657.2105666077993
2972969,637.0052196082388
2973970,628.9248374444654
2974971,697.379839708046
2975972,651.5095211758475
2976973,677.2510628957575
2977974,656.101547556198
2978975,658.1462055403794
2979976,655.8841075223996
2980977,663.1511807023816
2981978,676.2701734666225
2982979,469.3999402544493
2983980,665.821278515963
2984981,595.4882148160244
2985982,703.8168677399538
2986983,637.16010669249
2987984,662.6859622106919
2988985,669.6699400907604
2989986,654.6364735392117
2990987,656.0671351682646
2991988,631.9440520417775
2992989,641.962129770623
2993990,653.9590112169406
2994991,468.90548162749894
2995992,659.540327623843
2996993,654.6990509335732
2997994,675.3493741830702
2998995,646.9322407048489
2999996,632.5621466328207
3000997,646.024319708536
3001998,646.8657708918696
3002999,685.7259852049594
3004000,642.4022082042561
3005001,657.0033667398689
3006002,593.6434046825133
3007003,641.7108262248408
3008004,293.749606667322
3009005,628.5358372861806
3010006,404.87706634406874
3011007,625.5127607224621
3012008,645.5625965752943
3013009,657.361716274228
3014010,644.3095624275576
3015011,647.1332257908102
3016012,671.4708594957206
3017013,677.9155730650776
3018014,215.76081929090273
3019015,634.0598186205294
3020016,660.3823685332501
3021017,676.9521982896109
3022018,651.8503462458747
3023019,659.8438467433809
3024020,655.4801601760596
3025021,668.7817758186296
3026022,657.7782989369651
3027023,678.9771313830771
3028024,633.8606696421493
3029025,674.1042822547397
3030026,671.0164557830607
3031027,638.7136897116317
3032028,663.3259404639143
3033029,311.79358832811766
3034030,660.8553056590468
3035031,648.1602206527104
3036032,633.7364489063926
3037033,604.6550357621543
3038034,644.833164476414
3039035,632.1079864502693
3040036,661.0662426026151
3041037,488.7564410619354
3042038,660.865618087687
3043039,647.0372478914386
3044040,697.9993229935993
3045041,681.5063255587065
3046042,664.5412919714379
3047043,630.1596995180433
3048044,595.5783656455234
3049045,513.5855044654568
3050046,638.5957075848546
3051047,617.5161954566032
3052048,656.9965463838192
3053049,626.4137799256501
3054050,640.0358651715673
3055051,665.6778206897791
3056052,634.3048643183706
3057053,506.85573006736945
3058054,687.1807985412006
3059055,616.1476674753322
3060056,638.3169733111146
3061057,669.8109042857952
3062058,667.5337941404708
3063059,689.1006373853825
3064060,603.0792360057295
3065061,684.9482215081762
3066062,663.8850465889464
3067063,646.8212667574566
3068064,301.77649963365934
3069065,679.779480843746
3070066,349.59710896709595
3071067,661.017730007953
3072068,345.8145640063648
3073069,652.2568597030054
3074070,318.3626811237509
3075071,635.5330034443099
3076072,585.3662447209356
3077073,653.3087130970085
3078074,643.5856100653398
3079075,664.5816941900047
3080076,635.4102119610963
3081077,666.7726207956408
3082078,677.9591811187722
3083079,664.5416905189828
3084080,692.9218918045852
3085081,676.1046179274908
3086082,645.6062099195746
3087083,675.5367141774715
3088084,682.6228461433686
3089085,667.7396360200507
3090086,675.9738317658024
3091087,646.7974624762801
3092088,665.3672891932316
3093089,451.06192380174235
3094090,625.7507731904107
3095091,683.2544535160981
3096092,659.3485668273148
3097093,671.2227436963503
3098094,648.6408307606185
3099095,645.122863437198
3100096,675.2531720471369
3101097,650.4189312573504
3102098,670.2335692826733
3103099,644.6766221051874
3104100,649.1489711418468
3105101,665.5244536896977
3106102,238.43589728939486
3107103,669.8327410337422
3108104,201.18858340575446
3109105,659.648344488081
3110106,589.741934212374
3111107,628.2918780480557
3112108,682.1878862760732
3113109,574.6132169372976
3114110,680.9092911551365
3115111,642.8951962429783
3116112,661.6220165502108
3117113,657.8017647491952
3118114,661.4596225596597
3119115,699.8135764077639
3120116,662.9101434774001
3121117,627.8025383883981
3122118,387.6719316353277
3123119,656.0326696434089
3124120,610.6140672124458
3125121,653.743050605157
3126122,674.1021761756369
3127123,609.6843275855767
3128124,653.6446157638019
3129125,661.0592723862743
3130126,675.6940319854311
3131127,679.4257904721874
3132128,651.139807254745
3133129,642.7108721839578
3134130,695.2476315719348
3135131,573.2717325250925
3136132,655.3554789195174
3137133,697.4285799207449
3138134,596.4962976082069
3139135,666.049406569271
3140136,658.7550253368613
3141137,640.4467731662498
3142138,430.7518795338005
3143139,651.8864661789672
3144140,424.47534039533906
3145141,641.0243306395153
3146142,515.1929332916744
3147143,649.8206988361674
3148144,664.6796283920104
3149145,475.3060307825813
3150146,664.2660431842412
3151147,688.4636771220651
3152148,650.1317989944043
3153149,659.9496764074704
3154150,668.0692616471246
3155151,426.9407095685434
3156152,553.602597555767
3157153,349.3250458033892
3158154,194.7122421070773
3159155,677.564925287583
3160156,642.4017493623608
3161157,653.211729640738
3162158,406.8700659040883
3163159,627.8528779777936
3164160,640.9704131204195
3165161,665.5106381437839
3166162,563.3713250777624
3167163,652.6806277027902
3168164,316.9870975726429
3169165,642.1306983244108
3170166,375.49140554290875
3171167,400.30468454150184
3172168,663.0977120501245
3173169,652.1333487427308
3174170,541.5068061970435
3175171,628.3891646621624
3176172,633.4027556077542
3177173,628.8829700793916
3178174,129.00123460170857
3179175,650.3898915364273
3180176,684.6015975340526
3181177,437.95512890899255
3182178,463.9930281334796
3183179,657.8093381115215
3184180,670.6255600051261
3185181,634.9791249260512
3186182,49.17933413676421
3187183,620.6827123019964
3188184,326.9262867994244
3189185,380.38706320408676
3190186,501.458383118475
3191187,654.4272492058384
3192188,685.7017547217613
3193189,641.7438023261806
3194190,427.8549554888388
3195191,195.28132538050528
3196192,651.9689201435074
3197193,686.356318245759
3198194,631.5457689909302
3199195,549.2749786535811
3200196,355.4311455601155
3201197,633.9423223063567
3202198,602.2618415806386
3203199,661.1979442050715
3204200,410.8384502280025
3205201,69.18768542524677
3206202,339.93988390697405
3207203,625.3255348135095
3208204,321.00990244560137
3209205,489.3514598790865
3210206,36.4094124161654
3211207,652.3941266812366
3212208,693.5197399487043
3213209,684.3435381122823
3214210,671.8252310070588
3215211,502.9818562371146
3216212,674.3227533961846
3217213,671.2691140574642
3218214,621.1265274306177
3219215,660.0504689911461
3220216,332.453224699589
3221217,185.49037575678392
3222218,661.6709101254955
3223219,617.7228853457859
3224220,670.6110451504578
3225221,645.4081623258064
3226222,651.3617562915579
3227223,641.5737289696431
3228224,639.7042462148263
3229225,624.0152665693626
3230226,585.5585461336506
3231227,631.9827682103141
3232228,657.6659104700597
3233229,644.9193830900206
3234230,674.5395624302503
3235231,329.85474847217705
3236232,601.170212853117
3237233,663.7369570992217
3238234,256.74475254239974
3239235,659.604261329864
3240236,200.3315242283133
3241237,39.96780713217286
3242238,629.7525994965381
3243239,669.697110605908
3244240,671.2289997369477
3245241,671.1291879118395
3246242,264.5208126166453
3247243,612.2484593638923
3248244,663.9428858313744
3249245,605.157164646405
3250246,683.5651299871325
3251247,691.6705861146362
3252248,442.334173563946
3253249,661.0720009405225
3254250,615.3572048726775
3255251,702.3417952505067
3256252,690.4045503818497
3257253,679.4536877515598
3258254,648.7374264740968
3259255,652.8259994015501
3260256,654.7579070525607
3261257,637.5021874190851
3262258,634.1806675235214
3263259,658.581744971206
3264260,638.0251017062267
3265261,646.8710227590906
3266262,716.581209142774
3267263,610.8298644431875
3268264,305.8513124655042
3269265,613.7425625390084
3270266,586.9125189519704
3271267,647.0092925815575
3272268,658.9644906481401
3273269,659.0685253156291
3274270,654.5723557636544
3275271,693.497671258162
3276272,552.3120426471233
3277273,705.5406596472214
3278274,694.8137217052492
3279275,695.1565319095677
3280276,182.30923614183322
3281277,651.1347869446347
3282278,692.2635806663194
3283279,672.9389355150283
3284280,682.9352453147686
3285281,673.7786905555629
3286282,687.4022320213365
3287283,503.3750327006233
3288284,705.5197322289034
3289285,691.2523569075953
3290286,660.0532949641976
3291287,631.3790069789495
3292288,660.7189737636444
3293289,724.4659252514497
3294290,656.1249004091684
3295291,584.5663980886976
3296292,634.8911053742634
3297293,681.1493699151858
3298294,640.0919589459779
3299295,496.2526012706381
3300296,648.3056576795417
3301297,694.9214750473409
3302298,702.6331579544387
3303299,699.7036273488437
3304300,358.0067016284237
3305301,654.8512239806954
3306302,677.3144468570972
3307303,651.4460389845502
3308304,663.0782931844973
3309305,654.9548146930612
3310306,682.2688694001571
3311307,655.913806395007
3312308,669.3180254326127
3313309,660.8686365098165
3314310,713.9619909497296
3315311,682.2084419555937
3316312,680.7983708168947
3317313,45.47908768400126
3318314,679.7783321949877
3319315,602.4730149241258
3320316,658.1094589527515
3321317,647.8095451444527
3322318,657.9212230009704
3323319,342.5547982249293
3324320,699.7778696323342
3325321,700.5875637170844
3326322,650.0432303215518
3327323,715.2178416654227
3328324,655.2952514305563
3329325,651.4581783444747
3330326,665.3348686391563
3331327,637.4110630881937
3332328,701.2547055453161
3333329,475.5854465692947
3334330,683.1898754505578
3335331,705.3842194338907
3336332,703.9494245132988
3337333,718.5013395759607
3338334,713.4734926796854
3339335,683.6801919744761
3340336,684.6273749881941
3341337,707.6053562717036
3342338,704.9792758789679
3343339,663.0819259448778
3344340,627.5510479472928
3345341,713.2273083245118
3346342,656.6478788729834
3347343,667.9082433747185
3348344,637.8904385270649
3349345,679.5733857028822
3350346,698.7831376724339
3351347,707.9687680010625
3352348,688.8025373631178
3353349,693.621769824633
3354350,664.811616039334
3355351,706.2429973173781
3356352,706.8744469546112
3357353,655.8622713220195
3358354,583.0870219583763
3359355,713.4235099745783
3360356,638.848693806525
3361357,681.8780625461297
3362358,675.9087902491149
3363359,477.63557788732555
3364360,653.0721891749911
3365361,534.3393034156308
3366362,663.599306817984
3367363,683.5362519221821
3368364,695.427655191502
3369365,486.68919467734185
3370366,643.5922588791167
3371367,684.4162645011587
3372368,683.1816640363696
3373369,705.1488219444722
3374370,727.7215431051051
3375371,677.8940983986262
3376372,653.1503443129195
3377373,692.2660392208106
3378374,661.3693737623236
3379375,696.2598575990379
3380376,652.7935529073505
3381377,392.45370654654795
3382378,667.6044325689569
3383379,695.0096367412253
3384380,678.1656689339886
3385381,699.7406688028395
3386382,674.608342683157
3387383,603.3553065240565
3388384,637.0817399677952
3389385,491.9424069694547
3390386,690.0056979042193
3391387,551.5461970743362
3392388,666.854610855569
3393389,694.5740817532893
3394390,639.4742217345758
3395391,662.8962753270966
3396392,707.9316210522214
3397393,449.8911978950192
3398394,58.416081642267564
3399395,41.49046006269309
3400396,92.82902825972167
3401397,640.9060352857977
3402398,678.7327070153658
3403399,700.026033710949
3404400,693.6385026688374
3405401,696.3075178729082
3406402,705.7269966885505
3407403,664.7176362799438
3408404,666.8039127926471
3409405,690.6312219933685
3410406,646.4791427886801
3411407,60.090872175960925
3412408,638.3204764462257
3413409,674.1368827365693
3414410,704.8339237857044
3415411,624.1256832931792
3416412,679.5599601863405
3417413,599.216133421427
3418414,673.8771102220404
3419415,327.32830638538985
3420416,461.85204748033425
3421417,670.2996407947209
3422418,654.6997355842711
3423419,636.085795205029
3424420,702.253166650048
3425421,661.670907156278
3426422,205.97956708824088
3427423,518.9641018157017
3428424,653.9759557717314
3429425,699.7348629545095
3430426,648.0433424694128
3431427,652.37775030905
3432428,625.0444423990915
3433429,676.4279800441738
3434430,640.5865958896243
3435431,142.80707795309436
3436432,606.2421996607488
3437433,664.5822280689697
3438434,699.069365633282
3439435,623.095963666554
3440436,590.205662169725
3441437,643.3378999614301
3442438,631.8325407158683
3443439,692.768357462304
3444440,608.7816906726213
3445441,649.9216238869043
3446442,696.959248166053
3447443,54.64321709918461
3448444,666.1617900512745
3449445,691.1429720329664
3450446,693.7831089519182
3451447,659.9120550122617
3452448,615.2386346383638
3453449,653.9472903607578
3454450,668.3348092248664
3455451,668.2176025475324
3456452,664.9130579258457
3457453,708.8100367012177
3458454,671.204671688312
3459455,242.5884320337732
3460456,660.3713530510837
3461457,688.0836899214466
3462458,65.92640718241631
3463459,620.9461280392138
3464460,665.4821126542427
3465461,638.719035055205
3466462,672.019348023176
3467463,665.6645841919434
3468464,674.1844662091258
3469465,666.9852118784816
3470466,624.7537374561027
3471467,619.3070445394111
3472468,639.575109463001
3473469,695.7283009759891
3474470,673.2024641147232
3475471,656.0643128985331
3476472,672.8107281426096
3477473,213.0565677329268
3478474,656.9839740619847
3479475,661.9364640820736
3480476,51.138361745571615
3481477,566.3680654635642
3482478,625.3078611963472
3483479,638.2775195480818
3484480,366.86864139293596
3485481,702.3911203978291
3486482,701.5330362691054
3487483,597.5784359612468
3488484,668.1703060688207
3489485,667.8342067135477
3490486,691.9332890100065
3491487,632.0910749301204
3492488,674.3261303273474
3493489,681.8558139639705
3494490,669.2126222021845
3495491,680.8792179151386
3496492,28.745139131861883
3497493,625.3250739735175
3498494,650.8669035307882
3499495,675.3003505284846
3500496,622.8028579366293
3501497,634.7880683593406
3502498,648.8406482662609
3503499,671.1020813922323
3504500,660.6887563165175
3505501,655.6376772686813
3506502,671.4444343691521
3507503,652.2625783072173
3508504,645.8332680905146
3509505,672.8951650259788
3510506,673.8794851196589
3511507,649.9309541305994
3512508,500.27751996112676
3513509,656.2382523708275
3514510,694.7188834319968
3515511,648.4285551163791
3516512,658.9975084887412
3517513,618.692556479328
3518514,699.3348825066548
3519515,649.906932198526
3520516,689.2898434958952
3521517,647.017554479559
3522518,690.5419887635836
3523519,631.3524253881586
3524520,468.4078394960059
3525521,599.9614071553821
3526522,644.4108183643502
3527523,639.7239067330804
3528524,702.4936352771857
3529525,675.5177237957378
3530526,443.5135058861802
3531527,670.4144735697673
3532528,703.6079003386951
3533529,476.69837920865587
3534530,634.9291655091569
3535531,661.5361093501156
3536532,666.6659729309456
3537533,619.3243315168354
3538534,677.9377838313645
3539535,696.9721157961311
3540536,685.1116611539954
3541537,670.4802556185042
3542538,704.4772822160754
3543539,711.2397787339747
3544540,671.8393912897893
3545541,658.1017865285215
3546542,681.0163446991114
3547543,674.9851609428598
3548544,673.3974484520135
3549545,676.1799306339832
3550546,665.4414731176648
3551547,643.9600144970715
3552548,695.4060221982975
3553549,677.0807027526633
3554550,678.891639095973
3555551,663.9828705551228
3556552,646.9956104584384
3557553,658.3306585720637
3558554,690.215550657986
3559555,700.0413588929699
3560556,655.8935307936387
3561557,663.5186106442827
3562558,678.9017744076709
3563559,671.8640617869964
3564560,633.5533082111369
3565561,686.0864085571473
3566562,675.5651184089038
3567563,673.1632441054106
3568564,649.9717018791767
3569565,703.2047837149943
3570566,670.6801914502583
3571567,686.3760705078179
3572568,680.7947890027287
3573569,666.1300849445943
3574570,683.2516220590585
3575571,667.370080586775
3576572,700.9234421725125
3577573,630.7835892647337
3578574,683.7662083918416
3579575,701.3938347157889
3580576,665.7855858349548
3581577,681.9376838398202
3582578,682.2971268538514
3583579,672.4747164701457
3584580,687.0170069360314
3585581,673.2439114490599
3586582,662.4773154573622
3587583,674.1576844679206
3588584,622.5181355475377
3589585,404.65637359408305
3590586,613.8118512183032
3591587,656.0026129529275
3592588,671.4334646154275
3593589,671.1018317586306
3594590,703.0807122027039
3595591,692.0236611705619
3596592,598.9355121869621
3597593,677.4990024232765
3598594,664.2334068865653
3599595,642.9953045190387
3600596,675.7839829725561
3601597,616.8783986095218
3602598,660.275455361442
3603599,688.5147210493067
3604600,690.2437547224114
3605601,674.9813535404144
3606602,637.6319537654819
3607603,673.2193545848662
3608604,662.7749219883627
3609605,683.5387895676588
3610606,581.1298703953051
3611607,697.924397118583
3612608,636.2628261049142
3613609,674.3960280055941
3614610,34.740374098914515
3615611,673.7147224840717
3616612,692.5874963171608
3617613,670.1239423151575
3618614,658.3742977775041
3619615,647.5456353745004
3620616,660.7892098870121
3621617,658.262438775875
3622618,656.1785731891383
3623619,674.4135729080367
3624620,652.067606927592
3625621,665.7678498393294
3626622,480.4366773674641
3627623,697.1277860064422
3628624,618.7768346399715
3629625,521.2030165812314
3630626,653.4009580651178
3631627,613.4049518873558
3632628,617.4220121779193
3633629,652.9847421450754
3634630,60.04781687428495
3635631,705.9338586393208
3636632,604.5369715344931
3637633,674.9170068387313
3638634,681.4561864033371
3639635,661.1979995924452
3640636,676.1022870538134
3641637,654.6947082945871
3642638,678.9699970710603
3643639,548.6018211859483
3644640,645.2832286080796
3645641,590.0689639506088
3646642,678.517171038869
3647643,58.03842903849883
3648644,700.5152450607065
3649645,654.4093322548447
3650646,650.3966362016079
3651647,685.3479914724626
3652648,681.9550816510058
3653649,668.2903515028171
3654650,622.524661374167
3655651,680.244840372336
3656652,609.4754925408259
3657653,657.2044926289556
3658654,687.0661945299713
3659655,181.04781842558756
3660656,634.3049060123628
3661657,684.7450215729209
3662658,45.92649797207162
3663659,617.1224057700273
3664660,671.3222169407754
3665661,255.08625065573898
3666662,661.6737908024073
3667663,705.6874805347953
3668664,673.3125747212929
3669665,693.9840180656439
3670666,677.7620852593114
3671667,593.8490073545817
3672668,622.2326572963096
3673669,699.7874689188569
3674670,721.3123482142179
3675671,629.4906445404526
3676672,660.7549011601626
3677673,680.6101202947656
3678674,656.8769686405059
3679675,673.5216678928308
3680676,631.6489987864545
3681677,702.0180614143753
3682678,685.3767403913158
3683679,610.3949590522853
3684680,612.4803559072227
3685681,653.5909535359773
3686682,666.4418015062453
3687683,684.2193067611291
3688684,685.8826864640915
3689685,658.9785990452973
3690686,661.5837036375361
3691687,586.0681299975138
3692688,680.4494543361701
3693689,59.45389171381024
3694690,484.714521971597
3695691,682.6844683932871
3696692,658.326778825542
3697693,693.8983745287647
3698694,366.17690142619534
3699695,643.7958315099917
3700696,661.503528765853
3701697,667.7257490334978
3702698,648.6661882243563
3703699,688.1775120733937
3704700,657.2239896111736
3705701,65.64143767464323
3706702,690.987848536682
3707703,576.900103392155
3708704,700.5613183161965
3709705,683.3657656915094
3710706,669.860207776363
3711707,684.543165388012
3712708,642.4774867832651
3713709,696.5925880374505
3714710,695.4751585971565
3715711,637.7911234657566
3716712,356.14867524061077
3717713,644.418811508621
3718714,578.5939761376636
3719715,702.1320124718583
3720716,672.4753473143694
3721717,695.8111809163697
3722718,632.5244570121461
3723719,659.1106504020909
3724720,669.0945212435275
3725721,578.3936718602248
3726722,653.5477771910067
3727723,641.530944445902
3728724,238.0980208487961
3729725,698.6225235193147
3730726,678.4438484113757
3731727,710.1413010492756
3732728,676.0433918701227
3733729,593.3434886101181
3734730,676.7393605085747
3735731,693.8495383809791
3736732,659.0920884802438
3737733,624.4811891212854
3738734,679.3720447940628
3739735,685.2514529693404
3740736,446.60810208167123
3741737,612.2071297160829
3742738,490.8510889246343
3743739,583.1306977824596
3744740,677.2034527201797
3745741,629.769570576111
3746742,648.4831947191874
3747743,680.2265010120743
3748744,686.2524951591574
3749745,691.1639038604962
3750746,721.4955626607104
3751747,694.3824511439536
3752748,675.6872187802993
3753749,703.9781544728501
3754750,631.2963515203861
3755751,537.188846679443
3756752,661.3752550501636
3757753,640.1189945948325
3758754,667.5746793436591
3759755,650.9183058086924
3760756,60.07283014163784
3761757,696.193327142323
3762758,684.64446442056
3763759,642.7942844096086
3764760,654.6660741977361
3765761,688.9158446626246
3766762,663.8756916904856
3767763,703.5041374712207
3768764,685.4419505276156
3769765,662.3041491091884
3770766,605.2714466826109
3771767,684.8362983901667
3772768,674.7330273960381
3773769,651.0127156695688
3774770,649.9893846875067
3775771,671.6994370294616
3776772,705.394992751801
3777773,716.6974481982945
3778774,606.4847767267136
3779775,693.5980762464925
3780776,459.2454668501475
3781777,677.5270595501737
3782778,647.4032159140904
3783779,639.9613659229158
3784780,717.1666984482915
3785781,676.9054516383972
3786782,616.4138249270328
3787783,703.7677236533109
3788784,665.1263827991592
3789785,675.8223960425172
3790786,715.9758808942856
3791787,693.8238851322383
3792788,660.9602103719143
3793789,640.4469893161782
3794790,669.5383281512463
3795791,423.14467423504567
3796792,696.1872713354722
3797793,687.0061770583155
3798794,650.6226145100482
3799795,587.4336237746332
3800796,643.9024489108413
3801797,670.3758970214146
3802798,662.6195178517385
3803799,678.2481472039458
3804800,645.5719329609573
3805801,649.2442295912376
3806802,646.2241427911
3807803,723.8565260268367
3808804,688.8981041633273
3809805,680.9201880121271
3810806,678.779829778299
3811807,678.2205605994939
3812808,56.67315529471242
3813809,684.5821358766639
3814810,681.6627881308556
3815811,455.1979573874074
3816812,16.705886541637575
3817813,643.3445249542706
3818814,574.2608888852454
3819815,665.945706223671
3820816,659.5411265666481
3821817,628.376978213862
3822818,656.911578968965
3823819,678.4054830656577
3824820,542.1455880782315
3825821,648.7978220865607
3826822,423.97830065268084
3827823,574.9461644637239
3828824,170.39218231091436
3829825,123.72565805030473
3830826,532.006864428294
3831827,640.2790664206765
3832828,687.3429799228991
3833829,656.6009799803921
3834830,613.9236827470531
3835831,705.5204215636085
3836832,683.873464123858
3837833,682.8274047873898
3838834,679.2426777317515
3839835,670.913548994126
3840836,666.0977356172623
3841837,319.5695897376605
3842838,648.1934887132968
3843839,654.8469380446717
3844840,39.012711699002566
3845841,693.0513276116316
3846842,687.9912337513789
3847843,617.3609238454292
3848844,53.91530702299254
3849845,690.29977287003
3850846,645.9867724238441
3851847,648.2404317724906
3852848,210.76195717639828
3853849,658.1093679334699
3854850,614.6888553438004
3855851,569.442588396274
3856852,706.549433955706
3857853,654.1125623350682
3858854,675.5756779222861
3859855,655.8937651166516
3860856,656.228703025164
3861857,625.4006573557507
3862858,659.0805696295694
3863859,638.2700731041596
3864860,646.8803318453618
3865861,605.5028010107576
3866862,677.7503704138169
3867863,677.1098477027414
3868864,674.090203523806
3869865,31.367978699989063
3870866,656.4115804479603
3871867,683.3317042361654
3872868,650.6279856252014
3873869,705.9944713843122
3874870,726.676404029219
3875871,694.687116491228
3876872,455.5827497644418
3877873,640.9507179767802
3878874,696.0471052529412
3879875,568.693658537091
3880876,304.2057850508031
3881877,617.1772182814472
3882878,68.34588106976742
3883879,680.1891155597762
3884880,592.7210427822324
3885881,706.1487458031478
3886882,636.0798954203733
3887883,19.79799388665152
3888884,675.8280774236554
3889885,597.5495575491711
3890886,629.1279278320424
3891887,175.48143794313586
3892888,660.0983422626572
3893889,616.8542534372278
3894890,256.6233834844104
3895891,480.5484814673253
3896892,705.375241468142
3897893,543.3066011926439
3898894,683.9244809281527
3899895,655.2626564721216
3900896,479.39471984000716
3901897,660.3340194006661
3902898,696.7411346187034
3903899,664.6558630664267
3904900,37.502813231678665
3905901,669.8146157646318
3906902,656.150389709409
3907903,649.3060361206678
3908904,708.0549949443092
3909905,652.7069559383689
3910906,49.791703486408316
3911907,26.38034510525108
3912908,620.3477734884124
3913909,228.64946173997072
3914910,37.02801035509967
3915911,383.08057991645603
3916912,672.8043197096808
3917913,625.6181691765162
3918914,707.0860030916342
3919915,649.3283126437815
3920916,577.9165294248036
3921917,668.3793882600212
3922918,108.99438702493569
3923919,82.77480069675826
3924920,702.1088731261684
3925921,678.3456247843704
3926922,629.0988034767427
3927923,663.790754151438
3928924,692.9173632568809
3929925,183.8893225111653
3930926,693.1888790086402
3931927,703.5718579300669
3932928,686.2643209071123
3933929,674.5441847227601
3934930,658.8934325442272
3935931,707.2613897690494
3936932,704.698747557776
3937933,675.166978612355
3938934,703.3584692667177
3939935,505.7015737388434
3940936,649.9996372365173
3941937,702.0904787375321
3942938,670.342237376903
3943939,712.2730509348091
3944940,667.6685044304636
3945941,710.6717580820709
3946942,699.36310141111
3947943,625.1933839815503
3948944,679.2070313976272
3949945,688.0898240817861
3950946,666.5572949422274
3951947,692.5520937454597
3952948,571.7714928543335
3953949,674.243678449938
3954950,68.54719644752915
3955951,681.4704174659257
3956952,21.81320127031304
3957953,712.3772795540402
3958954,693.0314250826536
3959955,694.0657998749052
3960956,714.1538290359625
3961957,706.1312391805391
3962958,445.48227538295254
3963959,670.0515261951853
3964960,23.432924947470795
3965961,18.779422584601523
3966962,672.966708732354
3967963,651.0707370664584
3968964,694.9491362391873
3969965,704.9714019306136
3970966,36.683203743091866
3971967,664.9869426903582
3972968,355.9098472595771
3973969,674.1031114042976
3974970,632.574693901672
3975971,67.27732993513858
3976972,410.5524754757495
3977973,579.7189296689967
3978974,610.0057980595232
3979975,719.0857403025116
3980976,683.1611909382598
3981977,669.1644723622195
3982978,659.698789540203
3983979,657.6744331947727
3984980,697.3663309550107
3985981,651.4501499959017
3986982,77.06650868495262
3987983,700.0905080657385
3988984,683.4392756801791
3989985,682.3053602217242
3990986,582.7949215658797
3991987,686.1594510991843
3992988,208.7284061312056
3993989,645.0367987184128
3994990,695.8163113683873
3995991,713.0313927105503
3996992,630.0992236342706
3997993,664.2896702835652
3998994,632.2087337950509
3999995,611.1957857335324
4000996,712.3133193095565
4001997,681.0075782875205
4002998,23.416965059219876
4003999,688.8353845246061
4005000,650.777589849326
4006001,27.010570900803422
4007002,641.6348867814787
4008003,685.2812546613791
4009004,641.5454051117563
4010005,701.3520714434085
4011006,635.7002475578712
4012007,656.5387009780001
4013008,584.0978889507932
4014009,589.9426123121796
4015010,692.8928403784146
4016011,657.1698258642613
4017012,704.1186303381456
4018013,729.0336472898817
4019014,485.88257748489957
4020015,693.9402022813335
4021016,675.3738626865602
4022017,665.285125991715
4023018,699.6138622235758
4024019,695.2354297912096
4025020,24.5677865611942
4026021,632.2701712449613
4027022,24.579290456804685
4028023,635.9128562236541
4029024,693.0839158757589
4030025,685.9738171169316
4031026,695.6856007484737
4032027,607.0650175416174
4033028,542.1255374032643
4034029,690.9684209415782
4035030,691.9160908862541
4036031,681.3061626706126
4037032,697.4465436157196
4038033,715.3578700557616
4039034,701.9629710513327
4040035,654.7565124954551
4041036,668.0937968924026
4042037,27.302328400338165
4043038,680.9112984126444
4044039,501.0262469045327
4045040,367.02485037593505
4046041,690.248702437324
4047042,672.6777336545342
4048043,672.6548375361291
4049044,386.8081288239585
4050045,553.4224897057617
4051046,672.9738102898408
4052047,693.5443124411879
4053048,527.8244065327632
4054049,676.3494707656968
4055050,682.9224333406196
4056051,58.92048812498996
4057052,685.9847316331952
4058053,698.9082654876426
4059054,681.591357536051
4060055,679.4694480348385
4061056,692.5268437046715
4062057,698.5388385481962
4063058,710.4746692378226
4064059,688.6192105205571
4065060,679.5926242889661
4066061,86.45725641680384
4067062,668.9359900652964
4068063,34.180163533571964
4069064,650.7314595180045
4070065,623.5041365345087
4071066,710.0641311526547
4072067,664.2158133513143
4073068,627.7241884413608
4074069,686.8287436772774
4075070,641.3624834048192
4076071,659.4082533196547
4077072,658.4976930908425
4078073,620.6850424782261
4079074,593.4642674120644
4080075,669.1400973909015
4081076,696.0882446827418
4082077,596.6893451761741
4083078,36.759943096930314
4084079,555.4351926377848
4085080,683.0706932442018
4086081,78.12228760616787
4087082,680.3382616000501
4088083,692.4577804539099
4089084,603.3045941744008
4090085,659.986395881624
4091086,693.233263846117
4092087,41.06227760779265
4093088,706.3262838350141
4094089,634.8690131231034
4095090,699.8438887640712
4096091,674.7170329323974
4097092,632.6548469281305
4098093,675.7809543215351
4099094,44.74763296313227
4100095,669.1574878874654
4101096,153.82674486836098
4102097,690.5726955337142
4103098,676.746084820552
4104099,663.3774877503345
4105100,682.69085527786
4106101,41.699854792027395
4107102,693.0111049108674
4108103,708.0808554837539
4109104,649.773728817286
4110105,682.3621841247312
4111106,680.6100593255514
4112107,654.7832913857073
4113108,679.7287599053462
4114109,693.1800859526326
4115110,697.1323492966906
4116111,672.97359215105
4117112,562.4882757966778
4118113,714.0793090988387
4119114,56.04787498806058
4120115,604.2283835440693
4121116,666.0522225775342
4122117,37.23767309550131
4123118,656.0857696209653
4124119,639.9245083165239
4125120,734.3165098347702
4126121,711.3350842948513
4127122,638.003350283993
4128123,703.9581055687734
4129124,707.6865701022294
4130125,28.3813989953904
4131126,694.15750211099
4132127,652.1677294097649
4133128,690.1418253286939
4134129,642.6476585582229
4135130,639.064184405357
4136131,665.7533073648355
4137132,641.8243865230141
4138133,642.5419369612655
4139134,666.2214789235214
4140135,683.6603999401455
4141136,712.670582942075
4142137,643.0291463603329
4143138,661.561714814085
4144139,737.3285602777225
4145140,684.6287089720624
4146141,622.7193722355316
4147142,687.6594559156028
4148143,59.270254616220875
4149144,52.25870952292559
4150145,660.3342529106286
4151146,704.975811097002
4152147,666.1102702298615
4153148,70.38899987737946
4154149,708.6324491328972
4155150,687.9561123567541
4156151,38.91683139034269
4157152,697.2838312274841
4158153,706.4835232574335
4159154,689.3719459740653
4160155,677.1143348929329
4161156,44.53073626571074
4162157,27.29138282191167
4163158,54.415733012190046
4164159,719.5338355993262
4165160,646.0520173105846
4166161,31.192384122117907
4167162,674.8594489628013
4168163,673.6185138528735
4169164,682.9987396875975
4170165,677.3690683223506
4171166,695.6183907051583
4172167,53.31258325429998
4173168,671.243634387913
4174169,682.18488596918
4175170,685.3096390225946
4176171,78.77959498427253
4177172,709.5490787650116
4178173,673.3544144311425
4179174,703.2952561168823
4180175,639.4703384026029
4181176,674.6920446486231
4182177,683.8145142004502
4183178,683.1622871556239
4184179,676.1047478978927
4185180,681.7718305086581
4186181,703.3890427382482
4187182,695.524495021619
4188183,686.6183144897745
4189184,653.6053370047537
4190185,66.90614293682968
4191186,665.848729817601
4192187,635.2225226633572
4193188,46.32887326462306
4194189,627.39955714544
4195190,665.1512935216355
4196191,396.7523962892125
4197192,639.6854282761251
4198193,677.0001006449577
4199194,109.05975110749206
4200195,644.4473012284251
4201196,696.1845734187276
4202197,677.539532047199
4203198,646.5549312455918
4204199,704.5102025623152
4205200,691.4195918313933
4206201,673.5826744738504
4207202,54.688844297773905
4208203,674.6044870399794
4209204,38.343524360437705
4210205,460.19600723666696
4211206,654.2719202649633
4212207,679.9293705984236
4213208,717.8098811814165
4214209,27.54341528482698
4215210,677.0276789443918
4216211,691.6156441191397
4217212,678.3288299044118
4218213,718.7517338488865
4219214,653.7222882454003
4220215,720.6589979403022
4221216,703.0342381881653
4222217,620.2001827944654
4223218,644.2844173716876
4224219,611.655566551978
4225220,418.5917400192822
4226221,690.7106378370864
4227222,655.9986598460144
4228223,644.2228340437503
4229224,570.2510197271658
4230225,656.3758014244991
4231226,44.29942951259832
4232227,676.0635571212673
4233228,626.6256074486367
4234229,69.88589594643383
4235230,690.6676934172713
4236231,696.5707539642686
4237232,26.10396477602308
4238233,677.6331514531762
4239234,663.0794787038167
4240235,657.6089675280648
4241236,660.131229462483
4242237,666.6951225706166
4243238,678.3166359466944
4244239,46.92886203888524
4245240,697.2927746399815
4246241,52.65175187595532
4247242,631.5911560157062
4248243,672.7819436718075
4249244,628.1071449434219
4250245,613.4970677624095
4251246,670.6842574975769
4252247,677.3944938114557
4253248,78.24984295509712
4254249,685.8476693314811
4255250,680.5237840000265
4256251,687.2369648619588
4257252,32.132823936379864
4258253,620.2230358408842
4259254,638.7070165380629
4260255,645.7675808826707
4261256,686.3796868919097
4262257,642.7403156551273
4263258,707.9709190112446
4264259,660.9057924295468
4265260,612.5036891194961
4266261,660.4244016643067
4267262,699.7936986390473
4268263,665.2926827177729
4269264,658.7498583125226
4270265,667.9427438444658
4271266,706.1578621180151
4272267,655.3420496087625
4273268,693.8983344592865
4274269,690.4221637039279
4275270,265.4028131231369
4276271,700.0173380103039
4277272,68.62099208896966
4278273,672.6850454932095
4279274,697.9935830537534
4280275,669.4809082710293
4281276,26.241565296467968
4282277,651.0057456730135
4283278,693.3505756760984
4284279,645.6264774684752
4285280,662.1565922145658
4286281,668.0725460813067
4287282,477.2808543417568
4288283,95.27774097089214
4289284,665.8460377883163
4290285,597.6806173840592
4291286,691.555198864227
4292287,339.18900802375845
4293288,682.4475780437867
4294289,705.075768545769
4295290,648.8478242752531
4296291,695.3018496668858
4297292,647.7207200075234
4298293,43.56309875499591
4299294,543.8582195159424
4300295,692.4893419089888
4301296,689.6988485380509
4302297,652.2975094261183
4303298,605.8161846432463
4304299,526.269603973405
4305300,656.9321160963015
4306301,683.9294399939686
4307302,681.5487522651067
4308303,669.9737117374812
4309304,658.0836502263406
4310305,684.2883031502931
4311306,660.3639072758547
4312307,679.3730693020924
4313308,415.0260169427981
4314309,650.2934851935696
4315310,670.5774698866734
4316311,640.1685082629014
4317312,674.2167583716298
4318313,618.7609813478417
4319314,587.1457738590085
4320315,692.5183649946495
4321316,612.6877347750986
4322317,684.4987847642511
4323318,660.3108043968836
4324319,683.1146255980581
4325320,660.1698527798932
4326321,692.3417184760576
4327322,664.8685742081226
4328323,664.4703167739183
4329324,624.7089746511942
4330325,627.9880914525962
4331326,612.2168360768878
4332327,677.4077692331409
4333328,30.507038386541165
4334329,666.6511423144715
4335330,666.101962252393
4336331,673.5142897499302
4337332,709.758471136232
4338333,656.1064182498894
4339334,657.8900465798055
4340335,688.9777359379283
4341336,693.7877072243211
4342337,677.9868535283563
4343338,673.9445614951428
4344339,648.3240650747887
4345340,656.3223756111851
4346341,57.38191723618522
4347342,621.3815410131288
4348343,685.1388159783129
4349344,649.1853691029829
4350345,648.9687004144372
4351346,697.5792344919374
4352347,677.6760277369273
4353348,661.260599731505
4354349,701.4966520316252
4355350,680.205472079768
4356351,695.1329331153543
4357352,670.8647552974222
4358353,574.8464443504638
4359354,678.7065241320352
4360355,458.57854585514013
4361356,668.8647855907541
4362357,665.8577880660633
4363358,25.14321935289128
4364359,677.8877836762517
4365360,659.8912601629438
4366361,680.6849987706588
4367362,49.26365373704061
4368363,687.5442017094534
4369364,684.5395265961441
4370365,668.9629507054331
4371366,658.2282124401743
4372367,701.6003883081191
4373368,672.1678866711161
4374369,683.5269584382961
4375370,62.66125894904103
4376371,642.4288208692789
4377372,340.0832730712438
4378373,507.49129798072886
4379374,674.2181422348062
4380375,21.695346278833064
4381376,35.8529668067041
4382377,669.2843729963602
4383378,590.9773160282124
4384379,647.1290482146497
4385380,654.253284425825
4386381,663.0452522030889
4387382,668.1150297064092
4388383,702.3412696117338
4389384,641.3015934431425
4390385,693.2165975469525
4391386,552.3501960682514
4392387,685.622963583848
4393388,696.0663441377147
4394389,671.6243482708769
4395390,685.3588709081602
4396391,34.40197695158625
4397392,674.7966509354203
4398393,661.0466931925358
4399394,638.802708808376
4400395,686.5513585027699
4401396,677.6018178311655
4402397,697.935955285563
4403398,690.9293732466364
4404399,682.2306425750844
4405400,665.8372444959372
4406401,693.0495222149079
4407402,677.4723555854292
4408403,678.9241786517737
4409404,646.7226322872044
4410405,82.64196182112799
4411406,709.8408423004098
4412407,710.2107383054707
4413408,573.0699021961364
4414409,595.5770476689476
4415410,442.3100788291116
4416411,666.9459476528142
4417412,700.6032027865266
4418413,622.3687573267031
4419414,646.0373224002723
4420415,697.2485277653302
4421416,546.9750747502269
4422417,673.226977639954
4423418,619.3304178173668
4424419,22.571359666010064
4425420,691.6094682414586
4426421,693.3752749385695
4427422,620.0995892218166
4428423,707.8605666675243
4429424,648.7883886490391
4430425,675.8781516185433
4431426,643.8219575469253
4432427,531.1030717173182
4433428,61.513573959283306
4434429,714.9194818387557
4435430,654.5356875028781
4436431,711.3769933462689
4437432,662.8849503863622
4438433,675.3371975962049
4439434,616.9637905374324
4440435,614.6362538271682
4441436,695.1572979118941
4442437,671.3216760376164
4443438,674.2404678656833
4444439,643.2651025161346
4445440,222.60658150927435
4446441,628.8150477841913
4447442,650.6221134757944
4448443,683.9825530987937
4449444,504.27783263865757
4450445,673.3105377234997
4451446,700.7533523675064
4452447,692.9985507724325
4453448,669.338801422221
4454449,691.7570429020197
4455450,628.0792077176184
4456451,678.9868460725361
4457452,717.7262795736593
4458453,683.2358087188918
4459454,657.8009736117284
4460455,699.8103992921464
4461456,481.19604083237164
4462457,682.7511945135142
4463458,578.2198693156702
4464459,670.8995907728923
4465460,698.5797042663391
4466461,698.76628855406
4467462,714.1204003280802
4468463,662.8288352552038
4469464,52.407901331305794
4470465,174.09773086627567
4471466,345.6761663189432
4472467,63.576414847172124
4473468,689.0053431077911
4474469,658.0057530976075
4475470,688.5316337859739
4476471,654.3840774765747
4477472,704.3242577923179
4478473,27.22066811815989
4479474,687.4715807716634
4480475,699.3186825396243
4481476,37.594486609046626
4482477,706.619915511987
4483478,708.7240408073721
4484479,652.8112992994459
4485480,678.2506395771622
4486481,636.4611941069429
4487482,677.3671685829049
4488483,579.3515777782914
4489484,674.079147177658
4490485,717.3294579664612
4491486,688.7287115606795
4492487,630.369979844026
4493488,622.501299404749
4494489,670.4709155568355
4495490,661.673834931628
4496491,676.6346762839877
4497492,684.9932963312251
4498493,23.851172524369982
4499494,679.8851873530983
4500495,687.1739793881663
4501496,703.7874618318037
4502497,684.2750348353464
4503498,672.3844667912462
4504499,672.0250356436044
4505500,710.9973863922266
4506501,583.3743077605562
4507502,701.8295846874486
4508503,634.7021664515811
4509504,684.4688643205611
4510505,638.4461009727307
4511506,705.4725529840587
4512507,629.507546996353
4513508,596.569679797204
4514509,571.0747421886015
4515510,675.8643640414111
4516511,626.4122925482772
4517512,713.7578201629426
4518513,680.9232535011097
4519514,665.5646896175384
4520515,670.3364431090065
4521516,482.9977767515549
4522517,703.5954758323286
4523518,658.3763541412421
4524519,696.2000761047079
4525520,698.3880080035457
4526521,333.4715552561815
4527522,691.7099917846011
4528523,659.5836495533617
4529524,666.7046989161028
4530525,681.934443773071
4531526,697.0332002380951
4532527,700.2987527149846
4533528,687.0344822928042
4534529,679.6108636765707
4535530,669.2221952621298
4536531,698.8497208251258
4537532,645.1524360971358
4538533,75.12029667101545
4539534,650.8468859354874
4540535,649.2187050850699
4541536,49.46836754252746
4542537,34.126540308484564
4543538,616.6657089796348
4544539,656.2489841077086
4545540,44.53294163257664
4546541,40.615512832357936
4547542,564.5664603070293
4548543,645.4859221573731
4549544,682.0242395029093
4550545,168.1354756938179
4551546,44.72012362376689
4552547,687.9599795053263
4553548,665.7873786511763
4554549,708.8562631196528
4555550,677.0689184559338
4556551,650.0890857950133
4557552,48.757898848417454
4558553,691.6787323249912
4559554,669.8304947592304
4560555,658.2070205592391
4561556,635.1044185580563
4562557,24.499675665934678
4563558,670.7361437276301
4564559,130.50810091959607
4565560,708.0931238356176
4566561,645.4929410028947
4567562,689.4758482457244
4568563,699.581188395884
4569564,673.4621629919052
4570565,43.27735256834792
4571566,605.8539462007597
4572567,700.8949671478334
4573568,696.7868526466424
4574569,671.8607828299677
4575570,629.5891182443603
4576571,20.41546998238154
4577572,694.9252248535535
4578573,613.15113203384
4579574,18.582595575860854
4580575,629.8595390176464
4581576,704.8162872784457
4582577,28.466425047498966
4583578,604.4636137444879
4584579,709.921728195548
4585580,626.3744299769866
4586581,25.16437643205468
4587582,619.152772515522
4588583,636.5931976331096
4589584,679.0476719950337
4590585,638.0361089090273
4591586,29.991982913917273
4592587,671.6067747423764
4593588,701.3772333852725
4594589,649.2130640412837
4595590,693.1734368536602
4596591,671.629298940023
4597592,48.562552844041726
4598593,628.6789680576163
4599594,684.4097334698314
4600595,20.26002633985849
4601596,694.0427006509511
4602597,657.3536346171666
4603598,675.3793057001985
4604599,612.8692147047881
4605600,642.1521608367414
4606601,646.0668997710846
4607602,709.8357746130575
4608603,692.6608385198567
4609604,534.123159358226
4610605,687.1039420862916
4611606,646.5158113576284
4612607,694.7839877025928
4613608,697.4630150864845
4614609,676.9406227234466
4615610,23.02730344902673
4616611,691.9587713121282
4617612,665.0706165862708
4618613,695.0090808005959
4619614,687.507949147636
4620615,658.6384987801034
4621616,17.186079256648497
4622617,578.8009618253948
4623618,701.9991934141417
4624619,656.0714008213234
4625620,702.061102663369
4626621,698.7737700721972
4627622,17.001585253472257
4628623,646.0285568381114
4629624,680.5392396114325
4630625,652.9649684233265
4631626,19.007898683549033
4632627,500.36475589716594
4633628,676.8380845896278
4634629,360.6976673159139
4635630,683.6670383311217
4636631,583.4118290567376
4637632,696.6747652821078
4638633,669.9401948113
4639634,490.4337288006792
4640635,624.9208985143346
4641636,15.82793454646167
4642637,691.7159230928806
4643638,26.428605109633505
4644639,673.7468851519548
4645640,673.5048024881668
4646641,698.5281355692854
4647642,689.0218963462975
4648643,668.1737033403793
4649644,639.8861484728689
4650645,663.8397978478735
4651646,673.690973212532
4652647,707.4155342069557
4653648,656.2104686845827
4654649,32.935480206953116
4655650,604.7719669862147
4656651,710.8578732747661
4657652,683.0412294636383
4658653,666.6196185531018
4659654,238.8446221919127
4660655,709.0847440379565
4661656,693.3652539998994
4662657,660.7494261561799
4663658,617.577269567758
4664659,657.5272231174772
4665660,687.1058321935246
4666661,699.7370131120748
4667662,689.4249953329742
4668663,671.8192935976593
4669664,605.9548772714028
4670665,698.5231743168503
4671666,696.260031769741
4672667,693.4467011960187
4673668,32.72625033019898
4674669,628.724686834544
4675670,712.5749171675025
4676671,251.55120521884865
4677672,704.9241032942355
4678673,26.531692862731234
4679674,21.887138469741892
4680675,654.7911082615655
4681676,716.2783241813762
4682677,16.326738025722374
4683678,568.5629215071114
4684679,648.5316798355478
4685680,16.45468151560317
4686681,232.30207985923138
4687682,689.7024515660902
4688683,701.7209130958352
4689684,666.1354582269624
4690685,688.8775329738472
4691686,382.8267174161866
4692687,685.5639557284811
4693688,577.0695782868081
4694689,658.9182891054614
4695690,57.612406965742764
4696691,660.2367653024785
4697692,662.2387827274187
4698693,660.3611976988983
4699694,626.0303841786193
4700695,26.381965340166147
4701696,691.5585197293663
4702697,671.6069253274268
4703698,648.0438459369142
4704699,690.4214656955912
4705700,680.709616092186
4706701,706.710466353611
4707702,643.1484141975501
4708703,676.8563229971867
4709704,684.6812659656789
4710705,31.463457739837974
4711706,701.7442258844546
4712707,27.74074627531886
4713708,666.9033384081488
4714709,21.0816583996655
4715710,675.168923017017
4716711,666.8165897829258
4717712,17.172799768591933
4718713,664.4242916183354
4719714,680.7075144723136
4720715,709.9801273302339
4721716,619.7881845520578
4722717,700.7545029724906
4723718,645.0434757749281
4724719,19.462486369576624
4725720,646.0505910226135
4726721,697.5495087185458
4727722,727.2751027709028
4728723,703.9703524732361
4729724,55.605227360414204
4730725,705.340473919657
4731726,682.4937016291036
4732727,698.0068141014918
4733728,689.1318081103952
4734729,701.6674454630883
4735730,421.2271454669813
4736731,676.1992044965866
4737732,688.708187509941
4738733,695.4504889499253
4739734,687.9199837101484
4740735,688.4576490575415
4741736,653.0542620887198
4742737,40.558764820938485
4743738,627.2204598667713
4744739,680.7837801534666
4745740,618.6443100801142
4746741,706.9806818592942
4747742,352.5423230121174
4748743,688.2477436320402
4749744,21.55194065583413
4750745,49.42433587310672
4751746,716.217678999454
4752747,21.63929956856708
4753748,653.0764106825296
4754749,687.521857139202
4755750,674.6210659076205
4756751,681.7004701152246
4757752,684.4468982340342
4758753,702.692813354907
4759754,688.278009414113
4760755,665.5262704271444
4761756,676.0810545194007
4762757,683.2434519257622
4763758,681.7782274693433
4764759,475.1912416871157
4765760,667.6696521245512
4766761,712.4134143011523
4767762,652.5930725096617
4768763,663.4354572342938
4769764,53.93843276810294
4770765,670.4193972913865
4771766,657.9869914888224
4772767,440.2019990421486
4773768,722.5476998890674
4774769,602.2798746734173
4775770,672.8664514674803
4776771,716.1514822717364
4777772,632.9521375508349
4778773,708.0740554274785
4779774,690.3722276374178
4780775,531.8790809023021
4781776,693.5114338651526
4782777,691.9951489059388
4783778,586.5954286898118
4784779,672.4003281966812
4785780,680.7085903363807
4786781,14.311482343951372
4787782,678.3228444481723
4788783,640.1765351058386
4789784,344.0258332876742
4790785,719.6012115811974
4791786,680.4428000857731
4792787,28.922439712697084
4793788,684.8518315471997
4794789,698.0613044080353
4795790,710.7104228332183
4796791,663.0276298723526
4797792,690.8660011816348
4798793,688.9603760908111
4799794,691.7979942163943
4800795,708.6259380580473
4801796,703.2431530415682
4802797,670.4963671072998
4803798,22.77239571867683
4804799,710.5891656887225
4805800,693.7095433133131
4806801,589.0136417800693
4807802,22.45408897145702
4808803,659.2761769916093
4809804,689.3396070275152
4810805,723.4271074487386
4811806,705.6949008497523
4812807,699.0030680371038
4813808,574.1588135408772
4814809,711.7035317468653
4815810,674.4764866961856
4816811,63.286660394772994
4817812,344.03475244839433
4818813,40.71637381015364
4819814,696.9243908026224
4820815,585.2100623103528
4821816,699.8989371730097
4822817,652.2056444945929
4823818,670.0884641926497
4824819,656.3082274309409
4825820,694.57603511617
4826821,686.2868530371579
4827822,21.735522284780256
4828823,699.5792776744021
4829824,32.884533793296775
4830825,695.9963128797292
4831826,678.6956429792406
4832827,686.2483088855768
4833828,699.837610446375
4834829,481.5920237423321
4835830,709.985328451639
4836831,697.9362496884854
4837832,610.638080079695
4838833,686.7348177428697
4839834,641.2736349334689
4840835,16.49413259981564
4841836,717.4225861413196
4842837,684.0742787806247
4843838,690.5337676219335
4844839,647.8471687859585
4845840,712.4517128756468
4846841,66.30077804136897
4847842,704.6107085311482
4848843,702.627204319712
4849844,375.4862320279342
4850845,626.762396730685
4851846,708.6900083472741
4852847,690.8360838323307
4853848,705.6838013996161
4854849,677.9382355014926
4855850,690.8644384408617
4856851,676.2788854072498
4857852,706.9451839910271
4858853,640.0389641648972
4859854,679.8432750094748
4860855,677.2119571286795
4861856,37.24419710814763
4862857,688.1708363848467
4863858,699.8215401504176
4864859,699.9503348096339
4865860,693.0745688211224
4866861,715.1915260368644
4867862,15.859056659383395
4868863,699.7516021486553
4869864,629.5658491773648
4870865,688.5285266277424
4871866,691.0465477338303
4872867,27.171640120555814
4873868,694.2873624489802
4874869,694.1145251972763
4875870,650.0265713846763
4876871,680.8871823817059
4877872,695.032487174687
4878873,690.9345550103391
4879874,30.473905506603128
4880875,676.6185350113793
4881876,22.740799415617712
4882877,668.3590944081451
4883878,683.9768029111469
4884879,681.1366653499299
4885880,14.84560006917437
4886881,642.9060900747736
4887882,668.6914872370988
4888883,710.7671880965054
4889884,681.1335284028927
4890885,609.7789601963837
4891886,710.5092415918841
4892887,671.1462884580026
4893888,355.6508819203315
4894889,695.4727114830386
4895890,531.1832819487956
4896891,688.988289961173
4897892,686.6138007429167
4898893,666.9478781594081
4899894,707.3059375969945
4900895,633.341607088189
4901896,697.2059064776624
4902897,707.0297647265978
4903898,702.2494820131212
4904899,675.6615867559202
4905900,689.9343211564833
4906901,656.9423806088396
4907902,652.5808613212612
4908903,684.5484675484073
4909904,693.952069924204
4910905,681.4403381105014
4911906,637.3462839503474
4912907,664.7864727170212
4913908,613.5718344401611
4914909,687.3975673766598
4915910,661.0547317563204
4916911,677.0746818215958
4917912,14.72431137775963
4918913,650.1758400841913
4919914,635.9345518962207
4920915,649.1111835708451
4921916,484.84468439506117
4922917,634.3034459497344
4923918,664.8327305533193
4924919,616.8813058511427
4925920,25.770207972089445
4926921,686.6581041322714
4927922,696.2189420531573
4928923,611.5963704311828
4929924,704.452891425962
4930925,670.1590452903398
4931926,684.3758372491635
4932927,681.8142068828159
4933928,683.9154876135299
4934929,392.627623902869
4935930,389.9936881202431
4936931,684.6705570407182
4937932,685.794382044692
4938933,680.8524759046688
4939934,710.6041321901388
4940935,660.8822742322351
4941936,687.9778593996741
4942937,689.8573937629021
4943938,676.575762126272
4944939,612.6400052709885
4945940,16.663525491748743
4946941,722.8553709158222
4947942,515.597706201051
4948943,587.6917720983809
4949944,704.3105382745673
4950945,629.4649083706573
4951946,584.6967201590436
4952947,672.7889991189724
4953948,421.2538173158324
4954949,647.9414516338192
4955950,713.4698144135973
4956951,692.8523810061558
4957952,668.5241757401031
4958953,699.9468968638889
4959954,705.5463897547644
4960955,608.1279296269787
4961956,706.6815615802382
4962957,700.1462022500364
4963958,673.8023308942322
4964959,578.4897646151203
4965960,691.3907928128256
4966961,662.2084945216155
4967962,673.04591861672
4968963,599.7521868358621
4969964,642.0473450635224
4970965,615.5635105475257
4971966,696.1843264556824
4972967,691.649010003836
4973968,686.8481127526355
4974969,65.53632401156531
4975970,658.4963942239773
4976971,696.0769976464034
4977972,712.5283309456328
4978973,693.1236981799127
4979974,598.2153755886469
4980975,687.5194037908913
4981976,679.9621639263294
4982977,667.7158758240687
4983978,682.9476117250756
4984979,673.9521087864013
4985980,22.261058952159903
4986981,673.0667595548356
4987982,689.3585800515888
4988983,651.3170640919104
4989984,676.9288341213979
4990985,686.6751510651397
4991986,681.1767122413286
4992987,665.7454015623592
4993988,19.116566475316013
4994989,676.9347443427619
4995990,677.2873483962846
4996991,684.4055152811371
4997992,662.5533535751885
4998993,675.8349738386479
4999994,635.7304477642417
5000995,696.6782384751963
5001996,603.6573596696297
5002997,656.9428288424774
5003998,53.96232865197774
5004999,682.6369024889137
5006000,614.5049166644194
5007001,664.3037300355938
5008002,659.1279911431463
5009003,668.1443365685608
5010004,16.380337950019506
5011005,674.383475666836
5012006,657.8598857583368
5013007,634.1431144982967
5014008,684.3108122346877
5015009,646.8066889643451
5016010,667.8765641374745
5017011,614.1201146530361
5018012,608.8581896227957
5019013,684.2456817358001
5020014,676.3484652917122
5021015,33.54456849975371
5022016,689.0969375202442
5023017,680.8641115450043
5024018,696.6558254020285
5025019,679.3758977278079
5026020,598.1216868810236
5027021,686.5034783431418
5028022,673.2490307654339
5029023,659.5943905026885
5030024,653.6008993513428
5031025,683.8069689839385
5032026,663.8590628638221
5033027,676.6033364711963
5034028,639.3629980248888
5035029,678.7418848324832
5036030,658.7613979517324
5037031,661.6502519246467
5038032,682.1135081880071
5039033,584.3134984003773
5040034,618.292045514579
5041035,546.8885218579085
5042036,675.8318051598491
5043037,709.7587727052701
5044038,662.5695955498405
5045039,658.8215137598764
5046040,677.2921125603986
5047041,663.5737697684095
5048042,549.3933970938162
5049043,586.9805387026247
5050044,696.0969132713863
5051045,631.1252082244094
5052046,632.8250108736186
5053047,637.7726014898645
5054048,670.0528164693725
5055049,690.8949700052127
5056050,660.400906888832
5057051,680.55801438773
5058052,664.9891360117216
5059053,674.7228333379653
5060054,701.1179423904647
5061055,686.4233997235951
5062056,24.8692693219124
5063057,682.3590377946762
5064058,673.2879580318627
5065059,678.215834876526
5066060,698.6445696245462
5067061,685.967236579864
5068062,663.627866663752
5069063,655.5373592240588
5070064,682.5764898241603
5071065,633.8604314383626
5072066,672.4756145964042
5073067,676.7109343717319
5074068,691.7649594423369
5075069,664.9265045220101
5076070,651.670662727892
5077071,685.7391530924219
5078072,676.0589822636257
5079073,672.975997278838
5080074,588.0838641052247
5081075,16.83071206377245
5082076,664.6753018941165
5083077,24.107010689954542
5084078,670.998103732308
5085079,650.5516355525599
5086080,675.9647387357791
5087081,16.57636519547062
5088082,20.250177604842673
5089083,668.4321185398092
5090084,691.837335011056
5091085,702.9213461379483
5092086,689.3881168592847
5093087,569.9704854942945
5094088,523.0966735260749
5095089,695.2898304712761
5096090,691.4660159488702
5097091,671.366925972258
5098092,13.880772057433957
5099093,697.4681596992704
5100094,678.7759788061726
5101095,672.4910500638802
5102096,505.65236418815726
5103097,661.841984786157
5104098,656.6759441762691
5105099,670.7436313392731
5106100,684.1273030679044
5107101,313.1235632165158
5108102,667.0044694710297
5109103,626.9057945257448
5110104,683.1700513755759
5111105,659.0470129125224
5112106,686.7176635119773
5113107,688.7242637756594
5114108,625.1072680299424
5115109,680.5362756832951
5116110,698.0667753097929
5117111,23.230686522789807
5118112,678.1654982581621
5119113,24.853007537776737
5120114,631.9442044786155
5121115,610.4934302387355
5122116,17.97631159434601
5123117,697.1578736887209
5124118,607.7716510800465
5125119,660.1575608936339
5126120,683.2071317347596
5127121,682.8852334205407
5128122,667.5790796056265
5129123,30.058712089320842
5130124,655.2702873468235
5131125,683.1658278414839
5132126,673.7594560009587
5133127,613.9138836093847
5134128,22.53499959987754
5135129,685.7123467461761
5136130,675.7089192759934
5137131,698.1099749651872
5138132,660.8404104761157
5139133,677.0550808580144
5140134,680.5990829369838
5141135,44.92076527553311
5142136,560.1616086958167
5143137,677.551890845018
5144138,663.4134032976596
5145139,669.1559398957968
5146140,691.0030777062093
5147141,18.220347665433557
5148142,681.8385418394801
5149143,693.8347499686037
5150144,549.276920167115
5151145,654.1332585398847
5152146,602.9686705510605
5153147,686.9923303412065
5154148,28.683344550588554
5155149,652.8760555427295
5156150,655.3909862833669
5157151,698.9011989252011
5158152,696.6610008627516
5159153,658.672660694013
5160154,662.0725730567568
5161155,634.8154780359162
5162156,654.6164014644986
5163157,659.1890999354989
5164158,650.5257672603603
5165159,644.7070976467869
5166160,705.4462235396727
5167161,670.558224901362
5168162,698.1389615854929
5169163,586.8700790179583
5170164,663.1431244263471
5171165,261.36241544242256
5172166,663.1895281575544
5173167,568.9056008413413
5174168,687.3905695259484
5175169,148.18224610014988
5176170,50.83731051743074
5177171,697.6540905245001
5178172,664.6802150837954
5179173,660.4835537986949
5180174,664.9802550008101
5181175,613.9070641730418
5182176,607.8315003790384
5183177,650.4218885644846
5184178,654.1667587986756
5185179,681.5101662214298
5186180,644.2362275647688
5187181,668.0891459304243
5188182,85.41376795664434
5189183,632.1986628810935
5190184,648.7685330640642
5191185,654.7189265860369
5192186,627.8803470542487
5193187,663.342475725668
5194188,570.9014445967748
5195189,566.2735479664996
5196190,638.6899891249082
5197191,656.9214954857069
5198192,689.7170642735115
5199193,630.1350016666343
5200194,696.3501529196762
5201195,650.6322436400209
5202196,647.3251080825912
5203197,639.4041539262244
5204198,663.3913451912273
5205199,630.7466569926383
5206200,631.7958991442646
5207201,627.6223226701071
5208202,667.4052923432563
5209203,629.7053478705242
5210204,683.1287509282154
5211205,639.7695421342328
5212206,652.019942916567
5213207,658.8103447028435
5214208,635.7270916590963
5215209,398.0727844695896
5216210,645.518126945823
5217211,646.382155398615
5218212,661.5428201942741
5219213,629.7899300415636
5220214,645.1626807068011
5221215,19.920293586102062
5222216,634.172544690592
5223217,648.288480535712
5224218,622.2996501409265
5225219,633.1783102680058
5226220,57.18809403676521
5227221,35.01582521296588
5228222,634.9307781793275
5229223,654.0178460513306
5230224,605.296564333207
5231225,675.5060384172224
5232226,658.11370598187
5233227,651.5805147107274
5234228,669.0400024173146
5235229,601.6342298320156
5236230,658.2738845980494
5237231,677.7189858078962
5238232,674.9584225131239
5239233,651.3632256197297
5240234,662.1449826922528
5241235,673.4375458555164
5242236,635.8897666413511
5243237,648.1054494631072
5244238,651.3321779353403
5245239,657.5731771805098
5246240,668.09566314741
5247241,661.8708087408224
5248242,291.8233562730201
5249243,676.841349796228
5250244,638.6868384011385
5251245,635.6939424435236
5252246,24.55285579824578
5253247,645.1634533592146
5254248,671.2218120617289
5255249,647.1248362075095
5256250,15.82002796976397
5257251,588.8050104472032
5258252,591.7211769573747
5259253,677.4080063992714
5260254,623.5547497556954
5261255,660.3547630404017
5262256,77.71280209770316
5263257,619.1235052001833
5264258,515.7990933979659
5265259,620.6644825310098
5266260,601.5631821874271
5267261,659.7694809518151
5268262,623.3737095875091
5269263,649.6618204229335
5270264,677.6010313041044
5271265,629.7555503109432
5272266,680.2651352699684
5273267,663.5084894512443
5274268,642.431920930646
5275269,579.7657366553947
5276270,646.8215948666955
5277271,658.4559877207504
5278272,671.4382116634876
5279273,519.301105430825
5280274,670.689529572792
5281275,671.9975915176711
5282276,629.3212535066365
5283277,636.8195918619255
5284278,23.34954064903455
5285279,648.5508185339993
5286280,644.4921229131484
5287281,647.9478248640527
5288282,640.9722733326457
5289283,622.6241619288695
5290284,675.2647634500073
5291285,645.874605035874
5292286,529.0109440808948
5293287,659.0093177716471
5294288,652.2491116264854
5295289,667.6783934953365
5296290,637.8693368103715
5297291,664.8904827554318
5298292,657.979207646612
5299293,640.4597661301959
5300294,523.4822810898544
5301295,603.2732295955268
5302296,637.1784867522423
5303297,685.2359534658309
5304298,658.5400947483799
5305299,660.3728224155753
5306300,619.9037004847903
5307301,666.6088641497383
5308302,685.7226965135299
5309303,650.7499589303591
5310304,651.0058199995486
5311305,641.120572108895
5312306,603.3801276470455
5313307,659.0115657434924
5314308,619.0694891141297
5315309,617.094401003497
5316310,121.22238616124602
5317311,606.2955953021966
5318312,649.0829673389379
5319313,637.8910286538603
5320314,671.3997365120966
5321315,673.7632673822629
5322316,676.0799438373102
5323317,591.6402350019048
5324318,26.495461943813595
5325319,662.5190189781641
5326320,633.3996913349337
5327321,164.42777667671976
5328322,631.1728787120702
5329323,670.4083749420695
5330324,668.2481423733018
5331325,634.1700343442526
5332326,653.3745008338906
5333327,14.590399785734594
5334328,672.3539005083678
5335329,650.8741807196832
5336330,669.5249089973054
5337331,357.06834575383215
5338332,646.0017808241297
5339333,43.89911668655513
5340334,663.0451813594061
5341335,659.5268748901677
5342336,14.987680449971753
5343337,43.03521491318555
5344338,651.9152151241544
5345339,631.2557208751388
5346340,575.2252557334948
5347341,657.2077598117322
5348342,661.3004215268218
5349343,640.4031823595204
5350344,669.1059168060104
5351345,655.8301912690532
5352346,663.9380454894368
5353347,661.7591143649897
5354348,669.4498864714185
5355349,638.9422411377776
5356350,631.6043153333592
5357351,44.49864856751767
5358352,581.8502794542615
5359353,692.526791093331
5360354,671.1538823970744
5361355,615.012461939981
5362356,666.3657775610172
5363357,673.5522325424209
5364358,641.2849981277193
5365359,668.6546774821537
5366360,657.4526641380193
5367361,631.4403488341346
5368362,663.0188685436383
5369363,658.4689742368319
5370364,641.4416183291337
5371365,627.5406394516947
5372366,620.5872083348927
5373367,630.1289120662628
5374368,644.9963982942845
5375369,646.7774609165293
5376370,668.6735926513697
5377371,646.3711337145601
5378372,666.7267332399829
5379373,579.6845159070275
5380374,644.1011990388736
5381375,666.176298318461
5382376,651.5233712470239
5383377,638.6661218924912
5384378,645.9198858837461
5385379,394.7507695059462
5386380,14.367661041754772
5387381,677.854510819771
5388382,652.2973611861682
5389383,673.6619350853275
5390384,631.4335562656961
5391385,643.4617124534359
5392386,642.3263366904795
5393387,12.498314174023342
5394388,620.4225458583577
5395389,598.1945190487625
5396390,651.5846566089974
5397391,634.2723633463172
5398392,624.5571847739594
5399393,639.2375584039248
5400394,601.1875067546874
5401395,603.8519064924443
5402396,671.023733493316
5403397,664.7991828625392
5404398,661.2499584507614
5405399,680.0897150036659
5406400,657.2677074481405
5407401,33.01968340251112
5408402,591.9414315255281
5409403,12.547609908384292
5410404,602.041092746686
5411405,602.7908793961506
5412406,644.5033902417158
5413407,666.3214412408295
5414408,652.9285819641823
5415409,650.1466892384977
5416410,675.3365142353437
5417411,581.7768349849243
5418412,632.539067661171
5419413,598.8558812768657
5420414,641.0966554709294
5421415,670.3616486559574
5422416,621.8211579656515
5423417,677.9915932765102
5424418,653.1077577231069
5425419,379.0202716071609
5426420,614.942146320395
5427421,46.75066827289633
5428422,655.4569387484867
5429423,619.2741962957025
5430424,616.2246986251059
5431425,634.6019188743727
5432426,663.7479826868266
5433427,612.949883841406
5434428,623.9334942181705
5435429,666.8664469733397
5436430,33.82469073902006
5437431,655.5673889355238
5438432,636.3342659251238
5439433,592.8636425593684
5440434,347.16645319785545
5441435,20.456183272430334
5442436,654.4299452762145
5443437,646.8275674835502
5444438,648.8848715989141
5445439,681.9699995625253
5446440,277.8349288860422
5447441,629.5879529376684
5448442,658.3698694152098
5449443,644.1043120506232
5450444,586.8435466473023
5451445,625.4134632475648
5452446,675.8437709701118
5453447,625.5757570900597
5454448,625.5041003635736
5455449,629.256074585969
5456450,624.5479307464597
5457451,587.7431264242849
5458452,643.140707566312
5459453,654.5294907395261
5460454,655.6667430121496
5461455,654.4077790267296
5462456,657.0744822158144
5463457,522.768308967952
5464458,622.0382430861738
5465459,673.3329758750143
5466460,589.6935117493207
5467461,632.8485022683769
5468462,645.4498806218189
5469463,659.041241278828
5470464,675.0177201112605
5471465,664.8987418582246
5472466,655.4681459284293
5473467,668.9853506700742
5474468,19.7740663339381
5475469,679.6810669920955
5476470,647.9407541287014
5477471,677.8458434570209
5478472,689.6539353575034
5479473,670.0449829992388
5480474,689.359684168955
5481475,602.9349098200547
5482476,654.5876547915491
5483477,13.36771554778994
5484478,660.9156022769315
5485479,634.4282930648308
5486480,635.3247144975767
5487481,656.8902390965603
5488482,631.4656461727418
5489483,658.0749374722466
5490484,683.8222771480071
5491485,477.6817591911821
5492486,659.7595449397817
5493487,656.4624141200219
5494488,10.886034666786701
5495489,653.5124647583292
5496490,13.079507042893482
5497491,456.18844594261725
5498492,665.7983603054021
5499493,21.127861189303985
5500494,678.9388692103438
5501495,639.3697091359883
5502496,663.2837773153158
5503497,618.3857863655666
5504498,638.3087477755355
5505499,646.0301525629851
5506500,670.0131230538365
5507501,11.589898005084931
5508502,630.1471041670168
5509503,596.7704181131892
5510504,645.978532288613
5511505,656.6058206465143
5512506,639.3670451653069
5513507,664.9119315066068
5514508,660.4654332097635
5515509,664.1671895551872
5516510,654.2103517087056
5517511,662.0588329458775
5518512,179.35963757327687
5519513,617.489130445559
5520514,675.4477145138267
5521515,492.91976355147926
5522516,643.6981059127801
5523517,641.0027429722666
5524518,670.6758281392138
5525519,662.0007080994083
5526520,666.9772079157997
5527521,620.3109085399014
5528522,660.9915384903882
5529523,650.520689363326
5530524,571.9034507863659
5531525,679.32860838923
5532526,625.7006321930239
5533527,656.135263665579
5534528,642.9492029059564
5535529,654.239024707406
5536530,634.9805735811975
5537531,677.7852067695086
5538532,632.1279675739196
5539533,667.5389976686
5540534,694.3254831332946
5541535,592.580809898625
5542536,600.226179966052
5543537,675.4782165149825
5544538,657.1901848573497
5545539,661.461788661139
5546540,667.7136234336084
5547541,551.9593601053876
5548542,665.1133253847859
5549543,384.029765856643
5550544,683.1859077825355
5551545,652.8445287432638
5552546,679.6380581083963
5553547,634.9523608859938
5554548,675.2132174462973
5555549,681.4207050964822
5556550,662.3083885938806
5557551,650.3297889975363
5558552,672.1315795724881
5559553,679.1372489298874
5560554,653.6627040006905
5561555,634.3668512486337
5562556,677.5481633856784
5563557,668.0749316397838
5564558,594.884141259701
5565559,654.0627308933089
5566560,638.876036950015
5567561,678.5294219124191
5568562,537.2078575588802
5569563,651.6336424688061
5570564,637.0669512470954
5571565,630.233931899544
5572566,661.1811676598545
5573567,662.5612381870509
5574568,659.7952720054806
5575569,629.7671344818833
5576570,601.914638681561
5577571,633.1901349301584
5578572,654.2458491370396
5579573,659.8844854304731
5580574,598.8490729475998
5581575,633.7921206378769
5582576,613.4760287316483
5583577,648.8258112417702
5584578,12.14339685412317
5585579,660.3570644215257
5586580,674.5904105241087
5587581,673.5176297773821
5588582,658.8203042391624
5589583,615.4896946205196
5590584,622.5213592349044
5591585,634.6424494932829
5592586,633.8426594532626
5593587,663.6259968441881
5594588,669.3846247912654
5595589,620.012063756347
5596590,656.4083712865929
5597591,597.1382147828816
5598592,673.0892809604242
5599593,664.6728427800717
5600594,653.835557759965
5601595,660.8195904832263
5602596,651.3275987108185
5603597,650.6971799721897
5604598,676.3893277042145
5605599,687.5382279486346
5606600,635.011075476185
5607601,645.2773128968171
5608602,650.0475690416827
5609603,643.6821139870095
5610604,88.50933437946743
5611605,645.9865177759154
5612606,666.50334564833
5613607,669.1894860030005
5614608,636.9552652321909
5615609,648.0064959485521
5616610,658.5896198737652
5617611,668.5969079887053
5618612,653.1979901574894
5619613,623.2862361268217
5620614,668.8596442408547
5621615,627.1179556310523
5622616,569.1579098721629
5623617,611.8090781352614
5624618,611.0135555582092
5625619,14.944095823574733
5626620,659.6881638884257
5627621,629.0662687097341
5628622,676.8935601416175
5629623,646.1532336719017
5630624,648.110801435565
5631625,666.4373386036626
5632626,662.6825861238818
5633627,626.7310697791106
5634628,673.7261674029656
5635629,628.4002863637804
5636630,608.7883828864049
5637631,640.4162852036321
5638632,19.692114182725536
5639633,659.82279439805
5640634,621.6351879006457
5641635,637.5247050541146
5642636,660.752893829477
5643637,658.954642611816
5644638,527.9602514137586
5645639,649.0492957554602
5646640,681.4922192161658
5647641,657.2035647455253
5648642,663.6053651122614
5649643,666.2541136291017
5650644,646.6054976892538
5651645,635.0080570531089
5652646,652.7570112555865
5653647,649.3032705680071
5654648,666.468065176982
5655649,572.6200873830247
5656650,569.988645913708
5657651,673.9974216282228
5658652,649.6016088526716
5659653,640.9152299997788
5660654,663.7951498434372
5661655,661.1482318323377
5662656,658.3907481727088
5663657,536.0903154197625
5664658,544.6199354867468
5665659,654.6870718557642
5666660,691.4637875526857
5667661,646.6389146728117
5668662,631.231140765982
5669663,673.1668703005763
5670664,653.91616782136
5671665,658.3491574960781
5672666,18.107613889792663
5673667,638.0369789184241
5674668,666.1165231402714
5675669,605.9103790751315
5676670,640.6121979802665
5677671,654.0702816951022
5678672,660.786717646074
5679673,40.06818530730533
5680674,625.4213556452082
5681675,646.29678459402
5682676,654.821504461413
5683677,677.2477259637353
5684678,639.3759255976696
5685679,679.2047983851025
5686680,662.9031111640726
5687681,614.4248506695194
5688682,630.0498526831775
5689683,615.5481638161572
5690684,666.4283126922793
5691685,645.9324243200488
5692686,665.7577264822737
5693687,671.9987025979265
5694688,648.4363826030277
5695689,37.55221635007781
5696690,680.4968457411023
5697691,654.7937977929488
5698692,669.2338262963975
5699693,669.6899272820599
5700694,658.0423344193445
5701695,626.3678851447476
5702696,642.8394203666759
5703697,625.195392893946
5704698,690.4409495321734
5705699,672.4122546108968
5706700,598.1008364982209
5707701,685.9162584720924
5708702,605.2994277946656
5709703,647.1210941711863
5710704,653.2643141737964
5711705,639.7655400260276
5712706,690.1163245995483
5713707,640.0445373463408
5714708,690.0465367481846
5715709,635.5144798980483
5716710,572.0988984367972
5717711,648.2410481363322
5718712,641.9360752200311
5719713,655.2909534308451
5720714,627.8738839149089
5721715,662.2088560003061
5722716,671.5673713177897
5723717,663.1490674667742
5724718,640.9985516024494
5725719,645.7006461429681
5726720,644.1731826568401
5727721,44.47874943323395
5728722,690.4222843528371
5729723,633.2993021520361
5730724,665.3063603401602
5731725,697.8836809458829
5732726,655.8711189338266
5733727,664.4270493353316
5734728,43.410644737403594
5735729,648.4564192742577
5736730,72.53420917802978
5737731,663.0315290371353
5738732,577.3636102716271
5739733,661.6640597527693
5740734,662.8040688444765
5741735,652.3376944569802
5742736,19.343120706978784
5743737,688.063567778904
5744738,652.73273813217
5745739,672.8875380872964
5746740,677.5681632229357
5747741,680.893860602068
5748742,670.3091129372715
5749743,636.737286982854
5750744,636.252607441653
5751745,664.5510714242412
5752746,655.8861493433351
5753747,586.5232304513902
5754748,663.8466324396131
5755749,640.7889478438605
5756750,638.3020319331778
5757751,638.4498599742718
5758752,45.288281159453874
5759753,667.7327327945287
5760754,652.8169651505219
5761755,664.5935545487523
5762756,683.3555787904351
5763757,656.0731714792514
5764758,654.4038380699062
5765759,623.584973457259
5766760,677.2855050724565
5767761,683.4613239797557
5768762,651.0973984624217
5769763,651.6130305192199
5770764,612.088343775127
5771765,672.757852477502
5772766,687.0071105031413
5773767,657.3911550603926
5774768,617.3503075756637
5775769,670.043397234276
5776770,651.7765683915303
5777771,667.3176278546629
5778772,661.9543372542558
5779773,664.6397400641564
5780774,673.1094052788872
5781775,686.4288321270692
5782776,639.8898249250102
5783777,667.9510911114786
5784778,668.0300534883861
5785779,659.4575192238315
5786780,670.9602416619127
5787781,610.9691462600847
5788782,665.4346598390925
5789783,620.5035229628219
5790784,698.829597145033
5791785,691.5008148066937
5792786,680.1627634575717
5793787,679.1188015359166
5794788,647.7152496140361
5795789,638.4580971954755
5796790,641.0887754924428
5797791,643.196631686017
5798792,698.6168396065098
5799793,674.5425161881888
5800794,611.8739957193312
5801795,642.3784237847526
5802796,656.5508610802618
5803797,645.3403689964833
5804798,689.5117849624804
5805799,654.6384722374635
5806800,22.783355272656696
5807801,650.9739315701621
5808802,664.0073789665611
5809803,26.375100274718992
5810804,670.5736069071856
5811805,676.2580201271069
5812806,657.1244715374837
5813807,669.8932210892332
5814808,23.167456432488564
5815809,672.709550021454
5816810,674.8598388319456
5817811,624.1077367828038
5818812,680.2678126456195
5819813,597.0596089624879
5820814,647.1014867323097
5821815,621.5022652160916
5822816,662.6933348078079
5823817,682.2835767939677
5824818,674.0201623713459
5825819,688.7521580388136
5826820,680.6500157201062
5827821,670.1025401139752
5828822,650.133895658123
5829823,654.8421293830961
5830824,668.8084773745995
5831825,637.8185117452717
5832826,682.9750065845653
5833827,673.3286868512365
5834828,656.2380728881249
5835829,651.8710082100563
5836830,661.0557396247277
5837831,644.4090078866889
5838832,653.9675239459981
5839833,657.0820802196447
5840834,680.8693976419747
5841835,686.6471961468119
5842836,629.3331630066591
5843837,662.1083336016353
5844838,675.2403385550933
5845839,634.6886543587649
5846840,608.1423713898276
5847841,657.4127533830363
5848842,653.1221380083535
5849843,662.2761535681665
5850844,688.7877750232603
5851845,636.344083106326
5852846,249.56143671489087
5853847,662.0799344267749
5854848,613.6303106187914
5855849,641.1430350387827
5856850,686.2045544681703
5857851,652.277102530502
5858852,656.1494069051963
5859853,667.5440058491718
5860854,645.2990422528941
5861855,664.961366877328
5862856,670.4800086275271
5863857,640.1152041178199
5864858,659.8552286120495
5865859,637.5718436225354
5866860,600.5838646661446
5867861,680.6436704356648
5868862,654.8822141619677
5869863,700.4634540182901
5870864,642.6669916337678
5871865,625.3190213383858
5872866,640.628993374098
5873867,654.4640819541728
5874868,660.1470874037233
5875869,660.3628478077266
5876870,666.5833358838064
5877871,680.9764189392885
5878872,652.8592615188109
5879873,669.9731961396833
5880874,635.820133726421
5881875,660.8430502109994
5882876,692.4770080352702
5883877,664.6201842614737
5884878,683.6607201396417
5885879,691.959872492927
5886880,649.6683712625473
5887881,433.6626175259957
5888882,676.7791844384955
5889883,656.853792543875
5890884,667.7196360362076
5891885,652.0132921290615
5892886,654.1694893905526
5893887,675.9048075127755
5894888,660.6078494533214
5895889,675.4910354462396
5896890,661.804551599176
5897891,645.6085728678877
5898892,687.8315159634985
5899893,659.8323566104484
5900894,636.466814715851
5901895,625.615059630277
5902896,611.0625482563654
5903897,71.92693136625587
5904898,614.3437023768396
5905899,685.8489095807294
5906900,664.7378951583138
5907901,642.2977008113407
5908902,653.6571123866323
5909903,634.9139316307029
5910904,36.00782953968308
5911905,658.2566880826633
5912906,693.34229409278
5913907,673.2939050814348
5914908,657.6351865712122
5915909,671.3237881792072
5916910,655.6480052372872
5917911,668.3572904671906
5918912,665.125787036015
5919913,39.81258089384776
5920914,673.7251319315509
5921915,691.1822627550439
5922916,645.8873858412287
5923917,689.9913497179197
5924918,646.473326172434
5925919,688.3395120329549
5926920,660.6555589686948
5927921,259.6900776577713
5928922,640.3772717364736
5929923,665.1060142119452
5930924,660.8408838369834
5931925,657.01147807414
5932926,690.359998187328
5933927,27.095804696089683
5934928,675.6467743114338
5935929,651.6698725965749
5936930,645.7368524193562
5937931,669.0271340553163
5938932,576.5735772165996
5939933,647.459501799651
5940934,655.0778701708053
5941935,661.7440861223084
5942936,629.0502203043427
5943937,666.951987865028
5944938,660.1510045370202
5945939,677.9137976196877
5946940,677.128366817032
5947941,677.0236000338665
5948942,636.6944048160519
5949943,649.0831688091904
5950944,648.1272608272739
5951945,666.9452222486918
5952946,669.245939837011
5953947,661.8291319897896
5954948,670.8892675844526
5955949,652.5396486309818
5956950,633.7530671184641
5957951,682.8028872889462
5958952,701.7121389009062
5959953,658.4613714762007
5960954,643.2602587766772
5961955,672.479476938812
5962956,630.1466965575829
5963957,664.7809504405054
5964958,676.5363069222766
5965959,639.897567045976
5966960,677.2587507998919
5967961,647.7518791892654
5968962,694.6101105646874
5969963,642.0008028662354
5970964,676.5018414183617
5971965,649.2896800940154
5972966,668.657528366005
5973967,706.7480395473508
5974968,693.1174286029475
5975969,634.9024217944724
5976970,666.1219450350452
5977971,651.5561999809387
5978972,656.6905088127493
5979973,664.2248552910271
5980974,682.8912844385114
5981975,697.1440348230055
5982976,39.760503229024216
5983977,692.430603410762
5984978,681.499066212083
5985979,687.1300376449645
5986980,660.083288451455
5987981,672.7130696219177
5988982,673.1990335721993
5989983,614.7113450496886
5990984,678.2157760711154
5991985,665.5822825764117
5992986,680.6092316371673
5993987,651.6227024829809
5994988,668.5317844825446
5995989,644.9772511638766
5996990,662.7744319396116
5997991,687.8517457177038
5998992,660.6307347431473
5999993,610.7800419291962
6000994,664.9123527000041
6001995,604.1637302751685
6002996,681.1612564166086
6003997,660.6141732015178
6004998,655.5231261793796
6005999,643.387805476577
6007000,365.5823331344124
6008001,702.4534476215462
6009002,661.4923285604344
6010003,646.1217100030935
6011004,670.1331611253122
6012005,686.5105868490339
6013006,621.4462109637827
6014007,676.1742927618666
6015008,719.6232058017473
6016009,643.5170320553793
6017010,683.7807261401268
6018011,675.7284594278499
6019012,684.4292722430507
6020013,687.3069498843727
6021014,672.871964550706
6022015,681.5269153592817
6023016,673.802499828746
6024017,682.9421709041014
6025018,658.8272896145563
6026019,648.8990472407094
6027020,131.03066705159762
6028021,607.0342891874309
6029022,689.2439528436188
6030023,652.8027006933237
6031024,677.66200841311
6032025,659.0064957485424
6033026,696.1959853220876
6034027,676.3755435068534
6035028,572.6175491601929
6036029,706.5717257598575
6037030,678.0866967989588
6038031,626.9455307483377
6039032,678.4622326184236
6040033,668.315176215944
6041034,693.6342177353682
6042035,389.1905583144013
6043036,661.1568604349287
6044037,671.8993443441243
6045038,680.2278136203574
6046039,330.95497502749913
6047040,683.8064027987733
6048041,650.4566099464213
6049042,653.638210997304
6050043,662.6525578446829
6051044,612.2979544267303
6052045,684.7219217909665
6053046,682.0337756299889
6054047,627.5309703587985
6055048,653.0343515587555
6056049,668.7929607141433
6057050,648.3325818398157
6058051,668.8063161778404
6059052,708.3046509599021
6060053,640.9935677532355
6061054,674.6882623032088
6062055,646.5993978943534
6063056,665.0272855503678
6064057,616.4192549392267
6065058,268.3562482989564
6066059,659.0756309607962
6067060,651.1448450940096
6068061,674.1488059739487
6069062,656.916117028422
6070063,664.4281873695572
6071064,684.6380050323468
6072065,659.3360716901863
6073066,694.9730204593925
6074067,706.0157409805544
6075068,599.0118923026253
6076069,666.9344604287162
6077070,620.6912514456207
6078071,629.1223551578587
6079072,677.3886502321296
6080073,702.1487802671184
6081074,668.1212039025775
6082075,642.3843136019823
6083076,639.3647781104584
6084077,695.9593933743083
6085078,681.6302778697832
6086079,452.1343384909675
6087080,664.9289359081657
6088081,691.4551193827112
6089082,640.6865837102685
6090083,605.6840571068491
6091084,664.3341997448774
6092085,666.2354049290817
6093086,647.3301287411131
6094087,648.8993981683406
6095088,683.9796884595389
6096089,659.3182377016473
6097090,657.4320495494339
6098091,672.2272335309948
6099092,654.3366430522854
6100093,27.034156641316738
6101094,659.657163990994
6102095,633.912778010562
6103096,642.4253290407042
6104097,657.9107973541295
6105098,662.280111421891
6106099,622.1719372182542
6107100,648.8746487446747
6108101,659.5407361988864
6109102,674.5554913065713
6110103,653.823470434019
6111104,655.2224187685287
6112105,643.7614331653132
6113106,669.9652839933984
6114107,698.3101487239283
6115108,674.6436918429737
6116109,570.6319675747487
6117110,599.0790259217636
6118111,676.7137043297867
6119112,671.3787726498706
6120113,590.5854871313477
6121114,638.5457941316785
6122115,612.7799620176157
6123116,646.8352156376
6124117,622.7564848014667
6125118,644.1488315186494
6126119,679.5144263321333
6127120,661.7662719774434
6128121,655.4202749358788
6129122,663.5510418263826
6130123,638.2277425068685
6131124,647.0790926525443
6132125,674.6278249486573
6133126,665.08457024117
6134127,670.2579549275519
6135128,686.1322154575107
6136129,632.8434842659267
6137130,651.2518497331714
6138131,664.1723928389885
6139132,654.1093717931064
6140133,704.1417695699879
6141134,642.6082412638011
6142135,639.6083436496992
6143136,608.0494734400199
6144137,661.2099161204354
6145138,629.3200683352579
6146139,650.4766715670195
6147140,652.7400831958317
6148141,651.0374610791162
6149142,583.5426824815064
6150143,688.3892567555124
6151144,619.0565954574769
6152145,630.6637067956324
6153146,647.4213426899541
6154147,630.7529717825862
6155148,625.785318520114
6156149,659.0952989617134
6157150,631.3007336467557
6158151,689.8053278504219
6159152,599.9391618704046
6160153,526.674210150173
6161154,678.9672159534138
6162155,661.599839994619
6163156,691.7444611563541
6164157,656.0327935689843
6165158,656.3384700585049
6166159,670.8471119270761
6167160,667.4482721360855
6168161,586.3639712049383
6169162,590.5053935610853
6170163,661.5521676308731
6171164,670.6135056231087
6172165,576.3367111355068
6173166,652.3658155053661
6174167,614.9602982305205
6175168,629.5474474740968
6176169,623.7614244154926
6177170,672.6352991588578
6178171,664.8963366443461
6179172,681.4218584668214
6180173,622.9604585805496
6181174,710.648010679689
6182175,566.7731565897557
6183176,647.2787881775562
6184177,573.2559747207341
6185178,665.9246070556406
6186179,655.1281102903379
6187180,674.6176510539187
6188181,661.3790263947695
6189182,635.0982533711448
6190183,677.7678238854451
6191184,629.732525099619
6192185,625.6753885563215
6193186,677.2340246439104
6194187,688.7313984867411
6195188,667.4284786702824
6196189,659.7420933476626
6197190,640.3121762741283
6198191,655.8034268796207
6199192,683.5116349030924
6200193,685.0849596371494
6201194,649.6474404229349
6202195,537.7334889647426
6203196,676.8618681717123
6204197,665.6697989691602
6205198,626.7746915461531
6206199,700.8190427091373
6207200,375.0975110582161
6208201,682.7203565001026
6209202,670.8531338728275
6210203,667.8894166713617
6211204,683.861194952718
6212205,637.6299848532705
6213206,697.5849066934088
6214207,646.5282960718525
6215208,663.9271917714442
6216209,657.174737227607
6217210,664.042518835335
6218211,619.6161358798402
6219212,687.2743417326286
6220213,671.2443856786392
6221214,720.8952169885014
6222215,683.2986241745867
6223216,667.6387477594807
6224217,659.6472130475562
6225218,657.7642086460163
6226219,640.6840756009273
6227220,616.0603709749079
6228221,673.909483984867
6229222,643.4535144390028
6230223,651.3347585268473
6231224,652.0118063098132
6232225,688.3930184967277
6233226,682.0455499512316
6234227,665.83999306672
6235228,650.8366160332481
6236229,655.4819962660818
6237230,676.5928989444598
6238231,706.2795674577328
6239232,625.9709346429578
6240233,620.7706659563819
6241234,676.1719288537591
6242235,696.1181089390366
6243236,638.5307598463826
6244237,673.639731542261
6245238,692.211862172752
6246239,697.1066635155081
6247240,726.6783399563641
6248241,591.8813801230095
6249242,647.0641738911941
6250243,681.9189132544597
6251244,607.5322805394849
6252245,673.2346371824642
6253246,619.0427722747588
6254247,530.100156970817
6255248,390.2675759830135
6256249,657.2173091922017
6257250,637.3635667695785
6258251,676.6167053136443
6259252,710.7697519701641
6260253,371.8739137955389
6261254,683.6291434496013
6262255,669.6546466521763
6263256,677.1625989192883
6264257,710.1467879929671
6265258,706.1709759195654
6266259,689.3325915181265
6267260,664.2666386476034
6268261,589.4883138907152
6269262,645.1140021917054
6270263,674.7039829482944
6271264,366.123961606371
6272265,539.1690705199775
6273266,649.2095863959674
6274267,683.1296811743114
6275268,589.7477545398688
6276269,654.8262944566636
6277270,641.0784220437868
6278271,630.0618544290897
6279272,653.2560516979444
6280273,374.94862893327553
6281274,664.1031301764091
6282275,689.6682598743497
6283276,707.2009674170273
6284277,666.6862083999555
6285278,697.943040719411
6286279,632.9750913180574
6287280,660.1175339948034
6288281,571.3713859463895
6289282,657.9093460978054
6290283,685.414218314414
6291284,660.5349133296379
6292285,664.0869380020677
6293286,662.7888856492398
6294287,673.5014693398508
6295288,683.3299523339318
6296289,687.9329834052993
6297290,658.3853517244213
6298291,401.32128512147216
6299292,689.1916894135397
6300293,697.6180248257424
6301294,672.9094832994684
6302295,673.7162263120972
6303296,698.8391732414105
6304297,661.0689063724733
6305298,688.1677576876755
6306299,666.6983299125922
6307300,625.1121154896728
6308301,661.8260899392642
6309302,627.2903787082657
6310303,633.5275119582045
6311304,678.2357605069217
6312305,663.8143098396739
6313306,683.6707315530975
6314307,646.6347839394798
6315308,664.0895504461143
6316309,557.0612721038289
6317310,703.1614350049197
6318311,687.6679675967677
6319312,668.5451199087681
6320313,400.07501740870805
6321314,576.6903419954002
6322315,670.7073979104603
6323316,707.031218420931
6324317,596.7637737806482
6325318,633.2876236273445
6326319,660.5826892473173
6327320,680.9981584421782
6328321,583.8802099550614
6329322,586.9832038386684
6330323,640.2852702853621
6331324,646.0761693804699
6332325,606.1355799485997
6333326,682.8137535302591
6334327,681.0394488995485
6335328,570.471857982545
6336329,633.5701420539446
6337330,643.2396544893581
6338331,686.9213466427668
6339332,702.005186969196
6340333,321.9756632817727
6341334,611.0764569709839
6342335,642.7585333401022
6343336,672.1290975773449
6344337,668.7589777682798
6345338,672.6526820065046
6346339,584.1585641593039
6347340,656.4342014930523
6348341,645.7544837816789
6349342,656.4641135121922
6350343,383.9224103148241
6351344,676.7840892228713
6352345,676.4710071918865
6353346,634.7031119859023
6354347,563.4399087550564
6355348,638.5007856424606
6356349,662.6755721207998
6357350,702.5388459416663
6358351,686.4381011515774
6359352,560.1767832145271
6360353,687.988967927477
6361354,642.3780637751876
6362355,686.2746200658406
6363356,633.6188665173313
6364357,670.4220157642892
6365358,675.1010573048544
6366359,535.2378454692449
6367360,658.820054963054
6368361,371.60457205936234
6369362,631.3454103071809
6370363,617.1061191242045
6371364,638.2644507901002
6372365,688.6011612755989
6373366,407.96085829069364
6374367,647.509961191461
6375368,364.3423081067319
6376369,703.9727382219208
6377370,691.2515942322871
6378371,674.8901898895114
6379372,614.8701593771432
6380373,688.175607792574
6381374,693.8394029471491
6382375,655.8904967050679
6383376,416.5570129351695
6384377,679.6414512207074
6385378,661.9843110101039
6386379,653.8799403914528
6387380,464.64214925515535
6388381,423.62290573709316
6389382,595.1770140837152
6390383,606.1779545107415
6391384,697.0177934725523
6392385,220.24593388786198
6393386,703.6953499222265
6394387,592.0546232803405
6395388,685.2523914586681
6396389,716.4333509389792
6397390,621.9181936762561
6398391,718.453874487392
6399392,672.6842735556814
6400393,331.2717513286514
6401394,614.8705769712831
6402395,518.715851940932
6403396,464.50726701279154
6404397,531.9619170381795
6405398,673.1689540742243
6406399,689.9066272132234
6407400,681.3504289621159
6408401,639.0753208337063
6409402,691.596046073206
6410403,640.3882217379522
6411404,682.0313297015167
6412405,660.7035225076467
6413406,682.7453640028532
6414407,658.3891010886889
6415408,673.3334135970484
6416409,556.3458532891915
6417410,710.3795223555811
6418411,580.9841280668552
6419412,289.1431405648115
6420413,650.5948176170043
6421414,637.0800137559916
6422415,452.66745121093857
6423416,699.6427208881383
6424417,650.4910430018026
6425418,592.3089399679004
6426419,656.5348538636482
6427420,683.7055768874209
6428421,501.6687283133565
6429422,660.4547994478962
6430423,663.6659293308284
6431424,673.4659077914138
6432425,524.3419686248442
6433426,661.0812490680325
6434427,684.6912457938904
6435428,669.5522172325778
6436429,669.9691472654146
6437430,685.9827793475355
6438431,669.0824773459526
6439432,657.1150014720095
6440433,682.3737361849035
6441434,670.091708470599
6442435,712.4758814390882
6443436,92.65768006864076
6444437,681.8622579930741
6445438,699.689625866848
6446439,680.7113265235377
6447440,660.2842728019393
6448441,668.3030269409086
6449442,710.1441934811685
6450443,704.052318768906
6451444,670.5532478692265
6452445,703.1267534454239
6453446,707.2741725415947
6454447,714.4866735905013
6455448,649.4951166426276
6456449,652.2024592777173
6457450,665.0078580286817
6458451,607.7128269233968
6459452,696.9134683739122
6460453,666.5252455241393
6461454,633.1123100374829
6462455,683.7026221407814
6463456,635.2053761902064
6464457,676.527763483451
6465458,667.7861270816941
6466459,651.2119010793554
6467460,701.271026035986
6468461,557.5559052721679
6469462,687.3396673899044
6470463,636.3352556603068
6471464,654.8189029174928
6472465,649.3677405522155
6473466,668.0330563913201
6474467,684.836317306018
6475468,670.9330371904276
6476469,626.6312574711543
6477470,693.455668831502
6478471,628.1485560788423
6479472,669.1691945654875
6480473,698.3470854929964
6481474,673.8049525575855
6482475,617.1819760788204
6483476,677.0586323677277
6484477,689.9757859489323
6485478,625.2714134260704
6486479,687.361340961978
6487480,676.701210976065
6488481,612.97802603528
6489482,519.9777883810698
6490483,628.1824036595918
6491484,635.8088478561971
6492485,640.336546036922
6493486,648.2801986146906
6494487,677.8681954528015
6495488,584.1391306280395
6496489,664.2327809703083
6497490,680.412421834159
6498491,715.0009178343329
6499492,675.8476127866742
6500493,655.2742570140241
6501494,673.0361149799351
6502495,688.2486661729002
6503496,597.5054457142996
6504497,684.8479704102676
6505498,368.9020621049146
6506499,693.7818073494519
6507500,676.6315586193974
6508501,688.326619925954
6509502,706.4638272160001
6510503,671.7695402996769
6511504,652.3988020654822
6512505,682.2136634109683
6513506,708.6718578940107
6514507,712.5367765394518
6515508,706.4021884566054
6516509,723.6999552716103
6517510,648.5837380165747
6518511,693.1534117656219
6519512,720.2387256137621
6520513,673.8152641328013
6521514,713.3815065142674
6522515,679.776411953277
6523516,695.9288805828004
6524517,674.0564010212811
6525518,653.6698104958984
6526519,658.2518004588585
6527520,672.3689456811339
6528521,707.1358434105753
6529522,439.4245409634999
6530523,682.2048974575926
6531524,678.846886118078
6532525,700.9670246324625
6533526,586.3913945508965
6534527,731.5133479961249
6535528,540.7352288649105
6536529,631.7481243859897
6537530,683.0853460797931
6538531,700.3196443171933
6539532,666.8804155666356
6540533,707.6391272287672
6541534,640.461101023405
6542535,705.593249076693
6543536,711.1218929758862
6544537,237.69272643810476
6545538,663.5400576166465
6546539,673.5028866824942
6547540,680.0844897430243
6548541,680.8577997498824
6549542,700.2462415686347
6550543,686.5274804099458
6551544,707.9717838343133
6552545,692.708542450574
6553546,669.2994363665175
6554547,679.9458292174596
6555548,693.39440727587
6556549,659.8921676517956
6557550,685.0981563535687
6558551,693.4839707567544
6559552,714.164671307454
6560553,688.700779410086
6561554,718.0976223768304
6562555,715.9922739861748
6563556,685.4453727976024
6564557,673.2152597911271
6565558,716.3385779201708
6566559,694.5486220346163
6567560,673.0613985086952
6568561,674.722359835407
6569562,703.6063310104225
6570563,687.0264833232799
6571564,675.4150019355922
6572565,673.0391934029054
6573566,700.523195083841
6574567,621.7596980830202
6575568,650.7732815406799
6576569,682.8925337434567
6577570,658.231717103907
6578571,707.6310121247494
6579572,708.8842925689761
6580573,696.4614476832414
6581574,680.1348727130649
6582575,641.6611682209802
6583576,676.5433663188949
6584577,692.914804541146
6585578,696.0026388871385
6586579,625.2937215164303
6587580,707.4559580547514
6588581,701.5660897001801
6589582,644.517113990192
6590583,638.0089549190825
6591584,680.0143618269215
6592585,621.2444822820872
6593586,678.086717057703
6594587,614.1073867815252
6595588,675.1742105626403
6596589,704.2608343415973
6597590,702.9958704021675
6598591,666.9691397560799
6599592,651.8577204462151
6600593,567.4511348483742
6601594,714.005389557948
6602595,691.6720231075983
6603596,671.33315423286
6604597,662.555716582655
6605598,669.2996567414089
6606599,728.5643928467894
6607600,641.1252483809994
6608601,659.080149288627
6609602,646.4324772599076
6610603,666.6475722273476
6611604,466.0210654218444
6612605,675.3895348140554
6613606,699.6497626707908
6614607,663.0349925987821
6615608,607.7487665951453
6616609,682.7083476118592
6617610,671.01079412616
6618611,721.312945683046
6619612,21.95452912116975
6620613,703.580882300607
6621614,667.382819380324
6622615,672.4881679102493
6623616,690.8554336818429
6624617,658.3273715394449
6625618,707.4191345653621
6626619,624.7785625573349
6627620,666.597035946484
6628621,684.5305438804896
6629622,692.0001374257646
6630623,695.8935721961063
6631624,41.36712921017312
6632625,684.3597340056882
6633626,706.3063085924402
6634627,707.5449535150672
6635628,621.7057441304853
6636629,640.7135144208784
6637630,517.3849997605118
6638631,727.8278028996394
6639632,461.8457222328558
6640633,634.9915456284668
6641634,606.5060551942427
6642635,165.7343226416957
6643636,708.8181184148654
6644637,655.2931194254414
6645638,710.6384476218535
6646639,695.2986231978988
6647640,671.9003207282491
6648641,679.6869144705475
6649642,621.9906820946953
6650643,385.3942857780399
6651644,693.982406824219
6652645,695.48247326867
6653646,701.7870624150521
6654647,718.4576347354714
6655648,671.3708684499323
6656649,516.6175421254612
6657650,694.9757815990852
6658651,706.2385304499007
6659652,698.6838945184264
6660653,675.9646426780188
6661654,694.0905415287415
6662655,692.8332726720677
6663656,663.0139403139175
6664657,648.4790962484286
6665658,681.2354291670107
6666659,691.7921831236858
6667660,676.3503525132373
6668661,698.2030339879701
6669662,707.1466538451596
6670663,649.4793724387858
6671664,658.3388203446231
6672665,670.4708230419345
6673666,696.3152240614394
6674667,345.22517243301695
6675668,650.8018503307788
6676669,695.7716293634858
6677670,715.517655456999
6678671,696.5887922697057
6679672,671.295917328008
6680673,676.9759595078269
6681674,684.0959951170832
6682675,489.66802606565943
6683676,679.0563565445765
6684677,579.5280298345094
6685678,688.1816338191367
6686679,665.6065457253114
6687680,704.7919310817739
6688681,701.5651767083104
6689682,718.9547819354336
6690683,691.605343273582
6691684,645.4557683343173
6692685,721.204893909257
6693686,52.19417792343412
6694687,675.8275054052449
6695688,680.823744320333
6696689,732.0787336611363
6697690,698.8910132778469
6698691,691.2188293785191
6699692,702.098619768631
6700693,679.7907110559447
6701694,24.640632587907024
6702695,717.0428448245856
6703696,660.3370473248498
6704697,696.4764295001384
6705698,708.8187904986123
6706699,721.4587358861846
6707700,566.6278422563838
6708701,465.46713597902595
6709702,676.3200172856019
6710703,710.4391984005523
6711704,696.5482301321539
6712705,732.482119496251
6713706,710.0677749657812
6714707,728.8262407427791
6715708,698.7727111472968
6716709,674.191591811345
6717710,682.6469954180417
6718711,555.1088670352034
6719712,541.3302023415592
6720713,657.0988670252455
6721714,534.7584217870274
6722715,690.1878728543063
6723716,703.81660914329
6724717,718.2944168487027
6725718,726.8897546132007
6726719,688.6802447292874
6727720,677.7644129249151
6728721,677.929225621404
6729722,628.8695590878945
6730723,470.04393244310745
6731724,683.4512640742377
6732725,707.4157682574087
6733726,661.8371624207845
6734727,636.6124888796838
6735728,694.8557826052662
6736729,636.0782840736448
6737730,543.9586874960157
6738731,688.8239950690714
6739732,702.5201251840606
6740733,654.9722313273345
6741734,714.9905014936879
6742735,665.7679887578327
6743736,678.4339815398656
6744737,714.0938158731453
6745738,685.2114505973037
6746739,678.826240680055
6747740,673.581138197896
6748741,678.002674673079
6749742,620.0323902352013
6750743,677.4591593291171
6751744,725.9371489303788
6752745,628.8006086071895
6753746,683.1934878329737
6754747,675.5786697560984
6755748,715.2520075329805
6756749,680.2427609923249
6757750,692.9210108029545
6758751,669.6020363425226
6759752,693.0976425285859
6760753,711.2349611290823
6761754,680.4201884219717
6762755,684.6989259380596
6763756,707.4664999943864
6764757,734.279905618215
6765758,692.45675576469
6766759,682.8575527865269
6767760,324.30442412948184
6768761,689.164906979849
6769762,691.4308569826574
6770763,678.3323360904825
6771764,613.6440729916594
6772765,725.9564616467437
6773766,692.0987783100935
6774767,713.8124143688126
6775768,732.5528763952104
6776769,699.257737216018
6777770,625.9828245945588
6778771,654.174796573375
6779772,686.2424035051334
6780773,607.4899420341993
6781774,718.3503582868552
6782775,253.17385549556073
6783776,513.5604375899477
6784777,435.59084791875824
6785778,642.9949381027674
6786779,709.8269414905535
6787780,694.0960627080052
6788781,680.354888288975
6789782,617.3731370824685
6790783,677.1467473643153
6791784,695.1452448546936
6792785,692.0444922154235
6793786,663.9666876901678
6794787,714.8795771015946
6795788,701.2585934427924
6796789,652.0687573230168
6797790,650.871257926857
6798791,708.9442072014688
6799792,721.3685474733911
6800793,678.3529264203391
6801794,444.87407405366173
6802795,657.8611529948811
6803796,711.478581358788
6804797,687.0025347359016
6805798,694.1541934811476
6806799,702.3975024105789
6807800,723.9421665155818
6808801,697.6941526277772
6809802,671.268919040155
6810803,727.5973060358702
6811804,697.5219666676518
6812805,705.4263388341122
6813806,714.958390257933
6814807,704.0422602314492
6815808,711.4319078359696
6816809,682.322421679691
6817810,692.9969929320011
6818811,539.3151927869694
6819812,672.1935715331698
6820813,677.7578717438167
6821814,584.4497375894972
6822815,688.2905682045691
6823816,674.3221358544612
6824817,538.6580586856968
6825818,678.0093198158506
6826819,678.2191592370549
6827820,547.2496985103041
6828821,683.6783024487362
6829822,620.5823655417807
6830823,669.3650676675153
6831824,652.7425447088242
6832825,685.637014412499
6833826,709.4177793693318
6834827,675.3924624687226
6835828,644.0194985611796
6836829,705.3212784510382
6837830,724.9566569260345
6838831,678.2508944334273
6839832,665.6095522521381
6840833,661.7486644060583
6841834,650.8715894942306
6842835,658.1444045277879
6843836,33.19921900188258
6844837,712.9623680099837
6845838,718.1707517245004
6846839,642.1559224903838
6847840,701.0865740633743
6848841,692.2779831981923
6849842,676.0494714494577
6850843,680.2646619688679
6851844,695.0434345796496
6852845,680.0425324925951
6853846,724.2727109733935
6854847,634.3167454412535
6855848,694.3219878376783
6856849,695.2535896024746
6857850,677.246669492429
6858851,693.2454935078142
6859852,724.7287389189976
6860853,679.8340007215315
6861854,700.6762888971277
6862855,707.7309623072907
6863856,687.9876272032662
6864857,697.0116833175634
6865858,699.7277414227362
6866859,635.437243612234
6867860,701.3629378237358
6868861,490.3688669831301
6869862,655.1742198749959
6870863,682.6414789093565
6871864,692.9688485040615
6872865,672.8202390120225
6873866,558.8230378333803
6874867,37.46853370480862
6875868,619.4988807924483
6876869,616.05166096606
6877870,619.3275287693234
6878871,701.5552388409179
6879872,706.3961581975101
6880873,655.7059812865765
6881874,684.7977932031611
6882875,667.5608299745267
6883876,610.1506670088738
6884877,702.0999303066122
6885878,720.0961333469768
6886879,716.8410013538588
6887880,702.306713450419
6888881,660.5604868410672
6889882,705.9339141215382
6890883,698.9365628788664
6891884,699.3200343194555
6892885,635.3034635014462
6893886,672.7164548076187
6894887,666.7936715716577
6895888,715.3650518546037
6896889,673.8145389792572
6897890,701.1270860459422
6898891,681.0704127484013
6899892,690.6934658597119
6900893,666.4618551573043
6901894,676.2570940807757
6902895,691.2301402968694
6903896,595.365175679729
6904897,685.862317727657
6905898,715.65748790867
6906899,669.8469697900236
6907900,666.3409631218137
6908901,644.448453323772
6909902,682.4905214120186
6910903,751.4686634036226
6911904,721.1291021765716
6912905,685.8985141264429
6913906,739.3163892462325
6914907,748.9514059130088
6915908,684.44754811004
6916909,601.7928379533859
6917910,681.5254359926923
6918911,670.5819013943881
6919912,706.7968655927175
6920913,698.369052232515
6921914,723.0674306586345
6922915,687.9962953144169
6923916,722.8706371045603
6924917,640.6322551054517
6925918,705.7150735673667
6926919,736.4251521777255
6927920,666.1501714571509
6928921,705.6266483710956
6929922,697.4705702833039
6930923,690.5106267799887
6931924,697.338007439046
6932925,681.9960560463246
6933926,636.0662640507541
6934927,702.1741211582355
6935928,627.5161666366733
6936929,645.8461686414223
6937930,657.6795981530154
6938931,700.9266898289635
6939932,679.1382154463294
6940933,668.4274018982125
6941934,683.8523086577512
6942935,699.993645147798
6943936,670.3824353629778
6944937,674.9202269307543
6945938,738.718376309769
6946939,731.5876822857772
6947940,678.7541378391783
6948941,695.7600967270238
6949942,710.3585694383604
6950943,623.4128593163912
6951944,683.3445947295091
6952945,681.6167741496682
6953946,673.5206641890384
6954947,666.8768209430655
6955948,697.1939438179212
6956949,649.4188420586014
6957950,701.8908781786974
6958951,680.7630851323771
6959952,704.6464615523446
6960953,654.6665027799419
6961954,641.2823843181579
6962955,668.4650594312362
6963956,650.1820545705071
6964957,495.9934296378923
6965958,684.5739457404934
6966959,646.408493920068
6967960,685.2327669839524
6968961,678.9173527007985
6969962,707.0026164525436
6970963,656.6720914895255
6971964,695.2733874630203
6972965,705.1317430654675
6973966,614.4473128054971
6974967,698.5797555757512
6975968,723.3692325842117
6976969,698.3647834835391
6977970,642.3339686978915
6978971,706.9417022697213
6979972,683.9845005643193
6980973,677.1196951460549
6981974,684.6155526432614
6982975,699.3052962652195
6983976,690.3527607583302
6984977,673.91058484759
6985978,692.689195113683
6986979,691.7129233807273
6987980,734.2108071324246
6988981,708.7543056741465
6989982,695.5484307354276
6990983,676.5363788587908
6991984,677.228568685616
6992985,645.1691824232654
6993986,684.2036892433565
6994987,679.1024175723666
6995988,647.8877449305854
6996989,692.6892137549502
6997990,594.8205123636395
6998991,704.1394496193739
6999992,675.9975460428842
7000993,693.5433150833774
7001994,656.7019848239966
7002995,644.3356221061048
7003996,698.7021885684111
7004997,684.996459816315
7005998,677.088383250997
7006999,708.4511761413878
7008000,690.4446678352488
7009001,524.7013478388232
7010002,588.70352098747
7011003,718.7231762749017
7012004,700.578599217271
7013005,703.5031329962105
7014006,632.6462183656992
7015007,711.8020175464211
7016008,716.5215593254184
7017009,692.9677303396899
7018010,713.1078196997297
7019011,661.9579325332787
7020012,711.858561131807
7021013,711.4359568253425
7022014,711.3473615163188
7023015,636.3150735039112
7024016,710.7851258941878
7025017,703.5030837505392
7026018,702.0629987006013
7027019,691.0340174041867
7028020,653.4865799211312
7029021,700.4824917471997
7030022,733.0546249142752
7031023,707.9631238692641
7032024,693.2994635131626
7033025,702.6262306335558
7034026,609.8668894581095
7035027,469.08660623594585
7036028,710.9998653600285
7037029,330.63380948025707
7038030,669.9808068118217
7039031,716.8923424382592
7040032,694.886137211947
7041033,677.5843020070365
7042034,719.8671016938459
7043035,704.2157462399897
7044036,641.9710915696087
7045037,650.7040142865052
7046038,706.7951910568082
7047039,450.89732081581064
7048040,707.612373338944
7049041,681.4801880016629
7050042,673.9287990963666
7051043,718.1002914289945
7052044,31.88974654950708
7053045,715.2543798110755
7054046,725.5119788343341
7055047,614.2133686470569
7056048,686.8144128891305
7057049,665.8146870655839
7058050,670.0663120787545
7059051,699.0756943434877
7060052,618.0180839158038
7061053,648.6524238488691
7062054,743.6285557610738
7063055,681.2273554670895
7064056,708.2143194000855
7065057,716.9839691388622
7066058,684.3217542676222
7067059,716.7372625361252
7068060,650.8968195891566
7069061,632.3198315362871
7070062,695.7760963819353
7071063,39.13715087069648
7072064,697.2052714319397
7073065,698.4972630578764
7074066,709.2342610178439
7075067,640.5954654696819
7076068,718.2935789596054
7077069,698.0642664368853
7078070,716.185253999431
7079071,309.414993831719
7080072,715.0826729415342
7081073,694.9637659146664
7082074,714.9049871432937
7083075,663.8716492324334
7084076,634.5914630643568
7085077,654.5615765851368
7086078,719.4166802703245
7087079,500.7796014771086
7088080,715.9854578815874
7089081,635.1136718054763
7090082,703.4240497919064
7091083,661.5488103888314
7092084,718.7349713597778
7093085,694.0912459185593
7094086,701.4279651403083
7095087,694.0283189101516
7096088,694.0457263902974
7097089,687.7872602719514
7098090,747.0988474001355
7099091,658.9931326607292
7100092,719.5264909614158
7101093,691.7083203554188
7102094,713.7011577564673
7103095,704.4252754602217
7104096,682.8975663979847
7105097,711.5648990304826
7106098,607.6302125727732
7107099,642.7531009219587
7108100,708.7774729492403
7109101,731.8463404520826
7110102,703.2144091281011
7111103,722.0412079878284
7112104,716.462813101892
7113105,688.9969403178883
7114106,666.1075096693722
7115107,710.3669440225874
7116108,710.488081912253
7117109,713.4031931144142
7118110,693.5467743712544
7119111,710.9134022399024
7120112,684.6844116956132
7121113,677.465873071108
7122114,602.4931718044476
7123115,729.7602208817243
7124116,697.9812531010286
7125117,716.9081428198416
7126118,660.2376905593713
7127119,732.1794016783649
7128120,710.2637286481287
7129121,592.7957971488885
7130122,729.8744532066183
7131123,657.3527733725421
7132124,699.699384218993
7133125,716.6287318116241
7134126,680.185144935757
7135127,655.8129962193074
7136128,164.18763704806645
7137129,626.6747025318002
7138130,707.1789216624734
7139131,693.2042986210798
7140132,693.0231298062173
7141133,706.4723609684552
7142134,640.8853750032091
7143135,651.7430538964137
7144136,696.9074214474401
7145137,563.157374250912
7146138,713.9551346188088
7147139,673.9047191906819
7148140,717.2264586168496
7149141,641.4648847328423
7150142,723.2721238926919
7151143,652.5268840179126
7152144,703.8397821692255
7153145,676.3319750404175
7154146,545.1299457408409
7155147,682.0488219341995
7156148,723.8427602218056
7157149,583.8106481152887
7158150,692.0587973793927
7159151,705.261500502342
7160152,688.4648065937688
7161153,695.6050664538342
7162154,100.0938692517393
7163155,681.6485736066793
7164156,600.2215777448574
7165157,653.009169730045
7166158,571.7805781302742
7167159,668.449476985851
7168160,720.7669577050923
7169161,716.8537972115403
7170162,667.7711762402405
7171163,638.5193978942336
7172164,681.6562150389162
7173165,709.5908339961746
7174166,686.6341186379254
7175167,689.4657408887881
7176168,648.5868258484529
7177169,686.6298147372772
7178170,695.42456221961
7179171,721.6262478329244
7180172,688.6262567713059
7181173,700.0477997629988
7182174,700.8587585432913
7183175,664.5597943911438
7184176,748.2251116488027
7185177,700.871230835294
7186178,689.6572707982505
7187179,680.1558922339871
7188180,716.1746660933671
7189181,688.5713978213628
7190182,662.7247348311869
7191183,693.4470979646295
7192184,710.7196570884006
7193185,580.3156728042327
7194186,703.2285179285874
7195187,597.1530288724432
7196188,614.7442906392215
7197189,317.86622215036016
7198190,676.3590884849924
7199191,694.1606211706647
7200192,717.8784720817207
7201193,701.8389695598912
7202194,724.0537645559746
7203195,636.495037502254
7204196,693.9704194965955
7205197,704.538926034969
7206198,715.0085153831844
7207199,671.1685890604753
7208200,637.8907102480291
7209201,694.0619684763362
7210202,708.7941465418654
7211203,563.0258231347467
7212204,726.8439751278772
7213205,680.4493484306889
7214206,712.2866710146446
7215207,719.7068104255122
7216208,676.426788473695
7217209,683.0396365658105
7218210,723.6587887514646
7219211,723.1312814999436
7220212,698.6389058847436
7221213,702.4565485006962
7222214,711.3881488987479
7223215,706.2579250856618
7224216,720.9814892965791
7225217,702.1106377701194
7226218,687.5899229620468
7227219,719.10515730425
7228220,684.0157732097254
7229221,691.0537221621746
7230222,680.6425854836023
7231223,736.8680573600429
7232224,631.002276862869
7233225,674.9327563053928
7234226,643.396650205242
7235227,706.007261765927
7236228,621.7738503685532
7237229,710.2907791459088
7238230,716.1506248928781
7239231,718.1414498232721
7240232,714.2071390220748
7241233,644.1474293938512
7242234,710.9146113731773
7243235,665.7328050181427
7244236,727.2703300993878
7245237,680.7884726430952
7246238,718.488383224096
7247239,711.136283500801
7248240,720.4300333727826
7249241,677.7239132866802
7250242,245.11690467465348
7251243,694.0081260905815
7252244,733.8044188945698
7253245,695.6506964153265
7254246,29.77327770397197
7255247,708.2171666178112
7256248,710.988037835463
7257249,714.2872869722532
7258250,713.1897549586785
7259251,707.8968189559898
7260252,700.7161912212847
7261253,731.5217830818889
7262254,456.3488745506804
7263255,634.006755218933
7264256,686.8596322596956
7265257,739.8043024249928
7266258,695.8755162079167
7267259,700.7032018670002
7268260,686.0347033817766
7269261,727.0263183636539
7270262,719.8195572880016
7271263,725.5829270435308
7272264,699.2061858176272
7273265,702.940911348799
7274266,690.4827192346349
7275267,622.1802191144725
7276268,710.2896068971492
7277269,597.4415004276611
7278270,711.8424982408841
7279271,715.6485925566482
7280272,668.2142240412672
7281273,694.9980130680776
7282274,747.6664519850403
7283275,321.43722751576666
7284276,29.53438235641913
7285277,717.105763389791
7286278,673.6949581652857
7287279,639.9271737610852
7288280,722.1396286818017
7289281,685.1938250966423
7290282,666.4339955292018
7291283,684.5473523346086
7292284,700.2934586423219
7293285,720.0171387490474
7294286,665.3746438827446
7295287,663.1545065912293
7296288,697.4356042997917
7297289,700.2314155389824
7298290,724.2557058997563
7299291,710.8304673054739
7300292,715.8296217658823
7301293,695.2564113258625
7302294,700.5969252491265
7303295,246.3250720262047
7304296,699.9809350438703
7305297,656.4406578699557
7306298,687.4668601098776
7307299,726.11813035919
7308300,718.8763659187659
7309301,698.3442770763936
7310302,666.2013628904601
7311303,680.2027429369919
7312304,668.7285516973644
7313305,678.2084512552611
7314306,675.3090969064775
7315307,663.271579549534
7316308,666.2177574044481
7317309,713.9694418211986
7318310,702.2373475191989
7319311,699.8543642360501
7320312,686.5064133611615
7321313,671.7812500915592
7322314,616.0893465202797
7323315,730.0334243987157
7324316,659.9200704654321
7325317,688.6635727876875
7326318,682.733533416847
7327319,726.6565746455448
7328320,742.2949021424477
7329321,721.3996320795834
7330322,714.846514356158
7331323,736.5402229863226
7332324,676.1072657788683
7333325,682.0219834659802
7334326,662.4158499745139
7335327,690.4171004721144
7336328,710.7314322380928
7337329,729.8462606704136
7338330,693.0872518383809
7339331,750.7403152477735
7340332,548.5928644650278
7341333,694.6906401896133
7342334,250.85896299865058
7343335,155.47278189541433
7344336,712.1149705159618
7345337,642.5498846510683
7346338,640.4333186552783
7347339,562.3859013276572
7348340,661.1291406051453
7349341,731.2448060410669
7350342,707.6247464448717
7351343,737.4824300724747
7352344,703.8578972333833
7353345,702.6260390152818
7354346,704.7939630123014
7355347,704.3411698169299
7356348,703.7773152112744
7357349,717.9950465354623
7358350,683.392786478143
7359351,710.6403216459069
7360352,714.2363781949388
7361353,655.1538512409984
7362354,711.2279798376004
7363355,727.8507855167801
7364356,673.1092336880876
7365357,727.0104580205824
7366358,737.8620181114389
7367359,689.2373073286101
7368360,698.0872914352971
7369361,678.467388035447
7370362,587.9120514356706
7371363,700.0102603207587
7372364,748.5256422926268
7373365,682.9870495011244
7374366,706.6596961193288
7375367,706.6677894964904
7376368,729.7817056616292
7377369,708.6694816382687
7378370,725.9234219824906
7379371,688.4411039116142
7380372,648.7822594111107
7381373,639.4693019289851
7382374,687.9936901730084
7383375,679.6574703695708
7384376,685.3713633902013
7385377,712.5090849302036
7386378,683.6338289775936
7387379,679.382706271912
7388380,696.7540213884979
7389381,707.3898527571871
7390382,43.348101725671505
7391383,683.2244712508533
7392384,702.0581636305799
7393385,736.5823571771253
7394386,668.697620000127
7395387,665.6674801867674
7396388,700.1709815764634
7397389,714.3209263022267
7398390,717.2964664701799
7399391,403.3786298772912
7400392,644.6780503894148
7401393,708.5219973747618
7402394,725.3164271312896
7403395,717.5287077495078
7404396,694.1854796217427
7405397,688.303858396973
7406398,659.5501801881954
7407399,743.479070713282
7408400,691.7951697699026
7409401,714.342705819632
7410402,698.592043594171
7411403,749.6030821910238
7412404,664.1449922892231
7413405,676.4118160531286
7414406,733.2841569134362
7415407,750.841699506668
7416408,696.3671683847267
7417409,726.4142910058434
7418410,694.3228517709233
7419411,652.3079528621178
7420412,672.2340218449064
7421413,727.3113628766695
7422414,697.7020773695831
7423415,288.4328287872197
7424416,695.7011460539967
7425417,15.939141963827165
7426418,694.8968829853499
7427419,609.6708051111757
7428420,547.2858531583234
7429421,722.7574926231003
7430422,648.4466821541102
7431423,654.1410931403401
7432424,702.9561330090434
7433425,388.7650280003944
7434426,740.6330809211236
7435427,521.0399752128611
7436428,681.3054550007901
7437429,683.8021267108957
7438430,728.1193018874989
7439431,717.710257666408
7440432,691.5068272037861
7441433,721.363468394566
7442434,732.4638513920397
7443435,697.710773096901
7444436,713.3799792031829
7445437,734.8227946397327
7446438,705.3970162584435
7447439,710.1254332578621
7448440,521.4325776887622
7449441,699.1384154994983
7450442,665.5404735333292
7451443,649.510937434388
7452444,723.3172441507762
7453445,386.87853797769816
7454446,718.4756002309438
7455447,718.3975954528314
7456448,686.5564490822755
7457449,682.1026357001358
7458450,721.5366654317347
7459451,674.850558523258
7460452,721.4423378477962
7461453,663.520290946173
7462454,541.801506384752
7463455,725.9554607354173
7464456,723.9609944380467
7465457,712.9283374068976
7466458,724.9523413437141
7467459,724.3564050640671
7468460,698.4334689714086
7469461,694.4100113923963
7470462,594.2339557014515
7471463,691.7949944947648
7472464,685.9647735802919
7473465,756.1612109398848
7474466,586.8746088879002
7475467,631.1978360481705
7476468,681.4555397742632
7477469,695.652207677008
7478470,725.353495958562
7479471,618.2137692619566
7480472,622.7273517533887
7481473,697.3055427404281
7482474,697.3034669029993
7483475,706.8226551729607
7484476,728.547902369323
7485477,718.0321018517049
7486478,685.5308306431102
7487479,719.9022150123131
7488480,716.5351365382153
7489481,714.8513706778245
7490482,697.987190431077
7491483,692.5686260580384
7492484,36.530998499389455
7493485,743.7736989833087
7494486,730.1742623181977
7495487,664.2647787580366
7496488,668.766864566557
7497489,712.4906942848063
7498490,706.100906510388
7499491,708.3011360071634
7500492,669.8301493177921
7501493,715.4801440789976
7502494,712.3451524546068
7503495,737.845890620232
7504496,687.7599442587674
7505497,714.9167946064517
7506498,744.6054876855821
7507499,680.3510823923415
7508500,611.3020046162084
7509501,704.5271958764941
7510502,694.1219052280647
7511503,683.8326802764414
7512504,691.0696660894262
7513505,762.0481733962536
7514506,714.3489679652882
7515507,719.3548884693171
7516508,712.0545877609406
7517509,654.8481024488627
7518510,724.9984202507779
7519511,702.6990981417493
7520512,685.5359890817219
7521513,720.974063943168
7522514,683.2317197478682
7523515,724.0858701073352
7524516,704.745753954454
7525517,756.1796665542306
7526518,710.0285400246851
7527519,718.826472407235
7528520,752.3370743987555
7529521,696.4855420925793
7530522,696.3818034333628
7531523,724.9466034169563
7532524,638.1314557809137
7533525,717.2637998129316
7534526,703.0728795300489
7535527,452.7231256635223
7536528,691.4689620328236
7537529,703.9369311187443
7538530,607.8820784251585
7539531,677.8537783262822
7540532,726.7052660167868
7541533,698.8508734099225
7542534,707.7894706450438
7543535,724.5615634966142
7544536,686.2789249188924
7545537,590.056135957799
7546538,687.0258790360539
7547539,733.0515470970229
7548540,734.3201004784007
7549541,732.5110660067802
7550542,694.2865390782359
7551543,716.0744047338982
7552544,689.8037509009627
7553545,668.6371426962855
7554546,724.611984516536
7555547,697.4960619682803
7556548,713.8825450408431
7557549,560.0175088733782
7558550,723.6190438800406
7559551,732.821296226749
7560552,686.4763749462074
7561553,720.3446822091009
7562554,659.2029009809056
7563555,698.7531129110945
7564556,725.2460698885311
7565557,690.3825269753554
7566558,710.1463229034807
7567559,754.1201131871223
7568560,656.5886994852397
7569561,716.0193743336441
7570562,733.750904069138
7571563,684.0993159115549
7572564,725.8823271210881
7573565,723.4521999309848
7574566,605.9540121951483
7575567,662.8580001810375
7576568,685.1025463502057
7577569,674.0198878392677
7578570,704.9720593948737
7579571,725.5319299536999
7580572,728.7496556704757
7581573,517.2500811497632
7582574,712.3619552883437
7583575,707.2545629963477
7584576,718.638952819635
7585577,670.8895173552922
7586578,693.7131624624567
7587579,702.0635845933335
7588580,680.3080212095604
7589581,622.1180360017073
7590582,734.3081272961497
7591583,725.2558567128654
7592584,699.4160976969675
7593585,749.1882323921711
7594586,692.7400060690892
7595587,722.2214396476182
7596588,721.7689023805689
7597589,714.4277708001235
7598590,717.6254926225897
7599591,725.1166796447102
7600592,716.4175954512373
7601593,673.5034893860272
7602594,667.6354318581058
7603595,728.9000670523482
7604596,722.5640606310185
7605597,684.4483098891659
7606598,639.3198611084698
7607599,551.1769535093653
7608600,705.400547709337
7609601,715.8975587056669
7610602,748.7031565998046
7611603,704.0112279578977
7612604,722.6520339867483
7613605,765.5493150556849
7614606,723.8507191370363
7615607,686.7468734320731
7616608,76.85605452250324
7617609,731.1197015272284
7618610,705.4060336796124
7619611,762.7072646386866
7620612,730.1726548582632
7621613,719.6018813586469
7622614,734.069854307581
7623615,644.0103800333474
7624616,691.973776627975
7625617,675.9440056645278
7626618,697.5771271428168
7627619,735.9435578722705
7628620,692.4152655462207
7629621,735.3317264845576
7630622,648.547398615479
7631623,742.4549798594214
7632624,708.4999960219383
7633625,726.3936843045035
7634626,721.282346996782
7635627,652.3835633835122
7636628,665.035286352901
7637629,718.3515022348165
7638630,717.4164592028183
7639631,723.178140553029
7640632,744.2849107124866
7641633,736.8499163836613
7642634,651.5231692467497
7643635,689.8339713673523
7644636,708.351583469643
7645637,714.7790417148946
7646638,725.2881947848811
7647639,705.1361754935753
7648640,629.9207804014584
7649641,30.64189578808315
7650642,723.8752001496896
7651643,702.105067551126
7652644,717.3101184592545
7653645,695.8929625410306
7654646,515.4434129930754
7655647,714.3327890458794
7656648,709.9044468451265
7657649,687.4166459345201
7658650,716.8668158282886
7659651,38.67540331827136
7660652,706.5320811023286
7661653,737.4944844898055
7662654,741.6032091561281
7663655,721.5732145190403
7664656,706.405846614619
7665657,731.6799198427707
7666658,715.2379665288926
7667659,726.3610219280702
7668660,687.5986616491242
7669661,682.132432564526
7670662,682.4078042976073
7671663,724.1254466748396
7672664,707.948224237836
7673665,715.6152328786854
7674666,709.5526280542812
7675667,657.84672320395
7676668,694.0141323942289
7677669,714.8522756909588
7678670,736.6690234916289
7679671,710.2954960005516
7680672,725.4700424139066
7681673,707.494260241524
7682674,677.2993286549944
7683675,729.0609921237756
7684676,704.0662566329459
7685677,188.13842901748475
7686678,714.1656786052216
7687679,719.4150982607747
7688680,718.6736453066834
7689681,674.7283587347472
7690682,742.8059648235167
7691683,715.8509179720137
7692684,639.5105687221043
7693685,723.34880307544
7694686,747.093285326142
7695687,700.3990487191198
7696688,724.3335483143505
7697689,698.9667058589812
7698690,707.184608842347
7699691,722.8076359161793
7700692,742.4539884350621
7701693,653.5965445905099
7702694,705.6246650676435
7703695,706.3737800025667
7704696,740.8641603728712
7705697,473.0793401936222
7706698,711.3590863835142
7707699,668.1264445949631
7708700,712.9008899539178
7709701,702.6585375264169
7710702,719.622158457882
7711703,761.8727390410565
7712704,715.8277466405257
7713705,665.8719363651227
7714706,690.6637776315329
7715707,724.2123444509847
7716708,671.1642775122413
7717709,733.0633901155697
7718710,730.9556590157224
7719711,652.4739751366304
7720712,702.6444500935287
7721713,708.3332706834211
7722714,745.028252519066
7723715,716.1842764940842
7724716,746.3819359931509
7725717,720.9910890329207
7726718,740.1593646565372
7727719,731.1054927031943
7728720,731.9850462181091
7729721,718.8418162694069
7730722,704.9373663246845
7731723,700.9213994867652
7732724,712.1178863891905
7733725,701.7296877541875
7734726,694.5629820194695
7735727,717.5980519077497
7736728,743.9918873688567
7737729,756.5873356035025
7738730,709.5894726446339
7739731,724.8590901231903
7740732,735.0701116836514
7741733,721.7367994416093
7742734,694.8922011137417
7743735,712.0857002061692
7744736,709.4797802423263
7745737,710.6194955330526
7746738,721.8731349677846
7747739,724.078889672865
7748740,722.0077255541826
7749741,729.8272474116017
7750742,738.0366537412392
7751743,709.6427721155397
7752744,744.3517294535259
7753745,732.2569146016311
7754746,701.4024393004264
7755747,735.76737552107
7756748,646.375965930932
7757749,708.7208914668312
7758750,723.2182914133012
7759751,710.9652215185442
7760752,689.1191452375377
7761753,724.5631308772481
7762754,734.4501990642001
7763755,682.5794754039039
7764756,722.903108068231
7765757,718.0345803631344
7766758,729.4700172499362
7767759,687.7938812989191
7768760,750.5351544016265
7769761,715.2630134675368
7770762,717.8817588107089
7771763,698.0861136441473
7772764,657.427524878624
7773765,723.0922772907167
7774766,655.104459107624
7775767,643.3309486567146
7776768,633.6254530349992
7777769,741.3209877452163
7778770,708.7381275781912
7779771,706.4970470161295
7780772,749.948798849815
7781773,729.9044187211811
7782774,706.6124638763381
7783775,723.7828151527086
7784776,738.0382559904976
7785777,722.1916880528821
7786778,715.7493933104781
7787779,714.1377324788017
7788780,737.9482205063947
7789781,636.3771002593335
7790782,729.2260616773633
7791783,685.281365667239
7792784,705.6126005357655
7793785,744.2803933658648
7794786,739.9635333416436
7795787,736.6361146395636
7796788,716.2729440635451
7797789,706.2481779859486
7798790,65.17054349936315
7799791,688.8674886595934
7800792,706.0265591577388
7801793,713.5704112779634
7802794,713.544231406908
7803795,730.3378169111752
7804796,736.3196857432129
7805797,682.2158157307111
7806798,707.9876515522926
7807799,720.6806975636742
7808800,80.68994443281257
7809801,724.0573362151265
7810802,698.8661174886179
7811803,736.3581829012545
7812804,736.0346621384517
7813805,749.8116498889599
7814806,742.4807408645869
7815807,705.7032036148998
7816808,669.9637921635612
7817809,731.1331559942269
7818810,721.8668472407596
7819811,717.4282910823958
7820812,736.7095350637576
7821813,707.4767399686202
7822814,701.9452840349686
7823815,719.0998259272178
7824816,694.3355829258297
7825817,715.6431229455362
7826818,652.9933920584463
7827819,706.0899881963207
7828820,717.799277351784
7829821,684.4144363949529
7830822,728.4914027230125
7831823,715.9334874445772
7832824,686.1628393828727
7833825,530.3983558679379
7834826,729.5776254936549
7835827,741.2015139167335
7836828,743.712650938673
7837829,701.2253749533934
7838830,737.1130498835645
7839831,699.1939729316364
7840832,730.293523610627
7841833,712.0469411391383
7842834,705.7735239632535
7843835,660.8067664136034
7844836,663.1460694022451
7845837,704.666532431729
7846838,642.8885284179999
7847839,709.58186949307
7848840,725.3737304160225
7849841,706.5590352717721
7850842,709.055462034368
7851843,724.3651165627948
7852844,435.773876979673
7853845,732.1288657193313
7854846,380.68002612603556
7855847,647.4096837140547
7856848,748.4074608260275
7857849,450.3125433060028
7858850,728.3491972244368
7859851,614.4884191260726
7860852,685.2132900104062
7861853,726.2504966431485
7862854,713.1036483369373
7863855,713.3961769786299
7864856,708.0668623939506
7865857,704.3235825686874
7866858,722.4826628493779
7867859,731.2759838617783
7868860,740.270511594226
7869861,720.3111157483085
7870862,754.6647177494572
7871863,716.4723821375943
7872864,634.7385727462786
7873865,706.4964822259509
7874866,724.2777299646347
7875867,690.093296802197
7876868,706.6039099094254
7877869,744.3986999640996
7878870,709.3399047461501
7879871,731.0396784169452
7880872,723.761319460981
7881873,679.0636648685306
7882874,724.4119555855141
7883875,725.9096005150083
7884876,744.6261110155019
7885877,739.0567967325677
7886878,710.1299514426526
7887879,702.2904190771277
7888880,722.7814384796072
7889881,739.7357995565761
7890882,742.3255019894548
7891883,733.0523009373101
7892884,755.9732875111274
7893885,737.4539326460186
7894886,688.2226792969561
7895887,712.4946247701756
7896888,701.7174834816923
7897889,729.5908848048816
7898890,718.7316027488253
7899891,750.718063624353
7900892,714.6049047205343
7901893,715.0259785501163
7902894,697.7499628961758
7903895,736.2602984628982
7904896,695.9540397712396
7905897,701.9035432800683
7906898,701.4623013166708
7907899,729.7968366103427
7908900,610.0420969869925
7909901,692.6890299993441
7910902,716.2183345424652
7911903,656.0209917824974
7912904,737.2062244442731
7913905,731.3163746458886
7914906,736.6732162494335
7915907,725.7697035205118
7916908,708.6625160677035
7917909,743.2662259307034
7918910,682.1486183708056
7919911,670.556172415183
7920912,736.7552388585356
7921913,740.8725457163692
7922914,706.3757708003726
7923915,717.937993287433
7924916,752.0789885645578
7925917,717.436786415943
7926918,724.5816527323757
7927919,678.9789682553424
7928920,697.7924032995744
7929921,717.8654444310404
7930922,700.7438261312325
7931923,709.9003535356483
7932924,716.4316972340649
7933925,720.5493201772964
7934926,734.8965662900106
7935927,598.1928969701282
7936928,675.0546716153492
7937929,678.699618335653
7938930,703.7466720281085
7939931,715.4323630936926
7940932,716.6195460884887
7941933,708.8134181841884
7942934,727.6183635245135
7943935,732.5679225599713
7944936,702.1880920656224
7945937,691.9979362574562
7946938,709.4282876607544
7947939,697.6325492003474
7948940,746.4149672061209
7949941,722.0944242406904
7950942,711.1127671680679
7951943,694.9183561616492
7952944,726.6698310790592
7953945,698.7482769123354
7954946,650.6455938569584
7955947,735.4531560706306
7956948,727.2240635976914
7957949,714.2347795036935
7958950,713.1804573527473
7959951,663.8759920322609
7960952,736.4968014418765
7961953,741.358944552765
7962954,722.2968705138819
7963955,732.8253303707277
7964956,727.1779841725775
7965957,734.2101364665872
7966958,707.4379164766119
7967959,747.9408331687448
7968960,710.8836392471533
7969961,721.4849906778435
7970962,688.7901029618326
7971963,723.9782986322317
7972964,19.296352694767165
7973965,726.4567546649546
7974966,637.4741493009842
7975967,728.8599583961543
7976968,720.8158676313797
7977969,736.8386796754601
7978970,714.4991802875176
7979971,441.8439632843521
7980972,700.9110356771489
7981973,698.6495455160751
7982974,701.0670783995838
7983975,693.2864180039586
7984976,711.772836474115
7985977,702.4376203777688
7986978,745.4891699630864
7987979,676.8766279473626
7988980,715.0809406794978
7989981,712.1635451663951
7990982,720.4056361703779
7991983,707.6245241638328
7992984,740.1711820657214
7993985,324.32704142065626
7994986,728.9533896211694
7995987,651.5562888851628
7996988,684.689736218428
7997989,729.2796047385087
7998990,678.0600410218963
7999991,714.1856167823858
8000992,684.0361418144182
8001993,704.6319953505234
8002994,709.0365872306627
8003995,721.6866077128363
8004996,657.0727668951484
8005997,713.4266047619302
8006998,723.218397429407
8007999,726.2641241426484
8009000,734.7220937209152
8010001,704.3529885050972
8011002,720.9362778736927
8012003,685.9605382537911
8013004,686.030408522263
8014005,719.8037760805202
8015006,726.0342439884845
8016007,714.736682148847
8017008,619.3490926294045
8018009,737.6627813266277
8019010,727.4091912339461
8020011,666.5445857255115
8021012,712.7718296656589
8022013,685.0792921159675
8023014,729.0140603952101
8024015,49.834815231442384
8025016,718.2789241667803
8026017,715.3942668410828
8027018,732.8928983161595
8028019,717.0792792596691
8029020,736.2937128169707
8030021,327.5076096986544
8031022,735.4234973706609
8032023,721.033179275077
8033024,754.4491231404086
8034025,686.344713816965
8035026,713.5664947546586
8036027,713.2558363422012
8037028,713.1228979697916
8038029,739.5794628864396
8039030,723.5569310941465
8040031,728.3482449421645
8041032,531.216871854548
8042033,721.3906966579341
8043034,714.1449965933475
8044035,699.588302092771
8045036,678.8252355971168
8046037,737.6503247164421
8047038,710.9178266018596
8048039,736.1548446867597
8049040,735.246552031255
8050041,677.907517879282
8051042,743.0941791348451
8052043,710.5575317268489
8053044,741.1334815301175
8054045,696.9950367157597
8055046,697.1921638790211
8056047,740.2274433610505
8057048,628.1685292291172
8058049,696.9480494679158
8059050,724.4188667793738
8060051,733.3675548613472
8061052,711.3001718675177
8062053,708.5150645750115
8063054,682.2950706404764
8064055,691.200867175027
8065056,717.2254820223939
8066057,653.3103174184722
8067058,726.262217873617
8068059,693.2072608614335
8069060,735.762467066368
8070061,688.7260861703854
8071062,726.9462926987213
8072063,728.7503306812021
8073064,715.7950627002165
8074065,729.2426509337234
8075066,727.263419176619
8076067,228.24957978849974
8077068,628.8050723303628
8078069,721.8425051717203
8079070,724.0961192501089
8080071,716.2140463628077
8081072,744.3323152147642
8082073,696.276233532176
8083074,704.3883995864354
8084075,734.5656912423989
8085076,715.8985472300859
8086077,702.080775105024
8087078,715.8540237850355
8088079,714.5740094545262
8089080,733.49459760727
8090081,387.07684792305565
8091082,651.6450366460728
8092083,736.0681570813
8093084,718.4333188180153
8094085,719.9210014310665
8095086,713.4519251474809
8096087,695.4859210422416
8097088,714.7637381730916
8098089,655.7707911344494
8099090,688.4621378708616
8100091,726.580242804622
8101092,739.0344931020593
8102093,721.9401949203382
8103094,709.1012436290719
8104095,701.2861626445409
8105096,725.3272650694888
8106097,677.6712759355155
8107098,598.4098789267606
8108099,653.5987367730569
8109100,720.0721862998738
8110101,701.9502265349731
8111102,700.7840116901733
8112103,708.8379646653597
8113104,649.9502049465718
8114105,700.8603529253404
8115106,730.4518459134697
8116107,700.8522934354977
8117108,729.7158170177487
8118109,710.5263310206086
8119110,653.4494168498827
8120111,637.13242521694
8121112,688.8097757125431
8122113,684.5151292825611
8123114,545.8747586991981
8124115,701.2960332119446
8125116,617.8081128286196
8126117,727.7334165091568
8127118,743.6392203208313
8128119,707.5882009299839
8129120,709.7920933665273
8130121,725.667658168282
8131122,700.1352964052561
8132123,726.3347972063974
8133124,705.7811991808327
8134125,712.0809138722252
8135126,26.36391024133036
8136127,730.3578457608339
8137128,613.0840904123572
8138129,719.9004924198919
8139130,719.2376055030248
8140131,721.478896581888
8141132,674.5158701391637
8142133,726.873281466128
8143134,641.9587755464105
8144135,725.4641301749527
8145136,708.7278921763838
8146137,707.1800247566193
8147138,669.5275456904653
8148139,718.8771415323446
8149140,740.125080149194
8150141,710.0598575140511
8151142,676.1533900687915
8152143,731.6531208693406
8153144,698.4576857486657
8154145,716.2517888061925
8155146,727.9846916495077
8156147,708.508617094375
8157148,707.6882562048719
8158149,725.7662370196396
8159150,620.0049053028602
8160151,700.9492499393187
8161152,716.2676982165241
8162153,680.8123969457755
8163154,740.2197623921847
8164155,620.4009229372675
8165156,695.8602759577745
8166157,738.2502534175928
8167158,656.2427807906403
8168159,710.7246054933111
8169160,728.9106266581474
8170161,736.6446163026953
8171162,725.8399621025587
8172163,730.1268551915621
8173164,728.5528995500872
8174165,696.8301728549953
8175166,715.0431299089148
8176167,694.8961844821707
8177168,725.8909958307734
8178169,720.9044912361734
8179170,667.9856731436383
8180171,719.6836061807423
8181172,727.9565614570507
8182173,745.6632729748948
8183174,719.593083027345
8184175,664.7101429128531
8185176,647.9072719851441
8186177,727.1871028889385
8187178,685.1083642796274
8188179,712.5843301263336
8189180,658.6311758686894
8190181,733.3855450758763
8191182,729.4521385256787
8192183,275.411401939039
8193184,655.001705439526
8194185,627.181731842771
8195186,717.0839184736279
8196187,738.5925255807043
8197188,732.2673953227124
8198189,719.9488752945915
8199190,576.9961389580333
8200191,715.8486666100066
8201192,666.1796717130119
8202193,710.6744041424931
8203194,599.0265563534683
8204195,738.286610521163
8205196,690.0023364651026
8206197,713.3120976320664
8207198,665.01607868794
8208199,364.9103271529876
8209200,731.0413613771793
8210201,722.1403573916687
8211202,717.7040250330198
8212203,738.726310429248
8213204,732.6681377561799
8214205,721.4581838807362
8215206,683.1361608307598
8216207,703.8483258016058
8217208,731.2548275631935
8218209,598.1528752624924
8219210,720.3620744594657
8220211,692.7510319925058
8221212,742.8346932764649
8222213,698.3177196660756
8223214,706.7418926039328
8224215,722.6129012754523
8225216,712.1322002677783
8226217,733.3461637645472
8227218,733.6214678854453
8228219,660.3640394500965
8229220,719.5329604082467
8230221,734.3657279458288
8231222,719.0213511886718
8232223,678.1046058045397
8233224,735.1008182611668
8234225,722.9008655837121
8235226,722.9288967352353
8236227,710.1998920309939
8237228,701.0255413598505
8238229,690.3773196885633
8239230,695.5988918179265
8240231,717.9408624101264
8241232,730.9357589620902
8242233,665.7386442712252
8243234,711.6582988387312
8244235,697.664101419436
8245236,750.0772385138905
8246237,640.6486870465744
8247238,706.60552688237
8248239,342.7520587673383
8249240,645.040530164398
8250241,679.7218373254738
8251242,634.0687140472918
8252243,717.9482911630658
8253244,701.1262577517052
8254245,682.3276135061772
8255246,689.3230295819427
8256247,730.2333533920644
8257248,721.8728714403459
8258249,718.7058742039522
8259250,727.0586898811597
8260251,715.984962610872
8261252,462.41950242464844
8262253,722.5826350015319
8263254,726.7991015485587
8264255,642.7270700995956
8265256,712.7892647333123
8266257,702.354158142291
8267258,682.0169582051142
8268259,730.3363574113156
8269260,661.5933003330526
8270261,720.4770842047466
8271262,714.4788355499957
8272263,719.4372520960967
8273264,676.9438714594838
8274265,731.8907757098295
8275266,715.4970599495613
8276267,650.0841246321879
8277268,660.5358809106986
8278269,726.5064357879312
8279270,676.3202234437257
8280271,714.2993884791791
8281272,681.1063397726573
8282273,672.403631949979
8283274,723.1941950454038
8284275,687.0547210357772
8285276,658.6682421231018
8286277,686.8327688087262
8287278,577.8239418593325
8288279,631.4512926941098
8289280,679.7129154400067
8290281,656.8273709051253
8291282,715.471373832848
8292283,668.9736993880088
8293284,709.114655290909
8294285,726.8381387077008
8295286,692.7236721546457
8296287,713.0208553225914
8297288,733.9388203271285
8298289,620.8334472342402
8299290,724.8073995346025
8300291,695.3589943215541
8301292,687.8983975948287
8302293,677.7104141075193
8303294,613.233522807012
8304295,716.216902748075
8305296,680.4162609125302
8306297,717.9944390434856
8307298,684.6129434461346
8308299,717.511582662222
8309300,707.6010663680798
8310301,726.8924173205495
8311302,715.4291519997885
8312303,714.560164956723
8313304,733.5622398835434
8314305,729.6827645470751
8315306,639.356447775053
8316307,713.1378973148957
8317308,712.2858381152472
8318309,653.5140715348136
8319310,725.0896474278727
8320311,652.5201016167329
8321312,715.8470630937153
8322313,716.5200801999838
8323314,713.020356903199
8324315,696.5292836050966
8325316,698.7129060293385
8326317,700.6735289520907
8327318,723.6122676563399
8328319,707.3465733252943
8329320,701.8237818403069
8330321,678.1836600110157
8331322,705.74344616951
8332323,726.5130081440915
8333324,705.0021561904723
8334325,708.1325267227576
8335326,706.4650287406013
8336327,734.5672810173695
8337328,737.0693871517666
8338329,723.0761032288173
8339330,685.2611572615721
8340331,616.0849189725914
8341332,738.0245747534542
8342333,710.3947265283209
8343334,652.0083845917101
8344335,683.9621300157404
8345336,736.6532937010863
8346337,751.2003722563181
8347338,721.364027464993
8348339,715.4964030462892
8349340,704.5691562776834
8350341,718.3898386528497
8351342,711.0731324862394
8352343,714.7568835306206
8353344,724.7921354291035
8354345,664.5800551422219
8355346,727.0260916052738
8356347,732.8424587933447
8357348,723.9043860513931
8358349,732.7378772011159
8359350,716.0417714298322
8360351,687.8542373321565
8361352,727.4627743608822
8362353,706.7900512103887
8363354,733.6086798171419
8364355,723.3090577734099
8365356,670.4103762540542
8366357,714.915664483148
8367358,708.7684630561557
8368359,702.05749676502
8369360,693.7363328626417
8370361,693.8464603446768
8371362,728.2630208160052
8372363,655.1857781918595
8373364,677.9004744846728
8374365,690.278001702357
8375366,707.2676087688815
8376367,722.4221504702439
8377368,752.4753157855314
8378369,730.3898161352146
8379370,696.6892639822424
8380371,611.9735441174407
8381372,702.674708740721
8382373,720.5133148724046
8383374,722.3684651593526
8384375,724.0749199936383
8385376,716.1895021185649
8386377,696.1673653994646
8387378,723.9990269933593
8388379,703.259305295047
8389380,720.7942636947377
8390381,704.9845581178215
8391382,720.6336377416023
8392383,720.9315575591676
8393384,712.1386189340869
8394385,723.3357316673703
8395386,704.4946649236427
8396387,701.494777137249
8397388,698.4251891312039
8398389,731.6792408292742
8399390,669.6309945462513
8400391,724.9764686539756
8401392,739.8801292369861
8402393,710.5622469216501
8403394,635.1219006174302
8404395,644.0086404824948
8405396,726.5044114845748
8406397,729.5636748317722
8407398,743.832091435285
8408399,702.9705904003005
8409400,728.596043471024
8410401,407.5894446600002
8411402,713.9489564560909
8412403,745.7855102831435
8413404,715.5847026047775
8414405,705.6739147959216
8415406,743.8187489788003
8416407,726.2740727347111
8417408,742.1360983789862
8418409,696.0719430841864
8419410,722.8190397867929
8420411,717.2264467322698
8421412,741.9994700186488
8422413,710.1666541642916
8423414,726.4054529852637
8424415,723.4316259574882
8425416,724.1150699881123
8426417,604.4981773139169
8427418,631.444596355326
8428419,728.3122113475076
8429420,701.0170103406654
8430421,731.1995550281953
8431422,723.5991574595612
8432423,735.7109310515777
8433424,725.5965084705937
8434425,639.6013291249159
8435426,720.1693188556477
8436427,717.4492374195034
8437428,694.4625313558604
8438429,717.2183246738334
8439430,731.6812865845139
8440431,737.2750230722419
8441432,725.8616430142548
8442433,725.2084110993034
8443434,652.1619421750166
8444435,721.5667094161432
8445436,728.3090380948328
8446437,718.7382214140504
8447438,690.3632869541951
8448439,733.5456465704923
8449440,723.692334943379
8450441,733.9362257698654
8451442,665.0283039053899
8452443,696.1880062662501
8453444,740.5409984301856
8454445,635.1974256677239
8455446,698.098992452062
8456447,582.891999151785
8457448,188.5877303305039
8458449,701.7669803765106
8459450,697.7581334995568
8460451,692.3670650943458
8461452,708.4876966484431
8462453,725.2214215580294
8463454,162.12108875464372
8464455,722.9904022505642
8465456,716.1153015753513
8466457,669.5433311734325
8467458,709.4471165857135
8468459,718.015264340223
8469460,661.4230207039625
8470461,675.3034923701154
8471462,716.1682109804931
8472463,673.439055485547
8473464,699.6073221719042
8474465,707.8822121792788
8475466,33.35556941995266
8476467,677.6085218056365
8477468,732.5473100918766
8478469,744.60952175912
8479470,715.742944315533
8480471,692.4706091206782
8481472,741.6290381397087
8482473,722.5837975985278
8483474,163.71168428572926
8484475,702.5044225318011
8485476,731.679217928297
8486477,713.2452861101507
8487478,734.5791831541809
8488479,727.3153449561372
8489480,705.3600852315211
8490481,704.796141576869
8491482,708.5884058791266
8492483,748.6451053316981
8493484,732.7097674264306
8494485,706.1337336650787
8495486,729.2729536509996
8496487,724.0528601180625
8497488,708.0427997515247
8498489,575.6727364880727
8499490,717.4773118905156
8500491,762.4584678830092
8501492,697.1556104838993
8502493,713.5371385996643
8503494,731.055738023934
8504495,715.3098328877562
8505496,687.3910210899263
8506497,720.5305482286592
8507498,714.7514714722681
8508499,690.3298356746601
8509500,733.2491139067047
8510501,715.5467635632333
8511502,728.3376855123747
8512503,667.5424089892733
8513504,715.3106904801126
8514505,703.2704557857012
8515506,505.75682517670265
8516507,701.5304207303968
8517508,731.4319394977505
8518509,457.18528946520667
8519510,711.766330789391
8520511,616.239351158819
8521512,525.8418483286457
8522513,727.0557145164676
8523514,672.687831881909
8524515,723.5351775471124
8525516,682.0197080357599
8526517,660.1427345146604
8527518,717.8272622259876
8528519,688.3411910847822
8529520,740.5671630372312
8530521,689.39934885895
8531522,741.489740305205
8532523,722.2592817561791
8533524,689.6037272282435
8534525,741.7164732851116
8535526,728.3940654686382
8536527,18.401800105698292
8537528,726.3459314480427
8538529,434.0109316229675
8539530,725.8657435927524
8540531,702.1420614934066
8541532,710.4888505014521
8542533,725.1077692915793
8543534,725.0155502659715
8544535,304.6627725403972
8545536,715.5483749427065
8546537,713.2436190173893
8547538,713.1169056287353
8548539,748.1540386820508
8549540,738.2760957098282
8550541,723.9548483803449
8551542,734.3167191206846
8552543,650.4553745895894
8553544,682.1202868035705
8554545,725.061973827412
8555546,696.2724057496272
8556547,731.0243184698302
8557548,658.9944349626534
8558549,719.7763786013702
8559550,620.500399043765
8560551,723.4443198190799
8561552,703.4902598305631
8562553,742.0607029885816
8563554,721.0350377075855
8564555,700.6247495828976
8565556,676.9932799796629
8566557,708.8496354153818
8567558,696.9894547067661
8568559,691.0927853180391
8569560,720.8407626850352
8570561,716.2656378619151
8571562,601.1100139367014
8572563,623.9626731107045
8573564,708.9822283337144
8574565,711.6973457025199
8575566,688.4566406423237
8576567,617.4985649799943
8577568,702.8908682843679
8578569,626.3937251242563
8579570,699.3048847027748
8580571,15.353922995456452
8581572,696.841132261835
8582573,735.9603938984608
8583574,707.4230784088903
8584575,718.1026061378178
8585576,732.0860905533928
8586577,711.7017919425735
8587578,753.0945073480751
8588579,56.09538595244606
8589580,686.2162725670153
8590581,687.9140799647869
8591582,699.688597582309
8592583,698.5208025358918
8593584,704.8432581317319
8594585,685.3951702194906
8595586,679.541404156289
8596587,733.9726081162462
8597588,720.9706502095971
8598589,20.829770275078733
8599590,653.1516579635743
8600591,672.7615748118209
8601592,719.2890947845809
8602593,713.5939856795402
8603594,715.5983498313408
8604595,703.8117317507352
8605596,700.9641737424632
8606597,736.996500099551
8607598,694.8441364951776
8608599,721.8309370908371
8609600,724.5977825977197
8610601,679.9622654233387
8611602,691.2532623977733
8612603,558.5458105032906
8613604,633.8432229294514
8614605,687.741097377535
8615606,717.436105071093
8616607,688.5521067802005
8617608,712.3133739321793
8618609,744.7556078566303
8619610,703.6423525020967
8620611,710.4395279479353
8621612,646.3820159317353
8622613,648.484632550707
8623614,730.241022097715
8624615,613.0126400975176
8625616,706.0896447620978
8626617,680.5378074485122
8627618,627.85013626265
8628619,721.6623552653504
8629620,724.1697684785665
8630621,744.102895079947
8631622,630.4024421940776
8632623,472.58322348693446
8633624,685.4750975661092
8634625,641.703480992965
8635626,661.6085257703319
8636627,700.1697576935933
8637628,692.7069705852185
8638629,711.7065338897996
8639630,695.6978082634196
8640631,743.3249200400138
8641632,704.775916280275
8642633,714.3133930789126
8643634,714.4188942392472
8644635,740.5207201219498
8645636,706.2852809232517
8646637,648.4010584143458
8647638,689.1767024402199
8648639,683.7452099507186
8649640,615.1174715373443
8650641,718.2462756778789
8651642,696.0932587291821
8652643,739.4686653542284
8653644,627.5145838505506
8654645,723.5037960536673
8655646,707.5494329150596
8656647,15.765751149506675
8657648,656.2368646466196
8658649,698.2698799499269
8659650,699.269853007358
8660651,704.2352402559598
8661652,704.758068403149
8662653,704.8603638803245
8663654,655.949924480446
8664655,648.2784580036181
8665656,671.5793612320917
8666657,740.4450668840244
8667658,726.7315296911423
8668659,732.3870641375001
8669660,675.3808807963862
8670661,730.0682730398479
8671662,685.696237479631
8672663,708.7054172891883
8673664,674.415806591984
8674665,682.8551212062922
8675666,725.2886688203564
8676667,693.2414055529174
8677668,658.7801464934548
8678669,698.002031302875
8679670,26.79458580411492
8680671,739.3677676526478
8681672,697.7826504982928
8682673,724.8350146171111
8683674,701.0112463887532
8684675,725.7992293413954
8685676,729.1066040348321
8686677,718.1130824242982
8687678,715.0976237079078
8688679,672.6690734504064
8689680,723.3289551437113
8690681,733.0515541572935
8691682,717.408934970025
8692683,717.4283266323005
8693684,656.3584672257725
8694685,709.9100058231007
8695686,710.537452142042
8696687,714.689311423986
8697688,10.807256615027772
8698689,721.6422357303605
8699690,709.8829235516521
8700691,721.0888609999873
8701692,697.1654520741085
8702693,737.2890024164918
8703694,709.4109129842125
8704695,713.0101780619142
8705696,703.7047850203295
8706697,734.2096000606663
8707698,730.114687608082
8708699,690.7262250140732
8709700,615.1039943348522
8710701,716.5309515540267
8711702,732.4746261513999
8712703,704.2314664385748
8713704,709.8478263200609
8714705,745.0339890190456
8715706,608.7276688238112
8716707,657.9917958309934
8717708,656.7169177402217
8718709,718.5765713150457
8719710,689.56117761098
8720711,734.2208282147453
8721712,739.6213030824742
8722713,678.9682286941401
8723714,702.5425409431639
8724715,606.678123248662
8725716,703.0465992400344
8726717,697.8589787890646
8727718,718.81724515654
8728719,698.3956866497549
8729720,739.5570359384056
8730721,721.2276617594356
8731722,722.397808679639
8732723,677.2210843216419
8733724,704.9023211264272
8734725,730.4199529779114
8735726,715.2249605154481
8736727,750.5893184365128
8737728,703.7434800845392
8738729,672.2925881551454
8739730,683.7141180715107
8740731,697.5032112767874
8741732,686.509387572955
8742733,726.1659418736182
8743734,605.8077534432746
8744735,701.2580867984749
8745736,694.3795762189911
8746737,662.1803336569465
8747738,712.282345228628
8748739,722.2955108804157
8749740,696.1362255646669
8750741,711.5129189140994
8751742,713.2376314140421
8752743,722.0827370822757
8753744,656.7924765767935
8754745,708.2250073192665
8755746,730.9711457632465
8756747,698.0615971103235
8757748,690.3952064744192
8758749,517.2323759484119
8759750,677.9864678157404
8760751,705.8791392590523
8761752,726.7928572065463
8762753,714.774051034898
8763754,713.3125112766336
8764755,39.43759172222097
8765756,715.3905155435001
8766757,711.3891376839978
8767758,96.79922856342547
8768759,710.3392624399545
8769760,706.3042610222374
8770761,251.51148846614927
8771762,711.266752907154
8772763,731.0083609957841
8773764,711.736045218856
8774765,659.2943454115377
8775766,735.1913551665897
8776767,736.4159234556605
8777768,531.7093257856365
8778769,445.7155372948927
8779770,726.8811939279965
8780771,692.4807292613586
8781772,704.1348482943594
8782773,706.0686895495229
8783774,724.6984022150824
8784775,707.1345658072623
8785776,729.8238507342087
8786777,732.5050030844535
8787778,611.2759926083195
8788779,732.1975030667975
8789780,737.6641379414788
8790781,708.2097251571424
8791782,694.2395653084117
8792783,703.3480042787205
8793784,668.2501418779126
8794785,690.8081997191283
8795786,732.0866826035021
8796787,730.4043045148346
8797788,718.7598989301829
8798789,702.208729359174
8799790,724.1859693362751
8800791,703.6986691031876
8801792,716.0530298080648
8802793,751.5723047325938
8803794,650.5173340369968
8804795,597.3983069238764
8805796,706.239148212589
8806797,720.3820756954628
8807798,61.89610765030517
8808799,739.4455496451486
8809800,733.5347993099908
8810801,684.584008075048
8811802,677.402601283624
8812803,702.9976478679006
8813804,697.3469706416973
8814805,721.2232567900423
8815806,725.7884807883934
8816807,12.44328365392402
8817808,735.8815767847275
8818809,694.3649043236243
8819810,724.414743172077
8820811,726.0832863920182
8821812,742.5747039191858
8822813,728.6556638997953
8823814,703.505484320425
8824815,22.376276155521456
8825816,722.2788418425491
8826817,664.126778327866
8827818,692.5594206347743
8828819,732.9404492270854
8829820,459.5709491064357
8830821,714.2453860549779
8831822,694.9441368716792
8832823,711.0267259515497
8833824,728.9229832988216
8834825,19.693368724823607
8835826,600.1709311075616
8836827,673.8479111920761
8837828,718.0292393069282
8838829,707.1146216241755
8839830,715.3873328597048
8840831,694.2818780616159
8841832,724.4080640260635
8842833,721.3847348397643
8843834,736.0382552944874
8844835,738.0589852121306
8845836,721.4018353148783
8846837,704.6916390478931
8847838,734.830511210944
8848839,702.5949590965039
8849840,697.270764739778
8850841,682.1234541612903
8851842,725.5107226554644
8852843,731.0700914175106
8853844,726.6107996169069
8854845,685.019328667311
8855846,723.6314099902019
8856847,707.93091727482
8857848,725.709524844666
8858849,723.8282529273328
8859850,684.6413075270932
8860851,647.4034725507752
8861852,624.6963369380377
8862853,704.9242389362435
8863854,730.6483196377743
8864855,692.7766206976388
8865856,689.9340491727187
8866857,713.2090551710761
8867858,691.9975214851935
8868859,732.8621688567242
8869860,741.0367271030821
8870861,734.7772433002701
8871862,668.8048438277808
8872863,670.775069041284
8873864,729.0124131442204
8874865,729.0342929259712
8875866,745.946237813699
8876867,739.6708615675005
8877868,517.7827281440723
8878869,731.5550586971711
8879870,689.4423388856717
8880871,729.4097502585357
8881872,697.8185027039247
8882873,679.7428197912941
8883874,718.9787667572656
8884875,649.5068174031958
8885876,713.439374841652
8886877,705.1333547493794
8887878,713.2584061276524
8888879,629.6699656293981
8889880,721.8361976974402
8890881,616.436715298926
8891882,726.1050198262117
8892883,706.5491642348197
8893884,738.2838182518966
8894885,733.4726167121402
8895886,708.4890029924094
8896887,732.6038068068258
8897888,710.7784088870629
8898889,673.5991379726821
8899890,704.9747087814184
8900891,701.9670159480352
8901892,571.0453317478429
8902893,683.6087012265068
8903894,693.2290219443349
8904895,733.6421115055261
8905896,700.243616804791
8906897,726.4636955124764
8907898,703.8997434607296
8908899,695.6645630563137
8909900,724.0867942259591
8910901,718.5123473475234
8911902,737.8721704595806
8912903,744.906153169272
8913904,721.6166764998248
8914905,73.07483751532851
8915906,710.180617596763
8916907,721.5618352208634
8917908,714.3424094348669
8918909,724.9985583848729
8919910,706.5736386327844
8920911,672.3135528970677
8921912,681.6576354527252
8922913,715.1819228869256
8923914,741.287433585533
8924915,571.9518484996241
8925916,556.4198657687008
8926917,676.0720340033678
8927918,673.6822851516238
8928919,697.2977975674403
8929920,737.9701426492458
8930921,682.9110969327065
8931922,642.7436976189734
8932923,656.0911320046641
8933924,701.6762309414502
8934925,625.198761795254
8935926,722.9393580600398
8936927,667.4562071209499
8937928,720.4873767979861
8938929,725.5943398818515
8939930,526.4592798860609
8940931,730.8613971216073
8941932,594.3453012455959
8942933,634.0439666339622
8943934,740.5272667272762
8944935,721.6712601127293
8945936,688.1534808886271
8946937,728.7836652397
8947938,735.3170764120537
8948939,694.8507156726191
8949940,15.409056877724163
8950941,722.9572398281541
8951942,686.5219724831973
8952943,38.72858965660775
8953944,743.4209423788856
8954945,717.5083422353667
8955946,723.0262518426592
8956947,659.2776671414555
8957948,689.9245212530502
8958949,707.7087925245711
8959950,726.3828018191929
8960951,703.2423498036901
8961952,647.0127576930553
8962953,686.6414341653967
8963954,722.9566955585713
8964955,724.6698377515189
8965956,709.6146221940973
8966957,668.7847090681676
8967958,721.1687509499329
8968959,581.2331980274129
8969960,723.8704905082075
8970961,711.2083007828699
8971962,661.6011784431965
8972963,124.6322082817797
8973964,718.0637222087042
8974965,721.3061110220827
8975966,722.0954030796603
8976967,682.2649948748065
8977968,724.6663416669171
8978969,641.3458858569389
8979970,731.2872255576607
8980971,589.6737695989
8981972,681.4093979427068
8982973,704.4624846054055
8983974,721.6871360659899
8984975,719.070099290356
8985976,705.8015184537502
8986977,686.1910005794115
8987978,723.4940374359657
8988979,695.9932082145333
8989980,724.9437664762011
8990981,674.9293974073212
8991982,728.3183440663622
8992983,692.3656257217832
8993984,725.6152931244152
8994985,668.9061718488116
8995986,675.2134211865557
8996987,714.4883481908956
8997988,741.7003837054191
8998989,705.7153927559791
8999990,735.4659061698352
9000991,728.003023057933
9001992,689.8946383151917
9002993,726.4449427862164
9003994,749.44805268379
9004995,713.6083888124803
9005996,50.100534900821906
9006997,686.2434820942481
9007998,716.5385649981457
9008999,689.5348979571008
9010000,705.2614304607528
9011001,711.7763104323514
9012002,718.4160818782501
9013003,528.4643600736014
9014004,710.9665783973643
9015005,51.853082626277455
9016006,700.0151662255115
9017007,696.2842392050115
9018008,700.0868133053825
9019009,746.4123045135965
9020010,708.1399074174888
9021011,728.4338899532477
9022012,711.200142965237
9023013,745.0229286145195
9024014,722.8255826622363
9025015,677.5748485102117
9026016,707.9474571039669
9027017,62.701632387434465
9028018,713.2139097407198
9029019,679.5997288324662
9030020,714.199735633338
9031021,716.2061131792163
9032022,640.481188840996
9033023,726.8709670052289
9034024,725.9044947986578
9035025,624.6884437103668
9036026,689.8398172306413
9037027,710.2907532223679
9038028,40.86450698477263
9039029,677.0577395067857
9040030,686.3676631237249
9041031,612.0664128668958
9042032,663.6725406225484
9043033,704.8738910318347
9044034,709.0108511961885
9045035,699.9861374817766
9046036,712.801335076232
9047037,586.7657779828886
9048038,707.0897778363798
9049039,692.6768323962432
9050040,701.6714266418479
9051041,711.8462789082079
9052042,717.4101841640845
9053043,692.7183300411973
9054044,723.0870731157537
9055045,708.8783808824542
9056046,711.8519986536015
9057047,750.5586189931115
9058048,733.3706704700855
9059049,683.3180971662107
9060050,682.7100597527368
9061051,740.3636218670379
9062052,686.4813378392142
9063053,652.7219799767462
9064054,696.8579469623508
9065055,713.7713144387924
9066056,651.3997707324388
9067057,14.609332920374047
9068058,739.4256842729662
9069059,675.0927932047639
9070060,741.459132013028
9071061,744.0937767064919
9072062,718.7646178152676
9073063,702.3189780765101
9074064,709.7788828426375
9075065,765.9067427856837
9076066,687.2344678759034
9077067,612.7580714706934
9078068,729.2151689274025
9079069,678.3870471369557
9080070,712.457152413451
9081071,728.7726228454842
9082072,711.1867328320504
9083073,680.6254289463085
9084074,689.661156070377
9085075,646.1784810050874
9086076,705.3199458688482
9087077,638.67526294135
9088078,706.586166385153
9089079,732.9816525530716
9090080,709.5692772273827
9091081,706.7313346035095
9092082,130.98283275866828
9093083,701.7575341995856
9094084,750.3537057280395
9095085,11.88978100383405
9096086,600.4876384266263
9097087,710.148116507433
9098088,558.8878661177305
9099089,692.6329228589977
9100090,629.2712891177353
9101091,726.1594796698536
9102092,721.4080273887707
9103093,698.9359160066964
9104094,732.7301766633302
9105095,679.6991559692909
9106096,734.0153822154348
9107097,694.6251379950465
9108098,696.7894021088204
9109099,696.0258940231435
9110100,716.7893500211799
9111101,723.1515416385145
9112102,29.068878166736027
9113103,693.620718981688
9114104,713.6845181332119
9115105,725.5896805240762
9116106,727.7207678865989
9117107,536.0948844605388
9118108,656.6452061519464
9119109,705.3180253104733
9120110,693.6834635106006
9121111,668.397202597268
9122112,661.292740431505
9123113,708.3768397694231
9124114,688.6945311235063
9125115,668.1125730082205
9126116,740.8447128581771
9127117,689.096268757097
9128118,675.1111529096438
9129119,716.62705764958
9130120,714.899628149156
9131121,745.9054250802833
9132122,660.6032913979246
9133123,720.690770616911
9134124,696.8972064413281
9135125,717.4422882996702
9136126,724.5900971437467
9137127,693.2323666896357
9138128,687.0220479445427
9139129,711.4852401308262
9140130,686.6708784422482
9141131,644.3888571170404
9142132,681.5644271620952
9143133,719.9083591626122
9144134,652.9368410075742
9145135,648.6946682281271
9146136,719.1155834296836
9147137,369.1736448897876
9148138,735.3149660774527
9149139,701.3021965600072
9150140,443.417153152208
9151141,700.2413153823712
9152142,710.6067030511416
9153143,681.3652005100441
9154144,713.1756629840601
9155145,433.06520983087086
9156146,677.1335764218421
9157147,737.7026775442782
9158148,685.5509735938904
9159149,664.3044333441072
9160150,716.2886426514646
9161151,717.9660473607461
9162152,536.3842761434283
9163153,702.653509431484
9164154,730.4109967959298
9165155,697.8474698586197
9166156,716.2385061799224
9167157,692.7828256339643
9168158,725.8252129100007
9169159,657.6355498563562
9170160,740.7503856611148
9171161,677.7711757436065
9172162,738.9331086366335
9173163,653.2529984468625
9174164,685.2147393424401
9175165,686.6456218689572
9176166,477.4273691431971
9177167,741.4102608367988
9178168,750.6912712041296
9179169,722.0017529498724
9180170,702.7222310911454
9181171,683.9159602826671
9182172,712.2131745883133
9183173,698.2345648922682
9184174,744.4523916873018
9185175,728.9552328438515
9186176,650.5114641536053
9187177,700.1633852266885
9188178,10.655798816297224
9189179,652.9001325614684
9190180,728.3095739990843
9191181,698.438456814347
9192182,719.4868784093707
9193183,709.5651494221821
9194184,536.7311385535558
9195185,712.170665111227
9196186,680.9229312972454
9197187,692.0186145132653
9198188,277.4176855405465
9199189,20.752434950619378
9200190,727.8802148986795
9201191,39.61518247813115
9202192,649.4041837147557
9203193,705.0058124967047
9204194,719.3023124457256
9205195,728.3441286184953
9206196,702.7803555122988
9207197,722.8488641051613
9208198,732.699643815539
9209199,717.4556485690941
9210200,724.6064321591173
9211201,710.5495935446785
9212202,664.6231246731687
9213203,718.5489312570755
9214204,721.3966233658355
9215205,721.6574229895346
9216206,677.9117097603779
9217207,722.1325495755734
9218208,700.0259240894414
9219209,684.3983472602391
9220210,738.8465536299482
9221211,725.3415589011602
9222212,712.8774684635596
9223213,616.9933747737009
9224214,750.817369043578
9225215,723.4433398897912
9226216,725.5576331905328
9227217,642.717192324546
9228218,691.2327075363132
9229219,727.6567973723604
9230220,720.5412957940321
9231221,664.3397234387979
9232222,348.6979118767949
9233223,710.8597215107587
9234224,701.9145552861888
9235225,671.4169749521584
9236226,567.2692512518638
9237227,701.6422164765992
9238228,554.9948416206437
9239229,729.2395189335131
9240230,14.610514928347149
9241231,730.9718428635542
9242232,677.8759854319578
9243233,707.2853461476667
9244234,628.301581289704
9245235,643.1696675511304
9246236,733.7261153044494
9247237,711.0834332702749
9248238,674.8263248389634
9249239,725.1954735304031
9250240,760.2615038057264
9251241,718.680302631413
9252242,675.0076589674761
9253243,22.72066774933646
9254244,668.0647604863611
9255245,708.5493025572429
9256246,718.1779762413089
9257247,714.9112397353678
9258248,732.1727373028206
9259249,666.0806250777824
9260250,712.592315084149
9261251,638.5341256310543
9262252,14.584009706268603
9263253,695.89552195902
9264254,741.8850634715608
9265255,653.1674508724956
9266256,157.77021036021026
9267257,677.270353828779
9268258,617.0524856514371
9269259,725.5791591508043
9270260,738.9335311153047
9271261,693.5519486191417
9272262,709.6467488040869
9273263,755.3922096383947
9274264,715.7062578374091
9275265,684.967813426837
9276266,14.189843631439553
9277267,571.0639682854924
9278268,731.181284748159
9279269,767.4282538699326
9280270,725.1903600531934
9281271,692.4505317755862
9282272,733.4179486267337
9283273,703.4335206769989
9284274,16.809084044941244
9285275,675.7789687363376
9286276,694.2393419767034
9287277,691.4267670425643
9288278,741.7988440512163
9289279,727.0443583325847
9290280,717.2281519204718
9291281,20.07862108736693
9292282,723.3694311712311
9293283,667.8481085127737
9294284,725.4090148877583
9295285,701.2113922529084
9296286,739.7074464198926
9297287,718.8581021461133
9298288,702.3572040327751
9299289,83.80482686619109
9300290,728.1993460051491
9301291,723.3778722064341
9302292,710.8544482665843
9303293,714.2757357803687
9304294,635.4564776077905
9305295,699.2052690741458
9306296,465.0234314887025
9307297,709.0217311000613
9308298,719.5609190998969
9309299,727.1570314865407
9310300,21.930283312535675
9311301,714.3069345777759
9312302,689.1699953704733
9313303,733.9608206940791
9314304,623.1209296313357
9315305,720.3141086082743
9316306,724.4304855268381
9317307,689.7451415548711
9318308,666.6366477765788
9319309,722.8144895332451
9320310,674.4343067010079
9321311,721.4638066396188
9322312,725.963312617395
9323313,728.2585516815426
9324314,711.6897857774588
9325315,684.0244678759708
9326316,700.930899352118
9327317,726.6377600365804
9328318,755.0584162903298
9329319,746.173158784004
9330320,43.0607782581268
9331321,724.3234123253992
9332322,702.2912751959277
9333323,724.3713613530274
9334324,683.263394276929
9335325,720.82201367784
9336326,680.5577245133359
9337327,702.8794447921078
9338328,638.9495362231906
9339329,712.1799363675276
9340330,712.6307718629124
9341331,648.4557151528987
9342332,682.7384055753687
9343333,709.9898506139401
9344334,715.0418047785843
9345335,706.9964373383757
9346336,604.0587325759913
9347337,745.1286226502298
9348338,693.5916200926977
9349339,708.5595856475913
9350340,699.2876497008714
9351341,748.5150116347673
9352342,724.643675697328
9353343,744.1481106304949
9354344,711.3727374526949
9355345,653.4771710281844
9356346,682.8680350313588
9357347,704.917799537486
9358348,734.0775161201921
9359349,732.5905299264565
9360350,741.7085379286814
9361351,708.4563479230533
9362352,629.8064714382951
9363353,702.7182962674533
9364354,720.7019146988573
9365355,724.2119439655166
9366356,715.7372487659067
9367357,739.5771763829082
9368358,679.3579360578311
9369359,689.8355158105147
9370360,23.272309583965253
9371361,721.87041711104
9372362,683.3912067898165
9373363,688.668736567391
9374364,724.921161171739
9375365,723.6574403836765
9376366,736.7791334402809
9377367,675.7275423417029
9378368,699.0894084184112
9379369,737.4827119955839
9380370,705.6345371355995
9381371,660.6021471859891
9382372,395.87540384111753
9383373,631.9398264242806
9384374,710.6444918536082
9385375,661.7382135141304
9386376,708.6435003746125
9387377,738.2149728893427
9388378,716.1535843648658
9389379,659.6810480317557
9390380,688.6865039548185
9391381,677.7724619081342
9392382,699.3243716919899
9393383,737.2748411643543
9394384,706.0365270423686
9395385,713.323079999374
9396386,713.1433526060448
9397387,716.0303582103088
9398388,25.25400756170174
9399389,689.5042358411323
9400390,649.3111205682541
9401391,710.6018411014645
9402392,709.7556004520992
9403393,741.4798379749998
9404394,694.4066799081572
9405395,618.1993781228667
9406396,29.974018603569274
9407397,727.8987785159067
9408398,735.2858991427503
9409399,35.888790788561145
9410400,698.148193863573
9411401,716.297046634975
9412402,710.2514504481592
9413403,705.7545791322866
9414404,620.0178928673217
9415405,708.2278364923881
9416406,713.6152334111522
9417407,689.3870762766995
9418408,763.3651525576008
9419409,664.826249047981
9420410,698.5319919588154
9421411,430.27959220290904
9422412,690.5975412373999
9423413,692.3103432203249
9424414,537.6557753832706
9425415,689.1146629292019
9426416,636.3606306435213
9427417,707.108004051297
9428418,723.706900984209
9429419,749.7951669427174
9430420,681.5991847187199
9431421,679.066080278122
9432422,699.4365234168868
9433423,715.9292359375573
9434424,704.3372058868824
9435425,720.4503186753149
9436426,742.9358488869186
9437427,705.8977669439598
9438428,711.1148592794544
9439429,623.412770263745
9440430,380.90107982730296
9441431,728.6471402800087
9442432,665.3373419721902
9443433,741.6385378273637
9444434,718.8160940705565
9445435,723.8158352792266
9446436,537.7841891829761
9447437,731.0996897652416
9448438,720.4356712591909
9449439,664.340699743231
9450440,666.709742272834
9451441,678.2325395861526
9452442,676.8060783392395
9453443,96.84594140925398
9454444,746.3168564504134
9455445,689.133258215783
9456446,747.1698424784029
9457447,709.7094945866346
9458448,664.8951677448531
9459449,703.8405037983582
9460450,709.5737583537081
9461451,12.188468356929825
9462452,677.9827345605977
9463453,722.0199947231225
9464454,710.4940792810544
9465455,706.4929880908578
9466456,44.26090871461108
9467457,721.8803457846482
9468458,730.8383696712564
9469459,684.5333046669039
9470460,718.3817279475184
9471461,721.3279403705424
9472462,727.2712412264228
9473463,35.18953674687732
9474464,681.1383623593202
9475465,707.5898252507739
9476466,634.2735623029488
9477467,733.3208697262919
9478468,671.5575354308149
9479469,691.0887058024927
9480470,742.5432550648753
9481471,701.5147413972954
9482472,725.1141018289471
9483473,714.6672001057923
9484474,690.7607156357826
9485475,720.7414063085884
9486476,755.6875976097293
9487477,740.1438107724952
9488478,714.2385939440568
9489479,692.6044986343829
9490480,722.9322902786481
9491481,684.0421252266113
9492482,657.982653203982
9493483,553.1147878701847
9494484,694.4369394686419
9495485,672.2713634367763
9496486,735.4743015654183
9497487,705.2849229325946
9498488,723.8864493744426
9499489,712.4223664501693
9500490,680.4412394558292
9501491,705.3947829005209
9502492,716.4504546166465
9503493,735.1054387881279
9504494,623.0085708859636
9505495,708.805907755352
9506496,712.1265407641345
9507497,712.4716671984364
9508498,750.7364213160515
9509499,726.7078282951278
9510500,714.6687200345841
9511501,737.5487873309406
9512502,465.5522768058871
9513503,698.8249516446073
9514504,668.2947062507235
9515505,683.2824685019079
9516506,468.0187265732609
9517507,716.0166315867648
9518508,558.0469636783292
9519509,698.7610757001132
9520510,714.1317336104335
9521511,612.2237781016036
9522512,454.22496041334614
9523513,628.5766644365717
9524514,705.670640984345
9525515,20.538774245622577
9526516,636.894889739659
9527517,720.8658369360745
9528518,730.8329874379943
9529519,759.0606489851247
9530520,721.0482432120676
9531521,640.1192967532628
9532522,706.1743388985617
9533523,708.8129437333446
9534524,718.8030120158586
9535525,688.4908211233893
9536526,664.5329994589332
9537527,723.9547164224826
9538528,726.7274290046612
9539529,709.117514919599
9540530,633.7851346300195
9541531,725.3421392388052
9542532,712.0169823628472
9543533,729.0057506653063
9544534,717.8230439694992
9545535,724.938596594827
9546536,465.4335804883914
9547537,690.8275259696834
9548538,692.2088862205085
9549539,695.0944642626017
9550540,705.7881652717916
9551541,667.0543436889612
9552542,709.7541560507835
9553543,328.37812364092065
9554544,634.4841083230235
9555545,719.6458644236029
9556546,721.7662731418841
9557547,724.266678440772
9558548,680.783408524174
9559549,690.8092558768891
9560550,709.7312436869589
9561551,698.4711512683042
9562552,721.7011274836841
9563553,649.22066454074
9564554,674.1155246562327
9565555,704.3708297068696
9566556,729.7786841656658
9567557,734.4530845203146
9568558,723.2138764477195
9569559,622.9776668933602
9570560,701.6370149697805
9571561,693.292664785838
9572562,730.3433650589383
9573563,715.2314168229605
9574564,322.3020060760029
9575565,717.4120326101432
9576566,542.6585676489655
9577567,724.7466043877688
9578568,742.8096792332666
9579569,724.3321706523337
9580570,724.6719496721512
9581571,651.4454652726913
9582572,713.9614406002314
9583573,729.1638637079762
9584574,684.9837255860673
9585575,720.7050886335691
9586576,657.579971060589
9587577,724.6138847279648
9588578,693.9511375654764
9589579,708.2724936967085
9590580,623.6330896151226
9591581,666.8142473275199
9592582,708.7258724217885
9593583,726.5937983035659
9594584,672.3739667210396
9595585,737.7601840210111
9596586,736.102197737976
9597587,655.0236291894838
9598588,726.3250325014992
9599589,689.9262420616011
9600590,647.8237736140547
9601591,688.6497658050777
9602592,610.7437460413929
9603593,715.1029851541318
9604594,141.25758100342205
9605595,764.4228076699036
9606596,743.4326653666637
9607597,602.1983789239589
9608598,729.2939685021709
9609599,709.2649615275303
9610600,714.896497743318
9611601,703.2640010741841
9612602,729.1763058931215
9613603,484.6393303001721
9614604,712.0173275390954
9615605,717.1569063440445
9616606,578.4777928204427
9617607,712.4668082162469
9618608,698.6717483980923
9619609,721.8082871075973
9620610,722.8766973532228
9621611,725.7576744392294
9622612,731.9445930340274
9623613,733.3809860201608
9624614,755.1907311613197
9625615,704.4301660495751
9626616,22.93549513223509
9627617,696.648090220688
9628618,737.260331999635
9629619,686.3451979552467
9630620,714.0147617039861
9631621,724.4879278052581
9632622,480.47625991038865
9633623,714.2138886688467
9634624,735.9547642979315
9635625,731.2448223126376
9636626,715.0212399124546
9637627,740.8592397880184
9638628,750.3716312352262
9639629,629.2028303221568
9640630,736.6593337175472
9641631,719.3808488976836
9642632,78.47445340687162
9643633,721.8456258911747
9644634,704.1034375329896
9645635,717.6286016234228
9646636,742.0446557012542
9647637,711.0036492157209
9648638,690.6224673261738
9649639,706.0935066001161
9650640,740.2571019082053
9651641,726.4339572872678
9652642,716.2551808292303
9653643,695.143092569427
9654644,685.0908385178735
9655645,605.3000902180121
9656646,687.724639785548
9657647,685.9630018438775
9658648,721.4727386145515
9659649,649.0255563739797
9660650,662.3731535460619
9661651,693.1346577913575
9662652,723.9962475585583
9663653,719.7146314042477
9664654,517.7603796241422
9665655,722.7722488461495
9666656,676.447926913887
9667657,712.3111285203277
9668658,701.9940848718743
9669659,725.548574172786
9670660,728.2826686063083
9671661,676.5000296019965
9672662,722.1486382311883
9673663,619.4028174373323
9674664,609.2196925969704
9675665,740.8402778600951
9676666,634.9561320859598
9677667,720.3798133322305
9678668,744.701365751939
9679669,747.2404360363248
9680670,694.5329122152474
9681671,728.7738435188483
9682672,618.9987922967092
9683673,728.4963375148141
9684674,614.0850189132092
9685675,715.8645729020333
9686676,729.9192812959953
9687677,749.8699272597312
9688678,739.2378243872857
9689679,646.591744533412
9690680,667.2066328580609
9691681,728.4971531810482
9692682,722.9333466316532
9693683,714.1769640570124
9694684,691.5111901541122
9695685,706.2837861802868
9696686,739.9566167717587
9697687,737.5078473348287
9698688,698.0875229530628
9699689,702.413737746719
9700690,714.0706877281314
9701691,737.7602143509005
9702692,676.4396216954207
9703693,85.42053659323865
9704694,715.0377681094145
9705695,720.0244255543407
9706696,707.4740492522021
9707697,665.4742379686749
9708698,717.497075398743
9709699,669.7486010589477
9710700,696.0463177629541
9711701,720.94124065764
9712702,634.715894724844
9713703,687.6717265745019
9714704,734.0690926322276
9715705,673.697436281346
9716706,740.6809760385439
9717707,679.2960752911947
9718708,742.2311399434451
9719709,717.5128322120322
9720710,751.3710278639109
9721711,720.6010247026682
9722712,760.8172284016663
9723713,711.4803331780727
9724714,723.5845941059453
9725715,693.71453791018
9726716,720.6901571100792
9727717,686.5318132596317
9728718,20.301467644086628
9729719,743.2514468637818
9730720,713.8728828419879
9731721,750.5086213545983
9732722,747.1816761201967
9733723,683.1717529103169
9734724,715.8985893825784
9735725,749.8809472553727
9736726,748.4646481320973
9737727,723.5493366691289
9738728,702.9580201316545
9739729,742.9919845589025
9740730,720.868491564331
9741731,743.3647721756247
9742732,662.761960215269
9743733,734.6653486739665
9744734,685.5761009848269
9745735,633.3820804140221
9746736,736.7787874341249
9747737,755.0158436468937
9748738,735.3175027457563
9749739,721.3588167498448
9750740,752.375072391738
9751741,738.9086175980603
9752742,704.7209563631842
9753743,736.0906334283119
9754744,750.2862843315568
9755745,437.02389554500854
9756746,742.6749280366203
9757747,704.9620740524538
9758748,696.2320554352345
9759749,653.4286405325578
9760750,716.7997297562573
9761751,671.9914058275226
9762752,718.8542403226255
9763753,713.497710780475
9764754,316.1392904565271
9765755,733.0554759797619
9766756,709.2682544539538
9767757,720.7049909348729
9768758,709.2311825763777
9769759,733.125704400629
9770760,693.4588405747231
9771761,729.1058961422126
9772762,680.4424203464735
9773763,714.4058457260611
9774764,737.585382343005
9775765,649.0564619332206
9776766,647.958871148473
9777767,658.4232445394271
9778768,722.4223022073083
9779769,729.1303452938063
9780770,717.4202271501651
9781771,696.1095290778471
9782772,708.718587309073
9783773,736.1861105989194
9784774,617.9831995705601
9785775,282.06528592381375
9786776,708.7445839353022
9787777,656.2100769241378
9788778,697.701055301136
9789779,745.1076305513225
9790780,730.1541588775841
9791781,710.8219310208615
9792782,19.235028341812743
9793783,720.0691057055525
9794784,749.8589902186627
9795785,728.4402600192466
9796786,728.7328299148144
9797787,748.1134114882901
9798788,657.7504078745092
9799789,734.0521670724936
9800790,587.6716223267521
9801791,726.9720199930588
9802792,39.91684518605193
9803793,739.9817566266485
9804794,704.3207625823021
9805795,525.2185132695549
9806796,713.8221106549279
9807797,291.9834043645822
9808798,734.959612808597
9809799,741.4242566549407
9810800,736.5477490342644
9811801,736.5229606252844
9812802,679.860650664393
9813803,729.3006566315296
9814804,734.2001873685891
9815805,743.2921803036057
9816806,761.659038490659
9817807,735.8113903483253
9818808,716.5562774089432
9819809,734.8756943184154
9820810,724.6903599458288
9821811,700.0193250069555
9822812,646.0672625477073
9823813,657.6934448022885
9824814,703.3644384764534
9825815,698.5693385404223
9826816,716.0543824311911
9827817,334.7102321927681
9828818,735.14467775458
9829819,719.0779242326346
9830820,665.5372348700954
9831821,730.2878055492986
9832822,732.5239127044631
9833823,725.7074032052985
9834824,693.8615687964304
9835825,723.3690420992604
9836826,656.3943429542354
9837827,662.8873976788051
9838828,717.1207543914122
9839829,713.9923710945168
9840830,653.9344537521653
9841831,702.0264451145978
9842832,706.8195206279421
9843833,715.5455710100351
9844834,736.6904304253153
9845835,743.1684669799807
9846836,659.6558602843332
9847837,729.8278076158739
9848838,742.3165700506679
9849839,690.0290005262303
9850840,696.5447649438236
9851841,732.0829114064054
9852842,716.1571940821138
9853843,702.3776220102586
9854844,755.3989502562869
9855845,697.9188837365434
9856846,704.4072603327195
9857847,719.0846311884778
9858848,707.1753381741511
9859849,699.9332203224403
9860850,742.6378949900409
9861851,562.0025984032525
9862852,701.4289381952063
9863853,29.43992826763487
9864854,733.6929141582514
9865855,696.4855843638678
9866856,706.9618239307082
9867857,679.1954714354545
9868858,705.0259102777386
9869859,716.5402596589686
9870860,732.8473580919916
9871861,631.1519013502739
9872862,694.655233155121
9873863,704.4781866385874
9874864,741.2140452157164
9875865,738.2391611234034
9876866,293.53080059775806
9877867,678.5135306887476
9878868,671.539725959025
9879869,626.8919287353045
9880870,649.7370088934431
9881871,730.7466060409142
9882872,721.2431098414778
9883873,642.7027154253678
9884874,744.3818727658871
9885875,715.728971038721
9886876,704.8249733915733
9887877,711.4172014955095
9888878,717.9225078425249
9889879,272.8728313953774
9890880,741.7757540553416
9891881,642.511541898309
9892882,722.8081755321793
9893883,755.8025538739115
9894884,610.1874552280509
9895885,721.0876840723818
9896886,754.2395160689553
9897887,742.6477126654354
9898888,692.388448212403
9899889,705.5938833876718
9900890,739.6335445781465
9901891,707.388914642417
9902892,48.55766437608628
9903893,741.3465014494416
9904894,744.946789553457
9905895,701.3039903333633
9906896,631.949396816667
9907897,712.4935608857154
9908898,726.7473731816826
9909899,681.9431028505172
9910900,737.4344256207521
9911901,697.7231122114619
9912902,700.4858665957518
9913903,590.0392602801865
9914904,738.0481584272786
9915905,659.2787195834036
9916906,710.7183285798759
9917907,669.5832735054775
9918908,736.4778013498209
9919909,695.9345699822246
9920910,710.9354699302709
9921911,391.53355006244385
9922912,719.3649629582185
9923913,705.4177824396708
9924914,639.6686303926969
9925915,718.0749599309861
9926916,33.0738413949338
9927917,680.9185890006951
9928918,31.497287783001767
9929919,720.322725492352
9930920,721.667835192992
9931921,615.5355870719887
9932922,697.9285008280195
9933923,713.5052901386733
9934924,612.6529405790259
9935925,17.64319405892652
9936926,629.6535496180312
9937927,705.3074452833558
9938928,639.5360811440617
9939929,690.4341894326227
9940930,666.2694598237191
9941931,725.7823255447693
9942932,693.5859383572063
9943933,626.2666560629116
9944934,725.8611043869688
9945935,698.0262828605661
9946936,656.7839011535143
9947937,737.5108877743286
9948938,683.8775736480225
9949939,737.742317116146
9950940,687.0445832915018
9951941,34.339076343313444
9952942,710.7191768862908
9953943,627.4506930565028
9954944,655.0838202494505
9955945,732.4509031157412
9956946,730.6537732797481
9957947,724.4002074449961
9958948,722.9896396094905
9959949,19.403748452099556
9960950,12.376495630770254
9961951,14.371103342596538
9962952,707.2592821304223
9963953,648.8014796972445
9964954,682.5929778194502
9965955,615.5754494502639
9966956,725.0115033310759
9967957,713.7828957990631
9968958,717.3800693520686
9969959,681.7784277362061
9970960,712.6444645343245
9971961,725.6770333625487
9972962,636.7160557623139
9973963,677.6322421146814
9974964,700.5141164149695
9975965,719.2043261305782
9976966,708.0040860339208
9977967,724.4526514374498
9978968,711.8563385161808
9979969,707.953942056848
9980970,729.2883821969173
9981971,730.5106645563556
9982972,729.1013019587951
9983973,631.0998393881359
9984974,715.6417233260053
9985975,669.3680621232304
9986976,736.0315272744804
9987977,673.2989212102369
9988978,733.1151688683274
9989979,731.592859790254
9990980,476.6459277294742
9991981,698.8002238688875
9992982,730.4241920719578
9993983,631.209874508811
